rank,title,main_artist,featured_artists,album,release_date,release_year,genres,languages,composer,anime_title,anime_popularity,screen_work,vtuber,is_original,metric_name,metric_value,metric_unit,listen_count,listen_source,view_count,overall_popularity_score,spotify_track_id,musicbrainz_recording_mbid,isrc,source_url,retrieved_at,source_notes,extra
1,Shape of You,Ed Sheeran,[],,,,[],"[""und""]",,,,,,,spotify_country_chart_streams,1196372.0,streams,1196372,Spotify regional daily chart (Kworb aggregate),,,7qiZfU4dY1lWllzX7mPBI3,,,https://kworb.net/spotify/country/mt_weekly_totals.html,2026-10-02,"Exact aggregate of streams observed while this recording was inside Spotify's daily Top 200 for Malta, as aggregated by Kworb from Spotify chart data. Streams earned outside the chart are not included. Chart coverage on the source page: 2014-01-12 through 2020-07-02.","{""country_code"":""MT"",""country_name"":""Malta"",""chart_coverage_start"":""2014-01-12"",""chart_coverage_end"":""2020-07-02"",""days_on_chart"":161,""top10_days"":22,""peak_rank"":1,""peak_occurrences"":15,""peak_daily_streams"":35704,""metric_scope"":""country-specific Spotify daily Top 200 chart-attributed streams"",""alternate_metrics"":[{""metric_name"":""spotify_country_chart_streams"",""metric_value"":1636.0,""metric_unit"":""streams"",""listen_count"":1636,""view_count"":null,""source_url"":""https://kworb.net/spotify/country/mt_weekly_totals.html"",""retrieved_at"":""2026-10-02""}],""merged_sources"":[""https://kworb.net/spotify/country/mt_weekly_totals.html""],""country_rank"":1}"
2,rockstar,Post Malone,[],,,,[],"[""und""]",,,,,,,spotify_country_chart_streams,975494.0,streams,975494,Spotify regional daily chart (Kworb aggregate),,,0e7ipj03S05BNilyu5bRzt,,,https://kworb.net/spotify/country/mt_weekly_totals.html,2026-10-02,"Exact aggregate of streams observed while this recording was inside Spotify's daily Top 200 for Malta, as aggregated by Kworb from Spotify chart data. Streams earned outside the chart are not included. Chart coverage on the source page: 2014-01-12 through 2020-07-02.","{""country_code"":""MT"",""country_name"":""Malta"",""chart_coverage_start"":""2014-01-12"",""chart_coverage_end"":""2020-07-02"",""days_on_chart"":146,""top10_days"":24,""peak_rank"":1,""peak_occurrences"":16,""peak_daily_streams"":26764,""metric_scope"":""country-specific Spotify daily Top 200 chart-attributed streams"",""country_rank"":2}"
3,Dance Monkey,Tones And I,[],,,,[],"[""und""]",,,,,,,spotify_country_chart_streams,940644.0,streams,940644,Spotify regional daily chart (Kworb aggregate),,,1rgnBhdG2JDFTbYkYRZAku,,,https://kworb.net/spotify/country/mt_weekly_totals.html,2026-10-02,"Exact aggregate of streams observed while this recording was inside Spotify's daily Top 200 for Malta, as aggregated by Kworb from Spotify chart data. Streams earned outside the chart are not included. Chart coverage on the source page: 2014-01-12 through 2020-07-02.","{""country_code"":""MT"",""country_name"":""Malta"",""chart_coverage_start"":""2014-01-12"",""chart_coverage_end"":""2020-07-02"",""days_on_chart"":50,""top10_days"":35,""peak_rank"":1,""peak_occurrences"":15,""peak_daily_streams"":55591,""metric_scope"":""country-specific Spotify daily Top 200 chart-attributed streams"",""country_rank"":3}"
4,Someone You Loved,Lewis Capaldi,[],,,,[],"[""und""]",,,,,,,spotify_country_chart_streams,792109.0,streams,792109,Spotify regional daily chart (Kworb aggregate),,,7qEHsqek33rTcFNT9PFqLf,,,https://kworb.net/spotify/country/mt_weekly_totals.html,2026-10-02,"Exact aggregate of streams observed while this recording was inside Spotify's daily Top 200 for Malta, as aggregated by Kworb from Spotify chart data. Streams earned outside the chart are not included. Chart coverage on the source page: 2014-01-12 through 2020-07-02.","{""country_code"":""MT"",""country_name"":""Malta"",""chart_coverage_start"":""2014-01-12"",""chart_coverage_end"":""2020-07-02"",""days_on_chart"":80,""top10_days"":34,""peak_rank"":4,""peak_occurrences"":null,""peak_daily_streams"":16899,""metric_scope"":""country-specific Spotify daily Top 200 chart-attributed streams"",""country_rank"":4}"
5,Something Just Like This,The Chainsmokers,[],,,,[],"[""und""]",,,,,,,spotify_country_chart_streams,735009.0,streams,735009,Spotify regional daily chart (Kworb aggregate),,,6RUKPb4LETWmmr3iAEQktW,,,https://kworb.net/spotify/country/mt_weekly_totals.html,2026-10-02,"Exact aggregate of streams observed while this recording was inside Spotify's daily Top 200 for Malta, as aggregated by Kworb from Spotify chart data. Streams earned outside the chart are not included. Chart coverage on the source page: 2014-01-12 through 2020-07-02.","{""country_code"":""MT"",""country_name"":""Malta"",""chart_coverage_start"":""2014-01-12"",""chart_coverage_end"":""2020-07-02"",""days_on_chart"":140,""top10_days"":12,""peak_rank"":2,""peak_occurrences"":8,""peak_daily_streams"":31059,""metric_scope"":""country-specific Spotify daily Top 200 chart-attributed streams"",""country_rank"":5}"
6,Shallow,Lady Gaga,[],,,,[],"[""und""]",,,,,,,spotify_country_chart_streams,699227.0,streams,699227,Spotify regional daily chart (Kworb aggregate),,,2VxeLyX666F8uXCJ0dZF8B,,,https://kworb.net/spotify/country/mt_weekly_totals.html,2026-10-02,"Exact aggregate of streams observed while this recording was inside Spotify's daily Top 200 for Malta, as aggregated by Kworb from Spotify chart data. Streams earned outside the chart are not included. Chart coverage on the source page: 2014-01-12 through 2020-07-02.","{""country_code"":""MT"",""country_name"":""Malta"",""chart_coverage_start"":""2014-01-12"",""chart_coverage_end"":""2020-07-02"",""days_on_chart"":92,""top10_days"":18,""peak_rank"":1,""peak_occurrences"":1,""peak_daily_streams"":22815,""metric_scope"":""country-specific Spotify daily Top 200 chart-attributed streams"",""country_rank"":6}"
7,Señorita,Shawn Mendes,[],,,,[],"[""und""]",,,,,,,spotify_country_chart_streams,692208.0,streams,692208,Spotify regional daily chart (Kworb aggregate),,,6v3KW9xbzN5yKLt9YKDYA2,,,https://kworb.net/spotify/country/mt_weekly_totals.html,2026-10-02,"Exact aggregate of streams observed while this recording was inside Spotify's daily Top 200 for Malta, as aggregated by Kworb from Spotify chart data. Streams earned outside the chart are not included. Chart coverage on the source page: 2014-01-12 through 2020-07-02.","{""country_code"":""MT"",""country_name"":""Malta"",""chart_coverage_start"":""2014-01-12"",""chart_coverage_end"":""2020-07-02"",""days_on_chart"":54,""top10_days"":16,""peak_rank"":1,""peak_occurrences"":11,""peak_daily_streams"":43618,""metric_scope"":""country-specific Spotify daily Top 200 chart-attributed streams"",""country_rank"":7}"
8,Say You Won't Let Go,James Arthur,[],,,,[],"[""und""]",,,,,,,spotify_country_chart_streams,677383.0,streams,677383,Spotify regional daily chart (Kworb aggregate),,,5uCax9HTNlzGybIStD3vDh,,,https://kworb.net/spotify/country/mt_weekly_totals.html,2026-10-02,"Exact aggregate of streams observed while this recording was inside Spotify's daily Top 200 for Malta, as aggregated by Kworb from Spotify chart data. Streams earned outside the chart are not included. Chart coverage on the source page: 2014-01-12 through 2020-07-02.","{""country_code"":""MT"",""country_name"":""Malta"",""chart_coverage_start"":""2014-01-12"",""chart_coverage_end"":""2020-07-02"",""days_on_chart"":183,""top10_days"":17,""peak_rank"":3,""peak_occurrences"":2,""peak_daily_streams"":12664,""metric_scope"":""country-specific Spotify daily Top 200 chart-attributed streams"",""country_rank"":8}"
9,bad guy,Billie Eilish,[],,,,[],"[""und""]",,,,,,,spotify_country_chart_streams,659694.0,streams,659694,Spotify regional daily chart (Kworb aggregate),,,2Fxmhks0bxGSBdJ92vM42m,,,https://kworb.net/spotify/country/mt_weekly_totals.html,2026-10-02,"Exact aggregate of streams observed while this recording was inside Spotify's daily Top 200 for Malta, as aggregated by Kworb from Spotify chart data. Streams earned outside the chart are not included. Chart coverage on the source page: 2014-01-12 through 2020-07-02.","{""country_code"":""MT"",""country_name"":""Malta"",""chart_coverage_start"":""2014-01-12"",""chart_coverage_end"":""2020-07-02"",""days_on_chart"":66,""top10_days"":17,""peak_rank"":1,""peak_occurrences"":8,""peak_daily_streams"":27461,""metric_scope"":""country-specific Spotify daily Top 200 chart-attributed streams"",""alternate_metrics"":[{""metric_name"":""spotify_country_chart_streams"",""metric_value"":49327.0,""metric_unit"":""streams"",""listen_count"":49327,""view_count"":null,""source_url"":""https://kworb.net/spotify/country/mt_weekly_totals.html"",""retrieved_at"":""2026-10-02""}],""merged_sources"":[""https://kworb.net/spotify/country/mt_weekly_totals.html""],""country_rank"":9}"
10,Havana,Camila Cabello,[],,,,[],"[""und""]",,,,,,,spotify_country_chart_streams,657493.0,streams,657493,Spotify regional daily chart (Kworb aggregate),,,1rfofaqEpACxVEHIZBJe6W,,,https://kworb.net/spotify/country/mt_weekly_totals.html,2026-10-02,"Exact aggregate of streams observed while this recording was inside Spotify's daily Top 200 for Malta, as aggregated by Kworb from Spotify chart data. Streams earned outside the chart are not included. Chart coverage on the source page: 2014-01-12 through 2020-07-02.","{""country_code"":""MT"",""country_name"":""Malta"",""chart_coverage_start"":""2014-01-12"",""chart_coverage_end"":""2020-07-02"",""days_on_chart"":90,""top10_days"":25,""peak_rank"":2,""peak_occurrences"":6,""peak_daily_streams"":22921,""metric_scope"":""country-specific Spotify daily Top 200 chart-attributed streams"",""country_rank"":10}"
11,Sunflower - Spider-Man: Into the Spider-Verse,Post Malone,[],,,,[],"[""und""]",,,,,,,spotify_country_chart_streams,651076.0,streams,651076,Spotify regional daily chart (Kworb aggregate),,,0RiRZpuVRbi7oqRdSMwhQY,,,https://kworb.net/spotify/country/mt_weekly_totals.html,2026-10-02,"Exact aggregate of streams observed while this recording was inside Spotify's daily Top 200 for Malta, as aggregated by Kworb from Spotify chart data. Streams earned outside the chart are not included. Chart coverage on the source page: 2014-01-12 through 2020-07-02.","{""country_code"":""MT"",""country_name"":""Malta"",""chart_coverage_start"":""2014-01-12"",""chart_coverage_end"":""2020-07-02"",""days_on_chart"":89,""top10_days"":13,""peak_rank"":3,""peak_occurrences"":1,""peak_daily_streams"":16621,""metric_scope"":""country-specific Spotify daily Top 200 chart-attributed streams"",""country_rank"":11}"
12,New Rules,Dua Lipa,[],,,,[],"[""und""]",,,,,,,spotify_country_chart_streams,641671.0,streams,641671,Spotify regional daily chart (Kworb aggregate),,,2ekn2ttSfGqwhhate0LSR0,,,https://kworb.net/spotify/country/mt_weekly_totals.html,2026-10-02,"Exact aggregate of streams observed while this recording was inside Spotify's daily Top 200 for Malta, as aggregated by Kworb from Spotify chart data. Streams earned outside the chart are not included. Chart coverage on the source page: 2014-01-12 through 2020-07-02.","{""country_code"":""MT"",""country_name"":""Malta"",""chart_coverage_start"":""2014-01-12"",""chart_coverage_end"":""2020-07-02"",""days_on_chart"":92,""top10_days"":21,""peak_rank"":2,""peak_occurrences"":3,""peak_daily_streams"":18647,""metric_scope"":""country-specific Spotify daily Top 200 chart-attributed streams"",""country_rank"":12}"
13,Believer,Imagine Dragons,[],,,,[],"[""und""]",,,,,,,spotify_country_chart_streams,615957.0,streams,615957,Spotify regional daily chart (Kworb aggregate),,,0pqnGHJpmpxLKifKRmU6WP,,,https://kworb.net/spotify/country/mt_weekly_totals.html,2026-10-02,"Exact aggregate of streams observed while this recording was inside Spotify's daily Top 200 for Malta, as aggregated by Kworb from Spotify chart data. Streams earned outside the chart are not included. Chart coverage on the source page: 2014-01-12 through 2020-07-02.","{""country_code"":""MT"",""country_name"":""Malta"",""chart_coverage_start"":""2014-01-12"",""chart_coverage_end"":""2020-07-02"",""days_on_chart"":153,""top10_days"":2,""peak_rank"":9,""peak_occurrences"":null,""peak_daily_streams"":12877,""metric_scope"":""country-specific Spotify daily Top 200 chart-attributed streams"",""country_rank"":13}"
14,Blinding Lights,The Weeknd,[],,,,[],"[""und""]",,,,,,,spotify_country_chart_streams,602983.0,streams,602983,Spotify regional daily chart (Kworb aggregate),,,0VjIjW4GlUZAMYd2vXMi3b,,,https://kworb.net/spotify/country/mt_weekly_totals.html,2026-10-02,"Exact aggregate of streams observed while this recording was inside Spotify's daily Top 200 for Malta, as aggregated by Kworb from Spotify chart data. Streams earned outside the chart are not included. Chart coverage on the source page: 2014-01-12 through 2020-07-02.","{""country_code"":""MT"",""country_name"":""Malta"",""chart_coverage_start"":""2014-01-12"",""chart_coverage_end"":""2020-07-02"",""days_on_chart"":31,""top10_days"":30,""peak_rank"":1,""peak_occurrences"":9,""peak_daily_streams"":27811,""metric_scope"":""country-specific Spotify daily Top 200 chart-attributed streams"",""country_rank"":14}"
15,One Dance,Drake,[],,,,[],"[""und""]",,,,,,,spotify_country_chart_streams,596829.0,streams,596829,Spotify regional daily chart (Kworb aggregate),,,1zi7xx7UVEFkmKfv06H8x0,,,https://kworb.net/spotify/country/mt_weekly_totals.html,2026-10-02,"Exact aggregate of streams observed while this recording was inside Spotify's daily Top 200 for Malta, as aggregated by Kworb from Spotify chart data. Streams earned outside the chart are not included. Chart coverage on the source page: 2014-01-12 through 2020-07-02.","{""country_code"":""MT"",""country_name"":""Malta"",""chart_coverage_start"":""2014-01-12"",""chart_coverage_end"":""2020-07-02"",""days_on_chart"":98,""top10_days"":22,""peak_rank"":1,""peak_occurrences"":13,""peak_daily_streams"":20236,""metric_scope"":""country-specific Spotify daily Top 200 chart-attributed streams"",""country_rank"":15}"
16,Perfect,Ed Sheeran,[],,,,[],"[""und""]",,,,,,,spotify_country_chart_streams,593114.0,streams,593114,Spotify regional daily chart (Kworb aggregate),,,0tgVpDi06FyKpA1z0VMD4v,,,https://kworb.net/spotify/country/mt_weekly_totals.html,2026-10-02,"Exact aggregate of streams observed while this recording was inside Spotify's daily Top 200 for Malta, as aggregated by Kworb from Spotify chart data. Streams earned outside the chart are not included. Chart coverage on the source page: 2014-01-12 through 2020-07-02.","{""country_code"":""MT"",""country_name"":""Malta"",""chart_coverage_start"":""2014-01-12"",""chart_coverage_end"":""2020-07-02"",""days_on_chart"":147,""top10_days"":3,""peak_rank"":6,""peak_occurrences"":null,""peak_daily_streams"":13766,""metric_scope"":""country-specific Spotify daily Top 200 chart-attributed streams"",""country_rank"":16}"
17,Thunder,Imagine Dragons,[],,,,[],"[""und""]",,,,,,,spotify_country_chart_streams,590417.0,streams,590417,Spotify regional daily chart (Kworb aggregate),,,0tKcYR2II1VCQWT79i5NrW,,,https://kworb.net/spotify/country/mt_weekly_totals.html,2026-10-02,"Exact aggregate of streams observed while this recording was inside Spotify's daily Top 200 for Malta, as aggregated by Kworb from Spotify chart data. Streams earned outside the chart are not included. Chart coverage on the source page: 2014-01-12 through 2020-07-02.","{""country_code"":""MT"",""country_name"":""Malta"",""chart_coverage_start"":""2014-01-12"",""chart_coverage_end"":""2020-07-02"",""days_on_chart"":119,""top10_days"":5,""peak_rank"":9,""peak_occurrences"":null,""peak_daily_streams"":14732,""metric_scope"":""country-specific Spotify daily Top 200 chart-attributed streams"",""country_rank"":17}"
18,Youngblood,5 Seconds of Summer,[],,,,[],"[""und""]",,,,,,,spotify_country_chart_streams,582853.0,streams,582853,Spotify regional daily chart (Kworb aggregate),,,2iUXsYOEPhVqEBwsqP70rE,,,https://kworb.net/spotify/country/mt_weekly_totals.html,2026-10-02,"Exact aggregate of streams observed while this recording was inside Spotify's daily Top 200 for Malta, as aggregated by Kworb from Spotify chart data. Streams earned outside the chart are not included. Chart coverage on the source page: 2014-01-12 through 2020-07-02.","{""country_code"":""MT"",""country_name"":""Malta"",""chart_coverage_start"":""2014-01-12"",""chart_coverage_end"":""2020-07-02"",""days_on_chart"":115,""top10_days"":4,""peak_rank"":7,""peak_occurrences"":null,""peak_daily_streams"":15128,""metric_scope"":""country-specific Spotify daily Top 200 chart-attributed streams"",""country_rank"":18}"
19,Circles,Post Malone,[],,,,[],"[""und""]",,,,,,,spotify_country_chart_streams,573707.0,streams,573707,Spotify regional daily chart (Kworb aggregate),,,21jGcNKet2qwijlDFuPiPb,,,https://kworb.net/spotify/country/mt_weekly_totals.html,2026-10-02,"Exact aggregate of streams observed while this recording was inside Spotify's daily Top 200 for Malta, as aggregated by Kworb from Spotify chart data. Streams earned outside the chart are not included. Chart coverage on the source page: 2014-01-12 through 2020-07-02.","{""country_code"":""MT"",""country_name"":""Malta"",""chart_coverage_start"":""2014-01-12"",""chart_coverage_end"":""2020-07-02"",""days_on_chart"":44,""top10_days"":21,""peak_rank"":1,""peak_occurrences"":4,""peak_daily_streams"":22291,""metric_scope"":""country-specific Spotify daily Top 200 chart-attributed streams"",""country_rank"":19}"
20,Eastside,benny blanco,[],,,,[],"[""und""]",,,,,,,spotify_country_chart_streams,570482.0,streams,570482,Spotify regional daily chart (Kworb aggregate),,,7FGq80cy8juXBCD2nrqdWU,,,https://kworb.net/spotify/country/mt_weekly_totals.html,2026-10-02,"Exact aggregate of streams observed while this recording was inside Spotify's daily Top 200 for Malta, as aggregated by Kworb from Spotify chart data. Streams earned outside the chart are not included. Chart coverage on the source page: 2014-01-12 through 2020-07-02.","{""country_code"":""MT"",""country_name"":""Malta"",""chart_coverage_start"":""2014-01-12"",""chart_coverage_end"":""2020-07-02"",""days_on_chart"":102,""top10_days"":11,""peak_rank"":2,""peak_occurrences"":1,""peak_daily_streams"":16944,""metric_scope"":""country-specific Spotify daily Top 200 chart-attributed streams"",""country_rank"":20}"
21,Closer,The Chainsmokers,[],,,,[],"[""und""]",,,,,,,spotify_country_chart_streams,566166.0,streams,566166,Spotify regional daily chart (Kworb aggregate),,,7BKLCZ1jbUBVqRi2FVlTVw,,,https://kworb.net/spotify/country/mt_weekly_totals.html,2026-10-02,"Exact aggregate of streams observed while this recording was inside Spotify's daily Top 200 for Malta, as aggregated by Kworb from Spotify chart data. Streams earned outside the chart are not included. Chart coverage on the source page: 2014-01-12 through 2020-07-02.","{""country_code"":""MT"",""country_name"":""Malta"",""chart_coverage_start"":""2014-01-12"",""chart_coverage_end"":""2020-07-02"",""days_on_chart"":84,""top10_days"":22,""peak_rank"":1,""peak_occurrences"":5,""peak_daily_streams"":22623,""metric_scope"":""country-specific Spotify daily Top 200 chart-attributed streams"",""country_rank"":21}"
22,Better Now,Post Malone,[],,,,[],"[""und""]",,,,,,,spotify_country_chart_streams,565617.0,streams,565617,Spotify regional daily chart (Kworb aggregate),,,7dt6x5M1jzdTEt8oCbisTK,,,https://kworb.net/spotify/country/mt_weekly_totals.html,2026-10-02,"Exact aggregate of streams observed while this recording was inside Spotify's daily Top 200 for Malta, as aggregated by Kworb from Spotify chart data. Streams earned outside the chart are not included. Chart coverage on the source page: 2014-01-12 through 2020-07-02.","{""country_code"":""MT"",""country_name"":""Malta"",""chart_coverage_start"":""2014-01-12"",""chart_coverage_end"":""2020-07-02"",""days_on_chart"":98,""top10_days"":9,""peak_rank"":2,""peak_occurrences"":2,""peak_daily_streams"":21880,""metric_scope"":""country-specific Spotify daily Top 200 chart-attributed streams"",""country_rank"":22}"
23,Despacito - Remix,Luis Fonsi,[],,,,[],"[""und""]",,,,,,,spotify_country_chart_streams,565334.0,streams,565334,Spotify regional daily chart (Kworb aggregate),,,5CtI0qwDJkDQGwXD1H1cLb,,,https://kworb.net/spotify/country/mt_weekly_totals.html,2026-10-02,"Exact aggregate of streams observed while this recording was inside Spotify's daily Top 200 for Malta, as aggregated by Kworb from Spotify chart data. Streams earned outside the chart are not included. Chart coverage on the source page: 2014-01-12 through 2020-07-02.","{""country_code"":""MT"",""country_name"":""Malta"",""chart_coverage_start"":""2014-01-12"",""chart_coverage_end"":""2020-07-02"",""days_on_chart"":49,""top10_days"":18,""peak_rank"":1,""peak_occurrences"":14,""peak_daily_streams"":36387,""metric_scope"":""country-specific Spotify daily Top 200 chart-attributed streams"",""country_rank"":23}"
24,Sweet but Psycho,Ava Max,[],,,,[],"[""und""]",,,,,,,spotify_country_chart_streams,561976.0,streams,561976,Spotify regional daily chart (Kworb aggregate),,,25sgk305KZfyuqVBQIahim,,,https://kworb.net/spotify/country/mt_weekly_totals.html,2026-10-02,"Exact aggregate of streams observed while this recording was inside Spotify's daily Top 200 for Malta, as aggregated by Kworb from Spotify chart data. Streams earned outside the chart are not included. Chart coverage on the source page: 2014-01-12 through 2020-07-02.","{""country_code"":""MT"",""country_name"":""Malta"",""chart_coverage_start"":""2014-01-12"",""chart_coverage_end"":""2020-07-02"",""days_on_chart"":93,""top10_days"":6,""peak_rank"":1,""peak_occurrences"":2,""peak_daily_streams"":17187,""metric_scope"":""country-specific Spotify daily Top 200 chart-attributed streams"",""country_rank"":24}"
25,Lucid Dreams,Juice WRLD,[],,,,[],"[""und""]",,,,,,,spotify_country_chart_streams,561862.0,streams,561862,Spotify regional daily chart (Kworb aggregate),,,285pBltuF7vW8TeWk8hdRR,,,https://kworb.net/spotify/country/mt_weekly_totals.html,2026-10-02,"Exact aggregate of streams observed while this recording was inside Spotify's daily Top 200 for Malta, as aggregated by Kworb from Spotify chart data. Streams earned outside the chart are not included. Chart coverage on the source page: 2014-01-12 through 2020-07-02.","{""country_code"":""MT"",""country_name"":""Malta"",""chart_coverage_start"":""2014-01-12"",""chart_coverage_end"":""2020-07-02"",""days_on_chart"":110,""top10_days"":4,""peak_rank"":8,""peak_occurrences"":null,""peak_daily_streams"":16014,""metric_scope"":""country-specific Spotify daily Top 200 chart-attributed streams"",""country_rank"":25}"
26,One Kiss,Calvin Harris,[],,,,[],"[""und""]",,,,,,,spotify_country_chart_streams,561822.0,streams,561822,Spotify regional daily chart (Kworb aggregate),,,7ef4DlsgrMEH11cDZd32M6,,,https://kworb.net/spotify/country/mt_weekly_totals.html,2026-10-02,"Exact aggregate of streams observed while this recording was inside Spotify's daily Top 200 for Malta, as aggregated by Kworb from Spotify chart data. Streams earned outside the chart are not included. Chart coverage on the source page: 2014-01-12 through 2020-07-02.","{""country_code"":""MT"",""country_name"":""Malta"",""chart_coverage_start"":""2014-01-12"",""chart_coverage_end"":""2020-07-02"",""days_on_chart"":77,""top10_days"":16,""peak_rank"":1,""peak_occurrences"":8,""peak_daily_streams"":24257,""metric_scope"":""country-specific Spotify daily Top 200 chart-attributed streams"",""country_rank"":26}"
27,Taste,Tyga,[],,,,[],"[""und""]",,,,,,,spotify_country_chart_streams,559120.0,streams,559120,Spotify regional daily chart (Kworb aggregate),,,5IaHrVsrferBYDm0bDyABy,,,https://kworb.net/spotify/country/mt_weekly_totals.html,2026-10-02,"Exact aggregate of streams observed while this recording was inside Spotify's daily Top 200 for Malta, as aggregated by Kworb from Spotify chart data. Streams earned outside the chart are not included. Chart coverage on the source page: 2014-01-12 through 2020-07-02.","{""country_code"":""MT"",""country_name"":""Malta"",""chart_coverage_start"":""2014-01-12"",""chart_coverage_end"":""2020-07-02"",""days_on_chart"":111,""top10_days"":7,""peak_rank"":7,""peak_occurrences"":null,""peak_daily_streams"":15560,""metric_scope"":""country-specific Spotify daily Top 200 chart-attributed streams"",""country_rank"":27}"
28,Starboy,The Weeknd,[],,,,[],"[""und""]",,,,,,,spotify_country_chart_streams,552547.0,streams,552547,Spotify regional daily chart (Kworb aggregate),,,7MXVkk9YMctZqd1Srtv4MB,,,https://kworb.net/spotify/country/mt_weekly_totals.html,2026-10-02,"Exact aggregate of streams observed while this recording was inside Spotify's daily Top 200 for Malta, as aggregated by Kworb from Spotify chart data. Streams earned outside the chart are not included. Chart coverage on the source page: 2014-01-12 through 2020-07-02.","{""country_code"":""MT"",""country_name"":""Malta"",""chart_coverage_start"":""2014-01-12"",""chart_coverage_end"":""2020-07-02"",""days_on_chart"":97,""top10_days"":19,""peak_rank"":1,""peak_occurrences"":13,""peak_daily_streams"":19750,""metric_scope"":""country-specific Spotify daily Top 200 chart-attributed streams"",""country_rank"":28}"
29,Happier,Marshmello,[],,,,[],"[""und""]",,,,,,,spotify_country_chart_streams,550397.0,streams,550397,Spotify regional daily chart (Kworb aggregate),,,2dpaYNEQHiRxtZbfNsse99,,,https://kworb.net/spotify/country/mt_weekly_totals.html,2026-10-02,"Exact aggregate of streams observed while this recording was inside Spotify's daily Top 200 for Malta, as aggregated by Kworb from Spotify chart data. Streams earned outside the chart are not included. Chart coverage on the source page: 2014-01-12 through 2020-07-02.","{""country_code"":""MT"",""country_name"":""Malta"",""chart_coverage_start"":""2014-01-12"",""chart_coverage_end"":""2020-07-02"",""days_on_chart"":98,""top10_days"":10,""peak_rank"":2,""peak_occurrences"":1,""peak_daily_streams"":18235,""metric_scope"":""country-specific Spotify daily Top 200 chart-attributed streams"",""country_rank"":29}"
30,Unforgettable,French Montana,[],,,,[],"[""und""]",,,,,,,spotify_country_chart_streams,540458.0,streams,540458,Spotify regional daily chart (Kworb aggregate),,,3B54sVLJ402zGa6Xm4YGNe,,,https://kworb.net/spotify/country/mt_weekly_totals.html,2026-10-02,"Exact aggregate of streams observed while this recording was inside Spotify's daily Top 200 for Malta, as aggregated by Kworb from Spotify chart data. Streams earned outside the chart are not included. Chart coverage on the source page: 2014-01-12 through 2020-07-02.","{""country_code"":""MT"",""country_name"":""Malta"",""chart_coverage_start"":""2014-01-12"",""chart_coverage_end"":""2020-07-02"",""days_on_chart"":93,""top10_days"":13,""peak_rank"":3,""peak_occurrences"":2,""peak_daily_streams"":16718,""metric_scope"":""country-specific Spotify daily Top 200 chart-attributed streams"",""country_rank"":30}"
31,Taki Taki,DJ Snake,[],,,,[],"[""und""]",,,,,,,spotify_country_chart_streams,535394.0,streams,535394,Spotify regional daily chart (Kworb aggregate),,,4w8niZpiMy6qz1mntFA5uM,,,https://kworb.net/spotify/country/mt_weekly_totals.html,2026-10-02,"Exact aggregate of streams observed while this recording was inside Spotify's daily Top 200 for Malta, as aggregated by Kworb from Spotify chart data. Streams earned outside the chart are not included. Chart coverage on the source page: 2014-01-12 through 2020-07-02.","{""country_code"":""MT"",""country_name"":""Malta"",""chart_coverage_start"":""2014-01-12"",""chart_coverage_end"":""2020-07-02"",""days_on_chart"":60,""top10_days"":16,""peak_rank"":1,""peak_occurrences"":6,""peak_daily_streams"":32268,""metric_scope"":""country-specific Spotify daily Top 200 chart-attributed streams"",""country_rank"":31}"
32,Without Me,Halsey,[],,,,[],"[""und""]",,,,,,,spotify_country_chart_streams,531941.0,streams,531941,Spotify regional daily chart (Kworb aggregate),,,5p7ujcrUXASCNwRaWNHR1C,,,https://kworb.net/spotify/country/mt_weekly_totals.html,2026-10-02,"Exact aggregate of streams observed while this recording was inside Spotify's daily Top 200 for Malta, as aggregated by Kworb from Spotify chart data. Streams earned outside the chart are not included. Chart coverage on the source page: 2014-01-12 through 2020-07-02.","{""country_code"":""MT"",""country_name"":""Malta"",""chart_coverage_start"":""2014-01-12"",""chart_coverage_end"":""2020-07-02"",""days_on_chart"":90,""top10_days"":15,""peak_rank"":3,""peak_occurrences"":1,""peak_daily_streams"":16839,""metric_scope"":""country-specific Spotify daily Top 200 chart-attributed streams"",""country_rank"":32}"
33,God's Plan,Drake,[],,,,[],"[""und""]",,,,,,,spotify_country_chart_streams,529810.0,streams,529810,Spotify regional daily chart (Kworb aggregate),,,2XW4DbS6NddZxRPm5rMCeY,,,https://kworb.net/spotify/country/mt_weekly_totals.html,2026-10-02,"Exact aggregate of streams observed while this recording was inside Spotify's daily Top 200 for Malta, as aggregated by Kworb from Spotify chart data. Streams earned outside the chart are not included. Chart coverage on the source page: 2014-01-12 through 2020-07-02.","{""country_code"":""MT"",""country_name"":""Malta"",""chart_coverage_start"":""2014-01-12"",""chart_coverage_end"":""2020-07-02"",""days_on_chart"":59,""top10_days"":18,""peak_rank"":1,""peak_occurrences"":11,""peak_daily_streams"":25592,""metric_scope"":""country-specific Spotify daily Top 200 chart-attributed streams"",""country_rank"":33}"
34,I Don't Care,Ed Sheeran,[],,,,[],"[""und""]",,,,,,,spotify_country_chart_streams,517738.0,streams,517738,Spotify regional daily chart (Kworb aggregate),,,0hVXuCcriWRGvwMV1r5Yn9,,,https://kworb.net/spotify/country/mt_weekly_totals.html,2026-10-02,"Exact aggregate of streams observed while this recording was inside Spotify's daily Top 200 for Malta, as aggregated by Kworb from Spotify chart data. Streams earned outside the chart are not included. Chart coverage on the source page: 2014-01-12 through 2020-07-02.","{""country_code"":""MT"",""country_name"":""Malta"",""chart_coverage_start"":""2014-01-12"",""chart_coverage_end"":""2020-07-02"",""days_on_chart"":60,""top10_days"":16,""peak_rank"":1,""peak_occurrences"":2,""peak_daily_streams"":21273,""metric_scope"":""country-specific Spotify daily Top 200 chart-attributed streams"",""country_rank"":34}"
35,I Took A Pill In Ibiza - Seeb Remix,Mike Posner,[],,,,[],"[""und""]",,,,,,,spotify_country_chart_streams,510779.0,streams,510779,Spotify regional daily chart (Kworb aggregate),,,7vfWgVGiLgnGbInU5lvSQg,,,https://kworb.net/spotify/country/mt_weekly_totals.html,2026-10-02,"Exact aggregate of streams observed while this recording was inside Spotify's daily Top 200 for Malta, as aggregated by Kworb from Spotify chart data. Streams earned outside the chart are not included. Chart coverage on the source page: 2014-01-12 through 2020-07-02.","{""country_code"":""MT"",""country_name"":""Malta"",""chart_coverage_start"":""2014-01-12"",""chart_coverage_end"":""2020-07-02"",""days_on_chart"":87,""top10_days"":24,""peak_rank"":1,""peak_occurrences"":7,""peak_daily_streams"":16886,""metric_scope"":""country-specific Spotify daily Top 200 chart-attributed streams"",""country_rank"":35}"
36,Wow.,Post Malone,[],,,,[],"[""und""]",,,,,,,spotify_country_chart_streams,507336.0,streams,507336,Spotify regional daily chart (Kworb aggregate),,,6MWtB6iiXyIwun0YzU6DFP,,,https://kworb.net/spotify/country/mt_weekly_totals.html,2026-10-02,"Exact aggregate of streams observed while this recording was inside Spotify's daily Top 200 for Malta, as aggregated by Kworb from Spotify chart data. Streams earned outside the chart are not included. Chart coverage on the source page: 2014-01-12 through 2020-07-02.","{""country_code"":""MT"",""country_name"":""Malta"",""chart_coverage_start"":""2014-01-12"",""chart_coverage_end"":""2020-07-02"",""days_on_chart"":80,""top10_days"":17,""peak_rank"":1,""peak_occurrences"":1,""peak_daily_streams"":18288,""metric_scope"":""country-specific Spotify daily Top 200 chart-attributed streams"",""country_rank"":36}"
37,Beautiful People,Ed Sheeran,[],,,,[],"[""und""]",,,,,,,spotify_country_chart_streams,506289.0,streams,506289,Spotify regional daily chart (Kworb aggregate),,,70eFcWOvlMObDhURTqT4Fv,,,https://kworb.net/spotify/country/mt_weekly_totals.html,2026-10-02,"Exact aggregate of streams observed while this recording was inside Spotify's daily Top 200 for Malta, as aggregated by Kworb from Spotify chart data. Streams earned outside the chart are not included. Chart coverage on the source page: 2014-01-12 through 2020-07-02.","{""country_code"":""MT"",""country_name"":""Malta"",""chart_coverage_start"":""2014-01-12"",""chart_coverage_end"":""2020-07-02"",""days_on_chart"":53,""top10_days"":17,""peak_rank"":2,""peak_occurrences"":5,""peak_daily_streams"":20111,""metric_scope"":""country-specific Spotify daily Top 200 chart-attributed streams"",""country_rank"":37}"
38,I Like Me Better,Lauv,[],,,,[],"[""und""]",,,,,,,spotify_country_chart_streams,504451.0,streams,504451,Spotify regional daily chart (Kworb aggregate),,,2P91MQbaiQOfbiz9VqhqKQ,,,https://kworb.net/spotify/country/mt_weekly_totals.html,2026-10-02,"Exact aggregate of streams observed while this recording was inside Spotify's daily Top 200 for Malta, as aggregated by Kworb from Spotify chart data. Streams earned outside the chart are not included. Chart coverage on the source page: 2014-01-12 through 2020-07-02.","{""country_code"":""MT"",""country_name"":""Malta"",""chart_coverage_start"":""2014-01-12"",""chart_coverage_end"":""2020-07-02"",""days_on_chart"":150,""top10_days"":null,""peak_rank"":19,""peak_occurrences"":null,""peak_daily_streams"":9298,""metric_scope"":""country-specific Spotify daily Top 200 chart-attributed streams"",""country_rank"":38}"
39,7 rings,Ariana Grande,[],,,,[],"[""und""]",,,,,,,spotify_country_chart_streams,503129.0,streams,503129,Spotify regional daily chart (Kworb aggregate),,,6ocbgoVGwYJhOv1GgI9NsF,,,https://kworb.net/spotify/country/mt_weekly_totals.html,2026-10-02,"Exact aggregate of streams observed while this recording was inside Spotify's daily Top 200 for Malta, as aggregated by Kworb from Spotify chart data. Streams earned outside the chart are not included. Chart coverage on the source page: 2014-01-12 through 2020-07-02.","{""country_code"":""MT"",""country_name"":""Malta"",""chart_coverage_start"":""2014-01-12"",""chart_coverage_end"":""2020-07-02"",""days_on_chart"":74,""top10_days"":10,""peak_rank"":1,""peak_occurrences"":6,""peak_daily_streams"":42162,""metric_scope"":""country-specific Spotify daily Top 200 chart-attributed streams"",""country_rank"":39}"
40,Bohemian Rhapsody - Remastered 2011,Queen,[],,,,[],"[""und""]",,,,,,,spotify_country_chart_streams,497346.0,streams,497346,Spotify regional daily chart (Kworb aggregate),,,4u7EnebtmKWzUH433cf5Qv,,,https://kworb.net/spotify/country/mt_weekly_totals.html,2026-10-02,"Exact aggregate of streams observed while this recording was inside Spotify's daily Top 200 for Malta, as aggregated by Kworb from Spotify chart data. Streams earned outside the chart are not included. Chart coverage on the source page: 2014-01-12 through 2020-07-02.","{""country_code"":""MT"",""country_name"":""Malta"",""chart_coverage_start"":""2014-01-12"",""chart_coverage_end"":""2020-07-02"",""days_on_chart"":132,""top10_days"":4,""peak_rank"":4,""peak_occurrences"":null,""peak_daily_streams"":15443,""metric_scope"":""country-specific Spotify daily Top 200 chart-attributed streams"",""country_rank"":40}"
41,SICKO MODE,Travis Scott,[],,,,[],"[""und""]",,,,,,,spotify_country_chart_streams,489114.0,streams,489114,Spotify regional daily chart (Kworb aggregate),,,2xLMifQCjDGFmkHkpNLD9h,,,https://kworb.net/spotify/country/mt_weekly_totals.html,2026-10-02,"Exact aggregate of streams observed while this recording was inside Spotify's daily Top 200 for Malta, as aggregated by Kworb from Spotify chart data. Streams earned outside the chart are not included. Chart coverage on the source page: 2014-01-12 through 2020-07-02.","{""country_code"":""MT"",""country_name"":""Malta"",""chart_coverage_start"":""2014-01-12"",""chart_coverage_end"":""2020-07-02"",""days_on_chart"":99,""top10_days"":1,""peak_rank"":10,""peak_occurrences"":null,""peak_daily_streams"":11379,""metric_scope"":""country-specific Spotify daily Top 200 chart-attributed streams"",""country_rank"":41}"
42,Don't Start Now,Dua Lipa,[],,,,[],"[""und""]",,,,,,,spotify_country_chart_streams,487116.0,streams,487116,Spotify regional daily chart (Kworb aggregate),,,3PfIrDoz19wz7qK7tYeu62,,,https://kworb.net/spotify/country/mt_weekly_totals.html,2026-10-02,"Exact aggregate of streams observed while this recording was inside Spotify's daily Top 200 for Malta, as aggregated by Kworb from Spotify chart data. Streams earned outside the chart are not included. Chart coverage on the source page: 2014-01-12 through 2020-07-02.","{""country_code"":""MT"",""country_name"":""Malta"",""chart_coverage_start"":""2014-01-12"",""chart_coverage_end"":""2020-07-02"",""days_on_chart"":35,""top10_days"":27,""peak_rank"":3,""peak_occurrences"":1,""peak_daily_streams"":20889,""metric_scope"":""country-specific Spotify daily Top 200 chart-attributed streams"",""country_rank"":42}"
43,Girls Like You,Maroon 5,[],,,,[],"[""und""]",,,,,,,spotify_country_chart_streams,486344.0,streams,486344,Spotify regional daily chart (Kworb aggregate),,,7fa9MBXhVfQ8P8Df9OEbD8,,,https://kworb.net/spotify/country/mt_weekly_totals.html,2026-10-02,"Exact aggregate of streams observed while this recording was inside Spotify's daily Top 200 for Malta, as aggregated by Kworb from Spotify chart data. Streams earned outside the chart are not included. Chart coverage on the source page: 2014-01-12 through 2020-07-02.","{""country_code"":""MT"",""country_name"":""Malta"",""chart_coverage_start"":""2014-01-12"",""chart_coverage_end"":""2020-07-02"",""days_on_chart"":77,""top10_days"":14,""peak_rank"":2,""peak_occurrences"":2,""peak_daily_streams"":17944,""metric_scope"":""country-specific Spotify daily Top 200 chart-attributed streams"",""country_rank"":43}"
44,Don't Let Me Down,The Chainsmokers,[],,,,[],"[""und""]",,,,,,,spotify_country_chart_streams,484121.0,streams,484121,Spotify regional daily chart (Kworb aggregate),,,1i1fxkWeaMmKEB4T7zqbzK,,,https://kworb.net/spotify/country/mt_weekly_totals.html,2026-10-02,"Exact aggregate of streams observed while this recording was inside Spotify's daily Top 200 for Malta, as aggregated by Kworb from Spotify chart data. Streams earned outside the chart are not included. Chart coverage on the source page: 2014-01-12 through 2020-07-02.","{""country_code"":""MT"",""country_name"":""Malta"",""chart_coverage_start"":""2014-01-12"",""chart_coverage_end"":""2020-07-02"",""days_on_chart"":85,""top10_days"":17,""peak_rank"":3,""peak_occurrences"":2,""peak_daily_streams"":12068,""metric_scope"":""country-specific Spotify daily Top 200 chart-attributed streams"",""country_rank"":44}"
45,lovely,Billie Eilish,[],,,,[],"[""und""]",,,,,,,spotify_country_chart_streams,480409.0,streams,480409,Spotify regional daily chart (Kworb aggregate),,,0u2P5u6lvoDfwTYjAADbn4,,,https://kworb.net/spotify/country/mt_weekly_totals.html,2026-10-02,"Exact aggregate of streams observed while this recording was inside Spotify's daily Top 200 for Malta, as aggregated by Kworb from Spotify chart data. Streams earned outside the chart are not included. Chart coverage on the source page: 2014-01-12 through 2020-07-02.","{""country_code"":""MT"",""country_name"":""Malta"",""chart_coverage_start"":""2014-01-12"",""chart_coverage_end"":""2020-07-02"",""days_on_chart"":115,""top10_days"":null,""peak_rank"":12,""peak_occurrences"":null,""peak_daily_streams"":11820,""metric_scope"":""country-specific Spotify daily Top 200 chart-attributed streams"",""country_rank"":45}"
46,IDGAF,Dua Lipa,[],,,,[],"[""und""]",,,,,,,spotify_country_chart_streams,475229.0,streams,475229,Spotify regional daily chart (Kworb aggregate),,,76cy1WJvNGJTj78UqeA5zr,,,https://kworb.net/spotify/country/mt_weekly_totals.html,2026-10-02,"Exact aggregate of streams observed while this recording was inside Spotify's daily Top 200 for Malta, as aggregated by Kworb from Spotify chart data. Streams earned outside the chart are not included. Chart coverage on the source page: 2014-01-12 through 2020-07-02.","{""country_code"":""MT"",""country_name"":""Malta"",""chart_coverage_start"":""2014-01-12"",""chart_coverage_end"":""2020-07-02"",""days_on_chart"":77,""top10_days"":14,""peak_rank"":2,""peak_occurrences"":3,""peak_daily_streams"":15377,""metric_scope"":""country-specific Spotify daily Top 200 chart-attributed streams"",""country_rank"":46}"
47,2002,Anne-Marie,[],,,,[],"[""und""]",,,,,,,spotify_country_chart_streams,466691.0,streams,466691,Spotify regional daily chart (Kworb aggregate),,,2BgEsaKNfHUdlh97KmvFyo,,,https://kworb.net/spotify/country/mt_weekly_totals.html,2026-10-02,"Exact aggregate of streams observed while this recording was inside Spotify's daily Top 200 for Malta, as aggregated by Kworb from Spotify chart data. Streams earned outside the chart are not included. Chart coverage on the source page: 2014-01-12 through 2020-07-02.","{""country_code"":""MT"",""country_name"":""Malta"",""chart_coverage_start"":""2014-01-12"",""chart_coverage_end"":""2020-07-02"",""days_on_chart"":114,""top10_days"":null,""peak_rank"":17,""peak_occurrences"":null,""peak_daily_streams"":9705,""metric_scope"":""country-specific Spotify daily Top 200 chart-attributed streams"",""country_rank"":47}"
48,Be Alright,Dean Lewis,[],,,,[],"[""und""]",,,,,,,spotify_country_chart_streams,466380.0,streams,466380,Spotify regional daily chart (Kworb aggregate),,,5qrSlOut2rNAWv3ubArkNy,,,https://kworb.net/spotify/country/mt_weekly_totals.html,2026-10-02,"Exact aggregate of streams observed while this recording was inside Spotify's daily Top 200 for Malta, as aggregated by Kworb from Spotify chart data. Streams earned outside the chart are not included. Chart coverage on the source page: 2014-01-12 through 2020-07-02.","{""country_code"":""MT"",""country_name"":""Malta"",""chart_coverage_start"":""2014-01-12"",""chart_coverage_end"":""2020-07-02"",""days_on_chart"":101,""top10_days"":2,""peak_rank"":9,""peak_occurrences"":null,""peak_daily_streams"":12679,""metric_scope"":""country-specific Spotify daily Top 200 chart-attributed streams"",""country_rank"":48}"
49,I Like It,Cardi B,[],,,,[],"[""und""]",,,,,,,spotify_country_chart_streams,466371.0,streams,466371,Spotify regional daily chart (Kworb aggregate),,,58q2HKrzhC3ozto2nDdN4z,,,https://kworb.net/spotify/country/mt_weekly_totals.html,2026-10-02,"Exact aggregate of streams observed while this recording was inside Spotify's daily Top 200 for Malta, as aggregated by Kworb from Spotify chart data. Streams earned outside the chart are not included. Chart coverage on the source page: 2014-01-12 through 2020-07-02.","{""country_code"":""MT"",""country_name"":""Malta"",""chart_coverage_start"":""2014-01-12"",""chart_coverage_end"":""2020-07-02"",""days_on_chart"":63,""top10_days"":16,""peak_rank"":4,""peak_occurrences"":null,""peak_daily_streams"":16088,""metric_scope"":""country-specific Spotify daily Top 200 chart-attributed streams"",""country_rank"":49}"
50,Thinking out Loud,Ed Sheeran,[],,,,[],"[""und""]",,,,,,,spotify_country_chart_streams,450781.0,streams,450781,Spotify regional daily chart (Kworb aggregate),,,34gCuhDGsG4bRPIf9bb02f,,,https://kworb.net/spotify/country/mt_weekly_totals.html,2026-10-02,"Exact aggregate of streams observed while this recording was inside Spotify's daily Top 200 for Malta, as aggregated by Kworb from Spotify chart data. Streams earned outside the chart are not included. Chart coverage on the source page: 2014-01-12 through 2020-07-02.","{""country_code"":""MT"",""country_name"":""Malta"",""chart_coverage_start"":""2014-01-12"",""chart_coverage_end"":""2020-07-02"",""days_on_chart"":174,""top10_days"":19,""peak_rank"":1,""peak_occurrences"":2,""peak_daily_streams"":7187,""metric_scope"":""country-specific Spotify daily Top 200 chart-attributed streams"",""country_rank"":50}"
51,Cheap Thrills,Sia,[],,,,[],"[""und""]",,,,,,,spotify_country_chart_streams,446954.0,streams,446954,Spotify regional daily chart (Kworb aggregate),,,27SdWb2rFzO6GWiYDBTD9j,,,https://kworb.net/spotify/country/mt_weekly_totals.html,2026-10-02,"Exact aggregate of streams observed while this recording was inside Spotify's daily Top 200 for Malta, as aggregated by Kworb from Spotify chart data. Streams earned outside the chart are not included. Chart coverage on the source page: 2014-01-12 through 2020-07-02.","{""country_code"":""MT"",""country_name"":""Malta"",""chart_coverage_start"":""2014-01-12"",""chart_coverage_end"":""2020-07-02"",""days_on_chart"":79,""top10_days"":22,""peak_rank"":2,""peak_occurrences"":2,""peak_daily_streams"":13182,""metric_scope"":""country-specific Spotify daily Top 200 chart-attributed streams"",""alternate_metrics"":[{""metric_name"":""spotify_country_chart_streams"",""metric_value"":62587.0,""metric_unit"":""streams"",""listen_count"":62587,""view_count"":null,""source_url"":""https://kworb.net/spotify/country/mt_weekly_totals.html"",""retrieved_at"":""2026-10-02""}],""merged_sources"":[""https://kworb.net/spotify/country/mt_weekly_totals.html""],""country_rank"":51}"
52,Dancing With A Stranger,Sam Smith,[],,,,[],"[""und""]",,,,,,,spotify_country_chart_streams,439390.0,streams,439390,Spotify regional daily chart (Kworb aggregate),,,6Qs4SXO9dwPj5GKvVOv8Ki,,,https://kworb.net/spotify/country/mt_weekly_totals.html,2026-10-02,"Exact aggregate of streams observed while this recording was inside Spotify's daily Top 200 for Malta, as aggregated by Kworb from Spotify chart data. Streams earned outside the chart are not included. Chart coverage on the source page: 2014-01-12 through 2020-07-02.","{""country_code"":""MT"",""country_name"":""Malta"",""chart_coverage_start"":""2014-01-12"",""chart_coverage_end"":""2020-07-02"",""days_on_chart"":77,""top10_days"":11,""peak_rank"":5,""peak_occurrences"":null,""peak_daily_streams"":17236,""metric_scope"":""country-specific Spotify daily Top 200 chart-attributed streams"",""country_rank"":52}"
53,It Ain't Me,Kygo,[],,,,[],"[""und""]",,,,,,,spotify_country_chart_streams,433113.0,streams,433113,Spotify regional daily chart (Kworb aggregate),,,3eR23VReFzcdmS7TYCrhCe,,,https://kworb.net/spotify/country/mt_weekly_totals.html,2026-10-02,"Exact aggregate of streams observed while this recording was inside Spotify's daily Top 200 for Malta, as aggregated by Kworb from Spotify chart data. Streams earned outside the chart are not included. Chart coverage on the source page: 2014-01-12 through 2020-07-02.","{""country_code"":""MT"",""country_name"":""Malta"",""chart_coverage_start"":""2014-01-12"",""chart_coverage_end"":""2020-07-02"",""days_on_chart"":56,""top10_days"":13,""peak_rank"":2,""peak_occurrences"":1,""peak_daily_streams"":23293,""metric_scope"":""country-specific Spotify daily Top 200 chart-attributed streams"",""country_rank"":53}"
54,Lean On,Major Lazer,[],,,,[],"[""und""]",,,,,,,spotify_country_chart_streams,432409.0,streams,432409,Spotify regional daily chart (Kworb aggregate),,,4WjH9Bzt3kx7z8kl0awxh4,,,https://kworb.net/spotify/country/mt_weekly_totals.html,2026-10-02,"Exact aggregate of streams observed while this recording was inside Spotify's daily Top 200 for Malta, as aggregated by Kworb from Spotify chart data. Streams earned outside the chart are not included. Chart coverage on the source page: 2014-01-12 through 2020-07-02.","{""country_code"":""MT"",""country_name"":""Malta"",""chart_coverage_start"":""2014-01-12"",""chart_coverage_end"":""2020-07-02"",""days_on_chart"":115,""top10_days"":26,""peak_rank"":1,""peak_occurrences"":8,""peak_daily_streams"":11022,""metric_scope"":""country-specific Spotify daily Top 200 chart-attributed streams"",""country_rank"":54}"
55,Sucker,Jonas Brothers,[],,,,[],"[""und""]",,,,,,,spotify_country_chart_streams,430733.0,streams,430733,Spotify regional daily chart (Kworb aggregate),,,22vgEDb5hykfaTwLuskFGD,,,https://kworb.net/spotify/country/mt_weekly_totals.html,2026-10-02,"Exact aggregate of streams observed while this recording was inside Spotify's daily Top 200 for Malta, as aggregated by Kworb from Spotify chart data. Streams earned outside the chart are not included. Chart coverage on the source page: 2014-01-12 through 2020-07-02.","{""country_code"":""MT"",""country_name"":""Malta"",""chart_coverage_start"":""2014-01-12"",""chart_coverage_end"":""2020-07-02"",""days_on_chart"":70,""top10_days"":10,""peak_rank"":1,""peak_occurrences"":1,""peak_daily_streams"":22830,""metric_scope"":""country-specific Spotify daily Top 200 chart-attributed streams"",""country_rank"":55}"
56,SAD!,XXXTENTACION,[],,,,[],"[""und""]",,,,,,,spotify_country_chart_streams,430459.0,streams,430459,Spotify regional daily chart (Kworb aggregate),,,3ee8Jmje8o58CHK66QrVC2,,,https://kworb.net/spotify/country/mt_weekly_totals.html,2026-10-02,"Exact aggregate of streams observed while this recording was inside Spotify's daily Top 200 for Malta, as aggregated by Kworb from Spotify chart data. Streams earned outside the chart are not included. Chart coverage on the source page: 2014-01-12 through 2020-07-02.","{""country_code"":""MT"",""country_name"":""Malta"",""chart_coverage_start"":""2014-01-12"",""chart_coverage_end"":""2020-07-02"",""days_on_chart"":82,""top10_days"":4,""peak_rank"":5,""peak_occurrences"":null,""peak_daily_streams"":16403,""metric_scope"":""country-specific Spotify daily Top 200 chart-attributed streams"",""country_rank"":56}"
57,Solo,Clean Bandit,[],,,,[],"[""und""]",,,,,,,spotify_country_chart_streams,429797.0,streams,429797,Spotify regional daily chart (Kworb aggregate),,,6kPJZM97LwdG9QIsT7khp6,,,https://kworb.net/spotify/country/mt_weekly_totals.html,2026-10-02,"Exact aggregate of streams observed while this recording was inside Spotify's daily Top 200 for Malta, as aggregated by Kworb from Spotify chart data. Streams earned outside the chart are not included. Chart coverage on the source page: 2014-01-12 through 2020-07-02.","{""country_code"":""MT"",""country_name"":""Malta"",""chart_coverage_start"":""2014-01-12"",""chart_coverage_end"":""2020-07-02"",""days_on_chart"":72,""top10_days"":13,""peak_rank"":1,""peak_occurrences"":2,""peak_daily_streams"":19373,""metric_scope"":""country-specific Spotify daily Top 200 chart-attributed streams"",""country_rank"":57}"
58,MIA,Bad Bunny,[],,,,[],"[""und""]",,,,,,,spotify_country_chart_streams,427801.0,streams,427801,Spotify regional daily chart (Kworb aggregate),,,116H0KvKr2Zl4RPuVBruDO,,,https://kworb.net/spotify/country/mt_weekly_totals.html,2026-10-02,"Exact aggregate of streams observed while this recording was inside Spotify's daily Top 200 for Malta, as aggregated by Kworb from Spotify chart data. Streams earned outside the chart are not included. Chart coverage on the source page: 2014-01-12 through 2020-07-02.","{""country_code"":""MT"",""country_name"":""Malta"",""chart_coverage_start"":""2014-01-12"",""chart_coverage_end"":""2020-07-02"",""days_on_chart"":40,""top10_days"":11,""peak_rank"":1,""peak_occurrences"":2,""peak_daily_streams"":35854,""metric_scope"":""country-specific Spotify daily Top 200 chart-attributed streams"",""country_rank"":58}"
59,Let Me Love You,DJ Snake,[],,,,[],"[""und""]",,,,,,,spotify_country_chart_streams,423721.0,streams,423721,Spotify regional daily chart (Kworb aggregate),,,4pdPtRcBmOSQDlJ3Fk945m,,,https://kworb.net/spotify/country/mt_weekly_totals.html,2026-10-02,"Exact aggregate of streams observed while this recording was inside Spotify's daily Top 200 for Malta, as aggregated by Kworb from Spotify chart data. Streams earned outside the chart are not included. Chart coverage on the source page: 2014-01-12 through 2020-07-02.","{""country_code"":""MT"",""country_name"":""Malta"",""chart_coverage_start"":""2014-01-12"",""chart_coverage_end"":""2020-07-02"",""days_on_chart"":62,""top10_days"":22,""peak_rank"":1,""peak_occurrences"":1,""peak_daily_streams"":19775,""metric_scope"":""country-specific Spotify daily Top 200 chart-attributed streams"",""country_rank"":59}"
60,Symphony,Clean Bandit,[],,,,[],"[""und""]",,,,,,,spotify_country_chart_streams,423252.0,streams,423252,Spotify regional daily chart (Kworb aggregate),,,1x5sYLZiu9r5E43kMlt9f8,,,https://kworb.net/spotify/country/mt_weekly_totals.html,2026-10-02,"Exact aggregate of streams observed while this recording was inside Spotify's daily Top 200 for Malta, as aggregated by Kworb from Spotify chart data. Streams earned outside the chart are not included. Chart coverage on the source page: 2014-01-12 through 2020-07-02.","{""country_code"":""MT"",""country_name"":""Malta"",""chart_coverage_start"":""2014-01-12"",""chart_coverage_end"":""2020-07-02"",""days_on_chart"":65,""top10_days"":11,""peak_rank"":3,""peak_occurrences"":1,""peak_daily_streams"":19391,""metric_scope"":""country-specific Spotify daily Top 200 chart-attributed streams"",""country_rank"":60}"
61,Don't Call Me Up,Mabel,[],,,,[],"[""und""]",,,,,,,spotify_country_chart_streams,422634.0,streams,422634,Spotify regional daily chart (Kworb aggregate),,,5WHTFyqSii0lmT9R21abT8,,,https://kworb.net/spotify/country/mt_weekly_totals.html,2026-10-02,"Exact aggregate of streams observed while this recording was inside Spotify's daily Top 200 for Malta, as aggregated by Kworb from Spotify chart data. Streams earned outside the chart are not included. Chart coverage on the source page: 2014-01-12 through 2020-07-02.","{""country_code"":""MT"",""country_name"":""Malta"",""chart_coverage_start"":""2014-01-12"",""chart_coverage_end"":""2020-07-02"",""days_on_chart"":74,""top10_days"":11,""peak_rank"":3,""peak_occurrences"":2,""peak_daily_streams"":15442,""metric_scope"":""country-specific Spotify daily Top 200 chart-attributed streams"",""country_rank"":61}"
62,Back To You,Selena Gomez,[],,,,[],"[""und""]",,,,,,,spotify_country_chart_streams,417404.0,streams,417404,Spotify regional daily chart (Kworb aggregate),,,4hQ6UGyWQIGJmHSo0J88JW,,,https://kworb.net/spotify/country/mt_weekly_totals.html,2026-10-02,"Exact aggregate of streams observed while this recording was inside Spotify's daily Top 200 for Malta, as aggregated by Kworb from Spotify chart data. Streams earned outside the chart are not included. Chart coverage on the source page: 2014-01-12 through 2020-07-02.","{""country_code"":""MT"",""country_name"":""Malta"",""chart_coverage_start"":""2014-01-12"",""chart_coverage_end"":""2020-07-02"",""days_on_chart"":86,""top10_days"":7,""peak_rank"":2,""peak_occurrences"":4,""peak_daily_streams"":19895,""metric_scope"":""country-specific Spotify daily Top 200 chart-attributed streams"",""country_rank"":62}"
63,no tears left to cry,Ariana Grande,[],,,,[],"[""und""]",,,,,,,spotify_country_chart_streams,407510.0,streams,407510,Spotify regional daily chart (Kworb aggregate),,,5SxkdsY1ufZzoq9iXceLw9,,,https://kworb.net/spotify/country/mt_weekly_totals.html,2026-10-02,"Exact aggregate of streams observed while this recording was inside Spotify's daily Top 200 for Malta, as aggregated by Kworb from Spotify chart data. Streams earned outside the chart are not included. Chart coverage on the source page: 2014-01-12 through 2020-07-02.","{""country_code"":""MT"",""country_name"":""Malta"",""chart_coverage_start"":""2014-01-12"",""chart_coverage_end"":""2020-07-02"",""days_on_chart"":67,""top10_days"":8,""peak_rank"":1,""peak_occurrences"":1,""peak_daily_streams"":26293,""metric_scope"":""country-specific Spotify daily Top 200 chart-attributed streams"",""country_rank"":63}"
64,Te Boté - Remix,Nio Garcia,[],,,,[],"[""und""]",,,,,,,spotify_country_chart_streams,406210.0,streams,406210,Spotify regional daily chart (Kworb aggregate),,,3V8UKqhEK5zBkBb6d6ub8i,,,https://kworb.net/spotify/country/mt_weekly_totals.html,2026-10-02,"Exact aggregate of streams observed while this recording was inside Spotify's daily Top 200 for Malta, as aggregated by Kworb from Spotify chart data. Streams earned outside the chart are not included. Chart coverage on the source page: 2014-01-12 through 2020-07-02.","{""country_code"":""MT"",""country_name"":""Malta"",""chart_coverage_start"":""2014-01-12"",""chart_coverage_end"":""2020-07-02"",""days_on_chart"":50,""top10_days"":6,""peak_rank"":2,""peak_occurrences"":1,""peak_daily_streams"":17981,""metric_scope"":""country-specific Spotify daily Top 200 chart-attributed streams"",""country_rank"":64}"
65,Roses - Imanbek Remix,SAINt JHN,[],,,,[],"[""und""]",,,,,,,spotify_country_chart_streams,406097.0,streams,406097,Spotify regional daily chart (Kworb aggregate),,,24Yi9hE78yPEbZ4kxyoXAI,,,https://kworb.net/spotify/country/mt_weekly_totals.html,2026-10-02,"Exact aggregate of streams observed while this recording was inside Spotify's daily Top 200 for Malta, as aggregated by Kworb from Spotify chart data. Streams earned outside the chart are not included. Chart coverage on the source page: 2014-01-12 through 2020-07-02.","{""country_code"":""MT"",""country_name"":""Malta"",""chart_coverage_start"":""2014-01-12"",""chart_coverage_end"":""2020-07-02"",""days_on_chart"":29,""top10_days"":20,""peak_rank"":1,""peak_occurrences"":4,""peak_daily_streams"":24281,""metric_scope"":""country-specific Spotify daily Top 200 chart-attributed streams"",""country_rank"":65}"
66,Faded,Alan Walker,[],,,,[],"[""und""]",,,,,,,spotify_country_chart_streams,404401.0,streams,404401,Spotify regional daily chart (Kworb aggregate),,,1brwdYwjltrJo7WHpIvbYt,,,https://kworb.net/spotify/country/mt_weekly_totals.html,2026-10-02,"Exact aggregate of streams observed while this recording was inside Spotify's daily Top 200 for Malta, as aggregated by Kworb from Spotify chart data. Streams earned outside the chart are not included. Chart coverage on the source page: 2014-01-12 through 2020-07-02.","{""country_code"":""MT"",""country_name"":""Malta"",""chart_coverage_start"":""2014-01-12"",""chart_coverage_end"":""2020-07-02"",""days_on_chart"":87,""top10_days"":17,""peak_rank"":4,""peak_occurrences"":null,""peak_daily_streams"":12554,""metric_scope"":""country-specific Spotify daily Top 200 chart-attributed streams"",""country_rank"":66}"
67,I Don’t Wanna Live Forever (Fifty Shades Darker),ZAYN,[],,,,[],"[""und""]",,,,,,,spotify_country_chart_streams,403603.0,streams,403603,Spotify regional daily chart (Kworb aggregate),,,3NdDpSvN911VPGivFlV5d0,,,https://kworb.net/spotify/country/mt_weekly_totals.html,2026-10-02,"Exact aggregate of streams observed while this recording was inside Spotify's daily Top 200 for Malta, as aggregated by Kworb from Spotify chart data. Streams earned outside the chart are not included. Chart coverage on the source page: 2014-01-12 through 2020-07-02.","{""country_code"":""MT"",""country_name"":""Malta"",""chart_coverage_start"":""2014-01-12"",""chart_coverage_end"":""2020-07-02"",""days_on_chart"":67,""top10_days"":14,""peak_rank"":2,""peak_occurrences"":2,""peak_daily_streams"":18137,""metric_scope"":""country-specific Spotify daily Top 200 chart-attributed streams"",""country_rank"":67}"
68,Photograph,Ed Sheeran,[],,,,[],"[""und""]",,,,,,,spotify_country_chart_streams,402734.0,streams,402734,Spotify regional daily chart (Kworb aggregate),,,6fxVffaTuwjgEk5h9QyRjy,,,https://kworb.net/spotify/country/mt_weekly_totals.html,2026-10-02,"Exact aggregate of streams observed while this recording was inside Spotify's daily Top 200 for Malta, as aggregated by Kworb from Spotify chart data. Streams earned outside the chart are not included. Chart coverage on the source page: 2014-01-12 through 2020-07-02.","{""country_code"":""MT"",""country_name"":""Malta"",""chart_coverage_start"":""2014-01-12"",""chart_coverage_end"":""2020-07-02"",""days_on_chart"":152,""top10_days"":5,""peak_rank"":8,""peak_occurrences"":null,""peak_daily_streams"":5980,""metric_scope"":""country-specific Spotify daily Top 200 chart-attributed streams"",""country_rank"":68}"
69,Old Town Road - Remix,Lil Nas X,[],,,,[],"[""und""]",,,,,,,spotify_country_chart_streams,401771.0,streams,401771,Spotify regional daily chart (Kworb aggregate),,,6u7jPi22kF8CTQ3rb9DHE7,,,https://kworb.net/spotify/country/mt_weekly_totals.html,2026-10-02,"Exact aggregate of streams observed while this recording was inside Spotify's daily Top 200 for Malta, as aggregated by Kworb from Spotify chart data. Streams earned outside the chart are not included. Chart coverage on the source page: 2014-01-12 through 2020-07-02.","{""country_code"":""MT"",""country_name"":""Malta"",""chart_coverage_start"":""2014-01-12"",""chart_coverage_end"":""2020-07-02"",""days_on_chart"":52,""top10_days"":18,""peak_rank"":2,""peak_occurrences"":3,""peak_daily_streams"":18069,""metric_scope"":""country-specific Spotify daily Top 200 chart-attributed streams"",""alternate_metrics"":[{""metric_name"":""spotify_country_chart_streams"",""metric_value"":11871.0,""metric_unit"":""streams"",""listen_count"":11871,""view_count"":null,""source_url"":""https://kworb.net/spotify/country/mt_weekly_totals.html"",""retrieved_at"":""2026-10-02""}],""merged_sources"":[""https://kworb.net/spotify/country/mt_weekly_totals.html""],""country_rank"":69}"
70,when the party's over,Billie Eilish,[],,,,[],"[""und""]",,,,,,,spotify_country_chart_streams,396618.0,streams,396618,Spotify regional daily chart (Kworb aggregate),,,43zdsphuZLzwA9k4DJhU0I,,,https://kworb.net/spotify/country/mt_weekly_totals.html,2026-10-02,"Exact aggregate of streams observed while this recording was inside Spotify's daily Top 200 for Malta, as aggregated by Kworb from Spotify chart data. Streams earned outside the chart are not included. Chart coverage on the source page: 2014-01-12 through 2020-07-02.","{""country_code"":""MT"",""country_name"":""Malta"",""chart_coverage_start"":""2014-01-12"",""chart_coverage_end"":""2020-07-02"",""days_on_chart"":88,""top10_days"":null,""peak_rank"":17,""peak_occurrences"":null,""peak_daily_streams"":10849,""metric_scope"":""country-specific Spotify daily Top 200 chart-attributed streams"",""country_rank"":70}"
71,How Do You Sleep?,Sam Smith,[],,,,[],"[""und""]",,,,,,,spotify_country_chart_streams,395189.0,streams,395189,Spotify regional daily chart (Kworb aggregate),,,6b2RcmUt1g9N9mQ3CbjX2Y,,,https://kworb.net/spotify/country/mt_weekly_totals.html,2026-10-02,"Exact aggregate of streams observed while this recording was inside Spotify's daily Top 200 for Malta, as aggregated by Kworb from Spotify chart data. Streams earned outside the chart are not included. Chart coverage on the source page: 2014-01-12 through 2020-07-02.","{""country_code"":""MT"",""country_name"":""Malta"",""chart_coverage_start"":""2014-01-12"",""chart_coverage_end"":""2020-07-02"",""days_on_chart"":50,""top10_days"":14,""peak_rank"":2,""peak_occurrences"":3,""peak_daily_streams"":17345,""metric_scope"":""country-specific Spotify daily Top 200 chart-attributed streams"",""country_rank"":71}"
72,Piece Of Your Heart,MEDUZA,[],,,,[],"[""und""]",,,,,,,spotify_country_chart_streams,391784.0,streams,391784,Spotify regional daily chart (Kworb aggregate),,,1DFD5Fotzgn6yYXkYsKiGs,,,https://kworb.net/spotify/country/mt_weekly_totals.html,2026-10-02,"Exact aggregate of streams observed while this recording was inside Spotify's daily Top 200 for Malta, as aggregated by Kworb from Spotify chart data. Streams earned outside the chart are not included. Chart coverage on the source page: 2014-01-12 through 2020-07-02.","{""country_code"":""MT"",""country_name"":""Malta"",""chart_coverage_start"":""2014-01-12"",""chart_coverage_end"":""2020-07-02"",""days_on_chart"":65,""top10_days"":13,""peak_rank"":2,""peak_occurrences"":1,""peak_daily_streams"":15521,""metric_scope"":""country-specific Spotify daily Top 200 chart-attributed streams"",""country_rank"":72}"
73,The Box,Roddy Ricch,[],,,,[],"[""und""]",,,,,,,spotify_country_chart_streams,390533.0,streams,390533,Spotify regional daily chart (Kworb aggregate),,,0nbXyq5TXYPCO7pr3N8S4I,,,https://kworb.net/spotify/country/mt_weekly_totals.html,2026-10-02,"Exact aggregate of streams observed while this recording was inside Spotify's daily Top 200 for Malta, as aggregated by Kworb from Spotify chart data. Streams earned outside the chart are not included. Chart coverage on the source page: 2014-01-12 through 2020-07-02.","{""country_code"":""MT"",""country_name"":""Malta"",""chart_coverage_start"":""2014-01-12"",""chart_coverage_end"":""2020-07-02"",""days_on_chart"":29,""top10_days"":18,""peak_rank"":1,""peak_occurrences"":2,""peak_daily_streams"":24699,""metric_scope"":""country-specific Spotify daily Top 200 chart-attributed streams"",""country_rank"":73}"
74,Fast Car,Jonas Blue,[],,,,[],"[""und""]",,,,,,,spotify_country_chart_streams,389868.0,streams,389868,Spotify regional daily chart (Kworb aggregate),,,6OZh916QF8XNunWaP97WEZ,,,https://kworb.net/spotify/country/mt_weekly_totals.html,2026-10-02,"Exact aggregate of streams observed while this recording was inside Spotify's daily Top 200 for Malta, as aggregated by Kworb from Spotify chart data. Streams earned outside the chart are not included. Chart coverage on the source page: 2014-01-12 through 2020-07-02.","{""country_code"":""MT"",""country_name"":""Malta"",""chart_coverage_start"":""2014-01-12"",""chart_coverage_end"":""2020-07-02"",""days_on_chart"":72,""top10_days"":16,""peak_rank"":2,""peak_occurrences"":3,""peak_daily_streams"":14338,""metric_scope"":""country-specific Spotify daily Top 200 chart-attributed streams"",""country_rank"":74}"
75,Attention,Charlie Puth,[],,,,[],"[""und""]",,,,,,,spotify_country_chart_streams,387702.0,streams,387702,Spotify regional daily chart (Kworb aggregate),,,4iLqG9SeJSnt0cSPICSjxv,,,https://kworb.net/spotify/country/mt_weekly_totals.html,2026-10-02,"Exact aggregate of streams observed while this recording was inside Spotify's daily Top 200 for Malta, as aggregated by Kworb from Spotify chart data. Streams earned outside the chart are not included. Chart coverage on the source page: 2014-01-12 through 2020-07-02.","{""country_code"":""MT"",""country_name"":""Malta"",""chart_coverage_start"":""2014-01-12"",""chart_coverage_end"":""2020-07-02"",""days_on_chart"":58,""top10_days"":9,""peak_rank"":3,""peak_occurrences"":2,""peak_daily_streams"":17951,""metric_scope"":""country-specific Spotify daily Top 200 chart-attributed streams"",""country_rank"":75}"
76,More Than You Know,Axwell /\ Ingrosso,[],,,,[],"[""und""]",,,,,,,spotify_country_chart_streams,385859.0,streams,385859,Spotify regional daily chart (Kworb aggregate),,,3PEgB3fkiojxms35ntsTgs,,,https://kworb.net/spotify/country/mt_weekly_totals.html,2026-10-02,"Exact aggregate of streams observed while this recording was inside Spotify's daily Top 200 for Malta, as aggregated by Kworb from Spotify chart data. Streams earned outside the chart are not included. Chart coverage on the source page: 2014-01-12 through 2020-07-02.","{""country_code"":""MT"",""country_name"":""Malta"",""chart_coverage_start"":""2014-01-12"",""chart_coverage_end"":""2020-07-02"",""days_on_chart"":63,""top10_days"":5,""peak_rank"":9,""peak_occurrences"":null,""peak_daily_streams"":12326,""metric_scope"":""country-specific Spotify daily Top 200 chart-attributed streams"",""country_rank"":76}"
77,"thank u, next",Ariana Grande,[],,,,[],"[""und""]",,,,,,,spotify_country_chart_streams,385007.0,streams,385007,Spotify regional daily chart (Kworb aggregate),,,3e9HZxeyfWwjeyPAMmWSSQ,,,https://kworb.net/spotify/country/mt_weekly_totals.html,2026-10-02,"Exact aggregate of streams observed while this recording was inside Spotify's daily Top 200 for Malta, as aggregated by Kworb from Spotify chart data. Streams earned outside the chart are not included. Chart coverage on the source page: 2014-01-12 through 2020-07-02.","{""country_code"":""MT"",""country_name"":""Malta"",""chart_coverage_start"":""2014-01-12"",""chart_coverage_end"":""2020-07-02"",""days_on_chart"":55,""top10_days"":10,""peak_rank"":1,""peak_occurrences"":4,""peak_daily_streams"":26452,""metric_scope"":""country-specific Spotify daily Top 200 chart-attributed streams"",""country_rank"":77}"
78,Rockabye,Clean Bandit,[],,,,[],"[""und""]",,,,,,,spotify_country_chart_streams,382453.0,streams,382453,Spotify regional daily chart (Kworb aggregate),,,5knuzwU65gJK7IF5yJsuaW,,,https://kworb.net/spotify/country/mt_weekly_totals.html,2026-10-02,"Exact aggregate of streams observed while this recording was inside Spotify's daily Top 200 for Malta, as aggregated by Kworb from Spotify chart data. Streams earned outside the chart are not included. Chart coverage on the source page: 2014-01-12 through 2020-07-02.","{""country_code"":""MT"",""country_name"":""Malta"",""chart_coverage_start"":""2014-01-12"",""chart_coverage_end"":""2020-07-02"",""days_on_chart"":60,""top10_days"":14,""peak_rank"":2,""peak_occurrences"":7,""peak_daily_streams"":15674,""metric_scope"":""country-specific Spotify daily Top 200 chart-attributed streams"",""country_rank"":78}"
79,Memories,Maroon 5,[],,,,[],"[""und""]",,,,,,,spotify_country_chart_streams,381263.0,streams,381263,Spotify regional daily chart (Kworb aggregate),,,2b8fOow8UzyDFAE27YhOZM,,,https://kworb.net/spotify/country/mt_weekly_totals.html,2026-10-02,"Exact aggregate of streams observed while this recording was inside Spotify's daily Top 200 for Malta, as aggregated by Kworb from Spotify chart data. Streams earned outside the chart are not included. Chart coverage on the source page: 2014-01-12 through 2020-07-02.","{""country_code"":""MT"",""country_name"":""Malta"",""chart_coverage_start"":""2014-01-12"",""chart_coverage_end"":""2020-07-02"",""days_on_chart"":41,""top10_days"":10,""peak_rank"":5,""peak_occurrences"":null,""peak_daily_streams"":17072,""metric_scope"":""country-specific Spotify daily Top 200 chart-attributed streams"",""country_rank"":79}"
80,Falling,Trevor Daniel,[],,,,[],"[""und""]",,,,,,,spotify_country_chart_streams,380588.0,streams,380588,Spotify regional daily chart (Kworb aggregate),,,2rRJrJEo19S2J82BDsQ3F7,,,https://kworb.net/spotify/country/mt_weekly_totals.html,2026-10-02,"Exact aggregate of streams observed while this recording was inside Spotify's daily Top 200 for Malta, as aggregated by Kworb from Spotify chart data. Streams earned outside the chart are not included. Chart coverage on the source page: 2014-01-12 through 2020-07-02.","{""country_code"":""MT"",""country_name"":""Malta"",""chart_coverage_start"":""2014-01-12"",""chart_coverage_end"":""2020-07-02"",""days_on_chart"":33,""top10_days"":16,""peak_rank"":2,""peak_occurrences"":1,""peak_daily_streams"":17474,""metric_scope"":""country-specific Spotify daily Top 200 chart-attributed streams"",""country_rank"":80}"
81,Silence,Marshmello,[],,,,[],"[""und""]",,,,,,,spotify_country_chart_streams,377868.0,streams,377868,Spotify regional daily chart (Kworb aggregate),,,7vGuf3Y35N4wmASOKLUVVU,,,https://kworb.net/spotify/country/mt_weekly_totals.html,2026-10-02,"Exact aggregate of streams observed while this recording was inside Spotify's daily Top 200 for Malta, as aggregated by Kworb from Spotify chart data. Streams earned outside the chart are not included. Chart coverage on the source page: 2014-01-12 through 2020-07-02.","{""country_code"":""MT"",""country_name"":""Malta"",""chart_coverage_start"":""2014-01-12"",""chart_coverage_end"":""2020-07-02"",""days_on_chart"":53,""top10_days"":17,""peak_rank"":6,""peak_occurrences"":null,""peak_daily_streams"":12330,""metric_scope"":""country-specific Spotify daily Top 200 chart-attributed streams"",""country_rank"":81}"
82,Dusk Till Dawn,ZAYN,[],,,,[],"[""und""]",,,,,,,spotify_country_chart_streams,375704.0,streams,375704,Spotify regional daily chart (Kworb aggregate),,,1j4kHkkpqZRBwE0A4CN4Yv,,,https://kworb.net/spotify/country/mt_weekly_totals.html,2026-10-02,"Exact aggregate of streams observed while this recording was inside Spotify's daily Top 200 for Malta, as aggregated by Kworb from Spotify chart data. Streams earned outside the chart are not included. Chart coverage on the source page: 2014-01-12 through 2020-07-02.","{""country_code"":""MT"",""country_name"":""Malta"",""chart_coverage_start"":""2014-01-12"",""chart_coverage_end"":""2020-07-02"",""days_on_chart"":46,""top10_days"":13,""peak_rank"":1,""peak_occurrences"":2,""peak_daily_streams"":20275,""metric_scope"":""country-specific Spotify daily Top 200 chart-attributed streams"",""country_rank"":82}"
83,Wonderwall - Remastered,Oasis,[],,,,[],"[""und""]",,,,,,,spotify_country_chart_streams,375383.0,streams,375383,Spotify regional daily chart (Kworb aggregate),,,5qqabIl2vWzo9ApSC317sa,,,https://kworb.net/spotify/country/mt_weekly_totals.html,2026-10-02,"Exact aggregate of streams observed while this recording was inside Spotify's daily Top 200 for Malta, as aggregated by Kworb from Spotify chart data. Streams earned outside the chart are not included. Chart coverage on the source page: 2014-01-12 through 2020-07-02.","{""country_code"":""MT"",""country_name"":""Malta"",""chart_coverage_start"":""2014-01-12"",""chart_coverage_end"":""2020-07-02"",""days_on_chart"":162,""top10_days"":null,""peak_rank"":77,""peak_occurrences"":null,""peak_daily_streams"":3617,""metric_scope"":""country-specific Spotify daily Top 200 chart-attributed streams"",""country_rank"":83}"
84,Scared to Be Lonely,Martin Garrix,[],,,,[],"[""und""]",,,,,,,spotify_country_chart_streams,373452.0,streams,373452,Spotify regional daily chart (Kworb aggregate),,,3ebXMykcMXOcLeJ9xZ17XH,,,https://kworb.net/spotify/country/mt_weekly_totals.html,2026-10-02,"Exact aggregate of streams observed while this recording was inside Spotify's daily Top 200 for Malta, as aggregated by Kworb from Spotify chart data. Streams earned outside the chart are not included. Chart coverage on the source page: 2014-01-12 through 2020-07-02.","{""country_code"":""MT"",""country_name"":""Malta"",""chart_coverage_start"":""2014-01-12"",""chart_coverage_end"":""2020-07-02"",""days_on_chart"":65,""top10_days"":11,""peak_rank"":4,""peak_occurrences"":null,""peak_daily_streams"":17958,""metric_scope"":""country-specific Spotify daily Top 200 chart-attributed streams"",""country_rank"":84}"
85,Call On Me - Ryan Riback Extended Remix,Starley,[],,,,[],"[""und""]",,,,,,,spotify_country_chart_streams,372775.0,streams,372775,Spotify regional daily chart (Kworb aggregate),,,78rIJddV4X0HkNAInEcYde,,,https://kworb.net/spotify/country/mt_weekly_totals.html,2026-10-02,"Exact aggregate of streams observed while this recording was inside Spotify's daily Top 200 for Malta, as aggregated by Kworb from Spotify chart data. Streams earned outside the chart are not included. Chart coverage on the source page: 2014-01-12 through 2020-07-02.","{""country_code"":""MT"",""country_name"":""Malta"",""chart_coverage_start"":""2014-01-12"",""chart_coverage_end"":""2020-07-02"",""days_on_chart"":67,""top10_days"":11,""peak_rank"":7,""peak_occurrences"":null,""peak_daily_streams"":11691,""metric_scope"":""country-specific Spotify daily Top 200 chart-attributed streams"",""country_rank"":85}"
86,ROXANNE,Arizona Zervas,[],,,,[],"[""und""]",,,,,,,spotify_country_chart_streams,371798.0,streams,371798,Spotify regional daily chart (Kworb aggregate),,,696DnlkuDOXcMAnKlTgXXK,,,https://kworb.net/spotify/country/mt_weekly_totals.html,2026-10-02,"Exact aggregate of streams observed while this recording was inside Spotify's daily Top 200 for Malta, as aggregated by Kworb from Spotify chart data. Streams earned outside the chart are not included. Chart coverage on the source page: 2014-01-12 through 2020-07-02.","{""country_code"":""MT"",""country_name"":""Malta"",""chart_coverage_start"":""2014-01-12"",""chart_coverage_end"":""2020-07-02"",""days_on_chart"":35,""top10_days"":13,""peak_rank"":2,""peak_occurrences"":4,""peak_daily_streams"":18814,""metric_scope"":""country-specific Spotify daily Top 200 chart-attributed streams"",""country_rank"":86}"
87,Promises,Calvin Harris,[],,,,[],"[""und""]",,,,,,,spotify_country_chart_streams,369151.0,streams,369151,Spotify regional daily chart (Kworb aggregate),,,5N5k9nd479b1xpDZ4usjrg,,,https://kworb.net/spotify/country/mt_weekly_totals.html,2026-10-02,"Exact aggregate of streams observed while this recording was inside Spotify's daily Top 200 for Malta, as aggregated by Kworb from Spotify chart data. Streams earned outside the chart are not included. Chart coverage on the source page: 2014-01-12 through 2020-07-02.","{""country_code"":""MT"",""country_name"":""Malta"",""chart_coverage_start"":""2014-01-12"",""chart_coverage_end"":""2020-07-02"",""days_on_chart"":59,""top10_days"":9,""peak_rank"":2,""peak_occurrences"":2,""peak_daily_streams"":20423,""metric_scope"":""country-specific Spotify daily Top 200 chart-attributed streams"",""country_rank"":87}"
88,Jocelyn Flores,XXXTENTACION,[],,,,[],"[""und""]",,,,,,,spotify_country_chart_streams,368097.0,streams,368097,Spotify regional daily chart (Kworb aggregate),,,7m9OqQk4RVRkw9JJdeAw96,,,https://kworb.net/spotify/country/mt_weekly_totals.html,2026-10-02,"Exact aggregate of streams observed while this recording was inside Spotify's daily Top 200 for Malta, as aggregated by Kworb from Spotify chart data. Streams earned outside the chart are not included. Chart coverage on the source page: 2014-01-12 through 2020-07-02.","{""country_code"":""MT"",""country_name"":""Malta"",""chart_coverage_start"":""2014-01-12"",""chart_coverage_end"":""2020-07-02"",""days_on_chart"":103,""top10_days"":null,""peak_rank"":11,""peak_occurrences"":null,""peak_daily_streams"":13275,""metric_scope"":""country-specific Spotify daily Top 200 chart-attributed streams"",""country_rank"":88}"
89,Too Good At Goodbyes,Sam Smith,[],,,,[],"[""und""]",,,,,,,spotify_country_chart_streams,366705.0,streams,366705,Spotify regional daily chart (Kworb aggregate),,,1mXVgsBdtIVeCLJnSnmtdV,,,https://kworb.net/spotify/country/mt_weekly_totals.html,2026-10-02,"Exact aggregate of streams observed while this recording was inside Spotify's daily Top 200 for Malta, as aggregated by Kworb from Spotify chart data. Streams earned outside the chart are not included. Chart coverage on the source page: 2014-01-12 through 2020-07-02.","{""country_code"":""MT"",""country_name"":""Malta"",""chart_coverage_start"":""2014-01-12"",""chart_coverage_end"":""2020-07-02"",""days_on_chart"":98,""top10_days"":4,""peak_rank"":5,""peak_occurrences"":null,""peak_daily_streams"":15940,""metric_scope"":""country-specific Spotify daily Top 200 chart-attributed streams"",""country_rank"":89}"
90,Mama,Jonas Blue,[],,,,[],"[""und""]",,,,,,,spotify_country_chart_streams,355344.0,streams,355344,Spotify regional daily chart (Kworb aggregate),,,0NiXXAI876aGImAd6rTj8w,,,https://kworb.net/spotify/country/mt_weekly_totals.html,2026-10-02,"Exact aggregate of streams observed while this recording was inside Spotify's daily Top 200 for Malta, as aggregated by Kworb from Spotify chart data. Streams earned outside the chart are not included. Chart coverage on the source page: 2014-01-12 through 2020-07-02.","{""country_code"":""MT"",""country_name"":""Malta"",""chart_coverage_start"":""2014-01-12"",""chart_coverage_end"":""2020-07-02"",""days_on_chart"":49,""top10_days"":11,""peak_rank"":2,""peak_occurrences"":1,""peak_daily_streams"":18664,""metric_scope"":""country-specific Spotify daily Top 200 chart-attributed streams"",""country_rank"":90}"
91,In My Feelings,Drake,[],,,,[],"[""und""]",,,,,,,spotify_country_chart_streams,355099.0,streams,355099,Spotify regional daily chart (Kworb aggregate),,,2G7V7zsVDxg1yRsu7Ew9RJ,,,https://kworb.net/spotify/country/mt_weekly_totals.html,2026-10-02,"Exact aggregate of streams observed while this recording was inside Spotify's daily Top 200 for Malta, as aggregated by Kworb from Spotify chart data. Streams earned outside the chart are not included. Chart coverage on the source page: 2014-01-12 through 2020-07-02.","{""country_code"":""MT"",""country_name"":""Malta"",""chart_coverage_start"":""2014-01-12"",""chart_coverage_end"":""2020-07-02"",""days_on_chart"":32,""top10_days"":11,""peak_rank"":1,""peak_occurrences"":7,""peak_daily_streams"":31873,""metric_scope"":""country-specific Spotify daily Top 200 chart-attributed streams"",""country_rank"":91}"
92,Light It Up,Major Lazer,[],,,,[],"[""und""]",,,,,,,spotify_country_chart_streams,355078.0,streams,355078,Spotify regional daily chart (Kworb aggregate),,,6lDo13SSgTv0WbyUQKgnjk,,,https://kworb.net/spotify/country/mt_weekly_totals.html,2026-10-02,"Exact aggregate of streams observed while this recording was inside Spotify's daily Top 200 for Malta, as aggregated by Kworb from Spotify chart data. Streams earned outside the chart are not included. Chart coverage on the source page: 2014-01-12 through 2020-07-02.","{""country_code"":""MT"",""country_name"":""Malta"",""chart_coverage_start"":""2014-01-12"",""chart_coverage_end"":""2020-07-02"",""days_on_chart"":73,""top10_days"":8,""peak_rank"":8,""peak_occurrences"":null,""peak_daily_streams"":10534,""metric_scope"":""country-specific Spotify daily Top 200 chart-attributed streams"",""country_rank"":92}"
93,Africa,TOTO,[],,,,[],"[""und""]",,,,,,,spotify_country_chart_streams,354574.0,streams,354574,Spotify regional daily chart (Kworb aggregate),,,2374M0fQpWi3dLnB54qaLX,,,https://kworb.net/spotify/country/mt_weekly_totals.html,2026-10-02,"Exact aggregate of streams observed while this recording was inside Spotify's daily Top 200 for Malta, as aggregated by Kworb from Spotify chart data. Streams earned outside the chart are not included. Chart coverage on the source page: 2014-01-12 through 2020-07-02.","{""country_code"":""MT"",""country_name"":""Malta"",""chart_coverage_start"":""2014-01-12"",""chart_coverage_end"":""2020-07-02"",""days_on_chart"":131,""top10_days"":null,""peak_rank"":95,""peak_occurrences"":null,""peak_daily_streams"":3813,""metric_scope"":""country-specific Spotify daily Top 200 chart-attributed streams"",""country_rank"":93}"
94,Ride It,Regard,[],,,,[],"[""und""]",,,,,,,spotify_country_chart_streams,354421.0,streams,354421,Spotify regional daily chart (Kworb aggregate),,,2tnVG71enUj33Ic2nFN6kZ,,,https://kworb.net/spotify/country/mt_weekly_totals.html,2026-10-02,"Exact aggregate of streams observed while this recording was inside Spotify's daily Top 200 for Malta, as aggregated by Kworb from Spotify chart data. Streams earned outside the chart are not included. Chart coverage on the source page: 2014-01-12 through 2020-07-02.","{""country_code"":""MT"",""country_name"":""Malta"",""chart_coverage_start"":""2014-01-12"",""chart_coverage_end"":""2020-07-02"",""days_on_chart"":48,""top10_days"":9,""peak_rank"":4,""peak_occurrences"":null,""peak_daily_streams"":17077,""metric_scope"":""country-specific Spotify daily Top 200 chart-attributed streams"",""country_rank"":94}"
95,The Middle,Zedd,[],,,,[],"[""und""]",,,,,,,spotify_country_chart_streams,352338.0,streams,352338,Spotify regional daily chart (Kworb aggregate),,,09IStsImFySgyp0pIQdqAc,,,https://kworb.net/spotify/country/mt_weekly_totals.html,2026-10-02,"Exact aggregate of streams observed while this recording was inside Spotify's daily Top 200 for Malta, as aggregated by Kworb from Spotify chart data. Streams earned outside the chart are not included. Chart coverage on the source page: 2014-01-12 through 2020-07-02.","{""country_code"":""MT"",""country_name"":""Malta"",""chart_coverage_start"":""2014-01-12"",""chart_coverage_end"":""2020-07-02"",""days_on_chart"":76,""top10_days"":3,""peak_rank"":8,""peak_occurrences"":null,""peak_daily_streams"":11964,""metric_scope"":""country-specific Spotify daily Top 200 chart-attributed streams"",""country_rank"":95}"
96,This Is What You Came For,Calvin Harris,[],,,,[],"[""und""]",,,,,,,spotify_country_chart_streams,351328.0,streams,351328,Spotify regional daily chart (Kworb aggregate),,,0azC730Exh71aQlOt9Zj3y,,,https://kworb.net/spotify/country/mt_weekly_totals.html,2026-10-02,"Exact aggregate of streams observed while this recording was inside Spotify's daily Top 200 for Malta, as aggregated by Kworb from Spotify chart data. Streams earned outside the chart are not included. Chart coverage on the source page: 2014-01-12 through 2020-07-02.","{""country_code"":""MT"",""country_name"":""Malta"",""chart_coverage_start"":""2014-01-12"",""chart_coverage_end"":""2020-07-02"",""days_on_chart"":54,""top10_days"":15,""peak_rank"":2,""peak_occurrences"":11,""peak_daily_streams"":16074,""metric_scope"":""country-specific Spotify daily Top 200 chart-attributed streams"",""country_rank"":96}"
97,Paris,The Chainsmokers,[],,,,[],"[""und""]",,,,,,,spotify_country_chart_streams,350273.0,streams,350273,Spotify regional daily chart (Kworb aggregate),,,15vzANxN8G9wWfwAJLLMCg,,,https://kworb.net/spotify/country/mt_weekly_totals.html,2026-10-02,"Exact aggregate of streams observed while this recording was inside Spotify's daily Top 200 for Malta, as aggregated by Kworb from Spotify chart data. Streams earned outside the chart are not included. Chart coverage on the source page: 2014-01-12 through 2020-07-02.","{""country_code"":""MT"",""country_name"":""Malta"",""chart_coverage_start"":""2014-01-12"",""chart_coverage_end"":""2020-07-02"",""days_on_chart"":50,""top10_days"":13,""peak_rank"":2,""peak_occurrences"":1,""peak_daily_streams"":18928,""metric_scope"":""country-specific Spotify daily Top 200 chart-attributed streams"",""country_rank"":97}"
98,What Lovers Do,Maroon 5,[],,,,[],"[""und""]",,,,,,,spotify_country_chart_streams,350030.0,streams,350030,Spotify regional daily chart (Kworb aggregate),,,3hBBKuWJfxlIlnd9QFoC8k,,,https://kworb.net/spotify/country/mt_weekly_totals.html,2026-10-02,"Exact aggregate of streams observed while this recording was inside Spotify's daily Top 200 for Malta, as aggregated by Kworb from Spotify chart data. Streams earned outside the chart are not included. Chart coverage on the source page: 2014-01-12 through 2020-07-02.","{""country_code"":""MT"",""country_name"":""Malta"",""chart_coverage_start"":""2014-01-12"",""chart_coverage_end"":""2020-07-02"",""days_on_chart"":54,""top10_days"":13,""peak_rank"":4,""peak_occurrences"":null,""peak_daily_streams"":15738,""metric_scope"":""country-specific Spotify daily Top 200 chart-attributed streams"",""country_rank"":98}"
99,Mi Gente,J Balvin,[],,,,[],"[""und""]",,,,,,,spotify_country_chart_streams,347258.0,streams,347258,Spotify regional daily chart (Kworb aggregate),,,2rb5MvYT7ZIxbKW5hfcHx8,,,https://kworb.net/spotify/country/mt_weekly_totals.html,2026-10-02,"Exact aggregate of streams observed while this recording was inside Spotify's daily Top 200 for Malta, as aggregated by Kworb from Spotify chart data. Streams earned outside the chart are not included. Chart coverage on the source page: 2014-01-12 through 2020-07-02.","{""country_code"":""MT"",""country_name"":""Malta"",""chart_coverage_start"":""2014-01-12"",""chart_coverage_end"":""2020-07-02"",""days_on_chart"":48,""top10_days"":12,""peak_rank"":1,""peak_occurrences"":4,""peak_daily_streams"":19044,""metric_scope"":""country-specific Spotify daily Top 200 chart-attributed streams"",""alternate_metrics"":[{""metric_name"":""spotify_country_chart_streams"",""metric_value"":55930.0,""metric_unit"":""streams"",""listen_count"":55930,""view_count"":null,""source_url"":""https://kworb.net/spotify/country/mt_weekly_totals.html"",""retrieved_at"":""2026-10-02""}],""merged_sources"":[""https://kworb.net/spotify/country/mt_weekly_totals.html""],""country_rank"":99}"
100,High Hopes,Panic! At The Disco,[],,,,[],"[""und""]",,,,,,,spotify_country_chart_streams,347255.0,streams,347255,Spotify regional daily chart (Kworb aggregate),,,1rqqCSm0Qe4I9rUvWncaom,,,https://kworb.net/spotify/country/mt_weekly_totals.html,2026-10-02,"Exact aggregate of streams observed while this recording was inside Spotify's daily Top 200 for Malta, as aggregated by Kworb from Spotify chart data. Streams earned outside the chart are not included. Chart coverage on the source page: 2014-01-12 through 2020-07-02.","{""country_code"":""MT"",""country_name"":""Malta"",""chart_coverage_start"":""2014-01-12"",""chart_coverage_end"":""2020-07-02"",""days_on_chart"":83,""top10_days"":null,""peak_rank"":15,""peak_occurrences"":null,""peak_daily_streams"":10417,""metric_scope"":""country-specific Spotify daily Top 200 chart-attributed streams"",""country_rank"":100}"
101,Con Calma,Daddy Yankee,[],,,,[],"[""und""]",,,,,,,spotify_country_chart_streams,345659.0,streams,345659,Spotify regional daily chart (Kworb aggregate),,,5w9c2J52mkdntKOmRLeM2m,,,https://kworb.net/spotify/country/mt_weekly_totals.html,2026-10-02,"Exact aggregate of streams observed while this recording was inside Spotify's daily Top 200 for Malta, as aggregated by Kworb from Spotify chart data. Streams earned outside the chart are not included. Chart coverage on the source page: 2014-01-12 through 2020-07-02.","{""country_code"":""MT"",""country_name"":""Malta"",""chart_coverage_start"":""2014-01-12"",""chart_coverage_end"":""2020-07-02"",""days_on_chart"":42,""top10_days"":11,""peak_rank"":1,""peak_occurrences"":1,""peak_daily_streams"":22800,""metric_scope"":""country-specific Spotify daily Top 200 chart-attributed streams"",""country_rank"":101}"
102,Sorry,Justin Bieber,[],,,,[],"[""und""]",,,,,,,spotify_country_chart_streams,345459.0,streams,345459,Spotify regional daily chart (Kworb aggregate),,,69bp2EbF7Q2rqc5N3ylezZ,,,https://kworb.net/spotify/country/mt_weekly_totals.html,2026-10-02,"Exact aggregate of streams observed while this recording was inside Spotify's daily Top 200 for Malta, as aggregated by Kworb from Spotify chart data. Streams earned outside the chart are not included. Chart coverage on the source page: 2014-01-12 through 2020-07-02.","{""country_code"":""MT"",""country_name"":""Malta"",""chart_coverage_start"":""2014-01-12"",""chart_coverage_end"":""2020-07-02"",""days_on_chart"":71,""top10_days"":18,""peak_rank"":1,""peak_occurrences"":3,""peak_daily_streams"":14210,""metric_scope"":""country-specific Spotify daily Top 200 chart-attributed streams"",""country_rank"":102}"
103,Body,Loud Luxury,[],,,,[],"[""und""]",,,,,,,spotify_country_chart_streams,345249.0,streams,345249,Spotify regional daily chart (Kworb aggregate),,,7K7MUBCnzgBAvMVW2RTWNs,,,https://kworb.net/spotify/country/mt_weekly_totals.html,2026-10-02,"Exact aggregate of streams observed while this recording was inside Spotify's daily Top 200 for Malta, as aggregated by Kworb from Spotify chart data. Streams earned outside the chart are not included. Chart coverage on the source page: 2014-01-12 through 2020-07-02.","{""country_code"":""MT"",""country_name"":""Malta"",""chart_coverage_start"":""2014-01-12"",""chart_coverage_end"":""2020-07-02"",""days_on_chart"":74,""top10_days"":2,""peak_rank"":9,""peak_occurrences"":null,""peak_daily_streams"":12169,""metric_scope"":""country-specific Spotify daily Top 200 chart-attributed streams"",""country_rank"":103}"
104,FRIENDS,Marshmello,[],,,,[],"[""und""]",,,,,,,spotify_country_chart_streams,344988.0,streams,344988,Spotify regional daily chart (Kworb aggregate),,,08bNPGLD8AhKpnnERrAc6G,,,https://kworb.net/spotify/country/mt_weekly_totals.html,2026-10-02,"Exact aggregate of streams observed while this recording was inside Spotify's daily Top 200 for Malta, as aggregated by Kworb from Spotify chart data. Streams earned outside the chart are not included. Chart coverage on the source page: 2014-01-12 through 2020-07-02.","{""country_code"":""MT"",""country_name"":""Malta"",""chart_coverage_start"":""2014-01-12"",""chart_coverage_end"":""2020-07-02"",""days_on_chart"":50,""top10_days"":12,""peak_rank"":2,""peak_occurrences"":4,""peak_daily_streams"":18288,""metric_scope"":""country-specific Spotify daily Top 200 chart-attributed streams"",""country_rank"":104}"
105,Calma - Remix,Pedro Capó,[],,,,[],"[""und""]",,,,,,,spotify_country_chart_streams,344711.0,streams,344711,Spotify regional daily chart (Kworb aggregate),,,5iwz1NiezX7WWjnCgY5TH4,,,https://kworb.net/spotify/country/mt_weekly_totals.html,2026-10-02,"Exact aggregate of streams observed while this recording was inside Spotify's daily Top 200 for Malta, as aggregated by Kworb from Spotify chart data. Streams earned outside the chart are not included. Chart coverage on the source page: 2014-01-12 through 2020-07-02.","{""country_code"":""MT"",""country_name"":""Malta"",""chart_coverage_start"":""2014-01-12"",""chart_coverage_end"":""2020-07-02"",""days_on_chart"":47,""top10_days"":9,""peak_rank"":3,""peak_occurrences"":2,""peak_daily_streams"":16580,""metric_scope"":""country-specific Spotify daily Top 200 chart-attributed streams"",""country_rank"":105}"
106,Wolves,Selena Gomez,[],,,,[],"[""und""]",,,,,,,spotify_country_chart_streams,344046.0,streams,344046,Spotify regional daily chart (Kworb aggregate),,,7EmGUiUaOSGDnUUQUDrOXC,,,https://kworb.net/spotify/country/mt_weekly_totals.html,2026-10-02,"Exact aggregate of streams observed while this recording was inside Spotify's daily Top 200 for Malta, as aggregated by Kworb from Spotify chart data. Streams earned outside the chart are not included. Chart coverage on the source page: 2014-01-12 through 2020-07-02.","{""country_code"":""MT"",""country_name"":""Malta"",""chart_coverage_start"":""2014-01-12"",""chart_coverage_end"":""2020-07-02"",""days_on_chart"":46,""top10_days"":13,""peak_rank"":2,""peak_occurrences"":4,""peak_daily_streams"":19188,""metric_scope"":""country-specific Spotify daily Top 200 chart-attributed streams"",""country_rank"":106}"
107,Cold Water,Major Lazer,[],,,,[],"[""und""]",,,,,,,spotify_country_chart_streams,343612.0,streams,343612,Spotify regional daily chart (Kworb aggregate),,,6DNtNfH8hXkqOX1sjqmI7p,,,https://kworb.net/spotify/country/mt_weekly_totals.html,2026-10-02,"Exact aggregate of streams observed while this recording was inside Spotify's daily Top 200 for Malta, as aggregated by Kworb from Spotify chart data. Streams earned outside the chart are not included. Chart coverage on the source page: 2014-01-12 through 2020-07-02.","{""country_code"":""MT"",""country_name"":""Malta"",""chart_coverage_start"":""2014-01-12"",""chart_coverage_end"":""2020-07-02"",""days_on_chart"":45,""top10_days"":16,""peak_rank"":1,""peak_occurrences"":3,""peak_daily_streams"":18891,""metric_scope"":""country-specific Spotify daily Top 200 chart-attributed streams"",""country_rank"":107}"
108,Swalla,Jason Derulo,[],,,,[],"[""und""]",,,,,,,spotify_country_chart_streams,343291.0,streams,343291,Spotify regional daily chart (Kworb aggregate),,,6kex4EBAj0WHXDKZMEJaaF,,,https://kworb.net/spotify/country/mt_weekly_totals.html,2026-10-02,"Exact aggregate of streams observed while this recording was inside Spotify's daily Top 200 for Malta, as aggregated by Kworb from Spotify chart data. Streams earned outside the chart are not included. Chart coverage on the source page: 2014-01-12 through 2020-07-02.","{""country_code"":""MT"",""country_name"":""Malta"",""chart_coverage_start"":""2014-01-12"",""chart_coverage_end"":""2020-07-02"",""days_on_chart"":51,""top10_days"":11,""peak_rank"":4,""peak_occurrences"":null,""peak_daily_streams"":15950,""metric_scope"":""country-specific Spotify daily Top 200 chart-attributed streams"",""country_rank"":108}"
109,Better,Khalid,[],,,,[],"[""und""]",,,,,,,spotify_country_chart_streams,342755.0,streams,342755,Spotify regional daily chart (Kworb aggregate),,,6zeeWid2sgw4lap2jV61PZ,,,https://kworb.net/spotify/country/mt_weekly_totals.html,2026-10-02,"Exact aggregate of streams observed while this recording was inside Spotify's daily Top 200 for Malta, as aggregated by Kworb from Spotify chart data. Streams earned outside the chart are not included. Chart coverage on the source page: 2014-01-12 through 2020-07-02.","{""country_code"":""MT"",""country_name"":""Malta"",""chart_coverage_start"":""2014-01-12"",""chart_coverage_end"":""2020-07-02"",""days_on_chart"":66,""top10_days"":null,""peak_rank"":11,""peak_occurrences"":null,""peak_daily_streams"":13247,""metric_scope"":""country-specific Spotify daily Top 200 chart-attributed streams"",""country_rank"":109}"
110,Solo Dance,Martin Jensen,[],,,,[],"[""und""]",,,,,,,spotify_country_chart_streams,341778.0,streams,341778,Spotify regional daily chart (Kworb aggregate),,,6HUnnBwYZqcED1eQztxMBN,,,https://kworb.net/spotify/country/mt_weekly_totals.html,2026-10-02,"Exact aggregate of streams observed while this recording was inside Spotify's daily Top 200 for Malta, as aggregated by Kworb from Spotify chart data. Streams earned outside the chart are not included. Chart coverage on the source page: 2014-01-12 through 2020-07-02.","{""country_code"":""MT"",""country_name"":""Malta"",""chart_coverage_start"":""2014-01-12"",""chart_coverage_end"":""2020-07-02"",""days_on_chart"":72,""top10_days"":null,""peak_rank"":16,""peak_occurrences"":null,""peak_daily_streams"":11156,""metric_scope"":""country-specific Spotify daily Top 200 chart-attributed streams"",""country_rank"":110}"
111,everything i wanted,Billie Eilish,[],,,,[],"[""und""]",,,,,,,spotify_country_chart_streams,341103.0,streams,341103,Spotify regional daily chart (Kworb aggregate),,,3ZCTVFBt2Brf31RLEnCkWJ,,,https://kworb.net/spotify/country/mt_weekly_totals.html,2026-10-02,"Exact aggregate of streams observed while this recording was inside Spotify's daily Top 200 for Malta, as aggregated by Kworb from Spotify chart data. Streams earned outside the chart are not included. Chart coverage on the source page: 2014-01-12 through 2020-07-02.","{""country_code"":""MT"",""country_name"":""Malta"",""chart_coverage_start"":""2014-01-12"",""chart_coverage_end"":""2020-07-02"",""days_on_chart"":34,""top10_days"":13,""peak_rank"":2,""peak_occurrences"":1,""peak_daily_streams"":24798,""metric_scope"":""country-specific Spotify daily Top 200 chart-attributed streams"",""country_rank"":111}"
112,XO TOUR Llif3,Lil Uzi Vert,[],,,,[],"[""und""]",,,,,,,spotify_country_chart_streams,339160.0,streams,339160,Spotify regional daily chart (Kworb aggregate),,,7GX5flRQZVHRAGd6B4TmDO,,,https://kworb.net/spotify/country/mt_weekly_totals.html,2026-10-02,"Exact aggregate of streams observed while this recording was inside Spotify's daily Top 200 for Malta, as aggregated by Kworb from Spotify chart data. Streams earned outside the chart are not included. Chart coverage on the source page: 2014-01-12 through 2020-07-02.","{""country_code"":""MT"",""country_name"":""Malta"",""chart_coverage_start"":""2014-01-12"",""chart_coverage_end"":""2020-07-02"",""days_on_chart"":74,""top10_days"":null,""peak_rank"":20,""peak_occurrences"":null,""peak_daily_streams"":9652,""metric_scope"":""country-specific Spotify daily Top 200 chart-attributed streams"",""country_rank"":112}"
113,Treat You Better,Shawn Mendes,[],,,,[],"[""und""]",,,,,,,spotify_country_chart_streams,339014.0,streams,339014,Spotify regional daily chart (Kworb aggregate),,,3QGsuHI8jO1Rx4JWLUh9jd,,,https://kworb.net/spotify/country/mt_weekly_totals.html,2026-10-02,"Exact aggregate of streams observed while this recording was inside Spotify's daily Top 200 for Malta, as aggregated by Kworb from Spotify chart data. Streams earned outside the chart are not included. Chart coverage on the source page: 2014-01-12 through 2020-07-02.","{""country_code"":""MT"",""country_name"":""Malta"",""chart_coverage_start"":""2014-01-12"",""chart_coverage_end"":""2020-07-02"",""days_on_chart"":69,""top10_days"":12,""peak_rank"":3,""peak_occurrences"":2,""peak_daily_streams"":12499,""metric_scope"":""country-specific Spotify daily Top 200 chart-attributed streams"",""country_rank"":113}"
114,7 Years,Lukas Graham,[],,,,[],"[""und""]",,,,,,,spotify_country_chart_streams,336560.0,streams,336560,Spotify regional daily chart (Kworb aggregate),,,5kqIPrATaCc2LqxVWzQGbk,,,https://kworb.net/spotify/country/mt_weekly_totals.html,2026-10-02,"Exact aggregate of streams observed while this recording was inside Spotify's daily Top 200 for Malta, as aggregated by Kworb from Spotify chart data. Streams earned outside the chart are not included. Chart coverage on the source page: 2014-01-12 through 2020-07-02.","{""country_code"":""MT"",""country_name"":""Malta"",""chart_coverage_start"":""2014-01-12"",""chart_coverage_end"":""2020-07-02"",""days_on_chart"":74,""top10_days"":12,""peak_rank"":1,""peak_occurrences"":3,""peak_daily_streams"":14426,""metric_scope"":""country-specific Spotify daily Top 200 chart-attributed streams"",""country_rank"":114}"
115,Stressed Out,Twenty One Pilots,[],,,,[],"[""und""]",,,,,,,spotify_country_chart_streams,334659.0,streams,334659,Spotify regional daily chart (Kworb aggregate),,,3CRDbSIZ4r5MsZ0YwxuEkn,,,https://kworb.net/spotify/country/mt_weekly_totals.html,2026-10-02,"Exact aggregate of streams observed while this recording was inside Spotify's daily Top 200 for Malta, as aggregated by Kworb from Spotify chart data. Streams earned outside the chart are not included. Chart coverage on the source page: 2014-01-12 through 2020-07-02.","{""country_code"":""MT"",""country_name"":""Malta"",""chart_coverage_start"":""2014-01-12"",""chart_coverage_end"":""2020-07-02"",""days_on_chart"":78,""top10_days"":12,""peak_rank"":3,""peak_occurrences"":1,""peak_daily_streams"":11628,""metric_scope"":""country-specific Spotify daily Top 200 chart-attributed streams"",""country_rank"":115}"
116,Love Yourself,Justin Bieber,[],,,,[],"[""und""]",,,,,,,spotify_country_chart_streams,333836.0,streams,333836,Spotify regional daily chart (Kworb aggregate),,,3hB5DgAiMAQ4DzYbsMq1IT,,,https://kworb.net/spotify/country/mt_weekly_totals.html,2026-10-02,"Exact aggregate of streams observed while this recording was inside Spotify's daily Top 200 for Malta, as aggregated by Kworb from Spotify chart data. Streams earned outside the chart are not included. Chart coverage on the source page: 2014-01-12 through 2020-07-02.","{""country_code"":""MT"",""country_name"":""Malta"",""chart_coverage_start"":""2014-01-12"",""chart_coverage_end"":""2020-07-02"",""days_on_chart"":74,""top10_days"":16,""peak_rank"":1,""peak_occurrences"":6,""peak_daily_streams"":12478,""metric_scope"":""country-specific Spotify daily Top 200 chart-attributed streams"",""country_rank"":116}"
117,Goodbyes (Feat. Young Thug),Post Malone,[],,,,[],"[""und""]",,,,,,,spotify_country_chart_streams,329449.0,streams,329449,Spotify regional daily chart (Kworb aggregate),,,6vBdBCoOhKHiYDDOcorfNo,,,https://kworb.net/spotify/country/mt_weekly_totals.html,2026-10-02,"Exact aggregate of streams observed while this recording was inside Spotify's daily Top 200 for Malta, as aggregated by Kworb from Spotify chart data. Streams earned outside the chart are not included. Chart coverage on the source page: 2014-01-12 through 2020-07-02.","{""country_code"":""MT"",""country_name"":""Malta"",""chart_coverage_start"":""2014-01-12"",""chart_coverage_end"":""2020-07-02"",""days_on_chart"":47,""top10_days"":11,""peak_rank"":2,""peak_occurrences"":1,""peak_daily_streams"":20429,""metric_scope"":""country-specific Spotify daily Top 200 chart-attributed streams"",""country_rank"":117}"
118,Castle on the Hill,Ed Sheeran,[],,,,[],"[""und""]",,,,,,,spotify_country_chart_streams,326526.0,streams,326526,Spotify regional daily chart (Kworb aggregate),,,6PCUP3dWmTjcTtXY02oFdT,,,https://kworb.net/spotify/country/mt_weekly_totals.html,2026-10-02,"Exact aggregate of streams observed while this recording was inside Spotify's daily Top 200 for Malta, as aggregated by Kworb from Spotify chart data. Streams earned outside the chart are not included. Chart coverage on the source page: 2014-01-12 through 2020-07-02.","{""country_code"":""MT"",""country_name"":""Malta"",""chart_coverage_start"":""2014-01-12"",""chart_coverage_end"":""2020-07-02"",""days_on_chart"":60,""top10_days"":10,""peak_rank"":2,""peak_occurrences"":3,""peak_daily_streams"":24228,""metric_scope"":""country-specific Spotify daily Top 200 chart-attributed streams"",""country_rank"":118}"
119,Despacito (Featuring Daddy Yankee),Luis Fonsi,[],,,,[],"[""und""]",,,,,,,spotify_country_chart_streams,325980.0,streams,325980,Spotify regional daily chart (Kworb aggregate),,,4aWmUDTfIPGksMNLV2rQP2,,,https://kworb.net/spotify/country/mt_weekly_totals.html,2026-10-02,"Exact aggregate of streams observed while this recording was inside Spotify's daily Top 200 for Malta, as aggregated by Kworb from Spotify chart data. Streams earned outside the chart are not included. Chart coverage on the source page: 2014-01-12 through 2020-07-02.","{""country_code"":""MT"",""country_name"":""Malta"",""chart_coverage_start"":""2014-01-12"",""chart_coverage_end"":""2020-07-02"",""days_on_chart"":48,""top10_days"":1,""peak_rank"":5,""peak_occurrences"":null,""peak_daily_streams"":15412,""metric_scope"":""country-specific Spotify daily Top 200 chart-attributed streams"",""country_rank"":119}"
120,Feel It Still,Portugal. The Man,[],,,,[],"[""und""]",,,,,,,spotify_country_chart_streams,325730.0,streams,325730,Spotify regional daily chart (Kworb aggregate),,,6QgjcU0zLnzq5OrUoSZ3OK,,,https://kworb.net/spotify/country/mt_weekly_totals.html,2026-10-02,"Exact aggregate of streams observed while this recording was inside Spotify's daily Top 200 for Malta, as aggregated by Kworb from Spotify chart data. Streams earned outside the chart are not included. Chart coverage on the source page: 2014-01-12 through 2020-07-02.","{""country_code"":""MT"",""country_name"":""Malta"",""chart_coverage_start"":""2014-01-12"",""chart_coverage_end"":""2020-07-02"",""days_on_chart"":65,""top10_days"":null,""peak_rank"":16,""peak_occurrences"":null,""peak_daily_streams"":9463,""metric_scope"":""country-specific Spotify daily Top 200 chart-attributed streams"",""country_rank"":120}"
121,i'm so tired...,Lauv,[],,,,[],"[""und""]",,,,,,,spotify_country_chart_streams,325060.0,streams,325060,Spotify regional daily chart (Kworb aggregate),,,7COXchtUOMd6uIT6HvmRaI,,,https://kworb.net/spotify/country/mt_weekly_totals.html,2026-10-02,"Exact aggregate of streams observed while this recording was inside Spotify's daily Top 200 for Malta, as aggregated by Kworb from Spotify chart data. Streams earned outside the chart are not included. Chart coverage on the source page: 2014-01-12 through 2020-07-02.","{""country_code"":""MT"",""country_name"":""Malta"",""chart_coverage_start"":""2014-01-12"",""chart_coverage_end"":""2020-07-02"",""days_on_chart"":73,""top10_days"":1,""peak_rank"":8,""peak_occurrences"":null,""peak_daily_streams"":11539,""metric_scope"":""country-specific Spotify daily Top 200 chart-attributed streams"",""country_rank"":121}"
122,There's Nothing Holdin' Me Back,Shawn Mendes,[],,,,[],"[""und""]",,,,,,,spotify_country_chart_streams,324018.0,streams,324018,Spotify regional daily chart (Kworb aggregate),,,79cuOz3SPQTuFrp8WgftAu,,,https://kworb.net/spotify/country/mt_weekly_totals.html,2026-10-02,"Exact aggregate of streams observed while this recording was inside Spotify's daily Top 200 for Malta, as aggregated by Kworb from Spotify chart data. Streams earned outside the chart are not included. Chart coverage on the source page: 2014-01-12 through 2020-07-02.","{""country_code"":""MT"",""country_name"":""Malta"",""chart_coverage_start"":""2014-01-12"",""chart_coverage_end"":""2020-07-02"",""days_on_chart"":51,""top10_days"":5,""peak_rank"":5,""peak_occurrences"":null,""peak_daily_streams"":16907,""metric_scope"":""country-specific Spotify daily Top 200 chart-attributed streams"",""country_rank"":122}"
123,HUMBLE.,Kendrick Lamar,[],,,,[],"[""und""]",,,,,,,spotify_country_chart_streams,322386.0,streams,322386,Spotify regional daily chart (Kworb aggregate),,,7KXjTSCq5nL1LoYtL7XAwS,,,https://kworb.net/spotify/country/mt_weekly_totals.html,2026-10-02,"Exact aggregate of streams observed while this recording was inside Spotify's daily Top 200 for Malta, as aggregated by Kworb from Spotify chart data. Streams earned outside the chart are not included. Chart coverage on the source page: 2014-01-12 through 2020-07-02.","{""country_code"":""MT"",""country_name"":""Malta"",""chart_coverage_start"":""2014-01-12"",""chart_coverage_end"":""2020-07-02"",""days_on_chart"":59,""top10_days"":2,""peak_rank"":5,""peak_occurrences"":null,""peak_daily_streams"":15298,""metric_scope"":""country-specific Spotify daily Top 200 chart-attributed streams"",""country_rank"":123}"
124,Psycho,Post Malone,[],,,,[],"[""und""]",,,,,,,spotify_country_chart_streams,321513.0,streams,321513,Spotify regional daily chart (Kworb aggregate),,,3swc6WTsr7rl9DqQKQA55C,,,https://kworb.net/spotify/country/mt_weekly_totals.html,2026-10-02,"Exact aggregate of streams observed while this recording was inside Spotify's daily Top 200 for Malta, as aggregated by Kworb from Spotify chart data. Streams earned outside the chart are not included. Chart coverage on the source page: 2014-01-12 through 2020-07-02.","{""country_code"":""MT"",""country_name"":""Malta"",""chart_coverage_start"":""2014-01-12"",""chart_coverage_end"":""2020-07-02"",""days_on_chart"":50,""top10_days"":9,""peak_rank"":2,""peak_occurrences"":1,""peak_daily_streams"":21362,""metric_scope"":""country-specific Spotify daily Top 200 chart-attributed streams"",""country_rank"":124}"
125,Heathens,Twenty One Pilots,[],,,,[],"[""und""]",,,,,,,spotify_country_chart_streams,320887.0,streams,320887,Spotify regional daily chart (Kworb aggregate),,,6i0V12jOa3mr6uu4WYhUBr,,,https://kworb.net/spotify/country/mt_weekly_totals.html,2026-10-02,"Exact aggregate of streams observed while this recording was inside Spotify's daily Top 200 for Malta, as aggregated by Kworb from Spotify chart data. Streams earned outside the chart are not included. Chart coverage on the source page: 2014-01-12 through 2020-07-02.","{""country_code"":""MT"",""country_name"":""Malta"",""chart_coverage_start"":""2014-01-12"",""chart_coverage_end"":""2020-07-02"",""days_on_chart"":51,""top10_days"":12,""peak_rank"":3,""peak_occurrences"":1,""peak_daily_streams"":15686,""metric_scope"":""country-specific Spotify daily Top 200 chart-attributed streams"",""country_rank"":125}"
126,Issues,Julia Michaels,[],,,,[],"[""und""]",,,,,,,spotify_country_chart_streams,320568.0,streams,320568,Spotify regional daily chart (Kworb aggregate),,,1sXUWdKx03aP9Gmzft58rt,,,https://kworb.net/spotify/country/mt_weekly_totals.html,2026-10-02,"Exact aggregate of streams observed while this recording was inside Spotify's daily Top 200 for Malta, as aggregated by Kworb from Spotify chart data. Streams earned outside the chart are not included. Chart coverage on the source page: 2014-01-12 through 2020-07-02.","{""country_code"":""MT"",""country_name"":""Malta"",""chart_coverage_start"":""2014-01-12"",""chart_coverage_end"":""2020-07-02"",""days_on_chart"":63,""top10_days"":3,""peak_rank"":8,""peak_occurrences"":null,""peak_daily_streams"":13360,""metric_scope"":""country-specific Spotify daily Top 200 chart-attributed streams"",""country_rank"":126}"
127,HIGHEST IN THE ROOM,Travis Scott,[],,,,[],"[""und""]",,,,,,,spotify_country_chart_streams,320557.0,streams,320557,Spotify regional daily chart (Kworb aggregate),,,3eekarcy7kvN4yt5ZFzltW,,,https://kworb.net/spotify/country/mt_weekly_totals.html,2026-10-02,"Exact aggregate of streams observed while this recording was inside Spotify's daily Top 200 for Malta, as aggregated by Kworb from Spotify chart data. Streams earned outside the chart are not included. Chart coverage on the source page: 2014-01-12 through 2020-07-02.","{""country_code"":""MT"",""country_name"":""Malta"",""chart_coverage_start"":""2014-01-12"",""chart_coverage_end"":""2020-07-02"",""days_on_chart"":39,""top10_days"":6,""peak_rank"":2,""peak_occurrences"":2,""peak_daily_streams"":24332,""metric_scope"":""country-specific Spotify daily Top 200 chart-attributed streams"",""alternate_metrics"":[{""metric_name"":""spotify_country_chart_streams"",""metric_value"":37983.0,""metric_unit"":""streams"",""listen_count"":37983,""view_count"":null,""source_url"":""https://kworb.net/spotify/country/mt_weekly_totals.html"",""retrieved_at"":""2026-10-02""}],""merged_sources"":[""https://kworb.net/spotify/country/mt_weekly_totals.html""],""country_rank"":127}"
128,We Don't Talk Anymore,Charlie Puth,[],,,,[],"[""und""]",,,,,,,spotify_country_chart_streams,320283.0,streams,320283,Spotify regional daily chart (Kworb aggregate),,,06KyNuuMOX1ROXRhj787tj,,,https://kworb.net/spotify/country/mt_weekly_totals.html,2026-10-02,"Exact aggregate of streams observed while this recording was inside Spotify's daily Top 200 for Malta, as aggregated by Kworb from Spotify chart data. Streams earned outside the chart are not included. Chart coverage on the source page: 2014-01-12 through 2020-07-02.","{""country_code"":""MT"",""country_name"":""Malta"",""chart_coverage_start"":""2014-01-12"",""chart_coverage_end"":""2020-07-02"",""days_on_chart"":93,""top10_days"":2,""peak_rank"":10,""peak_occurrences"":null,""peak_daily_streams"":10678,""metric_scope"":""country-specific Spotify daily Top 200 chart-attributed streams"",""country_rank"":128}"
129,Let Me Down Slowly,Alec Benjamin,[],,,,[],"[""und""]",,,,,,,spotify_country_chart_streams,319028.0,streams,319028,Spotify regional daily chart (Kworb aggregate),,,2qxmye6gAegTMjLKEBoR3d,,,https://kworb.net/spotify/country/mt_weekly_totals.html,2026-10-02,"Exact aggregate of streams observed while this recording was inside Spotify's daily Top 200 for Malta, as aggregated by Kworb from Spotify chart data. Streams earned outside the chart are not included. Chart coverage on the source page: 2014-01-12 through 2020-07-02.","{""country_code"":""MT"",""country_name"":""Malta"",""chart_coverage_start"":""2014-01-12"",""chart_coverage_end"":""2020-07-02"",""days_on_chart"":83,""top10_days"":null,""peak_rank"":14,""peak_occurrences"":null,""peak_daily_streams"":10191,""metric_scope"":""country-specific Spotify daily Top 200 chart-attributed streams"",""country_rank"":129}"
130,Before You Go,Lewis Capaldi,[],,,,[],"[""und""]",,,,,,,spotify_country_chart_streams,318817.0,streams,318817,Spotify regional daily chart (Kworb aggregate),,,2gMXnyrvIjhVBUZwvLZDMP,,,https://kworb.net/spotify/country/mt_weekly_totals.html,2026-10-02,"Exact aggregate of streams observed while this recording was inside Spotify's daily Top 200 for Malta, as aggregated by Kworb from Spotify chart data. Streams earned outside the chart are not included. Chart coverage on the source page: 2014-01-12 through 2020-07-02.","{""country_code"":""MT"",""country_name"":""Malta"",""chart_coverage_start"":""2014-01-12"",""chart_coverage_end"":""2020-07-02"",""days_on_chart"":33,""top10_days"":5,""peak_rank"":6,""peak_occurrences"":null,""peak_daily_streams"":16502,""metric_scope"":""country-specific Spotify daily Top 200 chart-attributed streams"",""country_rank"":130}"
131,Lush Life,Zara Larsson,[],,,,[],"[""und""]",,,,,,,spotify_country_chart_streams,316916.0,streams,316916,Spotify regional daily chart (Kworb aggregate),,,1rIKgCH4H52lrvDcz50hS8,,,https://kworb.net/spotify/country/mt_weekly_totals.html,2026-10-02,"Exact aggregate of streams observed while this recording was inside Spotify's daily Top 200 for Malta, as aggregated by Kworb from Spotify chart data. Streams earned outside the chart are not included. Chart coverage on the source page: 2014-01-12 through 2020-07-02.","{""country_code"":""MT"",""country_name"":""Malta"",""chart_coverage_start"":""2014-01-12"",""chart_coverage_end"":""2020-07-02"",""days_on_chart"":81,""top10_days"":null,""peak_rank"":11,""peak_occurrences"":null,""peak_daily_streams"":7898,""metric_scope"":""country-specific Spotify daily Top 200 chart-attributed streams"",""country_rank"":131}"
132,Sugar,Robin Schulz,[],,,,[],"[""und""]",,,,,,,spotify_country_chart_streams,316778.0,streams,316778,Spotify regional daily chart (Kworb aggregate),,,5tf1VVWniHgryyumXyJM7w,,,https://kworb.net/spotify/country/mt_weekly_totals.html,2026-10-02,"Exact aggregate of streams observed while this recording was inside Spotify's daily Top 200 for Malta, as aggregated by Kworb from Spotify chart data. Streams earned outside the chart are not included. Chart coverage on the source page: 2014-01-12 through 2020-07-02.","{""country_code"":""MT"",""country_name"":""Malta"",""chart_coverage_start"":""2014-01-12"",""chart_coverage_end"":""2020-07-02"",""days_on_chart"":84,""top10_days"":20,""peak_rank"":2,""peak_occurrences"":1,""peak_daily_streams"":8070,""metric_scope"":""country-specific Spotify daily Top 200 chart-attributed streams"",""country_rank"":132}"
133,Hello,Adele,[],,,,[],"[""und""]",,,,,,,spotify_country_chart_streams,316490.0,streams,316490,Spotify regional daily chart (Kworb aggregate),,,0ENSn4fwAbCGeFGVUbXEU3,,,https://kworb.net/spotify/country/mt_weekly_totals.html,2026-10-02,"Exact aggregate of streams observed while this recording was inside Spotify's daily Top 200 for Malta, as aggregated by Kworb from Spotify chart data. Streams earned outside the chart are not included. Chart coverage on the source page: 2014-01-12 through 2020-07-02.","{""country_code"":""MT"",""country_name"":""Malta"",""chart_coverage_start"":""2014-01-12"",""chart_coverage_end"":""2020-07-02"",""days_on_chart"":69,""top10_days"":13,""peak_rank"":1,""peak_occurrences"":5,""peak_daily_streams"":26733,""metric_scope"":""country-specific Spotify daily Top 200 chart-attributed streams"",""country_rank"":133}"
134,Rise,Jonas Blue,[],,,,[],"[""und""]",,,,,,,spotify_country_chart_streams,315110.0,streams,315110,Spotify regional daily chart (Kworb aggregate),,,3u1S1OmAUhx5DRlLrXqyp3,,,https://kworb.net/spotify/country/mt_weekly_totals.html,2026-10-02,"Exact aggregate of streams observed while this recording was inside Spotify's daily Top 200 for Malta, as aggregated by Kworb from Spotify chart data. Streams earned outside the chart are not included. Chart coverage on the source page: 2014-01-12 through 2020-07-02.","{""country_code"":""MT"",""country_name"":""Malta"",""chart_coverage_start"":""2014-01-12"",""chart_coverage_end"":""2020-07-02"",""days_on_chart"":58,""top10_days"":5,""peak_rank"":4,""peak_occurrences"":null,""peak_daily_streams"":15595,""metric_scope"":""country-specific Spotify daily Top 200 chart-attributed streams"",""country_rank"":134}"
135,I Feel It Coming,The Weeknd,[],,,,[],"[""und""]",,,,,,,spotify_country_chart_streams,315105.0,streams,315105,Spotify regional daily chart (Kworb aggregate),,,4RepvCWqsP6zBuzvwYibAS,,,https://kworb.net/spotify/country/mt_weekly_totals.html,2026-10-02,"Exact aggregate of streams observed while this recording was inside Spotify's daily Top 200 for Malta, as aggregated by Kworb from Spotify chart data. Streams earned outside the chart are not included. Chart coverage on the source page: 2014-01-12 through 2020-07-02.","{""country_code"":""MT"",""country_name"":""Malta"",""chart_coverage_start"":""2014-01-12"",""chart_coverage_end"":""2020-07-02"",""days_on_chart"":53,""top10_days"":12,""peak_rank"":4,""peak_occurrences"":null,""peak_daily_streams"":12444,""metric_scope"":""country-specific Spotify daily Top 200 chart-attributed streams"",""country_rank"":135}"
136,bury a friend,Billie Eilish,[],,,,[],"[""und""]",,,,,,,spotify_country_chart_streams,313956.0,streams,313956,Spotify regional daily chart (Kworb aggregate),,,4SSnFejRGlZikf02HLewEF,,,https://kworb.net/spotify/country/mt_weekly_totals.html,2026-10-02,"Exact aggregate of streams observed while this recording was inside Spotify's daily Top 200 for Malta, as aggregated by Kworb from Spotify chart data. Streams earned outside the chart are not included. Chart coverage on the source page: 2014-01-12 through 2020-07-02.","{""country_code"":""MT"",""country_name"":""Malta"",""chart_coverage_start"":""2014-01-12"",""chart_coverage_end"":""2020-07-02"",""days_on_chart"":61,""top10_days"":5,""peak_rank"":2,""peak_occurrences"":1,""peak_daily_streams"":23233,""metric_scope"":""country-specific Spotify daily Top 200 chart-attributed streams"",""country_rank"":136}"
137,Work from Home,Fifth Harmony,[],,,,[],"[""und""]",,,,,,,spotify_country_chart_streams,313426.0,streams,313426,Spotify regional daily chart (Kworb aggregate),,,4tCtwWceOPWzenK2HAIJSb,,,https://kworb.net/spotify/country/mt_weekly_totals.html,2026-10-02,"Exact aggregate of streams observed while this recording was inside Spotify's daily Top 200 for Malta, as aggregated by Kworb from Spotify chart data. Streams earned outside the chart are not included. Chart coverage on the source page: 2014-01-12 through 2020-07-02.","{""country_code"":""MT"",""country_name"":""Malta"",""chart_coverage_start"":""2014-01-12"",""chart_coverage_end"":""2020-07-02"",""days_on_chart"":58,""top10_days"":12,""peak_rank"":4,""peak_occurrences"":null,""peak_daily_streams"":12266,""metric_scope"":""country-specific Spotify daily Top 200 chart-attributed streams"",""country_rank"":137}"
138,"CAN'T STOP THE FEELING! (Original Song from DreamWorks Animation's ""TROLLS"")",Justin Timberlake,[],,,,[],"[""und""]",,,,,,,spotify_country_chart_streams,313172.0,streams,313172,Spotify regional daily chart (Kworb aggregate),,,6JV2JOEocMgcZxYSZelKcc,,,https://kworb.net/spotify/country/mt_weekly_totals.html,2026-10-02,"Exact aggregate of streams observed while this recording was inside Spotify's daily Top 200 for Malta, as aggregated by Kworb from Spotify chart data. Streams earned outside the chart are not included. Chart coverage on the source page: 2014-01-12 through 2020-07-02.","{""country_code"":""MT"",""country_name"":""Malta"",""chart_coverage_start"":""2014-01-12"",""chart_coverage_end"":""2020-07-02"",""days_on_chart"":63,""top10_days"":12,""peak_rank"":3,""peak_occurrences"":4,""peak_daily_streams"":13756,""metric_scope"":""country-specific Spotify daily Top 200 chart-attributed streams"",""country_rank"":138}"
139,Lose You To Love Me,Selena Gomez,[],,,,[],"[""und""]",,,,,,,spotify_country_chart_streams,312426.0,streams,312426,Spotify regional daily chart (Kworb aggregate),,,1HfMVBKM75vxSfsQ5VefZ5,,,https://kworb.net/spotify/country/mt_weekly_totals.html,2026-10-02,"Exact aggregate of streams observed while this recording was inside Spotify's daily Top 200 for Malta, as aggregated by Kworb from Spotify chart data. Streams earned outside the chart are not included. Chart coverage on the source page: 2014-01-12 through 2020-07-02.","{""country_code"":""MT"",""country_name"":""Malta"",""chart_coverage_start"":""2014-01-12"",""chart_coverage_end"":""2020-07-02"",""days_on_chart"":37,""top10_days"":6,""peak_rank"":2,""peak_occurrences"":2,""peak_daily_streams"":31504,""metric_scope"":""country-specific Spotify daily Top 200 chart-attributed streams"",""country_rank"":139}"
140,Stay,Zedd,[],,,,[],"[""und""]",,,,,,,spotify_country_chart_streams,307571.0,streams,307571,Spotify regional daily chart (Kworb aggregate),,,0dA2Mk56wEzDgegdC6R17g,,,https://kworb.net/spotify/country/mt_weekly_totals.html,2026-10-02,"Exact aggregate of streams observed while this recording was inside Spotify's daily Top 200 for Malta, as aggregated by Kworb from Spotify chart data. Streams earned outside the chart are not included. Chart coverage on the source page: 2014-01-12 through 2020-07-02.","{""country_code"":""MT"",""country_name"":""Malta"",""chart_coverage_start"":""2014-01-12"",""chart_coverage_end"":""2020-07-02"",""days_on_chart"":45,""top10_days"":8,""peak_rank"":6,""peak_occurrences"":null,""peak_daily_streams"":15488,""metric_scope"":""country-specific Spotify daily Top 200 chart-attributed streams"",""country_rank"":140}"
141,Strip That Down,Liam Payne,[],,,,[],"[""und""]",,,,,,,spotify_country_chart_streams,307252.0,streams,307252,Spotify regional daily chart (Kworb aggregate),,,6EpRaXYhGOB3fj4V2uDkMJ,,,https://kworb.net/spotify/country/mt_weekly_totals.html,2026-10-02,"Exact aggregate of streams observed while this recording was inside Spotify's daily Top 200 for Malta, as aggregated by Kworb from Spotify chart data. Streams earned outside the chart are not included. Chart coverage on the source page: 2014-01-12 through 2020-07-02.","{""country_code"":""MT"",""country_name"":""Malta"",""chart_coverage_start"":""2014-01-12"",""chart_coverage_end"":""2020-07-02"",""days_on_chart"":46,""top10_days"":8,""peak_rank"":3,""peak_occurrences"":1,""peak_daily_streams"":16783,""metric_scope"":""country-specific Spotify daily Top 200 chart-attributed streams"",""country_rank"":141}"
142,What Do You Mean?,Justin Bieber,[],,,,[],"[""und""]",,,,,,,spotify_country_chart_streams,307179.0,streams,307179,Spotify regional daily chart (Kworb aggregate),,,3pzjHKrQSvXGHQ98dx18HI,,,https://kworb.net/spotify/country/mt_weekly_totals.html,2026-10-02,"Exact aggregate of streams observed while this recording was inside Spotify's daily Top 200 for Malta, as aggregated by Kworb from Spotify chart data. Streams earned outside the chart are not included. Chart coverage on the source page: 2014-01-12 through 2020-07-02.","{""country_code"":""MT"",""country_name"":""Malta"",""chart_coverage_start"":""2014-01-12"",""chart_coverage_end"":""2020-07-02"",""days_on_chart"":56,""top10_days"":21,""peak_rank"":1,""peak_occurrences"":8,""peak_daily_streams"":13610,""metric_scope"":""country-specific Spotify daily Top 200 chart-attributed streams"",""country_rank"":142}"
143,hot girl bummer,blackbear,[],,,,[],"[""und""]",,,,,,,spotify_country_chart_streams,305661.0,streams,305661,Spotify regional daily chart (Kworb aggregate),,,7aiClxsDWFRQ0Kzk5KI5ku,,,https://kworb.net/spotify/country/mt_weekly_totals.html,2026-10-02,"Exact aggregate of streams observed while this recording was inside Spotify's daily Top 200 for Malta, as aggregated by Kworb from Spotify chart data. Streams earned outside the chart are not included. Chart coverage on the source page: 2014-01-12 through 2020-07-02.","{""country_code"":""MT"",""country_name"":""Malta"",""chart_coverage_start"":""2014-01-12"",""chart_coverage_end"":""2020-07-02"",""days_on_chart"":44,""top10_days"":8,""peak_rank"":5,""peak_occurrences"":null,""peak_daily_streams"":15558,""metric_scope"":""country-specific Spotify daily Top 200 chart-attributed streams"",""country_rank"":143}"
144,In the Name of Love,Martin Garrix,[],,,,[],"[""und""]",,,,,,,spotify_country_chart_streams,304023.0,streams,304023,Spotify regional daily chart (Kworb aggregate),,,23L5CiUhw2jV1OIMwthR3S,,,https://kworb.net/spotify/country/mt_weekly_totals.html,2026-10-02,"Exact aggregate of streams observed while this recording was inside Spotify's daily Top 200 for Malta, as aggregated by Kworb from Spotify chart data. Streams earned outside the chart are not included. Chart coverage on the source page: 2014-01-12 through 2020-07-02.","{""country_code"":""MT"",""country_name"":""Malta"",""chart_coverage_start"":""2014-01-12"",""chart_coverage_end"":""2020-07-02"",""days_on_chart"":58,""top10_days"":10,""peak_rank"":5,""peak_occurrences"":null,""peak_daily_streams"":13511,""metric_scope"":""country-specific Spotify daily Top 200 chart-attributed streams"",""country_rank"":144}"
145,Vaina Loca,Ozuna,[],,,,[],"[""und""]",,,,,,,spotify_country_chart_streams,303024.0,streams,303024,Spotify regional daily chart (Kworb aggregate),,,48zFZh27QU5qsrBjn4C2FA,,,https://kworb.net/spotify/country/mt_weekly_totals.html,2026-10-02,"Exact aggregate of streams observed while this recording was inside Spotify's daily Top 200 for Malta, as aggregated by Kworb from Spotify chart data. Streams earned outside the chart are not included. Chart coverage on the source page: 2014-01-12 through 2020-07-02.","{""country_code"":""MT"",""country_name"":""Malta"",""chart_coverage_start"":""2014-01-12"",""chart_coverage_end"":""2020-07-02"",""days_on_chart"":34,""top10_days"":8,""peak_rank"":7,""peak_occurrences"":null,""peak_daily_streams"":14290,""metric_scope"":""country-specific Spotify daily Top 200 chart-attributed streams"",""country_rank"":145}"
146,I'm the One,DJ Khaled,[],,,,[],"[""und""]",,,,,,,spotify_country_chart_streams,300826.0,streams,300826,Spotify regional daily chart (Kworb aggregate),,,3DXncPQOG4VBw3QHh3S817,,,https://kworb.net/spotify/country/mt_weekly_totals.html,2026-10-02,"Exact aggregate of streams observed while this recording was inside Spotify's daily Top 200 for Malta, as aggregated by Kworb from Spotify chart data. Streams earned outside the chart are not included. Chart coverage on the source page: 2014-01-12 through 2020-07-02.","{""country_code"":""MT"",""country_name"":""Malta"",""chart_coverage_start"":""2014-01-12"",""chart_coverage_end"":""2020-07-02"",""days_on_chart"":34,""top10_days"":11,""peak_rank"":2,""peak_occurrences"":4,""peak_daily_streams"":20821,""metric_scope"":""country-specific Spotify daily Top 200 chart-attributed streams"",""country_rank"":146}"
147,Starving,Hailee Steinfeld,[],,,,[],"[""und""]",,,,,,,spotify_country_chart_streams,300092.0,streams,300092,Spotify regional daily chart (Kworb aggregate),,,6DG2g1UhROp5pnM8fx7zH2,,,https://kworb.net/spotify/country/mt_weekly_totals.html,2026-10-02,"Exact aggregate of streams observed while this recording was inside Spotify's daily Top 200 for Malta, as aggregated by Kworb from Spotify chart data. Streams earned outside the chart are not included. Chart coverage on the source page: 2014-01-12 through 2020-07-02.","{""country_code"":""MT"",""country_name"":""Malta"",""chart_coverage_start"":""2014-01-12"",""chart_coverage_end"":""2020-07-02"",""days_on_chart"":67,""top10_days"":2,""peak_rank"":9,""peak_occurrences"":null,""peak_daily_streams"":9890,""metric_scope"":""country-specific Spotify daily Top 200 chart-attributed streams"",""country_rank"":147}"
148,1-800-273-8255,Logic,[],,,,[],"[""und""]",,,,,,,spotify_country_chart_streams,299476.0,streams,299476,Spotify regional daily chart (Kworb aggregate),,,5tz69p7tJuGPeMGwNTxYuV,,,https://kworb.net/spotify/country/mt_weekly_totals.html,2026-10-02,"Exact aggregate of streams observed while this recording was inside Spotify's daily Top 200 for Malta, as aggregated by Kworb from Spotify chart data. Streams earned outside the chart are not included. Chart coverage on the source page: 2014-01-12 through 2020-07-02.","{""country_code"":""MT"",""country_name"":""Malta"",""chart_coverage_start"":""2014-01-12"",""chart_coverage_end"":""2020-07-02"",""days_on_chart"":51,""top10_days"":4,""peak_rank"":8,""peak_occurrences"":null,""peak_daily_streams"":12463,""metric_scope"":""country-specific Spotify daily Top 200 chart-attributed streams"",""country_rank"":148}"
149,Close To Me,Ellie Goulding,[],,,,[],"[""und""]",,,,,,,spotify_country_chart_streams,295047.0,streams,295047,Spotify regional daily chart (Kworb aggregate),,,5JEx7HbmvHQQswJCsoo9rA,,,https://kworb.net/spotify/country/mt_weekly_totals.html,2026-10-02,"Exact aggregate of streams observed while this recording was inside Spotify's daily Top 200 for Malta, as aggregated by Kworb from Spotify chart data. Streams earned outside the chart are not included. Chart coverage on the source page: 2014-01-12 through 2020-07-02.","{""country_code"":""MT"",""country_name"":""Malta"",""chart_coverage_start"":""2014-01-12"",""chart_coverage_end"":""2020-07-02"",""days_on_chart"":61,""top10_days"":null,""peak_rank"":14,""peak_occurrences"":null,""peak_daily_streams"":10196,""metric_scope"":""country-specific Spotify daily Top 200 chart-attributed streams"",""country_rank"":149}"
150,Congratulations,Post Malone,[],,,,[],"[""und""]",,,,,,,spotify_country_chart_streams,293959.0,streams,293959,Spotify regional daily chart (Kworb aggregate),,,3a1lNhkSLSkpJE4MSHpDu9,,,https://kworb.net/spotify/country/mt_weekly_totals.html,2026-10-02,"Exact aggregate of streams observed while this recording was inside Spotify's daily Top 200 for Malta, as aggregated by Kworb from Spotify chart data. Streams earned outside the chart are not included. Chart coverage on the source page: 2014-01-12 through 2020-07-02.","{""country_code"":""MT"",""country_name"":""Malta"",""chart_coverage_start"":""2014-01-12"",""chart_coverage_end"":""2020-07-02"",""days_on_chart"":66,""top10_days"":null,""peak_rank"":37,""peak_occurrences"":null,""peak_daily_streams"":7031,""metric_scope"":""country-specific Spotify daily Top 200 chart-attributed streams"",""country_rank"":150}"
151,3 Nights,Dominic Fike,[],,,,[],"[""und""]",,,,,,,spotify_country_chart_streams,292032.0,streams,292032,Spotify regional daily chart (Kworb aggregate),,,1tNJrcVe6gwLEiZCtprs1u,,,https://kworb.net/spotify/country/mt_weekly_totals.html,2026-10-02,"Exact aggregate of streams observed while this recording was inside Spotify's daily Top 200 for Malta, as aggregated by Kworb from Spotify chart data. Streams earned outside the chart are not included. Chart coverage on the source page: 2014-01-12 through 2020-07-02.","{""country_code"":""MT"",""country_name"":""Malta"",""chart_coverage_start"":""2014-01-12"",""chart_coverage_end"":""2020-07-02"",""days_on_chart"":68,""top10_days"":null,""peak_rank"":14,""peak_occurrences"":null,""peak_daily_streams"":8313,""metric_scope"":""country-specific Spotify daily Top 200 chart-attributed streams"",""country_rank"":151}"
152,Nevermind,Dennis Lloyd,[],,,,[],"[""und""]",,,,,,,spotify_country_chart_streams,291871.0,streams,291871,Spotify regional daily chart (Kworb aggregate),,,63SevszngYpZOwf63o61K4,,,https://kworb.net/spotify/country/mt_weekly_totals.html,2026-10-02,"Exact aggregate of streams observed while this recording was inside Spotify's daily Top 200 for Malta, as aggregated by Kworb from Spotify chart data. Streams earned outside the chart are not included. Chart coverage on the source page: 2014-01-12 through 2020-07-02.","{""country_code"":""MT"",""country_name"":""Malta"",""chart_coverage_start"":""2014-01-12"",""chart_coverage_end"":""2020-07-02"",""days_on_chart"":45,""top10_days"":2,""peak_rank"":10,""peak_occurrences"":null,""peak_daily_streams"":12462,""metric_scope"":""country-specific Spotify daily Top 200 chart-attributed streams"",""country_rank"":152}"
153,Never Really Over,Katy Perry,[],,,,[],"[""und""]",,,,,,,spotify_country_chart_streams,290901.0,streams,290901,Spotify regional daily chart (Kworb aggregate),,,5PYQUBXc7NYeI1obMKSJK0,,,https://kworb.net/spotify/country/mt_weekly_totals.html,2026-10-02,"Exact aggregate of streams observed while this recording was inside Spotify's daily Top 200 for Malta, as aggregated by Kworb from Spotify chart data. Streams earned outside the chart are not included. Chart coverage on the source page: 2014-01-12 through 2020-07-02.","{""country_code"":""MT"",""country_name"":""Malta"",""chart_coverage_start"":""2014-01-12"",""chart_coverage_end"":""2020-07-02"",""days_on_chart"":56,""top10_days"":4,""peak_rank"":8,""peak_occurrences"":null,""peak_daily_streams"":13082,""metric_scope"":""country-specific Spotify daily Top 200 chart-attributed streams"",""country_rank"":153}"
154,Cake By The Ocean,DNCE,[],,,,[],"[""und""]",,,,,,,spotify_country_chart_streams,289888.0,streams,289888,Spotify regional daily chart (Kworb aggregate),,,2Aa1wE8ofs2tu59TOQrZKW,,,https://kworb.net/spotify/country/mt_weekly_totals.html,2026-10-02,"Exact aggregate of streams observed while this recording was inside Spotify's daily Top 200 for Malta, as aggregated by Kworb from Spotify chart data. Streams earned outside the chart are not included. Chart coverage on the source page: 2014-01-12 through 2020-07-02.","{""country_code"":""MT"",""country_name"":""Malta"",""chart_coverage_start"":""2014-01-12"",""chart_coverage_end"":""2020-07-02"",""days_on_chart"":76,""top10_days"":null,""peak_rank"":14,""peak_occurrences"":null,""peak_daily_streams"":7427,""metric_scope"":""country-specific Spotify daily Top 200 chart-attributed streams"",""country_rank"":154}"
155,Bad Liar,Imagine Dragons,[],,,,[],"[""und""]",,,,,,,spotify_country_chart_streams,288591.0,streams,288591,Spotify regional daily chart (Kworb aggregate),,,2RSHsoi04658QL5xgQVov3,,,https://kworb.net/spotify/country/mt_weekly_totals.html,2026-10-02,"Exact aggregate of streams observed while this recording was inside Spotify's daily Top 200 for Malta, as aggregated by Kworb from Spotify chart data. Streams earned outside the chart are not included. Chart coverage on the source page: 2014-01-12 through 2020-07-02.","{""country_code"":""MT"",""country_name"":""Malta"",""chart_coverage_start"":""2014-01-12"",""chart_coverage_end"":""2020-07-02"",""days_on_chart"":67,""top10_days"":1,""peak_rank"":8,""peak_occurrences"":null,""peak_daily_streams"":13930,""metric_scope"":""country-specific Spotify daily Top 200 chart-attributed streams"",""country_rank"":155}"
156,Galway Girl,Ed Sheeran,[],,,,[],"[""und""]",,,,,,,spotify_country_chart_streams,288432.0,streams,288432,Spotify regional daily chart (Kworb aggregate),,,0afhq8XCExXpqazXczTSve,,,https://kworb.net/spotify/country/mt_weekly_totals.html,2026-10-02,"Exact aggregate of streams observed while this recording was inside Spotify's daily Top 200 for Malta, as aggregated by Kworb from Spotify chart data. Streams earned outside the chart are not included. Chart coverage on the source page: 2014-01-12 through 2020-07-02.","{""country_code"":""MT"",""country_name"":""Malta"",""chart_coverage_start"":""2014-01-12"",""chart_coverage_end"":""2020-07-02"",""days_on_chart"":56,""top10_days"":5,""peak_rank"":4,""peak_occurrences"":null,""peak_daily_streams"":18794,""metric_scope"":""country-specific Spotify daily Top 200 chart-attributed streams"",""country_rank"":156}"
157,If I Can't Have You,Shawn Mendes,[],,,,[],"[""und""]",,,,,,,spotify_country_chart_streams,288037.0,streams,288037,Spotify regional daily chart (Kworb aggregate),,,2bT1PH7Cw3J9p3t7nlXCdh,,,https://kworb.net/spotify/country/mt_weekly_totals.html,2026-10-02,"Exact aggregate of streams observed while this recording was inside Spotify's daily Top 200 for Malta, as aggregated by Kworb from Spotify chart data. Streams earned outside the chart are not included. Chart coverage on the source page: 2014-01-12 through 2020-07-02.","{""country_code"":""MT"",""country_name"":""Malta"",""chart_coverage_start"":""2014-01-12"",""chart_coverage_end"":""2020-07-02"",""days_on_chart"":60,""top10_days"":6,""peak_rank"":6,""peak_occurrences"":null,""peak_daily_streams"":12414,""metric_scope"":""country-specific Spotify daily Top 200 chart-attributed streams"",""country_rank"":157}"
158,Lonely Together,Avicii,[],,,,[],"[""und""]",,,,,,,spotify_country_chart_streams,287255.0,streams,287255,Spotify regional daily chart (Kworb aggregate),,,2OALaHcDdKkjYEpAr0Qzab,,,https://kworb.net/spotify/country/mt_weekly_totals.html,2026-10-02,"Exact aggregate of streams observed while this recording was inside Spotify's daily Top 200 for Malta, as aggregated by Kworb from Spotify chart data. Streams earned outside the chart are not included. Chart coverage on the source page: 2014-01-12 through 2020-07-02.","{""country_code"":""MT"",""country_name"":""Malta"",""chart_coverage_start"":""2014-01-12"",""chart_coverage_end"":""2020-07-02"",""days_on_chart"":51,""top10_days"":null,""peak_rank"":11,""peak_occurrences"":null,""peak_daily_streams"":10537,""metric_scope"":""country-specific Spotify daily Top 200 chart-attributed streams"",""country_rank"":158}"
159,Meant to Be,Bebe Rexha,[],,,,[],"[""und""]",,,,,,,spotify_country_chart_streams,286487.0,streams,286487,Spotify regional daily chart (Kworb aggregate),,,7iDa6hUg2VgEL1o1HjmfBn,,,https://kworb.net/spotify/country/mt_weekly_totals.html,2026-10-02,"Exact aggregate of streams observed while this recording was inside Spotify's daily Top 200 for Malta, as aggregated by Kworb from Spotify chart data. Streams earned outside the chart are not included. Chart coverage on the source page: 2014-01-12 through 2020-07-02.","{""country_code"":""MT"",""country_name"":""Malta"",""chart_coverage_start"":""2014-01-12"",""chart_coverage_end"":""2020-07-02"",""days_on_chart"":61,""top10_days"":null,""peak_rank"":21,""peak_occurrences"":null,""peak_daily_streams"":7665,""metric_scope"":""country-specific Spotify daily Top 200 chart-attributed streams"",""country_rank"":159}"
160,Roses,The Chainsmokers,[],,,,[],"[""und""]",,,,,,,spotify_country_chart_streams,285795.0,streams,285795,Spotify regional daily chart (Kworb aggregate),,,3vv9phIu6Y1vX3jcqaGz5Z,,,https://kworb.net/spotify/country/mt_weekly_totals.html,2026-10-02,"Exact aggregate of streams observed while this recording was inside Spotify's daily Top 200 for Malta, as aggregated by Kworb from Spotify chart data. Streams earned outside the chart are not included. Chart coverage on the source page: 2014-01-12 through 2020-07-02.","{""country_code"":""MT"",""country_name"":""Malta"",""chart_coverage_start"":""2014-01-12"",""chart_coverage_end"":""2020-07-02"",""days_on_chart"":72,""top10_days"":5,""peak_rank"":8,""peak_occurrences"":null,""peak_daily_streams"":8462,""metric_scope"":""country-specific Spotify daily Top 200 chart-attributed streams"",""country_rank"":160}"
161,No Promises,Cheat Codes,[],,,,[],"[""und""]",,,,,,,spotify_country_chart_streams,284913.0,streams,284913,Spotify regional daily chart (Kworb aggregate),,,1louJpMmzEicAn7lzDalPW,,,https://kworb.net/spotify/country/mt_weekly_totals.html,2026-10-02,"Exact aggregate of streams observed while this recording was inside Spotify's daily Top 200 for Malta, as aggregated by Kworb from Spotify chart data. Streams earned outside the chart are not included. Chart coverage on the source page: 2014-01-12 through 2020-07-02.","{""country_code"":""MT"",""country_name"":""Malta"",""chart_coverage_start"":""2014-01-12"",""chart_coverage_end"":""2020-07-02"",""days_on_chart"":50,""top10_days"":1,""peak_rank"":10,""peak_occurrences"":null,""peak_daily_streams"":14393,""metric_scope"":""country-specific Spotify daily Top 200 chart-attributed streams"",""country_rank"":161}"
162,Without You,Avicii,[],,,,[],"[""und""]",,,,,,,spotify_country_chart_streams,284624.0,streams,284624,Spotify regional daily chart (Kworb aggregate),,,6WbADFqMvR8N5u0BvtsWQE,,,https://kworb.net/spotify/country/mt_weekly_totals.html,2026-10-02,"Exact aggregate of streams observed while this recording was inside Spotify's daily Top 200 for Malta, as aggregated by Kworb from Spotify chart data. Streams earned outside the chart are not included. Chart coverage on the source page: 2014-01-12 through 2020-07-02.","{""country_code"":""MT"",""country_name"":""Malta"",""chart_coverage_start"":""2014-01-12"",""chart_coverage_end"":""2020-07-02"",""days_on_chart"":64,""top10_days"":1,""peak_rank"":9,""peak_occurrences"":null,""peak_daily_streams"":12463,""metric_scope"":""country-specific Spotify daily Top 200 chart-attributed streams"",""country_rank"":162}"
163,"Me, Myself & I",G-Eazy,[],,,,[],"[""und""]",,,,,,,spotify_country_chart_streams,284176.0,streams,284176,Spotify regional daily chart (Kworb aggregate),,,40YcuQysJ0KlGQTeGUosTC,,,https://kworb.net/spotify/country/mt_weekly_totals.html,2026-10-02,"Exact aggregate of streams observed while this recording was inside Spotify's daily Top 200 for Malta, as aggregated by Kworb from Spotify chart data. Streams earned outside the chart are not included. Chart coverage on the source page: 2014-01-12 through 2020-07-02.","{""country_code"":""MT"",""country_name"":""Malta"",""chart_coverage_start"":""2014-01-12"",""chart_coverage_end"":""2020-07-02"",""days_on_chart"":69,""top10_days"":10,""peak_rank"":5,""peak_occurrences"":null,""peak_daily_streams"":10083,""metric_scope"":""country-specific Spotify daily Top 200 chart-attributed streams"",""country_rank"":163}"
164,These Days,Rudimental,[],,,,[],"[""und""]",,,,,,,spotify_country_chart_streams,281819.0,streams,281819,Spotify regional daily chart (Kworb aggregate),,,5CLGzJsGqhCEECcpnFQA8x,,,https://kworb.net/spotify/country/mt_weekly_totals.html,2026-10-02,"Exact aggregate of streams observed while this recording was inside Spotify's daily Top 200 for Malta, as aggregated by Kworb from Spotify chart data. Streams earned outside the chart are not included. Chart coverage on the source page: 2014-01-12 through 2020-07-02.","{""country_code"":""MT"",""country_name"":""Malta"",""chart_coverage_start"":""2014-01-12"",""chart_coverage_end"":""2020-07-02"",""days_on_chart"":48,""top10_days"":9,""peak_rank"":5,""peak_occurrences"":null,""peak_daily_streams"":14183,""metric_scope"":""country-specific Spotify daily Top 200 chart-attributed streams"",""country_rank"":164}"
165,I'm Yours,Jason Mraz,[],,,,[],"[""und""]",,,,,,,spotify_country_chart_streams,281241.0,streams,281241,Spotify regional daily chart (Kworb aggregate),,,3S0OXQeoh0w6AY8WQVckRW,,,https://kworb.net/spotify/country/mt_weekly_totals.html,2026-10-02,"Exact aggregate of streams observed while this recording was inside Spotify's daily Top 200 for Malta, as aggregated by Kworb from Spotify chart data. Streams earned outside the chart are not included. Chart coverage on the source page: 2014-01-12 through 2020-07-02.","{""country_code"":""MT"",""country_name"":""Malta"",""chart_coverage_start"":""2014-01-12"",""chart_coverage_end"":""2020-07-02"",""days_on_chart"":121,""top10_days"":null,""peak_rank"":95,""peak_occurrences"":null,""peak_daily_streams"":3713,""metric_scope"":""country-specific Spotify daily Top 200 chart-attributed streams"",""country_rank"":165}"
166,Can't Feel My Face,The Weeknd,[],,,,[],"[""und""]",,,,,,,spotify_country_chart_streams,280678.0,streams,280678,Spotify regional daily chart (Kworb aggregate),,,6RsWqX8zABZLhZydXxEFOm,,,https://kworb.net/spotify/country/mt_weekly_totals.html,2026-10-02,"Exact aggregate of streams observed while this recording was inside Spotify's daily Top 200 for Malta, as aggregated by Kworb from Spotify chart data. Streams earned outside the chart are not included. Chart coverage on the source page: 2014-01-12 through 2020-07-02.","{""country_code"":""MT"",""country_name"":""Malta"",""chart_coverage_start"":""2014-01-12"",""chart_coverage_end"":""2020-07-02"",""days_on_chart"":80,""top10_days"":21,""peak_rank"":1,""peak_occurrences"":1,""peak_daily_streams"":10076,""metric_scope"":""country-specific Spotify daily Top 200 chart-attributed streams"",""country_rank"":166}"
167,Riptide,Vance Joy,[],,,,[],"[""und""]",,,,,,,spotify_country_chart_streams,280361.0,streams,280361,Spotify regional daily chart (Kworb aggregate),,,7yq4Qj7cqayVTp3FF9CWbm,,,https://kworb.net/spotify/country/mt_weekly_totals.html,2026-10-02,"Exact aggregate of streams observed while this recording was inside Spotify's daily Top 200 for Malta, as aggregated by Kworb from Spotify chart data. Streams earned outside the chart are not included. Chart coverage on the source page: 2014-01-12 through 2020-07-02.","{""country_code"":""MT"",""country_name"":""Malta"",""chart_coverage_start"":""2014-01-12"",""chart_coverage_end"":""2020-07-02"",""days_on_chart"":171,""top10_days"":1,""peak_rank"":9,""peak_occurrences"":null,""peak_daily_streams"":2650,""metric_scope"":""country-specific Spotify daily Top 200 chart-attributed streams"",""country_rank"":167}"
168,Pretty Girl - Cheat Codes X CADE Remix,Maggie Lindemann,[],,,,[],"[""und""]",,,,,,,spotify_country_chart_streams,279488.0,streams,279488,Spotify regional daily chart (Kworb aggregate),,,1NDxZ7cFAo481dtYWdrUnR,,,https://kworb.net/spotify/country/mt_weekly_totals.html,2026-10-02,"Exact aggregate of streams observed while this recording was inside Spotify's daily Top 200 for Malta, as aggregated by Kworb from Spotify chart data. Streams earned outside the chart are not included. Chart coverage on the source page: 2014-01-12 through 2020-07-02.","{""country_code"":""MT"",""country_name"":""Malta"",""chart_coverage_start"":""2014-01-12"",""chart_coverage_end"":""2020-07-02"",""days_on_chart"":57,""top10_days"":null,""peak_rank"":21,""peak_occurrences"":null,""peak_daily_streams"":10003,""metric_scope"":""country-specific Spotify daily Top 200 chart-attributed streams"",""country_rank"":168}"
169,BEBE,6ix9ine,[],,,,[],"[""und""]",,,,,,,spotify_country_chart_streams,279196.0,streams,279196,Spotify regional daily chart (Kworb aggregate),,,7ATATJztoWLcqDAcVVof0C,,,https://kworb.net/spotify/country/mt_weekly_totals.html,2026-10-02,"Exact aggregate of streams observed while this recording was inside Spotify's daily Top 200 for Malta, as aggregated by Kworb from Spotify chart data. Streams earned outside the chart are not included. Chart coverage on the source page: 2014-01-12 through 2020-07-02.","{""country_code"":""MT"",""country_name"":""Malta"",""chart_coverage_start"":""2014-01-12"",""chart_coverage_end"":""2020-07-02"",""days_on_chart"":27,""top10_days"":10,""peak_rank"":1,""peak_occurrences"":2,""peak_daily_streams"":21372,""metric_scope"":""country-specific Spotify daily Top 200 chart-attributed streams"",""country_rank"":169}"
170,Perfect Strangers,Jonas Blue,[],,,,[],"[""und""]",,,,,,,spotify_country_chart_streams,278135.0,streams,278135,Spotify regional daily chart (Kworb aggregate),,,1CUVN2kn7mW5FjkqXTR2W1,,,https://kworb.net/spotify/country/mt_weekly_totals.html,2026-10-02,"Exact aggregate of streams observed while this recording was inside Spotify's daily Top 200 for Malta, as aggregated by Kworb from Spotify chart data. Streams earned outside the chart are not included. Chart coverage on the source page: 2014-01-12 through 2020-07-02.","{""country_code"":""MT"",""country_name"":""Malta"",""chart_coverage_start"":""2014-01-12"",""chart_coverage_end"":""2020-07-02"",""days_on_chart"":63,""top10_days"":9,""peak_rank"":6,""peak_occurrences"":null,""peak_daily_streams"":11316,""metric_scope"":""country-specific Spotify daily Top 200 chart-attributed streams"",""country_rank"":170}"
171,SOS,Avicii,[],,,,[],"[""und""]",,,,,,,spotify_country_chart_streams,276322.0,streams,276322,Spotify regional daily chart (Kworb aggregate),,,2x0RZdkZcD8QRI53XT4GI5,,,https://kworb.net/spotify/country/mt_weekly_totals.html,2026-10-02,"Exact aggregate of streams observed while this recording was inside Spotify's daily Top 200 for Malta, as aggregated by Kworb from Spotify chart data. Streams earned outside the chart are not included. Chart coverage on the source page: 2014-01-12 through 2020-07-02.","{""country_code"":""MT"",""country_name"":""Malta"",""chart_coverage_start"":""2014-01-12"",""chart_coverage_end"":""2020-07-02"",""days_on_chart"":58,""top10_days"":6,""peak_rank"":4,""peak_occurrences"":null,""peak_daily_streams"":12778,""metric_scope"":""country-specific Spotify daily Top 200 chart-attributed streams"",""country_rank"":171}"
172,Let You Love Me,Rita Ora,[],,,,[],"[""und""]",,,,,,,spotify_country_chart_streams,276022.0,streams,276022,Spotify regional daily chart (Kworb aggregate),,,5Fla3zyOCcIRqrDoKLU0DP,,,https://kworb.net/spotify/country/mt_weekly_totals.html,2026-10-02,"Exact aggregate of streams observed while this recording was inside Spotify's daily Top 200 for Malta, as aggregated by Kworb from Spotify chart data. Streams earned outside the chart are not included. Chart coverage on the source page: 2014-01-12 through 2020-07-02.","{""country_code"":""MT"",""country_name"":""Malta"",""chart_coverage_start"":""2014-01-12"",""chart_coverage_end"":""2020-07-02"",""days_on_chart"":56,""top10_days"":2,""peak_rank"":9,""peak_occurrences"":null,""peak_daily_streams"":13820,""metric_scope"":""country-specific Spotify daily Top 200 chart-attributed streams"",""country_rank"":172}"
173,The Scientist,Coldplay,[],,,,[],"[""und""]",,,,,,,spotify_country_chart_streams,275018.0,streams,275018,Spotify regional daily chart (Kworb aggregate),,,75JFxkI2RXiU7L9VXzMkle,,,https://kworb.net/spotify/country/mt_weekly_totals.html,2026-10-02,"Exact aggregate of streams observed while this recording was inside Spotify's daily Top 200 for Malta, as aggregated by Kworb from Spotify chart data. Streams earned outside the chart are not included. Chart coverage on the source page: 2014-01-12 through 2020-07-02.","{""country_code"":""MT"",""country_name"":""Malta"",""chart_coverage_start"":""2014-01-12"",""chart_coverage_end"":""2020-07-02"",""days_on_chart"":149,""top10_days"":null,""peak_rank"":89,""peak_occurrences"":null,""peak_daily_streams"":2892,""metric_scope"":""country-specific Spotify daily Top 200 chart-attributed streams"",""country_rank"":173}"
174,Giant,Calvin Harris,[],,,,[],"[""und""]",,,,,,,spotify_country_chart_streams,274399.0,streams,274399,Spotify regional daily chart (Kworb aggregate),,,5itOtNx0WxtJmi1TQ3RuRd,,,https://kworb.net/spotify/country/mt_weekly_totals.html,2026-10-02,"Exact aggregate of streams observed while this recording was inside Spotify's daily Top 200 for Malta, as aggregated by Kworb from Spotify chart data. Streams earned outside the chart are not included. Chart coverage on the source page: 2014-01-12 through 2020-07-02.","{""country_code"":""MT"",""country_name"":""Malta"",""chart_coverage_start"":""2014-01-12"",""chart_coverage_end"":""2020-07-02"",""days_on_chart"":48,""top10_days"":2,""peak_rank"":9,""peak_occurrences"":null,""peak_daily_streams"":13680,""metric_scope"":""country-specific Spotify daily Top 200 chart-attributed streams"",""country_rank"":174}"
175,I Fall Apart,Post Malone,[],,,,[],"[""und""]",,,,,,,spotify_country_chart_streams,273975.0,streams,273975,Spotify regional daily chart (Kworb aggregate),,,75ZvA4QfFiZvzhj2xkaWAh,,,https://kworb.net/spotify/country/mt_weekly_totals.html,2026-10-02,"Exact aggregate of streams observed while this recording was inside Spotify's daily Top 200 for Malta, as aggregated by Kworb from Spotify chart data. Streams earned outside the chart are not included. Chart coverage on the source page: 2014-01-12 through 2020-07-02.","{""country_code"":""MT"",""country_name"":""Malta"",""chart_coverage_start"":""2014-01-12"",""chart_coverage_end"":""2020-07-02"",""days_on_chart"":53,""top10_days"":null,""peak_rank"":11,""peak_occurrences"":null,""peak_daily_streams"":10256,""metric_scope"":""country-specific Spotify daily Top 200 chart-attributed streams"",""country_rank"":175}"
176,Let You Down,NF,[],,,,[],"[""und""]",,,,,,,spotify_country_chart_streams,273285.0,streams,273285,Spotify regional daily chart (Kworb aggregate),,,6mrKP2jyIQmM0rw6fQryjr,,,https://kworb.net/spotify/country/mt_weekly_totals.html,2026-10-02,"Exact aggregate of streams observed while this recording was inside Spotify's daily Top 200 for Malta, as aggregated by Kworb from Spotify chart data. Streams earned outside the chart are not included. Chart coverage on the source page: 2014-01-12 through 2020-07-02.","{""country_code"":""MT"",""country_name"":""Malta"",""chart_coverage_start"":""2014-01-12"",""chart_coverage_end"":""2020-07-02"",""days_on_chart"":38,""top10_days"":9,""peak_rank"":7,""peak_occurrences"":null,""peak_daily_streams"":12903,""metric_scope"":""country-specific Spotify daily Top 200 chart-attributed streams"",""country_rank"":176}"
177,Jackie Chan,Tiësto,[],,,,[],"[""und""]",,,,,,,spotify_country_chart_streams,273274.0,streams,273274,Spotify regional daily chart (Kworb aggregate),,,4kWO6O1BUXcZmaxitpVUwp,,,https://kworb.net/spotify/country/mt_weekly_totals.html,2026-10-02,"Exact aggregate of streams observed while this recording was inside Spotify's daily Top 200 for Malta, as aggregated by Kworb from Spotify chart data. Streams earned outside the chart are not included. Chart coverage on the source page: 2014-01-12 through 2020-07-02.","{""country_code"":""MT"",""country_name"":""Malta"",""chart_coverage_start"":""2014-01-12"",""chart_coverage_end"":""2020-07-02"",""days_on_chart"":32,""top10_days"":10,""peak_rank"":2,""peak_occurrences"":2,""peak_daily_streams"":17633,""metric_scope"":""country-specific Spotify daily Top 200 chart-attributed streams"",""country_rank"":177}"
178,Money In The Grave (Drake ft. Rick Ross),Drake,[],,,,[],"[""und""]",,,,,,,spotify_country_chart_streams,269685.0,streams,269685,Spotify regional daily chart (Kworb aggregate),,,5ry2OE6R2zPQFDO85XkgRb,,,https://kworb.net/spotify/country/mt_weekly_totals.html,2026-10-02,"Exact aggregate of streams observed while this recording was inside Spotify's daily Top 200 for Malta, as aggregated by Kworb from Spotify chart data. Streams earned outside the chart are not included. Chart coverage on the source page: 2014-01-12 through 2020-07-02.","{""country_code"":""MT"",""country_name"":""Malta"",""chart_coverage_start"":""2014-01-12"",""chart_coverage_end"":""2020-07-02"",""days_on_chart"":55,""top10_days"":8,""peak_rank"":5,""peak_occurrences"":null,""peak_daily_streams"":14936,""metric_scope"":""country-specific Spotify daily Top 200 chart-attributed streams"",""country_rank"":178}"
179,Another One Bites The Dust - Remastered 2011,Queen,[],,,,[],"[""und""]",,,,,,,spotify_country_chart_streams,268274.0,streams,268274,Spotify regional daily chart (Kworb aggregate),,,5vdp5UmvTsnMEMESIF2Ym7,,,https://kworb.net/spotify/country/mt_weekly_totals.html,2026-10-02,"Exact aggregate of streams observed while this recording was inside Spotify's daily Top 200 for Malta, as aggregated by Kworb from Spotify chart data. Streams earned outside the chart are not included. Chart coverage on the source page: 2014-01-12 through 2020-07-02.","{""country_code"":""MT"",""country_name"":""Malta"",""chart_coverage_start"":""2014-01-12"",""chart_coverage_end"":""2020-07-02"",""days_on_chart"":70,""top10_days"":null,""peak_rank"":19,""peak_occurrences"":null,""peak_daily_streams"":10873,""metric_scope"":""country-specific Spotify daily Top 200 chart-attributed streams"",""country_rank"":179}"
180,All I Want for Christmas Is You,Mariah Carey,[],,,,[],"[""und""]",,,,,,,spotify_country_chart_streams,267928.0,streams,267928,Spotify regional daily chart (Kworb aggregate),,,0bYg9bo50gSsH3LtXe2SQn,,,https://kworb.net/spotify/country/mt_weekly_totals.html,2026-10-02,"Exact aggregate of streams observed while this recording was inside Spotify's daily Top 200 for Malta, as aggregated by Kworb from Spotify chart data. Streams earned outside the chart are not included. Chart coverage on the source page: 2014-01-12 through 2020-07-02.","{""country_code"":""MT"",""country_name"":""Malta"",""chart_coverage_start"":""2014-01-12"",""chart_coverage_end"":""2020-07-02"",""days_on_chart"":35,""top10_days"":12,""peak_rank"":1,""peak_occurrences"":1,""peak_daily_streams"":21766,""metric_scope"":""country-specific Spotify daily Top 200 chart-attributed streams"",""country_rank"":180}"
181,That's What I Like,Bruno Mars,[],,,,[],"[""und""]",,,,,,,spotify_country_chart_streams,266983.0,streams,266983,Spotify regional daily chart (Kworb aggregate),,,0KKkJNfGyhkQ5aFogxQAPU,,,https://kworb.net/spotify/country/mt_weekly_totals.html,2026-10-02,"Exact aggregate of streams observed while this recording was inside Spotify's daily Top 200 for Malta, as aggregated by Kworb from Spotify chart data. Streams earned outside the chart are not included. Chart coverage on the source page: 2014-01-12 through 2020-07-02.","{""country_code"":""MT"",""country_name"":""Malta"",""chart_coverage_start"":""2014-01-12"",""chart_coverage_end"":""2020-07-02"",""days_on_chart"":46,""top10_days"":4,""peak_rank"":8,""peak_occurrences"":null,""peak_daily_streams"":13854,""metric_scope"":""country-specific Spotify daily Top 200 chart-attributed streams"",""country_rank"":181}"
182,Adore You,Harry Styles,[],,,,[],"[""und""]",,,,,,,spotify_country_chart_streams,266300.0,streams,266300,Spotify regional daily chart (Kworb aggregate),,,3jjujdWJ72nww5eGnfs2E7,,,https://kworb.net/spotify/country/mt_weekly_totals.html,2026-10-02,"Exact aggregate of streams observed while this recording was inside Spotify's daily Top 200 for Malta, as aggregated by Kworb from Spotify chart data. Streams earned outside the chart are not included. Chart coverage on the source page: 2014-01-12 through 2020-07-02.","{""country_code"":""MT"",""country_name"":""Malta"",""chart_coverage_start"":""2014-01-12"",""chart_coverage_end"":""2020-07-02"",""days_on_chart"":30,""top10_days"":3,""peak_rank"":7,""peak_occurrences"":null,""peak_daily_streams"":14547,""metric_scope"":""country-specific Spotify daily Top 200 chart-attributed streams"",""country_rank"":182}"
183,Take Me To Church,Hozier,[],,,,[],"[""und""]",,,,,,,spotify_country_chart_streams,265592.0,streams,265592,Spotify regional daily chart (Kworb aggregate),,,3dYD57lRAUcMHufyqn9GcI,,,https://kworb.net/spotify/country/mt_weekly_totals.html,2026-10-02,"Exact aggregate of streams observed while this recording was inside Spotify's daily Top 200 for Malta, as aggregated by Kworb from Spotify chart data. Streams earned outside the chart are not included. Chart coverage on the source page: 2014-01-12 through 2020-07-02.","{""country_code"":""MT"",""country_name"":""Malta"",""chart_coverage_start"":""2014-01-12"",""chart_coverage_end"":""2020-07-02"",""days_on_chart"":108,""top10_days"":20,""peak_rank"":1,""peak_occurrences"":9,""peak_daily_streams"":8338,""metric_scope"":""country-specific Spotify daily Top 200 chart-attributed streams"",""country_rank"":183}"
184,Let Me Go,Hailee Steinfeld,[],,,,[],"[""und""]",,,,,,,spotify_country_chart_streams,265568.0,streams,265568,Spotify regional daily chart (Kworb aggregate),,,5AEtlRudpgdT5FtNiuly6Y,,,https://kworb.net/spotify/country/mt_weekly_totals.html,2026-10-02,"Exact aggregate of streams observed while this recording was inside Spotify's daily Top 200 for Malta, as aggregated by Kworb from Spotify chart data. Streams earned outside the chart are not included. Chart coverage on the source page: 2014-01-12 through 2020-07-02.","{""country_code"":""MT"",""country_name"":""Malta"",""chart_coverage_start"":""2014-01-12"",""chart_coverage_end"":""2020-07-02"",""days_on_chart"":49,""top10_days"":null,""peak_rank"":15,""peak_occurrences"":null,""peak_daily_streams"":9504,""metric_scope"":""country-specific Spotify daily Top 200 chart-attributed streams"",""country_rank"":184}"
185,The Ocean,Mike Perry,[],,,,[],"[""und""]",,,,,,,spotify_country_chart_streams,265150.0,streams,265150,Spotify regional daily chart (Kworb aggregate),,,2CPqh63wRVscbceKcPxwvv,,,https://kworb.net/spotify/country/mt_weekly_totals.html,2026-10-02,"Exact aggregate of streams observed while this recording was inside Spotify's daily Top 200 for Malta, as aggregated by Kworb from Spotify chart data. Streams earned outside the chart are not included. Chart coverage on the source page: 2014-01-12 through 2020-07-02.","{""country_code"":""MT"",""country_name"":""Malta"",""chart_coverage_start"":""2014-01-12"",""chart_coverage_end"":""2020-07-02"",""days_on_chart"":64,""top10_days"":null,""peak_rank"":14,""peak_occurrences"":null,""peak_daily_streams"":9403,""metric_scope"":""country-specific Spotify daily Top 200 chart-attributed streams"",""country_rank"":185}"
186,Bruises,Lewis Capaldi,[],,,,[],"[""und""]",,,,,,,spotify_country_chart_streams,262538.0,streams,262538,Spotify regional daily chart (Kworb aggregate),,,4Of7rzpRpV1mWRbhp5rAqG,,,https://kworb.net/spotify/country/mt_weekly_totals.html,2026-10-02,"Exact aggregate of streams observed while this recording was inside Spotify's daily Top 200 for Malta, as aggregated by Kworb from Spotify chart data. Streams earned outside the chart are not included. Chart coverage on the source page: 2014-01-12 through 2020-07-02.","{""country_code"":""MT"",""country_name"":""Malta"",""chart_coverage_start"":""2014-01-12"",""chart_coverage_end"":""2020-07-02"",""days_on_chart"":59,""top10_days"":null,""peak_rank"":23,""peak_occurrences"":null,""peak_daily_streams"":7970,""metric_scope"":""country-specific Spotify daily Top 200 chart-attributed streams"",""country_rank"":186}"
187,Hipócrita,Anuel AA,[],,,,[],"[""und""]",,,,,,,spotify_country_chart_streams,260424.0,streams,260424,Spotify regional daily chart (Kworb aggregate),,,6XBjCetHKdO5L9cwMDVffw,,,https://kworb.net/spotify/country/mt_weekly_totals.html,2026-10-02,"Exact aggregate of streams observed while this recording was inside Spotify's daily Top 200 for Malta, as aggregated by Kworb from Spotify chart data. Streams earned outside the chart are not included. Chart coverage on the source page: 2014-01-12 through 2020-07-02.","{""country_code"":""MT"",""country_name"":""Malta"",""chart_coverage_start"":""2014-01-12"",""chart_coverage_end"":""2020-07-02"",""days_on_chart"":36,""top10_days"":null,""peak_rank"":11,""peak_occurrences"":null,""peak_daily_streams"":12236,""metric_scope"":""country-specific Spotify daily Top 200 chart-attributed streams"",""country_rank"":187}"
188,You Don't Know Me,Jax Jones,[],,,,[],"[""und""]",,,,,,,spotify_country_chart_streams,260015.0,streams,260015,Spotify regional daily chart (Kworb aggregate),,,2SZy40PLDk3vFucXUGFCFA,,,https://kworb.net/spotify/country/mt_weekly_totals.html,2026-10-02,"Exact aggregate of streams observed while this recording was inside Spotify's daily Top 200 for Malta, as aggregated by Kworb from Spotify chart data. Streams earned outside the chart are not included. Chart coverage on the source page: 2014-01-12 through 2020-07-02.","{""country_code"":""MT"",""country_name"":""Malta"",""chart_coverage_start"":""2014-01-12"",""chart_coverage_end"":""2020-07-02"",""days_on_chart"":51,""top10_days"":null,""peak_rank"":11,""peak_occurrences"":null,""peak_daily_streams"":12984,""metric_scope"":""country-specific Spotify daily Top 200 chart-attributed streams"",""country_rank"":188}"
189,Lose Control,MEDUZA,[],,,,[],"[""und""]",,,,,,,spotify_country_chart_streams,259329.0,streams,259329,Spotify regional daily chart (Kworb aggregate),,,7CHi4DtfK4heMlQaudCuHK,,,https://kworb.net/spotify/country/mt_weekly_totals.html,2026-10-02,"Exact aggregate of streams observed while this recording was inside Spotify's daily Top 200 for Malta, as aggregated by Kworb from Spotify chart data. Streams earned outside the chart are not included. Chart coverage on the source page: 2014-01-12 through 2020-07-02.","{""country_code"":""MT"",""country_name"":""Malta"",""chart_coverage_start"":""2014-01-12"",""chart_coverage_end"":""2020-07-02"",""days_on_chart"":38,""top10_days"":null,""peak_rank"":11,""peak_occurrences"":null,""peak_daily_streams"":11887,""metric_scope"":""country-specific Spotify daily Top 200 chart-attributed streams"",""country_rank"":189}"
190,Soldi,Mahmood,[],,,,[],"[""und""]",,,,,,,spotify_country_chart_streams,259034.0,streams,259034,Spotify regional daily chart (Kworb aggregate),,,4szQkW1CDHqbRZGltXJdd3,,,https://kworb.net/spotify/country/mt_weekly_totals.html,2026-10-02,"Exact aggregate of streams observed while this recording was inside Spotify's daily Top 200 for Malta, as aggregated by Kworb from Spotify chart data. Streams earned outside the chart are not included. Chart coverage on the source page: 2014-01-12 through 2020-07-02.","{""country_code"":""MT"",""country_name"":""Malta"",""chart_coverage_start"":""2014-01-12"",""chart_coverage_end"":""2020-07-02"",""days_on_chart"":47,""top10_days"":4,""peak_rank"":1,""peak_occurrences"":2,""peak_daily_streams"":39481,""metric_scope"":""country-specific Spotify daily Top 200 chart-attributed streams"",""country_rank"":190}"
191,Too Good,Drake,[],,,,[],"[""und""]",,,,,,,spotify_country_chart_streams,258817.0,streams,258817,Spotify regional daily chart (Kworb aggregate),,,11KJSRSgaDxqydKYiD2Jew,,,https://kworb.net/spotify/country/mt_weekly_totals.html,2026-10-02,"Exact aggregate of streams observed while this recording was inside Spotify's daily Top 200 for Malta, as aggregated by Kworb from Spotify chart data. Streams earned outside the chart are not included. Chart coverage on the source page: 2014-01-12 through 2020-07-02.","{""country_code"":""MT"",""country_name"":""Malta"",""chart_coverage_start"":""2014-01-12"",""chart_coverage_end"":""2020-07-02"",""days_on_chart"":45,""top10_days"":9,""peak_rank"":6,""peak_occurrences"":null,""peak_daily_streams"":11266,""metric_scope"":""country-specific Spotify daily Top 200 chart-attributed streams"",""country_rank"":191}"
192,Higher Love,Kygo,[],,,,[],"[""und""]",,,,,,,spotify_country_chart_streams,258703.0,streams,258703,Spotify regional daily chart (Kworb aggregate),,,6oJ6le65B3SEqPwMRNXWjY,,,https://kworb.net/spotify/country/mt_weekly_totals.html,2026-10-02,"Exact aggregate of streams observed while this recording was inside Spotify's daily Top 200 for Malta, as aggregated by Kworb from Spotify chart data. Streams earned outside the chart are not included. Chart coverage on the source page: 2014-01-12 through 2020-07-02.","{""country_code"":""MT"",""country_name"":""Malta"",""chart_coverage_start"":""2014-01-12"",""chart_coverage_end"":""2020-07-02"",""days_on_chart"":53,""top10_days"":null,""peak_rank"":20,""peak_occurrences"":null,""peak_daily_streams"":7972,""metric_scope"":""country-specific Spotify daily Top 200 chart-attributed streams"",""country_rank"":192}"
193,Stargazing,Kygo,[],,,,[],"[""und""]",,,,,,,spotify_country_chart_streams,258393.0,streams,258393,Spotify regional daily chart (Kworb aggregate),,,0Zbbxnx4SGGHoIow4PpISP,,,https://kworb.net/spotify/country/mt_weekly_totals.html,2026-10-02,"Exact aggregate of streams observed while this recording was inside Spotify's daily Top 200 for Malta, as aggregated by Kworb from Spotify chart data. Streams earned outside the chart are not included. Chart coverage on the source page: 2014-01-12 through 2020-07-02.","{""country_code"":""MT"",""country_name"":""Malta"",""chart_coverage_start"":""2014-01-12"",""chart_coverage_end"":""2020-07-02"",""days_on_chart"":38,""top10_days"":8,""peak_rank"":5,""peak_occurrences"":null,""peak_daily_streams"":15542,""metric_scope"":""country-specific Spotify daily Top 200 chart-attributed streams"",""country_rank"":193}"
194,Your Song,Rita Ora,[],,,,[],"[""und""]",,,,,,,spotify_country_chart_streams,256902.0,streams,256902,Spotify regional daily chart (Kworb aggregate),,,4c2W3VKsOFoIg2SFaO6DY5,,,https://kworb.net/spotify/country/mt_weekly_totals.html,2026-10-02,"Exact aggregate of streams observed while this recording was inside Spotify's daily Top 200 for Malta, as aggregated by Kworb from Spotify chart data. Streams earned outside the chart are not included. Chart coverage on the source page: 2014-01-12 through 2020-07-02.","{""country_code"":""MT"",""country_name"":""Malta"",""chart_coverage_start"":""2014-01-12"",""chart_coverage_end"":""2020-07-02"",""days_on_chart"":45,""top10_days"":null,""peak_rank"":13,""peak_occurrences"":null,""peak_daily_streams"":11908,""metric_scope"":""country-specific Spotify daily Top 200 chart-attributed streams"",""country_rank"":194}"
195,September Song,JP Cooper,[],,,,[],"[""und""]",,,,,,,spotify_country_chart_streams,256434.0,streams,256434,Spotify regional daily chart (Kworb aggregate),,,0FuTx2s3YH1ppmtiM6l0zI,,,https://kworb.net/spotify/country/mt_weekly_totals.html,2026-10-02,"Exact aggregate of streams observed while this recording was inside Spotify's daily Top 200 for Malta, as aggregated by Kworb from Spotify chart data. Streams earned outside the chart are not included. Chart coverage on the source page: 2014-01-12 through 2020-07-02.","{""country_code"":""MT"",""country_name"":""Malta"",""chart_coverage_start"":""2014-01-12"",""chart_coverage_end"":""2020-07-02"",""days_on_chart"":69,""top10_days"":null,""peak_rank"":16,""peak_occurrences"":null,""peak_daily_streams"":11193,""metric_scope"":""country-specific Spotify daily Top 200 chart-attributed streams"",""country_rank"":195}"
196,Sex,Cheat Codes,[],,,,[],"[""und""]",,,,,,,spotify_country_chart_streams,255840.0,streams,255840,Spotify regional daily chart (Kworb aggregate),,,5ZEM9j0jrFr5RdHEbl2MYV,,,https://kworb.net/spotify/country/mt_weekly_totals.html,2026-10-02,"Exact aggregate of streams observed while this recording was inside Spotify's daily Top 200 for Malta, as aggregated by Kworb from Spotify chart data. Streams earned outside the chart are not included. Chart coverage on the source page: 2014-01-12 through 2020-07-02.","{""country_code"":""MT"",""country_name"":""Malta"",""chart_coverage_start"":""2014-01-12"",""chart_coverage_end"":""2020-07-02"",""days_on_chart"":52,""top10_days"":7,""peak_rank"":6,""peak_occurrences"":null,""peak_daily_streams"":11244,""metric_scope"":""country-specific Spotify daily Top 200 chart-attributed streams"",""country_rank"":196}"
197,Flames,David Guetta,[],,,,[],"[""und""]",,,,,,,spotify_country_chart_streams,255695.0,streams,255695,Spotify regional daily chart (Kworb aggregate),,,33IOhptvC2Qoy2UhjiHXLV,,,https://kworb.net/spotify/country/mt_weekly_totals.html,2026-10-02,"Exact aggregate of streams observed while this recording was inside Spotify's daily Top 200 for Malta, as aggregated by Kworb from Spotify chart data. Streams earned outside the chart are not included. Chart coverage on the source page: 2014-01-12 through 2020-07-02.","{""country_code"":""MT"",""country_name"":""Malta"",""chart_coverage_start"":""2014-01-12"",""chart_coverage_end"":""2020-07-02"",""days_on_chart"":44,""top10_days"":2,""peak_rank"":7,""peak_occurrences"":null,""peak_daily_streams"":12001,""metric_scope"":""country-specific Spotify daily Top 200 chart-attributed streams"",""country_rank"":197}"
198,2U,David Guetta,[],,,,[],"[""und""]",,,,,,,spotify_country_chart_streams,255586.0,streams,255586,Spotify regional daily chart (Kworb aggregate),,,3A7qX2QjDlPnazUsRk5y0M,,,https://kworb.net/spotify/country/mt_weekly_totals.html,2026-10-02,"Exact aggregate of streams observed while this recording was inside Spotify's daily Top 200 for Malta, as aggregated by Kworb from Spotify chart data. Streams earned outside the chart are not included. Chart coverage on the source page: 2014-01-12 through 2020-07-02.","{""country_code"":""MT"",""country_name"":""Malta"",""chart_coverage_start"":""2014-01-12"",""chart_coverage_end"":""2020-07-02"",""days_on_chart"":30,""top10_days"":10,""peak_rank"":2,""peak_occurrences"":3,""peak_daily_streams"":21141,""metric_scope"":""country-specific Spotify daily Top 200 chart-attributed streams"",""country_rank"":198}"
199,Wild Thoughts,DJ Khaled,[],,,,[],"[""und""]",,,,,,,spotify_country_chart_streams,255557.0,streams,255557,Spotify regional daily chart (Kworb aggregate),,,1OAh8uOEOvTDqkKFsKksCi,,,https://kworb.net/spotify/country/mt_weekly_totals.html,2026-10-02,"Exact aggregate of streams observed while this recording was inside Spotify's daily Top 200 for Malta, as aggregated by Kworb from Spotify chart data. Streams earned outside the chart are not included. Chart coverage on the source page: 2014-01-12 through 2020-07-02.","{""country_code"":""MT"",""country_name"":""Malta"",""chart_coverage_start"":""2014-01-12"",""chart_coverage_end"":""2020-07-02"",""days_on_chart"":35,""top10_days"":10,""peak_rank"":2,""peak_occurrences"":4,""peak_daily_streams"":18255,""metric_scope"":""country-specific Spotify daily Top 200 chart-attributed streams"",""country_rank"":199}"
200,Moonlight,XXXTENTACION,[],,,,[],"[""und""]",,,,,,,spotify_country_chart_streams,253926.0,streams,253926,Spotify regional daily chart (Kworb aggregate),,,0JP9xo3adEtGSdUEISiszL,,,https://kworb.net/spotify/country/mt_weekly_totals.html,2026-10-02,"Exact aggregate of streams observed while this recording was inside Spotify's daily Top 200 for Malta, as aggregated by Kworb from Spotify chart data. Streams earned outside the chart are not included. Chart coverage on the source page: 2014-01-12 through 2020-07-02.","{""country_code"":""MT"",""country_name"":""Malta"",""chart_coverage_start"":""2014-01-12"",""chart_coverage_end"":""2020-07-02"",""days_on_chart"":54,""top10_days"":null,""peak_rank"":16,""peak_occurrences"":null,""peak_daily_streams"":11515,""metric_scope"":""country-specific Spotify daily Top 200 chart-attributed streams"",""country_rank"":200}"
201,There for You,Martin Garrix,[],,,,[],"[""und""]",,,,,,,spotify_country_chart_streams,253921.0,streams,253921,Spotify regional daily chart (Kworb aggregate),,,6jA8HL9i4QGzsj6fjoxp8Y,,,https://kworb.net/spotify/country/mt_weekly_totals.html,2026-10-02,"Exact aggregate of streams observed while this recording was inside Spotify's daily Top 200 for Malta, as aggregated by Kworb from Spotify chart data. Streams earned outside the chart are not included. Chart coverage on the source page: 2014-01-12 through 2020-07-02.","{""country_code"":""MT"",""country_name"":""Malta"",""chart_coverage_start"":""2014-01-12"",""chart_coverage_end"":""2020-07-02"",""days_on_chart"":43,""top10_days"":6,""peak_rank"":6,""peak_occurrences"":null,""peak_daily_streams"":14897,""metric_scope"":""country-specific Spotify daily Top 200 chart-attributed streams"",""country_rank"":201}"
202,All The Stars,Kendrick Lamar,[],,,,[],"[""und""]",,,,,,,spotify_country_chart_streams,253785.0,streams,253785,Spotify regional daily chart (Kworb aggregate),,,3GCdLUSnKSMJhs4Tj6CV3s,,,https://kworb.net/spotify/country/mt_weekly_totals.html,2026-10-02,"Exact aggregate of streams observed while this recording was inside Spotify's daily Top 200 for Malta, as aggregated by Kworb from Spotify chart data. Streams earned outside the chart are not included. Chart coverage on the source page: 2014-01-12 through 2020-07-02.","{""country_code"":""MT"",""country_name"":""Malta"",""chart_coverage_start"":""2014-01-12"",""chart_coverage_end"":""2020-07-02"",""days_on_chart"":33,""top10_days"":10,""peak_rank"":2,""peak_occurrences"":2,""peak_daily_streams"":16027,""metric_scope"":""country-specific Spotify daily Top 200 chart-attributed streams"",""country_rank"":202}"
203,Ransom,Lil Tecca,[],,,,[],"[""und""]",,,,,,,spotify_country_chart_streams,253600.0,streams,253600,Spotify regional daily chart (Kworb aggregate),,,1lOe9qE0vR9zwWQAOk6CoO,,,https://kworb.net/spotify/country/mt_weekly_totals.html,2026-10-02,"Exact aggregate of streams observed while this recording was inside Spotify's daily Top 200 for Malta, as aggregated by Kworb from Spotify chart data. Streams earned outside the chart are not included. Chart coverage on the source page: 2014-01-12 through 2020-07-02.","{""country_code"":""MT"",""country_name"":""Malta"",""chart_coverage_start"":""2014-01-12"",""chart_coverage_end"":""2020-07-02"",""days_on_chart"":56,""top10_days"":5,""peak_rank"":7,""peak_occurrences"":null,""peak_daily_streams"":11889,""metric_scope"":""country-specific Spotify daily Top 200 chart-attributed streams"",""alternate_metrics"":[{""metric_name"":""spotify_country_chart_streams"",""metric_value"":5919.0,""metric_unit"":""streams"",""listen_count"":5919,""view_count"":null,""source_url"":""https://kworb.net/spotify/country/mt_weekly_totals.html"",""retrieved_at"":""2026-10-02""}],""merged_sources"":[""https://kworb.net/spotify/country/mt_weekly_totals.html""],""country_rank"":203}"
204,Sorry Not Sorry,Demi Lovato,[],,,,[],"[""und""]",,,,,,,spotify_country_chart_streams,253545.0,streams,253545,Spotify regional daily chart (Kworb aggregate),,,3m660poUr1chesgkkjQM7P,,,https://kworb.net/spotify/country/mt_weekly_totals.html,2026-10-02,"Exact aggregate of streams observed while this recording was inside Spotify's daily Top 200 for Malta, as aggregated by Kworb from Spotify chart data. Streams earned outside the chart are not included. Chart coverage on the source page: 2014-01-12 through 2020-07-02.","{""country_code"":""MT"",""country_name"":""Malta"",""chart_coverage_start"":""2014-01-12"",""chart_coverage_end"":""2020-07-02"",""days_on_chart"":48,""top10_days"":null,""peak_rank"":11,""peak_occurrences"":null,""peak_daily_streams"":11332,""metric_scope"":""country-specific Spotify daily Top 200 chart-attributed streams"",""country_rank"":204}"
205,All of Me,John Legend,[],,,,[],"[""und""]",,,,,,,spotify_country_chart_streams,253235.0,streams,253235,Spotify regional daily chart (Kworb aggregate),,,3U4isOIWM3VvDubwSI3y7a,,,https://kworb.net/spotify/country/mt_weekly_totals.html,2026-10-02,"Exact aggregate of streams observed while this recording was inside Spotify's daily Top 200 for Malta, as aggregated by Kworb from Spotify chart data. Streams earned outside the chart are not included. Chart coverage on the source page: 2014-01-12 through 2020-07-02.","{""country_code"":""MT"",""country_name"":""Malta"",""chart_coverage_start"":""2014-01-12"",""chart_coverage_end"":""2020-07-02"",""days_on_chart"":146,""top10_days"":9,""peak_rank"":3,""peak_occurrences"":2,""peak_daily_streams"":2699,""metric_scope"":""country-specific Spotify daily Top 200 chart-attributed streams"",""country_rank"":205}"
206,X,Nicky Jam,[],,,,[],"[""und""]",,,,,,,spotify_country_chart_streams,252378.0,streams,252378,Spotify regional daily chart (Kworb aggregate),,,39N9RPD9MRb5WmoLzNzPeA,,,https://kworb.net/spotify/country/mt_weekly_totals.html,2026-10-02,"Exact aggregate of streams observed while this recording was inside Spotify's daily Top 200 for Malta, as aggregated by Kworb from Spotify chart data. Streams earned outside the chart are not included. Chart coverage on the source page: 2014-01-12 through 2020-07-02.","{""country_code"":""MT"",""country_name"":""Malta"",""chart_coverage_start"":""2014-01-12"",""chart_coverage_end"":""2020-07-02"",""days_on_chart"":31,""top10_days"":8,""peak_rank"":6,""peak_occurrences"":null,""peak_daily_streams"":11995,""metric_scope"":""country-specific Spotify daily Top 200 chart-attributed streams"",""country_rank"":206}"
207,Don't Stop Believin',Journey,[],,,,[],"[""und""]",,,,,,,spotify_country_chart_streams,251783.0,streams,251783,Spotify regional daily chart (Kworb aggregate),,,4bHsxqR3GMrXTxEPLuK5ue,,,https://kworb.net/spotify/country/mt_weekly_totals.html,2026-10-02,"Exact aggregate of streams observed while this recording was inside Spotify's daily Top 200 for Malta, as aggregated by Kworb from Spotify chart data. Streams earned outside the chart are not included. Chart coverage on the source page: 2014-01-12 through 2020-07-02.","{""country_code"":""MT"",""country_name"":""Malta"",""chart_coverage_start"":""2014-01-12"",""chart_coverage_end"":""2020-07-02"",""days_on_chart"":118,""top10_days"":null,""peak_rank"":124,""peak_occurrences"":null,""peak_daily_streams"":2701,""metric_scope"":""country-specific Spotify daily Top 200 chart-attributed streams"",""country_rank"":207}"
208,Stitches,Shawn Mendes,[],,,,[],"[""und""]",,,,,,,spotify_country_chart_streams,250694.0,streams,250694,Spotify regional daily chart (Kworb aggregate),,,1WP1r7fuvRqZRnUaTi2I1Q,,,https://kworb.net/spotify/country/mt_weekly_totals.html,2026-10-02,"Exact aggregate of streams observed while this recording was inside Spotify's daily Top 200 for Malta, as aggregated by Kworb from Spotify chart data. Streams earned outside the chart are not included. Chart coverage on the source page: 2014-01-12 through 2020-07-02.","{""country_code"":""MT"",""country_name"":""Malta"",""chart_coverage_start"":""2014-01-12"",""chart_coverage_end"":""2020-07-02"",""days_on_chart"":65,""top10_days"":14,""peak_rank"":6,""peak_occurrences"":null,""peak_daily_streams"":8082,""metric_scope"":""country-specific Spotify daily Top 200 chart-attributed streams"",""country_rank"":208}"
209,Me Rehúso,Danny Ocean,[],,,,[],"[""und""]",,,,,,,spotify_country_chart_streams,249538.0,streams,249538,Spotify regional daily chart (Kworb aggregate),,,6ifUES3keWjwXgae8pXI3o,,,https://kworb.net/spotify/country/mt_weekly_totals.html,2026-10-02,"Exact aggregate of streams observed while this recording was inside Spotify's daily Top 200 for Malta, as aggregated by Kworb from Spotify chart data. Streams earned outside the chart are not included. Chart coverage on the source page: 2014-01-12 through 2020-07-02.","{""country_code"":""MT"",""country_name"":""Malta"",""chart_coverage_start"":""2014-01-12"",""chart_coverage_end"":""2020-07-02"",""days_on_chart"":50,""top10_days"":null,""peak_rank"":20,""peak_occurrences"":null,""peak_daily_streams"":11295,""metric_scope"":""country-specific Spotify daily Top 200 chart-attributed streams"",""country_rank"":209}"
210,Ritual,Tiësto,[],,,,[],"[""und""]",,,,,,,spotify_country_chart_streams,249090.0,streams,249090,Spotify regional daily chart (Kworb aggregate),,,3M9Apu4OZfylLTFKvgEtKa,,,https://kworb.net/spotify/country/mt_weekly_totals.html,2026-10-02,"Exact aggregate of streams observed while this recording was inside Spotify's daily Top 200 for Malta, as aggregated by Kworb from Spotify chart data. Streams earned outside the chart are not included. Chart coverage on the source page: 2014-01-12 through 2020-07-02.","{""country_code"":""MT"",""country_name"":""Malta"",""chart_coverage_start"":""2014-01-12"",""chart_coverage_end"":""2020-07-02"",""days_on_chart"":57,""top10_days"":null,""peak_rank"":12,""peak_occurrences"":null,""peak_daily_streams"":10246,""metric_scope"":""country-specific Spotify daily Top 200 chart-attributed streams"",""country_rank"":210}"
211,Lalala,Y2K,[],,,,[],"[""und""]",,,,,,,spotify_country_chart_streams,248002.0,streams,248002,Spotify regional daily chart (Kworb aggregate),,,51Fjme0JiitpyXKuyQiCDo,,,https://kworb.net/spotify/country/mt_weekly_totals.html,2026-10-02,"Exact aggregate of streams observed while this recording was inside Spotify's daily Top 200 for Malta, as aggregated by Kworb from Spotify chart data. Streams earned outside the chart are not included. Chart coverage on the source page: 2014-01-12 through 2020-07-02.","{""country_code"":""MT"",""country_name"":""Malta"",""chart_coverage_start"":""2014-01-12"",""chart_coverage_end"":""2020-07-02"",""days_on_chart"":48,""top10_days"":1,""peak_rank"":10,""peak_occurrences"":null,""peak_daily_streams"":10724,""metric_scope"":""country-specific Spotify daily Top 200 chart-attributed streams"",""country_rank"":211}"
212,Watermelon Sugar,Harry Styles,[],,,,[],"[""und""]",,,,,,,spotify_country_chart_streams,247093.0,streams,247093,Spotify regional daily chart (Kworb aggregate),,,6UelLqGlWMcVH1E5c4H7lY,,,https://kworb.net/spotify/country/mt_weekly_totals.html,2026-10-02,"Exact aggregate of streams observed while this recording was inside Spotify's daily Top 200 for Malta, as aggregated by Kworb from Spotify chart data. Streams earned outside the chart are not included. Chart coverage on the source page: 2014-01-12 through 2020-07-02.","{""country_code"":""MT"",""country_name"":""Malta"",""chart_coverage_start"":""2014-01-12"",""chart_coverage_end"":""2020-07-02"",""days_on_chart"":33,""top10_days"":4,""peak_rank"":5,""peak_occurrences"":null,""peak_daily_streams"":12256,""metric_scope"":""country-specific Spotify daily Top 200 chart-attributed streams"",""country_rank"":212}"
213,Adan y Eva,Paulo Londra,[],,,,[],"[""und""]",,,,,,,spotify_country_chart_streams,245437.0,streams,245437,Spotify regional daily chart (Kworb aggregate),,,6FyRXC8tJUh863JCkyWqtk,,,https://kworb.net/spotify/country/mt_weekly_totals.html,2026-10-02,"Exact aggregate of streams observed while this recording was inside Spotify's daily Top 200 for Malta, as aggregated by Kworb from Spotify chart data. Streams earned outside the chart are not included. Chart coverage on the source page: 2014-01-12 through 2020-07-02.","{""country_code"":""MT"",""country_name"":""Malta"",""chart_coverage_start"":""2014-01-12"",""chart_coverage_end"":""2020-07-02"",""days_on_chart"":24,""top10_days"":7,""peak_rank"":5,""peak_occurrences"":null,""peak_daily_streams"":14204,""metric_scope"":""country-specific Spotify daily Top 200 chart-attributed streams"",""country_rank"":213}"
214,Anywhere,Rita Ora,[],,,,[],"[""und""]",,,,,,,spotify_country_chart_streams,245195.0,streams,245195,Spotify regional daily chart (Kworb aggregate),,,7EI6Iki24tBHAMxtb4xQN2,,,https://kworb.net/spotify/country/mt_weekly_totals.html,2026-10-02,"Exact aggregate of streams observed while this recording was inside Spotify's daily Top 200 for Malta, as aggregated by Kworb from Spotify chart data. Streams earned outside the chart are not included. Chart coverage on the source page: 2014-01-12 through 2020-07-02.","{""country_code"":""MT"",""country_name"":""Malta"",""chart_coverage_start"":""2014-01-12"",""chart_coverage_end"":""2020-07-02"",""days_on_chart"":47,""top10_days"":1,""peak_rank"":10,""peak_occurrences"":null,""peak_daily_streams"":11392,""metric_scope"":""country-specific Spotify daily Top 200 chart-attributed streams"",""country_rank"":214}"
215,Gold,Kiiara,[],,,,[],"[""und""]",,,,,,,spotify_country_chart_streams,245000.0,streams,245000,Spotify regional daily chart (Kworb aggregate),,,6ZSO7kPn8IMJFymyticbJO,,,https://kworb.net/spotify/country/mt_weekly_totals.html,2026-10-02,"Exact aggregate of streams observed while this recording was inside Spotify's daily Top 200 for Malta, as aggregated by Kworb from Spotify chart data. Streams earned outside the chart are not included. Chart coverage on the source page: 2014-01-12 through 2020-07-02.","{""country_code"":""MT"",""country_name"":""Malta"",""chart_coverage_start"":""2014-01-12"",""chart_coverage_end"":""2020-07-02"",""days_on_chart"":62,""top10_days"":null,""peak_rank"":15,""peak_occurrences"":null,""peak_daily_streams"":8070,""metric_scope"":""country-specific Spotify daily Top 200 chart-attributed streams"",""country_rank"":215}"
216,Feels,Calvin Harris,[],,,,[],"[""und""]",,,,,,,spotify_country_chart_streams,244506.0,streams,244506,Spotify regional daily chart (Kworb aggregate),,,5bcTCxgc7xVfSaMV3RuVke,,,https://kworb.net/spotify/country/mt_weekly_totals.html,2026-10-02,"Exact aggregate of streams observed while this recording was inside Spotify's daily Top 200 for Malta, as aggregated by Kworb from Spotify chart data. Streams earned outside the chart are not included. Chart coverage on the source page: 2014-01-12 through 2020-07-02.","{""country_code"":""MT"",""country_name"":""Malta"",""chart_coverage_start"":""2014-01-12"",""chart_coverage_end"":""2020-07-02"",""days_on_chart"":31,""top10_days"":10,""peak_rank"":4,""peak_occurrences"":null,""peak_daily_streams"":14147,""metric_scope"":""country-specific Spotify daily Top 200 chart-attributed streams"",""country_rank"":216}"
217,Capsize,FRENSHIP,[],,,,[],"[""und""]",,,,,,,spotify_country_chart_streams,244496.0,streams,244496,Spotify regional daily chart (Kworb aggregate),,,3GBlLqIYgB8zWaeWDNJzdh,,,https://kworb.net/spotify/country/mt_weekly_totals.html,2026-10-02,"Exact aggregate of streams observed while this recording was inside Spotify's daily Top 200 for Malta, as aggregated by Kworb from Spotify chart data. Streams earned outside the chart are not included. Chart coverage on the source page: 2014-01-12 through 2020-07-02.","{""country_code"":""MT"",""country_name"":""Malta"",""chart_coverage_start"":""2014-01-12"",""chart_coverage_end"":""2020-07-02"",""days_on_chart"":50,""top10_days"":null,""peak_rank"":18,""peak_occurrences"":null,""peak_daily_streams"":8789,""metric_scope"":""country-specific Spotify daily Top 200 chart-attributed streams"",""country_rank"":217}"
218,Love Lies,Khalid,[],,,,[],"[""und""]",,,,,,,spotify_country_chart_streams,244236.0,streams,244236,Spotify regional daily chart (Kworb aggregate),,,45Egmo7icyopuzJN0oMEdk,,,https://kworb.net/spotify/country/mt_weekly_totals.html,2026-10-02,"Exact aggregate of streams observed while this recording was inside Spotify's daily Top 200 for Malta, as aggregated by Kworb from Spotify chart data. Streams earned outside the chart are not included. Chart coverage on the source page: 2014-01-12 through 2020-07-02.","{""country_code"":""MT"",""country_name"":""Malta"",""chart_coverage_start"":""2014-01-12"",""chart_coverage_end"":""2020-07-02"",""days_on_chart"":37,""top10_days"":8,""peak_rank"":5,""peak_occurrences"":null,""peak_daily_streams"":12857,""metric_scope"":""country-specific Spotify daily Top 200 chart-attributed streams"",""country_rank"":218}"
219,Ride,Twenty One Pilots,[],,,,[],"[""und""]",,,,,,,spotify_country_chart_streams,244227.0,streams,244227,Spotify regional daily chart (Kworb aggregate),,,2Z8WuEywRWYTKe1NybPQEW,,,https://kworb.net/spotify/country/mt_weekly_totals.html,2026-10-02,"Exact aggregate of streams observed while this recording was inside Spotify's daily Top 200 for Malta, as aggregated by Kworb from Spotify chart data. Streams earned outside the chart are not included. Chart coverage on the source page: 2014-01-12 through 2020-07-02.","{""country_code"":""MT"",""country_name"":""Malta"",""chart_coverage_start"":""2014-01-12"",""chart_coverage_end"":""2020-07-02"",""days_on_chart"":56,""top10_days"":null,""peak_rank"":12,""peak_occurrences"":null,""peak_daily_streams"":9514,""metric_scope"":""country-specific Spotify daily Top 200 chart-attributed streams"",""country_rank"":219}"
220,Slide,Calvin Harris,[],,,,[],"[""und""]",,,,,,,spotify_country_chart_streams,244159.0,streams,244159,Spotify regional daily chart (Kworb aggregate),,,6gpcs5eMhJwax4mIfKDYQk,,,https://kworb.net/spotify/country/mt_weekly_totals.html,2026-10-02,"Exact aggregate of streams observed while this recording was inside Spotify's daily Top 200 for Malta, as aggregated by Kworb from Spotify chart data. Streams earned outside the chart are not included. Chart coverage on the source page: 2014-01-12 through 2020-07-02.","{""country_code"":""MT"",""country_name"":""Malta"",""chart_coverage_start"":""2014-01-12"",""chart_coverage_end"":""2020-07-02"",""days_on_chart"":36,""top10_days"":null,""peak_rank"":13,""peak_occurrences"":null,""peak_daily_streams"":12509,""metric_scope"":""country-specific Spotify daily Top 200 chart-attributed streams"",""country_rank"":220}"
221,Never Forget You,Zara Larsson,[],,,,[],"[""und""]",,,,,,,spotify_country_chart_streams,242263.0,streams,242263,Spotify regional daily chart (Kworb aggregate),,,6WLS56xiRrXjSm9RSdL3zD,,,https://kworb.net/spotify/country/mt_weekly_totals.html,2026-10-02,"Exact aggregate of streams observed while this recording was inside Spotify's daily Top 200 for Malta, as aggregated by Kworb from Spotify chart data. Streams earned outside the chart are not included. Chart coverage on the source page: 2014-01-12 through 2020-07-02.","{""country_code"":""MT"",""country_name"":""Malta"",""chart_coverage_start"":""2014-01-12"",""chart_coverage_end"":""2020-07-02"",""days_on_chart"":54,""top10_days"":null,""peak_rank"":11,""peak_occurrences"":null,""peak_daily_streams"":7218,""metric_scope"":""country-specific Spotify daily Top 200 chart-attributed streams"",""country_rank"":221}"
222,I Miss You,Clean Bandit,[],,,,[],"[""und""]",,,,,,,spotify_country_chart_streams,241914.0,streams,241914,Spotify regional daily chart (Kworb aggregate),,,2xmrfQpmS2iJExTlklLoAL,,,https://kworb.net/spotify/country/mt_weekly_totals.html,2026-10-02,"Exact aggregate of streams observed while this recording was inside Spotify's daily Top 200 for Malta, as aggregated by Kworb from Spotify chart data. Streams earned outside the chart are not included. Chart coverage on the source page: 2014-01-12 through 2020-07-02.","{""country_code"":""MT"",""country_name"":""Malta"",""chart_coverage_start"":""2014-01-12"",""chart_coverage_end"":""2020-07-02"",""days_on_chart"":38,""top10_days"":3,""peak_rank"":6,""peak_occurrences"":null,""peak_daily_streams"":12568,""metric_scope"":""country-specific Spotify daily Top 200 chart-attributed streams"",""country_rank"":222}"
223,Loco Contigo,DJ Snake,[],,,,[],"[""und""]",,,,,,,spotify_country_chart_streams,240931.0,streams,240931,Spotify regional daily chart (Kworb aggregate),,,6osaMSJh9NguagEDQcZaKx,,,https://kworb.net/spotify/country/mt_weekly_totals.html,2026-10-02,"Exact aggregate of streams observed while this recording was inside Spotify's daily Top 200 for Malta, as aggregated by Kworb from Spotify chart data. Streams earned outside the chart are not included. Chart coverage on the source page: 2014-01-12 through 2020-07-02.","{""country_code"":""MT"",""country_name"":""Malta"",""chart_coverage_start"":""2014-01-12"",""chart_coverage_end"":""2020-07-02"",""days_on_chart"":42,""top10_days"":4,""peak_rank"":3,""peak_occurrences"":1,""peak_daily_streams"":16131,""metric_scope"":""country-specific Spotify daily Top 200 chart-attributed streams"",""country_rank"":223}"
224,Hold Me While You Wait,Lewis Capaldi,[],,,,[],"[""und""]",,,,,,,spotify_country_chart_streams,240829.0,streams,240829,Spotify regional daily chart (Kworb aggregate),,,60iSKGrGazRzICtMjADNSM,,,https://kworb.net/spotify/country/mt_weekly_totals.html,2026-10-02,"Exact aggregate of streams observed while this recording was inside Spotify's daily Top 200 for Malta, as aggregated by Kworb from Spotify chart data. Streams earned outside the chart are not included. Chart coverage on the source page: 2014-01-12 through 2020-07-02.","{""country_code"":""MT"",""country_name"":""Malta"",""chart_coverage_start"":""2014-01-12"",""chart_coverage_end"":""2020-07-02"",""days_on_chart"":61,""top10_days"":null,""peak_rank"":29,""peak_occurrences"":null,""peak_daily_streams"":5788,""metric_scope"":""country-specific Spotify daily Top 200 chart-attributed streams"",""country_rank"":224}"
225,Call You Mine,The Chainsmokers,[],,,,[],"[""und""]",,,,,,,spotify_country_chart_streams,240131.0,streams,240131,Spotify regional daily chart (Kworb aggregate),,,05CwHjIk71RXVU40boRMnR,,,https://kworb.net/spotify/country/mt_weekly_totals.html,2026-10-02,"Exact aggregate of streams observed while this recording was inside Spotify's daily Top 200 for Malta, as aggregated by Kworb from Spotify chart data. Streams earned outside the chart are not included. Chart coverage on the source page: 2014-01-12 through 2020-07-02.","{""country_code"":""MT"",""country_name"":""Malta"",""chart_coverage_start"":""2014-01-12"",""chart_coverage_end"":""2020-07-02"",""days_on_chart"":56,""top10_days"":1,""peak_rank"":9,""peak_occurrences"":null,""peak_daily_streams"":12181,""metric_scope"":""country-specific Spotify daily Top 200 chart-attributed streams"",""country_rank"":225}"
226,Stay,Kygo,[],,,,[],"[""und""]",,,,,,,spotify_country_chart_streams,239893.0,streams,239893,Spotify regional daily chart (Kworb aggregate),,,7gBj0VgcuAgkXkiRRYvSmK,,,https://kworb.net/spotify/country/mt_weekly_totals.html,2026-10-02,"Exact aggregate of streams observed while this recording was inside Spotify's daily Top 200 for Malta, as aggregated by Kworb from Spotify chart data. Streams earned outside the chart are not included. Chart coverage on the source page: 2014-01-12 through 2020-07-02.","{""country_code"":""MT"",""country_name"":""Malta"",""chart_coverage_start"":""2014-01-12"",""chart_coverage_end"":""2020-07-02"",""days_on_chart"":52,""top10_days"":7,""peak_rank"":6,""peak_occurrences"":null,""peak_daily_streams"":8376,""metric_scope"":""country-specific Spotify daily Top 200 chart-attributed streams"",""country_rank"":226}"
227,"break up with your girlfriend, i'm bored",Ariana Grande,[],,,,[],"[""und""]",,,,,,,spotify_country_chart_streams,239562.0,streams,239562,Spotify regional daily chart (Kworb aggregate),,,4kV4N9D1iKVxx1KLvtTpjS,,,https://kworb.net/spotify/country/mt_weekly_totals.html,2026-10-02,"Exact aggregate of streams observed while this recording was inside Spotify's daily Top 200 for Malta, as aggregated by Kworb from Spotify chart data. Streams earned outside the chart are not included. Chart coverage on the source page: 2014-01-12 through 2020-07-02.","{""country_code"":""MT"",""country_name"":""Malta"",""chart_coverage_start"":""2014-01-12"",""chart_coverage_end"":""2020-07-02"",""days_on_chart"":36,""top10_days"":7,""peak_rank"":2,""peak_occurrences"":2,""peak_daily_streams"":30901,""metric_scope"":""country-specific Spotify daily Top 200 chart-attributed streams"",""country_rank"":227}"
228,Life Is Good,Future,[],,,,[],"[""und""]",,,,,,,spotify_country_chart_streams,239156.0,streams,239156,Spotify regional daily chart (Kworb aggregate),,,1K5KBOgreBi5fkEHvg5ap3,,,https://kworb.net/spotify/country/mt_weekly_totals.html,2026-10-02,"Exact aggregate of streams observed while this recording was inside Spotify's daily Top 200 for Malta, as aggregated by Kworb from Spotify chart data. Streams earned outside the chart are not included. Chart coverage on the source page: 2014-01-12 through 2020-07-02.","{""country_code"":""MT"",""country_name"":""Malta"",""chart_coverage_start"":""2014-01-12"",""chart_coverage_end"":""2020-07-02"",""days_on_chart"":25,""top10_days"":6,""peak_rank"":3,""peak_occurrences"":1,""peak_daily_streams"":17389,""metric_scope"":""country-specific Spotify daily Top 200 chart-attributed streams"",""alternate_metrics"":[{""metric_name"":""spotify_country_chart_streams"",""metric_value"":4381.0,""metric_unit"":""streams"",""listen_count"":4381,""view_count"":null,""source_url"":""https://kworb.net/spotify/country/mt_weekly_totals.html"",""retrieved_at"":""2026-10-02""}],""merged_sources"":[""https://kworb.net/spotify/country/mt_weekly_totals.html""],""country_rank"":228}"
229,How Deep Is Your Love,Calvin Harris,[],,,,[],"[""und""]",,,,,,,spotify_country_chart_streams,238645.0,streams,238645,Spotify regional daily chart (Kworb aggregate),,,22mek4IiqubGD9ctzxc69s,,,https://kworb.net/spotify/country/mt_weekly_totals.html,2026-10-02,"Exact aggregate of streams observed while this recording was inside Spotify's daily Top 200 for Malta, as aggregated by Kworb from Spotify chart data. Streams earned outside the chart are not included. Chart coverage on the source page: 2014-01-12 through 2020-07-02.","{""country_code"":""MT"",""country_name"":""Malta"",""chart_coverage_start"":""2014-01-12"",""chart_coverage_end"":""2020-07-02"",""days_on_chart"":62,""top10_days"":16,""peak_rank"":1,""peak_occurrences"":2,""peak_daily_streams"":9482,""metric_scope"":""country-specific Spotify daily Top 200 chart-attributed streams"",""country_rank"":229}"
230,La Player (Bandolera),Zion & Lennox,[],,,,[],"[""und""]",,,,,,,spotify_country_chart_streams,237886.0,streams,237886,Spotify regional daily chart (Kworb aggregate),,,0VKkyBKCXyR99navhVRqcP,,,https://kworb.net/spotify/country/mt_weekly_totals.html,2026-10-02,"Exact aggregate of streams observed while this recording was inside Spotify's daily Top 200 for Malta, as aggregated by Kworb from Spotify chart data. Streams earned outside the chart are not included. Chart coverage on the source page: 2014-01-12 through 2020-07-02.","{""country_code"":""MT"",""country_name"":""Malta"",""chart_coverage_start"":""2014-01-12"",""chart_coverage_end"":""2020-07-02"",""days_on_chart"":39,""top10_days"":null,""peak_rank"":16,""peak_occurrences"":null,""peak_daily_streams"":9927,""metric_scope"":""country-specific Spotify daily Top 200 chart-attributed streams"",""country_rank"":230}"
231,Quiere Beber,Anuel AA,[],,,,[],"[""und""]",,,,,,,spotify_country_chart_streams,237530.0,streams,237530,Spotify regional daily chart (Kworb aggregate),,,3rPAD722s5FFNnwjC91t7Z,,,https://kworb.net/spotify/country/mt_weekly_totals.html,2026-10-02,"Exact aggregate of streams observed while this recording was inside Spotify's daily Top 200 for Malta, as aggregated by Kworb from Spotify chart data. Streams earned outside the chart are not included. Chart coverage on the source page: 2014-01-12 through 2020-07-02.","{""country_code"":""MT"",""country_name"":""Malta"",""chart_coverage_start"":""2014-01-12"",""chart_coverage_end"":""2020-07-02"",""days_on_chart"":27,""top10_days"":8,""peak_rank"":4,""peak_occurrences"":null,""peak_daily_streams"":15417,""metric_scope"":""country-specific Spotify daily Top 200 chart-attributed streams"",""country_rank"":231}"
232,Hymn for the Weekend,Coldplay,[],,,,[],"[""und""]",,,,,,,spotify_country_chart_streams,236921.0,streams,236921,Spotify regional daily chart (Kworb aggregate),,,3RiPr603aXAoi4GHyXx0uy,,,https://kworb.net/spotify/country/mt_weekly_totals.html,2026-10-02,"Exact aggregate of streams observed while this recording was inside Spotify's daily Top 200 for Malta, as aggregated by Kworb from Spotify chart data. Streams earned outside the chart are not included. Chart coverage on the source page: 2014-01-12 through 2020-07-02.","{""country_code"":""MT"",""country_name"":""Malta"",""chart_coverage_start"":""2014-01-12"",""chart_coverage_end"":""2020-07-02"",""days_on_chart"":74,""top10_days"":null,""peak_rank"":11,""peak_occurrences"":null,""peak_daily_streams"":8417,""metric_scope"":""country-specific Spotify daily Top 200 chart-attributed streams"",""country_rank"":232}"
233,Mask Off,Future,[],,,,[],"[""und""]",,,,,,,spotify_country_chart_streams,236664.0,streams,236664,Spotify regional daily chart (Kworb aggregate),,,3rOSwuTsUlJp0Pu0MkN8r8,,,https://kworb.net/spotify/country/mt_weekly_totals.html,2026-10-02,"Exact aggregate of streams observed while this recording was inside Spotify's daily Top 200 for Malta, as aggregated by Kworb from Spotify chart data. Streams earned outside the chart are not included. Chart coverage on the source page: 2014-01-12 through 2020-07-02.","{""country_code"":""MT"",""country_name"":""Malta"",""chart_coverage_start"":""2014-01-12"",""chart_coverage_end"":""2020-07-02"",""days_on_chart"":50,""top10_days"":null,""peak_rank"":15,""peak_occurrences"":null,""peak_daily_streams"":11741,""metric_scope"":""country-specific Spotify daily Top 200 chart-attributed streams"",""country_rank"":233}"
234,PILLOWTALK,ZAYN,[],,,,[],"[""und""]",,,,,,,spotify_country_chart_streams,235321.0,streams,235321,Spotify regional daily chart (Kworb aggregate),,,0PDUDa38GO8lMxLCRc4lL1,,,https://kworb.net/spotify/country/mt_weekly_totals.html,2026-10-02,"Exact aggregate of streams observed while this recording was inside Spotify's daily Top 200 for Malta, as aggregated by Kworb from Spotify chart data. Streams earned outside the chart are not included. Chart coverage on the source page: 2014-01-12 through 2020-07-02.","{""country_code"":""MT"",""country_name"":""Malta"",""chart_coverage_start"":""2014-01-12"",""chart_coverage_end"":""2020-07-02"",""days_on_chart"":47,""top10_days"":12,""peak_rank"":1,""peak_occurrences"":3,""peak_daily_streams"":17066,""metric_scope"":""country-specific Spotify daily Top 200 chart-attributed streams"",""country_rank"":234}"
235,"i hate u, i love u",gnash,[],,,,[],"[""und""]",,,,,,,spotify_country_chart_streams,233272.0,streams,233272,Spotify regional daily chart (Kworb aggregate),,,7vRriwrloYVaoAe3a9wJHe,,,https://kworb.net/spotify/country/mt_weekly_totals.html,2026-10-02,"Exact aggregate of streams observed while this recording was inside Spotify's daily Top 200 for Malta, as aggregated by Kworb from Spotify chart data. Streams earned outside the chart are not included. Chart coverage on the source page: 2014-01-12 through 2020-07-02.","{""country_code"":""MT"",""country_name"":""Malta"",""chart_coverage_start"":""2014-01-12"",""chart_coverage_end"":""2020-07-02"",""days_on_chart"":50,""top10_days"":null,""peak_rank"":17,""peak_occurrences"":null,""peak_daily_streams"":7832,""metric_scope"":""country-specific Spotify daily Top 200 chart-attributed streams"",""country_rank"":235}"
236,So Am I,Ava Max,[],,,,[],"[""und""]",,,,,,,spotify_country_chart_streams,232763.0,streams,232763,Spotify regional daily chart (Kworb aggregate),,,0uUNN1nSoUx1A4fkDCWDQ7,,,https://kworb.net/spotify/country/mt_weekly_totals.html,2026-10-02,"Exact aggregate of streams observed while this recording was inside Spotify's daily Top 200 for Malta, as aggregated by Kworb from Spotify chart data. Streams earned outside the chart are not included. Chart coverage on the source page: 2014-01-12 through 2020-07-02.","{""country_code"":""MT"",""country_name"":""Malta"",""chart_coverage_start"":""2014-01-12"",""chart_coverage_end"":""2020-07-02"",""days_on_chart"":54,""top10_days"":null,""peak_rank"":12,""peak_occurrences"":null,""peak_daily_streams"":9229,""metric_scope"":""country-specific Spotify daily Top 200 chart-attributed streams"",""country_rank"":236}"
237,Passionfruit,Drake,[],,,,[],"[""und""]",,,,,,,spotify_country_chart_streams,231155.0,streams,231155,Spotify regional daily chart (Kworb aggregate),,,7hDc8b7IXETo14hHIHdnhd,,,https://kworb.net/spotify/country/mt_weekly_totals.html,2026-10-02,"Exact aggregate of streams observed while this recording was inside Spotify's daily Top 200 for Malta, as aggregated by Kworb from Spotify chart data. Streams earned outside the chart are not included. Chart coverage on the source page: 2014-01-12 through 2020-07-02.","{""country_code"":""MT"",""country_name"":""Malta"",""chart_coverage_start"":""2014-01-12"",""chart_coverage_end"":""2020-07-02"",""days_on_chart"":44,""top10_days"":6,""peak_rank"":4,""peak_occurrences"":null,""peak_daily_streams"":18737,""metric_scope"":""country-specific Spotify daily Top 200 chart-attributed streams"",""country_rank"":237}"
238,Polaroid,Jonas Blue,[],,,,[],"[""und""]",,,,,,,spotify_country_chart_streams,230445.0,streams,230445,Spotify regional daily chart (Kworb aggregate),,,6XqvFyJGdUD5IWee02ARKU,,,https://kworb.net/spotify/country/mt_weekly_totals.html,2026-10-02,"Exact aggregate of streams observed while this recording was inside Spotify's daily Top 200 for Malta, as aggregated by Kworb from Spotify chart data. Streams earned outside the chart are not included. Chart coverage on the source page: 2014-01-12 through 2020-07-02.","{""country_code"":""MT"",""country_name"":""Malta"",""chart_coverage_start"":""2014-01-12"",""chart_coverage_end"":""2020-07-02"",""days_on_chart"":75,""top10_days"":null,""peak_rank"":80,""peak_occurrences"":null,""peak_daily_streams"":5019,""metric_scope"":""country-specific Spotify daily Top 200 chart-attributed streams"",""country_rank"":238}"
239,Beautiful,Bazzi,[],,,,[],"[""und""]",,,,,,,spotify_country_chart_streams,229812.0,streams,229812,Spotify regional daily chart (Kworb aggregate),,,4VUwkH455At9kENOfzTqmF,,,https://kworb.net/spotify/country/mt_weekly_totals.html,2026-10-02,"Exact aggregate of streams observed while this recording was inside Spotify's daily Top 200 for Malta, as aggregated by Kworb from Spotify chart data. Streams earned outside the chart are not included. Chart coverage on the source page: 2014-01-12 through 2020-07-02.","{""country_code"":""MT"",""country_name"":""Malta"",""chart_coverage_start"":""2014-01-12"",""chart_coverage_end"":""2020-07-02"",""days_on_chart"":48,""top10_days"":null,""peak_rank"":16,""peak_occurrences"":null,""peak_daily_streams"":10576,""metric_scope"":""country-specific Spotify daily Top 200 chart-attributed streams"",""alternate_metrics"":[{""metric_name"":""spotify_country_chart_streams"",""metric_value"":43315.0,""metric_unit"":""streams"",""listen_count"":43315,""view_count"":null,""source_url"":""https://kworb.net/spotify/country/mt_weekly_totals.html"",""retrieved_at"":""2026-10-02""}],""merged_sources"":[""https://kworb.net/spotify/country/mt_weekly_totals.html""],""country_rank"":239}"
240,Adventure Of A Lifetime,Coldplay,[],,,,[],"[""und""]",,,,,,,spotify_country_chart_streams,228983.0,streams,228983,Spotify regional daily chart (Kworb aggregate),,,4MFCXniy7I8tj0GXtf3wgC,,,https://kworb.net/spotify/country/mt_weekly_totals.html,2026-10-02,"Exact aggregate of streams observed while this recording was inside Spotify's daily Top 200 for Malta, as aggregated by Kworb from Spotify chart data. Streams earned outside the chart are not included. Chart coverage on the source page: 2014-01-12 through 2020-07-02.","{""country_code"":""MT"",""country_name"":""Malta"",""chart_coverage_start"":""2014-01-12"",""chart_coverage_end"":""2020-07-02"",""days_on_chart"":74,""top10_days"":5,""peak_rank"":5,""peak_occurrences"":null,""peak_daily_streams"":7889,""metric_scope"":""country-specific Spotify daily Top 200 chart-attributed streams"",""country_rank"":240}"
241,Happy Now,Kygo,[],,,,[],"[""und""]",,,,,,,spotify_country_chart_streams,228368.0,streams,228368,Spotify regional daily chart (Kworb aggregate),,,14sOS5L36385FJ3OL8hew4,,,https://kworb.net/spotify/country/mt_weekly_totals.html,2026-10-02,"Exact aggregate of streams observed while this recording was inside Spotify's daily Top 200 for Malta, as aggregated by Kworb from Spotify chart data. Streams earned outside the chart are not included. Chart coverage on the source page: 2014-01-12 through 2020-07-02.","{""country_code"":""MT"",""country_name"":""Malta"",""chart_coverage_start"":""2014-01-12"",""chart_coverage_end"":""2020-07-02"",""days_on_chart"":75,""top10_days"":null,""peak_rank"":29,""peak_occurrences"":null,""peak_daily_streams"":8649,""metric_scope"":""country-specific Spotify daily Top 200 chart-attributed streams"",""country_rank"":241}"
242,Young Dumb & Broke,Khalid,[],,,,[],"[""und""]",,,,,,,spotify_country_chart_streams,228348.0,streams,228348,Spotify regional daily chart (Kworb aggregate),,,5Z3GHaZ6ec9bsiI5BenrbY,,,https://kworb.net/spotify/country/mt_weekly_totals.html,2026-10-02,"Exact aggregate of streams observed while this recording was inside Spotify's daily Top 200 for Malta, as aggregated by Kworb from Spotify chart data. Streams earned outside the chart are not included. Chart coverage on the source page: 2014-01-12 through 2020-07-02.","{""country_code"":""MT"",""country_name"":""Malta"",""chart_coverage_start"":""2014-01-12"",""chart_coverage_end"":""2020-07-02"",""days_on_chart"":46,""top10_days"":null,""peak_rank"":22,""peak_occurrences"":null,""peak_daily_streams"":8464,""metric_scope"":""country-specific Spotify daily Top 200 chart-attributed streams"",""country_rank"":242}"
243,Rescue Me,OneRepublic,[],,,,[],"[""und""]",,,,,,,spotify_country_chart_streams,227139.0,streams,227139,Spotify regional daily chart (Kworb aggregate),,,0mjAU3yKR1QnXnHtjGJqTM,,,https://kworb.net/spotify/country/mt_weekly_totals.html,2026-10-02,"Exact aggregate of streams observed while this recording was inside Spotify's daily Top 200 for Malta, as aggregated by Kworb from Spotify chart data. Streams earned outside the chart are not included. Chart coverage on the source page: 2014-01-12 through 2020-07-02.","{""country_code"":""MT"",""country_name"":""Malta"",""chart_coverage_start"":""2014-01-12"",""chart_coverage_end"":""2020-07-02"",""days_on_chart"":58,""top10_days"":null,""peak_rank"":23,""peak_occurrences"":null,""peak_daily_streams"":7487,""metric_scope"":""country-specific Spotify daily Top 200 chart-attributed streams"",""country_rank"":243}"
244,All Night,The Vamps,[],,,,[],"[""und""]",,,,,,,spotify_country_chart_streams,226874.0,streams,226874,Spotify regional daily chart (Kworb aggregate),,,1yNyoWWWikbLhwIGWjZuDW,,,https://kworb.net/spotify/country/mt_weekly_totals.html,2026-10-02,"Exact aggregate of streams observed while this recording was inside Spotify's daily Top 200 for Malta, as aggregated by Kworb from Spotify chart data. Streams earned outside the chart are not included. Chart coverage on the source page: 2014-01-12 through 2020-07-02.","{""country_code"":""MT"",""country_name"":""Malta"",""chart_coverage_start"":""2014-01-12"",""chart_coverage_end"":""2020-07-02"",""days_on_chart"":52,""top10_days"":null,""peak_rank"":11,""peak_occurrences"":null,""peak_daily_streams"":9018,""metric_scope"":""country-specific Spotify daily Top 200 chart-attributed streams"",""country_rank"":244}"
245,Middle,DJ Snake,[],,,,[],"[""und""]",,,,,,,spotify_country_chart_streams,224873.0,streams,224873,Spotify regional daily chart (Kworb aggregate),,,2Fn3coxd0xAZ09JtrgcgHa,,,https://kworb.net/spotify/country/mt_weekly_totals.html,2026-10-02,"Exact aggregate of streams observed while this recording was inside Spotify's daily Top 200 for Malta, as aggregated by Kworb from Spotify chart data. Streams earned outside the chart are not included. Chart coverage on the source page: 2014-01-12 through 2020-07-02.","{""country_code"":""MT"",""country_name"":""Malta"",""chart_coverage_start"":""2014-01-12"",""chart_coverage_end"":""2020-07-02"",""days_on_chart"":56,""top10_days"":null,""peak_rank"":14,""peak_occurrences"":null,""peak_daily_streams"":8036,""metric_scope"":""country-specific Spotify daily Top 200 chart-attributed streams"",""country_rank"":245}"
246,Panda,Desiigner,[],,,,[],"[""und""]",,,,,,,spotify_country_chart_streams,224619.0,streams,224619,Spotify regional daily chart (Kworb aggregate),,,5OOkp4U9P9oL23maHFHL1h,,,https://kworb.net/spotify/country/mt_weekly_totals.html,2026-10-02,"Exact aggregate of streams observed while this recording was inside Spotify's daily Top 200 for Malta, as aggregated by Kworb from Spotify chart data. Streams earned outside the chart are not included. Chart coverage on the source page: 2014-01-12 through 2020-07-02.","{""country_code"":""MT"",""country_name"":""Malta"",""chart_coverage_start"":""2014-01-12"",""chart_coverage_end"":""2020-07-02"",""days_on_chart"":55,""top10_days"":6,""peak_rank"":8,""peak_occurrences"":null,""peak_daily_streams"":11156,""metric_scope"":""country-specific Spotify daily Top 200 chart-attributed streams"",""country_rank"":246}"
247,Cuando Te Besé,Becky G,[],,,,[],"[""und""]",,,,,,,spotify_country_chart_streams,224367.0,streams,224367,Spotify regional daily chart (Kworb aggregate),,,2XXMDz7SPZ4mSFN1PXfHUy,,,https://kworb.net/spotify/country/mt_weekly_totals.html,2026-10-02,"Exact aggregate of streams observed while this recording was inside Spotify's daily Top 200 for Malta, as aggregated by Kworb from Spotify chart data. Streams earned outside the chart are not included. Chart coverage on the source page: 2014-01-12 through 2020-07-02.","{""country_code"":""MT"",""country_name"":""Malta"",""chart_coverage_start"":""2014-01-12"",""chart_coverage_end"":""2020-07-02"",""days_on_chart"":32,""top10_days"":null,""peak_rank"":14,""peak_occurrences"":null,""peak_daily_streams"":11933,""metric_scope"":""country-specific Spotify daily Top 200 chart-attributed streams"",""country_rank"":247}"
248,Natural,Imagine Dragons,[],,,,[],"[""und""]",,,,,,,spotify_country_chart_streams,223588.0,streams,223588,Spotify regional daily chart (Kworb aggregate),,,2FY7b99s15jUprqC0M5NCT,,,https://kworb.net/spotify/country/mt_weekly_totals.html,2026-10-02,"Exact aggregate of streams observed while this recording was inside Spotify's daily Top 200 for Malta, as aggregated by Kworb from Spotify chart data. Streams earned outside the chart are not included. Chart coverage on the source page: 2014-01-12 through 2020-07-02.","{""country_code"":""MT"",""country_name"":""Malta"",""chart_coverage_start"":""2014-01-12"",""chart_coverage_end"":""2020-07-02"",""days_on_chart"":44,""top10_days"":null,""peak_rank"":12,""peak_occurrences"":null,""peak_daily_streams"":11546,""metric_scope"":""country-specific Spotify daily Top 200 chart-attributed streams"",""country_rank"":248}"
249,Side To Side,Ariana Grande,[],,,,[],"[""und""]",,,,,,,spotify_country_chart_streams,223371.0,streams,223371,Spotify regional daily chart (Kworb aggregate),,,4pLwZjInHj3SimIyN9SnOz,,,https://kworb.net/spotify/country/mt_weekly_totals.html,2026-10-02,"Exact aggregate of streams observed while this recording was inside Spotify's daily Top 200 for Malta, as aggregated by Kworb from Spotify chart data. Streams earned outside the chart are not included. Chart coverage on the source page: 2014-01-12 through 2020-07-02.","{""country_code"":""MT"",""country_name"":""Malta"",""chart_coverage_start"":""2014-01-12"",""chart_coverage_end"":""2020-07-02"",""days_on_chart"":46,""top10_days"":7,""peak_rank"":7,""peak_occurrences"":null,""peak_daily_streams"":11330,""metric_scope"":""country-specific Spotify daily Top 200 chart-attributed streams"",""country_rank"":249}"
250,Always Remember Us This Way,Lady Gaga,[],,,,[],"[""und""]",,,,,,,spotify_country_chart_streams,222313.0,streams,222313,Spotify regional daily chart (Kworb aggregate),,,2rbDhOo9Fh61Bbu23T2qCk,,,https://kworb.net/spotify/country/mt_weekly_totals.html,2026-10-02,"Exact aggregate of streams observed while this recording was inside Spotify's daily Top 200 for Malta, as aggregated by Kworb from Spotify chart data. Streams earned outside the chart are not included. Chart coverage on the source page: 2014-01-12 through 2020-07-02.","{""country_code"":""MT"",""country_name"":""Malta"",""chart_coverage_start"":""2014-01-12"",""chart_coverage_end"":""2020-07-02"",""days_on_chart"":69,""top10_days"":null,""peak_rank"":55,""peak_occurrences"":null,""peak_daily_streams"":5849,""metric_scope"":""country-specific Spotify daily Top 200 chart-attributed streams"",""country_rank"":250}"
251,Shotgun,George Ezra,[],,,,[],"[""und""]",,,,,,,spotify_country_chart_streams,221193.0,streams,221193,Spotify regional daily chart (Kworb aggregate),,,4ofwffwvvnbSkrMSCKQDaC,,,https://kworb.net/spotify/country/mt_weekly_totals.html,2026-10-02,"Exact aggregate of streams observed while this recording was inside Spotify's daily Top 200 for Malta, as aggregated by Kworb from Spotify chart data. Streams earned outside the chart are not included. Chart coverage on the source page: 2014-01-12 through 2020-07-02.","{""country_code"":""MT"",""country_name"":""Malta"",""chart_coverage_start"":""2014-01-12"",""chart_coverage_end"":""2020-07-02"",""days_on_chart"":50,""top10_days"":null,""peak_rank"":18,""peak_occurrences"":null,""peak_daily_streams"":10443,""metric_scope"":""country-specific Spotify daily Top 200 chart-attributed streams"",""country_rank"":251}"
252,Under Pressure - Remastered,Queen,[],,,,[],"[""und""]",,,,,,,spotify_country_chart_streams,221080.0,streams,221080,Spotify regional daily chart (Kworb aggregate),,,2fuCquhmrzHpu5xcA1ci9x,,,https://kworb.net/spotify/country/mt_weekly_totals.html,2026-10-02,"Exact aggregate of streams observed while this recording was inside Spotify's daily Top 200 for Malta, as aggregated by Kworb from Spotify chart data. Streams earned outside the chart are not included. Chart coverage on the source page: 2014-01-12 through 2020-07-02.","{""country_code"":""MT"",""country_name"":""Malta"",""chart_coverage_start"":""2014-01-12"",""chart_coverage_end"":""2020-07-02"",""days_on_chart"":68,""top10_days"":null,""peak_rank"":40,""peak_occurrences"":null,""peak_daily_streams"":8205,""metric_scope"":""country-specific Spotify daily Top 200 chart-attributed streams"",""country_rank"":252}"
253,My Oh My,Camila Cabello,[],,,,[],"[""und""]",,,,,,,spotify_country_chart_streams,221056.0,streams,221056,Spotify regional daily chart (Kworb aggregate),,,3yOlyBJuViE2YSGn3nVE1K,,,https://kworb.net/spotify/country/mt_weekly_totals.html,2026-10-02,"Exact aggregate of streams observed while this recording was inside Spotify's daily Top 200 for Malta, as aggregated by Kworb from Spotify chart data. Streams earned outside the chart are not included. Chart coverage on the source page: 2014-01-12 through 2020-07-02.","{""country_code"":""MT"",""country_name"":""Malta"",""chart_coverage_start"":""2014-01-12"",""chart_coverage_end"":""2020-07-02"",""days_on_chart"":30,""top10_days"":2,""peak_rank"":7,""peak_occurrences"":null,""peak_daily_streams"":14197,""metric_scope"":""country-specific Spotify daily Top 200 chart-attributed streams"",""country_rank"":253}"
254,Friends,Justin Bieber,[],,,,[],"[""und""]",,,,,,,spotify_country_chart_streams,220779.0,streams,220779,Spotify regional daily chart (Kworb aggregate),,,7nZmah2llfvLDiUjm0kiyz,,,https://kworb.net/spotify/country/mt_weekly_totals.html,2026-10-02,"Exact aggregate of streams observed while this recording was inside Spotify's daily Top 200 for Malta, as aggregated by Kworb from Spotify chart data. Streams earned outside the chart are not included. Chart coverage on the source page: 2014-01-12 through 2020-07-02.","{""country_code"":""MT"",""country_name"":""Malta"",""chart_coverage_start"":""2014-01-12"",""chart_coverage_end"":""2020-07-02"",""days_on_chart"":35,""top10_days"":8,""peak_rank"":2,""peak_occurrences"":1,""peak_daily_streams"":17512,""metric_scope"":""country-specific Spotify daily Top 200 chart-attributed streams"",""country_rank"":254}"
255,No Es Justo,J Balvin,[],,,,[],"[""und""]",,,,,,,spotify_country_chart_streams,220124.0,streams,220124,Spotify regional daily chart (Kworb aggregate),,,5qFeMRz4TvetPmzjre9Dq7,,,https://kworb.net/spotify/country/mt_weekly_totals.html,2026-10-02,"Exact aggregate of streams observed while this recording was inside Spotify's daily Top 200 for Malta, as aggregated by Kworb from Spotify chart data. Streams earned outside the chart are not included. Chart coverage on the source page: 2014-01-12 through 2020-07-02.","{""country_code"":""MT"",""country_name"":""Malta"",""chart_coverage_start"":""2014-01-12"",""chart_coverage_end"":""2020-07-02"",""days_on_chart"":32,""top10_days"":null,""peak_rank"":21,""peak_occurrences"":null,""peak_daily_streams"":9195,""metric_scope"":""country-specific Spotify daily Top 200 chart-attributed streams"",""country_rank"":255}"
256,Sin Pijama,Becky G,[],,,,[],"[""und""]",,,,,,,spotify_country_chart_streams,218389.0,streams,218389,Spotify regional daily chart (Kworb aggregate),,,2ijef6ni2amuunRoKTlgww,,,https://kworb.net/spotify/country/mt_weekly_totals.html,2026-10-02,"Exact aggregate of streams observed while this recording was inside Spotify's daily Top 200 for Malta, as aggregated by Kworb from Spotify chart data. Streams earned outside the chart are not included. Chart coverage on the source page: 2014-01-12 through 2020-07-02.","{""country_code"":""MT"",""country_name"":""Malta"",""chart_coverage_start"":""2014-01-12"",""chart_coverage_end"":""2020-07-02"",""days_on_chart"":32,""top10_days"":null,""peak_rank"":20,""peak_occurrences"":null,""peak_daily_streams"":10171,""metric_scope"":""country-specific Spotify daily Top 200 chart-attributed streams"",""country_rank"":256}"
257,Don't Wanna Know,Maroon 5,[],,,,[],"[""und""]",,,,,,,spotify_country_chart_streams,218380.0,streams,218380,Spotify regional daily chart (Kworb aggregate),,,5MFzQMkrl1FOOng9tq6R9r,,,https://kworb.net/spotify/country/mt_weekly_totals.html,2026-10-02,"Exact aggregate of streams observed while this recording was inside Spotify's daily Top 200 for Malta, as aggregated by Kworb from Spotify chart data. Streams earned outside the chart are not included. Chart coverage on the source page: 2014-01-12 through 2020-07-02.","{""country_code"":""MT"",""country_name"":""Malta"",""chart_coverage_start"":""2014-01-12"",""chart_coverage_end"":""2020-07-02"",""days_on_chart"":35,""top10_days"":12,""peak_rank"":4,""peak_occurrences"":null,""peak_daily_streams"":11965,""metric_scope"":""country-specific Spotify daily Top 200 chart-attributed streams"",""country_rank"":257}"
258,Let Her Go,Passenger,[],,,,[],"[""und""]",,,,,,,spotify_country_chart_streams,218115.0,streams,218115,Spotify regional daily chart (Kworb aggregate),,,7DFNE7NO0raLIUbgzY2rzm,,,https://kworb.net/spotify/country/mt_weekly_totals.html,2026-10-02,"Exact aggregate of streams observed while this recording was inside Spotify's daily Top 200 for Malta, as aggregated by Kworb from Spotify chart data. Streams earned outside the chart are not included. Chart coverage on the source page: 2014-01-12 through 2020-07-02.","{""country_code"":""MT"",""country_name"":""Malta"",""chart_coverage_start"":""2014-01-12"",""chart_coverage_end"":""2020-07-02"",""days_on_chart"":152,""top10_days"":4,""peak_rank"":7,""peak_occurrences"":null,""peak_daily_streams"":2455,""metric_scope"":""country-specific Spotify daily Top 200 chart-attributed streams"",""country_rank"":258}"
259,Liar,Camila Cabello,[],,,,[],"[""und""]",,,,,,,spotify_country_chart_streams,217999.0,streams,217999,Spotify regional daily chart (Kworb aggregate),,,7LzouaWGFCy4tkXDOOnEyM,,,https://kworb.net/spotify/country/mt_weekly_totals.html,2026-10-02,"Exact aggregate of streams observed while this recording was inside Spotify's daily Top 200 for Malta, as aggregated by Kworb from Spotify chart data. Streams earned outside the chart are not included. Chart coverage on the source page: 2014-01-12 through 2020-07-02.","{""country_code"":""MT"",""country_name"":""Malta"",""chart_coverage_start"":""2014-01-12"",""chart_coverage_end"":""2020-07-02"",""days_on_chart"":37,""top10_days"":3,""peak_rank"":9,""peak_occurrences"":null,""peak_daily_streams"":12125,""metric_scope"":""country-specific Spotify daily Top 200 chart-attributed streams"",""country_rank"":259}"
260,Last Christmas,Wham!,[],,,,[],"[""und""]",,,,,,,spotify_country_chart_streams,217494.0,streams,217494,Spotify regional daily chart (Kworb aggregate),,,2FRnf9qhLbvw8fu4IBXx78,,,https://kworb.net/spotify/country/mt_weekly_totals.html,2026-10-02,"Exact aggregate of streams observed while this recording was inside Spotify's daily Top 200 for Malta, as aggregated by Kworb from Spotify chart data. Streams earned outside the chart are not included. Chart coverage on the source page: 2014-01-12 through 2020-07-02.","{""country_code"":""MT"",""country_name"":""Malta"",""chart_coverage_start"":""2014-01-12"",""chart_coverage_end"":""2020-07-02"",""days_on_chart"":35,""top10_days"":7,""peak_rank"":2,""peak_occurrences"":1,""peak_daily_streams"":19392,""metric_scope"":""country-specific Spotify daily Top 200 chart-attributed streams"",""country_rank"":260}"
261,South of the Border,Ed Sheeran,[],,,,[],"[""und""]",,,,,,,spotify_country_chart_streams,216463.0,streams,216463,Spotify regional daily chart (Kworb aggregate),,,4vUmTMuQqjdnvlZmAH61Qk,,,https://kworb.net/spotify/country/mt_weekly_totals.html,2026-10-02,"Exact aggregate of streams observed while this recording was inside Spotify's daily Top 200 for Malta, as aggregated by Kworb from Spotify chart data. Streams earned outside the chart are not included. Chart coverage on the source page: 2014-01-12 through 2020-07-02.","{""country_code"":""MT"",""country_name"":""Malta"",""chart_coverage_start"":""2014-01-12"",""chart_coverage_end"":""2020-07-02"",""days_on_chart"":45,""top10_days"":null,""peak_rank"":17,""peak_occurrences"":null,""peak_daily_streams"":9897,""metric_scope"":""country-specific Spotify daily Top 200 chart-attributed streams"",""country_rank"":261}"
262,Lights Up,Harry Styles,[],,,,[],"[""und""]",,,,,,,spotify_country_chart_streams,215603.0,streams,215603,Spotify regional daily chart (Kworb aggregate),,,4jAIqgrPjKLTY9Gbez25Qb,,,https://kworb.net/spotify/country/mt_weekly_totals.html,2026-10-02,"Exact aggregate of streams observed while this recording was inside Spotify's daily Top 200 for Malta, as aggregated by Kworb from Spotify chart data. Streams earned outside the chart are not included. Chart coverage on the source page: 2014-01-12 through 2020-07-02.","{""country_code"":""MT"",""country_name"":""Malta"",""chart_coverage_start"":""2014-01-12"",""chart_coverage_end"":""2020-07-02"",""days_on_chart"":38,""top10_days"":2,""peak_rank"":5,""peak_occurrences"":null,""peak_daily_streams"":14542,""metric_scope"":""country-specific Spotify daily Top 200 chart-attributed streams"",""country_rank"":262}"
263,Culpables,KAROL G,[],,,,[],"[""und""]",,,,,,,spotify_country_chart_streams,214633.0,streams,214633,Spotify regional daily chart (Kworb aggregate),,,6q8Lb50EtqNeeJXXe8mMAH,,,https://kworb.net/spotify/country/mt_weekly_totals.html,2026-10-02,"Exact aggregate of streams observed while this recording was inside Spotify's daily Top 200 for Malta, as aggregated by Kworb from Spotify chart data. Streams earned outside the chart are not included. Chart coverage on the source page: 2014-01-12 through 2020-07-02.","{""country_code"":""MT"",""country_name"":""Malta"",""chart_coverage_start"":""2014-01-12"",""chart_coverage_end"":""2020-07-02"",""days_on_chart"":27,""top10_days"":5,""peak_rank"":8,""peak_occurrences"":null,""peak_daily_streams"":14295,""metric_scope"":""country-specific Spotify daily Top 200 chart-attributed streams"",""country_rank"":263}"
264,OK,Robin Schulz,[],,,,[],"[""und""]",,,,,,,spotify_country_chart_streams,213964.0,streams,213964,Spotify regional daily chart (Kworb aggregate),,,3bWAqKDWg6u1davspr5IkS,,,https://kworb.net/spotify/country/mt_weekly_totals.html,2026-10-02,"Exact aggregate of streams observed while this recording was inside Spotify's daily Top 200 for Malta, as aggregated by Kworb from Spotify chart data. Streams earned outside the chart are not included. Chart coverage on the source page: 2014-01-12 through 2020-07-02.","{""country_code"":""MT"",""country_name"":""Malta"",""chart_coverage_start"":""2014-01-12"",""chart_coverage_end"":""2020-07-02"",""days_on_chart"":45,""top10_days"":null,""peak_rank"":21,""peak_occurrences"":null,""peak_daily_streams"":9197,""metric_scope"":""country-specific Spotify daily Top 200 chart-attributed streams"",""country_rank"":264}"
265,No Money,Galantis,[],,,,[],"[""und""]",,,,,,,spotify_country_chart_streams,213804.0,streams,213804,Spotify regional daily chart (Kworb aggregate),,,0gb1J5UrTpzaU1s3nupgCd,,,https://kworb.net/spotify/country/mt_weekly_totals.html,2026-10-02,"Exact aggregate of streams observed while this recording was inside Spotify's daily Top 200 for Malta, as aggregated by Kworb from Spotify chart data. Streams earned outside the chart are not included. Chart coverage on the source page: 2014-01-12 through 2020-07-02.","{""country_code"":""MT"",""country_name"":""Malta"",""chart_coverage_start"":""2014-01-12"",""chart_coverage_end"":""2020-07-02"",""days_on_chart"":39,""top10_days"":8,""peak_rank"":5,""peak_occurrences"":null,""peak_daily_streams"":11766,""metric_scope"":""country-specific Spotify daily Top 200 chart-attributed streams"",""country_rank"":265}"
266,Say So,Doja Cat,[],,,,[],"[""und""]",,,,,,,spotify_country_chart_streams,212742.0,streams,212742,Spotify regional daily chart (Kworb aggregate),,,3Dv1eDb0MEgF93GpLXlucZ,,,https://kworb.net/spotify/country/mt_weekly_totals.html,2026-10-02,"Exact aggregate of streams observed while this recording was inside Spotify's daily Top 200 for Malta, as aggregated by Kworb from Spotify chart data. Streams earned outside the chart are not included. Chart coverage on the source page: 2014-01-12 through 2020-07-02.","{""country_code"":""MT"",""country_name"":""Malta"",""chart_coverage_start"":""2014-01-12"",""chart_coverage_end"":""2020-07-02"",""days_on_chart"":27,""top10_days"":4,""peak_rank"":7,""peak_occurrences"":null,""peak_daily_streams"":12801,""metric_scope"":""country-specific Spotify daily Top 200 chart-attributed streams"",""alternate_metrics"":[{""metric_name"":""spotify_country_chart_streams"",""metric_value"":39293.0,""metric_unit"":""streams"",""listen_count"":39293,""view_count"":null,""source_url"":""https://kworb.net/spotify/country/mt_weekly_totals.html"",""retrieved_at"":""2026-10-02""}],""merged_sources"":[""https://kworb.net/spotify/country/mt_weekly_totals.html""],""country_rank"":266}"
267,Work,Rihanna,[],,,,[],"[""und""]",,,,,,,spotify_country_chart_streams,212579.0,streams,212579,Spotify regional daily chart (Kworb aggregate),,,14WWzenpaEgQZlqPq2nk4v,,,https://kworb.net/spotify/country/mt_weekly_totals.html,2026-10-02,"Exact aggregate of streams observed while this recording was inside Spotify's daily Top 200 for Malta, as aggregated by Kworb from Spotify chart data. Streams earned outside the chart are not included. Chart coverage on the source page: 2014-01-12 through 2020-07-02.","{""country_code"":""MT"",""country_name"":""Malta"",""chart_coverage_start"":""2014-01-12"",""chart_coverage_end"":""2020-07-02"",""days_on_chart"":51,""top10_days"":8,""peak_rank"":2,""peak_occurrences"":1,""peak_daily_streams"":13097,""metric_scope"":""country-specific Spotify daily Top 200 chart-attributed streams"",""country_rank"":267}"
268,Ocean,Martin Garrix,[],,,,[],"[""und""]",,,,,,,spotify_country_chart_streams,212009.0,streams,212009,Spotify regional daily chart (Kworb aggregate),,,3nc420PXjTdBV5TN0gCFkS,,,https://kworb.net/spotify/country/mt_weekly_totals.html,2026-10-02,"Exact aggregate of streams observed while this recording was inside Spotify's daily Top 200 for Malta, as aggregated by Kworb from Spotify chart data. Streams earned outside the chart are not included. Chart coverage on the source page: 2014-01-12 through 2020-07-02.","{""country_code"":""MT"",""country_name"":""Malta"",""chart_coverage_start"":""2014-01-12"",""chart_coverage_end"":""2020-07-02"",""days_on_chart"":33,""top10_days"":2,""peak_rank"":8,""peak_occurrences"":null,""peak_daily_streams"":14681,""metric_scope"":""country-specific Spotify daily Top 200 chart-attributed streams"",""country_rank"":268}"
269,Sign of the Times,Harry Styles,[],,,,[],"[""und""]",,,,,,,spotify_country_chart_streams,211212.0,streams,211212,Spotify regional daily chart (Kworb aggregate),,,5Ohxk2dO5COHF1krpoPigN,,,https://kworb.net/spotify/country/mt_weekly_totals.html,2026-10-02,"Exact aggregate of streams observed while this recording was inside Spotify's daily Top 200 for Malta, as aggregated by Kworb from Spotify chart data. Streams earned outside the chart are not included. Chart coverage on the source page: 2014-01-12 through 2020-07-02.","{""country_code"":""MT"",""country_name"":""Malta"",""chart_coverage_start"":""2014-01-12"",""chart_coverage_end"":""2020-07-02"",""days_on_chart"":46,""top10_days"":2,""peak_rank"":9,""peak_occurrences"":null,""peak_daily_streams"":13990,""metric_scope"":""country-specific Spotify daily Top 200 chart-attributed streams"",""country_rank"":269}"
270,ZEZE,Kodak Black,[],,,,[],"[""und""]",,,,,,,spotify_country_chart_streams,209379.0,streams,209379,Spotify regional daily chart (Kworb aggregate),,,0FZ4Dmg8jJJAPJnvBIzD9z,,,https://kworb.net/spotify/country/mt_weekly_totals.html,2026-10-02,"Exact aggregate of streams observed while this recording was inside Spotify's daily Top 200 for Malta, as aggregated by Kworb from Spotify chart data. Streams earned outside the chart are not included. Chart coverage on the source page: 2014-01-12 through 2020-07-02.","{""country_code"":""MT"",""country_name"":""Malta"",""chart_coverage_start"":""2014-01-12"",""chart_coverage_end"":""2020-07-02"",""days_on_chart"":35,""top10_days"":null,""peak_rank"":17,""peak_occurrences"":null,""peak_daily_streams"":11224,""metric_scope"":""country-specific Spotify daily Top 200 chart-attributed streams"",""country_rank"":270}"
271,Arms Around You,XXXTENTACION,[],,,,[],"[""und""]",,,,,,,spotify_country_chart_streams,209118.0,streams,209118,Spotify regional daily chart (Kworb aggregate),,,2LskIZrCeLxRvCiGP8gxlh,,,https://kworb.net/spotify/country/mt_weekly_totals.html,2026-10-02,"Exact aggregate of streams observed while this recording was inside Spotify's daily Top 200 for Malta, as aggregated by Kworb from Spotify chart data. Streams earned outside the chart are not included. Chart coverage on the source page: 2014-01-12 through 2020-07-02.","{""country_code"":""MT"",""country_name"":""Malta"",""chart_coverage_start"":""2014-01-12"",""chart_coverage_end"":""2020-07-02"",""days_on_chart"":27,""top10_days"":6,""peak_rank"":3,""peak_occurrences"":1,""peak_daily_streams"":21011,""metric_scope"":""country-specific Spotify daily Top 200 chart-attributed streams"",""country_rank"":271}"
272,Into You,Ariana Grande,[],,,,[],"[""und""]",,,,,,,spotify_country_chart_streams,208904.0,streams,208904,Spotify regional daily chart (Kworb aggregate),,,7yHEDfrJNd0zWOfXwydNH0,,,https://kworb.net/spotify/country/mt_weekly_totals.html,2026-10-02,"Exact aggregate of streams observed while this recording was inside Spotify's daily Top 200 for Malta, as aggregated by Kworb from Spotify chart data. Streams earned outside the chart are not included. Chart coverage on the source page: 2014-01-12 through 2020-07-02.","{""country_code"":""MT"",""country_name"":""Malta"",""chart_coverage_start"":""2014-01-12"",""chart_coverage_end"":""2020-07-02"",""days_on_chart"":45,""top10_days"":null,""peak_rank"":13,""peak_occurrences"":null,""peak_daily_streams"":9571,""metric_scope"":""country-specific Spotify daily Top 200 chart-attributed streams"",""country_rank"":272}"
273,Hotline Bling,Drake,[],,,,[],"[""und""]",,,,,,,spotify_country_chart_streams,208538.0,streams,208538,Spotify regional daily chart (Kworb aggregate),,,6nmz4imkDcmtwMjocAzFSx,,,https://kworb.net/spotify/country/mt_weekly_totals.html,2026-10-02,"Exact aggregate of streams observed while this recording was inside Spotify's daily Top 200 for Malta, as aggregated by Kworb from Spotify chart data. Streams earned outside the chart are not included. Chart coverage on the source page: 2014-01-12 through 2020-07-02.","{""country_code"":""MT"",""country_name"":""Malta"",""chart_coverage_start"":""2014-01-12"",""chart_coverage_end"":""2020-07-02"",""days_on_chart"":59,""top10_days"":12,""peak_rank"":3,""peak_occurrences"":1,""peak_daily_streams"":9899,""metric_scope"":""country-specific Spotify daily Top 200 chart-attributed streams"",""country_rank"":273}"
274,Amanece,Anuel AA,[],,,,[],"[""und""]",,,,,,,spotify_country_chart_streams,208488.0,streams,208488,Spotify regional daily chart (Kworb aggregate),,,1LiN0Z98FkR1t0m8KmLcAH,,,https://kworb.net/spotify/country/mt_weekly_totals.html,2026-10-02,"Exact aggregate of streams observed while this recording was inside Spotify's daily Top 200 for Malta, as aggregated by Kworb from Spotify chart data. Streams earned outside the chart are not included. Chart coverage on the source page: 2014-01-12 through 2020-07-02.","{""country_code"":""MT"",""country_name"":""Malta"",""chart_coverage_start"":""2014-01-12"",""chart_coverage_end"":""2020-07-02"",""days_on_chart"":19,""top10_days"":7,""peak_rank"":2,""peak_occurrences"":1,""peak_daily_streams"":16784,""metric_scope"":""country-specific Spotify daily Top 200 chart-attributed streams"",""country_rank"":274}"
275,Uptown Funk,Mark Ronson,[],,,,[],"[""und""]",,,,,,,spotify_country_chart_streams,207215.0,streams,207215,Spotify regional daily chart (Kworb aggregate),,,32OlwWuMpZ6b0aN2RZOeMS,,,https://kworb.net/spotify/country/mt_weekly_totals.html,2026-10-02,"Exact aggregate of streams observed while this recording was inside Spotify's daily Top 200 for Malta, as aggregated by Kworb from Spotify chart data. Streams earned outside the chart are not included. Chart coverage on the source page: 2014-01-12 through 2020-07-02.","{""country_code"":""MT"",""country_name"":""Malta"",""chart_coverage_start"":""2014-01-12"",""chart_coverage_end"":""2020-07-02"",""days_on_chart"":76,""top10_days"":17,""peak_rank"":1,""peak_occurrences"":4,""peak_daily_streams"":8784,""metric_scope"":""country-specific Spotify daily Top 200 chart-attributed streams"",""country_rank"":275}"
276,Panini,Lil Nas X,[],,,,[],"[""und""]",,,,,,,spotify_country_chart_streams,207172.0,streams,207172,Spotify regional daily chart (Kworb aggregate),,,6fTt0CH2t0mdeB2N9XFG5r,,,https://kworb.net/spotify/country/mt_weekly_totals.html,2026-10-02,"Exact aggregate of streams observed while this recording was inside Spotify's daily Top 200 for Malta, as aggregated by Kworb from Spotify chart data. Streams earned outside the chart are not included. Chart coverage on the source page: 2014-01-12 through 2020-07-02.","{""country_code"":""MT"",""country_name"":""Malta"",""chart_coverage_start"":""2014-01-12"",""chart_coverage_end"":""2020-07-02"",""days_on_chart"":28,""top10_days"":6,""peak_rank"":7,""peak_occurrences"":null,""peak_daily_streams"":12995,""metric_scope"":""country-specific Spotify daily Top 200 chart-attributed streams"",""country_rank"":276}"
277,River,Eminem,[],,,,[],"[""und""]",,,,,,,spotify_country_chart_streams,206958.0,streams,206958,Spotify regional daily chart (Kworb aggregate),,,5UEnHoDYpsxlfzWLZIc7LD,,,https://kworb.net/spotify/country/mt_weekly_totals.html,2026-10-02,"Exact aggregate of streams observed while this recording was inside Spotify's daily Top 200 for Malta, as aggregated by Kworb from Spotify chart data. Streams earned outside the chart are not included. Chart coverage on the source page: 2014-01-12 through 2020-07-02.","{""country_code"":""MT"",""country_name"":""Malta"",""chart_coverage_start"":""2014-01-12"",""chart_coverage_end"":""2020-07-02"",""days_on_chart"":27,""top10_days"":8,""peak_rank"":2,""peak_occurrences"":4,""peak_daily_streams"":17899,""metric_scope"":""country-specific Spotify daily Top 200 chart-attributed streams"",""country_rank"":277}"
278,Glorious,Macklemore,[],,,,[],"[""und""]",,,,,,,spotify_country_chart_streams,206856.0,streams,206856,Spotify regional daily chart (Kworb aggregate),,,0CokSRCu5hZgPxcZBaEzVE,,,https://kworb.net/spotify/country/mt_weekly_totals.html,2026-10-02,"Exact aggregate of streams observed while this recording was inside Spotify's daily Top 200 for Malta, as aggregated by Kworb from Spotify chart data. Streams earned outside the chart are not included. Chart coverage on the source page: 2014-01-12 through 2020-07-02.","{""country_code"":""MT"",""country_name"":""Malta"",""chart_coverage_start"":""2014-01-12"",""chart_coverage_end"":""2020-07-02"",""days_on_chart"":41,""top10_days"":null,""peak_rank"":12,""peak_occurrences"":null,""peak_daily_streams"":10900,""metric_scope"":""country-specific Spotify daily Top 200 chart-attributed streams"",""country_rank"":278}"
279,Summer Days,Martin Garrix,[],,,,[],"[""und""]",,,,,,,spotify_country_chart_streams,206136.0,streams,206136,Spotify regional daily chart (Kworb aggregate),,,7Feaw9WAEREY0DUOSXJLOM,,,https://kworb.net/spotify/country/mt_weekly_totals.html,2026-10-02,"Exact aggregate of streams observed while this recording was inside Spotify's daily Top 200 for Malta, as aggregated by Kworb from Spotify chart data. Streams earned outside the chart are not included. Chart coverage on the source page: 2014-01-12 through 2020-07-02.","{""country_code"":""MT"",""country_name"":""Malta"",""chart_coverage_start"":""2014-01-12"",""chart_coverage_end"":""2020-07-02"",""days_on_chart"":35,""top10_days"":2,""peak_rank"":7,""peak_occurrences"":null,""peak_daily_streams"":11972,""metric_scope"":""country-specific Spotify daily Top 200 chart-attributed streams"",""country_rank"":279}"
280,Nothing Breaks Like a Heart,Mark Ronson,[],,,,[],"[""und""]",,,,,,,spotify_country_chart_streams,205763.0,streams,205763,Spotify regional daily chart (Kworb aggregate),,,27rdGxbavYJeBphck5MZAF,,,https://kworb.net/spotify/country/mt_weekly_totals.html,2026-10-02,"Exact aggregate of streams observed while this recording was inside Spotify's daily Top 200 for Malta, as aggregated by Kworb from Spotify chart data. Streams earned outside the chart are not included. Chart coverage on the source page: 2014-01-12 through 2020-07-02.","{""country_code"":""MT"",""country_name"":""Malta"",""chart_coverage_start"":""2014-01-12"",""chart_coverage_end"":""2020-07-02"",""days_on_chart"":36,""top10_days"":1,""peak_rank"":9,""peak_occurrences"":null,""peak_daily_streams"":11904,""metric_scope"":""country-specific Spotify daily Top 200 chart-attributed streams"",""country_rank"":280}"
281,Firestone,Kygo,[],,,,[],"[""und""]",,,,,,,spotify_country_chart_streams,204051.0,streams,204051,Spotify regional daily chart (Kworb aggregate),,,2sNvitW3TxiTeC9xT9f2ZZ,,,https://kworb.net/spotify/country/mt_weekly_totals.html,2026-10-02,"Exact aggregate of streams observed while this recording was inside Spotify's daily Top 200 for Malta, as aggregated by Kworb from Spotify chart data. Streams earned outside the chart are not included. Chart coverage on the source page: 2014-01-12 through 2020-07-02.","{""country_code"":""MT"",""country_name"":""Malta"",""chart_coverage_start"":""2014-01-12"",""chart_coverage_end"":""2020-07-02"",""days_on_chart"":80,""top10_days"":12,""peak_rank"":4,""peak_occurrences"":null,""peak_daily_streams"":6303,""metric_scope"":""country-specific Spotify daily Top 200 chart-attributed streams"",""country_rank"":281}"
282,Stay With Me,Sam Smith,[],,,,[],"[""und""]",,,,,,,spotify_country_chart_streams,203794.0,streams,203794,Spotify regional daily chart (Kworb aggregate),,,7IHOIqZUUInxjVkko181PB,,,https://kworb.net/spotify/country/mt_weekly_totals.html,2026-10-02,"Exact aggregate of streams observed while this recording was inside Spotify's daily Top 200 for Malta, as aggregated by Kworb from Spotify chart data. Streams earned outside the chart are not included. Chart coverage on the source page: 2014-01-12 through 2020-07-02.","{""country_code"":""MT"",""country_name"":""Malta"",""chart_coverage_start"":""2014-01-12"",""chart_coverage_end"":""2020-07-02"",""days_on_chart"":102,""top10_days"":11,""peak_rank"":4,""peak_occurrences"":null,""peak_daily_streams"":4673,""metric_scope"":""country-specific Spotify daily Top 200 chart-attributed streams"",""country_rank"":282}"
283,Nonstop,Drake,[],,,,[],"[""und""]",,,,,,,spotify_country_chart_streams,203082.0,streams,203082,Spotify regional daily chart (Kworb aggregate),,,0TlLq3lA83rQOYtrqBqSct,,,https://kworb.net/spotify/country/mt_weekly_totals.html,2026-10-02,"Exact aggregate of streams observed while this recording was inside Spotify's daily Top 200 for Malta, as aggregated by Kworb from Spotify chart data. Streams earned outside the chart are not included. Chart coverage on the source page: 2014-01-12 through 2020-07-02.","{""country_code"":""MT"",""country_name"":""Malta"",""chart_coverage_start"":""2014-01-12"",""chart_coverage_end"":""2020-07-02"",""days_on_chart"":43,""top10_days"":1,""peak_rank"":4,""peak_occurrences"":null,""peak_daily_streams"":15825,""metric_scope"":""country-specific Spotify daily Top 200 chart-attributed streams"",""country_rank"":283}"
284,Never Be the Same,Camila Cabello,[],,,,[],"[""und""]",,,,,,,spotify_country_chart_streams,202837.0,streams,202837,Spotify regional daily chart (Kworb aggregate),,,4eWQlBRaTjPPUlzacqEeoQ,,,https://kworb.net/spotify/country/mt_weekly_totals.html,2026-10-02,"Exact aggregate of streams observed while this recording was inside Spotify's daily Top 200 for Malta, as aggregated by Kworb from Spotify chart data. Streams earned outside the chart are not included. Chart coverage on the source page: 2014-01-12 through 2020-07-02.","{""country_code"":""MT"",""country_name"":""Malta"",""chart_coverage_start"":""2014-01-12"",""chart_coverage_end"":""2020-07-02"",""days_on_chart"":31,""top10_days"":5,""peak_rank"":1,""peak_occurrences"":1,""peak_daily_streams"":15497,""metric_scope"":""country-specific Spotify daily Top 200 chart-attributed streams"",""country_rank"":284}"
285,Toosie Slide,Drake,[],,,,[],"[""und""]",,,,,,,spotify_country_chart_streams,202110.0,streams,202110,Spotify regional daily chart (Kworb aggregate),,,466cKvZn1j45IpxDdYZqdA,,,https://kworb.net/spotify/country/mt_weekly_totals.html,2026-10-02,"Exact aggregate of streams observed while this recording was inside Spotify's daily Top 200 for Malta, as aggregated by Kworb from Spotify chart data. Streams earned outside the chart are not included. Chart coverage on the source page: 2014-01-12 through 2020-07-02.","{""country_code"":""MT"",""country_name"":""Malta"",""chart_coverage_start"":""2014-01-12"",""chart_coverage_end"":""2020-07-02"",""days_on_chart"":13,""top10_days"":13,""peak_rank"":1,""peak_occurrences"":2,""peak_daily_streams"":25331,""metric_scope"":""country-specific Spotify daily Top 200 chart-attributed streams"",""country_rank"":285}"
286,Slow Hands,Niall Horan,[],,,,[],"[""und""]",,,,,,,spotify_country_chart_streams,201902.0,streams,201902,Spotify regional daily chart (Kworb aggregate),,,167NczpNbRF7oWakJaY3Hh,,,https://kworb.net/spotify/country/mt_weekly_totals.html,2026-10-02,"Exact aggregate of streams observed while this recording was inside Spotify's daily Top 200 for Malta, as aggregated by Kworb from Spotify chart data. Streams earned outside the chart are not included. Chart coverage on the source page: 2014-01-12 through 2020-07-02.","{""country_code"":""MT"",""country_name"":""Malta"",""chart_coverage_start"":""2014-01-12"",""chart_coverage_end"":""2020-07-02"",""days_on_chart"":39,""top10_days"":null,""peak_rank"":23,""peak_occurrences"":null,""peak_daily_streams"":9714,""metric_scope"":""country-specific Spotify daily Top 200 chart-attributed streams"",""country_rank"":286}"
287,Post Malone,Sam Feldt,[],,,,[],"[""und""]",,,,,,,spotify_country_chart_streams,201597.0,streams,201597,Spotify regional daily chart (Kworb aggregate),,,36orMWv2PgvnzXsd5CJ0yL,,,https://kworb.net/spotify/country/mt_weekly_totals.html,2026-10-02,"Exact aggregate of streams observed while this recording was inside Spotify's daily Top 200 for Malta, as aggregated by Kworb from Spotify chart data. Streams earned outside the chart are not included. Chart coverage on the source page: 2014-01-12 through 2020-07-02.","{""country_code"":""MT"",""country_name"":""Malta"",""chart_coverage_start"":""2014-01-12"",""chart_coverage_end"":""2020-07-02"",""days_on_chart"":52,""top10_days"":null,""peak_rank"":22,""peak_occurrences"":null,""peak_daily_streams"":7722,""metric_scope"":""country-specific Spotify daily Top 200 chart-attributed streams"",""country_rank"":287}"
288,The Hills,The Weeknd,[],,,,[],"[""und""]",,,,,,,spotify_country_chart_streams,201524.0,streams,201524,Spotify regional daily chart (Kworb aggregate),,,7fBv7CLKzipRk6EC6TWHOB,,,https://kworb.net/spotify/country/mt_weekly_totals.html,2026-10-02,"Exact aggregate of streams observed while this recording was inside Spotify's daily Top 200 for Malta, as aggregated by Kworb from Spotify chart data. Streams earned outside the chart are not included. Chart coverage on the source page: 2014-01-12 through 2020-07-02.","{""country_code"":""MT"",""country_name"":""Malta"",""chart_coverage_start"":""2014-01-12"",""chart_coverage_end"":""2020-07-02"",""days_on_chart"":66,""top10_days"":8,""peak_rank"":6,""peak_occurrences"":null,""peak_daily_streams"":6903,""metric_scope"":""country-specific Spotify daily Top 200 chart-attributed streams"",""country_rank"":288}"
289,Sucker For Pain,Lil Wayne,[],,,,[],"[""und""]",,,,,,,spotify_country_chart_streams,201177.0,streams,201177,Spotify regional daily chart (Kworb aggregate),,,4dASQiO1Eoo3RJvt74FtXB,,,https://kworb.net/spotify/country/mt_weekly_totals.html,2026-10-02,"Exact aggregate of streams observed while this recording was inside Spotify's daily Top 200 for Malta, as aggregated by Kworb from Spotify chart data. Streams earned outside the chart are not included. Chart coverage on the source page: 2014-01-12 through 2020-07-02.","{""country_code"":""MT"",""country_name"":""Malta"",""chart_coverage_start"":""2014-01-12"",""chart_coverage_end"":""2020-07-02"",""days_on_chart"":48,""top10_days"":4,""peak_rank"":9,""peak_occurrences"":null,""peak_daily_streams"":10478,""metric_scope"":""country-specific Spotify daily Top 200 chart-attributed streams"",""country_rank"":289}"
290,My House,Flo Rida,[],,,,[],"[""und""]",,,,,,,spotify_country_chart_streams,200652.0,streams,200652,Spotify regional daily chart (Kworb aggregate),,,6Knv6wdA0luoMUuuoYi2i1,,,https://kworb.net/spotify/country/mt_weekly_totals.html,2026-10-02,"Exact aggregate of streams observed while this recording was inside Spotify's daily Top 200 for Malta, as aggregated by Kworb from Spotify chart data. Streams earned outside the chart are not included. Chart coverage on the source page: 2014-01-12 through 2020-07-02.","{""country_code"":""MT"",""country_name"":""Malta"",""chart_coverage_start"":""2014-01-12"",""chart_coverage_end"":""2020-07-02"",""days_on_chart"":53,""top10_days"":null,""peak_rank"":12,""peak_occurrences"":null,""peak_daily_streams"":7855,""metric_scope"":""country-specific Spotify daily Top 200 chart-attributed streams"",""country_rank"":290}"
291,In My Blood,Shawn Mendes,[],,,,[],"[""und""]",,,,,,,spotify_country_chart_streams,200521.0,streams,200521,Spotify regional daily chart (Kworb aggregate),,,2QZ7WLBE8h2y1Y5Fb8RYbH,,,https://kworb.net/spotify/country/mt_weekly_totals.html,2026-10-02,"Exact aggregate of streams observed while this recording was inside Spotify's daily Top 200 for Malta, as aggregated by Kworb from Spotify chart data. Streams earned outside the chart are not included. Chart coverage on the source page: 2014-01-12 through 2020-07-02.","{""country_code"":""MT"",""country_name"":""Malta"",""chart_coverage_start"":""2014-01-12"",""chart_coverage_end"":""2020-07-02"",""days_on_chart"":47,""top10_days"":1,""peak_rank"":5,""peak_occurrences"":null,""peak_daily_streams"":13001,""metric_scope"":""country-specific Spotify daily Top 200 chart-attributed streams"",""country_rank"":291}"
292,Blueberry Faygo,Lil Mosey,[],,,,[],"[""und""]",,,,,,,spotify_country_chart_streams,199780.0,streams,199780,Spotify regional daily chart (Kworb aggregate),,,22LAwLoDA5b4AaGSkg6bKW,,,https://kworb.net/spotify/country/mt_weekly_totals.html,2026-10-02,"Exact aggregate of streams observed while this recording was inside Spotify's daily Top 200 for Malta, as aggregated by Kworb from Spotify chart data. Streams earned outside the chart are not included. Chart coverage on the source page: 2014-01-12 through 2020-07-02.","{""country_code"":""MT"",""country_name"":""Malta"",""chart_coverage_start"":""2014-01-12"",""chart_coverage_end"":""2020-07-02"",""days_on_chart"":21,""top10_days"":6,""peak_rank"":5,""peak_occurrences"":null,""peak_daily_streams"":12988,""metric_scope"":""country-specific Spotify daily Top 200 chart-attributed streams"",""country_rank"":292}"
293,Bang My Head,David Guetta,[],,,,[],"[""und""]",,,,,,,spotify_country_chart_streams,199228.0,streams,199228,Spotify regional daily chart (Kworb aggregate),,,53Y0kdCa1CZ9gRqEuknfwy,,,https://kworb.net/spotify/country/mt_weekly_totals.html,2026-10-02,"Exact aggregate of streams observed while this recording was inside Spotify's daily Top 200 for Malta, as aggregated by Kworb from Spotify chart data. Streams earned outside the chart are not included. Chart coverage on the source page: 2014-01-12 through 2020-07-02.","{""country_code"":""MT"",""country_name"":""Malta"",""chart_coverage_start"":""2014-01-12"",""chart_coverage_end"":""2020-07-02"",""days_on_chart"":51,""top10_days"":4,""peak_rank"":7,""peak_occurrences"":null,""peak_daily_streams"":8458,""metric_scope"":""country-specific Spotify daily Top 200 chart-attributed streams"",""country_rank"":293}"
294,Perfect Duet (Ed Sheeran & Beyoncé),Ed Sheeran,[],,,,[],"[""und""]",,,,,,,spotify_country_chart_streams,198506.0,streams,198506,Spotify regional daily chart (Kworb aggregate),,,1bhUWB0zJMIKr9yVPrkEuI,,,https://kworb.net/spotify/country/mt_weekly_totals.html,2026-10-02,"Exact aggregate of streams observed while this recording was inside Spotify's daily Top 200 for Malta, as aggregated by Kworb from Spotify chart data. Streams earned outside the chart are not included. Chart coverage on the source page: 2014-01-12 through 2020-07-02.","{""country_code"":""MT"",""country_name"":""Malta"",""chart_coverage_start"":""2014-01-12"",""chart_coverage_end"":""2020-07-02"",""days_on_chart"":44,""top10_days"":5,""peak_rank"":3,""peak_occurrences"":2,""peak_daily_streams"":17160,""metric_scope"":""country-specific Spotify daily Top 200 chart-attributed streams"",""country_rank"":294}"
295,Let Me Hold You (Turn Me On),Dante Klein,[],,,,[],"[""und""]",,,,,,,spotify_country_chart_streams,198292.0,streams,198292,Spotify regional daily chart (Kworb aggregate),,,0lmdsH1MIoLsMymnNpd6HU,,,https://kworb.net/spotify/country/mt_weekly_totals.html,2026-10-02,"Exact aggregate of streams observed while this recording was inside Spotify's daily Top 200 for Malta, as aggregated by Kworb from Spotify chart data. Streams earned outside the chart are not included. Chart coverage on the source page: 2014-01-12 through 2020-07-02.","{""country_code"":""MT"",""country_name"":""Malta"",""chart_coverage_start"":""2014-01-12"",""chart_coverage_end"":""2020-07-02"",""days_on_chart"":44,""top10_days"":null,""peak_rank"":13,""peak_occurrences"":null,""peak_daily_streams"":9744,""metric_scope"":""country-specific Spotify daily Top 200 chart-attributed streams"",""country_rank"":295}"
296,It's You,Ali Gatie,[],,,,[],"[""und""]",,,,,,,spotify_country_chart_streams,198232.0,streams,198232,Spotify regional daily chart (Kworb aggregate),,,5DqdesEfbRyOlSS3Tf6c29,,,https://kworb.net/spotify/country/mt_weekly_totals.html,2026-10-02,"Exact aggregate of streams observed while this recording was inside Spotify's daily Top 200 for Malta, as aggregated by Kworb from Spotify chart data. Streams earned outside the chart are not included. Chart coverage on the source page: 2014-01-12 through 2020-07-02.","{""country_code"":""MT"",""country_name"":""Malta"",""chart_coverage_start"":""2014-01-12"",""chart_coverage_end"":""2020-07-02"",""days_on_chart"":50,""top10_days"":null,""peak_rank"":21,""peak_occurrences"":null,""peak_daily_streams"":7637,""metric_scope"":""country-specific Spotify daily Top 200 chart-attributed streams"",""country_rank"":296}"
297,Intentions,Justin Bieber,[],,,,[],"[""und""]",,,,,,,spotify_country_chart_streams,198207.0,streams,198207,Spotify regional daily chart (Kworb aggregate),,,4umIPjkehX1r7uhmGvXiSV,,,https://kworb.net/spotify/country/mt_weekly_totals.html,2026-10-02,"Exact aggregate of streams observed while this recording was inside Spotify's daily Top 200 for Malta, as aggregated by Kworb from Spotify chart data. Streams earned outside the chart are not included. Chart coverage on the source page: 2014-01-12 through 2020-07-02.","{""country_code"":""MT"",""country_name"":""Malta"",""chart_coverage_start"":""2014-01-12"",""chart_coverage_end"":""2020-07-02"",""days_on_chart"":21,""top10_days"":4,""peak_rank"":8,""peak_occurrences"":null,""peak_daily_streams"":13297,""metric_scope"":""country-specific Spotify daily Top 200 chart-attributed streams"",""country_rank"":297}"
298,What About Us,P!nk,[],,,,[],"[""und""]",,,,,,,spotify_country_chart_streams,197623.0,streams,197623,Spotify regional daily chart (Kworb aggregate),,,0Qh38w01QRXK6KHIv0e3hb,,,https://kworb.net/spotify/country/mt_weekly_totals.html,2026-10-02,"Exact aggregate of streams observed while this recording was inside Spotify's daily Top 200 for Malta, as aggregated by Kworb from Spotify chart data. Streams earned outside the chart are not included. Chart coverage on the source page: 2014-01-12 through 2020-07-02.","{""country_code"":""MT"",""country_name"":""Malta"",""chart_coverage_start"":""2014-01-12"",""chart_coverage_end"":""2020-07-02"",""days_on_chart"":39,""top10_days"":2,""peak_rank"":7,""peak_occurrences"":null,""peak_daily_streams"":11492,""metric_scope"":""country-specific Spotify daily Top 200 chart-attributed streams"",""country_rank"":298}"
299,Final Song,MØ,[],,,,[],"[""und""]",,,,,,,spotify_country_chart_streams,196908.0,streams,196908,Spotify regional daily chart (Kworb aggregate),,,4qqArAiTPueDxIp7cf87h7,,,https://kworb.net/spotify/country/mt_weekly_totals.html,2026-10-02,"Exact aggregate of streams observed while this recording was inside Spotify's daily Top 200 for Malta, as aggregated by Kworb from Spotify chart data. Streams earned outside the chart are not included. Chart coverage on the source page: 2014-01-12 through 2020-07-02.","{""country_code"":""MT"",""country_name"":""Malta"",""chart_coverage_start"":""2014-01-12"",""chart_coverage_end"":""2020-07-02"",""days_on_chart"":48,""top10_days"":null,""peak_rank"":17,""peak_occurrences"":null,""peak_daily_streams"":8884,""metric_scope"":""country-specific Spotify daily Top 200 chart-attributed streams"",""country_rank"":299}"
300,24K Magic,Bruno Mars,[],,,,[],"[""und""]",,,,,,,spotify_country_chart_streams,196751.0,streams,196751,Spotify regional daily chart (Kworb aggregate),,,6b8Be6ljOzmkOmFslEb23P,,,https://kworb.net/spotify/country/mt_weekly_totals.html,2026-10-02,"Exact aggregate of streams observed while this recording was inside Spotify's daily Top 200 for Malta, as aggregated by Kworb from Spotify chart data. Streams earned outside the chart are not included. Chart coverage on the source page: 2014-01-12 through 2020-07-02.","{""country_code"":""MT"",""country_name"":""Malta"",""chart_coverage_start"":""2014-01-12"",""chart_coverage_end"":""2020-07-02"",""days_on_chart"":39,""top10_days"":1,""peak_rank"":10,""peak_occurrences"":null,""peak_daily_streams"":9327,""metric_scope"":""country-specific Spotify daily Top 200 chart-attributed streams"",""country_rank"":300}"
301,My Way,Calvin Harris,[],,,,[],"[""und""]",,,,,,,spotify_country_chart_streams,196450.0,streams,196450,Spotify regional daily chart (Kworb aggregate),,,1vvNmPOiUuyCbgWmtc6yfm,,,https://kworb.net/spotify/country/mt_weekly_totals.html,2026-10-02,"Exact aggregate of streams observed while this recording was inside Spotify's daily Top 200 for Malta, as aggregated by Kworb from Spotify chart data. Streams earned outside the chart are not included. Chart coverage on the source page: 2014-01-12 through 2020-07-02.","{""country_code"":""MT"",""country_name"":""Malta"",""chart_coverage_start"":""2014-01-12"",""chart_coverage_end"":""2020-07-02"",""days_on_chart"":37,""top10_days"":7,""peak_rank"":5,""peak_occurrences"":null,""peak_daily_streams"":11756,""metric_scope"":""country-specific Spotify daily Top 200 chart-attributed streams"",""country_rank"":301}"
302,Takeaway,The Chainsmokers,[],,,,[],"[""und""]",,,,,,,spotify_country_chart_streams,195072.0,streams,195072,Spotify regional daily chart (Kworb aggregate),,,6wo37KVqFJhtuxPTpLCcfe,,,https://kworb.net/spotify/country/mt_weekly_totals.html,2026-10-02,"Exact aggregate of streams observed while this recording was inside Spotify's daily Top 200 for Malta, as aggregated by Kworb from Spotify chart data. Streams earned outside the chart are not included. Chart coverage on the source page: 2014-01-12 through 2020-07-02.","{""country_code"":""MT"",""country_name"":""Malta"",""chart_coverage_start"":""2014-01-12"",""chart_coverage_end"":""2020-07-02"",""days_on_chart"":47,""top10_days"":null,""peak_rank"":21,""peak_occurrences"":null,""peak_daily_streams"":7606,""metric_scope"":""country-specific Spotify daily Top 200 chart-attributed streams"",""country_rank"":302}"
303,SUBEME LA RADIO,Enrique Iglesias,[],,,,[],"[""und""]",,,,,,,spotify_country_chart_streams,195063.0,streams,195063,Spotify regional daily chart (Kworb aggregate),,,7nKBxz47S9SD79N086fuhn,,,https://kworb.net/spotify/country/mt_weekly_totals.html,2026-10-02,"Exact aggregate of streams observed while this recording was inside Spotify's daily Top 200 for Malta, as aggregated by Kworb from Spotify chart data. Streams earned outside the chart are not included. Chart coverage on the source page: 2014-01-12 through 2020-07-02.","{""country_code"":""MT"",""country_name"":""Malta"",""chart_coverage_start"":""2014-01-12"",""chart_coverage_end"":""2020-07-02"",""days_on_chart"":39,""top10_days"":null,""peak_rank"":30,""peak_occurrences"":null,""peak_daily_streams"":9046,""metric_scope"":""country-specific Spotify daily Top 200 chart-attributed streams"",""country_rank"":303}"
304,RITMO (Bad Boys For Life),Black Eyed Peas,[],,,,[],"[""und""]",,,,,,,spotify_country_chart_streams,194464.0,streams,194464,Spotify regional daily chart (Kworb aggregate),,,6cy3ki60hLwimwIje7tALf,,,https://kworb.net/spotify/country/mt_weekly_totals.html,2026-10-02,"Exact aggregate of streams observed while this recording was inside Spotify's daily Top 200 for Malta, as aggregated by Kworb from Spotify chart data. Streams earned outside the chart are not included. Chart coverage on the source page: 2014-01-12 through 2020-07-02.","{""country_code"":""MT"",""country_name"":""Malta"",""chart_coverage_start"":""2014-01-12"",""chart_coverage_end"":""2020-07-02"",""days_on_chart"":37,""top10_days"":null,""peak_rank"":16,""peak_occurrences"":null,""peak_daily_streams"":9945,""metric_scope"":""country-specific Spotify daily Top 200 chart-attributed streams"",""country_rank"":304}"
305,Heartless,The Weeknd,[],,,,[],"[""und""]",,,,,,,spotify_country_chart_streams,194285.0,streams,194285,Spotify regional daily chart (Kworb aggregate),,,57vxBYXtHMk6H1aD29V7PU,,,https://kworb.net/spotify/country/mt_weekly_totals.html,2026-10-02,"Exact aggregate of streams observed while this recording was inside Spotify's daily Top 200 for Malta, as aggregated by Kworb from Spotify chart data. Streams earned outside the chart are not included. Chart coverage on the source page: 2014-01-12 through 2020-07-02.","{""country_code"":""MT"",""country_name"":""Malta"",""chart_coverage_start"":""2014-01-12"",""chart_coverage_end"":""2020-07-02"",""days_on_chart"":32,""top10_days"":2,""peak_rank"":3,""peak_occurrences"":1,""peak_daily_streams"":20132,""metric_scope"":""country-specific Spotify daily Top 200 chart-attributed streams"",""country_rank"":305}"
306,Him & I,G-Eazy,[],,,,[],"[""und""]",,,,,,,spotify_country_chart_streams,193876.0,streams,193876,Spotify regional daily chart (Kworb aggregate),,,5k38wzpLb15YgncyWdTZE4,,,https://kworb.net/spotify/country/mt_weekly_totals.html,2026-10-02,"Exact aggregate of streams observed while this recording was inside Spotify's daily Top 200 for Malta, as aggregated by Kworb from Spotify chart data. Streams earned outside the chart are not included. Chart coverage on the source page: 2014-01-12 through 2020-07-02.","{""country_code"":""MT"",""country_name"":""Malta"",""chart_coverage_start"":""2014-01-12"",""chart_coverage_end"":""2020-07-02"",""days_on_chart"":25,""top10_days"":8,""peak_rank"":3,""peak_occurrences"":3,""peak_daily_streams"":14881,""metric_scope"":""country-specific Spotify daily Top 200 chart-attributed streams"",""country_rank"":306}"
307,A Sky Full of Stars,Coldplay,[],,,,[],"[""und""]",,,,,,,spotify_country_chart_streams,192993.0,streams,192993,Spotify regional daily chart (Kworb aggregate),,,0FDzzruyVECATHXKHFs9eJ,,,https://kworb.net/spotify/country/mt_weekly_totals.html,2026-10-02,"Exact aggregate of streams observed while this recording was inside Spotify's daily Top 200 for Malta, as aggregated by Kworb from Spotify chart data. Streams earned outside the chart are not included. Chart coverage on the source page: 2014-01-12 through 2020-07-02.","{""country_code"":""MT"",""country_name"":""Malta"",""chart_coverage_start"":""2014-01-12"",""chart_coverage_end"":""2020-07-02"",""days_on_chart"":111,""top10_days"":16,""peak_rank"":1,""peak_occurrences"":5,""peak_daily_streams"":4681,""metric_scope"":""country-specific Spotify daily Top 200 chart-attributed streams"",""country_rank"":307}"
308,Shed a Light,Robin Schulz,[],,,,[],"[""und""]",,,,,,,spotify_country_chart_streams,192958.0,streams,192958,Spotify regional daily chart (Kworb aggregate),,,1cG0umU5TKStygKsPFZ9pY,,,https://kworb.net/spotify/country/mt_weekly_totals.html,2026-10-02,"Exact aggregate of streams observed while this recording was inside Spotify's daily Top 200 for Malta, as aggregated by Kworb from Spotify chart data. Streams earned outside the chart are not included. Chart coverage on the source page: 2014-01-12 through 2020-07-02.","{""country_code"":""MT"",""country_name"":""Malta"",""chart_coverage_start"":""2014-01-12"",""chart_coverage_end"":""2020-07-02"",""days_on_chart"":48,""top10_days"":null,""peak_rank"":19,""peak_occurrences"":null,""peak_daily_streams"":7965,""metric_scope"":""country-specific Spotify daily Top 200 chart-attributed streams"",""country_rank"":308}"
309,I Love It (& Lil Pump),Kanye West,[],,,,[],"[""und""]",,,,,,,spotify_country_chart_streams,192859.0,streams,192859,Spotify regional daily chart (Kworb aggregate),,,4S8d14HvHb70ImctNgVzQQ,,,https://kworb.net/spotify/country/mt_weekly_totals.html,2026-10-02,"Exact aggregate of streams observed while this recording was inside Spotify's daily Top 200 for Malta, as aggregated by Kworb from Spotify chart data. Streams earned outside the chart are not included. Chart coverage on the source page: 2014-01-12 through 2020-07-02.","{""country_code"":""MT"",""country_name"":""Malta"",""chart_coverage_start"":""2014-01-12"",""chart_coverage_end"":""2020-07-02"",""days_on_chart"":24,""top10_days"":5,""peak_rank"":1,""peak_occurrences"":2,""peak_daily_streams"":22649,""metric_scope"":""country-specific Spotify daily Top 200 chart-attributed streams"",""country_rank"":309}"
310,This Is Me,Keala Settle,[],,,,[],"[""und""]",,,,,,,spotify_country_chart_streams,192373.0,streams,192373,Spotify regional daily chart (Kworb aggregate),,,2xGjteMU3E1tkEPVFBO08U,,,https://kworb.net/spotify/country/mt_weekly_totals.html,2026-10-02,"Exact aggregate of streams observed while this recording was inside Spotify's daily Top 200 for Malta, as aggregated by Kworb from Spotify chart data. Streams earned outside the chart are not included. Chart coverage on the source page: 2014-01-12 through 2020-07-02.","{""country_code"":""MT"",""country_name"":""Malta"",""chart_coverage_start"":""2014-01-12"",""chart_coverage_end"":""2020-07-02"",""days_on_chart"":42,""top10_days"":null,""peak_rank"":11,""peak_occurrences"":null,""peak_daily_streams"":10815,""metric_scope"":""country-specific Spotify daily Top 200 chart-attributed streams"",""country_rank"":310}"
311,Remind Me to Forget,Kygo,[],,,,[],"[""und""]",,,,,,,spotify_country_chart_streams,191556.0,streams,191556,Spotify regional daily chart (Kworb aggregate),,,6xTU6B6nFwKKTSZ9ySXS80,,,https://kworb.net/spotify/country/mt_weekly_totals.html,2026-10-02,"Exact aggregate of streams observed while this recording was inside Spotify's daily Top 200 for Malta, as aggregated by Kworb from Spotify chart data. Streams earned outside the chart are not included. Chart coverage on the source page: 2014-01-12 through 2020-07-02.","{""country_code"":""MT"",""country_name"":""Malta"",""chart_coverage_start"":""2014-01-12"",""chart_coverage_end"":""2020-07-02"",""days_on_chart"":37,""top10_days"":null,""peak_rank"":18,""peak_occurrences"":null,""peak_daily_streams"":10095,""metric_scope"":""country-specific Spotify daily Top 200 chart-attributed streams"",""country_rank"":311}"
312,death bed,Powfu,[],,,,[],"[""und""]",,,,,,,spotify_country_chart_streams,191115.0,streams,191115,Spotify regional daily chart (Kworb aggregate),,,7eJMfftS33KTjuF7lTsMCx,,,https://kworb.net/spotify/country/mt_weekly_totals.html,2026-10-02,"Exact aggregate of streams observed while this recording was inside Spotify's daily Top 200 for Malta, as aggregated by Kworb from Spotify chart data. Streams earned outside the chart are not included. Chart coverage on the source page: 2014-01-12 through 2020-07-02.","{""country_code"":""MT"",""country_name"":""Malta"",""chart_coverage_start"":""2014-01-12"",""chart_coverage_end"":""2020-07-02"",""days_on_chart"":20,""top10_days"":10,""peak_rank"":7,""peak_occurrences"":null,""peak_daily_streams"":11397,""metric_scope"":""country-specific Spotify daily Top 200 chart-attributed streams"",""country_rank"":312}"
313,Never Be Like You,Flume,[],,,,[],"[""und""]",,,,,,,spotify_country_chart_streams,190987.0,streams,190987,Spotify regional daily chart (Kworb aggregate),,,12REd1n8PeiHHWOh066tpr,,,https://kworb.net/spotify/country/mt_weekly_totals.html,2026-10-02,"Exact aggregate of streams observed while this recording was inside Spotify's daily Top 200 for Malta, as aggregated by Kworb from Spotify chart data. Streams earned outside the chart are not included. Chart coverage on the source page: 2014-01-12 through 2020-07-02.","{""country_code"":""MT"",""country_name"":""Malta"",""chart_coverage_start"":""2014-01-12"",""chart_coverage_end"":""2020-07-02"",""days_on_chart"":43,""top10_days"":null,""peak_rank"":18,""peak_occurrences"":null,""peak_daily_streams"":7357,""metric_scope"":""country-specific Spotify daily Top 200 chart-attributed streams"",""country_rank"":313}"
314,Chandelier,Sia,[],,,,[],"[""und""]",,,,,,,spotify_country_chart_streams,190080.0,streams,190080,Spotify regional daily chart (Kworb aggregate),,,4VrWlk8IQxevMvERoX08iC,,,https://kworb.net/spotify/country/mt_weekly_totals.html,2026-10-02,"Exact aggregate of streams observed while this recording was inside Spotify's daily Top 200 for Malta, as aggregated by Kworb from Spotify chart data. Streams earned outside the chart are not included. Chart coverage on the source page: 2014-01-12 through 2020-07-02.","{""country_code"":""MT"",""country_name"":""Malta"",""chart_coverage_start"":""2014-01-12"",""chart_coverage_end"":""2020-07-02"",""days_on_chart"":90,""top10_days"":21,""peak_rank"":1,""peak_occurrences"":4,""peak_daily_streams"":4493,""metric_scope"":""country-specific Spotify daily Top 200 chart-attributed streams"",""country_rank"":314}"
315,This Girl - Kungs Vs. Cookin' On 3 Burners,Kungs,[],,,,[],"[""und""]",,,,,,,spotify_country_chart_streams,190073.0,streams,190073,Spotify regional daily chart (Kworb aggregate),,,4AOpEhqA7zHxQjkHmRrAp7,,,https://kworb.net/spotify/country/mt_weekly_totals.html,2026-10-02,"Exact aggregate of streams observed while this recording was inside Spotify's daily Top 200 for Malta, as aggregated by Kworb from Spotify chart data. Streams earned outside the chart are not included. Chart coverage on the source page: 2014-01-12 through 2020-07-02.","{""country_code"":""MT"",""country_name"":""Malta"",""chart_coverage_start"":""2014-01-12"",""chart_coverage_end"":""2020-07-02"",""days_on_chart"":25,""top10_days"":8,""peak_rank"":4,""peak_occurrences"":null,""peak_daily_streams"":10924,""metric_scope"":""country-specific Spotify daily Top 200 chart-attributed streams"",""country_rank"":315}"
316,Secreto,Anuel AA,[],,,,[],"[""und""]",,,,,,,spotify_country_chart_streams,189784.0,streams,189784,Spotify regional daily chart (Kworb aggregate),,,5W83ErFkO3aKAIS1WMi6u0,,,https://kworb.net/spotify/country/mt_weekly_totals.html,2026-10-02,"Exact aggregate of streams observed while this recording was inside Spotify's daily Top 200 for Malta, as aggregated by Kworb from Spotify chart data. Streams earned outside the chart are not included. Chart coverage on the source page: 2014-01-12 through 2020-07-02.","{""country_code"":""MT"",""country_name"":""Malta"",""chart_coverage_start"":""2014-01-12"",""chart_coverage_end"":""2020-07-02"",""days_on_chart"":16,""top10_days"":9,""peak_rank"":3,""peak_occurrences"":1,""peak_daily_streams"":19274,""metric_scope"":""country-specific Spotify daily Top 200 chart-attributed streams"",""country_rank"":316}"
317,Truth Hurts,Lizzo,[],,,,[],"[""und""]",,,,,,,spotify_country_chart_streams,189621.0,streams,189621,Spotify regional daily chart (Kworb aggregate),,,5qmq61DAAOUaW8AUo8xKhh,,,https://kworb.net/spotify/country/mt_weekly_totals.html,2026-10-02,"Exact aggregate of streams observed while this recording was inside Spotify's daily Top 200 for Malta, as aggregated by Kworb from Spotify chart data. Streams earned outside the chart are not included. Chart coverage on the source page: 2014-01-12 through 2020-07-02.","{""country_code"":""MT"",""country_name"":""Malta"",""chart_coverage_start"":""2014-01-12"",""chart_coverage_end"":""2020-07-02"",""days_on_chart"":36,""top10_days"":null,""peak_rank"":22,""peak_occurrences"":null,""peak_daily_streams"":7737,""metric_scope"":""country-specific Spotify daily Top 200 chart-attributed streams"",""country_rank"":317}"
318,Adictiva,Daddy Yankee,[],,,,[],"[""und""]",,,,,,,spotify_country_chart_streams,189534.0,streams,189534,Spotify regional daily chart (Kworb aggregate),,,6MJUCumnQsQEKbCy28tbCP,,,https://kworb.net/spotify/country/mt_weekly_totals.html,2026-10-02,"Exact aggregate of streams observed while this recording was inside Spotify's daily Top 200 for Malta, as aggregated by Kworb from Spotify chart data. Streams earned outside the chart are not included. Chart coverage on the source page: 2014-01-12 through 2020-07-02.","{""country_code"":""MT"",""country_name"":""Malta"",""chart_coverage_start"":""2014-01-12"",""chart_coverage_end"":""2020-07-02"",""days_on_chart"":23,""top10_days"":3,""peak_rank"":8,""peak_occurrences"":null,""peak_daily_streams"":13873,""metric_scope"":""country-specific Spotify daily Top 200 chart-attributed streams"",""country_rank"":318}"
319,Needed Me,Rihanna,[],,,,[],"[""und""]",,,,,,,spotify_country_chart_streams,189514.0,streams,189514,Spotify regional daily chart (Kworb aggregate),,,1Tt4sE4pXi57mTD1GCzsqm,,,https://kworb.net/spotify/country/mt_weekly_totals.html,2026-10-02,"Exact aggregate of streams observed while this recording was inside Spotify's daily Top 200 for Malta, as aggregated by Kworb from Spotify chart data. Streams earned outside the chart are not included. Chart coverage on the source page: 2014-01-12 through 2020-07-02.","{""country_code"":""MT"",""country_name"":""Malta"",""chart_coverage_start"":""2014-01-12"",""chart_coverage_end"":""2020-07-02"",""days_on_chart"":47,""top10_days"":null,""peak_rank"":22,""peak_occurrences"":null,""peak_daily_streams"":6758,""metric_scope"":""country-specific Spotify daily Top 200 chart-attributed streams"",""country_rank"":319}"
320,Baila Baila Baila,Ozuna,[],,,,[],"[""und""]",,,,,,,spotify_country_chart_streams,188167.0,streams,188167,Spotify regional daily chart (Kworb aggregate),,,7uH27oIt4a6cIFCA8ZPcyG,,,https://kworb.net/spotify/country/mt_weekly_totals.html,2026-10-02,"Exact aggregate of streams observed while this recording was inside Spotify's daily Top 200 for Malta, as aggregated by Kworb from Spotify chart data. Streams earned outside the chart are not included. Chart coverage on the source page: 2014-01-12 through 2020-07-02.","{""country_code"":""MT"",""country_name"":""Malta"",""chart_coverage_start"":""2014-01-12"",""chart_coverage_end"":""2020-07-02"",""days_on_chart"":31,""top10_days"":2,""peak_rank"":9,""peak_occurrences"":null,""peak_daily_streams"":13906,""metric_scope"":""country-specific Spotify daily Top 200 chart-attributed streams"",""country_rank"":320}"
321,Electricity,Silk City,[],,,,[],"[""und""]",,,,,,,spotify_country_chart_streams,187346.0,streams,187346,Spotify regional daily chart (Kworb aggregate),,,5N4erncE7kuUccm7zEmwzk,,,https://kworb.net/spotify/country/mt_weekly_totals.html,2026-10-02,"Exact aggregate of streams observed while this recording was inside Spotify's daily Top 200 for Malta, as aggregated by Kworb from Spotify chart data. Streams earned outside the chart are not included. Chart coverage on the source page: 2014-01-12 through 2020-07-02.","{""country_code"":""MT"",""country_name"":""Malta"",""chart_coverage_start"":""2014-01-12"",""chart_coverage_end"":""2020-07-02"",""days_on_chart"":40,""top10_days"":null,""peak_rank"":12,""peak_occurrences"":null,""peak_daily_streams"":12042,""metric_scope"":""country-specific Spotify daily Top 200 chart-attributed streams"",""country_rank"":321}"
322,Don't Stop Me Now - Remastered 2011,Queen,[],,,,[],"[""und""]",,,,,,,spotify_country_chart_streams,187196.0,streams,187196,Spotify regional daily chart (Kworb aggregate),,,5T8EDUDqKcs6OSOwEsfqG7,,,https://kworb.net/spotify/country/mt_weekly_totals.html,2026-10-02,"Exact aggregate of streams observed while this recording was inside Spotify's daily Top 200 for Malta, as aggregated by Kworb from Spotify chart data. Streams earned outside the chart are not included. Chart coverage on the source page: 2014-01-12 through 2020-07-02.","{""country_code"":""MT"",""country_name"":""Malta"",""chart_coverage_start"":""2014-01-12"",""chart_coverage_end"":""2020-07-02"",""days_on_chart"":56,""top10_days"":null,""peak_rank"":41,""peak_occurrences"":null,""peak_daily_streams"":7450,""metric_scope"":""country-specific Spotify daily Top 200 chart-attributed streams"",""country_rank"":322}"
323,God is a woman,Ariana Grande,[],,,,[],"[""und""]",,,,,,,spotify_country_chart_streams,186599.0,streams,186599,Spotify regional daily chart (Kworb aggregate),,,5OCJzvD7sykQEKHH7qAC3C,,,https://kworb.net/spotify/country/mt_weekly_totals.html,2026-10-02,"Exact aggregate of streams observed while this recording was inside Spotify's daily Top 200 for Malta, as aggregated by Kworb from Spotify chart data. Streams earned outside the chart are not included. Chart coverage on the source page: 2014-01-12 through 2020-07-02.","{""country_code"":""MT"",""country_name"":""Malta"",""chart_coverage_start"":""2014-01-12"",""chart_coverage_end"":""2020-07-02"",""days_on_chart"":26,""top10_days"":6,""peak_rank"":5,""peak_occurrences"":null,""peak_daily_streams"":17047,""metric_scope"":""country-specific Spotify daily Top 200 chart-attributed streams"",""country_rank"":323}"
324,Sixteen,Ellie Goulding,[],,,,[],"[""und""]",,,,,,,spotify_country_chart_streams,185252.0,streams,185252,Spotify regional daily chart (Kworb aggregate),,,4PkIDTPGedm0enzdvilLNd,,,https://kworb.net/spotify/country/mt_weekly_totals.html,2026-10-02,"Exact aggregate of streams observed while this recording was inside Spotify's daily Top 200 for Malta, as aggregated by Kworb from Spotify chart data. Streams earned outside the chart are not included. Chart coverage on the source page: 2014-01-12 through 2020-07-02.","{""country_code"":""MT"",""country_name"":""Malta"",""chart_coverage_start"":""2014-01-12"",""chart_coverage_end"":""2020-07-02"",""days_on_chart"":57,""top10_days"":null,""peak_rank"":30,""peak_occurrences"":null,""peak_daily_streams"":6263,""metric_scope"":""country-specific Spotify daily Top 200 chart-attributed streams"",""country_rank"":324}"
325,Ella Quiere Beber - Remix,Anuel AA,[],,,,[],"[""und""]",,,,,,,spotify_country_chart_streams,184407.0,streams,184407,Spotify regional daily chart (Kworb aggregate),,,3f5lA8nnc4YYF1qf78WpHw,,,https://kworb.net/spotify/country/mt_weekly_totals.html,2026-10-02,"Exact aggregate of streams observed while this recording was inside Spotify's daily Top 200 for Malta, as aggregated by Kworb from Spotify chart data. Streams earned outside the chart are not included. Chart coverage on the source page: 2014-01-12 through 2020-07-02.","{""country_code"":""MT"",""country_name"":""Malta"",""chart_coverage_start"":""2014-01-12"",""chart_coverage_end"":""2020-07-02"",""days_on_chart"":24,""top10_days"":2,""peak_rank"":7,""peak_occurrences"":null,""peak_daily_streams"":13877,""metric_scope"":""country-specific Spotify daily Top 200 chart-attributed streams"",""country_rank"":325}"
326,"fuck, i'm lonely",Lauv,[],,,,[],"[""und""]",,,,,,,spotify_country_chart_streams,184035.0,streams,184035,Spotify regional daily chart (Kworb aggregate),,,322tcqPhma7F6hfCeLisx0,,,https://kworb.net/spotify/country/mt_weekly_totals.html,2026-10-02,"Exact aggregate of streams observed while this recording was inside Spotify's daily Top 200 for Malta, as aggregated by Kworb from Spotify chart data. Streams earned outside the chart are not included. Chart coverage on the source page: 2014-01-12 through 2020-07-02.","{""country_code"":""MT"",""country_name"":""Malta"",""chart_coverage_start"":""2014-01-12"",""chart_coverage_end"":""2020-07-02"",""days_on_chart"":47,""top10_days"":null,""peak_rank"":14,""peak_occurrences"":null,""peak_daily_streams"":8856,""metric_scope"":""country-specific Spotify daily Top 200 chart-attributed streams"",""country_rank"":326}"
327,Mine,Bazzi,[],,,,[],"[""und""]",,,,,,,spotify_country_chart_streams,182699.0,streams,182699,Spotify regional daily chart (Kworb aggregate),,,7uzmGiiJyRfuViKKK3lVmR,,,https://kworb.net/spotify/country/mt_weekly_totals.html,2026-10-02,"Exact aggregate of streams observed while this recording was inside Spotify's daily Top 200 for Malta, as aggregated by Kworb from Spotify chart data. Streams earned outside the chart are not included. Chart coverage on the source page: 2014-01-12 through 2020-07-02.","{""country_code"":""MT"",""country_name"":""Malta"",""chart_coverage_start"":""2014-01-12"",""chart_coverage_end"":""2020-07-02"",""days_on_chart"":29,""top10_days"":5,""peak_rank"":6,""peak_occurrences"":null,""peak_daily_streams"":12460,""metric_scope"":""country-specific Spotify daily Top 200 chart-attributed streams"",""country_rank"":327}"
328,Cold,Maroon 5,[],,,,[],"[""und""]",,,,,,,spotify_country_chart_streams,182395.0,streams,182395,Spotify regional daily chart (Kworb aggregate),,,5NNlUMcOEOdoOIwwaWXv0k,,,https://kworb.net/spotify/country/mt_weekly_totals.html,2026-10-02,"Exact aggregate of streams observed while this recording was inside Spotify's daily Top 200 for Malta, as aggregated by Kworb from Spotify chart data. Streams earned outside the chart are not included. Chart coverage on the source page: 2014-01-12 through 2020-07-02.","{""country_code"":""MT"",""country_name"":""Malta"",""chart_coverage_start"":""2014-01-12"",""chart_coverage_end"":""2020-07-02"",""days_on_chart"":27,""top10_days"":4,""peak_rank"":7,""peak_occurrences"":null,""peak_daily_streams"":14449,""metric_scope"":""country-specific Spotify daily Top 200 chart-attributed streams"",""country_rank"":328}"
329,Tip Toe,Jason Derulo,[],,,,[],"[""und""]",,,,,,,spotify_country_chart_streams,181937.0,streams,181937,Spotify regional daily chart (Kworb aggregate),,,2z4pcBLQXF2BXKFvd0BuB6,,,https://kworb.net/spotify/country/mt_weekly_totals.html,2026-10-02,"Exact aggregate of streams observed while this recording was inside Spotify's daily Top 200 for Malta, as aggregated by Kworb from Spotify chart data. Streams earned outside the chart are not included. Chart coverage on the source page: 2014-01-12 through 2020-07-02.","{""country_code"":""MT"",""country_name"":""Malta"",""chart_coverage_start"":""2014-01-12"",""chart_coverage_end"":""2020-07-02"",""days_on_chart"":35,""top10_days"":null,""peak_rank"":16,""peak_occurrences"":null,""peak_daily_streams"":8756,""metric_scope"":""country-specific Spotify daily Top 200 chart-attributed streams"",""country_rank"":329}"
330,Nice For What,Drake,[],,,,[],"[""und""]",,,,,,,spotify_country_chart_streams,181449.0,streams,181449,Spotify regional daily chart (Kworb aggregate),,,1cTZMwcBJT0Ka3UJPXOeeN,,,https://kworb.net/spotify/country/mt_weekly_totals.html,2026-10-02,"Exact aggregate of streams observed while this recording was inside Spotify's daily Top 200 for Malta, as aggregated by Kworb from Spotify chart data. Streams earned outside the chart are not included. Chart coverage on the source page: 2014-01-12 through 2020-07-02.","{""country_code"":""MT"",""country_name"":""Malta"",""chart_coverage_start"":""2014-01-12"",""chart_coverage_end"":""2020-07-02"",""days_on_chart"":24,""top10_days"":5,""peak_rank"":5,""peak_occurrences"":null,""peak_daily_streams"":14810,""metric_scope"":""country-specific Spotify daily Top 200 chart-attributed streams"",""country_rank"":330}"
331,Here With Me,Marshmello,[],,,,[],"[""und""]",,,,,,,spotify_country_chart_streams,180525.0,streams,180525,Spotify regional daily chart (Kworb aggregate),,,5icOoE6VgqFKohjWWNp0Ac,,,https://kworb.net/spotify/country/mt_weekly_totals.html,2026-10-02,"Exact aggregate of streams observed while this recording was inside Spotify's daily Top 200 for Malta, as aggregated by Kworb from Spotify chart data. Streams earned outside the chart are not included. Chart coverage on the source page: 2014-01-12 through 2020-07-02.","{""country_code"":""MT"",""country_name"":""Malta"",""chart_coverage_start"":""2014-01-12"",""chart_coverage_end"":""2020-07-02"",""days_on_chart"":40,""top10_days"":null,""peak_rank"":19,""peak_occurrences"":null,""peak_daily_streams"":9059,""metric_scope"":""country-specific Spotify daily Top 200 chart-attributed streams"",""country_rank"":331}"
332,Fake Love,Drake,[],,,,[],"[""und""]",,,,,,,spotify_country_chart_streams,179971.0,streams,179971,Spotify regional daily chart (Kworb aggregate),,,6NMNgWgEAzde5M8U3lc6FN,,,https://kworb.net/spotify/country/mt_weekly_totals.html,2026-10-02,"Exact aggregate of streams observed while this recording was inside Spotify's daily Top 200 for Malta, as aggregated by Kworb from Spotify chart data. Streams earned outside the chart are not included. Chart coverage on the source page: 2014-01-12 through 2020-07-02.","{""country_code"":""MT"",""country_name"":""Malta"",""chart_coverage_start"":""2014-01-12"",""chart_coverage_end"":""2020-07-02"",""days_on_chart"":36,""top10_days"":null,""peak_rank"":12,""peak_occurrences"":null,""peak_daily_streams"":8225,""metric_scope"":""country-specific Spotify daily Top 200 chart-attributed streams"",""country_rank"":332}"
333,If The World Was Ending,JP Saxe,[],,,,[],"[""und""]",,,,,,,spotify_country_chart_streams,179877.0,streams,179877,Spotify regional daily chart (Kworb aggregate),,,2kJwzbxV2ppxnQoYw4GLBZ,,,https://kworb.net/spotify/country/mt_weekly_totals.html,2026-10-02,"Exact aggregate of streams observed while this recording was inside Spotify's daily Top 200 for Malta, as aggregated by Kworb from Spotify chart data. Streams earned outside the chart are not included. Chart coverage on the source page: 2014-01-12 through 2020-07-02.","{""country_code"":""MT"",""country_name"":""Malta"",""chart_coverage_start"":""2014-01-12"",""chart_coverage_end"":""2020-07-02"",""days_on_chart"":34,""top10_days"":null,""peak_rank"":32,""peak_occurrences"":null,""peak_daily_streams"":6784,""metric_scope"":""country-specific Spotify daily Top 200 chart-attributed streams"",""country_rank"":333}"
334,First Time,Kygo,[],,,,[],"[""und""]",,,,,,,spotify_country_chart_streams,179742.0,streams,179742,Spotify regional daily chart (Kworb aggregate),,,2Gl0FzuLxflY6nPifJp5Dr,,,https://kworb.net/spotify/country/mt_weekly_totals.html,2026-10-02,"Exact aggregate of streams observed while this recording was inside Spotify's daily Top 200 for Malta, as aggregated by Kworb from Spotify chart data. Streams earned outside the chart are not included. Chart coverage on the source page: 2014-01-12 through 2020-07-02.","{""country_code"":""MT"",""country_name"":""Malta"",""chart_coverage_start"":""2014-01-12"",""chart_coverage_end"":""2020-07-02"",""days_on_chart"":41,""top10_days"":null,""peak_rank"":15,""peak_occurrences"":null,""peak_daily_streams"":12439,""metric_scope"":""country-specific Spotify daily Top 200 chart-attributed streams"",""country_rank"":334}"
335,FEFE,6ix9ine,[],,,,[],"[""und""]",,,,,,,spotify_country_chart_streams,179726.0,streams,179726,Spotify regional daily chart (Kworb aggregate),,,2E124GmJRnBJuXbTb4cPUB,,,https://kworb.net/spotify/country/mt_weekly_totals.html,2026-10-02,"Exact aggregate of streams observed while this recording was inside Spotify's daily Top 200 for Malta, as aggregated by Kworb from Spotify chart data. Streams earned outside the chart are not included. Chart coverage on the source page: 2014-01-12 through 2020-07-02.","{""country_code"":""MT"",""country_name"":""Malta"",""chart_coverage_start"":""2014-01-12"",""chart_coverage_end"":""2020-07-02"",""days_on_chart"":27,""top10_days"":4,""peak_rank"":3,""peak_occurrences"":1,""peak_daily_streams"":15239,""metric_scope"":""country-specific Spotify daily Top 200 chart-attributed streams"",""country_rank"":335}"
336,Just Hold On,Steve Aoki,[],,,,[],"[""und""]",,,,,,,spotify_country_chart_streams,179624.0,streams,179624,Spotify regional daily chart (Kworb aggregate),,,3EmmCZoqpWOTY1g2GBwJoR,,,https://kworb.net/spotify/country/mt_weekly_totals.html,2026-10-02,"Exact aggregate of streams observed while this recording was inside Spotify's daily Top 200 for Malta, as aggregated by Kworb from Spotify chart data. Streams earned outside the chart are not included. Chart coverage on the source page: 2014-01-12 through 2020-07-02.","{""country_code"":""MT"",""country_name"":""Malta"",""chart_coverage_start"":""2014-01-12"",""chart_coverage_end"":""2020-07-02"",""days_on_chart"":35,""top10_days"":8,""peak_rank"":6,""peak_occurrences"":null,""peak_daily_streams"":10768,""metric_scope"":""country-specific Spotify daily Top 200 chart-attributed streams"",""country_rank"":336}"
337,Call Out My Name,The Weeknd,[],,,,[],"[""und""]",,,,,,,spotify_country_chart_streams,179318.0,streams,179318,Spotify regional daily chart (Kworb aggregate),,,09mEdoA6zrmBPgTEN5qXmN,,,https://kworb.net/spotify/country/mt_weekly_totals.html,2026-10-02,"Exact aggregate of streams observed while this recording was inside Spotify's daily Top 200 for Malta, as aggregated by Kworb from Spotify chart data. Streams earned outside the chart are not included. Chart coverage on the source page: 2014-01-12 through 2020-07-02.","{""country_code"":""MT"",""country_name"":""Malta"",""chart_coverage_start"":""2014-01-12"",""chart_coverage_end"":""2020-07-02"",""days_on_chart"":29,""top10_days"":5,""peak_rank"":1,""peak_occurrences"":1,""peak_daily_streams"":21045,""metric_scope"":""country-specific Spotify daily Top 200 chart-attributed streams"",""country_rank"":337}"
338,Please Don't Go,Joel Adams,[],,,,[],"[""und""]",,,,,,,spotify_country_chart_streams,178535.0,streams,178535,Spotify regional daily chart (Kworb aggregate),,,3cNjgVBKTJ1SvKhunrCdVy,,,https://kworb.net/spotify/country/mt_weekly_totals.html,2026-10-02,"Exact aggregate of streams observed while this recording was inside Spotify's daily Top 200 for Malta, as aggregated by Kworb from Spotify chart data. Streams earned outside the chart are not included. Chart coverage on the source page: 2014-01-12 through 2020-07-02.","{""country_code"":""MT"",""country_name"":""Malta"",""chart_coverage_start"":""2014-01-12"",""chart_coverage_end"":""2020-07-02"",""days_on_chart"":43,""top10_days"":null,""peak_rank"":22,""peak_occurrences"":null,""peak_daily_streams"":7804,""metric_scope"":""country-specific Spotify daily Top 200 chart-attributed streams"",""country_rank"":338}"
339,Me Niego,Reik,[],,,,[],"[""und""]",,,,,,,spotify_country_chart_streams,177976.0,streams,177976,Spotify regional daily chart (Kworb aggregate),,,6jA8JUuPCGYjFcgw0AoM5T,,,https://kworb.net/spotify/country/mt_weekly_totals.html,2026-10-02,"Exact aggregate of streams observed while this recording was inside Spotify's daily Top 200 for Malta, as aggregated by Kworb from Spotify chart data. Streams earned outside the chart are not included. Chart coverage on the source page: 2014-01-12 through 2020-07-02.","{""country_code"":""MT"",""country_name"":""Malta"",""chart_coverage_start"":""2014-01-12"",""chart_coverage_end"":""2020-07-02"",""days_on_chart"":35,""top10_days"":null,""peak_rank"":28,""peak_occurrences"":null,""peak_daily_streams"":8191,""metric_scope"":""country-specific Spotify daily Top 200 chart-attributed streams"",""country_rank"":339}"
340,Nobody,Martin Jensen,[],,,,[],"[""und""]",,,,,,,spotify_country_chart_streams,176705.0,streams,176705,Spotify regional daily chart (Kworb aggregate),,,2qfEcCkEo5NscA9GL7ER72,,,https://kworb.net/spotify/country/mt_weekly_totals.html,2026-10-02,"Exact aggregate of streams observed while this recording was inside Spotify's daily Top 200 for Malta, as aggregated by Kworb from Spotify chart data. Streams earned outside the chart are not included. Chart coverage on the source page: 2014-01-12 through 2020-07-02.","{""country_code"":""MT"",""country_name"":""Malta"",""chart_coverage_start"":""2014-01-12"",""chart_coverage_end"":""2020-07-02"",""days_on_chart"":62,""top10_days"":null,""peak_rank"":57,""peak_occurrences"":null,""peak_daily_streams"":4874,""metric_scope"":""country-specific Spotify daily Top 200 chart-attributed streams"",""country_rank"":340}"
341,Toda - Remix,Alex Rose,[],,,,[],"[""und""]",,,,,,,spotify_country_chart_streams,176672.0,streams,176672,Spotify regional daily chart (Kworb aggregate),,,7nD2JPaxIKUdxd2UWgnaGL,,,https://kworb.net/spotify/country/mt_weekly_totals.html,2026-10-02,"Exact aggregate of streams observed while this recording was inside Spotify's daily Top 200 for Malta, as aggregated by Kworb from Spotify chart data. Streams earned outside the chart are not included. Chart coverage on the source page: 2014-01-12 through 2020-07-02.","{""country_code"":""MT"",""country_name"":""Malta"",""chart_coverage_start"":""2014-01-12"",""chart_coverage_end"":""2020-07-02"",""days_on_chart"":27,""top10_days"":null,""peak_rank"":17,""peak_occurrences"":null,""peak_daily_streams"":10035,""metric_scope"":""country-specific Spotify daily Top 200 chart-attributed streams"",""country_rank"":341}"
342,Back to You,Louis Tomlinson,[],,,,[],"[""und""]",,,,,,,spotify_country_chart_streams,176404.0,streams,176404,Spotify regional daily chart (Kworb aggregate),,,7F9vK8hNFMml4GtHsaXui6,,,https://kworb.net/spotify/country/mt_weekly_totals.html,2026-10-02,"Exact aggregate of streams observed while this recording was inside Spotify's daily Top 200 for Malta, as aggregated by Kworb from Spotify chart data. Streams earned outside the chart are not included. Chart coverage on the source page: 2014-01-12 through 2020-07-02.","{""country_code"":""MT"",""country_name"":""Malta"",""chart_coverage_start"":""2014-01-12"",""chart_coverage_end"":""2020-07-02"",""days_on_chart"":29,""top10_days"":5,""peak_rank"":7,""peak_occurrences"":null,""peak_daily_streams"":13410,""metric_scope"":""country-specific Spotify daily Top 200 chart-attributed streams"",""country_rank"":342}"
343,You Need To Calm Down,Taylor Swift,[],,,,[],"[""und""]",,,,,,,spotify_country_chart_streams,176302.0,streams,176302,Spotify regional daily chart (Kworb aggregate),,,6RRNNciQGZEXnqk8SQ9yv5,,,https://kworb.net/spotify/country/mt_weekly_totals.html,2026-10-02,"Exact aggregate of streams observed while this recording was inside Spotify's daily Top 200 for Malta, as aggregated by Kworb from Spotify chart data. Streams earned outside the chart are not included. Chart coverage on the source page: 2014-01-12 through 2020-07-02.","{""country_code"":""MT"",""country_name"":""Malta"",""chart_coverage_start"":""2014-01-12"",""chart_coverage_end"":""2020-07-02"",""days_on_chart"":39,""top10_days"":2,""peak_rank"":6,""peak_occurrences"":null,""peak_daily_streams"":13875,""metric_scope"":""country-specific Spotify daily Top 200 chart-attributed streams"",""country_rank"":343}"
344,Cola,CAMELPHAT,[],,,,[],"[""und""]",,,,,,,spotify_country_chart_streams,175273.0,streams,175273,Spotify regional daily chart (Kworb aggregate),,,1HrMWH5GUdK6Yi94rbANJA,,,https://kworb.net/spotify/country/mt_weekly_totals.html,2026-10-02,"Exact aggregate of streams observed while this recording was inside Spotify's daily Top 200 for Malta, as aggregated by Kworb from Spotify chart data. Streams earned outside the chart are not included. Chart coverage on the source page: 2014-01-12 through 2020-07-02.","{""country_code"":""MT"",""country_name"":""Malta"",""chart_coverage_start"":""2014-01-12"",""chart_coverage_end"":""2020-07-02"",""days_on_chart"":54,""top10_days"":null,""peak_rank"":48,""peak_occurrences"":null,""peak_daily_streams"":5109,""metric_scope"":""country-specific Spotify daily Top 200 chart-attributed streams"",""country_rank"":344}"
345,Location,Khalid,[],,,,[],"[""und""]",,,,,,,spotify_country_chart_streams,175151.0,streams,175151,Spotify regional daily chart (Kworb aggregate),,,152lZdxL1OR0ZMW6KquMif,,,https://kworb.net/spotify/country/mt_weekly_totals.html,2026-10-02,"Exact aggregate of streams observed while this recording was inside Spotify's daily Top 200 for Malta, as aggregated by Kworb from Spotify chart data. Streams earned outside the chart are not included. Chart coverage on the source page: 2014-01-12 through 2020-07-02.","{""country_code"":""MT"",""country_name"":""Malta"",""chart_coverage_start"":""2014-01-12"",""chart_coverage_end"":""2020-07-02"",""days_on_chart"":53,""top10_days"":null,""peak_rank"":35,""peak_occurrences"":null,""peak_daily_streams"":6893,""metric_scope"":""country-specific Spotify daily Top 200 chart-attributed streams"",""country_rank"":345}"
346,Only Human,Jonas Brothers,[],,,,[],"[""und""]",,,,,,,spotify_country_chart_streams,174789.0,streams,174789,Spotify regional daily chart (Kworb aggregate),,,0DiDStADDVh3SvAsoJAFMk,,,https://kworb.net/spotify/country/mt_weekly_totals.html,2026-10-02,"Exact aggregate of streams observed while this recording was inside Spotify's daily Top 200 for Malta, as aggregated by Kworb from Spotify chart data. Streams earned outside the chart are not included. Chart coverage on the source page: 2014-01-12 through 2020-07-02.","{""country_code"":""MT"",""country_name"":""Malta"",""chart_coverage_start"":""2014-01-12"",""chart_coverage_end"":""2020-07-02"",""days_on_chart"":47,""top10_days"":null,""peak_rank"":15,""peak_occurrences"":null,""peak_daily_streams"":9508,""metric_scope"":""country-specific Spotify daily Top 200 chart-attributed streams"",""country_rank"":346}"
347,I'm a Mess,Bebe Rexha,[],,,,[],"[""und""]",,,,,,,spotify_country_chart_streams,174576.0,streams,174576,Spotify regional daily chart (Kworb aggregate),,,04ZTP5KsCypmtCmQg5tH9R,,,https://kworb.net/spotify/country/mt_weekly_totals.html,2026-10-02,"Exact aggregate of streams observed while this recording was inside Spotify's daily Top 200 for Malta, as aggregated by Kworb from Spotify chart data. Streams earned outside the chart are not included. Chart coverage on the source page: 2014-01-12 through 2020-07-02.","{""country_code"":""MT"",""country_name"":""Malta"",""chart_coverage_start"":""2014-01-12"",""chart_coverage_end"":""2020-07-02"",""days_on_chart"":50,""top10_days"":null,""peak_rank"":39,""peak_occurrences"":null,""peak_daily_streams"":6338,""metric_scope"":""country-specific Spotify daily Top 200 chart-attributed streams"",""country_rank"":347}"
348,What I Like About You,Jonas Blue,[],,,,[],"[""und""]",,,,,,,spotify_country_chart_streams,174465.0,streams,174465,Spotify regional daily chart (Kworb aggregate),,,4NSW0Km5ZG60L8FthUebPJ,,,https://kworb.net/spotify/country/mt_weekly_totals.html,2026-10-02,"Exact aggregate of streams observed while this recording was inside Spotify's daily Top 200 for Malta, as aggregated by Kworb from Spotify chart data. Streams earned outside the chart are not included. Chart coverage on the source page: 2014-01-12 through 2020-07-02.","{""country_code"":""MT"",""country_name"":""Malta"",""chart_coverage_start"":""2014-01-12"",""chart_coverage_end"":""2020-07-02"",""days_on_chart"":46,""top10_days"":null,""peak_rank"":27,""peak_occurrences"":null,""peak_daily_streams"":6385,""metric_scope"":""country-specific Spotify daily Top 200 chart-attributed streams"",""country_rank"":348}"
349,Losing It,FISHER,[],,,,[],"[""und""]",,,,,,,spotify_country_chart_streams,174336.0,streams,174336,Spotify regional daily chart (Kworb aggregate),,,6ho0GyrWZN3mhi9zVRW7xi,,,https://kworb.net/spotify/country/mt_weekly_totals.html,2026-10-02,"Exact aggregate of streams observed while this recording was inside Spotify's daily Top 200 for Malta, as aggregated by Kworb from Spotify chart data. Streams earned outside the chart are not included. Chart coverage on the source page: 2014-01-12 through 2020-07-02.","{""country_code"":""MT"",""country_name"":""Malta"",""chart_coverage_start"":""2014-01-12"",""chart_coverage_end"":""2020-07-02"",""days_on_chart"":64,""top10_days"":null,""peak_rank"":77,""peak_occurrences"":null,""peak_daily_streams"":4420,""metric_scope"":""country-specific Spotify daily Top 200 chart-attributed streams"",""country_rank"":349}"
350,Madura,Cosculluela,[],,,,[],"[""und""]",,,,,,,spotify_country_chart_streams,174120.0,streams,174120,Spotify regional daily chart (Kworb aggregate),,,0r9d60ZYPAlFHq8qnUtkXN,,,https://kworb.net/spotify/country/mt_weekly_totals.html,2026-10-02,"Exact aggregate of streams observed while this recording was inside Spotify's daily Top 200 for Malta, as aggregated by Kworb from Spotify chart data. Streams earned outside the chart are not included. Chart coverage on the source page: 2014-01-12 through 2020-07-02.","{""country_code"":""MT"",""country_name"":""Malta"",""chart_coverage_start"":""2014-01-12"",""chart_coverage_end"":""2020-07-02"",""days_on_chart"":32,""top10_days"":null,""peak_rank"":29,""peak_occurrences"":null,""peak_daily_streams"":8283,""metric_scope"":""country-specific Spotify daily Top 200 chart-attributed streams"",""country_rank"":350}"
351,Felices los 4,Maluma,[],,,,[],"[""und""]",,,,,,,spotify_country_chart_streams,174036.0,streams,174036,Spotify regional daily chart (Kworb aggregate),,,0qYTZCo5Bwh1nsUFGZP3zn,,,https://kworb.net/spotify/country/mt_weekly_totals.html,2026-10-02,"Exact aggregate of streams observed while this recording was inside Spotify's daily Top 200 for Malta, as aggregated by Kworb from Spotify chart data. Streams earned outside the chart are not included. Chart coverage on the source page: 2014-01-12 through 2020-07-02.","{""country_code"":""MT"",""country_name"":""Malta"",""chart_coverage_start"":""2014-01-12"",""chart_coverage_end"":""2020-07-02"",""days_on_chart"":28,""top10_days"":2,""peak_rank"":8,""peak_occurrences"":null,""peak_daily_streams"":15326,""metric_scope"":""country-specific Spotify daily Top 200 chart-attributed streams"",""country_rank"":351}"
352,Not Steady,Paloma Mami,[],,,,[],"[""und""]",,,,,,,spotify_country_chart_streams,173713.0,streams,173713,Spotify regional daily chart (Kworb aggregate),,,42ArfZUgGo3k5btIHp08it,,,https://kworb.net/spotify/country/mt_weekly_totals.html,2026-10-02,"Exact aggregate of streams observed while this recording was inside Spotify's daily Top 200 for Malta, as aggregated by Kworb from Spotify chart data. Streams earned outside the chart are not included. Chart coverage on the source page: 2014-01-12 through 2020-07-02.","{""country_code"":""MT"",""country_name"":""Malta"",""chart_coverage_start"":""2014-01-12"",""chart_coverage_end"":""2020-07-02"",""days_on_chart"":27,""top10_days"":null,""peak_rank"":11,""peak_occurrences"":null,""peak_daily_streams"":11536,""metric_scope"":""country-specific Spotify daily Top 200 chart-attributed streams"",""country_rank"":352}"
353,Who Do You Love,The Chainsmokers,[],,,,[],"[""und""]",,,,,,,spotify_country_chart_streams,172877.0,streams,172877,Spotify regional daily chart (Kworb aggregate),,,5QiNbIilmMiMBXvaAlf7lN,,,https://kworb.net/spotify/country/mt_weekly_totals.html,2026-10-02,"Exact aggregate of streams observed while this recording was inside Spotify's daily Top 200 for Malta, as aggregated by Kworb from Spotify chart data. Streams earned outside the chart are not included. Chart coverage on the source page: 2014-01-12 through 2020-07-02.","{""country_code"":""MT"",""country_name"":""Malta"",""chart_coverage_start"":""2014-01-12"",""chart_coverage_end"":""2020-07-02"",""days_on_chart"":41,""top10_days"":null,""peak_rank"":24,""peak_occurrences"":null,""peak_daily_streams"":9720,""metric_scope"":""country-specific Spotify daily Top 200 chart-attributed streams"",""country_rank"":353}"
354,ROCKSTAR,DaBaby,[],,,,[],"[""und""]",,,,,,,spotify_country_chart_streams,172830.0,streams,172830,Spotify regional daily chart (Kworb aggregate),,,7ytR5pFWmSjzHJIeQkgog4,,,https://kworb.net/spotify/country/mt_weekly_totals.html,2026-10-02,"Exact aggregate of streams observed while this recording was inside Spotify's daily Top 200 for Malta, as aggregated by Kworb from Spotify chart data. Streams earned outside the chart are not included. Chart coverage on the source page: 2014-01-12 through 2020-07-02.","{""country_code"":""MT"",""country_name"":""Malta"",""chart_coverage_start"":""2014-01-12"",""chart_coverage_end"":""2020-07-02"",""days_on_chart"":11,""top10_days"":9,""peak_rank"":1,""peak_occurrences"":6,""peak_daily_streams"":19629,""metric_scope"":""country-specific Spotify daily Top 200 chart-attributed streams"",""country_rank"":354}"
355,Rewrite The Stars,James Arthur,[],,,,[],"[""und""]",,,,,,,spotify_country_chart_streams,172813.0,streams,172813,Spotify regional daily chart (Kworb aggregate),,,6mQLN3zRtAp6ovjusyYKrV,,,https://kworb.net/spotify/country/mt_weekly_totals.html,2026-10-02,"Exact aggregate of streams observed while this recording was inside Spotify's daily Top 200 for Malta, as aggregated by Kworb from Spotify chart data. Streams earned outside the chart are not included. Chart coverage on the source page: 2014-01-12 through 2020-07-02.","{""country_code"":""MT"",""country_name"":""Malta"",""chart_coverage_start"":""2014-01-12"",""chart_coverage_end"":""2020-07-02"",""days_on_chart"":55,""top10_days"":null,""peak_rank"":45,""peak_occurrences"":null,""peak_daily_streams"":7140,""metric_scope"":""country-specific Spotify daily Top 200 chart-attributed streams"",""country_rank"":355}"
356,All We Know,The Chainsmokers,[],,,,[],"[""und""]",,,,,,,spotify_country_chart_streams,172660.0,streams,172660,Spotify regional daily chart (Kworb aggregate),,,2rizacJSyD9S1IQUxUxnsK,,,https://kworb.net/spotify/country/mt_weekly_totals.html,2026-10-02,"Exact aggregate of streams observed while this recording was inside Spotify's daily Top 200 for Malta, as aggregated by Kworb from Spotify chart data. Streams earned outside the chart are not included. Chart coverage on the source page: 2014-01-12 through 2020-07-02.","{""country_code"":""MT"",""country_name"":""Malta"",""chart_coverage_start"":""2014-01-12"",""chart_coverage_end"":""2020-07-02"",""days_on_chart"":30,""top10_days"":4,""peak_rank"":7,""peak_occurrences"":null,""peak_daily_streams"":10298,""metric_scope"":""country-specific Spotify daily Top 200 chart-attributed streams"",""country_rank"":356}"
357,Look Alive,BlocBoy JB,[],,,,[],"[""und""]",,,,,,,spotify_country_chart_streams,172617.0,streams,172617,Spotify regional daily chart (Kworb aggregate),,,4qKcDkK6siZ7Jp1Jb4m0aL,,,https://kworb.net/spotify/country/mt_weekly_totals.html,2026-10-02,"Exact aggregate of streams observed while this recording was inside Spotify's daily Top 200 for Malta, as aggregated by Kworb from Spotify chart data. Streams earned outside the chart are not included. Chart coverage on the source page: 2014-01-12 through 2020-07-02.","{""country_code"":""MT"",""country_name"":""Malta"",""chart_coverage_start"":""2014-01-12"",""chart_coverage_end"":""2020-07-02"",""days_on_chart"":31,""top10_days"":1,""peak_rank"":9,""peak_occurrences"":null,""peak_daily_streams"":10652,""metric_scope"":""country-specific Spotify daily Top 200 chart-attributed streams"",""country_rank"":357}"
358,Once In a While,Timeflies,[],,,,[],"[""und""]",,,,,,,spotify_country_chart_streams,172449.0,streams,172449,Spotify regional daily chart (Kworb aggregate),,,6cREm4bV7V79Yxdilx9HDo,,,https://kworb.net/spotify/country/mt_weekly_totals.html,2026-10-02,"Exact aggregate of streams observed while this recording was inside Spotify's daily Top 200 for Malta, as aggregated by Kworb from Spotify chart data. Streams earned outside the chart are not included. Chart coverage on the source page: 2014-01-12 through 2020-07-02.","{""country_code"":""MT"",""country_name"":""Malta"",""chart_coverage_start"":""2014-01-12"",""chart_coverage_end"":""2020-07-02"",""days_on_chart"":41,""top10_days"":null,""peak_rank"":21,""peak_occurrences"":null,""peak_daily_streams"":6701,""metric_scope"":""country-specific Spotify daily Top 200 chart-attributed streams"",""country_rank"":358}"
359,Weak,AJR,[],,,,[],"[""und""]",,,,,,,spotify_country_chart_streams,172198.0,streams,172198,Spotify regional daily chart (Kworb aggregate),,,3TJk0aoXM0knrOlgd1fnbx,,,https://kworb.net/spotify/country/mt_weekly_totals.html,2026-10-02,"Exact aggregate of streams observed while this recording was inside Spotify's daily Top 200 for Malta, as aggregated by Kworb from Spotify chart data. Streams earned outside the chart are not included. Chart coverage on the source page: 2014-01-12 through 2020-07-02.","{""country_code"":""MT"",""country_name"":""Malta"",""chart_coverage_start"":""2014-01-12"",""chart_coverage_end"":""2020-07-02"",""days_on_chart"":40,""top10_days"":null,""peak_rank"":17,""peak_occurrences"":null,""peak_daily_streams"":8390,""metric_scope"":""country-specific Spotify daily Top 200 chart-attributed streams"",""country_rank"":359}"
360,How Long,Charlie Puth,[],,,,[],"[""und""]",,,,,,,spotify_country_chart_streams,172174.0,streams,172174,Spotify regional daily chart (Kworb aggregate),,,32DGGj6KlNuBr6WaqRxpxi,,,https://kworb.net/spotify/country/mt_weekly_totals.html,2026-10-02,"Exact aggregate of streams observed while this recording was inside Spotify's daily Top 200 for Malta, as aggregated by Kworb from Spotify chart data. Streams earned outside the chart are not included. Chart coverage on the source page: 2014-01-12 through 2020-07-02.","{""country_code"":""MT"",""country_name"":""Malta"",""chart_coverage_start"":""2014-01-12"",""chart_coverage_end"":""2020-07-02"",""days_on_chart"":28,""top10_days"":3,""peak_rank"":9,""peak_occurrences"":null,""peak_daily_streams"":12615,""metric_scope"":""country-specific Spotify daily Top 200 chart-attributed streams"",""country_rank"":360}"
361,Locked Away,R. City,[],,,,[],"[""und""]",,,,,,,spotify_country_chart_streams,171855.0,streams,171855,Spotify regional daily chart (Kworb aggregate),,,7x5xYW5W42OGPAdHUyyguy,,,https://kworb.net/spotify/country/mt_weekly_totals.html,2026-10-02,"Exact aggregate of streams observed while this recording was inside Spotify's daily Top 200 for Malta, as aggregated by Kworb from Spotify chart data. Streams earned outside the chart are not included. Chart coverage on the source page: 2014-01-12 through 2020-07-02.","{""country_code"":""MT"",""country_name"":""Malta"",""chart_coverage_start"":""2014-01-12"",""chart_coverage_end"":""2020-07-02"",""days_on_chart"":39,""top10_days"":13,""peak_rank"":3,""peak_occurrences"":1,""peak_daily_streams"":8130,""metric_scope"":""country-specific Spotify daily Top 200 chart-attributed streams"",""country_rank"":361}"
362,Godzilla,Eminem,[],,,,[],"[""und""]",,,,,,,spotify_country_chart_streams,171768.0,streams,171768,Spotify regional daily chart (Kworb aggregate),,,7FIWs0pqAYbP91WWM0vlTQ,,,https://kworb.net/spotify/country/mt_weekly_totals.html,2026-10-02,"Exact aggregate of streams observed while this recording was inside Spotify's daily Top 200 for Malta, as aggregated by Kworb from Spotify chart data. Streams earned outside the chart are not included. Chart coverage on the source page: 2014-01-12 through 2020-07-02.","{""country_code"":""MT"",""country_name"":""Malta"",""chart_coverage_start"":""2014-01-12"",""chart_coverage_end"":""2020-07-02"",""days_on_chart"":24,""top10_days"":4,""peak_rank"":3,""peak_occurrences"":1,""peak_daily_streams"":20204,""metric_scope"":""country-specific Spotify daily Top 200 chart-attributed streams"",""country_rank"":362}"
363,Own It,Stormzy,[],,,,[],"[""und""]",,,,,,,spotify_country_chart_streams,171413.0,streams,171413,Spotify regional daily chart (Kworb aggregate),,,4QPEwDdOMhY7rNS05mTyMR,,,https://kworb.net/spotify/country/mt_weekly_totals.html,2026-10-02,"Exact aggregate of streams observed while this recording was inside Spotify's daily Top 200 for Malta, as aggregated by Kworb from Spotify chart data. Streams earned outside the chart are not included. Chart coverage on the source page: 2014-01-12 through 2020-07-02.","{""country_code"":""MT"",""country_name"":""Malta"",""chart_coverage_start"":""2014-01-12"",""chart_coverage_end"":""2020-07-02"",""days_on_chart"":32,""top10_days"":null,""peak_rank"":18,""peak_occurrences"":null,""peak_daily_streams"":9511,""metric_scope"":""country-specific Spotify daily Top 200 chart-attributed streams"",""country_rank"":363}"
364,Where Are Ü Now,Jack Ü,[],,,,[],"[""und""]",,,,,,,spotify_country_chart_streams,171326.0,streams,171326,Spotify regional daily chart (Kworb aggregate),,,66hayvUbTotekKU3H4ta1f,,,https://kworb.net/spotify/country/mt_weekly_totals.html,2026-10-02,"Exact aggregate of streams observed while this recording was inside Spotify's daily Top 200 for Malta, as aggregated by Kworb from Spotify chart data. Streams earned outside the chart are not included. Chart coverage on the source page: 2014-01-12 through 2020-07-02.","{""country_code"":""MT"",""country_name"":""Malta"",""chart_coverage_start"":""2014-01-12"",""chart_coverage_end"":""2020-07-02"",""days_on_chart"":60,""top10_days"":15,""peak_rank"":4,""peak_occurrences"":null,""peak_daily_streams"":5671,""metric_scope"":""country-specific Spotify daily Top 200 chart-attributed streams"",""country_rank"":364}"
365,It's Beginning to Look a Lot like Christmas,Michael Bublé,[],,,,[],"[""und""]",,,,,,,spotify_country_chart_streams,171018.0,streams,171018,Spotify regional daily chart (Kworb aggregate),,,1rv46mRwDqMEhOBZ7vODg3,,,https://kworb.net/spotify/country/mt_weekly_totals.html,2026-10-02,"Exact aggregate of streams observed while this recording was inside Spotify's daily Top 200 for Malta, as aggregated by Kworb from Spotify chart data. Streams earned outside the chart are not included. Chart coverage on the source page: 2014-01-12 through 2020-07-02.","{""country_code"":""MT"",""country_name"":""Malta"",""chart_coverage_start"":""2014-01-12"",""chart_coverage_end"":""2020-07-02"",""days_on_chart"":32,""top10_days"":3,""peak_rank"":5,""peak_occurrences"":null,""peak_daily_streams"":16965,""metric_scope"":""country-specific Spotify daily Top 200 chart-attributed streams"",""country_rank"":365}"
366,See You Again,Wiz Khalifa,[],,,,[],"[""und""]",,,,,,,spotify_country_chart_streams,170509.0,streams,170509,Spotify regional daily chart (Kworb aggregate),,,7wqSzGeodspE3V6RBD5W8L,,,https://kworb.net/spotify/country/mt_weekly_totals.html,2026-10-02,"Exact aggregate of streams observed while this recording was inside Spotify's daily Top 200 for Malta, as aggregated by Kworb from Spotify chart data. Streams earned outside the chart are not included. Chart coverage on the source page: 2014-01-12 through 2020-07-02.","{""country_code"":""MT"",""country_name"":""Malta"",""chart_coverage_start"":""2014-01-12"",""chart_coverage_end"":""2020-07-02"",""days_on_chart"":61,""top10_days"":9,""peak_rank"":1,""peak_occurrences"":4,""peak_daily_streams"":10779,""metric_scope"":""country-specific Spotify daily Top 200 chart-attributed streams"",""country_rank"":366}"
367,Lay It All on Me,Rudimental,[],,,,[],"[""und""]",,,,,,,spotify_country_chart_streams,170290.0,streams,170290,Spotify regional daily chart (Kworb aggregate),,,6splO3UF8hSmK33y5fJTNk,,,https://kworb.net/spotify/country/mt_weekly_totals.html,2026-10-02,"Exact aggregate of streams observed while this recording was inside Spotify's daily Top 200 for Malta, as aggregated by Kworb from Spotify chart data. Streams earned outside the chart are not included. Chart coverage on the source page: 2014-01-12 through 2020-07-02.","{""country_code"":""MT"",""country_name"":""Malta"",""chart_coverage_start"":""2014-01-12"",""chart_coverage_end"":""2020-07-02"",""days_on_chart"":56,""top10_days"":2,""peak_rank"":9,""peak_occurrences"":null,""peak_daily_streams"":6187,""metric_scope"":""country-specific Spotify daily Top 200 chart-attributed streams"",""country_rank"":367}"
368,Want to Want Me,Jason Derulo,[],,,,[],"[""und""]",,,,,,,spotify_country_chart_streams,169858.0,streams,169858,Spotify regional daily chart (Kworb aggregate),,,7oGZAicScQt96OAW4AruYy,,,https://kworb.net/spotify/country/mt_weekly_totals.html,2026-10-02,"Exact aggregate of streams observed while this recording was inside Spotify's daily Top 200 for Malta, as aggregated by Kworb from Spotify chart data. Streams earned outside the chart are not included. Chart coverage on the source page: 2014-01-12 through 2020-07-02.","{""country_code"":""MT"",""country_name"":""Malta"",""chart_coverage_start"":""2014-01-12"",""chart_coverage_end"":""2020-07-02"",""days_on_chart"":66,""top10_days"":14,""peak_rank"":3,""peak_occurrences"":6,""peak_daily_streams"":7448,""metric_scope"":""country-specific Spotify daily Top 200 chart-attributed streams"",""country_rank"":368}"
369,Scars To Your Beautiful,Alessia Cara,[],,,,[],"[""und""]",,,,,,,spotify_country_chart_streams,169376.0,streams,169376,Spotify regional daily chart (Kworb aggregate),,,42ydLwx4i5V49RXHOozJZq,,,https://kworb.net/spotify/country/mt_weekly_totals.html,2026-10-02,"Exact aggregate of streams observed while this recording was inside Spotify's daily Top 200 for Malta, as aggregated by Kworb from Spotify chart data. Streams earned outside the chart are not included. Chart coverage on the source page: 2014-01-12 through 2020-07-02.","{""country_code"":""MT"",""country_name"":""Malta"",""chart_coverage_start"":""2014-01-12"",""chart_coverage_end"":""2020-07-02"",""days_on_chart"":42,""top10_days"":null,""peak_rank"":24,""peak_occurrences"":null,""peak_daily_streams"":6425,""metric_scope"":""country-specific Spotify daily Top 200 chart-attributed streams"",""country_rank"":369}"
370,Physical,Dua Lipa,[],,,,[],"[""und""]",,,,,,,spotify_country_chart_streams,169289.0,streams,169289,Spotify regional daily chart (Kworb aggregate),,,3AzjcOeAmA57TIOr9zF1ZW,,,https://kworb.net/spotify/country/mt_weekly_totals.html,2026-10-02,"Exact aggregate of streams observed while this recording was inside Spotify's daily Top 200 for Malta, as aggregated by Kworb from Spotify chart data. Streams earned outside the chart are not included. Chart coverage on the source page: 2014-01-12 through 2020-07-02.","{""country_code"":""MT"",""country_name"":""Malta"",""chart_coverage_start"":""2014-01-12"",""chart_coverage_end"":""2020-07-02"",""days_on_chart"":22,""top10_days"":3,""peak_rank"":8,""peak_occurrences"":null,""peak_daily_streams"":13293,""metric_scope"":""country-specific Spotify daily Top 200 chart-attributed streams"",""country_rank"":370}"
371,Every Breath You Take - Remastered 2003,The Police,[],,,,[],"[""und""]",,,,,,,spotify_country_chart_streams,168752.0,streams,168752,Spotify regional daily chart (Kworb aggregate),,,5C0LFQARavkPpn7JgA4sLk,,,https://kworb.net/spotify/country/mt_weekly_totals.html,2026-10-02,"Exact aggregate of streams observed while this recording was inside Spotify's daily Top 200 for Malta, as aggregated by Kworb from Spotify chart data. Streams earned outside the chart are not included. Chart coverage on the source page: 2014-01-12 through 2020-07-02.","{""country_code"":""MT"",""country_name"":""Malta"",""chart_coverage_start"":""2014-01-12"",""chart_coverage_end"":""2020-07-02"",""days_on_chart"":67,""top10_days"":null,""peak_rank"":130,""peak_occurrences"":null,""peak_daily_streams"":3650,""metric_scope"":""country-specific Spotify daily Top 200 chart-attributed streams"",""country_rank"":371}"
372,Mercy,Shawn Mendes,[],,,,[],"[""und""]",,,,,,,spotify_country_chart_streams,168675.0,streams,168675,Spotify regional daily chart (Kworb aggregate),,,3OalxlWH0v14kyBcNBMINt,,,https://kworb.net/spotify/country/mt_weekly_totals.html,2026-10-02,"Exact aggregate of streams observed while this recording was inside Spotify's daily Top 200 for Malta, as aggregated by Kworb from Spotify chart data. Streams earned outside the chart are not included. Chart coverage on the source page: 2014-01-12 through 2020-07-02.","{""country_code"":""MT"",""country_name"":""Malta"",""chart_coverage_start"":""2014-01-12"",""chart_coverage_end"":""2020-07-02"",""days_on_chart"":38,""top10_days"":null,""peak_rank"":18,""peak_occurrences"":null,""peak_daily_streams"":7078,""metric_scope"":""country-specific Spotify daily Top 200 chart-attributed streams"",""country_rank"":372}"
373,Échame La Culpa,Luis Fonsi,[],,,,[],"[""und""]",,,,,,,spotify_country_chart_streams,167610.0,streams,167610,Spotify regional daily chart (Kworb aggregate),,,1zsG4eaZmkA1dvjDDsAGLK,,,https://kworb.net/spotify/country/mt_weekly_totals.html,2026-10-02,"Exact aggregate of streams observed while this recording was inside Spotify's daily Top 200 for Malta, as aggregated by Kworb from Spotify chart data. Streams earned outside the chart are not included. Chart coverage on the source page: 2014-01-12 through 2020-07-02.","{""country_code"":""MT"",""country_name"":""Malta"",""chart_coverage_start"":""2014-01-12"",""chart_coverage_end"":""2020-07-02"",""days_on_chart"":31,""top10_days"":null,""peak_rank"":19,""peak_occurrences"":null,""peak_daily_streams"":8953,""metric_scope"":""country-specific Spotify daily Top 200 chart-attributed streams"",""country_rank"":373}"
374,Sunset Lover,Petit Biscuit,[],,,,[],"[""und""]",,,,,,,spotify_country_chart_streams,167178.0,streams,167178,Spotify regional daily chart (Kworb aggregate),,,0hNduWmlWmEmuwEFcYvRu1,,,https://kworb.net/spotify/country/mt_weekly_totals.html,2026-10-02,"Exact aggregate of streams observed while this recording was inside Spotify's daily Top 200 for Malta, as aggregated by Kworb from Spotify chart data. Streams earned outside the chart are not included. Chart coverage on the source page: 2014-01-12 through 2020-07-02.","{""country_code"":""MT"",""country_name"":""Malta"",""chart_coverage_start"":""2014-01-12"",""chart_coverage_end"":""2020-07-02"",""days_on_chart"":51,""top10_days"":null,""peak_rank"":32,""peak_occurrences"":null,""peak_daily_streams"":6350,""metric_scope"":""country-specific Spotify daily Top 200 chart-attributed streams"",""country_rank"":374}"
375,Crying in the Club,Camila Cabello,[],,,,[],"[""und""]",,,,,,,spotify_country_chart_streams,166599.0,streams,166599,Spotify regional daily chart (Kworb aggregate),,,1SJtlNRJDeYHioymcvsqev,,,https://kworb.net/spotify/country/mt_weekly_totals.html,2026-10-02,"Exact aggregate of streams observed while this recording was inside Spotify's daily Top 200 for Malta, as aggregated by Kworb from Spotify chart data. Streams earned outside the chart are not included. Chart coverage on the source page: 2014-01-12 through 2020-07-02.","{""country_code"":""MT"",""country_name"":""Malta"",""chart_coverage_start"":""2014-01-12"",""chart_coverage_end"":""2020-07-02"",""days_on_chart"":29,""top10_days"":null,""peak_rank"":15,""peak_occurrences"":null,""peak_daily_streams"":11658,""metric_scope"":""country-specific Spotify daily Top 200 chart-attributed streams"",""country_rank"":375}"
376,Take What You Want,Post Malone,[],,,,[],"[""und""]",,,,,,,spotify_country_chart_streams,166441.0,streams,166441,Spotify regional daily chart (Kworb aggregate),,,7CZyCXKG6d5ALeq41sLzbw,,,https://kworb.net/spotify/country/mt_weekly_totals.html,2026-10-02,"Exact aggregate of streams observed while this recording was inside Spotify's daily Top 200 for Malta, as aggregated by Kworb from Spotify chart data. Streams earned outside the chart are not included. Chart coverage on the source page: 2014-01-12 through 2020-07-02.","{""country_code"":""MT"",""country_name"":""Malta"",""chart_coverage_start"":""2014-01-12"",""chart_coverage_end"":""2020-07-02"",""days_on_chart"":30,""top10_days"":3,""peak_rank"":9,""peak_occurrences"":null,""peak_daily_streams"":13320,""metric_scope"":""country-specific Spotify daily Top 200 chart-attributed streams"",""country_rank"":376}"
377,Chained To The Rhythm,Katy Perry,[],,,,[],"[""und""]",,,,,,,spotify_country_chart_streams,166170.0,streams,166170,Spotify regional daily chart (Kworb aggregate),,,5ndfVSDyPq90jaIUhNPeby,,,https://kworb.net/spotify/country/mt_weekly_totals.html,2026-10-02,"Exact aggregate of streams observed while this recording was inside Spotify's daily Top 200 for Malta, as aggregated by Kworb from Spotify chart data. Streams earned outside the chart are not included. Chart coverage on the source page: 2014-01-12 through 2020-07-02.","{""country_code"":""MT"",""country_name"":""Malta"",""chart_coverage_start"":""2014-01-12"",""chart_coverage_end"":""2020-07-02"",""days_on_chart"":24,""top10_days"":4,""peak_rank"":6,""peak_occurrences"":null,""peak_daily_streams"":15882,""metric_scope"":""country-specific Spotify daily Top 200 chart-attributed streams"",""country_rank"":377}"
378,Breaking Me,Topic,[],,,,[],"[""und""]",,,,,,,spotify_country_chart_streams,164796.0,streams,164796,Spotify regional daily chart (Kworb aggregate),,,3H7ihDc1dqLriiWXwsc2po,,,https://kworb.net/spotify/country/mt_weekly_totals.html,2026-10-02,"Exact aggregate of streams observed while this recording was inside Spotify's daily Top 200 for Malta, as aggregated by Kworb from Spotify chart data. Streams earned outside the chart are not included. Chart coverage on the source page: 2014-01-12 through 2020-07-02.","{""country_code"":""MT"",""country_name"":""Malta"",""chart_coverage_start"":""2014-01-12"",""chart_coverage_end"":""2020-07-02"",""days_on_chart"":16,""top10_days"":11,""peak_rank"":4,""peak_occurrences"":null,""peak_daily_streams"":13768,""metric_scope"":""country-specific Spotify daily Top 200 chart-attributed streams"",""country_rank"":378}"
379,Trampoline,SHAED,[],,,,[],"[""und""]",,,,,,,spotify_country_chart_streams,164749.0,streams,164749,Spotify regional daily chart (Kworb aggregate),,,1iQDltZqI7BXnHrFy4Qo1k,,,https://kworb.net/spotify/country/mt_weekly_totals.html,2026-10-02,"Exact aggregate of streams observed while this recording was inside Spotify's daily Top 200 for Malta, as aggregated by Kworb from Spotify chart data. Streams earned outside the chart are not included. Chart coverage on the source page: 2014-01-12 through 2020-07-02.","{""country_code"":""MT"",""country_name"":""Malta"",""chart_coverage_start"":""2014-01-12"",""chart_coverage_end"":""2020-07-02"",""days_on_chart"":31,""top10_days"":null,""peak_rank"":12,""peak_occurrences"":null,""peak_daily_streams"":11988,""metric_scope"":""country-specific Spotify daily Top 200 chart-attributed streams"",""alternate_metrics"":[{""metric_name"":""spotify_country_chart_streams"",""metric_value"":30546.0,""metric_unit"":""streams"",""listen_count"":30546,""view_count"":null,""source_url"":""https://kworb.net/spotify/country/mt_weekly_totals.html"",""retrieved_at"":""2026-10-02""}],""merged_sources"":[""https://kworb.net/spotify/country/mt_weekly_totals.html""],""country_rank"":379}"
380,Cheerleader (Felix Jaehn Remix),OMI,[],,,,[],"[""und""]",,,,,,,spotify_country_chart_streams,164444.0,streams,164444,Spotify regional daily chart (Kworb aggregate),,,4fTHdMTq0Znl3djLI1Typn,,,https://kworb.net/spotify/country/mt_weekly_totals.html,2026-10-02,"Exact aggregate of streams observed while this recording was inside Spotify's daily Top 200 for Malta, as aggregated by Kworb from Spotify chart data. Streams earned outside the chart are not included. Chart coverage on the source page: 2014-01-12 through 2020-07-02.","{""country_code"":""MT"",""country_name"":""Malta"",""chart_coverage_start"":""2014-01-12"",""chart_coverage_end"":""2020-07-02"",""days_on_chart"":42,""top10_days"":20,""peak_rank"":1,""peak_occurrences"":1,""peak_daily_streams"":7679,""metric_scope"":""country-specific Spotify daily Top 200 chart-attributed streams"",""country_rank"":380}"
381,After Hours,The Weeknd,[],,,,[],"[""und""]",,,,,,,spotify_country_chart_streams,164412.0,streams,164412,Spotify regional daily chart (Kworb aggregate),,,2p8IUWQDrpjuFltbdgLOag,,,https://kworb.net/spotify/country/mt_weekly_totals.html,2026-10-02,"Exact aggregate of streams observed while this recording was inside Spotify's daily Top 200 for Malta, as aggregated by Kworb from Spotify chart data. Streams earned outside the chart are not included. Chart coverage on the source page: 2014-01-12 through 2020-07-02.","{""country_code"":""MT"",""country_name"":""Malta"",""chart_coverage_start"":""2014-01-12"",""chart_coverage_end"":""2020-07-02"",""days_on_chart"":20,""top10_days"":6,""peak_rank"":2,""peak_occurrences"":1,""peak_daily_streams"":22941,""metric_scope"":""country-specific Spotify daily Top 200 chart-attributed streams"",""country_rank"":381}"
382,Black Beatles,Rae Sremmurd,[],,,,[],"[""und""]",,,,,,,spotify_country_chart_streams,163739.0,streams,163739,Spotify regional daily chart (Kworb aggregate),,,4SgRoETpc8GEkVgBh5OrZs,,,https://kworb.net/spotify/country/mt_weekly_totals.html,2026-10-02,"Exact aggregate of streams observed while this recording was inside Spotify's daily Top 200 for Malta, as aggregated by Kworb from Spotify chart data. Streams earned outside the chart are not included. Chart coverage on the source page: 2014-01-12 through 2020-07-02.","{""country_code"":""MT"",""country_name"":""Malta"",""chart_coverage_start"":""2014-01-12"",""chart_coverage_end"":""2020-07-02"",""days_on_chart"":28,""top10_days"":7,""peak_rank"":1,""peak_occurrences"":1,""peak_daily_streams"":16708,""metric_scope"":""country-specific Spotify daily Top 200 chart-attributed streams"",""country_rank"":382}"
383,Cross Me,Ed Sheeran,[],,,,[],"[""und""]",,,,,,,spotify_country_chart_streams,163483.0,streams,163483,Spotify regional daily chart (Kworb aggregate),,,543bCW2ruMPmxUBWirQ3MR,,,https://kworb.net/spotify/country/mt_weekly_totals.html,2026-10-02,"Exact aggregate of streams observed while this recording was inside Spotify's daily Top 200 for Malta, as aggregated by Kworb from Spotify chart data. Streams earned outside the chart are not included. Chart coverage on the source page: 2014-01-12 through 2020-07-02.","{""country_code"":""MT"",""country_name"":""Malta"",""chart_coverage_start"":""2014-01-12"",""chart_coverage_end"":""2020-07-02"",""days_on_chart"":26,""top10_days"":2,""peak_rank"":9,""peak_occurrences"":null,""peak_daily_streams"":12306,""metric_scope"":""country-specific Spotify daily Top 200 chart-attributed streams"",""country_rank"":383}"
384,This One's for You,David Guetta,[],,,,[],"[""und""]",,,,,,,spotify_country_chart_streams,163466.0,streams,163466,Spotify regional daily chart (Kworb aggregate),,,46NBoIAHrmR7qcUGCIFEjR,,,https://kworb.net/spotify/country/mt_weekly_totals.html,2026-10-02,"Exact aggregate of streams observed while this recording was inside Spotify's daily Top 200 for Malta, as aggregated by Kworb from Spotify chart data. Streams earned outside the chart are not included. Chart coverage on the source page: 2014-01-12 through 2020-07-02.","{""country_code"":""MT"",""country_name"":""Malta"",""chart_coverage_start"":""2014-01-12"",""chart_coverage_end"":""2020-07-02"",""days_on_chart"":31,""top10_days"":5,""peak_rank"":3,""peak_occurrences"":1,""peak_daily_streams"":12384,""metric_scope"":""country-specific Spotify daily Top 200 chart-attributed streams"",""country_rank"":384}"
385,Sunday Best,Surfaces,[],,,,[],"[""und""]",,,,,,,spotify_country_chart_streams,163232.0,streams,163232,Spotify regional daily chart (Kworb aggregate),,,1Cv1YLb4q0RzL6pybtaMLo,,,https://kworb.net/spotify/country/mt_weekly_totals.html,2026-10-02,"Exact aggregate of streams observed while this recording was inside Spotify's daily Top 200 for Malta, as aggregated by Kworb from Spotify chart data. Streams earned outside the chart are not included. Chart coverage on the source page: 2014-01-12 through 2020-07-02.","{""country_code"":""MT"",""country_name"":""Malta"",""chart_coverage_start"":""2014-01-12"",""chart_coverage_end"":""2020-07-02"",""days_on_chart"":24,""top10_days"":null,""peak_rank"":17,""peak_occurrences"":null,""peak_daily_streams"":8803,""metric_scope"":""country-specific Spotify daily Top 200 chart-attributed streams"",""country_rank"":385}"
386,Stole the Show,Kygo,[],,,,[],"[""und""]",,,,,,,spotify_country_chart_streams,163214.0,streams,163214,Spotify regional daily chart (Kworb aggregate),,,4iZPNYqzI2L0uwuUKun7Aa,,,https://kworb.net/spotify/country/mt_weekly_totals.html,2026-10-02,"Exact aggregate of streams observed while this recording was inside Spotify's daily Top 200 for Malta, as aggregated by Kworb from Spotify chart data. Streams earned outside the chart are not included. Chart coverage on the source page: 2014-01-12 through 2020-07-02.","{""country_code"":""MT"",""country_name"":""Malta"",""chart_coverage_start"":""2014-01-12"",""chart_coverage_end"":""2020-07-02"",""days_on_chart"":67,""top10_days"":9,""peak_rank"":3,""peak_occurrences"":2,""peak_daily_streams"":8319,""metric_scope"":""country-specific Spotify daily Top 200 chart-attributed streams"",""country_rank"":386}"
387,"10,000 Hours",Dan + Shay,[],,,,[],"[""und""]",,,,,,,spotify_country_chart_streams,163104.0,streams,163104,Spotify regional daily chart (Kworb aggregate),,,2wrJq5XKLnmhRXHIAf9xBa,,,https://kworb.net/spotify/country/mt_weekly_totals.html,2026-10-02,"Exact aggregate of streams observed while this recording was inside Spotify's daily Top 200 for Malta, as aggregated by Kworb from Spotify chart data. Streams earned outside the chart are not included. Chart coverage on the source page: 2014-01-12 through 2020-07-02.","{""country_code"":""MT"",""country_name"":""Malta"",""chart_coverage_start"":""2014-01-12"",""chart_coverage_end"":""2020-07-02"",""days_on_chart"":39,""top10_days"":null,""peak_rank"":18,""peak_occurrences"":null,""peak_daily_streams"":8362,""metric_scope"":""country-specific Spotify daily Top 200 chart-attributed streams"",""country_rank"":387}"
388,Look What You Made Me Do,Taylor Swift,[],,,,[],"[""und""]",,,,,,,spotify_country_chart_streams,162559.0,streams,162559,Spotify regional daily chart (Kworb aggregate),,,6uFsE1JgZ20EXyU0JQZbUR,,,https://kworb.net/spotify/country/mt_weekly_totals.html,2026-10-02,"Exact aggregate of streams observed while this recording was inside Spotify's daily Top 200 for Malta, as aggregated by Kworb from Spotify chart data. Streams earned outside the chart are not included. Chart coverage on the source page: 2014-01-12 through 2020-07-02.","{""country_code"":""MT"",""country_name"":""Malta"",""chart_coverage_start"":""2014-01-12"",""chart_coverage_end"":""2020-07-02"",""days_on_chart"":22,""top10_days"":6,""peak_rank"":1,""peak_occurrences"":2,""peak_daily_streams"":26090,""metric_scope"":""country-specific Spotify daily Top 200 chart-attributed streams"",""country_rank"":388}"
389,Don’t Matter To Me,Drake,[],,,,[],"[""und""]",,,,,,,spotify_country_chart_streams,162100.0,streams,162100,Spotify regional daily chart (Kworb aggregate),,,6G8kHiVZ1jW7vHMPVRNZU0,,,https://kworb.net/spotify/country/mt_weekly_totals.html,2026-10-02,"Exact aggregate of streams observed while this recording was inside Spotify's daily Top 200 for Malta, as aggregated by Kworb from Spotify chart data. Streams earned outside the chart are not included. Chart coverage on the source page: 2014-01-12 through 2020-07-02.","{""country_code"":""MT"",""country_name"":""Malta"",""chart_coverage_start"":""2014-01-12"",""chart_coverage_end"":""2020-07-02"",""days_on_chart"":21,""top10_days"":4,""peak_rank"":1,""peak_occurrences"":2,""peak_daily_streams"":22148,""metric_scope"":""country-specific Spotify daily Top 200 chart-attributed streams"",""country_rank"":389}"
390,Send My Love (To Your New Lover),Adele,[],,,,[],"[""und""]",,,,,,,spotify_country_chart_streams,162017.0,streams,162017,Spotify regional daily chart (Kworb aggregate),,,4BHzQ9C00ceJxfG16AlNWb,,,https://kworb.net/spotify/country/mt_weekly_totals.html,2026-10-02,"Exact aggregate of streams observed while this recording was inside Spotify's daily Top 200 for Malta, as aggregated by Kworb from Spotify chart data. Streams earned outside the chart are not included. Chart coverage on the source page: 2014-01-12 through 2020-07-02.","{""country_code"":""MT"",""country_name"":""Malta"",""chart_coverage_start"":""2014-01-12"",""chart_coverage_end"":""2020-07-02"",""days_on_chart"":43,""top10_days"":null,""peak_rank"":18,""peak_occurrences"":null,""peak_daily_streams"":8191,""metric_scope"":""country-specific Spotify daily Top 200 chart-attributed streams"",""country_rank"":390}"
391,Happier,Ed Sheeran,[],,,,[],"[""und""]",,,,,,,spotify_country_chart_streams,161955.0,streams,161955,Spotify regional daily chart (Kworb aggregate),,,2RttW7RAu5nOAfq6YFvApB,,,https://kworb.net/spotify/country/mt_weekly_totals.html,2026-10-02,"Exact aggregate of streams observed while this recording was inside Spotify's daily Top 200 for Malta, as aggregated by Kworb from Spotify chart data. Streams earned outside the chart are not included. Chart coverage on the source page: 2014-01-12 through 2020-07-02.","{""country_code"":""MT"",""country_name"":""Malta"",""chart_coverage_start"":""2014-01-12"",""chart_coverage_end"":""2020-07-02"",""days_on_chart"":52,""top10_days"":null,""peak_rank"":16,""peak_occurrences"":null,""peak_daily_streams"":12025,""metric_scope"":""country-specific Spotify daily Top 200 chart-attributed streams"",""country_rank"":391}"
392,goosebumps,Travis Scott,[],,,,[],"[""und""]",,,,,,,spotify_country_chart_streams,161558.0,streams,161558,Spotify regional daily chart (Kworb aggregate),,,6gBFPUFcJLzWGx4lenP6h2,,,https://kworb.net/spotify/country/mt_weekly_totals.html,2026-10-02,"Exact aggregate of streams observed while this recording was inside Spotify's daily Top 200 for Malta, as aggregated by Kworb from Spotify chart data. Streams earned outside the chart are not included. Chart coverage on the source page: 2014-01-12 through 2020-07-02.","{""country_code"":""MT"",""country_name"":""Malta"",""chart_coverage_start"":""2014-01-12"",""chart_coverage_end"":""2020-07-02"",""days_on_chart"":61,""top10_days"":null,""peak_rank"":14,""peak_occurrences"":null,""peak_daily_streams"":9003,""metric_scope"":""country-specific Spotify daily Top 200 chart-attributed streams"",""country_rank"":392}"
393,Hands To Myself,Selena Gomez,[],,,,[],"[""und""]",,,,,,,spotify_country_chart_streams,160610.0,streams,160610,Spotify regional daily chart (Kworb aggregate),,,3CJvmtWw2bJsudbAC5uCQk,,,https://kworb.net/spotify/country/mt_weekly_totals.html,2026-10-02,"Exact aggregate of streams observed while this recording was inside Spotify's daily Top 200 for Malta, as aggregated by Kworb from Spotify chart data. Streams earned outside the chart are not included. Chart coverage on the source page: 2014-01-12 through 2020-07-02.","{""country_code"":""MT"",""country_name"":""Malta"",""chart_coverage_start"":""2014-01-12"",""chart_coverage_end"":""2020-07-02"",""days_on_chart"":43,""top10_days"":4,""peak_rank"":3,""peak_occurrences"":1,""peak_daily_streams"":9421,""metric_scope"":""country-specific Spotify daily Top 200 chart-attributed streams"",""country_rank"":393}"
394,Hate Me,Ellie Goulding,[],,,,[],"[""und""]",,,,,,,spotify_country_chart_streams,160548.0,streams,160548,Spotify regional daily chart (Kworb aggregate),,,6kls8cSlUyHW2BUOkDJIZE,,,https://kworb.net/spotify/country/mt_weekly_totals.html,2026-10-02,"Exact aggregate of streams observed while this recording was inside Spotify's daily Top 200 for Malta, as aggregated by Kworb from Spotify chart data. Streams earned outside the chart are not included. Chart coverage on the source page: 2014-01-12 through 2020-07-02.","{""country_code"":""MT"",""country_name"":""Malta"",""chart_coverage_start"":""2014-01-12"",""chart_coverage_end"":""2020-07-02"",""days_on_chart"":45,""top10_days"":null,""peak_rank"":22,""peak_occurrences"":null,""peak_daily_streams"":7782,""metric_scope"":""country-specific Spotify daily Top 200 chart-attributed streams"",""country_rank"":394}"
395,For You (Fifty Shades Freed) (& Rita Ora),Liam Payne,[],,,,[],"[""und""]",,,,,,,spotify_country_chart_streams,159855.0,streams,159855,Spotify regional daily chart (Kworb aggregate),,,5hM6sP0Gh1jD57drszNueC,,,https://kworb.net/spotify/country/mt_weekly_totals.html,2026-10-02,"Exact aggregate of streams observed while this recording was inside Spotify's daily Top 200 for Malta, as aggregated by Kworb from Spotify chart data. Streams earned outside the chart are not included. Chart coverage on the source page: 2014-01-12 through 2020-07-02.","{""country_code"":""MT"",""country_name"":""Malta"",""chart_coverage_start"":""2014-01-12"",""chart_coverage_end"":""2020-07-02"",""days_on_chart"":28,""top10_days"":3,""peak_rank"":9,""peak_occurrences"":null,""peak_daily_streams"":11560,""metric_scope"":""country-specific Spotify daily Top 200 chart-attributed streams"",""country_rank"":395}"
396,Ruin My Life,Zara Larsson,[],,,,[],"[""und""]",,,,,,,spotify_country_chart_streams,159727.0,streams,159727,Spotify regional daily chart (Kworb aggregate),,,5tAa8Uaqr4VvA3693mbIhU,,,https://kworb.net/spotify/country/mt_weekly_totals.html,2026-10-02,"Exact aggregate of streams observed while this recording was inside Spotify's daily Top 200 for Malta, as aggregated by Kworb from Spotify chart data. Streams earned outside the chart are not included. Chart coverage on the source page: 2014-01-12 through 2020-07-02.","{""country_code"":""MT"",""country_name"":""Malta"",""chart_coverage_start"":""2014-01-12"",""chart_coverage_end"":""2020-07-02"",""days_on_chart"":34,""top10_days"":null,""peak_rank"":24,""peak_occurrences"":null,""peak_daily_streams"":9897,""metric_scope"":""country-specific Spotify daily Top 200 chart-attributed streams"",""country_rank"":396}"
397,Bubalu,Becky G,[],,,,[],"[""und""]",,,,,,,spotify_country_chart_streams,159623.0,streams,159623,Spotify regional daily chart (Kworb aggregate),,,7dNwJbsT0sg1le5kVugGJb,,,https://kworb.net/spotify/country/mt_weekly_totals.html,2026-10-02,"Exact aggregate of streams observed while this recording was inside Spotify's daily Top 200 for Malta, as aggregated by Kworb from Spotify chart data. Streams earned outside the chart are not included. Chart coverage on the source page: 2014-01-12 through 2020-07-02.","{""country_code"":""MT"",""country_name"":""Malta"",""chart_coverage_start"":""2014-01-12"",""chart_coverage_end"":""2020-07-02"",""days_on_chart"":23,""top10_days"":2,""peak_rank"":7,""peak_occurrences"":null,""peak_daily_streams"":15390,""metric_scope"":""country-specific Spotify daily Top 200 chart-attributed streams"",""country_rank"":397}"
398,Mo Bamba,Sheck Wes,[],,,,[],"[""und""]",,,,,,,spotify_country_chart_streams,159226.0,streams,159226,Spotify regional daily chart (Kworb aggregate),,,1xzBco0xcoJEDXktl7Jxrr,,,https://kworb.net/spotify/country/mt_weekly_totals.html,2026-10-02,"Exact aggregate of streams observed while this recording was inside Spotify's daily Top 200 for Malta, as aggregated by Kworb from Spotify chart data. Streams earned outside the chart are not included. Chart coverage on the source page: 2014-01-12 through 2020-07-02.","{""country_code"":""MT"",""country_name"":""Malta"",""chart_coverage_start"":""2014-01-12"",""chart_coverage_end"":""2020-07-02"",""days_on_chart"":32,""top10_days"":null,""peak_rank"":26,""peak_occurrences"":null,""peak_daily_streams"":7887,""metric_scope"":""country-specific Spotify daily Top 200 chart-attributed streams"",""country_rank"":398}"
399,Dancing On My Own,Calum Scott,[],,,,[],"[""und""]",,,,,,,spotify_country_chart_streams,158659.0,streams,158659,Spotify regional daily chart (Kworb aggregate),,,02WacdrRpm4zlP8H7X6bnQ,,,https://kworb.net/spotify/country/mt_weekly_totals.html,2026-10-02,"Exact aggregate of streams observed while this recording was inside Spotify's daily Top 200 for Malta, as aggregated by Kworb from Spotify chart data. Streams earned outside the chart are not included. Chart coverage on the source page: 2014-01-12 through 2020-07-02.","{""country_code"":""MT"",""country_name"":""Malta"",""chart_coverage_start"":""2014-01-12"",""chart_coverage_end"":""2020-07-02"",""days_on_chart"":67,""top10_days"":null,""peak_rank"":45,""peak_occurrences"":null,""peak_daily_streams"":4005,""metric_scope"":""country-specific Spotify daily Top 200 chart-attributed streams"",""country_rank"":399}"
400,Kill Em With Kindness,Selena Gomez,[],,,,[],"[""und""]",,,,,,,spotify_country_chart_streams,158385.0,streams,158385,Spotify regional daily chart (Kworb aggregate),,,7KxhSJOYiqCDclXDBNlFSZ,,,https://kworb.net/spotify/country/mt_weekly_totals.html,2026-10-02,"Exact aggregate of streams observed while this recording was inside Spotify's daily Top 200 for Malta, as aggregated by Kworb from Spotify chart data. Streams earned outside the chart are not included. Chart coverage on the source page: 2014-01-12 through 2020-07-02.","{""country_code"":""MT"",""country_name"":""Malta"",""chart_coverage_start"":""2014-01-12"",""chart_coverage_end"":""2020-07-02"",""days_on_chart"":38,""top10_days"":null,""peak_rank"":12,""peak_occurrences"":null,""peak_daily_streams"":9315,""metric_scope"":""country-specific Spotify daily Top 200 chart-attributed streams"",""country_rank"":400}"
401,Going Bad,Meek Mill,[],,,,[],"[""und""]",,,,,,,spotify_country_chart_streams,157192.0,streams,157192,Spotify regional daily chart (Kworb aggregate),,,2IRZnDFmlqMuOrYOLnZZyc,,,https://kworb.net/spotify/country/mt_weekly_totals.html,2026-10-02,"Exact aggregate of streams observed while this recording was inside Spotify's daily Top 200 for Malta, as aggregated by Kworb from Spotify chart data. Streams earned outside the chart are not included. Chart coverage on the source page: 2014-01-12 through 2020-07-02.","{""country_code"":""MT"",""country_name"":""Malta"",""chart_coverage_start"":""2014-01-12"",""chart_coverage_end"":""2020-07-02"",""days_on_chart"":33,""top10_days"":null,""peak_rank"":22,""peak_occurrences"":null,""peak_daily_streams"":7918,""metric_scope"":""country-specific Spotify daily Top 200 chart-attributed streams"",""country_rank"":401}"
402,Falling Down - Bonus Track,Lil Peep,[],,,,[],"[""und""]",,,,,,,spotify_country_chart_streams,156969.0,streams,156969,Spotify regional daily chart (Kworb aggregate),,,4jvjzW7Hm0yK4LvvE0Paz9,,,https://kworb.net/spotify/country/mt_weekly_totals.html,2026-10-02,"Exact aggregate of streams observed while this recording was inside Spotify's daily Top 200 for Malta, as aggregated by Kworb from Spotify chart data. Streams earned outside the chart are not included. Chart coverage on the source page: 2014-01-12 through 2020-07-02.","{""country_code"":""MT"",""country_name"":""Malta"",""chart_coverage_start"":""2014-01-12"",""chart_coverage_end"":""2020-07-02"",""days_on_chart"":21,""top10_days"":3,""peak_rank"":3,""peak_occurrences"":1,""peak_daily_streams"":18254,""metric_scope"":""country-specific Spotify daily Top 200 chart-attributed streams"",""country_rank"":402}"
403,All My Friends,Snakehips,[],,,,[],"[""und""]",,,,,,,spotify_country_chart_streams,156250.0,streams,156250,Spotify regional daily chart (Kworb aggregate),,,6TaqooOXAEcijL6G1AWS2K,,,https://kworb.net/spotify/country/mt_weekly_totals.html,2026-10-02,"Exact aggregate of streams observed while this recording was inside Spotify's daily Top 200 for Malta, as aggregated by Kworb from Spotify chart data. Streams earned outside the chart are not included. Chart coverage on the source page: 2014-01-12 through 2020-07-02.","{""country_code"":""MT"",""country_name"":""Malta"",""chart_coverage_start"":""2014-01-12"",""chart_coverage_end"":""2020-07-02"",""days_on_chart"":43,""top10_days"":null,""peak_rank"":24,""peak_occurrences"":null,""peak_daily_streams"":6254,""metric_scope"":""country-specific Spotify daily Top 200 chart-attributed streams"",""country_rank"":403}"
404,Asesina,Brytiago,[],,,,[],"[""und""]",,,,,,,spotify_country_chart_streams,156005.0,streams,156005,Spotify regional daily chart (Kworb aggregate),,,6rbhaJsE4uLzpPf8WYSHDK,,,https://kworb.net/spotify/country/mt_weekly_totals.html,2026-10-02,"Exact aggregate of streams observed while this recording was inside Spotify's daily Top 200 for Malta, as aggregated by Kworb from Spotify chart data. Streams earned outside the chart are not included. Chart coverage on the source page: 2014-01-12 through 2020-07-02.","{""country_code"":""MT"",""country_name"":""Malta"",""chart_coverage_start"":""2014-01-12"",""chart_coverage_end"":""2020-07-02"",""days_on_chart"":25,""top10_days"":null,""peak_rank"":28,""peak_occurrences"":null,""peak_daily_streams"":8015,""metric_scope"":""country-specific Spotify daily Top 200 chart-attributed streams"",""alternate_metrics"":[{""metric_name"":""spotify_country_chart_streams"",""metric_value"":11905.0,""metric_unit"":""streams"",""listen_count"":11905,""view_count"":null,""source_url"":""https://kworb.net/spotify/country/mt_weekly_totals.html"",""retrieved_at"":""2026-10-02""},{""metric_name"":""spotify_country_chart_streams"",""metric_value"":7399.0,""metric_unit"":""streams"",""listen_count"":7399,""view_count"":null,""source_url"":""https://kworb.net/spotify/country/mt_weekly_totals.html"",""retrieved_at"":""2026-10-02""}],""merged_sources"":[""https://kworb.net/spotify/country/mt_weekly_totals.html""],""country_rank"":404}"
405,MIDDLE CHILD,J. Cole,[],,,,[],"[""und""]",,,,,,,spotify_country_chart_streams,155986.0,streams,155986,Spotify regional daily chart (Kworb aggregate),,,2JvzF1RMd7lE3KmFlsyZD8,,,https://kworb.net/spotify/country/mt_weekly_totals.html,2026-10-02,"Exact aggregate of streams observed while this recording was inside Spotify's daily Top 200 for Malta, as aggregated by Kworb from Spotify chart data. Streams earned outside the chart are not included. Chart coverage on the source page: 2014-01-12 through 2020-07-02.","{""country_code"":""MT"",""country_name"":""Malta"",""chart_coverage_start"":""2014-01-12"",""chart_coverage_end"":""2020-07-02"",""days_on_chart"":31,""top10_days"":1,""peak_rank"":9,""peak_occurrences"":null,""peak_daily_streams"":14684,""metric_scope"":""country-specific Spotify daily Top 200 chart-attributed streams"",""country_rank"":405}"
406,Talk,Khalid,[],,,,[],"[""und""]",,,,,,,spotify_country_chart_streams,154760.0,streams,154760,Spotify regional daily chart (Kworb aggregate),,,6TqXcAFInzjp0bODyvrWEq,,,https://kworb.net/spotify/country/mt_weekly_totals.html,2026-10-02,"Exact aggregate of streams observed while this recording was inside Spotify's daily Top 200 for Malta, as aggregated by Kworb from Spotify chart data. Streams earned outside the chart are not included. Chart coverage on the source page: 2014-01-12 through 2020-07-02.","{""country_code"":""MT"",""country_name"":""Malta"",""chart_coverage_start"":""2014-01-12"",""chart_coverage_end"":""2020-07-02"",""days_on_chart"":34,""top10_days"":1,""peak_rank"":8,""peak_occurrences"":null,""peak_daily_streams"":9798,""metric_scope"":""country-specific Spotify daily Top 200 chart-attributed streams"",""alternate_metrics"":[{""metric_name"":""spotify_country_chart_streams"",""metric_value"":70456.0,""metric_unit"":""streams"",""listen_count"":70456,""view_count"":null,""source_url"":""https://kworb.net/spotify/country/mt_weekly_totals.html"",""retrieved_at"":""2026-10-02""}],""merged_sources"":[""https://kworb.net/spotify/country/mt_weekly_totals.html""],""country_rank"":406}"
407,Desconocidos,Mau y Ricky,[],,,,[],"[""und""]",,,,,,,spotify_country_chart_streams,154158.0,streams,154158,Spotify regional daily chart (Kworb aggregate),,,56f5qnyAlZdlz8wrUDA50h,,,https://kworb.net/spotify/country/mt_weekly_totals.html,2026-10-02,"Exact aggregate of streams observed while this recording was inside Spotify's daily Top 200 for Malta, as aggregated by Kworb from Spotify chart data. Streams earned outside the chart are not included. Chart coverage on the source page: 2014-01-12 through 2020-07-02.","{""country_code"":""MT"",""country_name"":""Malta"",""chart_coverage_start"":""2014-01-12"",""chart_coverage_end"":""2020-07-02"",""days_on_chart"":26,""top10_days"":null,""peak_rank"":25,""peak_occurrences"":null,""peak_daily_streams"":9216,""metric_scope"":""country-specific Spotify daily Top 200 chart-attributed streams"",""country_rank"":407}"
408,Old Town Road,Lil Nas X,[],,,,[],"[""und""]",,,,,,,spotify_country_chart_streams,154116.0,streams,154116,Spotify regional daily chart (Kworb aggregate),,,53CJANUxooaqGOtdsBTh7O,,,https://kworb.net/spotify/country/mt_weekly_totals.html,2026-10-02,"Exact aggregate of streams observed while this recording was inside Spotify's daily Top 200 for Malta, as aggregated by Kworb from Spotify chart data. Streams earned outside the chart are not included. Chart coverage on the source page: 2014-01-12 through 2020-07-02.","{""country_code"":""MT"",""country_name"":""Malta"",""chart_coverage_start"":""2014-01-12"",""chart_coverage_end"":""2020-07-02"",""days_on_chart"":27,""top10_days"":3,""peak_rank"":6,""peak_occurrences"":null,""peak_daily_streams"":11336,""metric_scope"":""country-specific Spotify daily Top 200 chart-attributed streams"",""alternate_metrics"":[{""metric_name"":""spotify_country_chart_streams"",""metric_value"":5307.0,""metric_unit"":""streams"",""listen_count"":5307,""view_count"":null,""source_url"":""https://kworb.net/spotify/country/mt_weekly_totals.html"",""retrieved_at"":""2026-10-02""}],""merged_sources"":[""https://kworb.net/spotify/country/mt_weekly_totals.html""],""country_rank"":408}"
409,How Far I'll Go,Alessia Cara,[],,,,[],"[""und""]",,,,,,,spotify_country_chart_streams,153714.0,streams,153714,Spotify regional daily chart (Kworb aggregate),,,5hYTyyh2odQKphUbMqc5gN,,,https://kworb.net/spotify/country/mt_weekly_totals.html,2026-10-02,"Exact aggregate of streams observed while this recording was inside Spotify's daily Top 200 for Malta, as aggregated by Kworb from Spotify chart data. Streams earned outside the chart are not included. Chart coverage on the source page: 2014-01-12 through 2020-07-02.","{""country_code"":""MT"",""country_name"":""Malta"",""chart_coverage_start"":""2014-01-12"",""chart_coverage_end"":""2020-07-02"",""days_on_chart"":27,""top10_days"":null,""peak_rank"":13,""peak_occurrences"":null,""peak_daily_streams"":9070,""metric_scope"":""country-specific Spotify daily Top 200 chart-attributed streams"",""country_rank"":409}"
410,The Night We Met,Lord Huron,[],,,,[],"[""und""]",,,,,,,spotify_country_chart_streams,152344.0,streams,152344,Spotify regional daily chart (Kworb aggregate),,,3hRV0jL3vUpRrcy398teAU,,,https://kworb.net/spotify/country/mt_weekly_totals.html,2026-10-02,"Exact aggregate of streams observed while this recording was inside Spotify's daily Top 200 for Malta, as aggregated by Kworb from Spotify chart data. Streams earned outside the chart are not included. Chart coverage on the source page: 2014-01-12 through 2020-07-02.","{""country_code"":""MT"",""country_name"":""Malta"",""chart_coverage_start"":""2014-01-12"",""chart_coverage_end"":""2020-07-02"",""days_on_chart"":55,""top10_days"":null,""peak_rank"":35,""peak_occurrences"":null,""peak_daily_streams"":7999,""metric_scope"":""country-specific Spotify daily Top 200 chart-attributed streams"",""alternate_metrics"":[{""metric_name"":""spotify_country_chart_streams"",""metric_value"":2589.0,""metric_unit"":""streams"",""listen_count"":2589,""view_count"":null,""source_url"":""https://kworb.net/spotify/country/mt_weekly_totals.html"",""retrieved_at"":""2026-10-02""}],""merged_sources"":[""https://kworb.net/spotify/country/mt_weekly_totals.html""],""country_rank"":410}"
411,Por Perro,Sebastian Yatra,[],,,,[],"[""und""]",,,,,,,spotify_country_chart_streams,152106.0,streams,152106,Spotify regional daily chart (Kworb aggregate),,,2alIsNw1mqEShbWyO1HXZZ,,,https://kworb.net/spotify/country/mt_weekly_totals.html,2026-10-02,"Exact aggregate of streams observed while this recording was inside Spotify's daily Top 200 for Malta, as aggregated by Kworb from Spotify chart data. Streams earned outside the chart are not included. Chart coverage on the source page: 2014-01-12 through 2020-07-02.","{""country_code"":""MT"",""country_name"":""Malta"",""chart_coverage_start"":""2014-01-12"",""chart_coverage_end"":""2020-07-02"",""days_on_chart"":31,""top10_days"":null,""peak_rank"":35,""peak_occurrences"":null,""peak_daily_streams"":7262,""metric_scope"":""country-specific Spotify daily Top 200 chart-attributed streams"",""country_rank"":411}"
412,Gucci Gang,Lil Pump,[],,,,[],"[""und""]",,,,,,,spotify_country_chart_streams,152089.0,streams,152089,Spotify regional daily chart (Kworb aggregate),,,43ZyHQITOjhciSUUNPVRHc,,,https://kworb.net/spotify/country/mt_weekly_totals.html,2026-10-02,"Exact aggregate of streams observed while this recording was inside Spotify's daily Top 200 for Malta, as aggregated by Kworb from Spotify chart data. Streams earned outside the chart are not included. Chart coverage on the source page: 2014-01-12 through 2020-07-02.","{""country_code"":""MT"",""country_name"":""Malta"",""chart_coverage_start"":""2014-01-12"",""chart_coverage_end"":""2020-07-02"",""days_on_chart"":26,""top10_days"":1,""peak_rank"":9,""peak_occurrences"":null,""peak_daily_streams"":11996,""metric_scope"":""country-specific Spotify daily Top 200 chart-attributed streams"",""country_rank"":412}"
413,Ayy Macarena,Tyga,[],,,,[],"[""und""]",,,,,,,spotify_country_chart_streams,151697.0,streams,151697,Spotify regional daily chart (Kworb aggregate),,,6LcauUZjF1eXQrgqMUecHX,,,https://kworb.net/spotify/country/mt_weekly_totals.html,2026-10-02,"Exact aggregate of streams observed while this recording was inside Spotify's daily Top 200 for Malta, as aggregated by Kworb from Spotify chart data. Streams earned outside the chart are not included. Chart coverage on the source page: 2014-01-12 through 2020-07-02.","{""country_code"":""MT"",""country_name"":""Malta"",""chart_coverage_start"":""2014-01-12"",""chart_coverage_end"":""2020-07-02"",""days_on_chart"":31,""top10_days"":null,""peak_rank"":15,""peak_occurrences"":null,""peak_daily_streams"":10315,""metric_scope"":""country-specific Spotify daily Top 200 chart-attributed streams"",""country_rank"":413}"
414,All Time Low,Jon Bellion,[],,,,[],"[""und""]",,,,,,,spotify_country_chart_streams,151571.0,streams,151571,Spotify regional daily chart (Kworb aggregate),,,0SuLAslEMFZAXf0SwY7syi,,,https://kworb.net/spotify/country/mt_weekly_totals.html,2026-10-02,"Exact aggregate of streams observed while this recording was inside Spotify's daily Top 200 for Malta, as aggregated by Kworb from Spotify chart data. Streams earned outside the chart are not included. Chart coverage on the source page: 2014-01-12 through 2020-07-02.","{""country_code"":""MT"",""country_name"":""Malta"",""chart_coverage_start"":""2014-01-12"",""chart_coverage_end"":""2020-07-02"",""days_on_chart"":26,""top10_days"":null,""peak_rank"":11,""peak_occurrences"":null,""peak_daily_streams"":10601,""metric_scope"":""country-specific Spotify daily Top 200 chart-attributed streams"",""country_rank"":414}"
415,Good For You,Selena Gomez,[],,,,[],"[""und""]",,,,,,,spotify_country_chart_streams,151326.0,streams,151326,Spotify regional daily chart (Kworb aggregate),,,6kBp8w67thoYqTUOQVSGFg,,,https://kworb.net/spotify/country/mt_weekly_totals.html,2026-10-02,"Exact aggregate of streams observed while this recording was inside Spotify's daily Top 200 for Malta, as aggregated by Kworb from Spotify chart data. Streams earned outside the chart are not included. Chart coverage on the source page: 2014-01-12 through 2020-07-02.","{""country_code"":""MT"",""country_name"":""Malta"",""chart_coverage_start"":""2014-01-12"",""chart_coverage_end"":""2020-07-02"",""days_on_chart"":47,""top10_days"":11,""peak_rank"":4,""peak_occurrences"":null,""peak_daily_streams"":7446,""metric_scope"":""country-specific Spotify daily Top 200 chart-attributed streams"",""country_rank"":415}"
416,Bodak Yellow,Cardi B,[],,,,[],"[""und""]",,,,,,,spotify_country_chart_streams,150578.0,streams,150578,Spotify regional daily chart (Kworb aggregate),,,2771LMNxwf62FTAdpJMQfM,,,https://kworb.net/spotify/country/mt_weekly_totals.html,2026-10-02,"Exact aggregate of streams observed while this recording was inside Spotify's daily Top 200 for Malta, as aggregated by Kworb from Spotify chart data. Streams earned outside the chart are not included. Chart coverage on the source page: 2014-01-12 through 2020-07-02.","{""country_code"":""MT"",""country_name"":""Malta"",""chart_coverage_start"":""2014-01-12"",""chart_coverage_end"":""2020-07-02"",""days_on_chart"":38,""top10_days"":null,""peak_rank"":25,""peak_occurrences"":null,""peak_daily_streams"":7201,""metric_scope"":""country-specific Spotify daily Top 200 chart-attributed streams"",""country_rank"":416}"
417,breathin,Ariana Grande,[],,,,[],"[""und""]",,,,,,,spotify_country_chart_streams,150520.0,streams,150520,Spotify regional daily chart (Kworb aggregate),,,4OafepJy2teCjYJbvFE60J,,,https://kworb.net/spotify/country/mt_weekly_totals.html,2026-10-02,"Exact aggregate of streams observed while this recording was inside Spotify's daily Top 200 for Malta, as aggregated by Kworb from Spotify chart data. Streams earned outside the chart are not included. Chart coverage on the source page: 2014-01-12 through 2020-07-02.","{""country_code"":""MT"",""country_name"":""Malta"",""chart_coverage_start"":""2014-01-12"",""chart_coverage_end"":""2020-07-02"",""days_on_chart"":24,""top10_days"":2,""peak_rank"":2,""peak_occurrences"":1,""peak_daily_streams"":16518,""metric_scope"":""country-specific Spotify daily Top 200 chart-attributed streams"",""country_rank"":417}"
418,Love Me Like You Do,Ellie Goulding,[],,,,[],"[""und""]",,,,,,,spotify_country_chart_streams,149506.0,streams,149506,Spotify regional daily chart (Kworb aggregate),,,7y2YUIyCuVhBidENVT0068,,,https://kworb.net/spotify/country/mt_weekly_totals.html,2026-10-02,"Exact aggregate of streams observed while this recording was inside Spotify's daily Top 200 for Malta, as aggregated by Kworb from Spotify chart data. Streams earned outside the chart are not included. Chart coverage on the source page: 2014-01-12 through 2020-07-02.","{""country_code"":""MT"",""country_name"":""Malta"",""chart_coverage_start"":""2014-01-12"",""chart_coverage_end"":""2020-07-02"",""days_on_chart"":58,""top10_days"":10,""peak_rank"":1,""peak_occurrences"":5,""peak_daily_streams"":11862,""metric_scope"":""country-specific Spotify daily Top 200 chart-attributed streams"",""country_rank"":418}"
419,Chantaje,Shakira,[],,,,[],"[""und""]",,,,,,,spotify_country_chart_streams,149010.0,streams,149010,Spotify regional daily chart (Kworb aggregate),,,1WniHvhq9zTkny0WvGXX8o,,,https://kworb.net/spotify/country/mt_weekly_totals.html,2026-10-02,"Exact aggregate of streams observed while this recording was inside Spotify's daily Top 200 for Malta, as aggregated by Kworb from Spotify chart data. Streams earned outside the chart are not included. Chart coverage on the source page: 2014-01-12 through 2020-07-02.","{""country_code"":""MT"",""country_name"":""Malta"",""chart_coverage_start"":""2014-01-12"",""chart_coverage_end"":""2020-07-02"",""days_on_chart"":42,""top10_days"":null,""peak_rank"":25,""peak_occurrences"":null,""peak_daily_streams"":6528,""metric_scope"":""country-specific Spotify daily Top 200 chart-attributed streams"",""country_rank"":419}"
420,Waiting For Love,Avicii,[],,,,[],"[""und""]",,,,,,,spotify_country_chart_streams,148931.0,streams,148931,Spotify regional daily chart (Kworb aggregate),,,6nsLzJfvp5OLd4mgqUJkpq,,,https://kworb.net/spotify/country/mt_weekly_totals.html,2026-10-02,"Exact aggregate of streams observed while this recording was inside Spotify's daily Top 200 for Malta, as aggregated by Kworb from Spotify chart data. Streams earned outside the chart are not included. Chart coverage on the source page: 2014-01-12 through 2020-07-02.","{""country_code"":""MT"",""country_name"":""Malta"",""chart_coverage_start"":""2014-01-12"",""chart_coverage_end"":""2020-07-02"",""days_on_chart"":46,""top10_days"":9,""peak_rank"":1,""peak_occurrences"":1,""peak_daily_streams"":10673,""metric_scope"":""country-specific Spotify daily Top 200 chart-attributed streams"",""country_rank"":420}"
421,Now Or Never,Halsey,[],,,,[],"[""und""]",,,,,,,spotify_country_chart_streams,148798.0,streams,148798,Spotify regional daily chart (Kworb aggregate),,,7i2DJ88J7jQ8K7zqFX2fW8,,,https://kworb.net/spotify/country/mt_weekly_totals.html,2026-10-02,"Exact aggregate of streams observed while this recording was inside Spotify's daily Top 200 for Malta, as aggregated by Kworb from Spotify chart data. Streams earned outside the chart are not included. Chart coverage on the source page: 2014-01-12 through 2020-07-02.","{""country_code"":""MT"",""country_name"":""Malta"",""chart_coverage_start"":""2014-01-12"",""chart_coverage_end"":""2020-07-02"",""days_on_chart"":32,""top10_days"":null,""peak_rank"":29,""peak_occurrences"":null,""peak_daily_streams"":8547,""metric_scope"":""country-specific Spotify daily Top 200 chart-attributed streams"",""country_rank"":421}"
422,I Got You,Bebe Rexha,[],,,,[],"[""und""]",,,,,,,spotify_country_chart_streams,148299.0,streams,148299,Spotify regional daily chart (Kworb aggregate),,,1FUViuNSldssMIawrOXF2i,,,https://kworb.net/spotify/country/mt_weekly_totals.html,2026-10-02,"Exact aggregate of streams observed while this recording was inside Spotify's daily Top 200 for Malta, as aggregated by Kworb from Spotify chart data. Streams earned outside the chart are not included. Chart coverage on the source page: 2014-01-12 through 2020-07-02.","{""country_code"":""MT"",""country_name"":""Malta"",""chart_coverage_start"":""2014-01-12"",""chart_coverage_end"":""2020-07-02"",""days_on_chart"":41,""top10_days"":null,""peak_rank"":33,""peak_occurrences"":null,""peak_daily_streams"":7472,""metric_scope"":""country-specific Spotify daily Top 200 chart-attributed streams"",""country_rank"":422}"
423,Pray For Me,The Weeknd,[],,,,[],"[""und""]",,,,,,,spotify_country_chart_streams,148227.0,streams,148227,Spotify regional daily chart (Kworb aggregate),,,4ofvoCdXq99vpMZO4Cfp8x,,,https://kworb.net/spotify/country/mt_weekly_totals.html,2026-10-02,"Exact aggregate of streams observed while this recording was inside Spotify's daily Top 200 for Malta, as aggregated by Kworb from Spotify chart data. Streams earned outside the chart are not included. Chart coverage on the source page: 2014-01-12 through 2020-07-02.","{""country_code"":""MT"",""country_name"":""Malta"",""chart_coverage_start"":""2014-01-12"",""chart_coverage_end"":""2020-07-02"",""days_on_chart"":20,""top10_days"":7,""peak_rank"":3,""peak_occurrences"":1,""peak_daily_streams"":13292,""metric_scope"":""country-specific Spotify daily Top 200 chart-attributed streams"",""country_rank"":423}"
424,Every Breath You Take,The Police,[],,,,[],"[""und""]",,,,,,,spotify_country_chart_streams,148138.0,streams,148138,Spotify regional daily chart (Kworb aggregate),,,1JSTJqkT5qHq8MDJnJbRE1,,,https://kworb.net/spotify/country/mt_weekly_totals.html,2026-10-02,"Exact aggregate of streams observed while this recording was inside Spotify's daily Top 200 for Malta, as aggregated by Kworb from Spotify chart data. Streams earned outside the chart are not included. Chart coverage on the source page: 2014-01-12 through 2020-07-02.","{""country_code"":""MT"",""country_name"":""Malta"",""chart_coverage_start"":""2014-01-12"",""chart_coverage_end"":""2020-07-02"",""days_on_chart"":58,""top10_days"":null,""peak_rank"":101,""peak_occurrences"":null,""peak_daily_streams"":2905,""metric_scope"":""country-specific Spotify daily Top 200 chart-attributed streams"",""country_rank"":424}"
425,Malibu,Miley Cyrus,[],,,,[],"[""und""]",,,,,,,spotify_country_chart_streams,147799.0,streams,147799,Spotify regional daily chart (Kworb aggregate),,,2habSXqcJGExM6JJyskY7O,,,https://kworb.net/spotify/country/mt_weekly_totals.html,2026-10-02,"Exact aggregate of streams observed while this recording was inside Spotify's daily Top 200 for Malta, as aggregated by Kworb from Spotify chart data. Streams earned outside the chart are not included. Chart coverage on the source page: 2014-01-12 through 2020-07-02.","{""country_code"":""MT"",""country_name"":""Malta"",""chart_coverage_start"":""2014-01-12"",""chart_coverage_end"":""2020-07-02"",""days_on_chart"":31,""top10_days"":2,""peak_rank"":5,""peak_occurrences"":null,""peak_daily_streams"":15859,""metric_scope"":""country-specific Spotify daily Top 200 chart-attributed streams"",""country_rank"":425}"
426,Wake Up in the Sky,Gucci Mane,[],,,,[],"[""und""]",,,,,,,spotify_country_chart_streams,147535.0,streams,147535,Spotify regional daily chart (Kworb aggregate),,,2G1tXoGBaEMJ7FKGnkf6ud,,,https://kworb.net/spotify/country/mt_weekly_totals.html,2026-10-02,"Exact aggregate of streams observed while this recording was inside Spotify's daily Top 200 for Malta, as aggregated by Kworb from Spotify chart data. Streams earned outside the chart are not included. Chart coverage on the source page: 2014-01-12 through 2020-07-02.","{""country_code"":""MT"",""country_name"":""Malta"",""chart_coverage_start"":""2014-01-12"",""chart_coverage_end"":""2020-07-02"",""days_on_chart"":32,""top10_days"":null,""peak_rank"":27,""peak_occurrences"":null,""peak_daily_streams"":8561,""metric_scope"":""country-specific Spotify daily Top 200 chart-attributed streams"",""country_rank"":426}"
427,No Te Enamores,Paloma Mami,[],,,,[],"[""und""]",,,,,,,spotify_country_chart_streams,147194.0,streams,147194,Spotify regional daily chart (Kworb aggregate),,,0EJu1RBtxzldMG2peczuPv,,,https://kworb.net/spotify/country/mt_weekly_totals.html,2026-10-02,"Exact aggregate of streams observed while this recording was inside Spotify's daily Top 200 for Malta, as aggregated by Kworb from Spotify chart data. Streams earned outside the chart are not included. Chart coverage on the source page: 2014-01-12 through 2020-07-02.","{""country_code"":""MT"",""country_name"":""Malta"",""chart_coverage_start"":""2014-01-12"",""chart_coverage_end"":""2020-07-02"",""days_on_chart"":17,""top10_days"":2,""peak_rank"":4,""peak_occurrences"":null,""peak_daily_streams"":17447,""metric_scope"":""country-specific Spotify daily Top 200 chart-attributed streams"",""country_rank"":427}"
428,It's the Most Wonderful Time of the Year,Andy Williams,[],,,,[],"[""und""]",,,,,,,spotify_country_chart_streams,146689.0,streams,146689,Spotify regional daily chart (Kworb aggregate),,,1IcR6RlgvDczfvoWJSSY2A,,,https://kworb.net/spotify/country/mt_weekly_totals.html,2026-10-02,"Exact aggregate of streams observed while this recording was inside Spotify's daily Top 200 for Malta, as aggregated by Kworb from Spotify chart data. Streams earned outside the chart are not included. Chart coverage on the source page: 2014-01-12 through 2020-07-02.","{""country_code"":""MT"",""country_name"":""Malta"",""chart_coverage_start"":""2014-01-12"",""chart_coverage_end"":""2020-07-02"",""days_on_chart"":25,""top10_days"":2,""peak_rank"":6,""peak_occurrences"":null,""peak_daily_streams"":16217,""metric_scope"":""country-specific Spotify daily Top 200 chart-attributed streams"",""country_rank"":428}"
429,Mad Love,Mabel,[],,,,[],"[""und""]",,,,,,,spotify_country_chart_streams,146621.0,streams,146621,Spotify regional daily chart (Kworb aggregate),,,79JBjIq90BrQ8Ws0pUhlzD,,,https://kworb.net/spotify/country/mt_weekly_totals.html,2026-10-02,"Exact aggregate of streams observed while this recording was inside Spotify's daily Top 200 for Malta, as aggregated by Kworb from Spotify chart data. Streams earned outside the chart are not included. Chart coverage on the source page: 2014-01-12 through 2020-07-02.","{""country_code"":""MT"",""country_name"":""Malta"",""chart_coverage_start"":""2014-01-12"",""chart_coverage_end"":""2020-07-02"",""days_on_chart"":35,""top10_days"":null,""peak_rank"":17,""peak_occurrences"":null,""peak_daily_streams"":8573,""metric_scope"":""country-specific Spotify daily Top 200 chart-attributed streams"",""country_rank"":429}"
430,Reggaetón Lento (Remix),CNCO,[],,,,[],"[""und""]",,,,,,,spotify_country_chart_streams,146492.0,streams,146492,Spotify regional daily chart (Kworb aggregate),,,3zoYkqS4y2BsGVShPL2nTE,,,https://kworb.net/spotify/country/mt_weekly_totals.html,2026-10-02,"Exact aggregate of streams observed while this recording was inside Spotify's daily Top 200 for Malta, as aggregated by Kworb from Spotify chart data. Streams earned outside the chart are not included. Chart coverage on the source page: 2014-01-12 through 2020-07-02.","{""country_code"":""MT"",""country_name"":""Malta"",""chart_coverage_start"":""2014-01-12"",""chart_coverage_end"":""2020-07-02"",""days_on_chart"":31,""top10_days"":null,""peak_rank"":20,""peak_occurrences"":null,""peak_daily_streams"":8325,""metric_scope"":""country-specific Spotify daily Top 200 chart-attributed streams"",""country_rank"":430}"
431,Love Myself,Hailee Steinfeld,[],,,,[],"[""und""]",,,,,,,spotify_country_chart_streams,146456.0,streams,146456,Spotify regional daily chart (Kworb aggregate),,,52izjvF7wwveRG1rDJsGWe,,,https://kworb.net/spotify/country/mt_weekly_totals.html,2026-10-02,"Exact aggregate of streams observed while this recording was inside Spotify's daily Top 200 for Malta, as aggregated by Kworb from Spotify chart data. Streams earned outside the chart are not included. Chart coverage on the source page: 2014-01-12 through 2020-07-02.","{""country_code"":""MT"",""country_name"":""Malta"",""chart_coverage_start"":""2014-01-12"",""chart_coverage_end"":""2020-07-02"",""days_on_chart"":50,""top10_days"":null,""peak_rank"":11,""peak_occurrences"":null,""peak_daily_streams"":5764,""metric_scope"":""country-specific Spotify daily Top 200 chart-attributed streams"",""country_rank"":431}"
432,Close,Nick Jonas,[],,,,[],"[""und""]",,,,,,,spotify_country_chart_streams,146335.0,streams,146335,Spotify regional daily chart (Kworb aggregate),,,4Zpe9VME8DiFjLdqSqPRoZ,,,https://kworb.net/spotify/country/mt_weekly_totals.html,2026-10-02,"Exact aggregate of streams observed while this recording was inside Spotify's daily Top 200 for Malta, as aggregated by Kworb from Spotify chart data. Streams earned outside the chart are not included. Chart coverage on the source page: 2014-01-12 through 2020-07-02.","{""country_code"":""MT"",""country_name"":""Malta"",""chart_coverage_start"":""2014-01-12"",""chart_coverage_end"":""2020-07-02"",""days_on_chart"":29,""top10_days"":1,""peak_rank"":10,""peak_occurrences"":null,""peak_daily_streams"":8701,""metric_scope"":""country-specific Spotify daily Top 200 chart-attributed streams"",""country_rank"":432}"
433,Wherever I Go,OneRepublic,[],,,,[],"[""und""]",,,,,,,spotify_country_chart_streams,146305.0,streams,146305,Spotify regional daily chart (Kworb aggregate),,,7kUtJKGZzLNgIkq1Galkt0,,,https://kworb.net/spotify/country/mt_weekly_totals.html,2026-10-02,"Exact aggregate of streams observed while this recording was inside Spotify's daily Top 200 for Malta, as aggregated by Kworb from Spotify chart data. Streams earned outside the chart are not included. Chart coverage on the source page: 2014-01-12 through 2020-07-02.","{""country_code"":""MT"",""country_name"":""Malta"",""chart_coverage_start"":""2014-01-12"",""chart_coverage_end"":""2020-07-02"",""days_on_chart"":37,""top10_days"":null,""peak_rank"":27,""peak_occurrences"":null,""peak_daily_streams"":7557,""metric_scope"":""country-specific Spotify daily Top 200 chart-attributed streams"",""country_rank"":433}"
434,Yummy,Justin Bieber,[],,,,[],"[""und""]",,,,,,,spotify_country_chart_streams,145596.0,streams,145596,Spotify regional daily chart (Kworb aggregate),,,16wAOAZ2OkqoIDN7TpChjR,,,https://kworb.net/spotify/country/mt_weekly_totals.html,2026-10-02,"Exact aggregate of streams observed while this recording was inside Spotify's daily Top 200 for Malta, as aggregated by Kworb from Spotify chart data. Streams earned outside the chart are not included. Chart coverage on the source page: 2014-01-12 through 2020-07-02.","{""country_code"":""MT"",""country_name"":""Malta"",""chart_coverage_start"":""2014-01-12"",""chart_coverage_end"":""2020-07-02"",""days_on_chart"":22,""top10_days"":2,""peak_rank"":9,""peak_occurrences"":null,""peak_daily_streams"":13925,""metric_scope"":""country-specific Spotify daily Top 200 chart-attributed streams"",""country_rank"":434}"
435,Sugar,Maroon 5,[],,,,[],"[""und""]",,,,,,,spotify_country_chart_streams,145416.0,streams,145416,Spotify regional daily chart (Kworb aggregate),,,5eWgDlp3k6Tb5RD8690s6I,,,https://kworb.net/spotify/country/mt_weekly_totals.html,2026-10-02,"Exact aggregate of streams observed while this recording was inside Spotify's daily Top 200 for Malta, as aggregated by Kworb from Spotify chart data. Streams earned outside the chart are not included. Chart coverage on the source page: 2014-01-12 through 2020-07-02.","{""country_code"":""MT"",""country_name"":""Malta"",""chart_coverage_start"":""2014-01-12"",""chart_coverage_end"":""2020-07-02"",""days_on_chart"":64,""top10_days"":7,""peak_rank"":2,""peak_occurrences"":3,""peak_daily_streams"":7934,""metric_scope"":""country-specific Spotify daily Top 200 chart-attributed streams"",""country_rank"":435}"
436,YOUTH,Troye Sivan,[],,,,[],"[""und""]",,,,,,,spotify_country_chart_streams,145251.0,streams,145251,Spotify regional daily chart (Kworb aggregate),,,1cOyWWUr3oXJIxY0AjJEx9,,,https://kworb.net/spotify/country/mt_weekly_totals.html,2026-10-02,"Exact aggregate of streams observed while this recording was inside Spotify's daily Top 200 for Malta, as aggregated by Kworb from Spotify chart data. Streams earned outside the chart are not included. Chart coverage on the source page: 2014-01-12 through 2020-07-02.","{""country_code"":""MT"",""country_name"":""Malta"",""chart_coverage_start"":""2014-01-12"",""chart_coverage_end"":""2020-07-02"",""days_on_chart"":41,""top10_days"":null,""peak_rank"":18,""peak_occurrences"":null,""peak_daily_streams"":7363,""metric_scope"":""country-specific Spotify daily Top 200 chart-attributed streams"",""country_rank"":436}"
437,In Your Eyes,The Weeknd,[],,,,[],"[""und""]",,,,,,,spotify_country_chart_streams,145075.0,streams,145075,Spotify regional daily chart (Kworb aggregate),,,7szuecWAPwGoV1e5vGu8tl,,,https://kworb.net/spotify/country/mt_weekly_totals.html,2026-10-02,"Exact aggregate of streams observed while this recording was inside Spotify's daily Top 200 for Malta, as aggregated by Kworb from Spotify chart data. Streams earned outside the chart are not included. Chart coverage on the source page: 2014-01-12 through 2020-07-02.","{""country_code"":""MT"",""country_name"":""Malta"",""chart_coverage_start"":""2014-01-12"",""chart_coverage_end"":""2020-07-02"",""days_on_chart"":15,""top10_days"":4,""peak_rank"":3,""peak_occurrences"":1,""peak_daily_streams"":19416,""metric_scope"":""country-specific Spotify daily Top 200 chart-attributed streams"",""alternate_metrics"":[{""metric_name"":""spotify_country_chart_streams"",""metric_value"":5525.0,""metric_unit"":""streams"",""listen_count"":5525,""view_count"":null,""source_url"":""https://kworb.net/spotify/country/mt_weekly_totals.html"",""retrieved_at"":""2026-10-02""}],""merged_sources"":[""https://kworb.net/spotify/country/mt_weekly_totals.html""],""country_rank"":437}"
438,Sigue Bailandome,Yannc,[],,,,[],"[""und""]",,,,,,,spotify_country_chart_streams,144511.0,streams,144511,Spotify regional daily chart (Kworb aggregate),,,0GmiGIxXDNrePrHBpijYDp,,,https://kworb.net/spotify/country/mt_weekly_totals.html,2026-10-02,"Exact aggregate of streams observed while this recording was inside Spotify's daily Top 200 for Malta, as aggregated by Kworb from Spotify chart data. Streams earned outside the chart are not included. Chart coverage on the source page: 2014-01-12 through 2020-07-02.","{""country_code"":""MT"",""country_name"":""Malta"",""chart_coverage_start"":""2014-01-12"",""chart_coverage_end"":""2020-07-02"",""days_on_chart"":25,""top10_days"":null,""peak_rank"":21,""peak_occurrences"":null,""peak_daily_streams"":9688,""metric_scope"":""country-specific Spotify daily Top 200 chart-attributed streams"",""country_rank"":438}"
439,On My Mind,Ellie Goulding,[],,,,[],"[""und""]",,,,,,,spotify_country_chart_streams,144437.0,streams,144437,Spotify regional daily chart (Kworb aggregate),,,5a7NdkF09AfD0H607eiOkX,,,https://kworb.net/spotify/country/mt_weekly_totals.html,2026-10-02,"Exact aggregate of streams observed while this recording was inside Spotify's daily Top 200 for Malta, as aggregated by Kworb from Spotify chart data. Streams earned outside the chart are not included. Chart coverage on the source page: 2014-01-12 through 2020-07-02.","{""country_code"":""MT"",""country_name"":""Malta"",""chart_coverage_start"":""2014-01-12"",""chart_coverage_end"":""2020-07-02"",""days_on_chart"":35,""top10_days"":13,""peak_rank"":5,""peak_occurrences"":null,""peak_daily_streams"":7855,""metric_scope"":""country-specific Spotify daily Top 200 chart-attributed streams"",""country_rank"":439}"
440,Like I Do,David Guetta,[],,,,[],"[""und""]",,,,,,,spotify_country_chart_streams,144296.0,streams,144296,Spotify regional daily chart (Kworb aggregate),,,6RnkFd8Fqqgk1Uni8RgqCQ,,,https://kworb.net/spotify/country/mt_weekly_totals.html,2026-10-02,"Exact aggregate of streams observed while this recording was inside Spotify's daily Top 200 for Malta, as aggregated by Kworb from Spotify chart data. Streams earned outside the chart are not included. Chart coverage on the source page: 2014-01-12 through 2020-07-02.","{""country_code"":""MT"",""country_name"":""Malta"",""chart_coverage_start"":""2014-01-12"",""chart_coverage_end"":""2020-07-02"",""days_on_chart"":27,""top10_days"":null,""peak_rank"":20,""peak_occurrences"":null,""peak_daily_streams"":9429,""metric_scope"":""country-specific Spotify daily Top 200 chart-attributed streams"",""country_rank"":440}"
441,Bank Account,21 Savage,[],,,,[],"[""und""]",,,,,,,spotify_country_chart_streams,144190.0,streams,144190,Spotify regional daily chart (Kworb aggregate),,,2fQrGHiQOvpL9UgPvtYy6G,,,https://kworb.net/spotify/country/mt_weekly_totals.html,2026-10-02,"Exact aggregate of streams observed while this recording was inside Spotify's daily Top 200 for Malta, as aggregated by Kworb from Spotify chart data. Streams earned outside the chart are not included. Chart coverage on the source page: 2014-01-12 through 2020-07-02.","{""country_code"":""MT"",""country_name"":""Malta"",""chart_coverage_start"":""2014-01-12"",""chart_coverage_end"":""2020-07-02"",""days_on_chart"":37,""top10_days"":null,""peak_rank"":39,""peak_occurrences"":null,""peak_daily_streams"":5902,""metric_scope"":""country-specific Spotify daily Top 200 chart-attributed streams"",""country_rank"":441}"
442,ME!,Taylor Swift,[],,,,[],"[""und""]",,,,,,,spotify_country_chart_streams,144090.0,streams,144090,Spotify regional daily chart (Kworb aggregate),,,4MsUsFfWseB9M2plGJyuIw,,,https://kworb.net/spotify/country/mt_weekly_totals.html,2026-10-02,"Exact aggregate of streams observed while this recording was inside Spotify's daily Top 200 for Malta, as aggregated by Kworb from Spotify chart data. Streams earned outside the chart are not included. Chart coverage on the source page: 2014-01-12 through 2020-07-02.","{""country_code"":""MT"",""country_name"":""Malta"",""chart_coverage_start"":""2014-01-12"",""chart_coverage_end"":""2020-07-02"",""days_on_chart"":41,""top10_days"":null,""peak_rank"":18,""peak_occurrences"":null,""peak_daily_streams"":7842,""metric_scope"":""country-specific Spotify daily Top 200 chart-attributed streams"",""alternate_metrics"":[{""metric_name"":""spotify_country_chart_streams"",""metric_value"":32663.0,""metric_unit"":""streams"",""listen_count"":32663,""view_count"":null,""source_url"":""https://kworb.net/spotify/country/mt_weekly_totals.html"",""retrieved_at"":""2026-10-02""}],""merged_sources"":[""https://kworb.net/spotify/country/mt_weekly_totals.html""],""country_rank"":442}"
443,Let It Go,James Bay,[],,,,[],"[""und""]",,,,,,,spotify_country_chart_streams,143989.0,streams,143989,Spotify regional daily chart (Kworb aggregate),,,13HVjjWUZFaWilh2QUJKsP,,,https://kworb.net/spotify/country/mt_weekly_totals.html,2026-10-02,"Exact aggregate of streams observed while this recording was inside Spotify's daily Top 200 for Malta, as aggregated by Kworb from Spotify chart data. Streams earned outside the chart are not included. Chart coverage on the source page: 2014-01-12 through 2020-07-02.","{""country_code"":""MT"",""country_name"":""Malta"",""chart_coverage_start"":""2014-01-12"",""chart_coverage_end"":""2020-07-02"",""days_on_chart"":82,""top10_days"":null,""peak_rank"":63,""peak_occurrences"":null,""peak_daily_streams"":2458,""metric_scope"":""country-specific Spotify daily Top 200 chart-attributed streams"",""country_rank"":443}"
444,Imposible,Luis Fonsi,[],,,,[],"[""und""]",,,,,,,spotify_country_chart_streams,143921.0,streams,143921,Spotify regional daily chart (Kworb aggregate),,,3ao3OVxHlb3C08vAaApUlm,,,https://kworb.net/spotify/country/mt_weekly_totals.html,2026-10-02,"Exact aggregate of streams observed while this recording was inside Spotify's daily Top 200 for Malta, as aggregated by Kworb from Spotify chart data. Streams earned outside the chart are not included. Chart coverage on the source page: 2014-01-12 through 2020-07-02.","{""country_code"":""MT"",""country_name"":""Malta"",""chart_coverage_start"":""2014-01-12"",""chart_coverage_end"":""2020-07-02"",""days_on_chart"":22,""top10_days"":null,""peak_rank"":19,""peak_occurrences"":null,""peak_daily_streams"":10985,""metric_scope"":""country-specific Spotify daily Top 200 chart-attributed streams"",""country_rank"":444}"
445,No Guidance,Chris Brown,[],,,,[],"[""und""]",,,,,,,spotify_country_chart_streams,143888.0,streams,143888,Spotify regional daily chart (Kworb aggregate),,,6XHVuErjQ4XNm6nDPVCxVX,,,https://kworb.net/spotify/country/mt_weekly_totals.html,2026-10-02,"Exact aggregate of streams observed while this recording was inside Spotify's daily Top 200 for Malta, as aggregated by Kworb from Spotify chart data. Streams earned outside the chart are not included. Chart coverage on the source page: 2014-01-12 through 2020-07-02.","{""country_code"":""MT"",""country_name"":""Malta"",""chart_coverage_start"":""2014-01-12"",""chart_coverage_end"":""2020-07-02"",""days_on_chart"":32,""top10_days"":null,""peak_rank"":13,""peak_occurrences"":null,""peak_daily_streams"":8368,""metric_scope"":""country-specific Spotify daily Top 200 chart-attributed streams"",""country_rank"":445}"
446,Fire On Fire,Sam Smith,[],,,,[],"[""und""]",,,,,,,spotify_country_chart_streams,143707.0,streams,143707,Spotify regional daily chart (Kworb aggregate),,,5rFj8OzffT0iggSjcBaeND,,,https://kworb.net/spotify/country/mt_weekly_totals.html,2026-10-02,"Exact aggregate of streams observed while this recording was inside Spotify's daily Top 200 for Malta, as aggregated by Kworb from Spotify chart data. Streams earned outside the chart are not included. Chart coverage on the source page: 2014-01-12 through 2020-07-02.","{""country_code"":""MT"",""country_name"":""Malta"",""chart_coverage_start"":""2014-01-12"",""chart_coverage_end"":""2020-07-02"",""days_on_chart"":47,""top10_days"":null,""peak_rank"":32,""peak_occurrences"":null,""peak_daily_streams"":7316,""metric_scope"":""country-specific Spotify daily Top 200 chart-attributed streams"",""country_rank"":446}"
447,Breathe,Jax Jones,[],,,,[],"[""und""]",,,,,,,spotify_country_chart_streams,143679.0,streams,143679,Spotify regional daily chart (Kworb aggregate),,,6tvQzeCPwOytDlBYCIOY0n,,,https://kworb.net/spotify/country/mt_weekly_totals.html,2026-10-02,"Exact aggregate of streams observed while this recording was inside Spotify's daily Top 200 for Malta, as aggregated by Kworb from Spotify chart data. Streams earned outside the chart are not included. Chart coverage on the source page: 2014-01-12 through 2020-07-02.","{""country_code"":""MT"",""country_name"":""Malta"",""chart_coverage_start"":""2014-01-12"",""chart_coverage_end"":""2020-07-02"",""days_on_chart"":31,""top10_days"":null,""peak_rank"":14,""peak_occurrences"":null,""peak_daily_streams"":8897,""metric_scope"":""country-specific Spotify daily Top 200 chart-attributed streams"",""country_rank"":447}"
448,Santa Tell Me,Ariana Grande,[],,,,[],"[""und""]",,,,,,,spotify_country_chart_streams,143559.0,streams,143559,Spotify regional daily chart (Kworb aggregate),,,0lizgQ7Qw35od7CYaoMBZb,,,https://kworb.net/spotify/country/mt_weekly_totals.html,2026-10-02,"Exact aggregate of streams observed while this recording was inside Spotify's daily Top 200 for Malta, as aggregated by Kworb from Spotify chart data. Streams earned outside the chart are not included. Chart coverage on the source page: 2014-01-12 through 2020-07-02.","{""country_code"":""MT"",""country_name"":""Malta"",""chart_coverage_start"":""2014-01-12"",""chart_coverage_end"":""2020-07-02"",""days_on_chart"":30,""top10_days"":2,""peak_rank"":7,""peak_occurrences"":null,""peak_daily_streams"":16448,""metric_scope"":""country-specific Spotify daily Top 200 chart-attributed streams"",""country_rank"":448}"
449,changes,XXXTENTACION,[],,,,[],"[""und""]",,,,,,,spotify_country_chart_streams,143363.0,streams,143363,Spotify regional daily chart (Kworb aggregate),,,7AFASza1mXqntmGtbxXprO,,,https://kworb.net/spotify/country/mt_weekly_totals.html,2026-10-02,"Exact aggregate of streams observed while this recording was inside Spotify's daily Top 200 for Malta, as aggregated by Kworb from Spotify chart data. Streams earned outside the chart are not included. Chart coverage on the source page: 2014-01-12 through 2020-07-02.","{""country_code"":""MT"",""country_name"":""Malta"",""chart_coverage_start"":""2014-01-12"",""chart_coverage_end"":""2020-07-02"",""days_on_chart"":35,""top10_days"":null,""peak_rank"":20,""peak_occurrences"":null,""peak_daily_streams"":10510,""metric_scope"":""country-specific Spotify daily Top 200 chart-attributed streams"",""country_rank"":449}"
450,wish you were gay,Billie Eilish,[],,,,[],"[""und""]",,,,,,,spotify_country_chart_streams,143103.0,streams,143103,Spotify regional daily chart (Kworb aggregate),,,3Fj47GNK2kUF0uaEDgXLaD,,,https://kworb.net/spotify/country/mt_weekly_totals.html,2026-10-02,"Exact aggregate of streams observed while this recording was inside Spotify's daily Top 200 for Malta, as aggregated by Kworb from Spotify chart data. Streams earned outside the chart are not included. Chart coverage on the source page: 2014-01-12 through 2020-07-02.","{""country_code"":""MT"",""country_name"":""Malta"",""chart_coverage_start"":""2014-01-12"",""chart_coverage_end"":""2020-07-02"",""days_on_chart"":32,""top10_days"":2,""peak_rank"":4,""peak_occurrences"":null,""peak_daily_streams"":14898,""metric_scope"":""country-specific Spotify daily Top 200 chart-attributed streams"",""country_rank"":450}"
451,Saturday Nights,Khalid,[],,,,[],"[""und""]",,,,,,,spotify_country_chart_streams,142774.0,streams,142774,Spotify regional daily chart (Kworb aggregate),,,5kfNriitmkNE8mUbZ7gbq8,,,https://kworb.net/spotify/country/mt_weekly_totals.html,2026-10-02,"Exact aggregate of streams observed while this recording was inside Spotify's daily Top 200 for Malta, as aggregated by Kworb from Spotify chart data. Streams earned outside the chart are not included. Chart coverage on the source page: 2014-01-12 through 2020-07-02.","{""country_code"":""MT"",""country_name"":""Malta"",""chart_coverage_start"":""2014-01-12"",""chart_coverage_end"":""2020-07-02"",""days_on_chart"":31,""top10_days"":null,""peak_rank"":17,""peak_occurrences"":null,""peak_daily_streams"":10225,""metric_scope"":""country-specific Spotify daily Top 200 chart-attributed streams"",""country_rank"":451}"
452,Happy Now,Zedd,[],,,,[],"[""und""]",,,,,,,spotify_country_chart_streams,142704.0,streams,142704,Spotify regional daily chart (Kworb aggregate),,,4keoy2fqgwGnbWlm3ZVZFa,,,https://kworb.net/spotify/country/mt_weekly_totals.html,2026-10-02,"Exact aggregate of streams observed while this recording was inside Spotify's daily Top 200 for Malta, as aggregated by Kworb from Spotify chart data. Streams earned outside the chart are not included. Chart coverage on the source page: 2014-01-12 through 2020-07-02.","{""country_code"":""MT"",""country_name"":""Malta"",""chart_coverage_start"":""2014-01-12"",""chart_coverage_end"":""2020-07-02"",""days_on_chart"":28,""top10_days"":null,""peak_rank"":13,""peak_occurrences"":null,""peak_daily_streams"":10747,""metric_scope"":""country-specific Spotify daily Top 200 chart-attributed streams"",""country_rank"":452}"
453,Ric Flair Drip,Offset,[],,,,[],"[""und""]",,,,,,,spotify_country_chart_streams,142620.0,streams,142620,Spotify regional daily chart (Kworb aggregate),,,7sO5G9EABYOXQKNPNiE9NR,,,https://kworb.net/spotify/country/mt_weekly_totals.html,2026-10-02,"Exact aggregate of streams observed while this recording was inside Spotify's daily Top 200 for Malta, as aggregated by Kworb from Spotify chart data. Streams earned outside the chart are not included. Chart coverage on the source page: 2014-01-12 through 2020-07-02.","{""country_code"":""MT"",""country_name"":""Malta"",""chart_coverage_start"":""2014-01-12"",""chart_coverage_end"":""2020-07-02"",""days_on_chart"":35,""top10_days"":null,""peak_rank"":31,""peak_occurrences"":null,""peak_daily_streams"":6432,""metric_scope"":""country-specific Spotify daily Top 200 chart-attributed streams"",""country_rank"":453}"
454,Escápate Conmigo,Wisin,[],,,,[],"[""und""]",,,,,,,spotify_country_chart_streams,142244.0,streams,142244,Spotify regional daily chart (Kworb aggregate),,,2cnKEkpVUSV4wnjQiTWfH6,,,https://kworb.net/spotify/country/mt_weekly_totals.html,2026-10-02,"Exact aggregate of streams observed while this recording was inside Spotify's daily Top 200 for Malta, as aggregated by Kworb from Spotify chart data. Streams earned outside the chart are not included. Chart coverage on the source page: 2014-01-12 through 2020-07-02.","{""country_code"":""MT"",""country_name"":""Malta"",""chart_coverage_start"":""2014-01-12"",""chart_coverage_end"":""2020-07-02"",""days_on_chart"":31,""top10_days"":null,""peak_rank"":34,""peak_occurrences"":null,""peak_daily_streams"":8169,""metric_scope"":""country-specific Spotify daily Top 200 chart-attributed streams"",""country_rank"":454}"
455,This Feeling,The Chainsmokers,[],,,,[],"[""und""]",,,,,,,spotify_country_chart_streams,141338.0,streams,141338,Spotify regional daily chart (Kworb aggregate),,,4NBTZtAt1F13VvlSKe6KTl,,,https://kworb.net/spotify/country/mt_weekly_totals.html,2026-10-02,"Exact aggregate of streams observed while this recording was inside Spotify's daily Top 200 for Malta, as aggregated by Kworb from Spotify chart data. Streams earned outside the chart are not included. Chart coverage on the source page: 2014-01-12 through 2020-07-02.","{""country_code"":""MT"",""country_name"":""Malta"",""chart_coverage_start"":""2014-01-12"",""chart_coverage_end"":""2020-07-02"",""days_on_chart"":39,""top10_days"":null,""peak_rank"":23,""peak_occurrences"":null,""peak_daily_streams"":9317,""metric_scope"":""country-specific Spotify daily Top 200 chart-attributed streams"",""country_rank"":455}"
456,Rockin' Around The Christmas Tree,Brenda Lee,[],,,,[],"[""und""]",,,,,,,spotify_country_chart_streams,141246.0,streams,141246,Spotify regional daily chart (Kworb aggregate),,,2EjXfH91m7f8HiJN1yQg97,,,https://kworb.net/spotify/country/mt_weekly_totals.html,2026-10-02,"Exact aggregate of streams observed while this recording was inside Spotify's daily Top 200 for Malta, as aggregated by Kworb from Spotify chart data. Streams earned outside the chart are not included. Chart coverage on the source page: 2014-01-12 through 2020-07-02.","{""country_code"":""MT"",""country_name"":""Malta"",""chart_coverage_start"":""2014-01-12"",""chart_coverage_end"":""2020-07-02"",""days_on_chart"":21,""top10_days"":2,""peak_rank"":3,""peak_occurrences"":1,""peak_daily_streams"":17683,""metric_scope"":""country-specific Spotify daily Top 200 chart-attributed streams"",""country_rank"":456}"
457,Freaky Friday,Lil Dicky,[],,,,[],"[""und""]",,,,,,,spotify_country_chart_streams,141064.0,streams,141064,Spotify regional daily chart (Kworb aggregate),,,10Igtw8bSDyyFs7KIsKngZ,,,https://kworb.net/spotify/country/mt_weekly_totals.html,2026-10-02,"Exact aggregate of streams observed while this recording was inside Spotify's daily Top 200 for Malta, as aggregated by Kworb from Spotify chart data. Streams earned outside the chart are not included. Chart coverage on the source page: 2014-01-12 through 2020-07-02.","{""country_code"":""MT"",""country_name"":""Malta"",""chart_coverage_start"":""2014-01-12"",""chart_coverage_end"":""2020-07-02"",""days_on_chart"":21,""top10_days"":4,""peak_rank"":6,""peak_occurrences"":null,""peak_daily_streams"":13183,""metric_scope"":""country-specific Spotify daily Top 200 chart-attributed streams"",""country_rank"":457}"
458,Graveyard,Halsey,[],,,,[],"[""und""]",,,,,,,spotify_country_chart_streams,140417.0,streams,140417,Spotify regional daily chart (Kworb aggregate),,,6V9fHiv84WlVTg7CSnIVY2,,,https://kworb.net/spotify/country/mt_weekly_totals.html,2026-10-02,"Exact aggregate of streams observed while this recording was inside Spotify's daily Top 200 for Malta, as aggregated by Kworb from Spotify chart data. Streams earned outside the chart are not included. Chart coverage on the source page: 2014-01-12 through 2020-07-02.","{""country_code"":""MT"",""country_name"":""Malta"",""chart_coverage_start"":""2014-01-12"",""chart_coverage_end"":""2020-07-02"",""days_on_chart"":29,""top10_days"":null,""peak_rank"":16,""peak_occurrences"":null,""peak_daily_streams"":8649,""metric_scope"":""country-specific Spotify daily Top 200 chart-attributed streams"",""country_rank"":458}"
459,Woman Like Me,Little Mix,[],,,,[],"[""und""]",,,,,,,spotify_country_chart_streams,140096.0,streams,140096,Spotify regional daily chart (Kworb aggregate),,,222B3aljXx6fFwKmFjuBED,,,https://kworb.net/spotify/country/mt_weekly_totals.html,2026-10-02,"Exact aggregate of streams observed while this recording was inside Spotify's daily Top 200 for Malta, as aggregated by Kworb from Spotify chart data. Streams earned outside the chart are not included. Chart coverage on the source page: 2014-01-12 through 2020-07-02.","{""country_code"":""MT"",""country_name"":""Malta"",""chart_coverage_start"":""2014-01-12"",""chart_coverage_end"":""2020-07-02"",""days_on_chart"":26,""top10_days"":null,""peak_rank"":13,""peak_occurrences"":null,""peak_daily_streams"":12080,""metric_scope"":""country-specific Spotify daily Top 200 chart-attributed streams"",""country_rank"":459}"
460,Drag Me Down,One Direction,[],,,,[],"[""und""]",,,,,,,spotify_country_chart_streams,139478.0,streams,139478,Spotify regional daily chart (Kworb aggregate),,,70OTIpw8x8UXUsuCHW9i1i,,,https://kworb.net/spotify/country/mt_weekly_totals.html,2026-10-02,"Exact aggregate of streams observed while this recording was inside Spotify's daily Top 200 for Malta, as aggregated by Kworb from Spotify chart data. Streams earned outside the chart are not included. Chart coverage on the source page: 2014-01-12 through 2020-07-02.","{""country_code"":""MT"",""country_name"":""Malta"",""chart_coverage_start"":""2014-01-12"",""chart_coverage_end"":""2020-07-02"",""days_on_chart"":34,""top10_days"":9,""peak_rank"":1,""peak_occurrences"":1,""peak_daily_streams"":10130,""metric_scope"":""country-specific Spotify daily Top 200 chart-attributed streams"",""country_rank"":460}"
461,Supalonely,BENEE,[],,,,[],"[""und""]",,,,,,,spotify_country_chart_streams,138854.0,streams,138854,Spotify regional daily chart (Kworb aggregate),,,4nK5YrxbMGZstTLbvj6Gxw,,,https://kworb.net/spotify/country/mt_weekly_totals.html,2026-10-02,"Exact aggregate of streams observed while this recording was inside Spotify's daily Top 200 for Malta, as aggregated by Kworb from Spotify chart data. Streams earned outside the chart are not included. Chart coverage on the source page: 2014-01-12 through 2020-07-02.","{""country_code"":""MT"",""country_name"":""Malta"",""chart_coverage_start"":""2014-01-12"",""chart_coverage_end"":""2020-07-02"",""days_on_chart"":18,""top10_days"":null,""peak_rank"":13,""peak_occurrences"":null,""peak_daily_streams"":9795,""metric_scope"":""country-specific Spotify daily Top 200 chart-attributed streams"",""country_rank"":461}"
462,Know No Better,Major Lazer,[],,,,[],"[""und""]",,,,,,,spotify_country_chart_streams,138838.0,streams,138838,Spotify regional daily chart (Kworb aggregate),,,3Ytr1SUCUi6J3L9dRFx5iH,,,https://kworb.net/spotify/country/mt_weekly_totals.html,2026-10-02,"Exact aggregate of streams observed while this recording was inside Spotify's daily Top 200 for Malta, as aggregated by Kworb from Spotify chart data. Streams earned outside the chart are not included. Chart coverage on the source page: 2014-01-12 through 2020-07-02.","{""country_code"":""MT"",""country_name"":""Malta"",""chart_coverage_start"":""2014-01-12"",""chart_coverage_end"":""2020-07-02"",""days_on_chart"":24,""top10_days"":null,""peak_rank"":18,""peak_occurrences"":null,""peak_daily_streams"":10689,""metric_scope"":""country-specific Spotify daily Top 200 chart-attributed streams"",""country_rank"":462}"
463,Born To Be Yours,Kygo,[],,,,[],"[""und""]",,,,,,,spotify_country_chart_streams,138674.0,streams,138674,Spotify regional daily chart (Kworb aggregate),,,0kHyKhJMukHEPfeh8s7rdM,,,https://kworb.net/spotify/country/mt_weekly_totals.html,2026-10-02,"Exact aggregate of streams observed while this recording was inside Spotify's daily Top 200 for Malta, as aggregated by Kworb from Spotify chart data. Streams earned outside the chart are not included. Chart coverage on the source page: 2014-01-12 through 2020-07-02.","{""country_code"":""MT"",""country_name"":""Malta"",""chart_coverage_start"":""2014-01-12"",""chart_coverage_end"":""2020-07-02"",""days_on_chart"":25,""top10_days"":null,""peak_rank"":18,""peak_occurrences"":null,""peak_daily_streams"":10561,""metric_scope"":""country-specific Spotify daily Top 200 chart-attributed streams"",""country_rank"":463}"
464,Say My Name,David Guetta,[],,,,[],"[""und""]",,,,,,,spotify_country_chart_streams,138416.0,streams,138416,Spotify regional daily chart (Kworb aggregate),,,0YammaEkYSeo9vQYZ1OwS6,,,https://kworb.net/spotify/country/mt_weekly_totals.html,2026-10-02,"Exact aggregate of streams observed while this recording was inside Spotify's daily Top 200 for Malta, as aggregated by Kworb from Spotify chart data. Streams earned outside the chart are not included. Chart coverage on the source page: 2014-01-12 through 2020-07-02.","{""country_code"":""MT"",""country_name"":""Malta"",""chart_coverage_start"":""2014-01-12"",""chart_coverage_end"":""2020-07-02"",""days_on_chart"":38,""top10_days"":null,""peak_rank"":69,""peak_occurrences"":null,""peak_daily_streams"":5189,""metric_scope"":""country-specific Spotify daily Top 200 chart-attributed streams"",""country_rank"":464}"
465,Bad Liar,Selena Gomez,[],,,,[],"[""und""]",,,,,,,spotify_country_chart_streams,138349.0,streams,138349,Spotify regional daily chart (Kworb aggregate),,,1sCxVKWImDZSZKvG0U9B23,,,https://kworb.net/spotify/country/mt_weekly_totals.html,2026-10-02,"Exact aggregate of streams observed while this recording was inside Spotify's daily Top 200 for Malta, as aggregated by Kworb from Spotify chart data. Streams earned outside the chart are not included. Chart coverage on the source page: 2014-01-12 through 2020-07-02.","{""country_code"":""MT"",""country_name"":""Malta"",""chart_coverage_start"":""2014-01-12"",""chart_coverage_end"":""2020-07-02"",""days_on_chart"":20,""top10_days"":1,""peak_rank"":3,""peak_occurrences"":1,""peak_daily_streams"":19143,""metric_scope"":""country-specific Spotify daily Top 200 chart-attributed streams"",""country_rank"":465}"
466,Just You and I,Tom Walker,[],,,,[],"[""und""]",,,,,,,spotify_country_chart_streams,138185.0,streams,138185,Spotify regional daily chart (Kworb aggregate),,,03x2rVJRFUrvwlfxoHd9Mo,,,https://kworb.net/spotify/country/mt_weekly_totals.html,2026-10-02,"Exact aggregate of streams observed while this recording was inside Spotify's daily Top 200 for Malta, as aggregated by Kworb from Spotify chart data. Streams earned outside the chart are not included. Chart coverage on the source page: 2014-01-12 through 2020-07-02.","{""country_code"":""MT"",""country_name"":""Malta"",""chart_coverage_start"":""2014-01-12"",""chart_coverage_end"":""2020-07-02"",""days_on_chart"":41,""top10_days"":null,""peak_rank"":28,""peak_occurrences"":null,""peak_daily_streams"":7040,""metric_scope"":""country-specific Spotify daily Top 200 chart-attributed streams"",""country_rank"":466}"
467,Bad Things - With Camila Cabello,mgk,[],,,,[],"[""und""]",,,,,,,spotify_country_chart_streams,138155.0,streams,138155,Spotify regional daily chart (Kworb aggregate),,,56cswAa9WdFBsjsTyPBAKA,,,https://kworb.net/spotify/country/mt_weekly_totals.html,2026-10-02,"Exact aggregate of streams observed while this recording was inside Spotify's daily Top 200 for Malta, as aggregated by Kworb from Spotify chart data. Streams earned outside the chart are not included. Chart coverage on the source page: 2014-01-12 through 2020-07-02.","{""country_code"":""MT"",""country_name"":""Malta"",""chart_coverage_start"":""2014-01-12"",""chart_coverage_end"":""2020-07-02"",""days_on_chart"":27,""top10_days"":null,""peak_rank"":12,""peak_occurrences"":null,""peak_daily_streams"":9383,""metric_scope"":""country-specific Spotify daily Top 200 chart-attributed streams"",""country_rank"":467}"
468,Hide Away,Daya,[],,,,[],"[""und""]",,,,,,,spotify_country_chart_streams,137986.0,streams,137986,Spotify regional daily chart (Kworb aggregate),,,2hsza71y54ABzmabyNDtM4,,,https://kworb.net/spotify/country/mt_weekly_totals.html,2026-10-02,"Exact aggregate of streams observed while this recording was inside Spotify's daily Top 200 for Malta, as aggregated by Kworb from Spotify chart data. Streams earned outside the chart are not included. Chart coverage on the source page: 2014-01-12 through 2020-07-02.","{""country_code"":""MT"",""country_name"":""Malta"",""chart_coverage_start"":""2014-01-12"",""chart_coverage_end"":""2020-07-02"",""days_on_chart"":44,""top10_days"":null,""peak_rank"":28,""peak_occurrences"":null,""peak_daily_streams"":5646,""metric_scope"":""country-specific Spotify daily Top 200 chart-attributed streams"",""country_rank"":468}"
469,"1, 2, 3",Sofía Reyes,[],,,,[],"[""und""]",,,,,,,spotify_country_chart_streams,137901.0,streams,137901,Spotify regional daily chart (Kworb aggregate),,,4QtiVmuA88tPQiCOHZuQ5b,,,https://kworb.net/spotify/country/mt_weekly_totals.html,2026-10-02,"Exact aggregate of streams observed while this recording was inside Spotify's daily Top 200 for Malta, as aggregated by Kworb from Spotify chart data. Streams earned outside the chart are not included. Chart coverage on the source page: 2014-01-12 through 2020-07-02.","{""country_code"":""MT"",""country_name"":""Malta"",""chart_coverage_start"":""2014-01-12"",""chart_coverage_end"":""2020-07-02"",""days_on_chart"":35,""top10_days"":null,""peak_rank"":39,""peak_occurrences"":null,""peak_daily_streams"":6113,""metric_scope"":""country-specific Spotify daily Top 200 chart-attributed streams"",""country_rank"":469}"
470,By Your Side,Jonas Blue,[],,,,[],"[""und""]",,,,,,,spotify_country_chart_streams,137796.0,streams,137796,Spotify regional daily chart (Kworb aggregate),,,1D3ODoXHBLpdxolZRHWV1j,,,https://kworb.net/spotify/country/mt_weekly_totals.html,2026-10-02,"Exact aggregate of streams observed while this recording was inside Spotify's daily Top 200 for Malta, as aggregated by Kworb from Spotify chart data. Streams earned outside the chart are not included. Chart coverage on the source page: 2014-01-12 through 2020-07-02.","{""country_code"":""MT"",""country_name"":""Malta"",""chart_coverage_start"":""2014-01-12"",""chart_coverage_end"":""2020-07-02"",""days_on_chart"":42,""top10_days"":null,""peak_rank"":18,""peak_occurrences"":null,""peak_daily_streams"":6600,""metric_scope"":""country-specific Spotify daily Top 200 chart-attributed streams"",""country_rank"":470}"
471,Mad Love,Sean Paul,[],,,,[],"[""und""]",,,,,,,spotify_country_chart_streams,136081.0,streams,136081,Spotify regional daily chart (Kworb aggregate),,,3soOPBuMK8YMdWnV7xpEyf,,,https://kworb.net/spotify/country/mt_weekly_totals.html,2026-10-02,"Exact aggregate of streams observed while this recording was inside Spotify's daily Top 200 for Malta, as aggregated by Kworb from Spotify chart data. Streams earned outside the chart are not included. Chart coverage on the source page: 2014-01-12 through 2020-07-02.","{""country_code"":""MT"",""country_name"":""Malta"",""chart_coverage_start"":""2014-01-12"",""chart_coverage_end"":""2020-07-02"",""days_on_chart"":27,""top10_days"":null,""peak_rank"":17,""peak_occurrences"":null,""peak_daily_streams"":8605,""metric_scope"":""country-specific Spotify daily Top 200 chart-attributed streams"",""country_rank"":471}"
472,Reality,Lost Frequencies,[],,,,[],"[""und""]",,,,,,,spotify_country_chart_streams,136075.0,streams,136075,Spotify regional daily chart (Kworb aggregate),,,5kZRoc6Gz7u5eu4a0YM2LS,,,https://kworb.net/spotify/country/mt_weekly_totals.html,2026-10-02,"Exact aggregate of streams observed while this recording was inside Spotify's daily Top 200 for Malta, as aggregated by Kworb from Spotify chart data. Streams earned outside the chart are not included. Chart coverage on the source page: 2014-01-12 through 2020-07-02.","{""country_code"":""MT"",""country_name"":""Malta"",""chart_coverage_start"":""2014-01-12"",""chart_coverage_end"":""2020-07-02"",""days_on_chart"":59,""top10_days"":1,""peak_rank"":10,""peak_occurrences"":null,""peak_daily_streams"":5939,""metric_scope"":""country-specific Spotify daily Top 200 chart-attributed streams"",""country_rank"":472}"
473,One Call Away,Charlie Puth,[],,,,[],"[""und""]",,,,,,,spotify_country_chart_streams,135826.0,streams,135826,Spotify regional daily chart (Kworb aggregate),,,37R0bQOQj5a7DOqh1TGzvB,,,https://kworb.net/spotify/country/mt_weekly_totals.html,2026-10-02,"Exact aggregate of streams observed while this recording was inside Spotify's daily Top 200 for Malta, as aggregated by Kworb from Spotify chart data. Streams earned outside the chart are not included. Chart coverage on the source page: 2014-01-12 through 2020-07-02.","{""country_code"":""MT"",""country_name"":""Malta"",""chart_coverage_start"":""2014-01-12"",""chart_coverage_end"":""2020-07-02"",""days_on_chart"":42,""top10_days"":null,""peak_rank"":11,""peak_occurrences"":null,""peak_daily_streams"":7504,""metric_scope"":""country-specific Spotify daily Top 200 chart-attributed streams"",""country_rank"":473}"
474,Finesse - Remix; feat. Cardi B,Bruno Mars,[],,,,[],"[""und""]",,,,,,,spotify_country_chart_streams,134062.0,streams,134062,Spotify regional daily chart (Kworb aggregate),,,3Vo4wInECJQuz9BIBMOu8i,,,https://kworb.net/spotify/country/mt_weekly_totals.html,2026-10-02,"Exact aggregate of streams observed while this recording was inside Spotify's daily Top 200 for Malta, as aggregated by Kworb from Spotify chart data. Streams earned outside the chart are not included. Chart coverage on the source page: 2014-01-12 through 2020-07-02.","{""country_code"":""MT"",""country_name"":""Malta"",""chart_coverage_start"":""2014-01-12"",""chart_coverage_end"":""2020-07-02"",""days_on_chart"":19,""top10_days"":5,""peak_rank"":5,""peak_occurrences"":null,""peak_daily_streams"":12552,""metric_scope"":""country-specific Spotify daily Top 200 chart-attributed streams"",""country_rank"":474}"
475,No Vacancy,OneRepublic,[],,,,[],"[""und""]",,,,,,,spotify_country_chart_streams,133853.0,streams,133853,Spotify regional daily chart (Kworb aggregate),,,6XOYVSmNDjKUNMXooU4s4z,,,https://kworb.net/spotify/country/mt_weekly_totals.html,2026-10-02,"Exact aggregate of streams observed while this recording was inside Spotify's daily Top 200 for Malta, as aggregated by Kworb from Spotify chart data. Streams earned outside the chart are not included. Chart coverage on the source page: 2014-01-12 through 2020-07-02.","{""country_code"":""MT"",""country_name"":""Malta"",""chart_coverage_start"":""2014-01-12"",""chart_coverage_end"":""2020-07-02"",""days_on_chart"":26,""top10_days"":null,""peak_rank"":25,""peak_occurrences"":null,""peak_daily_streams"":10031,""metric_scope"":""country-specific Spotify daily Top 200 chart-attributed streams"",""alternate_metrics"":[{""metric_name"":""spotify_country_chart_streams"",""metric_value"":9435.0,""metric_unit"":""streams"",""listen_count"":9435,""view_count"":null,""source_url"":""https://kworb.net/spotify/country/mt_weekly_totals.html"",""retrieved_at"":""2026-10-02""}],""merged_sources"":[""https://kworb.net/spotify/country/mt_weekly_totals.html""],""country_rank"":475}"
476,Ain't Nobody (Loves Me Better),felix jaehn,[],,,,[],"[""und""]",,,,,,,spotify_country_chart_streams,133477.0,streams,133477,Spotify regional daily chart (Kworb aggregate),,,5afHIkEcVhCF1Z1CTqMUXB,,,https://kworb.net/spotify/country/mt_weekly_totals.html,2026-10-02,"Exact aggregate of streams observed while this recording was inside Spotify's daily Top 200 for Malta, as aggregated by Kworb from Spotify chart data. Streams earned outside the chart are not included. Chart coverage on the source page: 2014-01-12 through 2020-07-02.","{""country_code"":""MT"",""country_name"":""Malta"",""chart_coverage_start"":""2014-01-12"",""chart_coverage_end"":""2020-07-02"",""days_on_chart"":48,""top10_days"":null,""peak_rank"":11,""peak_occurrences"":null,""peak_daily_streams"":5551,""metric_scope"":""country-specific Spotify daily Top 200 chart-attributed streams"",""country_rank"":476}"
477,Rewrite The Stars,Zac Efron,[],,,,[],"[""und""]",,,,,,,spotify_country_chart_streams,133205.0,streams,133205,Spotify regional daily chart (Kworb aggregate),,,630sXRhIcfwr2e4RdNtjKN,,,https://kworb.net/spotify/country/mt_weekly_totals.html,2026-10-02,"Exact aggregate of streams observed while this recording was inside Spotify's daily Top 200 for Malta, as aggregated by Kworb from Spotify chart data. Streams earned outside the chart are not included. Chart coverage on the source page: 2014-01-12 through 2020-07-02.","{""country_code"":""MT"",""country_name"":""Malta"",""chart_coverage_start"":""2014-01-12"",""chart_coverage_end"":""2020-07-02"",""days_on_chart"":27,""top10_days"":1,""peak_rank"":10,""peak_occurrences"":null,""peak_daily_streams"":11234,""metric_scope"":""country-specific Spotify daily Top 200 chart-attributed streams"",""country_rank"":477}"
478,Wild Things,Alessia Cara,[],,,,[],"[""und""]",,,,,,,spotify_country_chart_streams,133173.0,streams,133173,Spotify regional daily chart (Kworb aggregate),,,2ZyuwVvV6Z3XJaXIFbspeE,,,https://kworb.net/spotify/country/mt_weekly_totals.html,2026-10-02,"Exact aggregate of streams observed while this recording was inside Spotify's daily Top 200 for Malta, as aggregated by Kworb from Spotify chart data. Streams earned outside the chart are not included. Chart coverage on the source page: 2014-01-12 through 2020-07-02.","{""country_code"":""MT"",""country_name"":""Malta"",""chart_coverage_start"":""2014-01-12"",""chart_coverage_end"":""2020-07-02"",""days_on_chart"":28,""top10_days"":null,""peak_rank"":22,""peak_occurrences"":null,""peak_daily_streams"":6832,""metric_scope"":""country-specific Spotify daily Top 200 chart-attributed streams"",""country_rank"":478}"
479,Whatever It Takes,Imagine Dragons,[],,,,[],"[""und""]",,,,,,,spotify_country_chart_streams,132804.0,streams,132804,Spotify regional daily chart (Kworb aggregate),,,4IWAyPf1KMq7JCyGeCjTeH,,,https://kworb.net/spotify/country/mt_weekly_totals.html,2026-10-02,"Exact aggregate of streams observed while this recording was inside Spotify's daily Top 200 for Malta, as aggregated by Kworb from Spotify chart data. Streams earned outside the chart are not included. Chart coverage on the source page: 2014-01-12 through 2020-07-02.","{""country_code"":""MT"",""country_name"":""Malta"",""chart_coverage_start"":""2014-01-12"",""chart_coverage_end"":""2020-07-02"",""days_on_chart"":46,""top10_days"":null,""peak_rank"":42,""peak_occurrences"":null,""peak_daily_streams"":6797,""metric_scope"":""country-specific Spotify daily Top 200 chart-attributed streams"",""country_rank"":479}"
480,No Brainer,DJ Khaled,[],,,,[],"[""und""]",,,,,,,spotify_country_chart_streams,132782.0,streams,132782,Spotify regional daily chart (Kworb aggregate),,,5WvAo7DNuPRmk4APhdPzi8,,,https://kworb.net/spotify/country/mt_weekly_totals.html,2026-10-02,"Exact aggregate of streams observed while this recording was inside Spotify's daily Top 200 for Malta, as aggregated by Kworb from Spotify chart data. Streams earned outside the chart are not included. Chart coverage on the source page: 2014-01-12 through 2020-07-02.","{""country_code"":""MT"",""country_name"":""Malta"",""chart_coverage_start"":""2014-01-12"",""chart_coverage_end"":""2020-07-02"",""days_on_chart"":14,""top10_days"":4,""peak_rank"":2,""peak_occurrences"":1,""peak_daily_streams"":14781,""metric_scope"":""country-specific Spotify daily Top 200 chart-attributed streams"",""country_rank"":480}"
481,Break My Heart,Dua Lipa,[],,,,[],"[""und""]",,,,,,,spotify_country_chart_streams,132414.0,streams,132414,Spotify regional daily chart (Kworb aggregate),,,017PF4Q3l4DBUiWoXk4OWT,,,https://kworb.net/spotify/country/mt_weekly_totals.html,2026-10-02,"Exact aggregate of streams observed while this recording was inside Spotify's daily Top 200 for Malta, as aggregated by Kworb from Spotify chart data. Streams earned outside the chart are not included. Chart coverage on the source page: 2014-01-12 through 2020-07-02.","{""country_code"":""MT"",""country_name"":""Malta"",""chart_coverage_start"":""2014-01-12"",""chart_coverage_end"":""2020-07-02"",""days_on_chart"":14,""top10_days"":1,""peak_rank"":6,""peak_occurrences"":null,""peak_daily_streams"":12654,""metric_scope"":""country-specific Spotify daily Top 200 chart-attributed streams"",""country_rank"":481}"
482,The London,Young Thug,[],,,,[],"[""und""]",,,,,,,spotify_country_chart_streams,132330.0,streams,132330,Spotify regional daily chart (Kworb aggregate),,,3s4mrPrEFFPF0LmAfutW0n,,,https://kworb.net/spotify/country/mt_weekly_totals.html,2026-10-02,"Exact aggregate of streams observed while this recording was inside Spotify's daily Top 200 for Malta, as aggregated by Kworb from Spotify chart data. Streams earned outside the chart are not included. Chart coverage on the source page: 2014-01-12 through 2020-07-02.","{""country_code"":""MT"",""country_name"":""Malta"",""chart_coverage_start"":""2014-01-12"",""chart_coverage_end"":""2020-07-02"",""days_on_chart"":31,""top10_days"":null,""peak_rank"":16,""peak_occurrences"":null,""peak_daily_streams"":8713,""metric_scope"":""country-specific Spotify daily Top 200 chart-attributed streams"",""country_rank"":482}"
483,Candy Paint,Post Malone,[],,,,[],"[""und""]",,,,,,,spotify_country_chart_streams,131669.0,streams,131669,Spotify regional daily chart (Kworb aggregate),,,42CeaId2XNlxugDvyqHfDf,,,https://kworb.net/spotify/country/mt_weekly_totals.html,2026-10-02,"Exact aggregate of streams observed while this recording was inside Spotify's daily Top 200 for Malta, as aggregated by Kworb from Spotify chart data. Streams earned outside the chart are not included. Chart coverage on the source page: 2014-01-12 through 2020-07-02.","{""country_code"":""MT"",""country_name"":""Malta"",""chart_coverage_start"":""2014-01-12"",""chart_coverage_end"":""2020-07-02"",""days_on_chart"":28,""top10_days"":null,""peak_rank"":15,""peak_occurrences"":null,""peak_daily_streams"":10600,""metric_scope"":""country-specific Spotify daily Top 200 chart-attributed streams"",""country_rank"":483}"
484,So Close,NOTD,[],,,,[],"[""und""]",,,,,,,spotify_country_chart_streams,131462.0,streams,131462,Spotify regional daily chart (Kworb aggregate),,,7FjZU7XFs7P9jHI9Z0yRhK,,,https://kworb.net/spotify/country/mt_weekly_totals.html,2026-10-02,"Exact aggregate of streams observed while this recording was inside Spotify's daily Top 200 for Malta, as aggregated by Kworb from Spotify chart data. Streams earned outside the chart are not included. Chart coverage on the source page: 2014-01-12 through 2020-07-02.","{""country_code"":""MT"",""country_name"":""Malta"",""chart_coverage_start"":""2014-01-12"",""chart_coverage_end"":""2020-07-02"",""days_on_chart"":47,""top10_days"":null,""peak_rank"":84,""peak_occurrences"":null,""peak_daily_streams"":4579,""metric_scope"":""country-specific Spotify daily Top 200 chart-attributed streams"",""country_rank"":484}"
485,Thunderclouds,Sia,[],,,,[],"[""und""]",,,,,,,spotify_country_chart_streams,131240.0,streams,131240,Spotify regional daily chart (Kworb aggregate),,,5a8RPWgKSmcGBGcffmIrUi,,,https://kworb.net/spotify/country/mt_weekly_totals.html,2026-10-02,"Exact aggregate of streams observed while this recording was inside Spotify's daily Top 200 for Malta, as aggregated by Kworb from Spotify chart data. Streams earned outside the chart are not included. Chart coverage on the source page: 2014-01-12 through 2020-07-02.","{""country_code"":""MT"",""country_name"":""Malta"",""chart_coverage_start"":""2014-01-12"",""chart_coverage_end"":""2020-07-02"",""days_on_chart"":26,""top10_days"":null,""peak_rank"":18,""peak_occurrences"":null,""peak_daily_streams"":9668,""metric_scope"":""country-specific Spotify daily Top 200 chart-attributed streams"",""country_rank"":485}"
486,Hymn for the Weekend - Seeb Remix,Coldplay,[],,,,[],"[""und""]",,,,,,,spotify_country_chart_streams,131044.0,streams,131044,Spotify regional daily chart (Kworb aggregate),,,6s3GEN8wK0OMzzzZbXj0fu,,,https://kworb.net/spotify/country/mt_weekly_totals.html,2026-10-02,"Exact aggregate of streams observed while this recording was inside Spotify's daily Top 200 for Malta, as aggregated by Kworb from Spotify chart data. Streams earned outside the chart are not included. Chart coverage on the source page: 2014-01-12 through 2020-07-02.","{""country_code"":""MT"",""country_name"":""Malta"",""chart_coverage_start"":""2014-01-12"",""chart_coverage_end"":""2020-07-02"",""days_on_chart"":38,""top10_days"":null,""peak_rank"":22,""peak_occurrences"":null,""peak_daily_streams"":7342,""metric_scope"":""country-specific Spotify daily Top 200 chart-attributed streams"",""country_rank"":486}"
487,Do They Know It's Christmas? - 1984 Version,Band Aid,[],,,,[],"[""und""]",,,,,,,spotify_country_chart_streams,131012.0,streams,131012,Spotify regional daily chart (Kworb aggregate),,,4Yg2w0P29BBBMixyeNjDtj,,,https://kworb.net/spotify/country/mt_weekly_totals.html,2026-10-02,"Exact aggregate of streams observed while this recording was inside Spotify's daily Top 200 for Malta, as aggregated by Kworb from Spotify chart data. Streams earned outside the chart are not included. Chart coverage on the source page: 2014-01-12 through 2020-07-02.","{""country_code"":""MT"",""country_name"":""Malta"",""chart_coverage_start"":""2014-01-12"",""chart_coverage_end"":""2020-07-02"",""days_on_chart"":24,""top10_days"":2,""peak_rank"":9,""peak_occurrences"":null,""peak_daily_streams"":14888,""metric_scope"":""country-specific Spotify daily Top 200 chart-attributed streams"",""country_rank"":487}"
488,Dura - Remix,Daddy Yankee,[],,,,[],"[""und""]",,,,,,,spotify_country_chart_streams,130630.0,streams,130630,Spotify regional daily chart (Kworb aggregate),,,6U2NuJILEOEpW2tVCuqKHb,,,https://kworb.net/spotify/country/mt_weekly_totals.html,2026-10-02,"Exact aggregate of streams observed while this recording was inside Spotify's daily Top 200 for Malta, as aggregated by Kworb from Spotify chart data. Streams earned outside the chart are not included. Chart coverage on the source page: 2014-01-12 through 2020-07-02.","{""country_code"":""MT"",""country_name"":""Malta"",""chart_coverage_start"":""2014-01-12"",""chart_coverage_end"":""2020-07-02"",""days_on_chart"":27,""top10_days"":null,""peak_rank"":25,""peak_occurrences"":null,""peak_daily_streams"":8596,""metric_scope"":""country-specific Spotify daily Top 200 chart-attributed streams"",""country_rank"":488}"
489,You should be sad,Halsey,[],,,,[],"[""und""]",,,,,,,spotify_country_chart_streams,130231.0,streams,130231,Spotify regional daily chart (Kworb aggregate),,,7lidXGPXPYLNThITAOTlkK,,,https://kworb.net/spotify/country/mt_weekly_totals.html,2026-10-02,"Exact aggregate of streams observed while this recording was inside Spotify's daily Top 200 for Malta, as aggregated by Kworb from Spotify chart data. Streams earned outside the chart are not included. Chart coverage on the source page: 2014-01-12 through 2020-07-02.","{""country_code"":""MT"",""country_name"":""Malta"",""chart_coverage_start"":""2014-01-12"",""chart_coverage_end"":""2020-07-02"",""days_on_chart"":23,""top10_days"":null,""peak_rank"":16,""peak_occurrences"":null,""peak_daily_streams"":11088,""metric_scope"":""country-specific Spotify daily Top 200 chart-attributed streams"",""country_rank"":489}"
490,What A Man Gotta Do,Jonas Brothers,[],,,,[],"[""und""]",,,,,,,spotify_country_chart_streams,129990.0,streams,129990,Spotify regional daily chart (Kworb aggregate),,,4wNIkl5XGiAACjFBlDWuSd,,,https://kworb.net/spotify/country/mt_weekly_totals.html,2026-10-02,"Exact aggregate of streams observed while this recording was inside Spotify's daily Top 200 for Malta, as aggregated by Kworb from Spotify chart data. Streams earned outside the chart are not included. Chart coverage on the source page: 2014-01-12 through 2020-07-02.","{""country_code"":""MT"",""country_name"":""Malta"",""chart_coverage_start"":""2014-01-12"",""chart_coverage_end"":""2020-07-02"",""days_on_chart"":24,""top10_days"":null,""peak_rank"":13,""peak_occurrences"":null,""peak_daily_streams"":11951,""metric_scope"":""country-specific Spotify daily Top 200 chart-attributed streams"",""country_rank"":490}"
491,Touch,Little Mix,[],,,,[],"[""und""]",,,,,,,spotify_country_chart_streams,129711.0,streams,129711,Spotify regional daily chart (Kworb aggregate),,,5Ua3GXyHwiSfpNTMjq6m2z,,,https://kworb.net/spotify/country/mt_weekly_totals.html,2026-10-02,"Exact aggregate of streams observed while this recording was inside Spotify's daily Top 200 for Malta, as aggregated by Kworb from Spotify chart data. Streams earned outside the chart are not included. Chart coverage on the source page: 2014-01-12 through 2020-07-02.","{""country_code"":""MT"",""country_name"":""Malta"",""chart_coverage_start"":""2014-01-12"",""chart_coverage_end"":""2020-07-02"",""days_on_chart"":36,""top10_days"":null,""peak_rank"":33,""peak_occurrences"":null,""peak_daily_streams"":7695,""metric_scope"":""country-specific Spotify daily Top 200 chart-attributed streams"",""country_rank"":491}"
492,PPP,KEVIN ROLDAN,[],,,,[],"[""und""]",,,,,,,spotify_country_chart_streams,129620.0,streams,129620,Spotify regional daily chart (Kworb aggregate),,,1DcxnVNFAyVl2sDQ646pXS,,,https://kworb.net/spotify/country/mt_weekly_totals.html,2026-10-02,"Exact aggregate of streams observed while this recording was inside Spotify's daily Top 200 for Malta, as aggregated by Kworb from Spotify chart data. Streams earned outside the chart are not included. Chart coverage on the source page: 2014-01-12 through 2020-07-02.","{""country_code"":""MT"",""country_name"":""Malta"",""chart_coverage_start"":""2014-01-12"",""chart_coverage_end"":""2020-07-02"",""days_on_chart"":25,""top10_days"":null,""peak_rank"":32,""peak_occurrences"":null,""peak_daily_streams"":8091,""metric_scope"":""country-specific Spotify daily Top 200 chart-attributed streams"",""country_rank"":492}"
493,Harder,Jax Jones,[],,,,[],"[""und""]",,,,,,,spotify_country_chart_streams,129233.0,streams,129233,Spotify regional daily chart (Kworb aggregate),,,5RgBnDtHKFHgtVdqabjGE3,,,https://kworb.net/spotify/country/mt_weekly_totals.html,2026-10-02,"Exact aggregate of streams observed while this recording was inside Spotify's daily Top 200 for Malta, as aggregated by Kworb from Spotify chart data. Streams earned outside the chart are not included. Chart coverage on the source page: 2014-01-12 through 2020-07-02.","{""country_code"":""MT"",""country_name"":""Malta"",""chart_coverage_start"":""2014-01-12"",""chart_coverage_end"":""2020-07-02"",""days_on_chart"":40,""top10_days"":null,""peak_rank"":51,""peak_occurrences"":null,""peak_daily_streams"":4441,""metric_scope"":""country-specific Spotify daily Top 200 chart-attributed streams"",""country_rank"":493}"
494,Turn Me On,Riton,[],,,,[],"[""und""]",,,,,,,spotify_country_chart_streams,128807.0,streams,128807,Spotify regional daily chart (Kworb aggregate),,,0qaWEvPkts34WF68r8Dzx9,,,https://kworb.net/spotify/country/mt_weekly_totals.html,2026-10-02,"Exact aggregate of streams observed while this recording was inside Spotify's daily Top 200 for Malta, as aggregated by Kworb from Spotify chart data. Streams earned outside the chart are not included. Chart coverage on the source page: 2014-01-12 through 2020-07-02.","{""country_code"":""MT"",""country_name"":""Malta"",""chart_coverage_start"":""2014-01-12"",""chart_coverage_end"":""2020-07-02"",""days_on_chart"":39,""top10_days"":null,""peak_rank"":46,""peak_occurrences"":null,""peak_daily_streams"":5111,""metric_scope"":""country-specific Spotify daily Top 200 chart-attributed streams"",""country_rank"":494}"
495,Demons,Imagine Dragons,[],,,,[],"[""und""]",,,,,,,spotify_country_chart_streams,128612.0,streams,128612,Spotify regional daily chart (Kworb aggregate),,,5qaEfEh1AtSdrdrByCP7qR,,,https://kworb.net/spotify/country/mt_weekly_totals.html,2026-10-02,"Exact aggregate of streams observed while this recording was inside Spotify's daily Top 200 for Malta, as aggregated by Kworb from Spotify chart data. Streams earned outside the chart are not included. Chart coverage on the source page: 2014-01-12 through 2020-07-02.","{""country_code"":""MT"",""country_name"":""Malta"",""chart_coverage_start"":""2014-01-12"",""chart_coverage_end"":""2020-07-02"",""days_on_chart"":97,""top10_days"":11,""peak_rank"":3,""peak_occurrences"":1,""peak_daily_streams"":2524,""metric_scope"":""country-specific Spotify daily Top 200 chart-attributed streams"",""country_rank"":495}"
496,No Stylist,French Montana,[],,,,[],"[""und""]",,,,,,,spotify_country_chart_streams,128544.0,streams,128544,Spotify regional daily chart (Kworb aggregate),,,04MLEeAMuV9IlHEsD8vF6A,,,https://kworb.net/spotify/country/mt_weekly_totals.html,2026-10-02,"Exact aggregate of streams observed while this recording was inside Spotify's daily Top 200 for Malta, as aggregated by Kworb from Spotify chart data. Streams earned outside the chart are not included. Chart coverage on the source page: 2014-01-12 through 2020-07-02.","{""country_code"":""MT"",""country_name"":""Malta"",""chart_coverage_start"":""2014-01-12"",""chart_coverage_end"":""2020-07-02"",""days_on_chart"":32,""top10_days"":null,""peak_rank"":41,""peak_occurrences"":null,""peak_daily_streams"":6595,""metric_scope"":""country-specific Spotify daily Top 200 chart-attributed streams"",""country_rank"":496}"
497,Sick Boy,The Chainsmokers,[],,,,[],"[""und""]",,,,,,,spotify_country_chart_streams,128516.0,streams,128516,Spotify regional daily chart (Kworb aggregate),,,7jqDzXJS0K0Re8uphYNit0,,,https://kworb.net/spotify/country/mt_weekly_totals.html,2026-10-02,"Exact aggregate of streams observed while this recording was inside Spotify's daily Top 200 for Malta, as aggregated by Kworb from Spotify chart data. Streams earned outside the chart are not included. Chart coverage on the source page: 2014-01-12 through 2020-07-02.","{""country_code"":""MT"",""country_name"":""Malta"",""chart_coverage_start"":""2014-01-12"",""chart_coverage_end"":""2020-07-02"",""days_on_chart"":16,""top10_days"":5,""peak_rank"":3,""peak_occurrences"":1,""peak_daily_streams"":14340,""metric_scope"":""country-specific Spotify daily Top 200 chart-attributed streams"",""country_rank"":497}"
498,THE SCOTTS,THE SCOTTS,[],,,,[],"[""und""]",,,,,,,spotify_country_chart_streams,128483.0,streams,128483,Spotify regional daily chart (Kworb aggregate),,,39Yp9wwQiSRIDOvrVg7mbk,,,https://kworb.net/spotify/country/mt_weekly_totals.html,2026-10-02,"Exact aggregate of streams observed while this recording was inside Spotify's daily Top 200 for Malta, as aggregated by Kworb from Spotify chart data. Streams earned outside the chart are not included. Chart coverage on the source page: 2014-01-12 through 2020-07-02.","{""country_code"":""MT"",""country_name"":""Malta"",""chart_coverage_start"":""2014-01-12"",""chart_coverage_end"":""2020-07-02"",""days_on_chart"":10,""top10_days"":6,""peak_rank"":1,""peak_occurrences"":1,""peak_daily_streams"":23498,""metric_scope"":""country-specific Spotify daily Top 200 chart-attributed streams"",""country_rank"":498}"
499,All Day And Night - Jax Jones & Martin Solveig Present Europa,Jax Jones,[],,,,[],"[""und""]",,,,,,,spotify_country_chart_streams,128307.0,streams,128307,Spotify regional daily chart (Kworb aggregate),,,3O83h4LS797N23DpweeRAa,,,https://kworb.net/spotify/country/mt_weekly_totals.html,2026-10-02,"Exact aggregate of streams observed while this recording was inside Spotify's daily Top 200 for Malta, as aggregated by Kworb from Spotify chart data. Streams earned outside the chart are not included. Chart coverage on the source page: 2014-01-12 through 2020-07-02.","{""country_code"":""MT"",""country_name"":""Malta"",""chart_coverage_start"":""2014-01-12"",""chart_coverage_end"":""2020-07-02"",""days_on_chart"":32,""top10_days"":null,""peak_rank"":19,""peak_occurrences"":null,""peak_daily_streams"":8222,""metric_scope"":""country-specific Spotify daily Top 200 chart-attributed streams"",""country_rank"":499}"
500,Know Your Worth,Khalid,[],,,,[],"[""und""]",,,,,,,spotify_country_chart_streams,127854.0,streams,127854,Spotify regional daily chart (Kworb aggregate),,,0TrPqhAMoaKUFLR7iYDokf,,,https://kworb.net/spotify/country/mt_weekly_totals.html,2026-10-02,"Exact aggregate of streams observed while this recording was inside Spotify's daily Top 200 for Malta, as aggregated by Kworb from Spotify chart data. Streams earned outside the chart are not included. Chart coverage on the source page: 2014-01-12 through 2020-07-02.","{""country_code"":""MT"",""country_name"":""Malta"",""chart_coverage_start"":""2014-01-12"",""chart_coverage_end"":""2020-07-02"",""days_on_chart"":21,""top10_days"":null,""peak_rank"":27,""peak_occurrences"":null,""peak_daily_streams"":7587,""metric_scope"":""country-specific Spotify daily Top 200 chart-attributed streams"",""country_rank"":500}"
501,Capital Letters,Hailee Steinfeld,[],,,,[],"[""und""]",,,,,,,spotify_country_chart_streams,127115.0,streams,127115,Spotify regional daily chart (Kworb aggregate),,,3towKHKVOXCCcL1fHv6xFO,,,https://kworb.net/spotify/country/mt_weekly_totals.html,2026-10-02,"Exact aggregate of streams observed while this recording was inside Spotify's daily Top 200 for Malta, as aggregated by Kworb from Spotify chart data. Streams earned outside the chart are not included. Chart coverage on the source page: 2014-01-12 through 2020-07-02.","{""country_code"":""MT"",""country_name"":""Malta"",""chart_coverage_start"":""2014-01-12"",""chart_coverage_end"":""2020-07-02"",""days_on_chart"":26,""top10_days"":null,""peak_rank"":13,""peak_occurrences"":null,""peak_daily_streams"":9667,""metric_scope"":""country-specific Spotify daily Top 200 chart-attributed streams"",""country_rank"":501}"
502,Same Old Love,Selena Gomez,[],,,,[],"[""und""]",,,,,,,spotify_country_chart_streams,127029.0,streams,127029,Spotify regional daily chart (Kworb aggregate),,,6ZANrVuAMp2rpjhfbOuJly,,,https://kworb.net/spotify/country/mt_weekly_totals.html,2026-10-02,"Exact aggregate of streams observed while this recording was inside Spotify's daily Top 200 for Malta, as aggregated by Kworb from Spotify chart data. Streams earned outside the chart are not included. Chart coverage on the source page: 2014-01-12 through 2020-07-02.","{""country_code"":""MT"",""country_name"":""Malta"",""chart_coverage_start"":""2014-01-12"",""chart_coverage_end"":""2020-07-02"",""days_on_chart"":34,""top10_days"":1,""peak_rank"":9,""peak_occurrences"":null,""peak_daily_streams"":6783,""metric_scope"":""country-specific Spotify daily Top 200 chart-attributed streams"",""country_rank"":502}"
503,Easier,5 Seconds of Summer,[],,,,[],"[""und""]",,,,,,,spotify_country_chart_streams,126377.0,streams,126377,Spotify regional daily chart (Kworb aggregate),,,4tNXntkAzQ5A2dfYRYGIIQ,,,https://kworb.net/spotify/country/mt_weekly_totals.html,2026-10-02,"Exact aggregate of streams observed while this recording was inside Spotify's daily Top 200 for Malta, as aggregated by Kworb from Spotify chart data. Streams earned outside the chart are not included. Chart coverage on the source page: 2014-01-12 through 2020-07-02.","{""country_code"":""MT"",""country_name"":""Malta"",""chart_coverage_start"":""2014-01-12"",""chart_coverage_end"":""2020-07-02"",""days_on_chart"":30,""top10_days"":null,""peak_rank"":13,""peak_occurrences"":null,""peak_daily_streams"":9594,""metric_scope"":""country-specific Spotify daily Top 200 chart-attributed streams"",""country_rank"":503}"
504,Lost In Japan,Shawn Mendes,[],,,,[],"[""und""]",,,,,,,spotify_country_chart_streams,126085.0,streams,126085,Spotify regional daily chart (Kworb aggregate),,,79esEXlqqmq0GPz0xQSZTV,,,https://kworb.net/spotify/country/mt_weekly_totals.html,2026-10-02,"Exact aggregate of streams observed while this recording was inside Spotify's daily Top 200 for Malta, as aggregated by Kworb from Spotify chart data. Streams earned outside the chart are not included. Chart coverage on the source page: 2014-01-12 through 2020-07-02.","{""country_code"":""MT"",""country_name"":""Malta"",""chart_coverage_start"":""2014-01-12"",""chart_coverage_end"":""2020-07-02"",""days_on_chart"":42,""top10_days"":null,""peak_rank"":20,""peak_occurrences"":null,""peak_daily_streams"":8418,""metric_scope"":""country-specific Spotify daily Top 200 chart-attributed streams"",""country_rank"":504}"
505,Controlla,Drake,[],,,,[],"[""und""]",,,,,,,spotify_country_chart_streams,125900.0,streams,125900,Spotify regional daily chart (Kworb aggregate),,,4CpKEkdGbOJV51cSvx7SoG,,,https://kworb.net/spotify/country/mt_weekly_totals.html,2026-10-02,"Exact aggregate of streams observed while this recording was inside Spotify's daily Top 200 for Malta, as aggregated by Kworb from Spotify chart data. Streams earned outside the chart are not included. Chart coverage on the source page: 2014-01-12 through 2020-07-02.","{""country_code"":""MT"",""country_name"":""Malta"",""chart_coverage_start"":""2014-01-12"",""chart_coverage_end"":""2020-07-02"",""days_on_chart"":43,""top10_days"":null,""peak_rank"":43,""peak_occurrences"":null,""peak_daily_streams"":4404,""metric_scope"":""country-specific Spotify daily Top 200 chart-attributed streams"",""country_rank"":505}"
506,WHATS POPPIN,Jack Harlow,[],,,,[],"[""und""]",,,,,,,spotify_country_chart_streams,125425.0,streams,125425,Spotify regional daily chart (Kworb aggregate),,,1jaTQ3nqY3oAAYyCTbIvnM,,,https://kworb.net/spotify/country/mt_weekly_totals.html,2026-10-02,"Exact aggregate of streams observed while this recording was inside Spotify's daily Top 200 for Malta, as aggregated by Kworb from Spotify chart data. Streams earned outside the chart are not included. Chart coverage on the source page: 2014-01-12 through 2020-07-02.","{""country_code"":""MT"",""country_name"":""Malta"",""chart_coverage_start"":""2014-01-12"",""chart_coverage_end"":""2020-07-02"",""days_on_chart"":21,""top10_days"":null,""peak_rank"":25,""peak_occurrences"":null,""peak_daily_streams"":7269,""metric_scope"":""country-specific Spotify daily Top 200 chart-attributed streams"",""alternate_metrics"":[{""metric_name"":""spotify_country_chart_streams"",""metric_value"":5367.0,""metric_unit"":""streams"",""listen_count"":5367,""view_count"":null,""source_url"":""https://kworb.net/spotify/country/mt_weekly_totals.html"",""retrieved_at"":""2026-10-02""}],""merged_sources"":[""https://kworb.net/spotify/country/mt_weekly_totals.html""],""country_rank"":506}"
507,Ya No Tiene Novio,Sebastian Yatra,[],,,,[],"[""und""]",,,,,,,spotify_country_chart_streams,125269.0,streams,125269,Spotify regional daily chart (Kworb aggregate),,,7uQmJ1jgNzBpATSoWKSPFu,,,https://kworb.net/spotify/country/mt_weekly_totals.html,2026-10-02,"Exact aggregate of streams observed while this recording was inside Spotify's daily Top 200 for Malta, as aggregated by Kworb from Spotify chart data. Streams earned outside the chart are not included. Chart coverage on the source page: 2014-01-12 through 2020-07-02.","{""country_code"":""MT"",""country_name"":""Malta"",""chart_coverage_start"":""2014-01-12"",""chart_coverage_end"":""2020-07-02"",""days_on_chart"":29,""top10_days"":null,""peak_rank"":47,""peak_occurrences"":null,""peak_daily_streams"":6461,""metric_scope"":""country-specific Spotify daily Top 200 chart-attributed streams"",""country_rank"":507}"
508,Human,Rag'n'Bone Man,[],,,,[],"[""und""]",,,,,,,spotify_country_chart_streams,125221.0,streams,125221,Spotify regional daily chart (Kworb aggregate),,,58zsLZPvfflaiIbNWoA22O,,,https://kworb.net/spotify/country/mt_weekly_totals.html,2026-10-02,"Exact aggregate of streams observed while this recording was inside Spotify's daily Top 200 for Malta, as aggregated by Kworb from Spotify chart data. Streams earned outside the chart are not included. Chart coverage on the source page: 2014-01-12 through 2020-07-02.","{""country_code"":""MT"",""country_name"":""Malta"",""chart_coverage_start"":""2014-01-12"",""chart_coverage_end"":""2020-07-02"",""days_on_chart"":39,""top10_days"":null,""peak_rank"":30,""peak_occurrences"":null,""peak_daily_streams"":5739,""metric_scope"":""country-specific Spotify daily Top 200 chart-attributed streams"",""country_rank"":508}"
509,Falling,Harry Styles,[],,,,[],"[""und""]",,,,,,,spotify_country_chart_streams,125094.0,streams,125094,Spotify regional daily chart (Kworb aggregate),,,1ZMiCix7XSAbfAJlEZWMCp,,,https://kworb.net/spotify/country/mt_weekly_totals.html,2026-10-02,"Exact aggregate of streams observed while this recording was inside Spotify's daily Top 200 for Malta, as aggregated by Kworb from Spotify chart data. Streams earned outside the chart are not included. Chart coverage on the source page: 2014-01-12 through 2020-07-02.","{""country_code"":""MT"",""country_name"":""Malta"",""chart_coverage_start"":""2014-01-12"",""chart_coverage_end"":""2020-07-02"",""days_on_chart"":29,""top10_days"":null,""peak_rank"":32,""peak_occurrences"":null,""peak_daily_streams"":6987,""metric_scope"":""country-specific Spotify daily Top 200 chart-attributed streams"",""country_rank"":509}"
510,Kiss and Make Up,Dua Lipa,[],,,,[],"[""und""]",,,,,,,spotify_country_chart_streams,124914.0,streams,124914,Spotify regional daily chart (Kworb aggregate),,,13hvHEstJ4sNbzdroPrPI3,,,https://kworb.net/spotify/country/mt_weekly_totals.html,2026-10-02,"Exact aggregate of streams observed while this recording was inside Spotify's daily Top 200 for Malta, as aggregated by Kworb from Spotify chart data. Streams earned outside the chart are not included. Chart coverage on the source page: 2014-01-12 through 2020-07-02.","{""country_code"":""MT"",""country_name"":""Malta"",""chart_coverage_start"":""2014-01-12"",""chart_coverage_end"":""2020-07-02"",""days_on_chart"":22,""top10_days"":null,""peak_rank"":16,""peak_occurrences"":null,""peak_daily_streams"":11595,""metric_scope"":""country-specific Spotify daily Top 200 chart-attributed streams"",""country_rank"":510}"
511,So Far Away,Martin Garrix,[],,,,[],"[""und""]",,,,,,,spotify_country_chart_streams,124250.0,streams,124250,Spotify regional daily chart (Kworb aggregate),,,0OlnLZY4cmQzT6ZGttvWBM,,,https://kworb.net/spotify/country/mt_weekly_totals.html,2026-10-02,"Exact aggregate of streams observed while this recording was inside Spotify's daily Top 200 for Malta, as aggregated by Kworb from Spotify chart data. Streams earned outside the chart are not included. Chart coverage on the source page: 2014-01-12 through 2020-07-02.","{""country_code"":""MT"",""country_name"":""Malta"",""chart_coverage_start"":""2014-01-12"",""chart_coverage_end"":""2020-07-02"",""days_on_chart"":25,""top10_days"":null,""peak_rank"":14,""peak_occurrences"":null,""peak_daily_streams"":8507,""metric_scope"":""country-specific Spotify daily Top 200 chart-attributed streams"",""country_rank"":511}"
512,Dura,Daddy Yankee,[],,,,[],"[""und""]",,,,,,,spotify_country_chart_streams,123703.0,streams,123703,Spotify regional daily chart (Kworb aggregate),,,2j2fIJGh4PMdXt9ULI5Tlc,,,https://kworb.net/spotify/country/mt_weekly_totals.html,2026-10-02,"Exact aggregate of streams observed while this recording was inside Spotify's daily Top 200 for Malta, as aggregated by Kworb from Spotify chart data. Streams earned outside the chart are not included. Chart coverage on the source page: 2014-01-12 through 2020-07-02.","{""country_code"":""MT"",""country_name"":""Malta"",""chart_coverage_start"":""2014-01-12"",""chart_coverage_end"":""2020-07-02"",""days_on_chart"":26,""top10_days"":null,""peak_rank"":21,""peak_occurrences"":null,""peak_daily_streams"":7828,""metric_scope"":""country-specific Spotify daily Top 200 chart-attributed streams"",""country_rank"":512}"
513,Familiar,Liam Payne,[],,,,[],"[""und""]",,,,,,,spotify_country_chart_streams,123190.0,streams,123190,Spotify regional daily chart (Kworb aggregate),,,0Y4hwUppbGc8aIBmiTz30A,,,https://kworb.net/spotify/country/mt_weekly_totals.html,2026-10-02,"Exact aggregate of streams observed while this recording was inside Spotify's daily Top 200 for Malta, as aggregated by Kworb from Spotify chart data. Streams earned outside the chart are not included. Chart coverage on the source page: 2014-01-12 through 2020-07-02.","{""country_code"":""MT"",""country_name"":""Malta"",""chart_coverage_start"":""2014-01-12"",""chart_coverage_end"":""2020-07-02"",""days_on_chart"":21,""top10_days"":null,""peak_rank"":16,""peak_occurrences"":null,""peak_daily_streams"":9329,""metric_scope"":""country-specific Spotify daily Top 200 chart-attributed streams"",""country_rank"":513}"
514,Naked,James Arthur,[],,,,[],"[""und""]",,,,,,,spotify_country_chart_streams,123068.0,streams,123068,Spotify regional daily chart (Kworb aggregate),,,7krbSH3rd8lhIZvuzTV3Bl,,,https://kworb.net/spotify/country/mt_weekly_totals.html,2026-10-02,"Exact aggregate of streams observed while this recording was inside Spotify's daily Top 200 for Malta, as aggregated by Kworb from Spotify chart data. Streams earned outside the chart are not included. Chart coverage on the source page: 2014-01-12 through 2020-07-02.","{""country_code"":""MT"",""country_name"":""Malta"",""chart_coverage_start"":""2014-01-12"",""chart_coverage_end"":""2020-07-02"",""days_on_chart"":28,""top10_days"":null,""peak_rank"":31,""peak_occurrences"":null,""peak_daily_streams"":6681,""metric_scope"":""country-specific Spotify daily Top 200 chart-attributed streams"",""country_rank"":514}"
515,Falling like the Stars,James Arthur,[],,,,[],"[""und""]",,,,,,,spotify_country_chart_streams,122951.0,streams,122951,Spotify regional daily chart (Kworb aggregate),,,15xWRPHQMeqgdkGzInx3PY,,,https://kworb.net/spotify/country/mt_weekly_totals.html,2026-10-02,"Exact aggregate of streams observed while this recording was inside Spotify's daily Top 200 for Malta, as aggregated by Kworb from Spotify chart data. Streams earned outside the chart are not included. Chart coverage on the source page: 2014-01-12 through 2020-07-02.","{""country_code"":""MT"",""country_name"":""Malta"",""chart_coverage_start"":""2014-01-12"",""chart_coverage_end"":""2020-07-02"",""days_on_chart"":44,""top10_days"":null,""peak_rank"":49,""peak_occurrences"":null,""peak_daily_streams"":4620,""metric_scope"":""country-specific Spotify daily Top 200 chart-attributed streams"",""country_rank"":515}"
516,Fuck Love,XXXTENTACION,[],,,,[],"[""und""]",,,,,,,spotify_country_chart_streams,122518.0,streams,122518,Spotify regional daily chart (Kworb aggregate),,,7AQim7LbvFVZJE3O8TYgf2,,,https://kworb.net/spotify/country/mt_weekly_totals.html,2026-10-02,"Exact aggregate of streams observed while this recording was inside Spotify's daily Top 200 for Malta, as aggregated by Kworb from Spotify chart data. Streams earned outside the chart are not included. Chart coverage on the source page: 2014-01-12 through 2020-07-02.","{""country_code"":""MT"",""country_name"":""Malta"",""chart_coverage_start"":""2014-01-12"",""chart_coverage_end"":""2020-07-02"",""days_on_chart"":39,""top10_days"":null,""peak_rank"":25,""peak_occurrences"":null,""peak_daily_streams"":8552,""metric_scope"":""country-specific Spotify daily Top 200 chart-attributed streams"",""country_rank"":516}"
517,Speechless,Robin Schulz,[],,,,[],"[""und""]",,,,,,,spotify_country_chart_streams,121987.0,streams,121987,Spotify regional daily chart (Kworb aggregate),,,1rCcsYnmqbMYdkG7kS9GC5,,,https://kworb.net/spotify/country/mt_weekly_totals.html,2026-10-02,"Exact aggregate of streams observed while this recording was inside Spotify's daily Top 200 for Malta, as aggregated by Kworb from Spotify chart data. Streams earned outside the chart are not included. Chart coverage on the source page: 2014-01-12 through 2020-07-02.","{""country_code"":""MT"",""country_name"":""Malta"",""chart_coverage_start"":""2014-01-12"",""chart_coverage_end"":""2020-07-02"",""days_on_chart"":40,""top10_days"":null,""peak_rank"":60,""peak_occurrences"":null,""peak_daily_streams"":5733,""metric_scope"":""country-specific Spotify daily Top 200 chart-attributed streams"",""country_rank"":517}"
518,"Carry On (from the Original Motion Picture ""POKÉMON Detective Pikachu"")",Kygo,[],,,,[],"[""und""]",,,,,,,spotify_country_chart_streams,121933.0,streams,121933,Spotify regional daily chart (Kworb aggregate),,,3y3brCCecHC3Db18aIOnny,,,https://kworb.net/spotify/country/mt_weekly_totals.html,2026-10-02,"Exact aggregate of streams observed while this recording was inside Spotify's daily Top 200 for Malta, as aggregated by Kworb from Spotify chart data. Streams earned outside the chart are not included. Chart coverage on the source page: 2014-01-12 through 2020-07-02.","{""country_code"":""MT"",""country_name"":""Malta"",""chart_coverage_start"":""2014-01-12"",""chart_coverage_end"":""2020-07-02"",""days_on_chart"":30,""top10_days"":null,""peak_rank"":16,""peak_occurrences"":null,""peak_daily_streams"":7528,""metric_scope"":""country-specific Spotify daily Top 200 chart-attributed streams"",""country_rank"":518}"
519,Still Got Time,ZAYN,[],,,,[],"[""und""]",,,,,,,spotify_country_chart_streams,121699.0,streams,121699,Spotify regional daily chart (Kworb aggregate),,,000xQL6tZNLJzIrtIgxqSl,,,https://kworb.net/spotify/country/mt_weekly_totals.html,2026-10-02,"Exact aggregate of streams observed while this recording was inside Spotify's daily Top 200 for Malta, as aggregated by Kworb from Spotify chart data. Streams earned outside the chart are not included. Chart coverage on the source page: 2014-01-12 through 2020-07-02.","{""country_code"":""MT"",""country_name"":""Malta"",""chart_coverage_start"":""2014-01-12"",""chart_coverage_end"":""2020-07-02"",""days_on_chart"":34,""top10_days"":null,""peak_rank"":34,""peak_occurrences"":null,""peak_daily_streams"":6918,""metric_scope"":""country-specific Spotify daily Top 200 chart-attributed streams"",""country_rank"":519}"
520,Let It Snow! Let It Snow! Let It Snow!,Frank Sinatra,[],,,,[],"[""und""]",,,,,,,spotify_country_chart_streams,121647.0,streams,121647,Spotify regional daily chart (Kworb aggregate),,,4kKdvXD0ez7jp1296JmAts,,,https://kworb.net/spotify/country/mt_weekly_totals.html,2026-10-02,"Exact aggregate of streams observed while this recording was inside Spotify's daily Top 200 for Malta, as aggregated by Kworb from Spotify chart data. Streams earned outside the chart are not included. Chart coverage on the source page: 2014-01-12 through 2020-07-02.","{""country_code"":""MT"",""country_name"":""Malta"",""chart_coverage_start"":""2014-01-12"",""chart_coverage_end"":""2020-07-02"",""days_on_chart"":25,""top10_days"":null,""peak_rank"":14,""peak_occurrences"":null,""peak_daily_streams"":12689,""metric_scope"":""country-specific Spotify daily Top 200 chart-attributed streams"",""country_rank"":520}"
521,Blow Your Mind (Mwah),Dua Lipa,[],,,,[],"[""und""]",,,,,,,spotify_country_chart_streams,121247.0,streams,121247,Spotify regional daily chart (Kworb aggregate),,,7kJlTKjNZVT26iwiDUVhRm,,,https://kworb.net/spotify/country/mt_weekly_totals.html,2026-10-02,"Exact aggregate of streams observed while this recording was inside Spotify's daily Top 200 for Malta, as aggregated by Kworb from Spotify chart data. Streams earned outside the chart are not included. Chart coverage on the source page: 2014-01-12 through 2020-07-02.","{""country_code"":""MT"",""country_name"":""Malta"",""chart_coverage_start"":""2014-01-12"",""chart_coverage_end"":""2020-07-02"",""days_on_chart"":62,""top10_days"":null,""peak_rank"":65,""peak_occurrences"":null,""peak_daily_streams"":2655,""metric_scope"":""country-specific Spotify daily Top 200 chart-attributed streams"",""country_rank"":521}"
522,Say Something,Justin Timberlake,[],,,,[],"[""und""]",,,,,,,spotify_country_chart_streams,121138.0,streams,121138,Spotify regional daily chart (Kworb aggregate),,,1LhMopPAallLeaeNutqbgS,,,https://kworb.net/spotify/country/mt_weekly_totals.html,2026-10-02,"Exact aggregate of streams observed while this recording was inside Spotify's daily Top 200 for Malta, as aggregated by Kworb from Spotify chart data. Streams earned outside the chart are not included. Chart coverage on the source page: 2014-01-12 through 2020-07-02.","{""country_code"":""MT"",""country_name"":""Malta"",""chart_coverage_start"":""2014-01-12"",""chart_coverage_end"":""2020-07-02"",""days_on_chart"":21,""top10_days"":null,""peak_rank"":23,""peak_occurrences"":null,""peak_daily_streams"":7839,""metric_scope"":""country-specific Spotify daily Top 200 chart-attributed streams"",""country_rank"":522}"
523,High On Life,Martin Garrix,[],,,,[],"[""und""]",,,,,,,spotify_country_chart_streams,121116.0,streams,121116,Spotify regional daily chart (Kworb aggregate),,,4ut5G4rgB1ClpMTMfjoIuy,,,https://kworb.net/spotify/country/mt_weekly_totals.html,2026-10-02,"Exact aggregate of streams observed while this recording was inside Spotify's daily Top 200 for Malta, as aggregated by Kworb from Spotify chart data. Streams earned outside the chart are not included. Chart coverage on the source page: 2014-01-12 through 2020-07-02.","{""country_code"":""MT"",""country_name"":""Malta"",""chart_coverage_start"":""2014-01-12"",""chart_coverage_end"":""2020-07-02"",""days_on_chart"":29,""top10_days"":null,""peak_rank"":39,""peak_occurrences"":null,""peak_daily_streams"":6821,""metric_scope"":""country-specific Spotify daily Top 200 chart-attributed streams"",""country_rank"":523}"
524,Prayer in C - Robin Schulz Radio Edit,Lilly Wood and The Prick,[],,,,[],"[""und""]",,,,,,,spotify_country_chart_streams,120726.0,streams,120726,Spotify regional daily chart (Kworb aggregate),,,5zlC5d5umTrbcX9sLVVxzh,,,https://kworb.net/spotify/country/mt_weekly_totals.html,2026-10-02,"Exact aggregate of streams observed while this recording was inside Spotify's daily Top 200 for Malta, as aggregated by Kworb from Spotify chart data. Streams earned outside the chart are not included. Chart coverage on the source page: 2014-01-12 through 2020-07-02.","{""country_code"":""MT"",""country_name"":""Malta"",""chart_coverage_start"":""2014-01-12"",""chart_coverage_end"":""2020-07-02"",""days_on_chart"":54,""top10_days"":8,""peak_rank"":2,""peak_occurrences"":3,""peak_daily_streams"":5351,""metric_scope"":""country-specific Spotify daily Top 200 chart-attributed streams"",""country_rank"":524}"
525,History,Olivia Holt,[],,,,[],"[""und""]",,,,,,,spotify_country_chart_streams,120713.0,streams,120713,Spotify regional daily chart (Kworb aggregate),,,0WCEaydwN65cvwaW8aqptF,,,https://kworb.net/spotify/country/mt_weekly_totals.html,2026-10-02,"Exact aggregate of streams observed while this recording was inside Spotify's daily Top 200 for Malta, as aggregated by Kworb from Spotify chart data. Streams earned outside the chart are not included. Chart coverage on the source page: 2014-01-12 through 2020-07-02.","{""country_code"":""MT"",""country_name"":""Malta"",""chart_coverage_start"":""2014-01-12"",""chart_coverage_end"":""2020-07-02"",""days_on_chart"":33,""top10_days"":null,""peak_rank"":26,""peak_occurrences"":null,""peak_daily_streams"":6983,""metric_scope"":""country-specific Spotify daily Top 200 chart-attributed streams"",""country_rank"":525}"
526,Slide Away,Miley Cyrus,[],,,,[],"[""und""]",,,,,,,spotify_country_chart_streams,120634.0,streams,120634,Spotify regional daily chart (Kworb aggregate),,,44ADyYoY5liaRa3EOAl4uf,,,https://kworb.net/spotify/country/mt_weekly_totals.html,2026-10-02,"Exact aggregate of streams observed while this recording was inside Spotify's daily Top 200 for Malta, as aggregated by Kworb from Spotify chart data. Streams earned outside the chart are not included. Chart coverage on the source page: 2014-01-12 through 2020-07-02.","{""country_code"":""MT"",""country_name"":""Malta"",""chart_coverage_start"":""2014-01-12"",""chart_coverage_end"":""2020-07-02"",""days_on_chart"":27,""top10_days"":null,""peak_rank"":13,""peak_occurrences"":null,""peak_daily_streams"":10533,""metric_scope"":""country-specific Spotify daily Top 200 chart-attributed streams"",""country_rank"":526}"
527,Somebody To Love - Remastered 2011,Queen,[],,,,[],"[""und""]",,,,,,,spotify_country_chart_streams,120587.0,streams,120587,Spotify regional daily chart (Kworb aggregate),,,6cFZ4PLC19taNlpl9pbGMf,,,https://kworb.net/spotify/country/mt_weekly_totals.html,2026-10-02,"Exact aggregate of streams observed while this recording was inside Spotify's daily Top 200 for Malta, as aggregated by Kworb from Spotify chart data. Streams earned outside the chart are not included. Chart coverage on the source page: 2014-01-12 through 2020-07-02.","{""country_code"":""MT"",""country_name"":""Malta"",""chart_coverage_start"":""2014-01-12"",""chart_coverage_end"":""2020-07-02"",""days_on_chart"":25,""top10_days"":null,""peak_rank"":33,""peak_occurrences"":null,""peak_daily_streams"":8721,""metric_scope"":""country-specific Spotify daily Top 200 chart-attributed streams"",""country_rank"":527}"
528,Robbery,Juice WRLD,[],,,,[],"[""und""]",,,,,,,spotify_country_chart_streams,120458.0,streams,120458,Spotify regional daily chart (Kworb aggregate),,,6Hj9jySrnFppAI0sEMCZpJ,,,https://kworb.net/spotify/country/mt_weekly_totals.html,2026-10-02,"Exact aggregate of streams observed while this recording was inside Spotify's daily Top 200 for Malta, as aggregated by Kworb from Spotify chart data. Streams earned outside the chart are not included. Chart coverage on the source page: 2014-01-12 through 2020-07-02.","{""country_code"":""MT"",""country_name"":""Malta"",""chart_coverage_start"":""2014-01-12"",""chart_coverage_end"":""2020-07-02"",""days_on_chart"":42,""top10_days"":null,""peak_rank"":35,""peak_occurrences"":null,""peak_daily_streams"":7123,""metric_scope"":""country-specific Spotify daily Top 200 chart-attributed streams"",""country_rank"":528}"
529,Run Up,Major Lazer,[],,,,[],"[""und""]",,,,,,,spotify_country_chart_streams,120268.0,streams,120268,Spotify regional daily chart (Kworb aggregate),,,0fg8CqpjdojMyXLNzM2PaJ,,,https://kworb.net/spotify/country/mt_weekly_totals.html,2026-10-02,"Exact aggregate of streams observed while this recording was inside Spotify's daily Top 200 for Malta, as aggregated by Kworb from Spotify chart data. Streams earned outside the chart are not included. Chart coverage on the source page: 2014-01-12 through 2020-07-02.","{""country_code"":""MT"",""country_name"":""Malta"",""chart_coverage_start"":""2014-01-12"",""chart_coverage_end"":""2020-07-02"",""days_on_chart"":19,""top10_days"":null,""peak_rank"":16,""peak_occurrences"":null,""peak_daily_streams"":9185,""metric_scope"":""country-specific Spotify daily Top 200 chart-attributed streams"",""country_rank"":529}"
530,Waves - Robin Schulz Radio Edit,Mr. Probz,[],,,,[],"[""und""]",,,,,,,spotify_country_chart_streams,119668.0,streams,119668,Spotify regional daily chart (Kworb aggregate),,,5Sf3GyLEAzJXxZ5mbCPXTu,,,https://kworb.net/spotify/country/mt_weekly_totals.html,2026-10-02,"Exact aggregate of streams observed while this recording was inside Spotify's daily Top 200 for Malta, as aggregated by Kworb from Spotify chart data. Streams earned outside the chart are not included. Chart coverage on the source page: 2014-01-12 through 2020-07-02.","{""country_code"":""MT"",""country_name"":""Malta"",""chart_coverage_start"":""2014-01-12"",""chart_coverage_end"":""2020-07-02"",""days_on_chart"":58,""top10_days"":18,""peak_rank"":1,""peak_occurrences"":2,""peak_daily_streams"":4050,""metric_scope"":""country-specific Spotify daily Top 200 chart-attributed streams"",""country_rank"":530}"
531,Asesina - Remix,Brytiago,[],,,,[],"[""und""]",,,,,,,spotify_country_chart_streams,119572.0,streams,119572,Spotify regional daily chart (Kworb aggregate),,,59PYgzOiOjGDzjDT5N5oOX,,,https://kworb.net/spotify/country/mt_weekly_totals.html,2026-10-02,"Exact aggregate of streams observed while this recording was inside Spotify's daily Top 200 for Malta, as aggregated by Kworb from Spotify chart data. Streams earned outside the chart are not included. Chart coverage on the source page: 2014-01-12 through 2020-07-02.","{""country_code"":""MT"",""country_name"":""Malta"",""chart_coverage_start"":""2014-01-12"",""chart_coverage_end"":""2020-07-02"",""days_on_chart"":20,""top10_days"":1,""peak_rank"":6,""peak_occurrences"":null,""peak_daily_streams"":14291,""metric_scope"":""country-specific Spotify daily Top 200 chart-attributed streams"",""country_rank"":531}"
532,The Greatest,Sia,[],,,,[],"[""und""]",,,,,,,spotify_country_chart_streams,119527.0,streams,119527,Spotify regional daily chart (Kworb aggregate),,,3XIIOCu6B8PuGq5j61asEM,,,https://kworb.net/spotify/country/mt_weekly_totals.html,2026-10-02,"Exact aggregate of streams observed while this recording was inside Spotify's daily Top 200 for Malta, as aggregated by Kworb from Spotify chart data. Streams earned outside the chart are not included. Chart coverage on the source page: 2014-01-12 through 2020-07-02.","{""country_code"":""MT"",""country_name"":""Malta"",""chart_coverage_start"":""2014-01-12"",""chart_coverage_end"":""2020-07-02"",""days_on_chart"":23,""top10_days"":6,""peak_rank"":3,""peak_occurrences"":1,""peak_daily_streams"":13710,""metric_scope"":""country-specific Spotify daily Top 200 chart-attributed streams"",""alternate_metrics"":[{""metric_name"":""spotify_country_chart_streams"",""metric_value"":105531.0,""metric_unit"":""streams"",""listen_count"":105531,""view_count"":null,""source_url"":""https://kworb.net/spotify/country/mt_weekly_totals.html"",""retrieved_at"":""2026-10-02""}],""merged_sources"":[""https://kworb.net/spotify/country/mt_weekly_totals.html""],""country_rank"":532}"
533,Good As Hell,Lizzo,[],,,,[],"[""und""]",,,,,,,spotify_country_chart_streams,119333.0,streams,119333,Spotify regional daily chart (Kworb aggregate),,,07Oz5StQ7GRoygNLaXs2pd,,,https://kworb.net/spotify/country/mt_weekly_totals.html,2026-10-02,"Exact aggregate of streams observed while this recording was inside Spotify's daily Top 200 for Malta, as aggregated by Kworb from Spotify chart data. Streams earned outside the chart are not included. Chart coverage on the source page: 2014-01-12 through 2020-07-02.","{""country_code"":""MT"",""country_name"":""Malta"",""chart_coverage_start"":""2014-01-12"",""chart_coverage_end"":""2020-07-02"",""days_on_chart"":30,""top10_days"":null,""peak_rank"":22,""peak_occurrences"":null,""peak_daily_streams"":8425,""metric_scope"":""country-specific Spotify daily Top 200 chart-attributed streams"",""alternate_metrics"":[{""metric_name"":""spotify_country_chart_streams"",""metric_value"":85902.0,""metric_unit"":""streams"",""listen_count"":85902,""view_count"":null,""source_url"":""https://kworb.net/spotify/country/mt_weekly_totals.html"",""retrieved_at"":""2026-10-02""}],""merged_sources"":[""https://kworb.net/spotify/country/mt_weekly_totals.html""],""country_rank"":533}"
534,Lucky You,Eminem,[],,,,[],"[""und""]",,,,,,,spotify_country_chart_streams,118670.0,streams,118670,Spotify regional daily chart (Kworb aggregate),,,60SdxE8apGAxMiRrpbmLY0,,,https://kworb.net/spotify/country/mt_weekly_totals.html,2026-10-02,"Exact aggregate of streams observed while this recording was inside Spotify's daily Top 200 for Malta, as aggregated by Kworb from Spotify chart data. Streams earned outside the chart are not included. Chart coverage on the source page: 2014-01-12 through 2020-07-02.","{""country_code"":""MT"",""country_name"":""Malta"",""chart_coverage_start"":""2014-01-12"",""chart_coverage_end"":""2020-07-02"",""days_on_chart"":15,""top10_days"":4,""peak_rank"":2,""peak_occurrences"":1,""peak_daily_streams"":19945,""metric_scope"":""country-specific Spotify daily Top 200 chart-attributed streams"",""country_rank"":534}"
535,Jingle Bell Rock,Bobby Helms,[],,,,[],"[""und""]",,,,,,,spotify_country_chart_streams,118131.0,streams,118131,Spotify regional daily chart (Kworb aggregate),,,7vQbuQcyTflfCIOu3Uzzya,,,https://kworb.net/spotify/country/mt_weekly_totals.html,2026-10-02,"Exact aggregate of streams observed while this recording was inside Spotify's daily Top 200 for Malta, as aggregated by Kworb from Spotify chart data. Streams earned outside the chart are not included. Chart coverage on the source page: 2014-01-12 through 2020-07-02.","{""country_code"":""MT"",""country_name"":""Malta"",""chart_coverage_start"":""2014-01-12"",""chart_coverage_end"":""2020-07-02"",""days_on_chart"":18,""top10_days"":2,""peak_rank"":5,""peak_occurrences"":null,""peak_daily_streams"":17345,""metric_scope"":""country-specific Spotify daily Top 200 chart-attributed streams"",""country_rank"":535}"
536,Fetish,Selena Gomez,[],,,,[],"[""und""]",,,,,,,spotify_country_chart_streams,118073.0,streams,118073,Spotify regional daily chart (Kworb aggregate),,,0XLOf9LhyazPX9Ld8jPiUq,,,https://kworb.net/spotify/country/mt_weekly_totals.html,2026-10-02,"Exact aggregate of streams observed while this recording was inside Spotify's daily Top 200 for Malta, as aggregated by Kworb from Spotify chart data. Streams earned outside the chart are not included. Chart coverage on the source page: 2014-01-12 through 2020-07-02.","{""country_code"":""MT"",""country_name"":""Malta"",""chart_coverage_start"":""2014-01-12"",""chart_coverage_end"":""2020-07-02"",""days_on_chart"":22,""top10_days"":3,""peak_rank"":7,""peak_occurrences"":null,""peak_daily_streams"":15321,""metric_scope"":""country-specific Spotify daily Top 200 chart-attributed streams"",""country_rank"":536}"
537,Paradise,Bazzi,[],,,,[],"[""und""]",,,,,,,spotify_country_chart_streams,118068.0,streams,118068,Spotify regional daily chart (Kworb aggregate),,,7njKgVl3AnLflRad38o7AG,,,https://kworb.net/spotify/country/mt_weekly_totals.html,2026-10-02,"Exact aggregate of streams observed while this recording was inside Spotify's daily Top 200 for Malta, as aggregated by Kworb from Spotify chart data. Streams earned outside the chart are not included. Chart coverage on the source page: 2014-01-12 through 2020-07-02.","{""country_code"":""MT"",""country_name"":""Malta"",""chart_coverage_start"":""2014-01-12"",""chart_coverage_end"":""2020-07-02"",""days_on_chart"":31,""top10_days"":null,""peak_rank"":14,""peak_occurrences"":null,""peak_daily_streams"":7656,""metric_scope"":""country-specific Spotify daily Top 200 chart-attributed streams"",""country_rank"":537}"
538,No Limit,G-Eazy,[],,,,[],"[""und""]",,,,,,,spotify_country_chart_streams,117696.0,streams,117696,Spotify regional daily chart (Kworb aggregate),,,2DQ1ITjI0YoLFzuADN1ZBW,,,https://kworb.net/spotify/country/mt_weekly_totals.html,2026-10-02,"Exact aggregate of streams observed while this recording was inside Spotify's daily Top 200 for Malta, as aggregated by Kworb from Spotify chart data. Streams earned outside the chart are not included. Chart coverage on the source page: 2014-01-12 through 2020-07-02.","{""country_code"":""MT"",""country_name"":""Malta"",""chart_coverage_start"":""2014-01-12"",""chart_coverage_end"":""2020-07-02"",""days_on_chart"":24,""top10_days"":null,""peak_rank"":17,""peak_occurrences"":null,""peak_daily_streams"":8673,""metric_scope"":""country-specific Spotify daily Top 200 chart-attributed streams"",""country_rank"":538}"
539,No Idea,Don Toliver,[],,,,[],"[""und""]",,,,,,,spotify_country_chart_streams,117597.0,streams,117597,Spotify regional daily chart (Kworb aggregate),,,3VyjsVV24RmBIbWJAeUJNu,,,https://kworb.net/spotify/country/mt_weekly_totals.html,2026-10-02,"Exact aggregate of streams observed while this recording was inside Spotify's daily Top 200 for Malta, as aggregated by Kworb from Spotify chart data. Streams earned outside the chart are not included. Chart coverage on the source page: 2014-01-12 through 2020-07-02.","{""country_code"":""MT"",""country_name"":""Malta"",""chart_coverage_start"":""2014-01-12"",""chart_coverage_end"":""2020-07-02"",""days_on_chart"":30,""top10_days"":null,""peak_rank"":25,""peak_occurrences"":null,""peak_daily_streams"":8281,""metric_scope"":""country-specific Spotify daily Top 200 chart-attributed streams"",""country_rank"":539}"
540,REMEDY,Alesso,[],,,,[],"[""und""]",,,,,,,spotify_country_chart_streams,117561.0,streams,117561,Spotify regional daily chart (Kworb aggregate),,,6jreFSOTUAViWjKyzOC4Kg,,,https://kworb.net/spotify/country/mt_weekly_totals.html,2026-10-02,"Exact aggregate of streams observed while this recording was inside Spotify's daily Top 200 for Malta, as aggregated by Kworb from Spotify chart data. Streams earned outside the chart are not included. Chart coverage on the source page: 2014-01-12 through 2020-07-02.","{""country_code"":""MT"",""country_name"":""Malta"",""chart_coverage_start"":""2014-01-12"",""chart_coverage_end"":""2020-07-02"",""days_on_chart"":32,""top10_days"":null,""peak_rank"":31,""peak_occurrences"":null,""peak_daily_streams"":7664,""metric_scope"":""country-specific Spotify daily Top 200 chart-attributed streams"",""country_rank"":540}"
541,When We Were Young,Adele,[],,,,[],"[""und""]",,,,,,,spotify_country_chart_streams,117103.0,streams,117103,Spotify regional daily chart (Kworb aggregate),,,7A2eDNBgJrEVE87C8pOMqN,,,https://kworb.net/spotify/country/mt_weekly_totals.html,2026-10-02,"Exact aggregate of streams observed while this recording was inside Spotify's daily Top 200 for Malta, as aggregated by Kworb from Spotify chart data. Streams earned outside the chart are not included. Chart coverage on the source page: 2014-01-12 through 2020-07-02.","{""country_code"":""MT"",""country_name"":""Malta"",""chart_coverage_start"":""2014-01-12"",""chart_coverage_end"":""2020-07-02"",""days_on_chart"":53,""top10_days"":null,""peak_rank"":25,""peak_occurrences"":null,""peak_daily_streams"":6142,""metric_scope"":""country-specific Spotify daily Top 200 chart-attributed streams"",""country_rank"":541}"
542,Cool Girl,Tove Lo,[],,,,[],"[""und""]",,,,,,,spotify_country_chart_streams,116593.0,streams,116593,Spotify regional daily chart (Kworb aggregate),,,5LWVXN39UpNyhkYnBvDfyq,,,https://kworb.net/spotify/country/mt_weekly_totals.html,2026-10-02,"Exact aggregate of streams observed while this recording was inside Spotify's daily Top 200 for Malta, as aggregated by Kworb from Spotify chart data. Streams earned outside the chart are not included. Chart coverage on the source page: 2014-01-12 through 2020-07-02.","{""country_code"":""MT"",""country_name"":""Malta"",""chart_coverage_start"":""2014-01-12"",""chart_coverage_end"":""2020-07-02"",""days_on_chart"":26,""top10_days"":null,""peak_rank"":23,""peak_occurrences"":null,""peak_daily_streams"":6986,""metric_scope"":""country-specific Spotify daily Top 200 chart-attributed streams"",""country_rank"":542}"
543,Don't Mind,Kent Jones,[],,,,[],"[""und""]",,,,,,,spotify_country_chart_streams,116200.0,streams,116200,Spotify regional daily chart (Kworb aggregate),,,27PmvZoffODNFW2p7ehZTQ,,,https://kworb.net/spotify/country/mt_weekly_totals.html,2026-10-02,"Exact aggregate of streams observed while this recording was inside Spotify's daily Top 200 for Malta, as aggregated by Kworb from Spotify chart data. Streams earned outside the chart are not included. Chart coverage on the source page: 2014-01-12 through 2020-07-02.","{""country_code"":""MT"",""country_name"":""Malta"",""chart_coverage_start"":""2014-01-12"",""chart_coverage_end"":""2020-07-02"",""days_on_chart"":29,""top10_days"":null,""peak_rank"":23,""peak_occurrences"":null,""peak_daily_streams"":7804,""metric_scope"":""country-specific Spotify daily Top 200 chart-attributed streams"",""country_rank"":543}"
544,Criminal,NATTI NATASHA,[],,,,[],"[""und""]",,,,,,,spotify_country_chart_streams,115828.0,streams,115828,Spotify regional daily chart (Kworb aggregate),,,6Za3190Sbw39BBC77WSS1C,,,https://kworb.net/spotify/country/mt_weekly_totals.html,2026-10-02,"Exact aggregate of streams observed while this recording was inside Spotify's daily Top 200 for Malta, as aggregated by Kworb from Spotify chart data. Streams earned outside the chart are not included. Chart coverage on the source page: 2014-01-12 through 2020-07-02.","{""country_code"":""MT"",""country_name"":""Malta"",""chart_coverage_start"":""2014-01-12"",""chart_coverage_end"":""2020-07-02"",""days_on_chart"":39,""top10_days"":null,""peak_rank"":65,""peak_occurrences"":null,""peak_daily_streams"":3886,""metric_scope"":""country-specific Spotify daily Top 200 chart-attributed streams"",""country_rank"":544}"
545,X - Remix,Nicky Jam,[],,,,[],"[""und""]",,,,,,,spotify_country_chart_streams,115749.0,streams,115749,Spotify regional daily chart (Kworb aggregate),,,6JjPBQfI2Y8nIjnm65X6Pw,,,https://kworb.net/spotify/country/mt_weekly_totals.html,2026-10-02,"Exact aggregate of streams observed while this recording was inside Spotify's daily Top 200 for Malta, as aggregated by Kworb from Spotify chart data. Streams earned outside the chart are not included. Chart coverage on the source page: 2014-01-12 through 2020-07-02.","{""country_code"":""MT"",""country_name"":""Malta"",""chart_coverage_start"":""2014-01-12"",""chart_coverage_end"":""2020-07-02"",""days_on_chart"":22,""top10_days"":null,""peak_rank"":23,""peak_occurrences"":null,""peak_daily_streams"":8681,""metric_scope"":""country-specific Spotify daily Top 200 chart-attributed streams"",""country_rank"":545}"
546,Goodbye,Jason Derulo,[],,,,[],"[""und""]",,,,,,,spotify_country_chart_streams,115245.0,streams,115245,Spotify regional daily chart (Kworb aggregate),,,5Xn4IyTtW6FUGIUyWjbUHG,,,https://kworb.net/spotify/country/mt_weekly_totals.html,2026-10-02,"Exact aggregate of streams observed while this recording was inside Spotify's daily Top 200 for Malta, as aggregated by Kworb from Spotify chart data. Streams earned outside the chart are not included. Chart coverage on the source page: 2014-01-12 through 2020-07-02.","{""country_code"":""MT"",""country_name"":""Malta"",""chart_coverage_start"":""2014-01-12"",""chart_coverage_end"":""2020-07-02"",""days_on_chart"":21,""top10_days"":null,""peak_rank"":18,""peak_occurrences"":null,""peak_daily_streams"":9420,""metric_scope"":""country-specific Spotify daily Top 200 chart-attributed streams"",""country_rank"":546}"
547,Most Girls,Hailee Steinfeld,[],,,,[],"[""und""]",,,,,,,spotify_country_chart_streams,114720.0,streams,114720,Spotify regional daily chart (Kworb aggregate),,,2mfUa8bLs2s5N4VaqJZ4lZ,,,https://kworb.net/spotify/country/mt_weekly_totals.html,2026-10-02,"Exact aggregate of streams observed while this recording was inside Spotify's daily Top 200 for Malta, as aggregated by Kworb from Spotify chart data. Streams earned outside the chart are not included. Chart coverage on the source page: 2014-01-12 through 2020-07-02.","{""country_code"":""MT"",""country_name"":""Malta"",""chart_coverage_start"":""2014-01-12"",""chart_coverage_end"":""2020-07-02"",""days_on_chart"":32,""top10_days"":null,""peak_rank"":42,""peak_occurrences"":null,""peak_daily_streams"":7622,""metric_scope"":""country-specific Spotify daily Top 200 chart-attributed streams"",""country_rank"":547}"
548,Mr. Brightside,The Killers,[],,,,[],"[""und""]",,,,,,,spotify_country_chart_streams,114647.0,streams,114647,Spotify regional daily chart (Kworb aggregate),,,003vvx7Niy0yvhvHt4a68B,,,https://kworb.net/spotify/country/mt_weekly_totals.html,2026-10-02,"Exact aggregate of streams observed while this recording was inside Spotify's daily Top 200 for Malta, as aggregated by Kworb from Spotify chart data. Streams earned outside the chart are not included. Chart coverage on the source page: 2014-01-12 through 2020-07-02.","{""country_code"":""MT"",""country_name"":""Malta"",""chart_coverage_start"":""2014-01-12"",""chart_coverage_end"":""2020-07-02"",""days_on_chart"":66,""top10_days"":null,""peak_rank"":96,""peak_occurrences"":null,""peak_daily_streams"":2570,""metric_scope"":""country-specific Spotify daily Top 200 chart-attributed streams"",""country_rank"":548}"
549,Green Light,Lorde,[],,,,[],"[""und""]",,,,,,,spotify_country_chart_streams,114637.0,streams,114637,Spotify regional daily chart (Kworb aggregate),,,1WC5UN1U79gJlxGLYDGIO7,,,https://kworb.net/spotify/country/mt_weekly_totals.html,2026-10-02,"Exact aggregate of streams observed while this recording was inside Spotify's daily Top 200 for Malta, as aggregated by Kworb from Spotify chart data. Streams earned outside the chart are not included. Chart coverage on the source page: 2014-01-12 through 2020-07-02.","{""country_code"":""MT"",""country_name"":""Malta"",""chart_coverage_start"":""2014-01-12"",""chart_coverage_end"":""2020-07-02"",""days_on_chart"":22,""top10_days"":null,""peak_rank"":19,""peak_occurrences"":null,""peak_daily_streams"":10715,""metric_scope"":""country-specific Spotify daily Top 200 chart-attributed streams"",""country_rank"":549}"
550,BUTTERFLY EFFECT,Travis Scott,[],,,,[],"[""und""]",,,,,,,spotify_country_chart_streams,114207.0,streams,114207,Spotify regional daily chart (Kworb aggregate),,,1yxgsra98r3qAtxqiGZPiX,,,https://kworb.net/spotify/country/mt_weekly_totals.html,2026-10-02,"Exact aggregate of streams observed while this recording was inside Spotify's daily Top 200 for Malta, as aggregated by Kworb from Spotify chart data. Streams earned outside the chart are not included. Chart coverage on the source page: 2014-01-12 through 2020-07-02.","{""country_code"":""MT"",""country_name"":""Malta"",""chart_coverage_start"":""2014-01-12"",""chart_coverage_end"":""2020-07-02"",""days_on_chart"":41,""top10_days"":null,""peak_rank"":48,""peak_occurrences"":null,""peak_daily_streams"":4883,""metric_scope"":""country-specific Spotify daily Top 200 chart-attributed streams"",""country_rank"":550}"
551,Summer,Calvin Harris,[],,,,[],"[""und""]",,,,,,,spotify_country_chart_streams,113461.0,streams,113461,Spotify regional daily chart (Kworb aggregate),,,7b71WsDLb8gG0cSyDTFAEW,,,https://kworb.net/spotify/country/mt_weekly_totals.html,2026-10-02,"Exact aggregate of streams observed while this recording was inside Spotify's daily Top 200 for Malta, as aggregated by Kworb from Spotify chart data. Streams earned outside the chart are not included. Chart coverage on the source page: 2014-01-12 through 2020-07-02.","{""country_code"":""MT"",""country_name"":""Malta"",""chart_coverage_start"":""2014-01-12"",""chart_coverage_end"":""2020-07-02"",""days_on_chart"":49,""top10_days"":18,""peak_rank"":1,""peak_occurrences"":5,""peak_daily_streams"":4581,""metric_scope"":""country-specific Spotify daily Top 200 chart-attributed streams"",""country_rank"":551}"
552,"I Can’t Get Enough (benny blanco, Selena Gomez, J Balvin, Tainy)",benny blanco,[],,,,[],"[""und""]",,,,,,,spotify_country_chart_streams,113456.0,streams,113456,Spotify regional daily chart (Kworb aggregate),,,1WSGTYKLEpKfNQYYW5Oymt,,,https://kworb.net/spotify/country/mt_weekly_totals.html,2026-10-02,"Exact aggregate of streams observed while this recording was inside Spotify's daily Top 200 for Malta, as aggregated by Kworb from Spotify chart data. Streams earned outside the chart are not included. Chart coverage on the source page: 2014-01-12 through 2020-07-02.","{""country_code"":""MT"",""country_name"":""Malta"",""chart_coverage_start"":""2014-01-12"",""chart_coverage_end"":""2020-07-02"",""days_on_chart"":22,""top10_days"":null,""peak_rank"":11,""peak_occurrences"":null,""peak_daily_streams"":12772,""metric_scope"":""country-specific Spotify daily Top 200 chart-attributed streams"",""country_rank"":552}"
553,Duro y Suave,Leslie Grace,[],,,,[],"[""und""]",,,,,,,spotify_country_chart_streams,113432.0,streams,113432,Spotify regional daily chart (Kworb aggregate),,,31M5m42C3EGlbydf9XB5to,,,https://kworb.net/spotify/country/mt_weekly_totals.html,2026-10-02,"Exact aggregate of streams observed while this recording was inside Spotify's daily Top 200 for Malta, as aggregated by Kworb from Spotify chart data. Streams earned outside the chart are not included. Chart coverage on the source page: 2014-01-12 through 2020-07-02.","{""country_code"":""MT"",""country_name"":""Malta"",""chart_coverage_start"":""2014-01-12"",""chart_coverage_end"":""2020-07-02"",""days_on_chart"":29,""top10_days"":null,""peak_rank"":47,""peak_occurrences"":null,""peak_daily_streams"":5859,""metric_scope"":""country-specific Spotify daily Top 200 chart-attributed streams"",""country_rank"":553}"
554,Go Loko,YG,[],,,,[],"[""und""]",,,,,,,spotify_country_chart_streams,113351.0,streams,113351,Spotify regional daily chart (Kworb aggregate),,,1kK6DwzyXJSp58u5HYWwuD,,,https://kworb.net/spotify/country/mt_weekly_totals.html,2026-10-02,"Exact aggregate of streams observed while this recording was inside Spotify's daily Top 200 for Malta, as aggregated by Kworb from Spotify chart data. Streams earned outside the chart are not included. Chart coverage on the source page: 2014-01-12 through 2020-07-02.","{""country_code"":""MT"",""country_name"":""Malta"",""chart_coverage_start"":""2014-01-12"",""chart_coverage_end"":""2020-07-02"",""days_on_chart"":24,""top10_days"":null,""peak_rank"":16,""peak_occurrences"":null,""peak_daily_streams"":8446,""metric_scope"":""country-specific Spotify daily Top 200 chart-attributed streams"",""country_rank"":554}"
555,Are You With Me,Lost Frequencies,[],,,,[],"[""und""]",,,,,,,spotify_country_chart_streams,112866.0,streams,112866,Spotify regional daily chart (Kworb aggregate),,,477daPpd3DnneaHhvjM35l,,,https://kworb.net/spotify/country/mt_weekly_totals.html,2026-10-02,"Exact aggregate of streams observed while this recording was inside Spotify's daily Top 200 for Malta, as aggregated by Kworb from Spotify chart data. Streams earned outside the chart are not included. Chart coverage on the source page: 2014-01-12 through 2020-07-02.","{""country_code"":""MT"",""country_name"":""Malta"",""chart_coverage_start"":""2014-01-12"",""chart_coverage_end"":""2020-07-02"",""days_on_chart"":50,""top10_days"":1,""peak_rank"":8,""peak_occurrences"":null,""peak_daily_streams"":4740,""metric_scope"":""country-specific Spotify daily Top 200 chart-attributed streams"",""country_rank"":555}"
556,Sensualidad,Bad Bunny,[],,,,[],"[""und""]",,,,,,,spotify_country_chart_streams,112794.0,streams,112794,Spotify regional daily chart (Kworb aggregate),,,5hcisvFMidkMJlElTO9Qmw,,,https://kworb.net/spotify/country/mt_weekly_totals.html,2026-10-02,"Exact aggregate of streams observed while this recording was inside Spotify's daily Top 200 for Malta, as aggregated by Kworb from Spotify chart data. Streams earned outside the chart are not included. Chart coverage on the source page: 2014-01-12 through 2020-07-02.","{""country_code"":""MT"",""country_name"":""Malta"",""chart_coverage_start"":""2014-01-12"",""chart_coverage_end"":""2020-07-02"",""days_on_chart"":33,""top10_days"":null,""peak_rank"":47,""peak_occurrences"":null,""peak_daily_streams"":5093,""metric_scope"":""country-specific Spotify daily Top 200 chart-attributed streams"",""country_rank"":556}"
557,Tanta Falta,Bryant Myers,[],,,,[],"[""und""]",,,,,,,spotify_country_chart_streams,111410.0,streams,111410,Spotify regional daily chart (Kworb aggregate),,,0sPTfDSZgE3KvcvqaKPtEx,,,https://kworb.net/spotify/country/mt_weekly_totals.html,2026-10-02,"Exact aggregate of streams observed while this recording was inside Spotify's daily Top 200 for Malta, as aggregated by Kworb from Spotify chart data. Streams earned outside the chart are not included. Chart coverage on the source page: 2014-01-12 through 2020-07-02.","{""country_code"":""MT"",""country_name"":""Malta"",""chart_coverage_start"":""2014-01-12"",""chart_coverage_end"":""2020-07-02"",""days_on_chart"":17,""top10_days"":1,""peak_rank"":4,""peak_occurrences"":null,""peak_daily_streams"":17183,""metric_scope"":""country-specific Spotify daily Top 200 chart-attributed streams"",""country_rank"":557}"
558,Arcade,Duncan Laurence,[],,,,[],"[""und""]",,,,,,,spotify_country_chart_streams,111400.0,streams,111400,Spotify regional daily chart (Kworb aggregate),,,1J14CdDAvBTE1AJYUOwl6C,,,https://kworb.net/spotify/country/mt_weekly_totals.html,2026-10-02,"Exact aggregate of streams observed while this recording was inside Spotify's daily Top 200 for Malta, as aggregated by Kworb from Spotify chart data. Streams earned outside the chart are not included. Chart coverage on the source page: 2014-01-12 through 2020-07-02.","{""country_code"":""MT"",""country_name"":""Malta"",""chart_coverage_start"":""2014-01-12"",""chart_coverage_end"":""2020-07-02"",""days_on_chart"":15,""top10_days"":3,""peak_rank"":2,""peak_occurrences"":1,""peak_daily_streams"":35012,""metric_scope"":""country-specific Spotify daily Top 200 chart-attributed streams"",""country_rank"":558}"
559,Pure Water,Mustard,[],,,,[],"[""und""]",,,,,,,spotify_country_chart_streams,111205.0,streams,111205,Spotify regional daily chart (Kworb aggregate),,,63cd4JkwGgYJrbOizbfmsp,,,https://kworb.net/spotify/country/mt_weekly_totals.html,2026-10-02,"Exact aggregate of streams observed while this recording was inside Spotify's daily Top 200 for Malta, as aggregated by Kworb from Spotify chart data. Streams earned outside the chart are not included. Chart coverage on the source page: 2014-01-12 through 2020-07-02.","{""country_code"":""MT"",""country_name"":""Malta"",""chart_coverage_start"":""2014-01-12"",""chart_coverage_end"":""2020-07-02"",""days_on_chart"":30,""top10_days"":null,""peak_rank"":46,""peak_occurrences"":null,""peak_daily_streams"":5941,""metric_scope"":""country-specific Spotify daily Top 200 chart-attributed streams"",""country_rank"":559}"
560,Love Someone,Lukas Graham,[],,,,[],"[""und""]",,,,,,,spotify_country_chart_streams,111188.0,streams,111188,Spotify regional daily chart (Kworb aggregate),,,3id2EVGKc3eFAMn9nFnB0r,,,https://kworb.net/spotify/country/mt_weekly_totals.html,2026-10-02,"Exact aggregate of streams observed while this recording was inside Spotify's daily Top 200 for Malta, as aggregated by Kworb from Spotify chart data. Streams earned outside the chart are not included. Chart coverage on the source page: 2014-01-12 through 2020-07-02.","{""country_code"":""MT"",""country_name"":""Malta"",""chart_coverage_start"":""2014-01-12"",""chart_coverage_end"":""2020-07-02"",""days_on_chart"":29,""top10_days"":null,""peak_rank"":55,""peak_occurrences"":null,""peak_daily_streams"":5896,""metric_scope"":""country-specific Spotify daily Top 200 chart-attributed streams"",""country_rank"":560}"
561,I'll Be There,Jess Glynne,[],,,,[],"[""und""]",,,,,,,spotify_country_chart_streams,110814.0,streams,110814,Spotify regional daily chart (Kworb aggregate),,,083Qf6hn6sFL6xiOHlZUyn,,,https://kworb.net/spotify/country/mt_weekly_totals.html,2026-10-02,"Exact aggregate of streams observed while this recording was inside Spotify's daily Top 200 for Malta, as aggregated by Kworb from Spotify chart data. Streams earned outside the chart are not included. Chart coverage on the source page: 2014-01-12 through 2020-07-02.","{""country_code"":""MT"",""country_name"":""Malta"",""chart_coverage_start"":""2014-01-12"",""chart_coverage_end"":""2020-07-02"",""days_on_chart"":26,""top10_days"":null,""peak_rank"":21,""peak_occurrences"":null,""peak_daily_streams"":8382,""metric_scope"":""country-specific Spotify daily Top 200 chart-attributed streams"",""country_rank"":561}"
562,Came Here for Love,Sigala,[],,,,[],"[""und""]",,,,,,,spotify_country_chart_streams,110521.0,streams,110521,Spotify regional daily chart (Kworb aggregate),,,3kGfazcbVvVkuZunzlLgTD,,,https://kworb.net/spotify/country/mt_weekly_totals.html,2026-10-02,"Exact aggregate of streams observed while this recording was inside Spotify's daily Top 200 for Malta, as aggregated by Kworb from Spotify chart data. Streams earned outside the chart are not included. Chart coverage on the source page: 2014-01-12 through 2020-07-02.","{""country_code"":""MT"",""country_name"":""Malta"",""chart_coverage_start"":""2014-01-12"",""chart_coverage_end"":""2020-07-02"",""days_on_chart"":28,""top10_days"":null,""peak_rank"":38,""peak_occurrences"":null,""peak_daily_streams"":6651,""metric_scope"":""country-specific Spotify daily Top 200 chart-attributed streams"",""country_rank"":562}"
563,Dangerous Woman,Ariana Grande,[],,,,[],"[""und""]",,,,,,,spotify_country_chart_streams,110520.0,streams,110520,Spotify regional daily chart (Kworb aggregate),,,6T506SFlFUVVNvnmCiVZR0,,,https://kworb.net/spotify/country/mt_weekly_totals.html,2026-10-02,"Exact aggregate of streams observed while this recording was inside Spotify's daily Top 200 for Malta, as aggregated by Kworb from Spotify chart data. Streams earned outside the chart are not included. Chart coverage on the source page: 2014-01-12 through 2020-07-02.","{""country_code"":""MT"",""country_name"":""Malta"",""chart_coverage_start"":""2014-01-12"",""chart_coverage_end"":""2020-07-02"",""days_on_chart"":26,""top10_days"":null,""peak_rank"":11,""peak_occurrences"":null,""peak_daily_streams"":8346,""metric_scope"":""country-specific Spotify daily Top 200 chart-attributed streams"",""country_rank"":563}"
564,Rich Love,OneRepublic,[],,,,[],"[""und""]",,,,,,,spotify_country_chart_streams,110380.0,streams,110380,Spotify regional daily chart (Kworb aggregate),,,7aF09WaavZAmAWuUeYxlYD,,,https://kworb.net/spotify/country/mt_weekly_totals.html,2026-10-02,"Exact aggregate of streams observed while this recording was inside Spotify's daily Top 200 for Malta, as aggregated by Kworb from Spotify chart data. Streams earned outside the chart are not included. Chart coverage on the source page: 2014-01-12 through 2020-07-02.","{""country_code"":""MT"",""country_name"":""Malta"",""chart_coverage_start"":""2014-01-12"",""chart_coverage_end"":""2020-07-02"",""days_on_chart"":23,""top10_days"":null,""peak_rank"":23,""peak_occurrences"":null,""peak_daily_streams"":8635,""metric_scope"":""country-specific Spotify daily Top 200 chart-attributed streams"",""country_rank"":564}"
565,Now and Later,Sage The Gemini,[],,,,[],"[""und""]",,,,,,,spotify_country_chart_streams,110213.0,streams,110213,Spotify regional daily chart (Kworb aggregate),,,43jBqV3j3Xi1g6wO0bhIMd,,,https://kworb.net/spotify/country/mt_weekly_totals.html,2026-10-02,"Exact aggregate of streams observed while this recording was inside Spotify's daily Top 200 for Malta, as aggregated by Kworb from Spotify chart data. Streams earned outside the chart are not included. Chart coverage on the source page: 2014-01-12 through 2020-07-02.","{""country_code"":""MT"",""country_name"":""Malta"",""chart_coverage_start"":""2014-01-12"",""chart_coverage_end"":""2020-07-02"",""days_on_chart"":21,""top10_days"":null,""peak_rank"":14,""peak_occurrences"":null,""peak_daily_streams"":8217,""metric_scope"":""country-specific Spotify daily Top 200 chart-attributed streams"",""country_rank"":565}"
566,Reggaetón en lo Oscuro,Wisin & Yandel,[],,,,[],"[""und""]",,,,,,,spotify_country_chart_streams,110024.0,streams,110024,Spotify regional daily chart (Kworb aggregate),,,7LLXLd0pisbEAdIVK502VM,,,https://kworb.net/spotify/country/mt_weekly_totals.html,2026-10-02,"Exact aggregate of streams observed while this recording was inside Spotify's daily Top 200 for Malta, as aggregated by Kworb from Spotify chart data. Streams earned outside the chart are not included. Chart coverage on the source page: 2014-01-12 through 2020-07-02.","{""country_code"":""MT"",""country_name"":""Malta"",""chart_coverage_start"":""2014-01-12"",""chart_coverage_end"":""2020-07-02"",""days_on_chart"":22,""top10_days"":null,""peak_rank"":46,""peak_occurrences"":null,""peak_daily_streams"":7202,""metric_scope"":""country-specific Spotify daily Top 200 chart-attributed streams"",""country_rank"":566}"
567,Ibiza,Ozuna,[],,,,[],"[""und""]",,,,,,,spotify_country_chart_streams,110010.0,streams,110010,Spotify regional daily chart (Kworb aggregate),,,1h9P5WJwyvK8OB7O2YiXgp,,,https://kworb.net/spotify/country/mt_weekly_totals.html,2026-10-02,"Exact aggregate of streams observed while this recording was inside Spotify's daily Top 200 for Malta, as aggregated by Kworb from Spotify chart data. Streams earned outside the chart are not included. Chart coverage on the source page: 2014-01-12 through 2020-07-02.","{""country_code"":""MT"",""country_name"":""Malta"",""chart_coverage_start"":""2014-01-12"",""chart_coverage_end"":""2020-07-02"",""days_on_chart"":26,""top10_days"":null,""peak_rank"":36,""peak_occurrences"":null,""peak_daily_streams"":7691,""metric_scope"":""country-specific Spotify daily Top 200 chart-attributed streams"",""country_rank"":567}"
568,Don't Be So Shy - Filatov & Karas Remix,Imany,[],,,,[],"[""und""]",,,,,,,spotify_country_chart_streams,109860.0,streams,109860,Spotify regional daily chart (Kworb aggregate),,,00vk0sEfb6mr2ehwSw0Uhn,,,https://kworb.net/spotify/country/mt_weekly_totals.html,2026-10-02,"Exact aggregate of streams observed while this recording was inside Spotify's daily Top 200 for Malta, as aggregated by Kworb from Spotify chart data. Streams earned outside the chart are not included. Chart coverage on the source page: 2014-01-12 through 2020-07-02.","{""country_code"":""MT"",""country_name"":""Malta"",""chart_coverage_start"":""2014-01-12"",""chart_coverage_end"":""2020-07-02"",""days_on_chart"":39,""top10_days"":null,""peak_rank"":50,""peak_occurrences"":null,""peak_daily_streams"":4080,""metric_scope"":""country-specific Spotify daily Top 200 chart-attributed streams"",""country_rank"":568}"
569,Hear Me Now,Alok,[],,,,[],"[""und""]",,,,,,,spotify_country_chart_streams,109773.0,streams,109773,Spotify regional daily chart (Kworb aggregate),,,1a5Yu5L18qNxVhXx38njON,,,https://kworb.net/spotify/country/mt_weekly_totals.html,2026-10-02,"Exact aggregate of streams observed while this recording was inside Spotify's daily Top 200 for Malta, as aggregated by Kworb from Spotify chart data. Streams earned outside the chart are not included. Chart coverage on the source page: 2014-01-12 through 2020-07-02.","{""country_code"":""MT"",""country_name"":""Malta"",""chart_coverage_start"":""2014-01-12"",""chart_coverage_end"":""2020-07-02"",""days_on_chart"":27,""top10_days"":null,""peak_rank"":23,""peak_occurrences"":null,""peak_daily_streams"":6880,""metric_scope"":""country-specific Spotify daily Top 200 chart-attributed streams"",""country_rank"":569}"
570,Swervin,A Boogie Wit da Hoodie,[],,,,[],"[""und""]",,,,,,,spotify_country_chart_streams,109762.0,streams,109762,Spotify regional daily chart (Kworb aggregate),,,1wJRveJZLSb1rjhnUHQiv6,,,https://kworb.net/spotify/country/mt_weekly_totals.html,2026-10-02,"Exact aggregate of streams observed while this recording was inside Spotify's daily Top 200 for Malta, as aggregated by Kworb from Spotify chart data. Streams earned outside the chart are not included. Chart coverage on the source page: 2014-01-12 through 2020-07-02.","{""country_code"":""MT"",""country_name"":""Malta"",""chart_coverage_start"":""2014-01-12"",""chart_coverage_end"":""2020-07-02"",""days_on_chart"":26,""top10_days"":null,""peak_rank"":25,""peak_occurrences"":null,""peak_daily_streams"":7507,""metric_scope"":""country-specific Spotify daily Top 200 chart-attributed streams"",""country_rank"":570}"
571,Numb,Elderbrook,[],,,,[],"[""und""]",,,,,,,spotify_country_chart_streams,108911.0,streams,108911,Spotify regional daily chart (Kworb aggregate),,,7rBpjxstrSsuOLqnuOC028,,,https://kworb.net/spotify/country/mt_weekly_totals.html,2026-10-02,"Exact aggregate of streams observed while this recording was inside Spotify's daily Top 200 for Malta, as aggregated by Kworb from Spotify chart data. Streams earned outside the chart are not included. Chart coverage on the source page: 2014-01-12 through 2020-07-02.","{""country_code"":""MT"",""country_name"":""Malta"",""chart_coverage_start"":""2014-01-12"",""chart_coverage_end"":""2020-07-02"",""days_on_chart"":12,""top10_days"":8,""peak_rank"":7,""peak_occurrences"":null,""peak_daily_streams"":12917,""metric_scope"":""country-specific Spotify daily Top 200 chart-attributed streams"",""country_rank"":571}"
572,Last Hurrah,Bebe Rexha,[],,,,[],"[""und""]",,,,,,,spotify_country_chart_streams,108627.0,streams,108627,Spotify regional daily chart (Kworb aggregate),,,0i0wnv9UoFdZ5MfuFGQzMy,,,https://kworb.net/spotify/country/mt_weekly_totals.html,2026-10-02,"Exact aggregate of streams observed while this recording was inside Spotify's daily Top 200 for Malta, as aggregated by Kworb from Spotify chart data. Streams earned outside the chart are not included. Chart coverage on the source page: 2014-01-12 through 2020-07-02.","{""country_code"":""MT"",""country_name"":""Malta"",""chart_coverage_start"":""2014-01-12"",""chart_coverage_end"":""2020-07-02"",""days_on_chart"":26,""top10_days"":null,""peak_rank"":21,""peak_occurrences"":null,""peak_daily_streams"":9318,""metric_scope"":""country-specific Spotify daily Top 200 chart-attributed streams"",""country_rank"":572}"
573,Empty Space,James Arthur,[],,,,[],"[""und""]",,,,,,,spotify_country_chart_streams,108153.0,streams,108153,Spotify regional daily chart (Kworb aggregate),,,1uru26I2JKd2mQZt0MDCUe,,,https://kworb.net/spotify/country/mt_weekly_totals.html,2026-10-02,"Exact aggregate of streams observed while this recording was inside Spotify's daily Top 200 for Malta, as aggregated by Kworb from Spotify chart data. Streams earned outside the chart are not included. Chart coverage on the source page: 2014-01-12 through 2020-07-02.","{""country_code"":""MT"",""country_name"":""Malta"",""chart_coverage_start"":""2014-01-12"",""chart_coverage_end"":""2020-07-02"",""days_on_chart"":31,""top10_days"":null,""peak_rank"":56,""peak_occurrences"":null,""peak_daily_streams"":6404,""metric_scope"":""country-specific Spotify daily Top 200 chart-attributed streams"",""country_rank"":573}"
574,Perfect,One Direction,[],,,,[],"[""und""]",,,,,,,spotify_country_chart_streams,107966.0,streams,107966,Spotify regional daily chart (Kworb aggregate),,,3NLnwwAQbbFKcEcV8hDItk,,,https://kworb.net/spotify/country/mt_weekly_totals.html,2026-10-02,"Exact aggregate of streams observed while this recording was inside Spotify's daily Top 200 for Malta, as aggregated by Kworb from Spotify chart data. Streams earned outside the chart are not included. Chart coverage on the source page: 2014-01-12 through 2020-07-02.","{""country_code"":""MT"",""country_name"":""Malta"",""chart_coverage_start"":""2014-01-12"",""chart_coverage_end"":""2020-07-02"",""days_on_chart"":32,""top10_days"":2,""peak_rank"":7,""peak_occurrences"":null,""peak_daily_streams"":6867,""metric_scope"":""country-specific Spotify daily Top 200 chart-attributed streams"",""country_rank"":574}"
575,Holly Jolly Christmas,Michael Bublé,[],,,,[],"[""und""]",,,,,,,spotify_country_chart_streams,107774.0,streams,107774,Spotify regional daily chart (Kworb aggregate),,,6tjituizSxwSmBB5vtgHZE,,,https://kworb.net/spotify/country/mt_weekly_totals.html,2026-10-02,"Exact aggregate of streams observed while this recording was inside Spotify's daily Top 200 for Malta, as aggregated by Kworb from Spotify chart data. Streams earned outside the chart are not included. Chart coverage on the source page: 2014-01-12 through 2020-07-02.","{""country_code"":""MT"",""country_name"":""Malta"",""chart_coverage_start"":""2014-01-12"",""chart_coverage_end"":""2020-07-02"",""days_on_chart"":27,""top10_days"":null,""peak_rank"":18,""peak_occurrences"":null,""peak_daily_streams"":12366,""metric_scope"":""country-specific Spotify daily Top 200 chart-attributed streams"",""country_rank"":575}"
576,Say It,Flume,[],,,,[],"[""und""]",,,,,,,spotify_country_chart_streams,107639.0,streams,107639,Spotify regional daily chart (Kworb aggregate),,,4sQMalN597HdggTu196aL0,,,https://kworb.net/spotify/country/mt_weekly_totals.html,2026-10-02,"Exact aggregate of streams observed while this recording was inside Spotify's daily Top 200 for Malta, as aggregated by Kworb from Spotify chart data. Streams earned outside the chart are not included. Chart coverage on the source page: 2014-01-12 through 2020-07-02.","{""country_code"":""MT"",""country_name"":""Malta"",""chart_coverage_start"":""2014-01-12"",""chart_coverage_end"":""2020-07-02"",""days_on_chart"":34,""top10_days"":null,""peak_rank"":41,""peak_occurrences"":null,""peak_daily_streams"":5001,""metric_scope"":""country-specific Spotify daily Top 200 chart-attributed streams"",""alternate_metrics"":[{""metric_name"":""spotify_country_chart_streams"",""metric_value"":1377.0,""metric_unit"":""streams"",""listen_count"":1377,""view_count"":null,""source_url"":""https://kworb.net/spotify/country/mt_weekly_totals.html"",""retrieved_at"":""2026-10-02""}],""merged_sources"":[""https://kworb.net/spotify/country/mt_weekly_totals.html""],""country_rank"":576}"
577,boyfriend,Ariana Grande,[],,,,[],"[""und""]",,,,,,,spotify_country_chart_streams,107618.0,streams,107618,Spotify regional daily chart (Kworb aggregate),,,0Ryd8975WihbObpp5cPW1t,,,https://kworb.net/spotify/country/mt_weekly_totals.html,2026-10-02,"Exact aggregate of streams observed while this recording was inside Spotify's daily Top 200 for Malta, as aggregated by Kworb from Spotify chart data. Streams earned outside the chart are not included. Chart coverage on the source page: 2014-01-12 through 2020-07-02.","{""country_code"":""MT"",""country_name"":""Malta"",""chart_coverage_start"":""2014-01-12"",""chart_coverage_end"":""2020-07-02"",""days_on_chart"":17,""top10_days"":3,""peak_rank"":5,""peak_occurrences"":null,""peak_daily_streams"":14030,""metric_scope"":""country-specific Spotify daily Top 200 chart-attributed streams"",""country_rank"":577}"
578,Nena Maldicion,Paulo Londra,[],,,,[],"[""und""]",,,,,,,spotify_country_chart_streams,107529.0,streams,107529,Spotify regional daily chart (Kworb aggregate),,,3TnhQSRwT3AVMdXw5JPq0x,,,https://kworb.net/spotify/country/mt_weekly_totals.html,2026-10-02,"Exact aggregate of streams observed while this recording was inside Spotify's daily Top 200 for Malta, as aggregated by Kworb from Spotify chart data. Streams earned outside the chart are not included. Chart coverage on the source page: 2014-01-12 through 2020-07-02.","{""country_code"":""MT"",""country_name"":""Malta"",""chart_coverage_start"":""2014-01-12"",""chart_coverage_end"":""2020-07-02"",""days_on_chart"":33,""top10_days"":null,""peak_rank"":68,""peak_occurrences"":null,""peak_daily_streams"":4826,""metric_scope"":""country-specific Spotify daily Top 200 chart-attributed streams"",""country_rank"":578}"
579,Ahora Dice,Chris Jedi,[],,,,[],"[""und""]",,,,,,,spotify_country_chart_streams,106508.0,streams,106508,Spotify regional daily chart (Kworb aggregate),,,22eADXu8DfOAUEDw4vU8qy,,,https://kworb.net/spotify/country/mt_weekly_totals.html,2026-10-02,"Exact aggregate of streams observed while this recording was inside Spotify's daily Top 200 for Malta, as aggregated by Kworb from Spotify chart data. Streams earned outside the chart are not included. Chart coverage on the source page: 2014-01-12 through 2020-07-02.","{""country_code"":""MT"",""country_name"":""Malta"",""chart_coverage_start"":""2014-01-12"",""chart_coverage_end"":""2020-07-02"",""days_on_chart"":29,""top10_days"":null,""peak_rank"":43,""peak_occurrences"":null,""peak_daily_streams"":6866,""metric_scope"":""country-specific Spotify daily Top 200 chart-attributed streams"",""country_rank"":579}"
580,Hollywood's Bleeding,Post Malone,[],,,,[],"[""und""]",,,,,,,spotify_country_chart_streams,106460.0,streams,106460,Spotify regional daily chart (Kworb aggregate),,,7sWRlDoTDX8geTR8zzr2vt,,,https://kworb.net/spotify/country/mt_weekly_totals.html,2026-10-02,"Exact aggregate of streams observed while this recording was inside Spotify's daily Top 200 for Malta, as aggregated by Kworb from Spotify chart data. Streams earned outside the chart are not included. Chart coverage on the source page: 2014-01-12 through 2020-07-02.","{""country_code"":""MT"",""country_name"":""Malta"",""chart_coverage_start"":""2014-01-12"",""chart_coverage_end"":""2020-07-02"",""days_on_chart"":21,""top10_days"":2,""peak_rank"":5,""peak_occurrences"":null,""peak_daily_streams"":15943,""metric_scope"":""country-specific Spotify daily Top 200 chart-attributed streams"",""country_rank"":580}"
581,Solo de Mi,Bad Bunny,[],,,,[],"[""und""]",,,,,,,spotify_country_chart_streams,106456.0,streams,106456,Spotify regional daily chart (Kworb aggregate),,,4uP3pUP18ennmz0tb3GphR,,,https://kworb.net/spotify/country/mt_weekly_totals.html,2026-10-02,"Exact aggregate of streams observed while this recording was inside Spotify's daily Top 200 for Malta, as aggregated by Kworb from Spotify chart data. Streams earned outside the chart are not included. Chart coverage on the source page: 2014-01-12 through 2020-07-02.","{""country_code"":""MT"",""country_name"":""Malta"",""chart_coverage_start"":""2014-01-12"",""chart_coverage_end"":""2020-07-02"",""days_on_chart"":17,""top10_days"":null,""peak_rank"":20,""peak_occurrences"":null,""peak_daily_streams"":8259,""metric_scope"":""country-specific Spotify daily Top 200 chart-attributed streams"",""country_rank"":581}"
582,Find U Again,Mark Ronson,[],,,,[],"[""und""]",,,,,,,spotify_country_chart_streams,106322.0,streams,106322,Spotify regional daily chart (Kworb aggregate),,,5Uw7Dut2lZfexn3Y09swpf,,,https://kworb.net/spotify/country/mt_weekly_totals.html,2026-10-02,"Exact aggregate of streams observed while this recording was inside Spotify's daily Top 200 for Malta, as aggregated by Kworb from Spotify chart data. Streams earned outside the chart are not included. Chart coverage on the source page: 2014-01-12 through 2020-07-02.","{""country_code"":""MT"",""country_name"":""Malta"",""chart_coverage_start"":""2014-01-12"",""chart_coverage_end"":""2020-07-02"",""days_on_chart"":26,""top10_days"":null,""peak_rank"":19,""peak_occurrences"":null,""peak_daily_streams"":8376,""metric_scope"":""country-specific Spotify daily Top 200 chart-attributed streams"",""country_rank"":582}"
583,No Time To Die,Billie Eilish,[],,,,[],"[""und""]",,,,,,,spotify_country_chart_streams,105945.0,streams,105945,Spotify regional daily chart (Kworb aggregate),,,73SpzrcaHk0RQPFP73vqVR,,,https://kworb.net/spotify/country/mt_weekly_totals.html,2026-10-02,"Exact aggregate of streams observed while this recording was inside Spotify's daily Top 200 for Malta, as aggregated by Kworb from Spotify chart data. Streams earned outside the chart are not included. Chart coverage on the source page: 2014-01-12 through 2020-07-02.","{""country_code"":""MT"",""country_name"":""Malta"",""chart_coverage_start"":""2014-01-12"",""chart_coverage_end"":""2020-07-02"",""days_on_chart"":15,""top10_days"":3,""peak_rank"":2,""peak_occurrences"":1,""peak_daily_streams"":25795,""metric_scope"":""country-specific Spotify daily Top 200 chart-attributed streams"",""country_rank"":583}"
584,Boss Bitch,Doja Cat,[],,,,[],"[""und""]",,,,,,,spotify_country_chart_streams,105855.0,streams,105855,Spotify regional daily chart (Kworb aggregate),,,78qd8dvwea0Gosb6Fe6j3k,,,https://kworb.net/spotify/country/mt_weekly_totals.html,2026-10-02,"Exact aggregate of streams observed while this recording was inside Spotify's daily Top 200 for Malta, as aggregated by Kworb from Spotify chart data. Streams earned outside the chart are not included. Chart coverage on the source page: 2014-01-12 through 2020-07-02.","{""country_code"":""MT"",""country_name"":""Malta"",""chart_coverage_start"":""2014-01-12"",""chart_coverage_end"":""2020-07-02"",""days_on_chart"":17,""top10_days"":null,""peak_rank"":16,""peak_occurrences"":null,""peak_daily_streams"":8772,""metric_scope"":""country-specific Spotify daily Top 200 chart-attributed streams"",""country_rank"":584}"
585,Déjala Que Vuelva,Piso 21,[],,,,[],"[""und""]",,,,,,,spotify_country_chart_streams,104832.0,streams,104832,Spotify regional daily chart (Kworb aggregate),,,1j6xOGusnyXq3l6IryKF3G,,,https://kworb.net/spotify/country/mt_weekly_totals.html,2026-10-02,"Exact aggregate of streams observed while this recording was inside Spotify's daily Top 200 for Malta, as aggregated by Kworb from Spotify chart data. Streams earned outside the chart are not included. Chart coverage on the source page: 2014-01-12 through 2020-07-02.","{""country_code"":""MT"",""country_name"":""Malta"",""chart_coverage_start"":""2014-01-12"",""chart_coverage_end"":""2020-07-02"",""days_on_chart"":30,""top10_days"":null,""peak_rank"":61,""peak_occurrences"":null,""peak_daily_streams"":4677,""metric_scope"":""country-specific Spotify daily Top 200 chart-attributed streams"",""country_rank"":585}"
586,Unica,Ozuna,[],,,,[],"[""und""]",,,,,,,spotify_country_chart_streams,104689.0,streams,104689,Spotify regional daily chart (Kworb aggregate),,,6752EZMgXswvRBH3N2PilO,,,https://kworb.net/spotify/country/mt_weekly_totals.html,2026-10-02,"Exact aggregate of streams observed while this recording was inside Spotify's daily Top 200 for Malta, as aggregated by Kworb from Spotify chart data. Streams earned outside the chart are not included. Chart coverage on the source page: 2014-01-12 through 2020-07-02.","{""country_code"":""MT"",""country_name"":""Malta"",""chart_coverage_start"":""2014-01-12"",""chart_coverage_end"":""2020-07-02"",""days_on_chart"":25,""top10_days"":null,""peak_rank"":61,""peak_occurrences"":null,""peak_daily_streams"":5010,""metric_scope"":""country-specific Spotify daily Top 200 chart-attributed streams"",""country_rank"":586}"
587,Halo,Beyoncé,[],,,,[],"[""und""]",,,,,,,spotify_country_chart_streams,104660.0,streams,104660,Spotify regional daily chart (Kworb aggregate),,,2CvOqDpQIMw69cCzWqr5yr,,,https://kworb.net/spotify/country/mt_weekly_totals.html,2026-10-02,"Exact aggregate of streams observed while this recording was inside Spotify's daily Top 200 for Malta, as aggregated by Kworb from Spotify chart data. Streams earned outside the chart are not included. Chart coverage on the source page: 2014-01-12 through 2020-07-02.","{""country_code"":""MT"",""country_name"":""Malta"",""chart_coverage_start"":""2014-01-12"",""chart_coverage_end"":""2020-07-02"",""days_on_chart"":45,""top10_days"":null,""peak_rank"":124,""peak_occurrences"":null,""peak_daily_streams"":3207,""metric_scope"":""country-specific Spotify daily Top 200 chart-attributed streams"",""country_rank"":587}"
588,Wait,Maroon 5,[],,,,[],"[""und""]",,,,,,,spotify_country_chart_streams,104506.0,streams,104506,Spotify regional daily chart (Kworb aggregate),,,1Qg9jWGDkKAGZXj5v2OG59,,,https://kworb.net/spotify/country/mt_weekly_totals.html,2026-10-02,"Exact aggregate of streams observed while this recording was inside Spotify's daily Top 200 for Malta, as aggregated by Kworb from Spotify chart data. Streams earned outside the chart are not included. Chart coverage on the source page: 2014-01-12 through 2020-07-02.","{""country_code"":""MT"",""country_name"":""Malta"",""chart_coverage_start"":""2014-01-12"",""chart_coverage_end"":""2020-07-02"",""days_on_chart"":24,""top10_days"":null,""peak_rank"":30,""peak_occurrences"":null,""peak_daily_streams"":6639,""metric_scope"":""country-specific Spotify daily Top 200 chart-attributed streams"",""alternate_metrics"":[{""metric_name"":""spotify_country_chart_streams"",""metric_value"":19673.0,""metric_unit"":""streams"",""listen_count"":19673,""view_count"":null,""source_url"":""https://kworb.net/spotify/country/mt_weekly_totals.html"",""retrieved_at"":""2026-10-02""}],""merged_sources"":[""https://kworb.net/spotify/country/mt_weekly_totals.html""],""country_rank"":588}"
589,The Cure,Lady Gaga,[],,,,[],"[""und""]",,,,,,,spotify_country_chart_streams,104414.0,streams,104414,Spotify regional daily chart (Kworb aggregate),,,51PIvodunv6NmX5250zxAh,,,https://kworb.net/spotify/country/mt_weekly_totals.html,2026-10-02,"Exact aggregate of streams observed while this recording was inside Spotify's daily Top 200 for Malta, as aggregated by Kworb from Spotify chart data. Streams earned outside the chart are not included. Chart coverage on the source page: 2014-01-12 through 2020-07-02.","{""country_code"":""MT"",""country_name"":""Malta"",""chart_coverage_start"":""2014-01-12"",""chart_coverage_end"":""2020-07-02"",""days_on_chart"":16,""top10_days"":null,""peak_rank"":14,""peak_occurrences"":null,""peak_daily_streams"":12258,""metric_scope"":""country-specific Spotify daily Top 200 chart-attributed streams"",""country_rank"":589}"
590,Ain't My Fault,Zara Larsson,[],,,,[],"[""und""]",,,,,,,spotify_country_chart_streams,104225.0,streams,104225,Spotify regional daily chart (Kworb aggregate),,,4nA0biSjtvOL41Hd9MBXqR,,,https://kworb.net/spotify/country/mt_weekly_totals.html,2026-10-02,"Exact aggregate of streams observed while this recording was inside Spotify's daily Top 200 for Malta, as aggregated by Kworb from Spotify chart data. Streams earned outside the chart are not included. Chart coverage on the source page: 2014-01-12 through 2020-07-02.","{""country_code"":""MT"",""country_name"":""Malta"",""chart_coverage_start"":""2014-01-12"",""chart_coverage_end"":""2020-07-02"",""days_on_chart"":26,""top10_days"":null,""peak_rank"":20,""peak_occurrences"":null,""peak_daily_streams"":7300,""metric_scope"":""country-specific Spotify daily Top 200 chart-attributed streams"",""country_rank"":590}"
591,Here,Alessia Cara,[],,,,[],"[""und""]",,,,,,,spotify_country_chart_streams,104144.0,streams,104144,Spotify regional daily chart (Kworb aggregate),,,1wYZZtamWTQAoj8B812uKQ,,,https://kworb.net/spotify/country/mt_weekly_totals.html,2026-10-02,"Exact aggregate of streams observed while this recording was inside Spotify's daily Top 200 for Malta, as aggregated by Kworb from Spotify chart data. Streams earned outside the chart are not included. Chart coverage on the source page: 2014-01-12 through 2020-07-02.","{""country_code"":""MT"",""country_name"":""Malta"",""chart_coverage_start"":""2014-01-12"",""chart_coverage_end"":""2020-07-02"",""days_on_chart"":33,""top10_days"":null,""peak_rank"":17,""peak_occurrences"":null,""peak_daily_streams"":5222,""metric_scope"":""country-specific Spotify daily Top 200 chart-attributed streams"",""country_rank"":591}"
592,You & Me,Marc E. Bassy,[],,,,[],"[""und""]",,,,,,,spotify_country_chart_streams,104143.0,streams,104143,Spotify regional daily chart (Kworb aggregate),,,0qRZ9ydGdzeVk3S01pLGoJ,,,https://kworb.net/spotify/country/mt_weekly_totals.html,2026-10-02,"Exact aggregate of streams observed while this recording was inside Spotify's daily Top 200 for Malta, as aggregated by Kworb from Spotify chart data. Streams earned outside the chart are not included. Chart coverage on the source page: 2014-01-12 through 2020-07-02.","{""country_code"":""MT"",""country_name"":""Malta"",""chart_coverage_start"":""2014-01-12"",""chart_coverage_end"":""2020-07-02"",""days_on_chart"":26,""top10_days"":null,""peak_rank"":29,""peak_occurrences"":null,""peak_daily_streams"":6140,""metric_scope"":""country-specific Spotify daily Top 200 chart-attributed streams"",""country_rank"":592}"
593,Barking,Ramz,[],,,,[],"[""und""]",,,,,,,spotify_country_chart_streams,104072.0,streams,104072,Spotify regional daily chart (Kworb aggregate),,,7amMgNDcObIDkIXv4xcvc2,,,https://kworb.net/spotify/country/mt_weekly_totals.html,2026-10-02,"Exact aggregate of streams observed while this recording was inside Spotify's daily Top 200 for Malta, as aggregated by Kworb from Spotify chart data. Streams earned outside the chart are not included. Chart coverage on the source page: 2014-01-12 through 2020-07-02.","{""country_code"":""MT"",""country_name"":""Malta"",""chart_coverage_start"":""2014-01-12"",""chart_coverage_end"":""2020-07-02"",""days_on_chart"":20,""top10_days"":null,""peak_rank"":17,""peak_occurrences"":null,""peak_daily_streams"":9155,""metric_scope"":""country-specific Spotify daily Top 200 chart-attributed streams"",""country_rank"":593}"
594,No Quiero Amarte,Justin Quiles,[],,,,[],"[""und""]",,,,,,,spotify_country_chart_streams,103993.0,streams,103993,Spotify regional daily chart (Kworb aggregate),,,5bITfqKGaPakO1l99hOMsI,,,https://kworb.net/spotify/country/mt_weekly_totals.html,2026-10-02,"Exact aggregate of streams observed while this recording was inside Spotify's daily Top 200 for Malta, as aggregated by Kworb from Spotify chart data. Streams earned outside the chart are not included. Chart coverage on the source page: 2014-01-12 through 2020-07-02.","{""country_code"":""MT"",""country_name"":""Malta"",""chart_coverage_start"":""2014-01-12"",""chart_coverage_end"":""2020-07-02"",""days_on_chart"":27,""top10_days"":null,""peak_rank"":71,""peak_occurrences"":null,""peak_daily_streams"":4729,""metric_scope"":""country-specific Spotify daily Top 200 chart-attributed streams"",""country_rank"":594}"
595,iSpy,KYLE,[],,,,[],"[""und""]",,,,,,,spotify_country_chart_streams,103905.0,streams,103905,Spotify regional daily chart (Kworb aggregate),,,2EEeOnHehOozLq4aS0n6SL,,,https://kworb.net/spotify/country/mt_weekly_totals.html,2026-10-02,"Exact aggregate of streams observed while this recording was inside Spotify's daily Top 200 for Malta, as aggregated by Kworb from Spotify chart data. Streams earned outside the chart are not included. Chart coverage on the source page: 2014-01-12 through 2020-07-02.","{""country_code"":""MT"",""country_name"":""Malta"",""chart_coverage_start"":""2014-01-12"",""chart_coverage_end"":""2020-07-02"",""days_on_chart"":25,""top10_days"":null,""peak_rank"":40,""peak_occurrences"":null,""peak_daily_streams"":6567,""metric_scope"":""country-specific Spotify daily Top 200 chart-attributed streams"",""country_rank"":595}"
596,Lost in the Fire,Gesaffelstein,[],,,,[],"[""und""]",,,,,,,spotify_country_chart_streams,103657.0,streams,103657,Spotify regional daily chart (Kworb aggregate),,,2vXKRlJBXyOcvZYTdNeckS,,,https://kworb.net/spotify/country/mt_weekly_totals.html,2026-10-02,"Exact aggregate of streams observed while this recording was inside Spotify's daily Top 200 for Malta, as aggregated by Kworb from Spotify chart data. Streams earned outside the chart are not included. Chart coverage on the source page: 2014-01-12 through 2020-07-02.","{""country_code"":""MT"",""country_name"":""Malta"",""chart_coverage_start"":""2014-01-12"",""chart_coverage_end"":""2020-07-02"",""days_on_chart"":19,""top10_days"":1,""peak_rank"":6,""peak_occurrences"":null,""peak_daily_streams"":14112,""metric_scope"":""country-specific Spotify daily Top 200 chart-attributed streams"",""country_rank"":596}"
597,I Know What You Did Last Summer,Shawn Mendes,[],,,,[],"[""und""]",,,,,,,spotify_country_chart_streams,103580.0,streams,103580,Spotify regional daily chart (Kworb aggregate),,,7crplFzt7spG80NCbpmuCp,,,https://kworb.net/spotify/country/mt_weekly_totals.html,2026-10-02,"Exact aggregate of streams observed while this recording was inside Spotify's daily Top 200 for Malta, as aggregated by Kworb from Spotify chart data. Streams earned outside the chart are not included. Chart coverage on the source page: 2014-01-12 through 2020-07-02.","{""country_code"":""MT"",""country_name"":""Malta"",""chart_coverage_start"":""2014-01-12"",""chart_coverage_end"":""2020-07-02"",""days_on_chart"":28,""top10_days"":null,""peak_rank"":18,""peak_occurrences"":null,""peak_daily_streams"":6076,""metric_scope"":""country-specific Spotify daily Top 200 chart-attributed streams"",""country_rank"":597}"
598,Bandit,Juice WRLD,[],,,,[],"[""und""]",,,,,,,spotify_country_chart_streams,103487.0,streams,103487,Spotify regional daily chart (Kworb aggregate),,,6Gg1gjgKi2AK4e0qzsR7sd,,,https://kworb.net/spotify/country/mt_weekly_totals.html,2026-10-02,"Exact aggregate of streams observed while this recording was inside Spotify's daily Top 200 for Malta, as aggregated by Kworb from Spotify chart data. Streams earned outside the chart are not included. Chart coverage on the source page: 2014-01-12 through 2020-07-02.","{""country_code"":""MT"",""country_name"":""Malta"",""chart_coverage_start"":""2014-01-12"",""chart_coverage_end"":""2020-07-02"",""days_on_chart"":28,""top10_days"":null,""peak_rank"":33,""peak_occurrences"":null,""peak_daily_streams"":6291,""metric_scope"":""country-specific Spotify daily Top 200 chart-attributed streams"",""country_rank"":598}"
599,Look At Her Now,Selena Gomez,[],,,,[],"[""und""]",,,,,,,spotify_country_chart_streams,103413.0,streams,103413,Spotify regional daily chart (Kworb aggregate),,,4yI3HpbSFSgFZtJP2kDe5m,,,https://kworb.net/spotify/country/mt_weekly_totals.html,2026-10-02,"Exact aggregate of streams observed while this recording was inside Spotify's daily Top 200 for Malta, as aggregated by Kworb from Spotify chart data. Streams earned outside the chart are not included. Chart coverage on the source page: 2014-01-12 through 2020-07-02.","{""country_code"":""MT"",""country_name"":""Malta"",""chart_coverage_start"":""2014-01-12"",""chart_coverage_end"":""2020-07-02"",""days_on_chart"":16,""top10_days"":2,""peak_rank"":8,""peak_occurrences"":null,""peak_daily_streams"":15754,""metric_scope"":""country-specific Spotify daily Top 200 chart-attributed streams"",""country_rank"":599}"
600,Look Back At It,A Boogie Wit da Hoodie,[],,,,[],"[""und""]",,,,,,,spotify_country_chart_streams,102648.0,streams,102648,Spotify regional daily chart (Kworb aggregate),,,3Ol2xnObFdKV9pmRD2t9x8,,,https://kworb.net/spotify/country/mt_weekly_totals.html,2026-10-02,"Exact aggregate of streams observed while this recording was inside Spotify's daily Top 200 for Malta, as aggregated by Kworb from Spotify chart data. Streams earned outside the chart are not included. Chart coverage on the source page: 2014-01-12 through 2020-07-02.","{""country_code"":""MT"",""country_name"":""Malta"",""chart_coverage_start"":""2014-01-12"",""chart_coverage_end"":""2020-07-02"",""days_on_chart"":19,""top10_days"":null,""peak_rank"":23,""peak_occurrences"":null,""peak_daily_streams"":9566,""metric_scope"":""country-specific Spotify daily Top 200 chart-attributed streams"",""country_rank"":600}"
601,We Will Rock You - Remastered,Queen,[],,,,[],"[""und""]",,,,,,,spotify_country_chart_streams,102547.0,streams,102547,Spotify regional daily chart (Kworb aggregate),,,4pbJqGIASGPr0ZpGpnWkDn,,,https://kworb.net/spotify/country/mt_weekly_totals.html,2026-10-02,"Exact aggregate of streams observed while this recording was inside Spotify's daily Top 200 for Malta, as aggregated by Kworb from Spotify chart data. Streams earned outside the chart are not included. Chart coverage on the source page: 2014-01-12 through 2020-07-02.","{""country_code"":""MT"",""country_name"":""Malta"",""chart_coverage_start"":""2014-01-12"",""chart_coverage_end"":""2020-07-02"",""days_on_chart"":27,""top10_days"":null,""peak_rank"":55,""peak_occurrences"":null,""peak_daily_streams"":6509,""metric_scope"":""country-specific Spotify daily Top 200 chart-attributed streams"",""country_rank"":601}"
602,Don't Leave,Snakehips,[],,,,[],"[""und""]",,,,,,,spotify_country_chart_streams,102511.0,streams,102511,Spotify regional daily chart (Kworb aggregate),,,0Zx8khUcEfCFK2AEoIhC92,,,https://kworb.net/spotify/country/mt_weekly_totals.html,2026-10-02,"Exact aggregate of streams observed while this recording was inside Spotify's daily Top 200 for Malta, as aggregated by Kworb from Spotify chart data. Streams earned outside the chart are not included. Chart coverage on the source page: 2014-01-12 through 2020-07-02.","{""country_code"":""MT"",""country_name"":""Malta"",""chart_coverage_start"":""2014-01-12"",""chart_coverage_end"":""2020-07-02"",""days_on_chart"":27,""top10_days"":null,""peak_rank"":25,""peak_occurrences"":null,""peak_daily_streams"":7251,""metric_scope"":""country-specific Spotify daily Top 200 chart-attributed streams"",""country_rank"":602}"
603,Trap Queen,Fetty Wap,[],,,,[],"[""und""]",,,,,,,spotify_country_chart_streams,102322.0,streams,102322,Spotify regional daily chart (Kworb aggregate),,,2d8JP84HNLKhmd6IYOoupQ,,,https://kworb.net/spotify/country/mt_weekly_totals.html,2026-10-02,"Exact aggregate of streams observed while this recording was inside Spotify's daily Top 200 for Malta, as aggregated by Kworb from Spotify chart data. Streams earned outside the chart are not included. Chart coverage on the source page: 2014-01-12 through 2020-07-02.","{""country_code"":""MT"",""country_name"":""Malta"",""chart_coverage_start"":""2014-01-12"",""chart_coverage_end"":""2020-07-02"",""days_on_chart"":44,""top10_days"":1,""peak_rank"":10,""peak_occurrences"":null,""peak_daily_streams"":3775,""metric_scope"":""country-specific Spotify daily Top 200 chart-attributed streams"",""country_rank"":603}"
604,Bad and Boujee,Migos,[],,,,[],"[""und""]",,,,,,,spotify_country_chart_streams,102249.0,streams,102249,Spotify regional daily chart (Kworb aggregate),,,4Km5HrUvYTaSUfiSGPJeQR,,,https://kworb.net/spotify/country/mt_weekly_totals.html,2026-10-02,"Exact aggregate of streams observed while this recording was inside Spotify's daily Top 200 for Malta, as aggregated by Kworb from Spotify chart data. Streams earned outside the chart are not included. Chart coverage on the source page: 2014-01-12 through 2020-07-02.","{""country_code"":""MT"",""country_name"":""Malta"",""chart_coverage_start"":""2014-01-12"",""chart_coverage_end"":""2020-07-02"",""days_on_chart"":30,""top10_days"":null,""peak_rank"":26,""peak_occurrences"":null,""peak_daily_streams"":6182,""metric_scope"":""country-specific Spotify daily Top 200 chart-attributed streams"",""country_rank"":604}"
605,Never Seen the Rain,Tones And I,[],,,,[],"[""und""]",,,,,,,spotify_country_chart_streams,102226.0,streams,102226,Spotify regional daily chart (Kworb aggregate),,,2grAr8pWMuLWn8ZYEE9wDV,,,https://kworb.net/spotify/country/mt_weekly_totals.html,2026-10-02,"Exact aggregate of streams observed while this recording was inside Spotify's daily Top 200 for Malta, as aggregated by Kworb from Spotify chart data. Streams earned outside the chart are not included. Chart coverage on the source page: 2014-01-12 through 2020-07-02.","{""country_code"":""MT"",""country_name"":""Malta"",""chart_coverage_start"":""2014-01-12"",""chart_coverage_end"":""2020-07-02"",""days_on_chart"":33,""top10_days"":null,""peak_rank"":48,""peak_occurrences"":null,""peak_daily_streams"":4947,""metric_scope"":""country-specific Spotify daily Top 200 chart-attributed streams"",""country_rank"":605}"
606,Saint-Tropez,Post Malone,[],,,,[],"[""und""]",,,,,,,spotify_country_chart_streams,102123.0,streams,102123,Spotify regional daily chart (Kworb aggregate),,,05mDaV9Vb3wrzjF6OPZnhq,,,https://kworb.net/spotify/country/mt_weekly_totals.html,2026-10-02,"Exact aggregate of streams observed while this recording was inside Spotify's daily Top 200 for Malta, as aggregated by Kworb from Spotify chart data. Streams earned outside the chart are not included. Chart coverage on the source page: 2014-01-12 through 2020-07-02.","{""country_code"":""MT"",""country_name"":""Malta"",""chart_coverage_start"":""2014-01-12"",""chart_coverage_end"":""2020-07-02"",""days_on_chart"":14,""top10_days"":3,""peak_rank"":3,""peak_occurrences"":1,""peak_daily_streams"":16834,""metric_scope"":""country-specific Spotify daily Top 200 chart-attributed streams"",""country_rank"":606}"
607,ily,Surf Mesa,[],,,,[],"[""und""]",,,,,,,spotify_country_chart_streams,101882.0,streams,101882,Spotify regional daily chart (Kworb aggregate),,,62aP9fBQKYKxi7PDXwcUAS,,,https://kworb.net/spotify/country/mt_weekly_totals.html,2026-10-02,"Exact aggregate of streams observed while this recording was inside Spotify's daily Top 200 for Malta, as aggregated by Kworb from Spotify chart data. Streams earned outside the chart are not included. Chart coverage on the source page: 2014-01-12 through 2020-07-02.","{""country_code"":""MT"",""country_name"":""Malta"",""chart_coverage_start"":""2014-01-12"",""chart_coverage_end"":""2020-07-02"",""days_on_chart"":14,""top10_days"":null,""peak_rank"":13,""peak_occurrences"":null,""peak_daily_streams"":9484,""metric_scope"":""country-specific Spotify daily Top 200 chart-attributed streams"",""country_rank"":607}"
608,Ocean Drive,Duke Dumont,[],,,,[],"[""und""]",,,,,,,spotify_country_chart_streams,101856.0,streams,101856,Spotify regional daily chart (Kworb aggregate),,,0k93MXOj0kSXo84SvSDeUz,,,https://kworb.net/spotify/country/mt_weekly_totals.html,2026-10-02,"Exact aggregate of streams observed while this recording was inside Spotify's daily Top 200 for Malta, as aggregated by Kworb from Spotify chart data. Streams earned outside the chart are not included. Chart coverage on the source page: 2014-01-12 through 2020-07-02.","{""country_code"":""MT"",""country_name"":""Malta"",""chart_coverage_start"":""2014-01-12"",""chart_coverage_end"":""2020-07-02"",""days_on_chart"":57,""top10_days"":null,""peak_rank"":44,""peak_occurrences"":null,""peak_daily_streams"":3126,""metric_scope"":""country-specific Spotify daily Top 200 chart-attributed streams"",""country_rank"":608}"
609,El Amante,Nicky Jam,[],,,,[],"[""und""]",,,,,,,spotify_country_chart_streams,101508.0,streams,101508,Spotify regional daily chart (Kworb aggregate),,,3umS4y3uQDkqekNjVpiRUs,,,https://kworb.net/spotify/country/mt_weekly_totals.html,2026-10-02,"Exact aggregate of streams observed while this recording was inside Spotify's daily Top 200 for Malta, as aggregated by Kworb from Spotify chart data. Streams earned outside the chart are not included. Chart coverage on the source page: 2014-01-12 through 2020-07-02.","{""country_code"":""MT"",""country_name"":""Malta"",""chart_coverage_start"":""2014-01-12"",""chart_coverage_end"":""2020-07-02"",""days_on_chart"":24,""top10_days"":null,""peak_rank"":42,""peak_occurrences"":null,""peak_daily_streams"":6468,""metric_scope"":""country-specific Spotify daily Top 200 chart-attributed streams"",""country_rank"":609}"
610,Clandestino,Shakira,[],,,,[],"[""und""]",,,,,,,spotify_country_chart_streams,101365.0,streams,101365,Spotify regional daily chart (Kworb aggregate),,,7DrluKkTviBwCc8AV3VGmf,,,https://kworb.net/spotify/country/mt_weekly_totals.html,2026-10-02,"Exact aggregate of streams observed while this recording was inside Spotify's daily Top 200 for Malta, as aggregated by Kworb from Spotify chart data. Streams earned outside the chart are not included. Chart coverage on the source page: 2014-01-12 through 2020-07-02.","{""country_code"":""MT"",""country_name"":""Malta"",""chart_coverage_start"":""2014-01-12"",""chart_coverage_end"":""2020-07-02"",""days_on_chart"":24,""top10_days"":null,""peak_rank"":41,""peak_occurrences"":null,""peak_daily_streams"":6124,""metric_scope"":""country-specific Spotify daily Top 200 chart-attributed streams"",""country_rank"":610}"
611,Man's Not Hot,Big Shaq,[],,,,[],"[""und""]",,,,,,,spotify_country_chart_streams,101353.0,streams,101353,Spotify regional daily chart (Kworb aggregate),,,2nUJvBO87SkxCViQsLc9Zr,,,https://kworb.net/spotify/country/mt_weekly_totals.html,2026-10-02,"Exact aggregate of streams observed while this recording was inside Spotify's daily Top 200 for Malta, as aggregated by Kworb from Spotify chart data. Streams earned outside the chart are not included. Chart coverage on the source page: 2014-01-12 through 2020-07-02.","{""country_code"":""MT"",""country_name"":""Malta"",""chart_coverage_start"":""2014-01-12"",""chart_coverage_end"":""2020-07-02"",""days_on_chart"":22,""top10_days"":null,""peak_rank"":25,""peak_occurrences"":null,""peak_daily_streams"":7555,""metric_scope"":""country-specific Spotify daily Top 200 chart-attributed streams"",""country_rank"":611}"
612,The Mack,Nevada,[],,,,[],"[""und""]",,,,,,,spotify_country_chart_streams,101004.0,streams,101004,Spotify regional daily chart (Kworb aggregate),,,7aV2mflaASUmGhCErm7kBO,,,https://kworb.net/spotify/country/mt_weekly_totals.html,2026-10-02,"Exact aggregate of streams observed while this recording was inside Spotify's daily Top 200 for Malta, as aggregated by Kworb from Spotify chart data. Streams earned outside the chart are not included. Chart coverage on the source page: 2014-01-12 through 2020-07-02.","{""country_code"":""MT"",""country_name"":""Malta"",""chart_coverage_start"":""2014-01-12"",""chart_coverage_end"":""2020-07-02"",""days_on_chart"":24,""top10_days"":null,""peak_rank"":15,""peak_occurrences"":null,""peak_daily_streams"":7326,""metric_scope"":""country-specific Spotify daily Top 200 chart-attributed streams"",""country_rank"":612}"
613,Love Me Now,John Legend,[],,,,[],"[""und""]",,,,,,,spotify_country_chart_streams,100896.0,streams,100896,Spotify regional daily chart (Kworb aggregate),,,6nxQdXa1uAL0rY72wPZu89,,,https://kworb.net/spotify/country/mt_weekly_totals.html,2026-10-02,"Exact aggregate of streams observed while this recording was inside Spotify's daily Top 200 for Malta, as aggregated by Kworb from Spotify chart data. Streams earned outside the chart are not included. Chart coverage on the source page: 2014-01-12 through 2020-07-02.","{""country_code"":""MT"",""country_name"":""Malta"",""chart_coverage_start"":""2014-01-12"",""chart_coverage_end"":""2020-07-02"",""days_on_chart"":26,""top10_days"":null,""peak_rank"":22,""peak_occurrences"":null,""peak_daily_streams"":6499,""metric_scope"":""country-specific Spotify daily Top 200 chart-attributed streams"",""country_rank"":613}"
614,Jumpman,Drake,[],,,,[],"[""und""]",,,,,,,spotify_country_chart_streams,100519.0,streams,100519,Spotify regional daily chart (Kworb aggregate),,,27GmP9AWRs744SzKcpJsTZ,,,https://kworb.net/spotify/country/mt_weekly_totals.html,2026-10-02,"Exact aggregate of streams observed while this recording was inside Spotify's daily Top 200 for Malta, as aggregated by Kworb from Spotify chart data. Streams earned outside the chart are not included. Chart coverage on the source page: 2014-01-12 through 2020-07-02.","{""country_code"":""MT"",""country_name"":""Malta"",""chart_coverage_start"":""2014-01-12"",""chart_coverage_end"":""2020-07-02"",""days_on_chart"":62,""top10_days"":null,""peak_rank"":46,""peak_occurrences"":null,""peak_daily_streams"":2684,""metric_scope"":""country-specific Spotify daily Top 200 chart-attributed streams"",""country_rank"":614}"
615,Walk Me Home,P!nk,[],,,,[],"[""und""]",,,,,,,spotify_country_chart_streams,100491.0,streams,100491,Spotify regional daily chart (Kworb aggregate),,,6jfEZdUJ2Yla6h7gTJgKuo,,,https://kworb.net/spotify/country/mt_weekly_totals.html,2026-10-02,"Exact aggregate of streams observed while this recording was inside Spotify's daily Top 200 for Malta, as aggregated by Kworb from Spotify chart data. Streams earned outside the chart are not included. Chart coverage on the source page: 2014-01-12 through 2020-07-02.","{""country_code"":""MT"",""country_name"":""Malta"",""chart_coverage_start"":""2014-01-12"",""chart_coverage_end"":""2020-07-02"",""days_on_chart"":27,""top10_days"":null,""peak_rank"":30,""peak_occurrences"":null,""peak_daily_streams"":5871,""metric_scope"":""country-specific Spotify daily Top 200 chart-attributed streams"",""country_rank"":615}"
616,all the good girls go to hell,Billie Eilish,[],,,,[],"[""und""]",,,,,,,spotify_country_chart_streams,100374.0,streams,100374,Spotify regional daily chart (Kworb aggregate),,,6IRdLKIyS4p7XNiP8r6rsx,,,https://kworb.net/spotify/country/mt_weekly_totals.html,2026-10-02,"Exact aggregate of streams observed while this recording was inside Spotify's daily Top 200 for Malta, as aggregated by Kworb from Spotify chart data. Streams earned outside the chart are not included. Chart coverage on the source page: 2014-01-12 through 2020-07-02.","{""country_code"":""MT"",""country_name"":""Malta"",""chart_coverage_start"":""2014-01-12"",""chart_coverage_end"":""2020-07-02"",""days_on_chart"":29,""top10_days"":null,""peak_rank"":11,""peak_occurrences"":null,""peak_daily_streams"":12352,""metric_scope"":""country-specific Spotify daily Top 200 chart-attributed streams"",""country_rank"":616}"
617,Too Good At Goodbyes - Edit,Sam Smith,[],,,,[],"[""und""]",,,,,,,spotify_country_chart_streams,100168.0,streams,100168,Spotify regional daily chart (Kworb aggregate),,,0mel2N9Ws9r4yLQn5QE21Y,,,https://kworb.net/spotify/country/mt_weekly_totals.html,2026-10-02,"Exact aggregate of streams observed while this recording was inside Spotify's daily Top 200 for Malta, as aggregated by Kworb from Spotify chart data. Streams earned outside the chart are not included. Chart coverage on the source page: 2014-01-12 through 2020-07-02.","{""country_code"":""MT"",""country_name"":""Malta"",""chart_coverage_start"":""2014-01-12"",""chart_coverage_end"":""2020-07-02"",""days_on_chart"":8,""top10_days"":7,""peak_rank"":5,""peak_occurrences"":null,""peak_daily_streams"":14729,""metric_scope"":""country-specific Spotify daily Top 200 chart-attributed streams"",""country_rank"":617}"
618,Swish Swish,Katy Perry,[],,,,[],"[""und""]",,,,,,,spotify_country_chart_streams,99461.0,streams,99461,Spotify regional daily chart (Kworb aggregate),,,2kVHAQKVtczchKctctzbtK,,,https://kworb.net/spotify/country/mt_weekly_totals.html,2026-10-02,"Exact aggregate of streams observed while this recording was inside Spotify's daily Top 200 for Malta, as aggregated by Kworb from Spotify chart data. Streams earned outside the chart are not included. Chart coverage on the source page: 2014-01-12 through 2020-07-02.","{""country_code"":""MT"",""country_name"":""Malta"",""chart_coverage_start"":""2014-01-12"",""chart_coverage_end"":""2020-07-02"",""days_on_chart"":24,""top10_days"":null,""peak_rank"":28,""peak_occurrences"":null,""peak_daily_streams"":9183,""metric_scope"":""country-specific Spotify daily Top 200 chart-attributed streams"",""country_rank"":618}"
619,Redbone,Childish Gambino,[],,,,[],"[""und""]",,,,,,,spotify_country_chart_streams,99377.0,streams,99377,Spotify regional daily chart (Kworb aggregate),,,3kxfsdsCpFgN412fpnW85Y,,,https://kworb.net/spotify/country/mt_weekly_totals.html,2026-10-02,"Exact aggregate of streams observed while this recording was inside Spotify's daily Top 200 for Malta, as aggregated by Kworb from Spotify chart data. Streams earned outside the chart are not included. Chart coverage on the source page: 2014-01-12 through 2020-07-02.","{""country_code"":""MT"",""country_name"":""Malta"",""chart_coverage_start"":""2014-01-12"",""chart_coverage_end"":""2020-07-02"",""days_on_chart"":33,""top10_days"":null,""peak_rank"":41,""peak_occurrences"":null,""peak_daily_streams"":6264,""metric_scope"":""country-specific Spotify daily Top 200 chart-attributed streams"",""country_rank"":619}"
620,Here for You,Kygo,[],,,,[],"[""und""]",,,,,,,spotify_country_chart_streams,99038.0,streams,99038,Spotify regional daily chart (Kworb aggregate),,,7vqUr6K2Js9Paq4kdNSOm6,,,https://kworb.net/spotify/country/mt_weekly_totals.html,2026-10-02,"Exact aggregate of streams observed while this recording was inside Spotify's daily Top 200 for Malta, as aggregated by Kworb from Spotify chart data. Streams earned outside the chart are not included. Chart coverage on the source page: 2014-01-12 through 2020-07-02.","{""country_code"":""MT"",""country_name"":""Malta"",""chart_coverage_start"":""2014-01-12"",""chart_coverage_end"":""2020-07-02"",""days_on_chart"":48,""top10_days"":null,""peak_rank"":22,""peak_occurrences"":null,""peak_daily_streams"":4330,""metric_scope"":""country-specific Spotify daily Top 200 chart-attributed streams"",""country_rank"":620}"
621,Te Amo,Piso 21,[],,,,[],"[""und""]",,,,,,,spotify_country_chart_streams,99025.0,streams,99025,Spotify regional daily chart (Kworb aggregate),,,2RVrdr062uLFxXwIxwdXPH,,,https://kworb.net/spotify/country/mt_weekly_totals.html,2026-10-02,"Exact aggregate of streams observed while this recording was inside Spotify's daily Top 200 for Malta, as aggregated by Kworb from Spotify chart data. Streams earned outside the chart are not included. Chart coverage on the source page: 2014-01-12 through 2020-07-02.","{""country_code"":""MT"",""country_name"":""Malta"",""chart_coverage_start"":""2014-01-12"",""chart_coverage_end"":""2020-07-02"",""days_on_chart"":29,""top10_days"":null,""peak_rank"":66,""peak_occurrences"":null,""peak_daily_streams"":4907,""metric_scope"":""country-specific Spotify daily Top 200 chart-attributed streams"",""country_rank"":621}"
622,Two High,Moon Taxi,[],,,,[],"[""und""]",,,,,,,spotify_country_chart_streams,98910.0,streams,98910,Spotify regional daily chart (Kworb aggregate),,,3sJHkcxojoJD2Ytbo1yLLF,,,https://kworb.net/spotify/country/mt_weekly_totals.html,2026-10-02,"Exact aggregate of streams observed while this recording was inside Spotify's daily Top 200 for Malta, as aggregated by Kworb from Spotify chart data. Streams earned outside the chart are not included. Chart coverage on the source page: 2014-01-12 through 2020-07-02.","{""country_code"":""MT"",""country_name"":""Malta"",""chart_coverage_start"":""2014-01-12"",""chart_coverage_end"":""2020-07-02"",""days_on_chart"":25,""top10_days"":null,""peak_rank"":34,""peak_occurrences"":null,""peak_daily_streams"":7416,""metric_scope"":""country-specific Spotify daily Top 200 chart-attributed streams"",""country_rank"":622}"
623,Blame,Calvin Harris,[],,,,[],"[""und""]",,,,,,,spotify_country_chart_streams,98905.0,streams,98905,Spotify regional daily chart (Kworb aggregate),,,07nH4ifBxUB4lZcsf44Brn,,,https://kworb.net/spotify/country/mt_weekly_totals.html,2026-10-02,"Exact aggregate of streams observed while this recording was inside Spotify's daily Top 200 for Malta, as aggregated by Kworb from Spotify chart data. Streams earned outside the chart are not included. Chart coverage on the source page: 2014-01-12 through 2020-07-02.","{""country_code"":""MT"",""country_name"":""Malta"",""chart_coverage_start"":""2014-01-12"",""chart_coverage_end"":""2020-07-02"",""days_on_chart"":27,""top10_days"":11,""peak_rank"":1,""peak_occurrences"":6,""peak_daily_streams"":6683,""metric_scope"":""country-specific Spotify daily Top 200 chart-attributed streams"",""country_rank"":623}"
624,New Americana,Halsey,[],,,,[],"[""und""]",,,,,,,spotify_country_chart_streams,98866.0,streams,98866,Spotify regional daily chart (Kworb aggregate),,,6Xs7OKt6i0Ddq8B4M5Dgvr,,,https://kworb.net/spotify/country/mt_weekly_totals.html,2026-10-02,"Exact aggregate of streams observed while this recording was inside Spotify's daily Top 200 for Malta, as aggregated by Kworb from Spotify chart data. Streams earned outside the chart are not included. Chart coverage on the source page: 2014-01-12 through 2020-07-02.","{""country_code"":""MT"",""country_name"":""Malta"",""chart_coverage_start"":""2014-01-12"",""chart_coverage_end"":""2020-07-02"",""days_on_chart"":40,""top10_days"":null,""peak_rank"":26,""peak_occurrences"":null,""peak_daily_streams"":3641,""metric_scope"":""country-specific Spotify daily Top 200 chart-attributed streams"",""country_rank"":624}"
625,Chameleon,Michela,[],,,,[],"[""und""]",,,,,,,spotify_country_chart_streams,98704.0,streams,98704,Spotify regional daily chart (Kworb aggregate),,,1b2E5ZcIR6wYLeaKp8QeGQ,,,https://kworb.net/spotify/country/mt_weekly_totals.html,2026-10-02,"Exact aggregate of streams observed while this recording was inside Spotify's daily Top 200 for Malta, as aggregated by Kworb from Spotify chart data. Streams earned outside the chart are not included. Chart coverage on the source page: 2014-01-12 through 2020-07-02.","{""country_code"":""MT"",""country_name"":""Malta"",""chart_coverage_start"":""2014-01-12"",""chart_coverage_end"":""2020-07-02"",""days_on_chart"":14,""top10_days"":3,""peak_rank"":3,""peak_occurrences"":1,""peak_daily_streams"":20971,""metric_scope"":""country-specific Spotify daily Top 200 chart-attributed streams"",""country_rank"":625}"
626,Alarm,Anne-Marie,[],,,,[],"[""und""]",,,,,,,spotify_country_chart_streams,98587.0,streams,98587,Spotify regional daily chart (Kworb aggregate),,,0OwX5aROoW1Iip8FV51Efg,,,https://kworb.net/spotify/country/mt_weekly_totals.html,2026-10-02,"Exact aggregate of streams observed while this recording was inside Spotify's daily Top 200 for Malta, as aggregated by Kworb from Spotify chart data. Streams earned outside the chart are not included. Chart coverage on the source page: 2014-01-12 through 2020-07-02.","{""country_code"":""MT"",""country_name"":""Malta"",""chart_coverage_start"":""2014-01-12"",""chart_coverage_end"":""2020-07-02"",""days_on_chart"":23,""top10_days"":null,""peak_rank"":17,""peak_occurrences"":null,""peak_daily_streams"":7607,""metric_scope"":""country-specific Spotify daily Top 200 chart-attributed streams"",""country_rank"":626}"
627,The One,The Chainsmokers,[],,,,[],"[""und""]",,,,,,,spotify_country_chart_streams,98480.0,streams,98480,Spotify regional daily chart (Kworb aggregate),,,0wfbD5rAksdXUzRvMfM3x5,,,https://kworb.net/spotify/country/mt_weekly_totals.html,2026-10-02,"Exact aggregate of streams observed while this recording was inside Spotify's daily Top 200 for Malta, as aggregated by Kworb from Spotify chart data. Streams earned outside the chart are not included. Chart coverage on the source page: 2014-01-12 through 2020-07-02.","{""country_code"":""MT"",""country_name"":""Malta"",""chart_coverage_start"":""2014-01-12"",""chart_coverage_end"":""2020-07-02"",""days_on_chart"":21,""top10_days"":null,""peak_rank"":15,""peak_occurrences"":null,""peak_daily_streams"":12246,""metric_scope"":""country-specific Spotify daily Top 200 chart-attributed streams"",""country_rank"":627}"
628,All In My Head (Flex),Fifth Harmony,[],,,,[],"[""und""]",,,,,,,spotify_country_chart_streams,97678.0,streams,97678,Spotify regional daily chart (Kworb aggregate),,,7nD9nN3jord9wWcfW3Gkcm,,,https://kworb.net/spotify/country/mt_weekly_totals.html,2026-10-02,"Exact aggregate of streams observed while this recording was inside Spotify's daily Top 200 for Malta, as aggregated by Kworb from Spotify chart data. Streams earned outside the chart are not included. Chart coverage on the source page: 2014-01-12 through 2020-07-02.","{""country_code"":""MT"",""country_name"":""Malta"",""chart_coverage_start"":""2014-01-12"",""chart_coverage_end"":""2020-07-02"",""days_on_chart"":23,""top10_days"":null,""peak_rank"":33,""peak_occurrences"":null,""peak_daily_streams"":6122,""metric_scope"":""country-specific Spotify daily Top 200 chart-attributed streams"",""country_rank"":628}"
629,Praise The Lord (Da Shine),A$AP Rocky,[],,,,[],"[""und""]",,,,,,,spotify_country_chart_streams,97674.0,streams,97674,Spotify regional daily chart (Kworb aggregate),,,7ycWLEP1GsNjVvcjawXz3z,,,https://kworb.net/spotify/country/mt_weekly_totals.html,2026-10-02,"Exact aggregate of streams observed while this recording was inside Spotify's daily Top 200 for Malta, as aggregated by Kworb from Spotify chart data. Streams earned outside the chart are not included. Chart coverage on the source page: 2014-01-12 through 2020-07-02.","{""country_code"":""MT"",""country_name"":""Malta"",""chart_coverage_start"":""2014-01-12"",""chart_coverage_end"":""2020-07-02"",""days_on_chart"":25,""top10_days"":null,""peak_rank"":41,""peak_occurrences"":null,""peak_daily_streams"":6393,""metric_scope"":""country-specific Spotify daily Top 200 chart-attributed streams"",""country_rank"":629}"
630,Water Under the Bridge,Adele,[],,,,[],"[""und""]",,,,,,,spotify_country_chart_streams,97653.0,streams,97653,Spotify regional daily chart (Kworb aggregate),,,4vb4mFvYsr2h6enhjJsq9Y,,,https://kworb.net/spotify/country/mt_weekly_totals.html,2026-10-02,"Exact aggregate of streams observed while this recording was inside Spotify's daily Top 200 for Malta, as aggregated by Kworb from Spotify chart data. Streams earned outside the chart are not included. Chart coverage on the source page: 2014-01-12 through 2020-07-02.","{""country_code"":""MT"",""country_name"":""Malta"",""chart_coverage_start"":""2014-01-12"",""chart_coverage_end"":""2020-07-02"",""days_on_chart"":29,""top10_days"":null,""peak_rank"":43,""peak_occurrences"":null,""peak_daily_streams"":5255,""metric_scope"":""country-specific Spotify daily Top 200 chart-attributed streams"",""country_rank"":630}"
631,Summer Air,ItaloBrothers,[],,,,[],"[""und""]",,,,,,,spotify_country_chart_streams,97448.0,streams,97448,Spotify regional daily chart (Kworb aggregate),,,3GPI7hYiqD6enLRobhkBm8,,,https://kworb.net/spotify/country/mt_weekly_totals.html,2026-10-02,"Exact aggregate of streams observed while this recording was inside Spotify's daily Top 200 for Malta, as aggregated by Kworb from Spotify chart data. Streams earned outside the chart are not included. Chart coverage on the source page: 2014-01-12 through 2020-07-02.","{""country_code"":""MT"",""country_name"":""Malta"",""chart_coverage_start"":""2014-01-12"",""chart_coverage_end"":""2020-07-02"",""days_on_chart"":28,""top10_days"":null,""peak_rank"":43,""peak_occurrences"":null,""peak_daily_streams"":5209,""metric_scope"":""country-specific Spotify daily Top 200 chart-attributed streams"",""country_rank"":631}"
632,Marvin Gaye,Charlie Puth,[],,,,[],"[""und""]",,,,,,,spotify_country_chart_streams,97382.0,streams,97382,Spotify regional daily chart (Kworb aggregate),,,6ukMqDxnOPOgoHdak7Kyp3,,,https://kworb.net/spotify/country/mt_weekly_totals.html,2026-10-02,"Exact aggregate of streams observed while this recording was inside Spotify's daily Top 200 for Malta, as aggregated by Kworb from Spotify chart data. Streams earned outside the chart are not included. Chart coverage on the source page: 2014-01-12 through 2020-07-02.","{""country_code"":""MT"",""country_name"":""Malta"",""chart_coverage_start"":""2014-01-12"",""chart_coverage_end"":""2020-07-02"",""days_on_chart"":33,""top10_days"":1,""peak_rank"":10,""peak_occurrences"":null,""peak_daily_streams"":5506,""metric_scope"":""country-specific Spotify daily Top 200 chart-attributed streams"",""country_rank"":632}"
633,I Would Like,Zara Larsson,[],,,,[],"[""und""]",,,,,,,spotify_country_chart_streams,97258.0,streams,97258,Spotify regional daily chart (Kworb aggregate),,,0HVj61S4pQJdQhgZP61G65,,,https://kworb.net/spotify/country/mt_weekly_totals.html,2026-10-02,"Exact aggregate of streams observed while this recording was inside Spotify's daily Top 200 for Malta, as aggregated by Kworb from Spotify chart data. Streams earned outside the chart are not included. Chart coverage on the source page: 2014-01-12 through 2020-07-02.","{""country_code"":""MT"",""country_name"":""Malta"",""chart_coverage_start"":""2014-01-12"",""chart_coverage_end"":""2020-07-02"",""days_on_chart"":24,""top10_days"":null,""peak_rank"":23,""peak_occurrences"":null,""peak_daily_streams"":6594,""metric_scope"":""country-specific Spotify daily Top 200 chart-attributed streams"",""country_rank"":633}"
634,Wake Me Up,Avicii,[],,,,[],"[""und""]",,,,,,,spotify_country_chart_streams,97224.0,streams,97224,Spotify regional daily chart (Kworb aggregate),,,0nrRP2bk19rLc0orkWPQk2,,,https://kworb.net/spotify/country/mt_weekly_totals.html,2026-10-02,"Exact aggregate of streams observed while this recording was inside Spotify's daily Top 200 for Malta, as aggregated by Kworb from Spotify chart data. Streams earned outside the chart are not included. Chart coverage on the source page: 2014-01-12 through 2020-07-02.","{""country_code"":""MT"",""country_name"":""Malta"",""chart_coverage_start"":""2014-01-12"",""chart_coverage_end"":""2020-07-02"",""days_on_chart"":29,""top10_days"":null,""peak_rank"":14,""peak_occurrences"":null,""peak_daily_streams"":11587,""metric_scope"":""country-specific Spotify daily Top 200 chart-attributed streams"",""country_rank"":634}"
635,Whenever,Kris Kross Amsterdam,[],,,,[],"[""und""]",,,,,,,spotify_country_chart_streams,97170.0,streams,97170,Spotify regional daily chart (Kworb aggregate),,,3DGar7krWlmrXRFHBcQF6z,,,https://kworb.net/spotify/country/mt_weekly_totals.html,2026-10-02,"Exact aggregate of streams observed while this recording was inside Spotify's daily Top 200 for Malta, as aggregated by Kworb from Spotify chart data. Streams earned outside the chart are not included. Chart coverage on the source page: 2014-01-12 through 2020-07-02.","{""country_code"":""MT"",""country_name"":""Malta"",""chart_coverage_start"":""2014-01-12"",""chart_coverage_end"":""2020-07-02"",""days_on_chart"":18,""top10_days"":null,""peak_rank"":19,""peak_occurrences"":null,""peak_daily_streams"":10367,""metric_scope"":""country-specific Spotify daily Top 200 chart-attributed streams"",""country_rank"":635}"
636,Heaven,Avicii,[],,,,[],"[""und""]",,,,,,,spotify_country_chart_streams,96572.0,streams,96572,Spotify regional daily chart (Kworb aggregate),,,0vrmHPfoBadXVr2n0m1aqZ,,,https://kworb.net/spotify/country/mt_weekly_totals.html,2026-10-02,"Exact aggregate of streams observed while this recording was inside Spotify's daily Top 200 for Malta, as aggregated by Kworb from Spotify chart data. Streams earned outside the chart are not included. Chart coverage on the source page: 2014-01-12 through 2020-07-02.","{""country_code"":""MT"",""country_name"":""Malta"",""chart_coverage_start"":""2014-01-12"",""chart_coverage_end"":""2020-07-02"",""days_on_chart"":24,""top10_days"":1,""peak_rank"":10,""peak_occurrences"":null,""peak_daily_streams"":10130,""metric_scope"":""country-specific Spotify daily Top 200 chart-attributed streams"",""country_rank"":636}"
637,Feliz Navidad,José Feliciano,[],,,,[],"[""und""]",,,,,,,spotify_country_chart_streams,95975.0,streams,95975,Spotify regional daily chart (Kworb aggregate),,,3qCeq0rWK67SoBDgFd2sId,,,https://kworb.net/spotify/country/mt_weekly_totals.html,2026-10-02,"Exact aggregate of streams observed while this recording was inside Spotify's daily Top 200 for Malta, as aggregated by Kworb from Spotify chart data. Streams earned outside the chart are not included. Chart coverage on the source page: 2014-01-12 through 2020-07-02.","{""country_code"":""MT"",""country_name"":""Malta"",""chart_coverage_start"":""2014-01-12"",""chart_coverage_end"":""2020-07-02"",""days_on_chart"":22,""top10_days"":null,""peak_rank"":13,""peak_occurrences"":null,""peak_daily_streams"":12820,""metric_scope"":""country-specific Spotify daily Top 200 chart-attributed streams"",""country_rank"":637}"
638,Bang Bang,Jessie J,[],,,,[],"[""und""]",,,,,,,spotify_country_chart_streams,95891.0,streams,95891,Spotify regional daily chart (Kworb aggregate),,,7zrYKlgYQv1ELz7LGyjTd1,,,https://kworb.net/spotify/country/mt_weekly_totals.html,2026-10-02,"Exact aggregate of streams observed while this recording was inside Spotify's daily Top 200 for Malta, as aggregated by Kworb from Spotify chart data. Streams earned outside the chart are not included. Chart coverage on the source page: 2014-01-12 through 2020-07-02.","{""country_code"":""MT"",""country_name"":""Malta"",""chart_coverage_start"":""2014-01-12"",""chart_coverage_end"":""2020-07-02"",""days_on_chart"":48,""top10_days"":7,""peak_rank"":6,""peak_occurrences"":null,""peak_daily_streams"":4115,""metric_scope"":""country-specific Spotify daily Top 200 chart-attributed streams"",""country_rank"":638}"
639,OTW,Khalid,[],,,,[],"[""und""]",,,,,,,spotify_country_chart_streams,95651.0,streams,95651,Spotify regional daily chart (Kworb aggregate),,,6Hgh47WXVKtXN5zGOu0hjI,,,https://kworb.net/spotify/country/mt_weekly_totals.html,2026-10-02,"Exact aggregate of streams observed while this recording was inside Spotify's daily Top 200 for Malta, as aggregated by Kworb from Spotify chart data. Streams earned outside the chart are not included. Chart coverage on the source page: 2014-01-12 through 2020-07-02.","{""country_code"":""MT"",""country_name"":""Malta"",""chart_coverage_start"":""2014-01-12"",""chart_coverage_end"":""2020-07-02"",""days_on_chart"":20,""top10_days"":null,""peak_rank"":25,""peak_occurrences"":null,""peak_daily_streams"":8832,""metric_scope"":""country-specific Spotify daily Top 200 chart-attributed streams"",""country_rank"":639}"
640,Nice To Meet Ya,Niall Horan,[],,,,[],"[""und""]",,,,,,,spotify_country_chart_streams,95258.0,streams,95258,Spotify regional daily chart (Kworb aggregate),,,3cphb8kdsjElYR7r5icK3H,,,https://kworb.net/spotify/country/mt_weekly_totals.html,2026-10-02,"Exact aggregate of streams observed while this recording was inside Spotify's daily Top 200 for Malta, as aggregated by Kworb from Spotify chart data. Streams earned outside the chart are not included. Chart coverage on the source page: 2014-01-12 through 2020-07-02.","{""country_code"":""MT"",""country_name"":""Malta"",""chart_coverage_start"":""2014-01-12"",""chart_coverage_end"":""2020-07-02"",""days_on_chart"":25,""top10_days"":null,""peak_rank"":33,""peak_occurrences"":null,""peak_daily_streams"":6418,""metric_scope"":""country-specific Spotify daily Top 200 chart-attributed streams"",""country_rank"":640}"
641,Baby,Clean Bandit,[],,,,[],"[""und""]",,,,,,,spotify_country_chart_streams,95258.0,streams,95258,Spotify regional daily chart (Kworb aggregate),,,5XWCc9wQes7X5uyYH9h5JR,,,https://kworb.net/spotify/country/mt_weekly_totals.html,2026-10-02,"Exact aggregate of streams observed while this recording was inside Spotify's daily Top 200 for Malta, as aggregated by Kworb from Spotify chart data. Streams earned outside the chart are not included. Chart coverage on the source page: 2014-01-12 through 2020-07-02.","{""country_code"":""MT"",""country_name"":""Malta"",""chart_coverage_start"":""2014-01-12"",""chart_coverage_end"":""2020-07-02"",""days_on_chart"":24,""top10_days"":null,""peak_rank"":53,""peak_occurrences"":null,""peak_daily_streams"":5533,""metric_scope"":""country-specific Spotify daily Top 200 chart-attributed streams"",""country_rank"":641}"
642,No Lie,Sean Paul,[],,,,[],"[""und""]",,,,,,,spotify_country_chart_streams,95223.0,streams,95223,Spotify regional daily chart (Kworb aggregate),,,48QmG1dfvMuYLxMPt7KSRA,,,https://kworb.net/spotify/country/mt_weekly_totals.html,2026-10-02,"Exact aggregate of streams observed while this recording was inside Spotify's daily Top 200 for Malta, as aggregated by Kworb from Spotify chart data. Streams earned outside the chart are not included. Chart coverage on the source page: 2014-01-12 through 2020-07-02.","{""country_code"":""MT"",""country_name"":""Malta"",""chart_coverage_start"":""2014-01-12"",""chart_coverage_end"":""2020-07-02"",""days_on_chart"":41,""top10_days"":null,""peak_rank"":67,""peak_occurrences"":null,""peak_daily_streams"":3663,""metric_scope"":""country-specific Spotify daily Top 200 chart-attributed streams"",""country_rank"":642}"
643,If It Ain't Love,Jason Derulo,[],,,,[],"[""und""]",,,,,,,spotify_country_chart_streams,94869.0,streams,94869,Spotify regional daily chart (Kworb aggregate),,,5YHR8wBR5jXfGtP766NiAT,,,https://kworb.net/spotify/country/mt_weekly_totals.html,2026-10-02,"Exact aggregate of streams observed while this recording was inside Spotify's daily Top 200 for Malta, as aggregated by Kworb from Spotify chart data. Streams earned outside the chart are not included. Chart coverage on the source page: 2014-01-12 through 2020-07-02.","{""country_code"":""MT"",""country_name"":""Malta"",""chart_coverage_start"":""2014-01-12"",""chart_coverage_end"":""2020-07-02"",""days_on_chart"":22,""top10_days"":null,""peak_rank"":19,""peak_occurrences"":null,""peak_daily_streams"":7089,""metric_scope"":""country-specific Spotify daily Top 200 chart-attributed streams"",""country_rank"":643}"
644,If I'm Lucky,Jason Derulo,[],,,,[],"[""und""]",,,,,,,spotify_country_chart_streams,94279.0,streams,94279,Spotify regional daily chart (Kworb aggregate),,,6eUncuJutsFi9BGO1JaBHh,,,https://kworb.net/spotify/country/mt_weekly_totals.html,2026-10-02,"Exact aggregate of streams observed while this recording was inside Spotify's daily Top 200 for Malta, as aggregated by Kworb from Spotify chart data. Streams earned outside the chart are not included. Chart coverage on the source page: 2014-01-12 through 2020-07-02.","{""country_code"":""MT"",""country_name"":""Malta"",""chart_coverage_start"":""2014-01-12"",""chart_coverage_end"":""2020-07-02"",""days_on_chart"":23,""top10_days"":null,""peak_rank"":26,""peak_occurrences"":null,""peak_daily_streams"":6984,""metric_scope"":""country-specific Spotify daily Top 200 chart-attributed streams"",""country_rank"":644}"
645,Mother's Daughter,Miley Cyrus,[],,,,[],"[""und""]",,,,,,,spotify_country_chart_streams,94093.0,streams,94093,Spotify regional daily chart (Kworb aggregate),,,2WyRfGeHo97VC5mP1BBSzr,,,https://kworb.net/spotify/country/mt_weekly_totals.html,2026-10-02,"Exact aggregate of streams observed while this recording was inside Spotify's daily Top 200 for Malta, as aggregated by Kworb from Spotify chart data. Streams earned outside the chart are not included. Chart coverage on the source page: 2014-01-12 through 2020-07-02.","{""country_code"":""MT"",""country_name"":""Malta"",""chart_coverage_start"":""2014-01-12"",""chart_coverage_end"":""2020-07-02"",""days_on_chart"":19,""top10_days"":null,""peak_rank"":13,""peak_occurrences"":null,""peak_daily_streams"":9372,""metric_scope"":""country-specific Spotify daily Top 200 chart-attributed streams"",""country_rank"":645}"
646,679,Fetty Wap,[],,,,[],"[""und""]",,,,,,,spotify_country_chart_streams,93822.0,streams,93822,Spotify regional daily chart (Kworb aggregate),,,5NQbUaeTEOGdD6hHcre0dZ,,,https://kworb.net/spotify/country/mt_weekly_totals.html,2026-10-02,"Exact aggregate of streams observed while this recording was inside Spotify's daily Top 200 for Malta, as aggregated by Kworb from Spotify chart data. Streams earned outside the chart are not included. Chart coverage on the source page: 2014-01-12 through 2020-07-02.","{""country_code"":""MT"",""country_name"":""Malta"",""chart_coverage_start"":""2014-01-12"",""chart_coverage_end"":""2020-07-02"",""days_on_chart"":40,""top10_days"":null,""peak_rank"":23,""peak_occurrences"":null,""peak_daily_streams"":4268,""metric_scope"":""country-specific Spotify daily Top 200 chart-attributed streams"",""alternate_metrics"":[{""metric_name"":""spotify_country_chart_streams"",""metric_value"":1343.0,""metric_unit"":""streams"",""listen_count"":1343,""view_count"":null,""source_url"":""https://kworb.net/spotify/country/mt_weekly_totals.html"",""retrieved_at"":""2026-10-02""}],""merged_sources"":[""https://kworb.net/spotify/country/mt_weekly_totals.html""],""country_rank"":646}"
647,"Sit Still, Look Pretty",Daya,[],,,,[],"[""und""]",,,,,,,spotify_country_chart_streams,93617.0,streams,93617,Spotify regional daily chart (Kworb aggregate),,,1sSNWjLtY4GwyhqAwAnPD9,,,https://kworb.net/spotify/country/mt_weekly_totals.html,2026-10-02,"Exact aggregate of streams observed while this recording was inside Spotify's daily Top 200 for Malta, as aggregated by Kworb from Spotify chart data. Streams earned outside the chart are not included. Chart coverage on the source page: 2014-01-12 through 2020-07-02.","{""country_code"":""MT"",""country_name"":""Malta"",""chart_coverage_start"":""2014-01-12"",""chart_coverage_end"":""2020-07-02"",""days_on_chart"":38,""top10_days"":null,""peak_rank"":55,""peak_occurrences"":null,""peak_daily_streams"":3340,""metric_scope"":""country-specific Spotify daily Top 200 chart-attributed streams"",""country_rank"":647}"
648,Take Me Back to London,Ed Sheeran,[],,,,[],"[""und""]",,,,,,,spotify_country_chart_streams,93293.0,streams,93293,Spotify regional daily chart (Kworb aggregate),,,1AI7UPw3fgwAFkvAlZWhE0,,,https://kworb.net/spotify/country/mt_weekly_totals.html,2026-10-02,"Exact aggregate of streams observed while this recording was inside Spotify's daily Top 200 for Malta, as aggregated by Kworb from Spotify chart data. Streams earned outside the chart are not included. Chart coverage on the source page: 2014-01-12 through 2020-07-02.","{""country_code"":""MT"",""country_name"":""Malta"",""chart_coverage_start"":""2014-01-12"",""chart_coverage_end"":""2020-07-02"",""days_on_chart"":31,""top10_days"":null,""peak_rank"":58,""peak_occurrences"":null,""peak_daily_streams"":4575,""metric_scope"":""country-specific Spotify daily Top 200 chart-attributed streams"",""country_rank"":648}"
649,Heaven,Julia Michaels,[],,,,[],"[""und""]",,,,,,,spotify_country_chart_streams,93257.0,streams,93257,Spotify regional daily chart (Kworb aggregate),,,4QfNOZN7vrQCQKK1ZJ3XPb,,,https://kworb.net/spotify/country/mt_weekly_totals.html,2026-10-02,"Exact aggregate of streams observed while this recording was inside Spotify's daily Top 200 for Malta, as aggregated by Kworb from Spotify chart data. Streams earned outside the chart are not included. Chart coverage on the source page: 2014-01-12 through 2020-07-02.","{""country_code"":""MT"",""country_name"":""Malta"",""chart_coverage_start"":""2014-01-12"",""chart_coverage_end"":""2020-07-02"",""days_on_chart"":19,""top10_days"":null,""peak_rank"":12,""peak_occurrences"":null,""peak_daily_streams"":9739,""metric_scope"":""country-specific Spotify daily Top 200 chart-attributed streams"",""country_rank"":649}"
650,This Is America,Childish Gambino,[],,,,[],"[""und""]",,,,,,,spotify_country_chart_streams,93213.0,streams,93213,Spotify regional daily chart (Kworb aggregate),,,0b9oOr2ZgvyQu88wzixux9,,,https://kworb.net/spotify/country/mt_weekly_totals.html,2026-10-02,"Exact aggregate of streams observed while this recording was inside Spotify's daily Top 200 for Malta, as aggregated by Kworb from Spotify chart data. Streams earned outside the chart are not included. Chart coverage on the source page: 2014-01-12 through 2020-07-02.","{""country_code"":""MT"",""country_name"":""Malta"",""chart_coverage_start"":""2014-01-12"",""chart_coverage_end"":""2020-07-02"",""days_on_chart"":13,""top10_days"":3,""peak_rank"":2,""peak_occurrences"":1,""peak_daily_streams"":18293,""metric_scope"":""country-specific Spotify daily Top 200 chart-attributed streams"",""country_rank"":650}"
651,Drip Too Hard (Lil Baby & Gunna),Lil Baby,[],,,,[],"[""und""]",,,,,,,spotify_country_chart_streams,92771.0,streams,92771,Spotify regional daily chart (Kworb aggregate),,,78QR3Wp35dqAhFEc2qAGjE,,,https://kworb.net/spotify/country/mt_weekly_totals.html,2026-10-02,"Exact aggregate of streams observed while this recording was inside Spotify's daily Top 200 for Malta, as aggregated by Kworb from Spotify chart data. Streams earned outside the chart are not included. Chart coverage on the source page: 2014-01-12 through 2020-07-02.","{""country_code"":""MT"",""country_name"":""Malta"",""chart_coverage_start"":""2014-01-12"",""chart_coverage_end"":""2020-07-02"",""days_on_chart"":22,""top10_days"":null,""peak_rank"":58,""peak_occurrences"":null,""peak_daily_streams"":5002,""metric_scope"":""country-specific Spotify daily Top 200 chart-attributed streams"",""country_rank"":651}"
652,Happy Xmas (War Is Over) - Remastered,John Lennon,[],,,,[],"[""und""]",,,,,,,spotify_country_chart_streams,92500.0,streams,92500,Spotify regional daily chart (Kworb aggregate),,,3zJw3rugfpVrmBeDDnUYzy,,,https://kworb.net/spotify/country/mt_weekly_totals.html,2026-10-02,"Exact aggregate of streams observed while this recording was inside Spotify's daily Top 200 for Malta, as aggregated by Kworb from Spotify chart data. Streams earned outside the chart are not included. Chart coverage on the source page: 2014-01-12 through 2020-07-02.","{""country_code"":""MT"",""country_name"":""Malta"",""chart_coverage_start"":""2014-01-12"",""chart_coverage_end"":""2020-07-02"",""days_on_chart"":19,""top10_days"":null,""peak_rank"":17,""peak_occurrences"":null,""peak_daily_streams"":12160,""metric_scope"":""country-specific Spotify daily Top 200 chart-attributed streams"",""country_rank"":652}"
653,Only You,Cheat Codes,[],,,,[],"[""und""]",,,,,,,spotify_country_chart_streams,92393.0,streams,92393,Spotify regional daily chart (Kworb aggregate),,,54l9GJGQ1UCFKe2tzt1Vxt,,,https://kworb.net/spotify/country/mt_weekly_totals.html,2026-10-02,"Exact aggregate of streams observed while this recording was inside Spotify's daily Top 200 for Malta, as aggregated by Kworb from Spotify chart data. Streams earned outside the chart are not included. Chart coverage on the source page: 2014-01-12 through 2020-07-02.","{""country_code"":""MT"",""country_name"":""Malta"",""chart_coverage_start"":""2014-01-12"",""chart_coverage_end"":""2020-07-02"",""days_on_chart"":22,""top10_days"":null,""peak_rank"":32,""peak_occurrences"":null,""peak_daily_streams"":7367,""metric_scope"":""country-specific Spotify daily Top 200 chart-attributed streams"",""country_rank"":653}"
654,Bad At Love,Halsey,[],,,,[],"[""und""]",,,,,,,spotify_country_chart_streams,92207.0,streams,92207,Spotify regional daily chart (Kworb aggregate),,,7y9iMe8SOB6z3NoHE2OfXl,,,https://kworb.net/spotify/country/mt_weekly_totals.html,2026-10-02,"Exact aggregate of streams observed while this recording was inside Spotify's daily Top 200 for Malta, as aggregated by Kworb from Spotify chart data. Streams earned outside the chart are not included. Chart coverage on the source page: 2014-01-12 through 2020-07-02.","{""country_code"":""MT"",""country_name"":""Malta"",""chart_coverage_start"":""2014-01-12"",""chart_coverage_end"":""2020-07-02"",""days_on_chart"":23,""top10_days"":null,""peak_rank"":34,""peak_occurrences"":null,""peak_daily_streams"":6232,""metric_scope"":""country-specific Spotify daily Top 200 chart-attributed streams"",""country_rank"":654}"
655,Loca Remix,KHEA,[],,,,[],"[""und""]",,,,,,,spotify_country_chart_streams,92175.0,streams,92175,Spotify regional daily chart (Kworb aggregate),,,2CRbiMK0W14l71SpDKqKZM,,,https://kworb.net/spotify/country/mt_weekly_totals.html,2026-10-02,"Exact aggregate of streams observed while this recording was inside Spotify's daily Top 200 for Malta, as aggregated by Kworb from Spotify chart data. Streams earned outside the chart are not included. Chart coverage on the source page: 2014-01-12 through 2020-07-02.","{""country_code"":""MT"",""country_name"":""Malta"",""chart_coverage_start"":""2014-01-12"",""chart_coverage_end"":""2020-07-02"",""days_on_chart"":27,""top10_days"":null,""peak_rank"":61,""peak_occurrences"":null,""peak_daily_streams"":5053,""metric_scope"":""country-specific Spotify daily Top 200 chart-attributed streams"",""country_rank"":655}"
656,1950,King Princess,[],,,,[],"[""und""]",,,,,,,spotify_country_chart_streams,92101.0,streams,92101,Spotify regional daily chart (Kworb aggregate),,,0CZ8lquoTX2Dkg7Ak2inwA,,,https://kworb.net/spotify/country/mt_weekly_totals.html,2026-10-02,"Exact aggregate of streams observed while this recording was inside Spotify's daily Top 200 for Malta, as aggregated by Kworb from Spotify chart data. Streams earned outside the chart are not included. Chart coverage on the source page: 2014-01-12 through 2020-07-02.","{""country_code"":""MT"",""country_name"":""Malta"",""chart_coverage_start"":""2014-01-12"",""chart_coverage_end"":""2020-07-02"",""days_on_chart"":21,""top10_days"":null,""peak_rank"":27,""peak_occurrences"":null,""peak_daily_streams"":6813,""metric_scope"":""country-specific Spotify daily Top 200 chart-attributed streams"",""country_rank"":656}"
657,Subete,Lary Over,[],,,,[],"[""und""]",,,,,,,spotify_country_chart_streams,91824.0,streams,91824,Spotify regional daily chart (Kworb aggregate),,,6CWMm2mJOrKyDH4W1X5d06,,,https://kworb.net/spotify/country/mt_weekly_totals.html,2026-10-02,"Exact aggregate of streams observed while this recording was inside Spotify's daily Top 200 for Malta, as aggregated by Kworb from Spotify chart data. Streams earned outside the chart are not included. Chart coverage on the source page: 2014-01-12 through 2020-07-02.","{""country_code"":""MT"",""country_name"":""Malta"",""chart_coverage_start"":""2014-01-12"",""chart_coverage_end"":""2020-07-02"",""days_on_chart"":23,""top10_days"":null,""peak_rank"":58,""peak_occurrences"":null,""peak_daily_streams"":5949,""metric_scope"":""country-specific Spotify daily Top 200 chart-attributed streams"",""country_rank"":657}"
658,July,Noah Cyrus,[],,,,[],"[""und""]",,,,,,,spotify_country_chart_streams,91718.0,streams,91718,Spotify regional daily chart (Kworb aggregate),,,6J2LdBN97cDWn0MLxYh9HB,,,https://kworb.net/spotify/country/mt_weekly_totals.html,2026-10-02,"Exact aggregate of streams observed while this recording was inside Spotify's daily Top 200 for Malta, as aggregated by Kworb from Spotify chart data. Streams earned outside the chart are not included. Chart coverage on the source page: 2014-01-12 through 2020-07-02.","{""country_code"":""MT"",""country_name"":""Malta"",""chart_coverage_start"":""2014-01-12"",""chart_coverage_end"":""2020-07-02"",""days_on_chart"":30,""top10_days"":null,""peak_rank"":53,""peak_occurrences"":null,""peak_daily_streams"":4477,""metric_scope"":""country-specific Spotify daily Top 200 chart-attributed streams"",""country_rank"":658}"
659,Síguelo Bailando,Ozuna,[],,,,[],"[""und""]",,,,,,,spotify_country_chart_streams,91628.0,streams,91628,Spotify regional daily chart (Kworb aggregate),,,5Y9fnynLlIvqtM710MHzfz,,,https://kworb.net/spotify/country/mt_weekly_totals.html,2026-10-02,"Exact aggregate of streams observed while this recording was inside Spotify's daily Top 200 for Malta, as aggregated by Kworb from Spotify chart data. Streams earned outside the chart are not included. Chart coverage on the source page: 2014-01-12 through 2020-07-02.","{""country_code"":""MT"",""country_name"":""Malta"",""chart_coverage_start"":""2014-01-12"",""chart_coverage_end"":""2020-07-02"",""days_on_chart"":27,""top10_days"":null,""peak_rank"":59,""peak_occurrences"":null,""peak_daily_streams"":5194,""metric_scope"":""country-specific Spotify daily Top 200 chart-attributed streams"",""country_rank"":659}"
660,Runaway (U & I),Galantis,[],,,,[],"[""und""]",,,,,,,spotify_country_chart_streams,91517.0,streams,91517,Spotify regional daily chart (Kworb aggregate),,,46lFttIf5hnUZMGvjK0Wxo,,,https://kworb.net/spotify/country/mt_weekly_totals.html,2026-10-02,"Exact aggregate of streams observed while this recording was inside Spotify's daily Top 200 for Malta, as aggregated by Kworb from Spotify chart data. Streams earned outside the chart are not included. Chart coverage on the source page: 2014-01-12 through 2020-07-02.","{""country_code"":""MT"",""country_name"":""Malta"",""chart_coverage_start"":""2014-01-12"",""chart_coverage_end"":""2020-07-02"",""days_on_chart"":66,""top10_days"":null,""peak_rank"":38,""peak_occurrences"":null,""peak_daily_streams"":2968,""metric_scope"":""country-specific Spotify daily Top 200 chart-attributed streams"",""country_rank"":660}"
661,Places,Martin Solveig,[],,,,[],"[""und""]",,,,,,,spotify_country_chart_streams,91262.0,streams,91262,Spotify regional daily chart (Kworb aggregate),,,6O85MfGECKBqAK2MgSbCaj,,,https://kworb.net/spotify/country/mt_weekly_totals.html,2026-10-02,"Exact aggregate of streams observed while this recording was inside Spotify's daily Top 200 for Malta, as aggregated by Kworb from Spotify chart data. Streams earned outside the chart are not included. Chart coverage on the source page: 2014-01-12 through 2020-07-02.","{""country_code"":""MT"",""country_name"":""Malta"",""chart_coverage_start"":""2014-01-12"",""chart_coverage_end"":""2020-07-02"",""days_on_chart"":32,""top10_days"":null,""peak_rank"":65,""peak_occurrences"":null,""peak_daily_streams"":4350,""metric_scope"":""country-specific Spotify daily Top 200 chart-attributed streams"",""country_rank"":661}"
662,Selfish,Future,[],,,,[],"[""und""]",,,,,,,spotify_country_chart_streams,91115.0,streams,91115,Spotify regional daily chart (Kworb aggregate),,,2Ce5IyMlVRVvN997ZJjJJA,,,https://kworb.net/spotify/country/mt_weekly_totals.html,2026-10-02,"Exact aggregate of streams observed while this recording was inside Spotify's daily Top 200 for Malta, as aggregated by Kworb from Spotify chart data. Streams earned outside the chart are not included. Chart coverage on the source page: 2014-01-12 through 2020-07-02.","{""country_code"":""MT"",""country_name"":""Malta"",""chart_coverage_start"":""2014-01-12"",""chart_coverage_end"":""2020-07-02"",""days_on_chart"":18,""top10_days"":null,""peak_rank"":25,""peak_occurrences"":null,""peak_daily_streams"":8884,""metric_scope"":""country-specific Spotify daily Top 200 chart-attributed streams"",""country_rank"":662}"
663,you should see me in a crown,Billie Eilish,[],,,,[],"[""und""]",,,,,,,spotify_country_chart_streams,91105.0,streams,91105,Spotify regional daily chart (Kworb aggregate),,,3XF5xLJHOQQRbWya6hBp7d,,,https://kworb.net/spotify/country/mt_weekly_totals.html,2026-10-02,"Exact aggregate of streams observed while this recording was inside Spotify's daily Top 200 for Malta, as aggregated by Kworb from Spotify chart data. Streams earned outside the chart are not included. Chart coverage on the source page: 2014-01-12 through 2020-07-02.","{""country_code"":""MT"",""country_name"":""Malta"",""chart_coverage_start"":""2014-01-12"",""chart_coverage_end"":""2020-07-02"",""days_on_chart"":28,""top10_days"":null,""peak_rank"":26,""peak_occurrences"":null,""peak_daily_streams"":9150,""metric_scope"":""country-specific Spotify daily Top 200 chart-attributed streams"",""country_rank"":663}"
664,BOP,DaBaby,[],,,,[],"[""und""]",,,,,,,spotify_country_chart_streams,91072.0,streams,91072,Spotify regional daily chart (Kworb aggregate),,,6Ozh9Ok6h4Oi1wUSLtBseN,,,https://kworb.net/spotify/country/mt_weekly_totals.html,2026-10-02,"Exact aggregate of streams observed while this recording was inside Spotify's daily Top 200 for Malta, as aggregated by Kworb from Spotify chart data. Streams earned outside the chart are not included. Chart coverage on the source page: 2014-01-12 through 2020-07-02.","{""country_code"":""MT"",""country_name"":""Malta"",""chart_coverage_start"":""2014-01-12"",""chart_coverage_end"":""2020-07-02"",""days_on_chart"":24,""top10_days"":null,""peak_rank"":36,""peak_occurrences"":null,""peak_daily_streams"":6100,""metric_scope"":""country-specific Spotify daily Top 200 chart-attributed streams"",""country_rank"":664}"
665,Sexual,NEIKED,[],,,,[],"[""und""]",,,,,,,spotify_country_chart_streams,90887.0,streams,90887,Spotify regional daily chart (Kworb aggregate),,,3AsAuGTaDQzavZZThyYlop,,,https://kworb.net/spotify/country/mt_weekly_totals.html,2026-10-02,"Exact aggregate of streams observed while this recording was inside Spotify's daily Top 200 for Malta, as aggregated by Kworb from Spotify chart data. Streams earned outside the chart are not included. Chart coverage on the source page: 2014-01-12 through 2020-07-02.","{""country_code"":""MT"",""country_name"":""Malta"",""chart_coverage_start"":""2014-01-12"",""chart_coverage_end"":""2020-07-02"",""days_on_chart"":29,""top10_days"":null,""peak_rank"":33,""peak_occurrences"":null,""peak_daily_streams"":4761,""metric_scope"":""country-specific Spotify daily Top 200 chart-attributed streams"",""alternate_metrics"":[{""metric_name"":""spotify_country_chart_streams"",""metric_value"":11422.0,""metric_unit"":""streams"",""listen_count"":11422,""view_count"":null,""source_url"":""https://kworb.net/spotify/country/mt_weekly_totals.html"",""retrieved_at"":""2026-10-02""}],""merged_sources"":[""https://kworb.net/spotify/country/mt_weekly_totals.html""],""country_rank"":665}"
666,Bones,Galantis,[],,,,[],"[""und""]",,,,,,,spotify_country_chart_streams,90692.0,streams,90692,Spotify regional daily chart (Kworb aggregate),,,1pfgsjmxVZhoZpeDx6POKv,,,https://kworb.net/spotify/country/mt_weekly_totals.html,2026-10-02,"Exact aggregate of streams observed while this recording was inside Spotify's daily Top 200 for Malta, as aggregated by Kworb from Spotify chart data. Streams earned outside the chart are not included. Chart coverage on the source page: 2014-01-12 through 2020-07-02.","{""country_code"":""MT"",""country_name"":""Malta"",""chart_coverage_start"":""2014-01-12"",""chart_coverage_end"":""2020-07-02"",""days_on_chart"":33,""top10_days"":null,""peak_rank"":76,""peak_occurrences"":null,""peak_daily_streams"":5338,""metric_scope"":""country-specific Spotify daily Top 200 chart-attributed streams"",""country_rank"":666}"
667,Walk It Talk It,Migos,[],,,,[],"[""und""]",,,,,,,spotify_country_chart_streams,90691.0,streams,90691,Spotify regional daily chart (Kworb aggregate),,,6n4U3TlzUGhdSFbUUhTvLP,,,https://kworb.net/spotify/country/mt_weekly_totals.html,2026-10-02,"Exact aggregate of streams observed while this recording was inside Spotify's daily Top 200 for Malta, as aggregated by Kworb from Spotify chart data. Streams earned outside the chart are not included. Chart coverage on the source page: 2014-01-12 through 2020-07-02.","{""country_code"":""MT"",""country_name"":""Malta"",""chart_coverage_start"":""2014-01-12"",""chart_coverage_end"":""2020-07-02"",""days_on_chart"":23,""top10_days"":null,""peak_rank"":24,""peak_occurrences"":null,""peak_daily_streams"":7679,""metric_scope"":""country-specific Spotify daily Top 200 chart-attributed streams"",""country_rank"":667}"
668,All Around The World (La La La),R3HAB,[],,,,[],"[""und""]",,,,,,,spotify_country_chart_streams,90607.0,streams,90607,Spotify regional daily chart (Kworb aggregate),,,02itaCXOdC54J0ISjqqFAp,,,https://kworb.net/spotify/country/mt_weekly_totals.html,2026-10-02,"Exact aggregate of streams observed while this recording was inside Spotify's daily Top 200 for Malta, as aggregated by Kworb from Spotify chart data. Streams earned outside the chart are not included. Chart coverage on the source page: 2014-01-12 through 2020-07-02.","{""country_code"":""MT"",""country_name"":""Malta"",""chart_coverage_start"":""2014-01-12"",""chart_coverage_end"":""2020-07-02"",""days_on_chart"":29,""top10_days"":null,""peak_rank"":37,""peak_occurrences"":null,""peak_daily_streams"":6532,""metric_scope"":""country-specific Spotify daily Top 200 chart-attributed streams"",""country_rank"":668}"
669,Headlights,Robin Schulz,[],,,,[],"[""und""]",,,,,,,spotify_country_chart_streams,90413.0,streams,90413,Spotify regional daily chart (Kworb aggregate),,,06Hdbxh6NCy6TIhjdXTchB,,,https://kworb.net/spotify/country/mt_weekly_totals.html,2026-10-02,"Exact aggregate of streams observed while this recording was inside Spotify's daily Top 200 for Malta, as aggregated by Kworb from Spotify chart data. Streams earned outside the chart are not included. Chart coverage on the source page: 2014-01-12 through 2020-07-02.","{""country_code"":""MT"",""country_name"":""Malta"",""chart_coverage_start"":""2014-01-12"",""chart_coverage_end"":""2020-07-02"",""days_on_chart"":39,""top10_days"":9,""peak_rank"":4,""peak_occurrences"":null,""peak_daily_streams"":5586,""metric_scope"":""country-specific Spotify daily Top 200 chart-attributed streams"",""country_rank"":669}"
670,i love you,Billie Eilish,[],,,,[],"[""und""]",,,,,,,spotify_country_chart_streams,90359.0,streams,90359,Spotify regional daily chart (Kworb aggregate),,,6CcJMwBtXByIz4zQLzFkKc,,,https://kworb.net/spotify/country/mt_weekly_totals.html,2026-10-02,"Exact aggregate of streams observed while this recording was inside Spotify's daily Top 200 for Malta, as aggregated by Kworb from Spotify chart data. Streams earned outside the chart are not included. Chart coverage on the source page: 2014-01-12 through 2020-07-02.","{""country_code"":""MT"",""country_name"":""Malta"",""chart_coverage_start"":""2014-01-12"",""chart_coverage_end"":""2020-07-02"",""days_on_chart"":30,""top10_days"":null,""peak_rank"":30,""peak_occurrences"":null,""peak_daily_streams"":8285,""metric_scope"":""country-specific Spotify daily Top 200 chart-attributed streams"",""country_rank"":670}"
671,Vossi Bop,Stormzy,[],,,,[],"[""und""]",,,,,,,spotify_country_chart_streams,90287.0,streams,90287,Spotify regional daily chart (Kworb aggregate),,,44ZJ4hLD5onikKsVLQaILr,,,https://kworb.net/spotify/country/mt_weekly_totals.html,2026-10-02,"Exact aggregate of streams observed while this recording was inside Spotify's daily Top 200 for Malta, as aggregated by Kworb from Spotify chart data. Streams earned outside the chart are not included. Chart coverage on the source page: 2014-01-12 through 2020-07-02.","{""country_code"":""MT"",""country_name"":""Malta"",""chart_coverage_start"":""2014-01-12"",""chart_coverage_end"":""2020-07-02"",""days_on_chart"":33,""top10_days"":null,""peak_rank"":46,""peak_occurrences"":null,""peak_daily_streams"":4766,""metric_scope"":""country-specific Spotify daily Top 200 chart-attributed streams"",""country_rank"":671}"
672,Don't,Ed Sheeran,[],,,,[],"[""und""]",,,,,,,spotify_country_chart_streams,90131.0,streams,90131,Spotify regional daily chart (Kworb aggregate),,,5W2opDlEE4V6azri6kC4aT,,,https://kworb.net/spotify/country/mt_weekly_totals.html,2026-10-02,"Exact aggregate of streams observed while this recording was inside Spotify's daily Top 200 for Malta, as aggregated by Kworb from Spotify chart data. Streams earned outside the chart are not included. Chart coverage on the source page: 2014-01-12 through 2020-07-02.","{""country_code"":""MT"",""country_name"":""Malta"",""chart_coverage_start"":""2014-01-12"",""chart_coverage_end"":""2020-07-02"",""days_on_chart"":44,""top10_days"":5,""peak_rank"":7,""peak_occurrences"":null,""peak_daily_streams"":3137,""metric_scope"":""country-specific Spotify daily Top 200 chart-attributed streams"",""country_rank"":672}"
673,Too Much To Ask,Niall Horan,[],,,,[],"[""und""]",,,,,,,spotify_country_chart_streams,90130.0,streams,90130,Spotify regional daily chart (Kworb aggregate),,,4v094LQ9eF10k2O2Te2ngK,,,https://kworb.net/spotify/country/mt_weekly_totals.html,2026-10-02,"Exact aggregate of streams observed while this recording was inside Spotify's daily Top 200 for Malta, as aggregated by Kworb from Spotify chart data. Streams earned outside the chart are not included. Chart coverage on the source page: 2014-01-12 through 2020-07-02.","{""country_code"":""MT"",""country_name"":""Malta"",""chart_coverage_start"":""2014-01-12"",""chart_coverage_end"":""2020-07-02"",""days_on_chart"":22,""top10_days"":null,""peak_rank"":28,""peak_occurrences"":null,""peak_daily_streams"":6904,""metric_scope"":""country-specific Spotify daily Top 200 chart-attributed streams"",""country_rank"":673}"
674,Rare,Selena Gomez,[],,,,[],"[""und""]",,,,,,,spotify_country_chart_streams,90009.0,streams,90009,Spotify regional daily chart (Kworb aggregate),,,7HMmFQsKsljwTw8bS7lu19,,,https://kworb.net/spotify/country/mt_weekly_totals.html,2026-10-02,"Exact aggregate of streams observed while this recording was inside Spotify's daily Top 200 for Malta, as aggregated by Kworb from Spotify chart data. Streams earned outside the chart are not included. Chart coverage on the source page: 2014-01-12 through 2020-07-02.","{""country_code"":""MT"",""country_name"":""Malta"",""chart_coverage_start"":""2014-01-12"",""chart_coverage_end"":""2020-07-02"",""days_on_chart"":15,""top10_days"":1,""peak_rank"":8,""peak_occurrences"":null,""peak_daily_streams"":14406,""metric_scope"":""country-specific Spotify daily Top 200 chart-attributed streams"",""country_rank"":674}"
675,LIKE I WOULD,ZAYN,[],,,,[],"[""und""]",,,,,,,spotify_country_chart_streams,90008.0,streams,90008,Spotify regional daily chart (Kworb aggregate),,,1zWMf9bVyhY5W3ZORbjNWt,,,https://kworb.net/spotify/country/mt_weekly_totals.html,2026-10-02,"Exact aggregate of streams observed while this recording was inside Spotify's daily Top 200 for Malta, as aggregated by Kworb from Spotify chart data. Streams earned outside the chart are not included. Chart coverage on the source page: 2014-01-12 through 2020-07-02.","{""country_code"":""MT"",""country_name"":""Malta"",""chart_coverage_start"":""2014-01-12"",""chart_coverage_end"":""2020-07-02"",""days_on_chart"":19,""top10_days"":null,""peak_rank"":13,""peak_occurrences"":null,""peak_daily_streams"":7613,""metric_scope"":""country-specific Spotify daily Top 200 chart-attributed streams"",""country_rank"":675}"
676,Orphans,Coldplay,[],,,,[],"[""und""]",,,,,,,spotify_country_chart_streams,89912.0,streams,89912,Spotify regional daily chart (Kworb aggregate),,,6muOWhMh7Tf0UFUtMDBhUR,,,https://kworb.net/spotify/country/mt_weekly_totals.html,2026-10-02,"Exact aggregate of streams observed while this recording was inside Spotify's daily Top 200 for Malta, as aggregated by Kworb from Spotify chart data. Streams earned outside the chart are not included. Chart coverage on the source page: 2014-01-12 through 2020-07-02.","{""country_code"":""MT"",""country_name"":""Malta"",""chart_coverage_start"":""2014-01-12"",""chart_coverage_end"":""2020-07-02"",""days_on_chart"":26,""top10_days"":null,""peak_rank"":25,""peak_occurrences"":null,""peak_daily_streams"":7795,""metric_scope"":""country-specific Spotify daily Top 200 chart-attributed streams"",""country_rank"":676}"
677,Don’t Call Me Angel (Charlie’s Angels),Ariana Grande,[],,,,[],"[""und""]",,,,,,,spotify_country_chart_streams,89716.0,streams,89716,Spotify regional daily chart (Kworb aggregate),,,3NkJNL3WqO1Lqc3uNDxvCN,,,https://kworb.net/spotify/country/mt_weekly_totals.html,2026-10-02,"Exact aggregate of streams observed while this recording was inside Spotify's daily Top 200 for Malta, as aggregated by Kworb from Spotify chart data. Streams earned outside the chart are not included. Chart coverage on the source page: 2014-01-12 through 2020-07-02.","{""country_code"":""MT"",""country_name"":""Malta"",""chart_coverage_start"":""2014-01-12"",""chart_coverage_end"":""2020-07-02"",""days_on_chart"":12,""top10_days"":3,""peak_rank"":3,""peak_occurrences"":1,""peak_daily_streams"":17763,""metric_scope"":""country-specific Spotify daily Top 200 chart-attributed streams"",""country_rank"":677}"
678,Down,Fifth Harmony,[],,,,[],"[""und""]",,,,,,,spotify_country_chart_streams,89257.0,streams,89257,Spotify regional daily chart (Kworb aggregate),,,7LEydI5NfjY6mZfKwYIptZ,,,https://kworb.net/spotify/country/mt_weekly_totals.html,2026-10-02,"Exact aggregate of streams observed while this recording was inside Spotify's daily Top 200 for Malta, as aggregated by Kworb from Spotify chart data. Streams earned outside the chart are not included. Chart coverage on the source page: 2014-01-12 through 2020-07-02.","{""country_code"":""MT"",""country_name"":""Malta"",""chart_coverage_start"":""2014-01-12"",""chart_coverage_end"":""2020-07-02"",""days_on_chart"":18,""top10_days"":null,""peak_rank"":37,""peak_occurrences"":null,""peak_daily_streams"":7961,""metric_scope"":""country-specific Spotify daily Top 200 chart-attributed streams"",""country_rank"":678}"
679,Elastic Heart,Sia,[],,,,[],"[""und""]",,,,,,,spotify_country_chart_streams,88963.0,streams,88963,Spotify regional daily chart (Kworb aggregate),,,6kwAbEjseqBob48jCus7Sz,,,https://kworb.net/spotify/country/mt_weekly_totals.html,2026-10-02,"Exact aggregate of streams observed while this recording was inside Spotify's daily Top 200 for Malta, as aggregated by Kworb from Spotify chart data. Streams earned outside the chart are not included. Chart coverage on the source page: 2014-01-12 through 2020-07-02.","{""country_code"":""MT"",""country_name"":""Malta"",""chart_coverage_start"":""2014-01-12"",""chart_coverage_end"":""2020-07-02"",""days_on_chart"":38,""top10_days"":7,""peak_rank"":3,""peak_occurrences"":2,""peak_daily_streams"":7542,""metric_scope"":""country-specific Spotify daily Top 200 chart-attributed streams"",""alternate_metrics"":[{""metric_name"":""spotify_country_chart_streams"",""metric_value"":2380.0,""metric_unit"":""streams"",""listen_count"":2380,""view_count"":null,""source_url"":""https://kworb.net/spotify/country/mt_weekly_totals.html"",""retrieved_at"":""2026-10-02""}],""merged_sources"":[""https://kworb.net/spotify/country/mt_weekly_totals.html""],""country_rank"":679}"
680,Oceans Away,A R I Z O N A,[],,,,[],"[""und""]",,,,,,,spotify_country_chart_streams,88514.0,streams,88514,Spotify regional daily chart (Kworb aggregate),,,4NJpJ17Dgm5r4OYExFbxLk,,,https://kworb.net/spotify/country/mt_weekly_totals.html,2026-10-02,"Exact aggregate of streams observed while this recording was inside Spotify's daily Top 200 for Malta, as aggregated by Kworb from Spotify chart data. Streams earned outside the chart are not included. Chart coverage on the source page: 2014-01-12 through 2020-07-02.","{""country_code"":""MT"",""country_name"":""Malta"",""chart_coverage_start"":""2014-01-12"",""chart_coverage_end"":""2020-07-02"",""days_on_chart"":31,""top10_days"":null,""peak_rank"":50,""peak_occurrences"":null,""peak_daily_streams"":5171,""metric_scope"":""country-specific Spotify daily Top 200 chart-attributed streams"",""country_rank"":680}"
681,Skechers,DripReport,[],,,,[],"[""und""]",,,,,,,spotify_country_chart_streams,88277.0,streams,88277,Spotify regional daily chart (Kworb aggregate),,,2alc8VZAzDgdAsL2QMk3hu,,,https://kworb.net/spotify/country/mt_weekly_totals.html,2026-10-02,"Exact aggregate of streams observed while this recording was inside Spotify's daily Top 200 for Malta, as aggregated by Kworb from Spotify chart data. Streams earned outside the chart are not included. Chart coverage on the source page: 2014-01-12 through 2020-07-02.","{""country_code"":""MT"",""country_name"":""Malta"",""chart_coverage_start"":""2014-01-12"",""chart_coverage_end"":""2020-07-02"",""days_on_chart"":19,""top10_days"":null,""peak_rank"":20,""peak_occurrences"":null,""peak_daily_streams"":8382,""metric_scope"":""country-specific Spotify daily Top 200 chart-attributed streams"",""alternate_metrics"":[{""metric_name"":""spotify_country_chart_streams"",""metric_value"":7021.0,""metric_unit"":""streams"",""listen_count"":7021,""view_count"":null,""source_url"":""https://kworb.net/spotify/country/mt_weekly_totals.html"",""retrieved_at"":""2026-10-02""}],""merged_sources"":[""https://kworb.net/spotify/country/mt_weekly_totals.html""],""country_rank"":681}"
682,No Sleep,Martin Garrix,[],,,,[],"[""und""]",,,,,,,spotify_country_chart_streams,88148.0,streams,88148,Spotify regional daily chart (Kworb aggregate),,,1ahVFh0ViDZr8LvkEVlq3B,,,https://kworb.net/spotify/country/mt_weekly_totals.html,2026-10-02,"Exact aggregate of streams observed while this recording was inside Spotify's daily Top 200 for Malta, as aggregated by Kworb from Spotify chart data. Streams earned outside the chart are not included. Chart coverage on the source page: 2014-01-12 through 2020-07-02.","{""country_code"":""MT"",""country_name"":""Malta"",""chart_coverage_start"":""2014-01-12"",""chart_coverage_end"":""2020-07-02"",""days_on_chart"":26,""top10_days"":null,""peak_rank"":54,""peak_occurrences"":null,""peak_daily_streams"":5437,""metric_scope"":""country-specific Spotify daily Top 200 chart-attributed streams"",""country_rank"":682}"
683,Amigos Con Derechos,Reik,[],,,,[],"[""und""]",,,,,,,spotify_country_chart_streams,88101.0,streams,88101,Spotify regional daily chart (Kworb aggregate),,,2zDj4WjbNDmrRL6Z4YjjCA,,,https://kworb.net/spotify/country/mt_weekly_totals.html,2026-10-02,"Exact aggregate of streams observed while this recording was inside Spotify's daily Top 200 for Malta, as aggregated by Kworb from Spotify chart data. Streams earned outside the chart are not included. Chart coverage on the source page: 2014-01-12 through 2020-07-02.","{""country_code"":""MT"",""country_name"":""Malta"",""chart_coverage_start"":""2014-01-12"",""chart_coverage_end"":""2020-07-02"",""days_on_chart"":19,""top10_days"":null,""peak_rank"":48,""peak_occurrences"":null,""peak_daily_streams"":6690,""metric_scope"":""country-specific Spotify daily Top 200 chart-attributed streams"",""country_rank"":683}"
684,A Solas - Remix,Lunay,[],,,,[],"[""und""]",,,,,,,spotify_country_chart_streams,88088.0,streams,88088,Spotify regional daily chart (Kworb aggregate),,,3T5QSIgoaPIh07SwixRDp7,,,https://kworb.net/spotify/country/mt_weekly_totals.html,2026-10-02,"Exact aggregate of streams observed while this recording was inside Spotify's daily Top 200 for Malta, as aggregated by Kworb from Spotify chart data. Streams earned outside the chart are not included. Chart coverage on the source page: 2014-01-12 through 2020-07-02.","{""country_code"":""MT"",""country_name"":""Malta"",""chart_coverage_start"":""2014-01-12"",""chart_coverage_end"":""2020-07-02"",""days_on_chart"":18,""top10_days"":null,""peak_rank"":53,""peak_occurrences"":null,""peak_daily_streams"":6122,""metric_scope"":""country-specific Spotify daily Top 200 chart-attributed streams"",""country_rank"":684}"
685,ocean eyes,Billie Eilish,[],,,,[],"[""und""]",,,,,,,spotify_country_chart_streams,87924.0,streams,87924,Spotify regional daily chart (Kworb aggregate),,,2uIX8YMNjGMD7441kqyyNU,,,https://kworb.net/spotify/country/mt_weekly_totals.html,2026-10-02,"Exact aggregate of streams observed while this recording was inside Spotify's daily Top 200 for Malta, as aggregated by Kworb from Spotify chart data. Streams earned outside the chart are not included. Chart coverage on the source page: 2014-01-12 through 2020-07-02.","{""country_code"":""MT"",""country_name"":""Malta"",""chart_coverage_start"":""2014-01-12"",""chart_coverage_end"":""2020-07-02"",""days_on_chart"":33,""top10_days"":null,""peak_rank"":77,""peak_occurrences"":null,""peak_daily_streams"":4502,""metric_scope"":""country-specific Spotify daily Top 200 chart-attributed streams"",""country_rank"":685}"
686,Shut Up and Dance,WALK THE MOON,[],,,,[],"[""und""]",,,,,,,spotify_country_chart_streams,87898.0,streams,87898,Spotify regional daily chart (Kworb aggregate),,,4kbj5MwxO1bq9wjT5g9HaA,,,https://kworb.net/spotify/country/mt_weekly_totals.html,2026-10-02,"Exact aggregate of streams observed while this recording was inside Spotify's daily Top 200 for Malta, as aggregated by Kworb from Spotify chart data. Streams earned outside the chart are not included. Chart coverage on the source page: 2014-01-12 through 2020-07-02.","{""country_code"":""MT"",""country_name"":""Malta"",""chart_coverage_start"":""2014-01-12"",""chart_coverage_end"":""2020-07-02"",""days_on_chart"":41,""top10_days"":null,""peak_rank"":16,""peak_occurrences"":null,""peak_daily_streams"":4352,""metric_scope"":""country-specific Spotify daily Top 200 chart-attributed streams"",""country_rank"":686}"
687,DNA.,Kendrick Lamar,[],,,,[],"[""und""]",,,,,,,spotify_country_chart_streams,87818.0,streams,87818,Spotify regional daily chart (Kworb aggregate),,,6HZILIRieu8S0iqY8kIKhj,,,https://kworb.net/spotify/country/mt_weekly_totals.html,2026-10-02,"Exact aggregate of streams observed while this recording was inside Spotify's daily Top 200 for Malta, as aggregated by Kworb from Spotify chart data. Streams earned outside the chart are not included. Chart coverage on the source page: 2014-01-12 through 2020-07-02.","{""country_code"":""MT"",""country_name"":""Malta"",""chart_coverage_start"":""2014-01-12"",""chart_coverage_end"":""2020-07-02"",""days_on_chart"":26,""top10_days"":null,""peak_rank"":25,""peak_occurrences"":null,""peak_daily_streams"":8845,""metric_scope"":""country-specific Spotify daily Top 200 chart-attributed streams"",""country_rank"":687}"
688,I.F.L.Y.,Bazzi,[],,,,[],"[""und""]",,,,,,,spotify_country_chart_streams,87778.0,streams,87778,Spotify regional daily chart (Kworb aggregate),,,4a6q8CR2hzLk2plDkSxkfD,,,https://kworb.net/spotify/country/mt_weekly_totals.html,2026-10-02,"Exact aggregate of streams observed while this recording was inside Spotify's daily Top 200 for Malta, as aggregated by Kworb from Spotify chart data. Streams earned outside the chart are not included. Chart coverage on the source page: 2014-01-12 through 2020-07-02.","{""country_code"":""MT"",""country_name"":""Malta"",""chart_coverage_start"":""2014-01-12"",""chart_coverage_end"":""2020-07-02"",""days_on_chart"":22,""top10_days"":null,""peak_rank"":32,""peak_occurrences"":null,""peak_daily_streams"":5880,""metric_scope"":""country-specific Spotify daily Top 200 chart-attributed streams"",""country_rank"":688}"
689,Corazón,Maluma,[],,,,[],"[""und""]",,,,,,,spotify_country_chart_streams,87576.0,streams,87576,Spotify regional daily chart (Kworb aggregate),,,4lESS6vuruP6a79KWRaQou,,,https://kworb.net/spotify/country/mt_weekly_totals.html,2026-10-02,"Exact aggregate of streams observed while this recording was inside Spotify's daily Top 200 for Malta, as aggregated by Kworb from Spotify chart data. Streams earned outside the chart are not included. Chart coverage on the source page: 2014-01-12 through 2020-07-02.","{""country_code"":""MT"",""country_name"":""Malta"",""chart_coverage_start"":""2014-01-12"",""chart_coverage_end"":""2020-07-02"",""days_on_chart"":26,""top10_days"":null,""peak_rank"":42,""peak_occurrences"":null,""peak_daily_streams"":5486,""metric_scope"":""country-specific Spotify daily Top 200 chart-attributed streams"",""country_rank"":689}"
690,If You're Over Me,Olly Alexander (Years & Years),[],,,,[],"[""und""]",,,,,,,spotify_country_chart_streams,87467.0,streams,87467,Spotify regional daily chart (Kworb aggregate),,,1oc3jna2ablnfIKLYbKujl,,,https://kworb.net/spotify/country/mt_weekly_totals.html,2026-10-02,"Exact aggregate of streams observed while this recording was inside Spotify's daily Top 200 for Malta, as aggregated by Kworb from Spotify chart data. Streams earned outside the chart are not included. Chart coverage on the source page: 2014-01-12 through 2020-07-02.","{""country_code"":""MT"",""country_name"":""Malta"",""chart_coverage_start"":""2014-01-12"",""chart_coverage_end"":""2020-07-02"",""days_on_chart"":23,""top10_days"":null,""peak_rank"":37,""peak_occurrences"":null,""peak_daily_streams"":6390,""metric_scope"":""country-specific Spotify daily Top 200 chart-attributed streams"",""country_rank"":690}"
691,Pensando en Ti,Anuel AA,[],,,,[],"[""und""]",,,,,,,spotify_country_chart_streams,87338.0,streams,87338,Spotify regional daily chart (Kworb aggregate),,,3aY5VP7fEtVHfEc1o8eRNK,,,https://kworb.net/spotify/country/mt_weekly_totals.html,2026-10-02,"Exact aggregate of streams observed while this recording was inside Spotify's daily Top 200 for Malta, as aggregated by Kworb from Spotify chart data. Streams earned outside the chart are not included. Chart coverage on the source page: 2014-01-12 through 2020-07-02.","{""country_code"":""MT"",""country_name"":""Malta"",""chart_coverage_start"":""2014-01-12"",""chart_coverage_end"":""2020-07-02"",""days_on_chart"":19,""top10_days"":null,""peak_rank"":54,""peak_occurrences"":null,""peak_daily_streams"":5504,""metric_scope"":""country-specific Spotify daily Top 200 chart-attributed streams"",""country_rank"":691}"
692,Estamos Bien,Bad Bunny,[],,,,[],"[""und""]",,,,,,,spotify_country_chart_streams,87296.0,streams,87296,Spotify regional daily chart (Kworb aggregate),,,7glCSQqV5o6NU88Cn4zPZn,,,https://kworb.net/spotify/country/mt_weekly_totals.html,2026-10-02,"Exact aggregate of streams observed while this recording was inside Spotify's daily Top 200 for Malta, as aggregated by Kworb from Spotify chart data. Streams earned outside the chart are not included. Chart coverage on the source page: 2014-01-12 through 2020-07-02.","{""country_code"":""MT"",""country_name"":""Malta"",""chart_coverage_start"":""2014-01-12"",""chart_coverage_end"":""2020-07-02"",""days_on_chart"":19,""top10_days"":null,""peak_rank"":46,""peak_occurrences"":null,""peak_daily_streams"":6607,""metric_scope"":""country-specific Spotify daily Top 200 chart-attributed streams"",""country_rank"":692}"
693,Dembow,Danny Ocean,[],,,,[],"[""und""]",,,,,,,spotify_country_chart_streams,86745.0,streams,86745,Spotify regional daily chart (Kworb aggregate),,,2EzRdhuoPyNJDlep7lnNf2,,,https://kworb.net/spotify/country/mt_weekly_totals.html,2026-10-02,"Exact aggregate of streams observed while this recording was inside Spotify's daily Top 200 for Malta, as aggregated by Kworb from Spotify chart data. Streams earned outside the chart are not included. Chart coverage on the source page: 2014-01-12 through 2020-07-02.","{""country_code"":""MT"",""country_name"":""Malta"",""chart_coverage_start"":""2014-01-12"",""chart_coverage_end"":""2020-07-02"",""days_on_chart"":28,""top10_days"":null,""peak_rank"":70,""peak_occurrences"":null,""peak_daily_streams"":4751,""metric_scope"":""country-specific Spotify daily Top 200 chart-attributed streams"",""country_rank"":693}"
694,Outside,Calvin Harris,[],,,,[],"[""und""]",,,,,,,spotify_country_chart_streams,86522.0,streams,86522,Spotify regional daily chart (Kworb aggregate),,,7MmG8p0F9N3C4AXdK6o6Eb,,,https://kworb.net/spotify/country/mt_weekly_totals.html,2026-10-02,"Exact aggregate of streams observed while this recording was inside Spotify's daily Top 200 for Malta, as aggregated by Kworb from Spotify chart data. Streams earned outside the chart are not included. Chart coverage on the source page: 2014-01-12 through 2020-07-02.","{""country_code"":""MT"",""country_name"":""Malta"",""chart_coverage_start"":""2014-01-12"",""chart_coverage_end"":""2020-07-02"",""days_on_chart"":22,""top10_days"":13,""peak_rank"":2,""peak_occurrences"":1,""peak_daily_streams"":6132,""metric_scope"":""country-specific Spotify daily Top 200 chart-attributed streams"",""country_rank"":694}"
695,Mistletoe,Justin Bieber,[],,,,[],"[""und""]",,,,,,,spotify_country_chart_streams,86518.0,streams,86518,Spotify regional daily chart (Kworb aggregate),,,7xapw9Oy21WpfEcib2ErSA,,,https://kworb.net/spotify/country/mt_weekly_totals.html,2026-10-02,"Exact aggregate of streams observed while this recording was inside Spotify's daily Top 200 for Malta, as aggregated by Kworb from Spotify chart data. Streams earned outside the chart are not included. Chart coverage on the source page: 2014-01-12 through 2020-07-02.","{""country_code"":""MT"",""country_name"":""Malta"",""chart_coverage_start"":""2014-01-12"",""chart_coverage_end"":""2020-07-02"",""days_on_chart"":22,""top10_days"":null,""peak_rank"":25,""peak_occurrences"":null,""peak_daily_streams"":10491,""metric_scope"":""country-specific Spotify daily Top 200 chart-attributed streams"",""country_rank"":695}"
696,Running Out,Matoma,[],,,,[],"[""und""]",,,,,,,spotify_country_chart_streams,86330.0,streams,86330,Spotify regional daily chart (Kworb aggregate),,,2H8LPaY3NSjmOFMH2Rygnz,,,https://kworb.net/spotify/country/mt_weekly_totals.html,2026-10-02,"Exact aggregate of streams observed while this recording was inside Spotify's daily Top 200 for Malta, as aggregated by Kworb from Spotify chart data. Streams earned outside the chart are not included. Chart coverage on the source page: 2014-01-12 through 2020-07-02.","{""country_code"":""MT"",""country_name"":""Malta"",""chart_coverage_start"":""2014-01-12"",""chart_coverage_end"":""2020-07-02"",""days_on_chart"":31,""top10_days"":null,""peak_rank"":39,""peak_occurrences"":null,""peak_daily_streams"":3755,""metric_scope"":""country-specific Spotify daily Top 200 chart-attributed streams"",""country_rank"":696}"
697,Good Life,G-Eazy,[],,,,[],"[""und""]",,,,,,,spotify_country_chart_streams,86099.0,streams,86099,Spotify regional daily chart (Kworb aggregate),,,1Eck97uRMlprKOOJN9oO1E,,,https://kworb.net/spotify/country/mt_weekly_totals.html,2026-10-02,"Exact aggregate of streams observed while this recording was inside Spotify's daily Top 200 for Malta, as aggregated by Kworb from Spotify chart data. Streams earned outside the chart are not included. Chart coverage on the source page: 2014-01-12 through 2020-07-02.","{""country_code"":""MT"",""country_name"":""Malta"",""chart_coverage_start"":""2014-01-12"",""chart_coverage_end"":""2020-07-02"",""days_on_chart"":16,""top10_days"":null,""peak_rank"":24,""peak_occurrences"":null,""peak_daily_streams"":9352,""metric_scope"":""country-specific Spotify daily Top 200 chart-attributed streams"",""country_rank"":697}"
698,Break Free,Ariana Grande,[],,,,[],"[""und""]",,,,,,,spotify_country_chart_streams,86075.0,streams,86075,Spotify regional daily chart (Kworb aggregate),,,7cvxrDu7VIhVSOFRNgPegv,,,https://kworb.net/spotify/country/mt_weekly_totals.html,2026-10-02,"Exact aggregate of streams observed while this recording was inside Spotify's daily Top 200 for Malta, as aggregated by Kworb from Spotify chart data. Streams earned outside the chart are not included. Chart coverage on the source page: 2014-01-12 through 2020-07-02.","{""country_code"":""MT"",""country_name"":""Malta"",""chart_coverage_start"":""2014-01-12"",""chart_coverage_end"":""2020-07-02"",""days_on_chart"":36,""top10_days"":13,""peak_rank"":3,""peak_occurrences"":2,""peak_daily_streams"":4511,""metric_scope"":""country-specific Spotify daily Top 200 chart-attributed streams"",""country_rank"":698}"
699,Mala Mía,Maluma,[],,,,[],"[""und""]",,,,,,,spotify_country_chart_streams,85967.0,streams,85967,Spotify regional daily chart (Kworb aggregate),,,62o8KoI44JfN7aYxgTnPvh,,,https://kworb.net/spotify/country/mt_weekly_totals.html,2026-10-02,"Exact aggregate of streams observed while this recording was inside Spotify's daily Top 200 for Malta, as aggregated by Kworb from Spotify chart data. Streams earned outside the chart are not included. Chart coverage on the source page: 2014-01-12 through 2020-07-02.","{""country_code"":""MT"",""country_name"":""Malta"",""chart_coverage_start"":""2014-01-12"",""chart_coverage_end"":""2020-07-02"",""days_on_chart"":19,""top10_days"":null,""peak_rank"":54,""peak_occurrences"":null,""peak_daily_streams"":5893,""metric_scope"":""country-specific Spotify daily Top 200 chart-attributed streams"",""country_rank"":699}"
700,Am I Wrong,Nico & Vinz,[],,,,[],"[""und""]",,,,,,,spotify_country_chart_streams,85929.0,streams,85929,Spotify regional daily chart (Kworb aggregate),,,5PaqFdIb4vspKAmpCqDuzz,,,https://kworb.net/spotify/country/mt_weekly_totals.html,2026-10-02,"Exact aggregate of streams observed while this recording was inside Spotify's daily Top 200 for Malta, as aggregated by Kworb from Spotify chart data. Streams earned outside the chart are not included. Chart coverage on the source page: 2014-01-12 through 2020-07-02.","{""country_code"":""MT"",""country_name"":""Malta"",""chart_coverage_start"":""2014-01-12"",""chart_coverage_end"":""2020-07-02"",""days_on_chart"":32,""top10_days"":16,""peak_rank"":2,""peak_occurrences"":4,""peak_daily_streams"":3855,""metric_scope"":""country-specific Spotify daily Top 200 chart-attributed streams"",""country_rank"":700}"
701,Playinwitme,KYLE,[],,,,[],"[""und""]",,,,,,,spotify_country_chart_streams,85806.0,streams,85806,Spotify regional daily chart (Kworb aggregate),,,4F1yvJfQ7gJkrcgFJQDjOr,,,https://kworb.net/spotify/country/mt_weekly_totals.html,2026-10-02,"Exact aggregate of streams observed while this recording was inside Spotify's daily Top 200 for Malta, as aggregated by Kworb from Spotify chart data. Streams earned outside the chart are not included. Chart coverage on the source page: 2014-01-12 through 2020-07-02.","{""country_code"":""MT"",""country_name"":""Malta"",""chart_coverage_start"":""2014-01-12"",""chart_coverage_end"":""2020-07-02"",""days_on_chart"":16,""top10_days"":null,""peak_rank"":33,""peak_occurrences"":null,""peak_daily_streams"":7768,""metric_scope"":""country-specific Spotify daily Top 200 chart-attributed streams"",""country_rank"":701}"
702,No Me Acuerdo,Thalia,[],,,,[],"[""und""]",,,,,,,spotify_country_chart_streams,85704.0,streams,85704,Spotify regional daily chart (Kworb aggregate),,,00EPIEnX1JFjff8sC6bccd,,,https://kworb.net/spotify/country/mt_weekly_totals.html,2026-10-02,"Exact aggregate of streams observed while this recording was inside Spotify's daily Top 200 for Malta, as aggregated by Kworb from Spotify chart data. Streams earned outside the chart are not included. Chart coverage on the source page: 2014-01-12 through 2020-07-02.","{""country_code"":""MT"",""country_name"":""Malta"",""chart_coverage_start"":""2014-01-12"",""chart_coverage_end"":""2020-07-02"",""days_on_chart"":22,""top10_days"":null,""peak_rank"":59,""peak_occurrences"":null,""peak_daily_streams"":5054,""metric_scope"":""country-specific Spotify daily Top 200 chart-attributed streams"",""country_rank"":702}"
703,Dessert,Dawin,[],,,,[],"[""und""]",,,,,,,spotify_country_chart_streams,84929.0,streams,84929,Spotify regional daily chart (Kworb aggregate),,,1tYt8PbpbeTuqsNmprAZYY,,,https://kworb.net/spotify/country/mt_weekly_totals.html,2026-10-02,"Exact aggregate of streams observed while this recording was inside Spotify's daily Top 200 for Malta, as aggregated by Kworb from Spotify chart data. Streams earned outside the chart are not included. Chart coverage on the source page: 2014-01-12 through 2020-07-02.","{""country_code"":""MT"",""country_name"":""Malta"",""chart_coverage_start"":""2014-01-12"",""chart_coverage_end"":""2020-07-02"",""days_on_chart"":37,""top10_days"":null,""peak_rank"":34,""peak_occurrences"":null,""peak_daily_streams"":3998,""metric_scope"":""country-specific Spotify daily Top 200 chart-attributed streams"",""country_rank"":703}"
704,Rather Be,Clean Bandit,[],,,,[],"[""und""]",,,,,,,spotify_country_chart_streams,84816.0,streams,84816,Spotify regional daily chart (Kworb aggregate),,,3s4U7OHV7gnj42VV72eSZ6,,,https://kworb.net/spotify/country/mt_weekly_totals.html,2026-10-02,"Exact aggregate of streams observed while this recording was inside Spotify's daily Top 200 for Malta, as aggregated by Kworb from Spotify chart data. Streams earned outside the chart are not included. Chart coverage on the source page: 2014-01-12 through 2020-07-02.","{""country_code"":""MT"",""country_name"":""Malta"",""chart_coverage_start"":""2014-01-12"",""chart_coverage_end"":""2020-07-02"",""days_on_chart"":56,""top10_days"":15,""peak_rank"":2,""peak_occurrences"":4,""peak_daily_streams"":3324,""metric_scope"":""country-specific Spotify daily Top 200 chart-attributed streams"",""country_rank"":704}"
705,CITY OF ANGELS,24kGoldn,[],,,,[],"[""und""]",,,,,,,spotify_country_chart_streams,84779.0,streams,84779,Spotify regional daily chart (Kworb aggregate),,,6ap9lSRJ0iLriGLqoJ44cq,,,https://kworb.net/spotify/country/mt_weekly_totals.html,2026-10-02,"Exact aggregate of streams observed while this recording was inside Spotify's daily Top 200 for Malta, as aggregated by Kworb from Spotify chart data. Streams earned outside the chart are not included. Chart coverage on the source page: 2014-01-12 through 2020-07-02.","{""country_code"":""MT"",""country_name"":""Malta"",""chart_coverage_start"":""2014-01-12"",""chart_coverage_end"":""2020-07-02"",""days_on_chart"":19,""top10_days"":null,""peak_rank"":28,""peak_occurrences"":null,""peak_daily_streams"":6752,""metric_scope"":""country-specific Spotify daily Top 200 chart-attributed streams"",""country_rank"":705}"
706,White Christmas,Bing Crosby,[],,,,[],"[""und""]",,,,,,,spotify_country_chart_streams,84644.0,streams,84644,Spotify regional daily chart (Kworb aggregate),,,4so0Wek9Ig1p6CRCHuINwW,,,https://kworb.net/spotify/country/mt_weekly_totals.html,2026-10-02,"Exact aggregate of streams observed while this recording was inside Spotify's daily Top 200 for Malta, as aggregated by Kworb from Spotify chart data. Streams earned outside the chart are not included. Chart coverage on the source page: 2014-01-12 through 2020-07-02.","{""country_code"":""MT"",""country_name"":""Malta"",""chart_coverage_start"":""2014-01-12"",""chart_coverage_end"":""2020-07-02"",""days_on_chart"":18,""top10_days"":null,""peak_rank"":24,""peak_occurrences"":null,""peak_daily_streams"":10497,""metric_scope"":""country-specific Spotify daily Top 200 chart-attributed streams"",""alternate_metrics"":[{""metric_name"":""spotify_country_chart_streams"",""metric_value"":4106.0,""metric_unit"":""streams"",""listen_count"":4106,""view_count"":null,""source_url"":""https://kworb.net/spotify/country/mt_weekly_totals.html"",""retrieved_at"":""2026-10-02""}],""merged_sources"":[""https://kworb.net/spotify/country/mt_weekly_totals.html""],""country_rank"":706}"
707,Lighthouse - Andrelli Remix,Hearts & Colors,[],,,,[],"[""und""]",,,,,,,spotify_country_chart_streams,84555.0,streams,84555,Spotify regional daily chart (Kworb aggregate),,,04CttTezSnv71USiiG9mIo,,,https://kworb.net/spotify/country/mt_weekly_totals.html,2026-10-02,"Exact aggregate of streams observed while this recording was inside Spotify's daily Top 200 for Malta, as aggregated by Kworb from Spotify chart data. Streams earned outside the chart are not included. Chart coverage on the source page: 2014-01-12 through 2020-07-02.","{""country_code"":""MT"",""country_name"":""Malta"",""chart_coverage_start"":""2014-01-12"",""chart_coverage_end"":""2020-07-02"",""days_on_chart"":28,""top10_days"":null,""peak_rank"":34,""peak_occurrences"":null,""peak_daily_streams"":5376,""metric_scope"":""country-specific Spotify daily Top 200 chart-attributed streams"",""country_rank"":707}"
708,Downtown,Macklemore & Ryan Lewis,[],,,,[],"[""und""]",,,,,,,spotify_country_chart_streams,84308.0,streams,84308,Spotify regional daily chart (Kworb aggregate),,,0lLDaAdXcjOQ7Mf2NXzXay,,,https://kworb.net/spotify/country/mt_weekly_totals.html,2026-10-02,"Exact aggregate of streams observed while this recording was inside Spotify's daily Top 200 for Malta, as aggregated by Kworb from Spotify chart data. Streams earned outside the chart are not included. Chart coverage on the source page: 2014-01-12 through 2020-07-02.","{""country_code"":""MT"",""country_name"":""Malta"",""chart_coverage_start"":""2014-01-12"",""chart_coverage_end"":""2020-07-02"",""days_on_chart"":27,""top10_days"":null,""peak_rank"":11,""peak_occurrences"":null,""peak_daily_streams"":5777,""metric_scope"":""country-specific Spotify daily Top 200 chart-attributed streams"",""country_rank"":708}"
709,Cool Kids,Echosmith,[],,,,[],"[""und""]",,,,,,,spotify_country_chart_streams,84286.0,streams,84286,Spotify regional daily chart (Kworb aggregate),,,13P5rwmk2EsoFRIz9UCeh9,,,https://kworb.net/spotify/country/mt_weekly_totals.html,2026-10-02,"Exact aggregate of streams observed while this recording was inside Spotify's daily Top 200 for Malta, as aggregated by Kworb from Spotify chart data. Streams earned outside the chart are not included. Chart coverage on the source page: 2014-01-12 through 2020-07-02.","{""country_code"":""MT"",""country_name"":""Malta"",""chart_coverage_start"":""2014-01-12"",""chart_coverage_end"":""2020-07-02"",""days_on_chart"":30,""top10_days"":8,""peak_rank"":8,""peak_occurrences"":null,""peak_daily_streams"":3962,""metric_scope"":""country-specific Spotify daily Top 200 chart-attributed streams"",""country_rank"":709}"
710,Reggaeton,J Balvin,[],,,,[],"[""und""]",,,,,,,spotify_country_chart_streams,84112.0,streams,84112,Spotify regional daily chart (Kworb aggregate),,,2D3z17LBMJ2HEHeBFFjTLi,,,https://kworb.net/spotify/country/mt_weekly_totals.html,2026-10-02,"Exact aggregate of streams observed while this recording was inside Spotify's daily Top 200 for Malta, as aggregated by Kworb from Spotify chart data. Streams earned outside the chart are not included. Chart coverage on the source page: 2014-01-12 through 2020-07-02.","{""country_code"":""MT"",""country_name"":""Malta"",""chart_coverage_start"":""2014-01-12"",""chart_coverage_end"":""2020-07-02"",""days_on_chart"":18,""top10_days"":null,""peak_rank"":57,""peak_occurrences"":null,""peak_daily_streams"":5978,""metric_scope"":""country-specific Spotify daily Top 200 chart-attributed streams"",""country_rank"":710}"
711,Motivation,Normani,[],,,,[],"[""und""]",,,,,,,spotify_country_chart_streams,84000.0,streams,84000,Spotify regional daily chart (Kworb aggregate),,,0rIAC4PXANcKmitJfoqmVm,,,https://kworb.net/spotify/country/mt_weekly_totals.html,2026-10-02,"Exact aggregate of streams observed while this recording was inside Spotify's daily Top 200 for Malta, as aggregated by Kworb from Spotify chart data. Streams earned outside the chart are not included. Chart coverage on the source page: 2014-01-12 through 2020-07-02.","{""country_code"":""MT"",""country_name"":""Malta"",""chart_coverage_start"":""2014-01-12"",""chart_coverage_end"":""2020-07-02"",""days_on_chart"":16,""top10_days"":null,""peak_rank"":23,""peak_occurrences"":null,""peak_daily_streams"":6783,""metric_scope"":""country-specific Spotify daily Top 200 chart-attributed streams"",""country_rank"":711}"
712,Lose Yourself,Eminem,[],,,,[],"[""und""]",,,,,,,spotify_country_chart_streams,83821.0,streams,83821,Spotify regional daily chart (Kworb aggregate),,,1v7L65Lzy0j0vdpRjJewt1,,,https://kworb.net/spotify/country/mt_weekly_totals.html,2026-10-02,"Exact aggregate of streams observed while this recording was inside Spotify's daily Top 200 for Malta, as aggregated by Kworb from Spotify chart data. Streams earned outside the chart are not included. Chart coverage on the source page: 2014-01-12 through 2020-07-02.","{""country_code"":""MT"",""country_name"":""Malta"",""chart_coverage_start"":""2014-01-12"",""chart_coverage_end"":""2020-07-02"",""days_on_chart"":50,""top10_days"":null,""peak_rank"":129,""peak_occurrences"":null,""peak_daily_streams"":2271,""metric_scope"":""country-specific Spotify daily Top 200 chart-attributed streams"",""country_rank"":712}"
713,Rollin,Calvin Harris,[],,,,[],"[""und""]",,,,,,,spotify_country_chart_streams,83677.0,streams,83677,Spotify regional daily chart (Kworb aggregate),,,0lMbuWUpfTWhEmOKxppEau,,,https://kworb.net/spotify/country/mt_weekly_totals.html,2026-10-02,"Exact aggregate of streams observed while this recording was inside Spotify's daily Top 200 for Malta, as aggregated by Kworb from Spotify chart data. Streams earned outside the chart are not included. Chart coverage on the source page: 2014-01-12 through 2020-07-02.","{""country_code"":""MT"",""country_name"":""Malta"",""chart_coverage_start"":""2014-01-12"",""chart_coverage_end"":""2020-07-02"",""days_on_chart"":16,""top10_days"":null,""peak_rank"":32,""peak_occurrences"":null,""peak_daily_streams"":8031,""metric_scope"":""country-specific Spotify daily Top 200 chart-attributed streams"",""country_rank"":713}"
714,In My Room,Yellow Claw,[],,,,[],"[""und""]",,,,,,,spotify_country_chart_streams,83518.0,streams,83518,Spotify regional daily chart (Kworb aggregate),,,6BDvCnkVLMqxRVyFFeKx4W,,,https://kworb.net/spotify/country/mt_weekly_totals.html,2026-10-02,"Exact aggregate of streams observed while this recording was inside Spotify's daily Top 200 for Malta, as aggregated by Kworb from Spotify chart data. Streams earned outside the chart are not included. Chart coverage on the source page: 2014-01-12 through 2020-07-02.","{""country_code"":""MT"",""country_name"":""Malta"",""chart_coverage_start"":""2014-01-12"",""chart_coverage_end"":""2020-07-02"",""days_on_chart"":32,""top10_days"":null,""peak_rank"":45,""peak_occurrences"":null,""peak_daily_streams"":3406,""metric_scope"":""country-specific Spotify daily Top 200 chart-attributed streams"",""country_rank"":714}"
715,Be The One,Dua Lipa,[],,,,[],"[""und""]",,,,,,,spotify_country_chart_streams,83384.0,streams,83384,Spotify regional daily chart (Kworb aggregate),,,1ixphys4A3NEXp6MDScfih,,,https://kworb.net/spotify/country/mt_weekly_totals.html,2026-10-02,"Exact aggregate of streams observed while this recording was inside Spotify's daily Top 200 for Malta, as aggregated by Kworb from Spotify chart data. Streams earned outside the chart are not included. Chart coverage on the source page: 2014-01-12 through 2020-07-02.","{""country_code"":""MT"",""country_name"":""Malta"",""chart_coverage_start"":""2014-01-12"",""chart_coverage_end"":""2020-07-02"",""days_on_chart"":24,""top10_days"":null,""peak_rank"":39,""peak_occurrences"":null,""peak_daily_streams"":6163,""metric_scope"":""country-specific Spotify daily Top 200 chart-attributed streams"",""country_rank"":715}"
716,Lullaby,Sigala,[],,,,[],"[""und""]",,,,,,,spotify_country_chart_streams,83229.0,streams,83229,Spotify regional daily chart (Kworb aggregate),,,5xzCzOAOfRi4DOttSzvznR,,,https://kworb.net/spotify/country/mt_weekly_totals.html,2026-10-02,"Exact aggregate of streams observed while this recording was inside Spotify's daily Top 200 for Malta, as aggregated by Kworb from Spotify chart data. Streams earned outside the chart are not included. Chart coverage on the source page: 2014-01-12 through 2020-07-02.","{""country_code"":""MT"",""country_name"":""Malta"",""chart_coverage_start"":""2014-01-12"",""chart_coverage_end"":""2020-07-02"",""days_on_chart"":25,""top10_days"":null,""peak_rank"":72,""peak_occurrences"":null,""peak_daily_streams"":4316,""metric_scope"":""country-specific Spotify daily Top 200 chart-attributed streams"",""country_rank"":716}"
717,Alone,Alan Walker,[],,,,[],"[""und""]",,,,,,,spotify_country_chart_streams,83160.0,streams,83160,Spotify regional daily chart (Kworb aggregate),,,3ujORpm8Hf7QWEtfqSAZL8,,,https://kworb.net/spotify/country/mt_weekly_totals.html,2026-10-02,"Exact aggregate of streams observed while this recording was inside Spotify's daily Top 200 for Malta, as aggregated by Kworb from Spotify chart data. Streams earned outside the chart are not included. Chart coverage on the source page: 2014-01-12 through 2020-07-02.","{""country_code"":""MT"",""country_name"":""Malta"",""chart_coverage_start"":""2014-01-12"",""chart_coverage_end"":""2020-07-02"",""days_on_chart"":25,""top10_days"":null,""peak_rank"":34,""peak_occurrences"":null,""peak_daily_streams"":5333,""metric_scope"":""country-specific Spotify daily Top 200 chart-attributed streams"",""country_rank"":717}"
718,Sigo Extrañándote,J Balvin,[],,,,[],"[""und""]",,,,,,,spotify_country_chart_streams,82481.0,streams,82481,Spotify regional daily chart (Kworb aggregate),,,6qDF4wWL49CAVbgT7yuHl8,,,https://kworb.net/spotify/country/mt_weekly_totals.html,2026-10-02,"Exact aggregate of streams observed while this recording was inside Spotify's daily Top 200 for Malta, as aggregated by Kworb from Spotify chart data. Streams earned outside the chart are not included. Chart coverage on the source page: 2014-01-12 through 2020-07-02.","{""country_code"":""MT"",""country_name"":""Malta"",""chart_coverage_start"":""2014-01-12"",""chart_coverage_end"":""2020-07-02"",""days_on_chart"":25,""top10_days"":null,""peak_rank"":54,""peak_occurrences"":null,""peak_daily_streams"":5571,""metric_scope"":""country-specific Spotify daily Top 200 chart-attributed streams"",""country_rank"":718}"
719,I'm Not The Only One,Sam Smith,[],,,,[],"[""und""]",,,,,,,spotify_country_chart_streams,82404.0,streams,82404,Spotify regional daily chart (Kworb aggregate),,,5QM0SsyzmBM0pbFY52Xj1X,,,https://kworb.net/spotify/country/mt_weekly_totals.html,2026-10-02,"Exact aggregate of streams observed while this recording was inside Spotify's daily Top 200 for Malta, as aggregated by Kworb from Spotify chart data. Streams earned outside the chart are not included. Chart coverage on the source page: 2014-01-12 through 2020-07-02.","{""country_code"":""MT"",""country_name"":""Malta"",""chart_coverage_start"":""2014-01-12"",""chart_coverage_end"":""2020-07-02"",""days_on_chart"":44,""top10_days"":1,""peak_rank"":8,""peak_occurrences"":null,""peak_daily_streams"":3627,""metric_scope"":""country-specific Spotify daily Top 200 chart-attributed streams"",""alternate_metrics"":[{""metric_name"":""spotify_country_chart_streams"",""metric_value"":38312.0,""metric_unit"":""streams"",""listen_count"":38312,""view_count"":null,""source_url"":""https://kworb.net/spotify/country/mt_weekly_totals.html"",""retrieved_at"":""2026-10-02""}],""merged_sources"":[""https://kworb.net/spotify/country/mt_weekly_totals.html""],""country_rank"":719}"
720,Créeme,KAROL G,[],,,,[],"[""und""]",,,,,,,spotify_country_chart_streams,82398.0,streams,82398,Spotify regional daily chart (Kworb aggregate),,,1mT47pKLXUwPYGwB91GcNz,,,https://kworb.net/spotify/country/mt_weekly_totals.html,2026-10-02,"Exact aggregate of streams observed while this recording was inside Spotify's daily Top 200 for Malta, as aggregated by Kworb from Spotify chart data. Streams earned outside the chart are not included. Chart coverage on the source page: 2014-01-12 through 2020-07-02.","{""country_code"":""MT"",""country_name"":""Malta"",""chart_coverage_start"":""2014-01-12"",""chart_coverage_end"":""2020-07-02"",""days_on_chart"":20,""top10_days"":null,""peak_rank"":73,""peak_occurrences"":null,""peak_daily_streams"":5487,""metric_scope"":""country-specific Spotify daily Top 200 chart-attributed streams"",""country_rank"":720}"
721,Tusa,KAROL G,[],,,,[],"[""und""]",,,,,,,spotify_country_chart_streams,82339.0,streams,82339,Spotify regional daily chart (Kworb aggregate),,,7k4t7uLgtOxPwTpFmtJNTY,,,https://kworb.net/spotify/country/mt_weekly_totals.html,2026-10-02,"Exact aggregate of streams observed while this recording was inside Spotify's daily Top 200 for Malta, as aggregated by Kworb from Spotify chart data. Streams earned outside the chart are not included. Chart coverage on the source page: 2014-01-12 through 2020-07-02.","{""country_code"":""MT"",""country_name"":""Malta"",""chart_coverage_start"":""2014-01-12"",""chart_coverage_end"":""2020-07-02"",""days_on_chart"":22,""top10_days"":null,""peak_rank"":43,""peak_occurrences"":null,""peak_daily_streams"":5357,""metric_scope"":""country-specific Spotify daily Top 200 chart-attributed streams"",""country_rank"":721}"
722,Fix You,Coldplay,[],,,,[],"[""und""]",,,,,,,spotify_country_chart_streams,82329.0,streams,82329,Spotify regional daily chart (Kworb aggregate),,,7LVHVU3tWfcxj5aiPFEW4Q,,,https://kworb.net/spotify/country/mt_weekly_totals.html,2026-10-02,"Exact aggregate of streams observed while this recording was inside Spotify's daily Top 200 for Malta, as aggregated by Kworb from Spotify chart data. Streams earned outside the chart are not included. Chart coverage on the source page: 2014-01-12 through 2020-07-02.","{""country_code"":""MT"",""country_name"":""Malta"",""chart_coverage_start"":""2014-01-12"",""chart_coverage_end"":""2020-07-02"",""days_on_chart"":63,""top10_days"":null,""peak_rank"":104,""peak_occurrences"":null,""peak_daily_streams"":1955,""metric_scope"":""country-specific Spotify daily Top 200 chart-attributed streams"",""country_rank"":722}"
723,Algún Día Volveras,Santaferia,[],,,,[],"[""und""]",,,,,,,spotify_country_chart_streams,82198.0,streams,82198,Spotify regional daily chart (Kworb aggregate),,,27uAea0qcUz3a7jKnAT7KG,,,https://kworb.net/spotify/country/mt_weekly_totals.html,2026-10-02,"Exact aggregate of streams observed while this recording was inside Spotify's daily Top 200 for Malta, as aggregated by Kworb from Spotify chart data. Streams earned outside the chart are not included. Chart coverage on the source page: 2014-01-12 through 2020-07-02.","{""country_code"":""MT"",""country_name"":""Malta"",""chart_coverage_start"":""2014-01-12"",""chart_coverage_end"":""2020-07-02"",""days_on_chart"":26,""top10_days"":null,""peak_rank"":103,""peak_occurrences"":null,""peak_daily_streams"":4478,""metric_scope"":""country-specific Spotify daily Top 200 chart-attributed streams"",""country_rank"":723}"
724,Viva La Vida,Coldplay,[],,,,[],"[""und""]",,,,,,,spotify_country_chart_streams,81962.0,streams,81962,Spotify regional daily chart (Kworb aggregate),,,1mea3bSkSGXuIRvnydlB5b,,,https://kworb.net/spotify/country/mt_weekly_totals.html,2026-10-02,"Exact aggregate of streams observed while this recording was inside Spotify's daily Top 200 for Malta, as aggregated by Kworb from Spotify chart data. Streams earned outside the chart are not included. Chart coverage on the source page: 2014-01-12 through 2020-07-02.","{""country_code"":""MT"",""country_name"":""Malta"",""chart_coverage_start"":""2014-01-12"",""chart_coverage_end"":""2020-07-02"",""days_on_chart"":58,""top10_days"":null,""peak_rank"":101,""peak_occurrences"":null,""peak_daily_streams"":2170,""metric_scope"":""country-specific Spotify daily Top 200 chart-attributed streams"",""country_rank"":724}"
725,All Falls Down,Alan Walker,[],,,,[],"[""und""]",,,,,,,spotify_country_chart_streams,81959.0,streams,81959,Spotify regional daily chart (Kworb aggregate),,,5yFSF6qQA1rcLsQRnBsZgb,,,https://kworb.net/spotify/country/mt_weekly_totals.html,2026-10-02,"Exact aggregate of streams observed while this recording was inside Spotify's daily Top 200 for Malta, as aggregated by Kworb from Spotify chart data. Streams earned outside the chart are not included. Chart coverage on the source page: 2014-01-12 through 2020-07-02.","{""country_code"":""MT"",""country_name"":""Malta"",""chart_coverage_start"":""2014-01-12"",""chart_coverage_end"":""2020-07-02"",""days_on_chart"":23,""top10_days"":null,""peak_rank"":38,""peak_occurrences"":null,""peak_daily_streams"":5548,""metric_scope"":""country-specific Spotify daily Top 200 chart-attributed streams"",""country_rank"":725}"
726,Like I'm Gonna Lose You,Meghan Trainor,[],,,,[],"[""und""]",,,,,,,spotify_country_chart_streams,81770.0,streams,81770,Spotify regional daily chart (Kworb aggregate),,,2YlZnw2ikdb837oKMKjBkW,,,https://kworb.net/spotify/country/mt_weekly_totals.html,2026-10-02,"Exact aggregate of streams observed while this recording was inside Spotify's daily Top 200 for Malta, as aggregated by Kworb from Spotify chart data. Streams earned outside the chart are not included. Chart coverage on the source page: 2014-01-12 through 2020-07-02.","{""country_code"":""MT"",""country_name"":""Malta"",""chart_coverage_start"":""2014-01-12"",""chart_coverage_end"":""2020-07-02"",""days_on_chart"":36,""top10_days"":null,""peak_rank"":25,""peak_occurrences"":null,""peak_daily_streams"":3960,""metric_scope"":""country-specific Spotify daily Top 200 chart-attributed streams"",""country_rank"":726}"
727,Get Low,Zedd,[],,,,[],"[""und""]",,,,,,,spotify_country_chart_streams,81680.0,streams,81680,Spotify regional daily chart (Kworb aggregate),,,1CKd1PnqfYx0H12V9MSaIY,,,https://kworb.net/spotify/country/mt_weekly_totals.html,2026-10-02,"Exact aggregate of streams observed while this recording was inside Spotify's daily Top 200 for Malta, as aggregated by Kworb from Spotify chart data. Streams earned outside the chart are not included. Chart coverage on the source page: 2014-01-12 through 2020-07-02.","{""country_code"":""MT"",""country_name"":""Malta"",""chart_coverage_start"":""2014-01-12"",""chart_coverage_end"":""2020-07-02"",""days_on_chart"":19,""top10_days"":null,""peak_rank"":30,""peak_occurrences"":null,""peak_daily_streams"":8308,""metric_scope"":""country-specific Spotify daily Top 200 chart-attributed streams"",""country_rank"":727}"
728,White Iverson,Post Malone,[],,,,[],"[""und""]",,,,,,,spotify_country_chart_streams,81310.0,streams,81310,Spotify regional daily chart (Kworb aggregate),,,6eT7xZZlB2mwyzJ2sUKG6w,,,https://kworb.net/spotify/country/mt_weekly_totals.html,2026-10-02,"Exact aggregate of streams observed while this recording was inside Spotify's daily Top 200 for Malta, as aggregated by Kworb from Spotify chart data. Streams earned outside the chart are not included. Chart coverage on the source page: 2014-01-12 through 2020-07-02.","{""country_code"":""MT"",""country_name"":""Malta"",""chart_coverage_start"":""2014-01-12"",""chart_coverage_end"":""2020-07-02"",""days_on_chart"":37,""top10_days"":null,""peak_rank"":47,""peak_occurrences"":null,""peak_daily_streams"":3197,""metric_scope"":""country-specific Spotify daily Top 200 chart-attributed streams"",""country_rank"":728}"
729,Look At Me!,XXXTENTACION,[],,,,[],"[""und""]",,,,,,,spotify_country_chart_streams,81303.0,streams,81303,Spotify regional daily chart (Kworb aggregate),,,6eYxmK9fdL4hwLnXG2zY3s,,,https://kworb.net/spotify/country/mt_weekly_totals.html,2026-10-02,"Exact aggregate of streams observed while this recording was inside Spotify's daily Top 200 for Malta, as aggregated by Kworb from Spotify chart data. Streams earned outside the chart are not included. Chart coverage on the source page: 2014-01-12 through 2020-07-02.","{""country_code"":""MT"",""country_name"":""Malta"",""chart_coverage_start"":""2014-01-12"",""chart_coverage_end"":""2020-07-02"",""days_on_chart"":33,""top10_days"":null,""peak_rank"":42,""peak_occurrences"":null,""peak_daily_streams"":6222,""metric_scope"":""country-specific Spotify daily Top 200 chart-attributed streams"",""country_rank"":729}"
730,Animals,Maroon 5,[],,,,[],"[""und""]",,,,,,,spotify_country_chart_streams,81060.0,streams,81060,Spotify regional daily chart (Kworb aggregate),,,7uolkTLavH97itenLjNmx9,,,https://kworb.net/spotify/country/mt_weekly_totals.html,2026-10-02,"Exact aggregate of streams observed while this recording was inside Spotify's daily Top 200 for Malta, as aggregated by Kworb from Spotify chart data. Streams earned outside the chart are not included. Chart coverage on the source page: 2014-01-12 through 2020-07-02.","{""country_code"":""MT"",""country_name"":""Malta"",""chart_coverage_start"":""2014-01-12"",""chart_coverage_end"":""2020-07-02"",""days_on_chart"":29,""top10_days"":9,""peak_rank"":4,""peak_occurrences"":null,""peak_daily_streams"":4247,""metric_scope"":""country-specific Spotify daily Top 200 chart-attributed streams"",""country_rank"":730}"
731,Killer Queen - Remastered 2011,Queen,[],,,,[],"[""und""]",,,,,,,spotify_country_chart_streams,80451.0,streams,80451,Spotify regional daily chart (Kworb aggregate),,,7GqWnsKhMtEW0nzki5o0d8,,,https://kworb.net/spotify/country/mt_weekly_totals.html,2026-10-02,"Exact aggregate of streams observed while this recording was inside Spotify's daily Top 200 for Malta, as aggregated by Kworb from Spotify chart data. Streams earned outside the chart are not included. Chart coverage on the source page: 2014-01-12 through 2020-07-02.","{""country_code"":""MT"",""country_name"":""Malta"",""chart_coverage_start"":""2014-01-12"",""chart_coverage_end"":""2020-07-02"",""days_on_chart"":20,""top10_days"":null,""peak_rank"":50,""peak_occurrences"":null,""peak_daily_streams"":6801,""metric_scope"":""country-specific Spotify daily Top 200 chart-attributed streams"",""country_rank"":731}"
732,Hey Ma,Pitbull,[],,,,[],"[""und""]",,,,,,,spotify_country_chart_streams,80431.0,streams,80431,Spotify regional daily chart (Kworb aggregate),,,2Vdub5mY4lad7w64bFPUez,,,https://kworb.net/spotify/country/mt_weekly_totals.html,2026-10-02,"Exact aggregate of streams observed while this recording was inside Spotify's daily Top 200 for Malta, as aggregated by Kworb from Spotify chart data. Streams earned outside the chart are not included. Chart coverage on the source page: 2014-01-12 through 2020-07-02.","{""country_code"":""MT"",""country_name"":""Malta"",""chart_coverage_start"":""2014-01-12"",""chart_coverage_end"":""2020-07-02"",""days_on_chart"":25,""top10_days"":null,""peak_rank"":55,""peak_occurrences"":null,""peak_daily_streams"":5562,""metric_scope"":""country-specific Spotify daily Top 200 chart-attributed streams"",""country_rank"":732}"
733,One Thing Right,Marshmello,[],,,,[],"[""und""]",,,,,,,spotify_country_chart_streams,80423.0,streams,80423,Spotify regional daily chart (Kworb aggregate),,,4hPpVbbakQNv8YTHYaOJP4,,,https://kworb.net/spotify/country/mt_weekly_totals.html,2026-10-02,"Exact aggregate of streams observed while this recording was inside Spotify's daily Top 200 for Malta, as aggregated by Kworb from Spotify chart data. Streams earned outside the chart are not included. Chart coverage on the source page: 2014-01-12 through 2020-07-02.","{""country_code"":""MT"",""country_name"":""Malta"",""chart_coverage_start"":""2014-01-12"",""chart_coverage_end"":""2020-07-02"",""days_on_chart"":15,""top10_days"":null,""peak_rank"":17,""peak_occurrences"":null,""peak_daily_streams"":8812,""metric_scope"":""country-specific Spotify daily Top 200 chart-attributed streams"",""country_rank"":733}"
734,Rain On Me,Lady Gaga,[],,,,[],"[""und""]",,,,,,,spotify_country_chart_streams,80023.0,streams,80023,Spotify regional daily chart (Kworb aggregate),,,7ju97lgwC2rKQ6wwsf9no9,,,https://kworb.net/spotify/country/mt_weekly_totals.html,2026-10-02,"Exact aggregate of streams observed while this recording was inside Spotify's daily Top 200 for Malta, as aggregated by Kworb from Spotify chart data. Streams earned outside the chart are not included. Chart coverage on the source page: 2014-01-12 through 2020-07-02.","{""country_code"":""MT"",""country_name"":""Malta"",""chart_coverage_start"":""2014-01-12"",""chart_coverage_end"":""2020-07-02"",""days_on_chart"":6,""top10_days"":6,""peak_rank"":2,""peak_occurrences"":1,""peak_daily_streams"":18089,""metric_scope"":""country-specific Spotify daily Top 200 chart-attributed streams"",""country_rank"":734}"
735,It's Beginning to Look a Lot Like Christmas,Perry Como,[],,,,[],"[""und""]",,,,,,,spotify_country_chart_streams,79926.0,streams,79926,Spotify regional daily chart (Kworb aggregate),,,2pXpURmn6zC5ZYDMms6fwa,,,https://kworb.net/spotify/country/mt_weekly_totals.html,2026-10-02,"Exact aggregate of streams observed while this recording was inside Spotify's daily Top 200 for Malta, as aggregated by Kworb from Spotify chart data. Streams earned outside the chart are not included. Chart coverage on the source page: 2014-01-12 through 2020-07-02.","{""country_code"":""MT"",""country_name"":""Malta"",""chart_coverage_start"":""2014-01-12"",""chart_coverage_end"":""2020-07-02"",""days_on_chart"":17,""top10_days"":null,""peak_rank"":26,""peak_occurrences"":null,""peak_daily_streams"":10185,""metric_scope"":""country-specific Spotify daily Top 200 chart-attributed streams"",""country_rank"":735}"
736,Sola (Remix),Anuel AA,[],,,,[],"[""und""]",,,,,,,spotify_country_chart_streams,79835.0,streams,79835,Spotify regional daily chart (Kworb aggregate),,,5q2JbCNi4FcnglgPfxcV65,,,https://kworb.net/spotify/country/mt_weekly_totals.html,2026-10-02,"Exact aggregate of streams observed while this recording was inside Spotify's daily Top 200 for Malta, as aggregated by Kworb from Spotify chart data. Streams earned outside the chart are not included. Chart coverage on the source page: 2014-01-12 through 2020-07-02.","{""country_code"":""MT"",""country_name"":""Malta"",""chart_coverage_start"":""2014-01-12"",""chart_coverage_end"":""2020-07-02"",""days_on_chart"":29,""top10_days"":null,""peak_rank"":65,""peak_occurrences"":null,""peak_daily_streams"":4623,""metric_scope"":""country-specific Spotify daily Top 200 chart-attributed streams"",""country_rank"":736}"
737,NO,Meghan Trainor,[],,,,[],"[""und""]",,,,,,,spotify_country_chart_streams,79774.0,streams,79774,Spotify regional daily chart (Kworb aggregate),,,0NmeI6UpRE27dxxgosD5n9,,,https://kworb.net/spotify/country/mt_weekly_totals.html,2026-10-02,"Exact aggregate of streams observed while this recording was inside Spotify's daily Top 200 for Malta, as aggregated by Kworb from Spotify chart data. Streams earned outside the chart are not included. Chart coverage on the source page: 2014-01-12 through 2020-07-02.","{""country_code"":""MT"",""country_name"":""Malta"",""chart_coverage_start"":""2014-01-12"",""chart_coverage_end"":""2020-07-02"",""days_on_chart"":20,""top10_days"":null,""peak_rank"":15,""peak_occurrences"":null,""peak_daily_streams"":7387,""metric_scope"":""country-specific Spotify daily Top 200 chart-attributed streams"",""country_rank"":737}"
738,All About That Bass,Meghan Trainor,[],,,,[],"[""und""]",,,,,,,spotify_country_chart_streams,79756.0,streams,79756,Spotify regional daily chart (Kworb aggregate),,,1q676iYDR3GeJtOHdyggIU,,,https://kworb.net/spotify/country/mt_weekly_totals.html,2026-10-02,"Exact aggregate of streams observed while this recording was inside Spotify's daily Top 200 for Malta, as aggregated by Kworb from Spotify chart data. Streams earned outside the chart are not included. Chart coverage on the source page: 2014-01-12 through 2020-07-02.","{""country_code"":""MT"",""country_name"":""Malta"",""chart_coverage_start"":""2014-01-12"",""chart_coverage_end"":""2020-07-02"",""days_on_chart"":27,""top10_days"":9,""peak_rank"":1,""peak_occurrences"":1,""peak_daily_streams"":5089,""metric_scope"":""country-specific Spotify daily Top 200 chart-attributed streams"",""country_rank"":738}"
739,Pa Mí - Remix,Dalex,[],,,,[],"[""und""]",,,,,,,spotify_country_chart_streams,79656.0,streams,79656,Spotify regional daily chart (Kworb aggregate),,,7g8YaUQABMal0zWe7a2ijz,,,https://kworb.net/spotify/country/mt_weekly_totals.html,2026-10-02,"Exact aggregate of streams observed while this recording was inside Spotify's daily Top 200 for Malta, as aggregated by Kworb from Spotify chart data. Streams earned outside the chart are not included. Chart coverage on the source page: 2014-01-12 through 2020-07-02.","{""country_code"":""MT"",""country_name"":""Malta"",""chart_coverage_start"":""2014-01-12"",""chart_coverage_end"":""2020-07-02"",""days_on_chart"":12,""top10_days"":null,""peak_rank"":14,""peak_occurrences"":null,""peak_daily_streams"":10642,""metric_scope"":""country-specific Spotify daily Top 200 chart-attributed streams"",""country_rank"":739}"
740,In The Night,The Weeknd,[],,,,[],"[""und""]",,,,,,,spotify_country_chart_streams,79617.0,streams,79617,Spotify regional daily chart (Kworb aggregate),,,7fPHfBCyKE3aVCBjE4DAvl,,,https://kworb.net/spotify/country/mt_weekly_totals.html,2026-10-02,"Exact aggregate of streams observed while this recording was inside Spotify's daily Top 200 for Malta, as aggregated by Kworb from Spotify chart data. Streams earned outside the chart are not included. Chart coverage on the source page: 2014-01-12 through 2020-07-02.","{""country_code"":""MT"",""country_name"":""Malta"",""chart_coverage_start"":""2014-01-12"",""chart_coverage_end"":""2020-07-02"",""days_on_chart"":23,""top10_days"":null,""peak_rank"":13,""peak_occurrences"":null,""peak_daily_streams"":5699,""metric_scope"":""country-specific Spotify daily Top 200 chart-attributed streams"",""country_rank"":740}"
741,Savage,Megan Thee Stallion,[],,,,[],"[""und""]",,,,,,,spotify_country_chart_streams,79537.0,streams,79537,Spotify regional daily chart (Kworb aggregate),,,55CHeLEfn5iJ0IIkgaa4si,,,https://kworb.net/spotify/country/mt_weekly_totals.html,2026-10-02,"Exact aggregate of streams observed while this recording was inside Spotify's daily Top 200 for Malta, as aggregated by Kworb from Spotify chart data. Streams earned outside the chart are not included. Chart coverage on the source page: 2014-01-12 through 2020-07-02.","{""country_code"":""MT"",""country_name"":""Malta"",""chart_coverage_start"":""2014-01-12"",""chart_coverage_end"":""2020-07-02"",""days_on_chart"":15,""top10_days"":null,""peak_rank"":15,""peak_occurrences"":null,""peak_daily_streams"":8944,""metric_scope"":""country-specific Spotify daily Top 200 chart-attributed streams"",""country_rank"":741}"
742,GOOBA,6ix9ine,[],,,,[],"[""und""]",,,,,,,spotify_country_chart_streams,79498.0,streams,79498,Spotify regional daily chart (Kworb aggregate),,,4NhDYoQTYCdWHTvlbGVgwo,,,https://kworb.net/spotify/country/mt_weekly_totals.html,2026-10-02,"Exact aggregate of streams observed while this recording was inside Spotify's daily Top 200 for Malta, as aggregated by Kworb from Spotify chart data. Streams earned outside the chart are not included. Chart coverage on the source page: 2014-01-12 through 2020-07-02.","{""country_code"":""MT"",""country_name"":""Malta"",""chart_coverage_start"":""2014-01-12"",""chart_coverage_end"":""2020-07-02"",""days_on_chart"":8,""top10_days"":2,""peak_rank"":6,""peak_occurrences"":null,""peak_daily_streams"":13244,""metric_scope"":""country-specific Spotify daily Top 200 chart-attributed streams"",""country_rank"":742}"
743,a lot,21 Savage,[],,,,[],"[""und""]",,,,,,,spotify_country_chart_streams,79464.0,streams,79464,Spotify regional daily chart (Kworb aggregate),,,2t8yVaLvJ0RenpXUIAC52d,,,https://kworb.net/spotify/country/mt_weekly_totals.html,2026-10-02,"Exact aggregate of streams observed while this recording was inside Spotify's daily Top 200 for Malta, as aggregated by Kworb from Spotify chart data. Streams earned outside the chart are not included. Chart coverage on the source page: 2014-01-12 through 2020-07-02.","{""country_code"":""MT"",""country_name"":""Malta"",""chart_coverage_start"":""2014-01-12"",""chart_coverage_end"":""2020-07-02"",""days_on_chart"":19,""top10_days"":null,""peak_rank"":32,""peak_occurrences"":null,""peak_daily_streams"":9060,""metric_scope"":""country-specific Spotify daily Top 200 chart-attributed streams"",""country_rank"":743}"
744,Delicate,Taylor Swift,[],,,,[],"[""und""]",,,,,,,spotify_country_chart_streams,79405.0,streams,79405,Spotify regional daily chart (Kworb aggregate),,,6NFyWDv5CjfwuzoCkw47Xf,,,https://kworb.net/spotify/country/mt_weekly_totals.html,2026-10-02,"Exact aggregate of streams observed while this recording was inside Spotify's daily Top 200 for Malta, as aggregated by Kworb from Spotify chart data. Streams earned outside the chart are not included. Chart coverage on the source page: 2014-01-12 through 2020-07-02.","{""country_code"":""MT"",""country_name"":""Malta"",""chart_coverage_start"":""2014-01-12"",""chart_coverage_end"":""2020-07-02"",""days_on_chart"":17,""top10_days"":null,""peak_rank"":19,""peak_occurrences"":null,""peak_daily_streams"":8056,""metric_scope"":""country-specific Spotify daily Top 200 chart-attributed streams"",""country_rank"":744}"
745,Stupid Love,Lady Gaga,[],,,,[],"[""und""]",,,,,,,spotify_country_chart_streams,79283.0,streams,79283,Spotify regional daily chart (Kworb aggregate),,,2kJu14V7hbZw3I4K8L8SXb,,,https://kworb.net/spotify/country/mt_weekly_totals.html,2026-10-02,"Exact aggregate of streams observed while this recording was inside Spotify's daily Top 200 for Malta, as aggregated by Kworb from Spotify chart data. Streams earned outside the chart are not included. Chart coverage on the source page: 2014-01-12 through 2020-07-02.","{""country_code"":""MT"",""country_name"":""Malta"",""chart_coverage_start"":""2014-01-12"",""chart_coverage_end"":""2020-07-02"",""days_on_chart"":18,""top10_days"":null,""peak_rank"":11,""peak_occurrences"":null,""peak_daily_streams"":12992,""metric_scope"":""country-specific Spotify daily Top 200 chart-attributed streams"",""country_rank"":745}"
746,TG4M,Zara Larsson,[],,,,[],"[""und""]",,,,,,,spotify_country_chart_streams,79094.0,streams,79094,Spotify regional daily chart (Kworb aggregate),,,4uoumbAMEMaKdtiv763jKz,,,https://kworb.net/spotify/country/mt_weekly_totals.html,2026-10-02,"Exact aggregate of streams observed while this recording was inside Spotify's daily Top 200 for Malta, as aggregated by Kworb from Spotify chart data. Streams earned outside the chart are not included. Chart coverage on the source page: 2014-01-12 through 2020-07-02.","{""country_code"":""MT"",""country_name"":""Malta"",""chart_coverage_start"":""2014-01-12"",""chart_coverage_end"":""2020-07-02"",""days_on_chart"":26,""top10_days"":null,""peak_rank"":57,""peak_occurrences"":null,""peak_daily_streams"":5144,""metric_scope"":""country-specific Spotify daily Top 200 chart-attributed streams"",""country_rank"":746}"
747,Earned It (Fifty Shades Of Grey),The Weeknd,[],,,,[],"[""und""]",,,,,,,spotify_country_chart_streams,79007.0,streams,79007,Spotify regional daily chart (Kworb aggregate),,,4WGyY671Z37inSpCTBJoIm,,,https://kworb.net/spotify/country/mt_weekly_totals.html,2026-10-02,"Exact aggregate of streams observed while this recording was inside Spotify's daily Top 200 for Malta, as aggregated by Kworb from Spotify chart data. Streams earned outside the chart are not included. Chart coverage on the source page: 2014-01-12 through 2020-07-02.","{""country_code"":""MT"",""country_name"":""Malta"",""chart_coverage_start"":""2014-01-12"",""chart_coverage_end"":""2020-07-02"",""days_on_chart"":30,""top10_days"":5,""peak_rank"":7,""peak_occurrences"":null,""peak_daily_streams"":5728,""metric_scope"":""country-specific Spotify daily Top 200 chart-attributed streams"",""country_rank"":747}"
748,Suicidal,YNW Melly,[],,,,[],"[""und""]",,,,,,,spotify_country_chart_streams,78752.0,streams,78752,Spotify regional daily chart (Kworb aggregate),,,1iSqfoUFnQwV0QW1EfUit8,,,https://kworb.net/spotify/country/mt_weekly_totals.html,2026-10-02,"Exact aggregate of streams observed while this recording was inside Spotify's daily Top 200 for Malta, as aggregated by Kworb from Spotify chart data. Streams earned outside the chart are not included. Chart coverage on the source page: 2014-01-12 through 2020-07-02.","{""country_code"":""MT"",""country_name"":""Malta"",""chart_coverage_start"":""2014-01-12"",""chart_coverage_end"":""2020-07-02"",""days_on_chart"":20,""top10_days"":null,""peak_rank"":29,""peak_occurrences"":null,""peak_daily_streams"":7201,""metric_scope"":""country-specific Spotify daily Top 200 chart-attributed streams"",""country_rank"":748}"
749,Sucker for You,Matt Terry,[],,,,[],"[""und""]",,,,,,,spotify_country_chart_streams,78706.0,streams,78706,Spotify regional daily chart (Kworb aggregate),,,4vkVvmjIiQibQ6zJnC1Q9z,,,https://kworb.net/spotify/country/mt_weekly_totals.html,2026-10-02,"Exact aggregate of streams observed while this recording was inside Spotify's daily Top 200 for Malta, as aggregated by Kworb from Spotify chart data. Streams earned outside the chart are not included. Chart coverage on the source page: 2014-01-12 through 2020-07-02.","{""country_code"":""MT"",""country_name"":""Malta"",""chart_coverage_start"":""2014-01-12"",""chart_coverage_end"":""2020-07-02"",""days_on_chart"":25,""top10_days"":null,""peak_rank"":37,""peak_occurrences"":null,""peak_daily_streams"":5816,""metric_scope"":""country-specific Spotify daily Top 200 chart-attributed streams"",""country_rank"":749}"
750,Heroes (we could be),Alesso,[],,,,[],"[""und""]",,,,,,,spotify_country_chart_streams,78612.0,streams,78612,Spotify regional daily chart (Kworb aggregate),,,0VYQK5I08homNvX8SRS37R,,,https://kworb.net/spotify/country/mt_weekly_totals.html,2026-10-02,"Exact aggregate of streams observed while this recording was inside Spotify's daily Top 200 for Malta, as aggregated by Kworb from Spotify chart data. Streams earned outside the chart are not included. Chart coverage on the source page: 2014-01-12 through 2020-07-02.","{""country_code"":""MT"",""country_name"":""Malta"",""chart_coverage_start"":""2014-01-12"",""chart_coverage_end"":""2020-07-02"",""days_on_chart"":24,""top10_days"":6,""peak_rank"":4,""peak_occurrences"":null,""peak_daily_streams"":4886,""metric_scope"":""country-specific Spotify daily Top 200 chart-attributed streams"",""alternate_metrics"":[{""metric_name"":""spotify_country_chart_streams"",""metric_value"":17669.0,""metric_unit"":""streams"",""listen_count"":17669,""view_count"":null,""source_url"":""https://kworb.net/spotify/country/mt_weekly_totals.html"",""retrieved_at"":""2026-10-02""}],""merged_sources"":[""https://kworb.net/spotify/country/mt_weekly_totals.html""],""country_rank"":750}"
751,To Die For,Sam Smith,[],,,,[],"[""und""]",,,,,,,spotify_country_chart_streams,78084.0,streams,78084,Spotify regional daily chart (Kworb aggregate),,,2ZTYlnhhV1UAReg7wIGolx,,,https://kworb.net/spotify/country/mt_weekly_totals.html,2026-10-02,"Exact aggregate of streams observed while this recording was inside Spotify's daily Top 200 for Malta, as aggregated by Kworb from Spotify chart data. Streams earned outside the chart are not included. Chart coverage on the source page: 2014-01-12 through 2020-07-02.","{""country_code"":""MT"",""country_name"":""Malta"",""chart_coverage_start"":""2014-01-12"",""chart_coverage_end"":""2020-07-02"",""days_on_chart"":18,""top10_days"":null,""peak_rank"":21,""peak_occurrences"":null,""peak_daily_streams"":8849,""metric_scope"":""country-specific Spotify daily Top 200 chart-attributed streams"",""country_rank"":751}"
752,Cheerleader - Felix Jaehn Remix Radio Edit,OMI,[],,,,[],"[""und""]",,,,,,,spotify_country_chart_streams,77919.0,streams,77919,Spotify regional daily chart (Kworb aggregate),,,7vFoFDWqTX0mHzLfrF1Cfy,,,https://kworb.net/spotify/country/mt_weekly_totals.html,2026-10-02,"Exact aggregate of streams observed while this recording was inside Spotify's daily Top 200 for Malta, as aggregated by Kworb from Spotify chart data. Streams earned outside the chart are not included. Chart coverage on the source page: 2014-01-12 through 2020-07-02.","{""country_code"":""MT"",""country_name"":""Malta"",""chart_coverage_start"":""2014-01-12"",""chart_coverage_end"":""2020-07-02"",""days_on_chart"":42,""top10_days"":null,""peak_rank"":27,""peak_occurrences"":null,""peak_daily_streams"":3639,""metric_scope"":""country-specific Spotify daily Top 200 chart-attributed streams"",""country_rank"":752}"
753,Geronimo,Sheppard,[],,,,[],"[""und""]",,,,,,,spotify_country_chart_streams,77770.0,streams,77770,Spotify regional daily chart (Kworb aggregate),,,4pq6q25ckZxU8oVRzLI6YJ,,,https://kworb.net/spotify/country/mt_weekly_totals.html,2026-10-02,"Exact aggregate of streams observed while this recording was inside Spotify's daily Top 200 for Malta, as aggregated by Kworb from Spotify chart data. Streams earned outside the chart are not included. Chart coverage on the source page: 2014-01-12 through 2020-07-02.","{""country_code"":""MT"",""country_name"":""Malta"",""chart_coverage_start"":""2014-01-12"",""chart_coverage_end"":""2020-07-02"",""days_on_chart"":27,""top10_days"":3,""peak_rank"":9,""peak_occurrences"":null,""peak_daily_streams"":4480,""metric_scope"":""country-specific Spotify daily Top 200 chart-attributed streams"",""country_rank"":753}"
754,Budapest,George Ezra,[],,,,[],"[""und""]",,,,,,,spotify_country_chart_streams,77227.0,streams,77227,Spotify regional daily chart (Kworb aggregate),,,7GJClzimvMSghjcrKxuf1M,,,https://kworb.net/spotify/country/mt_weekly_totals.html,2026-10-02,"Exact aggregate of streams observed while this recording was inside Spotify's daily Top 200 for Malta, as aggregated by Kworb from Spotify chart data. Streams earned outside the chart are not included. Chart coverage on the source page: 2014-01-12 through 2020-07-02.","{""country_code"":""MT"",""country_name"":""Malta"",""chart_coverage_start"":""2014-01-12"",""chart_coverage_end"":""2020-07-02"",""days_on_chart"":55,""top10_days"":null,""peak_rank"":18,""peak_occurrences"":null,""peak_daily_streams"":3509,""metric_scope"":""country-specific Spotify daily Top 200 chart-attributed streams"",""country_rank"":754}"
755,Bella - Remix,Wolfine,[],,,,[],"[""und""]",,,,,,,spotify_country_chart_streams,77167.0,streams,77167,Spotify regional daily chart (Kworb aggregate),,,0SaYeGhSXN0dDWstyNTQ56,,,https://kworb.net/spotify/country/mt_weekly_totals.html,2026-10-02,"Exact aggregate of streams observed while this recording was inside Spotify's daily Top 200 for Malta, as aggregated by Kworb from Spotify chart data. Streams earned outside the chart are not included. Chart coverage on the source page: 2014-01-12 through 2020-07-02.","{""country_code"":""MT"",""country_name"":""Malta"",""chart_coverage_start"":""2014-01-12"",""chart_coverage_end"":""2020-07-02"",""days_on_chart"":23,""top10_days"":null,""peak_rank"":55,""peak_occurrences"":null,""peak_daily_streams"":5395,""metric_scope"":""country-specific Spotify daily Top 200 chart-attributed streams"",""country_rank"":755}"
756,Body Say,Demi Lovato,[],,,,[],"[""und""]",,,,,,,spotify_country_chart_streams,77101.0,streams,77101,Spotify regional daily chart (Kworb aggregate),,,7xrA11O07xo57Bbg6p4hck,,,https://kworb.net/spotify/country/mt_weekly_totals.html,2026-10-02,"Exact aggregate of streams observed while this recording was inside Spotify's daily Top 200 for Malta, as aggregated by Kworb from Spotify chart data. Streams earned outside the chart are not included. Chart coverage on the source page: 2014-01-12 through 2020-07-02.","{""country_code"":""MT"",""country_name"":""Malta"",""chart_coverage_start"":""2014-01-12"",""chart_coverage_end"":""2020-07-02"",""days_on_chart"":23,""top10_days"":null,""peak_rank"":41,""peak_occurrences"":null,""peak_daily_streams"":4963,""metric_scope"":""country-specific Spotify daily Top 200 chart-attributed streams"",""country_rank"":756}"
757,Breathe,Seeb,[],,,,[],"[""und""]",,,,,,,spotify_country_chart_streams,76954.0,streams,76954,Spotify regional daily chart (Kworb aggregate),,,6s5smacBOoWoI08Vi6EX5T,,,https://kworb.net/spotify/country/mt_weekly_totals.html,2026-10-02,"Exact aggregate of streams observed while this recording was inside Spotify's daily Top 200 for Malta, as aggregated by Kworb from Spotify chart data. Streams earned outside the chart are not included. Chart coverage on the source page: 2014-01-12 through 2020-07-02.","{""country_code"":""MT"",""country_name"":""Malta"",""chart_coverage_start"":""2014-01-12"",""chart_coverage_end"":""2020-07-02"",""days_on_chart"":38,""top10_days"":null,""peak_rank"":60,""peak_occurrences"":null,""peak_daily_streams"":3001,""metric_scope"":""country-specific Spotify daily Top 200 chart-attributed streams"",""country_rank"":757}"
758,Signs,Drake,[],,,,[],"[""und""]",,,,,,,spotify_country_chart_streams,76828.0,streams,76828,Spotify regional daily chart (Kworb aggregate),,,5EnYT6F7wEcdege6mDHEfO,,,https://kworb.net/spotify/country/mt_weekly_totals.html,2026-10-02,"Exact aggregate of streams observed while this recording was inside Spotify's daily Top 200 for Malta, as aggregated by Kworb from Spotify chart data. Streams earned outside the chart are not included. Chart coverage on the source page: 2014-01-12 through 2020-07-02.","{""country_code"":""MT"",""country_name"":""Malta"",""chart_coverage_start"":""2014-01-12"",""chart_coverage_end"":""2020-07-02"",""days_on_chart"":17,""top10_days"":null,""peak_rank"":14,""peak_occurrences"":null,""peak_daily_streams"":11326,""metric_scope"":""country-specific Spotify daily Top 200 chart-attributed streams"",""country_rank"":758}"
759,Be Right There,Diplo,[],,,,[],"[""und""]",,,,,,,spotify_country_chart_streams,76516.0,streams,76516,Spotify regional daily chart (Kworb aggregate),,,71EnloViXmSKrQkrkaYFxF,,,https://kworb.net/spotify/country/mt_weekly_totals.html,2026-10-02,"Exact aggregate of streams observed while this recording was inside Spotify's daily Top 200 for Malta, as aggregated by Kworb from Spotify chart data. Streams earned outside the chart are not included. Chart coverage on the source page: 2014-01-12 through 2020-07-02.","{""country_code"":""MT"",""country_name"":""Malta"",""chart_coverage_start"":""2014-01-12"",""chart_coverage_end"":""2020-07-02"",""days_on_chart"":30,""top10_days"":null,""peak_rank"":44,""peak_occurrences"":null,""peak_daily_streams"":3362,""metric_scope"":""country-specific Spotify daily Top 200 chart-attributed streams"",""country_rank"":759}"
760,Bed,Nicki Minaj,[],,,,[],"[""und""]",,,,,,,spotify_country_chart_streams,76344.0,streams,76344,Spotify regional daily chart (Kworb aggregate),,,1ZEm9cJC05rawV2tptNfTS,,,https://kworb.net/spotify/country/mt_weekly_totals.html,2026-10-02,"Exact aggregate of streams observed while this recording was inside Spotify's daily Top 200 for Malta, as aggregated by Kworb from Spotify chart data. Streams earned outside the chart are not included. Chart coverage on the source page: 2014-01-12 through 2020-07-02.","{""country_code"":""MT"",""country_name"":""Malta"",""chart_coverage_start"":""2014-01-12"",""chart_coverage_end"":""2020-07-02"",""days_on_chart"":11,""top10_days"":null,""peak_rank"":15,""peak_occurrences"":null,""peak_daily_streams"":11903,""metric_scope"":""country-specific Spotify daily Top 200 chart-attributed streams"",""country_rank"":760}"
761,I See Fire,Ed Sheeran,[],,,,[],"[""und""]",,,,,,,spotify_country_chart_streams,76163.0,streams,76163,Spotify regional daily chart (Kworb aggregate),,,5pY3ovFxbvAg7reGZjJQSp,,,https://kworb.net/spotify/country/mt_weekly_totals.html,2026-10-02,"Exact aggregate of streams observed while this recording was inside Spotify's daily Top 200 for Malta, as aggregated by Kworb from Spotify chart data. Streams earned outside the chart are not included. Chart coverage on the source page: 2014-01-12 through 2020-07-02.","{""country_code"":""MT"",""country_name"":""Malta"",""chart_coverage_start"":""2014-01-12"",""chart_coverage_end"":""2020-07-02"",""days_on_chart"":51,""top10_days"":1,""peak_rank"":9,""peak_occurrences"":null,""peak_daily_streams"":2366,""metric_scope"":""country-specific Spotify daily Top 200 chart-attributed streams"",""country_rank"":761}"
762,Focus,Ariana Grande,[],,,,[],"[""und""]",,,,,,,spotify_country_chart_streams,76128.0,streams,76128,Spotify regional daily chart (Kworb aggregate),,,3IyeQMpMEqNcEvFQGJ2eps,,,https://kworb.net/spotify/country/mt_weekly_totals.html,2026-10-02,"Exact aggregate of streams observed while this recording was inside Spotify's daily Top 200 for Malta, as aggregated by Kworb from Spotify chart data. Streams earned outside the chart are not included. Chart coverage on the source page: 2014-01-12 through 2020-07-02.","{""country_code"":""MT"",""country_name"":""Malta"",""chart_coverage_start"":""2014-01-12"",""chart_coverage_end"":""2020-07-02"",""days_on_chart"":19,""top10_days"":6,""peak_rank"":7,""peak_occurrences"":null,""peak_daily_streams"":7290,""metric_scope"":""country-specific Spotify daily Top 200 chart-attributed streams"",""country_rank"":762}"
763,Rude,MAGIC!,[],,,,[],"[""und""]",,,,,,,spotify_country_chart_streams,75902.0,streams,75902,Spotify regional daily chart (Kworb aggregate),,,6RtPijgfPKROxEzTHNRiDp,,,https://kworb.net/spotify/country/mt_weekly_totals.html,2026-10-02,"Exact aggregate of streams observed while this recording was inside Spotify's daily Top 200 for Malta, as aggregated by Kworb from Spotify chart data. Streams earned outside the chart are not included. Chart coverage on the source page: 2014-01-12 through 2020-07-02.","{""country_code"":""MT"",""country_name"":""Malta"",""chart_coverage_start"":""2014-01-12"",""chart_coverage_end"":""2020-07-02"",""days_on_chart"":32,""top10_days"":11,""peak_rank"":1,""peak_occurrences"":2,""peak_daily_streams"":4330,""metric_scope"":""country-specific Spotify daily Top 200 chart-attributed streams"",""country_rank"":763}"
764,Bella,Wolfine,[],,,,[],"[""und""]",,,,,,,spotify_country_chart_streams,75709.0,streams,75709,Spotify regional daily chart (Kworb aggregate),,,3xcCix7Jv1Rp90YVmgo35D,,,https://kworb.net/spotify/country/mt_weekly_totals.html,2026-10-02,"Exact aggregate of streams observed while this recording was inside Spotify's daily Top 200 for Malta, as aggregated by Kworb from Spotify chart data. Streams earned outside the chart are not included. Chart coverage on the source page: 2014-01-12 through 2020-07-02.","{""country_code"":""MT"",""country_name"":""Malta"",""chart_coverage_start"":""2014-01-12"",""chart_coverage_end"":""2020-07-02"",""days_on_chart"":19,""top10_days"":null,""peak_rank"":54,""peak_occurrences"":null,""peak_daily_streams"":4664,""metric_scope"":""country-specific Spotify daily Top 200 chart-attributed streams"",""country_rank"":764}"
765,Body Like A Back Road,Sam Hunt,[],,,,[],"[""und""]",,,,,,,spotify_country_chart_streams,75641.0,streams,75641,Spotify regional daily chart (Kworb aggregate),,,7mldq42yDuxiUNn08nvzHO,,,https://kworb.net/spotify/country/mt_weekly_totals.html,2026-10-02,"Exact aggregate of streams observed while this recording was inside Spotify's daily Top 200 for Malta, as aggregated by Kworb from Spotify chart data. Streams earned outside the chart are not included. Chart coverage on the source page: 2014-01-12 through 2020-07-02.","{""country_code"":""MT"",""country_name"":""Malta"",""chart_coverage_start"":""2014-01-12"",""chart_coverage_end"":""2020-07-02"",""days_on_chart"":26,""top10_days"":null,""peak_rank"":64,""peak_occurrences"":null,""peak_daily_streams"":4546,""metric_scope"":""country-specific Spotify daily Top 200 chart-attributed streams"",""country_rank"":765}"
766,Tell Me You Love Me,Demi Lovato,[],,,,[],"[""und""]",,,,,,,spotify_country_chart_streams,75614.0,streams,75614,Spotify regional daily chart (Kworb aggregate),,,5Htb1uFQ1KrkFXlefS8oGj,,,https://kworb.net/spotify/country/mt_weekly_totals.html,2026-10-02,"Exact aggregate of streams observed while this recording was inside Spotify's daily Top 200 for Malta, as aggregated by Kworb from Spotify chart data. Streams earned outside the chart are not included. Chart coverage on the source page: 2014-01-12 through 2020-07-02.","{""country_code"":""MT"",""country_name"":""Malta"",""chart_coverage_start"":""2014-01-12"",""chart_coverage_end"":""2020-07-02"",""days_on_chart"":20,""top10_days"":null,""peak_rank"":28,""peak_occurrences"":null,""peak_daily_streams"":7054,""metric_scope"":""country-specific Spotify daily Top 200 chart-attributed streams"",""country_rank"":766}"
767,idontwannabeyouanymore,Billie Eilish,[],,,,[],"[""und""]",,,,,,,spotify_country_chart_streams,75568.0,streams,75568,Spotify regional daily chart (Kworb aggregate),,,40T5GIqQ1CegGm2PTEl8Bu,,,https://kworb.net/spotify/country/mt_weekly_totals.html,2026-10-02,"Exact aggregate of streams observed while this recording was inside Spotify's daily Top 200 for Malta, as aggregated by Kworb from Spotify chart data. Streams earned outside the chart are not included. Chart coverage on the source page: 2014-01-12 through 2020-07-02.","{""country_code"":""MT"",""country_name"":""Malta"",""chart_coverage_start"":""2014-01-12"",""chart_coverage_end"":""2020-07-02"",""days_on_chart"":23,""top10_days"":null,""peak_rank"":78,""peak_occurrences"":null,""peak_daily_streams"":4397,""metric_scope"":""country-specific Spotify daily Top 200 chart-attributed streams"",""country_rank"":767}"
768,The Greatest Show,Hugh Jackman,[],,,,[],"[""und""]",,,,,,,spotify_country_chart_streams,75087.0,streams,75087,Spotify regional daily chart (Kworb aggregate),,,43ay9lQZ5rfNcOOHhRF2cM,,,https://kworb.net/spotify/country/mt_weekly_totals.html,2026-10-02,"Exact aggregate of streams observed while this recording was inside Spotify's daily Top 200 for Malta, as aggregated by Kworb from Spotify chart data. Streams earned outside the chart are not included. Chart coverage on the source page: 2014-01-12 through 2020-07-02.","{""country_code"":""MT"",""country_name"":""Malta"",""chart_coverage_start"":""2014-01-12"",""chart_coverage_end"":""2020-07-02"",""days_on_chart"":19,""top10_days"":null,""peak_rank"":48,""peak_occurrences"":null,""peak_daily_streams"":5140,""metric_scope"":""country-specific Spotify daily Top 200 chart-attributed streams"",""country_rank"":768}"
769,The Other,Lauv,[],,,,[],"[""und""]",,,,,,,spotify_country_chart_streams,74776.0,streams,74776,Spotify regional daily chart (Kworb aggregate),,,3ZD3kjn80pQ9keYO8eqp9d,,,https://kworb.net/spotify/country/mt_weekly_totals.html,2026-10-02,"Exact aggregate of streams observed while this recording was inside Spotify's daily Top 200 for Malta, as aggregated by Kworb from Spotify chart data. Streams earned outside the chart are not included. Chart coverage on the source page: 2014-01-12 through 2020-07-02.","{""country_code"":""MT"",""country_name"":""Malta"",""chart_coverage_start"":""2014-01-12"",""chart_coverage_end"":""2020-07-02"",""days_on_chart"":17,""top10_days"":null,""peak_rank"":36,""peak_occurrences"":null,""peak_daily_streams"":6389,""metric_scope"":""country-specific Spotify daily Top 200 chart-attributed streams"",""country_rank"":769}"
770,Good Old Days,Macklemore,[],,,,[],"[""und""]",,,,,,,spotify_country_chart_streams,74582.0,streams,74582,Spotify regional daily chart (Kworb aggregate),,,2Za1AlJNvksouPPWbXpR2X,,,https://kworb.net/spotify/country/mt_weekly_totals.html,2026-10-02,"Exact aggregate of streams observed while this recording was inside Spotify's daily Top 200 for Malta, as aggregated by Kworb from Spotify chart data. Streams earned outside the chart are not included. Chart coverage on the source page: 2014-01-12 through 2020-07-02.","{""country_code"":""MT"",""country_name"":""Malta"",""chart_coverage_start"":""2014-01-12"",""chart_coverage_end"":""2020-07-02"",""days_on_chart"":20,""top10_days"":null,""peak_rank"":30,""peak_occurrences"":null,""peak_daily_streams"":6517,""metric_scope"":""country-specific Spotify daily Top 200 chart-attributed streams"",""country_rank"":770}"
771,Thotiana,Blueface,[],,,,[],"[""und""]",,,,,,,spotify_country_chart_streams,74546.0,streams,74546,Spotify regional daily chart (Kworb aggregate),,,3oh6SCCeLuXhFpEyepla6G,,,https://kworb.net/spotify/country/mt_weekly_totals.html,2026-10-02,"Exact aggregate of streams observed while this recording was inside Spotify's daily Top 200 for Malta, as aggregated by Kworb from Spotify chart data. Streams earned outside the chart are not included. Chart coverage on the source page: 2014-01-12 through 2020-07-02.","{""country_code"":""MT"",""country_name"":""Malta"",""chart_coverage_start"":""2014-01-12"",""chart_coverage_end"":""2020-07-02"",""days_on_chart"":15,""top10_days"":null,""peak_rank"":34,""peak_occurrences"":null,""peak_daily_streams"":8262,""metric_scope"":""country-specific Spotify daily Top 200 chart-attributed streams"",""alternate_metrics"":[{""metric_name"":""spotify_country_chart_streams"",""metric_value"":15189.0,""metric_unit"":""streams"",""listen_count"":15189,""view_count"":null,""source_url"":""https://kworb.net/spotify/country/mt_weekly_totals.html"",""retrieved_at"":""2026-10-02""}],""merged_sources"":[""https://kworb.net/spotify/country/mt_weekly_totals.html""],""country_rank"":771}"
772,Worth It,Fifth Harmony,[],,,,[],"[""und""]",,,,,,,spotify_country_chart_streams,74524.0,streams,74524,Spotify regional daily chart (Kworb aggregate),,,41Fflg7qHiVOD6dEPvsCzO,,,https://kworb.net/spotify/country/mt_weekly_totals.html,2026-10-02,"Exact aggregate of streams observed while this recording was inside Spotify's daily Top 200 for Malta, as aggregated by Kworb from Spotify chart data. Streams earned outside the chart are not included. Chart coverage on the source page: 2014-01-12 through 2020-07-02.","{""country_code"":""MT"",""country_name"":""Malta"",""chart_coverage_start"":""2014-01-12"",""chart_coverage_end"":""2020-07-02"",""days_on_chart"":36,""top10_days"":1,""peak_rank"":8,""peak_occurrences"":null,""peak_daily_streams"":4643,""metric_scope"":""country-specific Spotify daily Top 200 chart-attributed streams"",""country_rank"":772}"
773,Party Girl,StaySolidRocky,[],,,,[],"[""und""]",,,,,,,spotify_country_chart_streams,74455.0,streams,74455,Spotify regional daily chart (Kworb aggregate),,,5RqR4ZCCKJDcBLIn4sih9l,,,https://kworb.net/spotify/country/mt_weekly_totals.html,2026-10-02,"Exact aggregate of streams observed while this recording was inside Spotify's daily Top 200 for Malta, as aggregated by Kworb from Spotify chart data. Streams earned outside the chart are not included. Chart coverage on the source page: 2014-01-12 through 2020-07-02.","{""country_code"":""MT"",""country_name"":""Malta"",""chart_coverage_start"":""2014-01-12"",""chart_coverage_end"":""2020-07-02"",""days_on_chart"":10,""top10_days"":3,""peak_rank"":9,""peak_occurrences"":null,""peak_daily_streams"":10406,""metric_scope"":""country-specific Spotify daily Top 200 chart-attributed streams"",""country_rank"":773}"
774,Stolen Dance,Milky Chance,[],,,,[],"[""und""]",,,,,,,spotify_country_chart_streams,74423.0,streams,74423,Spotify regional daily chart (Kworb aggregate),,,7398yjipWAaoCGIl7ukaeX,,,https://kworb.net/spotify/country/mt_weekly_totals.html,2026-10-02,"Exact aggregate of streams observed while this recording was inside Spotify's daily Top 200 for Malta, as aggregated by Kworb from Spotify chart data. Streams earned outside the chart are not included. Chart coverage on the source page: 2014-01-12 through 2020-07-02.","{""country_code"":""MT"",""country_name"":""Malta"",""chart_coverage_start"":""2014-01-12"",""chart_coverage_end"":""2020-07-02"",""days_on_chart"":44,""top10_days"":4,""peak_rank"":9,""peak_occurrences"":null,""peak_daily_streams"":3035,""metric_scope"":""country-specific Spotify daily Top 200 chart-attributed streams"",""country_rank"":774}"
775,Renegades,X Ambassadors,[],,,,[],"[""und""]",,,,,,,spotify_country_chart_streams,74398.0,streams,74398,Spotify regional daily chart (Kworb aggregate),,,0fYVliAYKHuPmECRs1pbRf,,,https://kworb.net/spotify/country/mt_weekly_totals.html,2026-10-02,"Exact aggregate of streams observed while this recording was inside Spotify's daily Top 200 for Malta, as aggregated by Kworb from Spotify chart data. Streams earned outside the chart are not included. Chart coverage on the source page: 2014-01-12 through 2020-07-02.","{""country_code"":""MT"",""country_name"":""Malta"",""chart_coverage_start"":""2014-01-12"",""chart_coverage_end"":""2020-07-02"",""days_on_chart"":37,""top10_days"":null,""peak_rank"":22,""peak_occurrences"":null,""peak_daily_streams"":4735,""metric_scope"":""country-specific Spotify daily Top 200 chart-attributed streams"",""country_rank"":775}"
776,Make Me (Cry),Noah Cyrus,[],,,,[],"[""und""]",,,,,,,spotify_country_chart_streams,74292.0,streams,74292,Spotify regional daily chart (Kworb aggregate),,,2BrzlUj1u1CtvaJDGIKpsP,,,https://kworb.net/spotify/country/mt_weekly_totals.html,2026-10-02,"Exact aggregate of streams observed while this recording was inside Spotify's daily Top 200 for Malta, as aggregated by Kworb from Spotify chart data. Streams earned outside the chart are not included. Chart coverage on the source page: 2014-01-12 through 2020-07-02.","{""country_code"":""MT"",""country_name"":""Malta"",""chart_coverage_start"":""2014-01-12"",""chart_coverage_end"":""2020-07-02"",""days_on_chart"":17,""top10_days"":null,""peak_rank"":31,""peak_occurrences"":null,""peak_daily_streams"":5281,""metric_scope"":""country-specific Spotify daily Top 200 chart-attributed streams"",""country_rank"":776}"
777,Lot to Learn,Luke Christopher,[],,,,[],"[""und""]",,,,,,,spotify_country_chart_streams,74205.0,streams,74205,Spotify regional daily chart (Kworb aggregate),,,3TRFq09DUgYj1mug6RRqJW,,,https://kworb.net/spotify/country/mt_weekly_totals.html,2026-10-02,"Exact aggregate of streams observed while this recording was inside Spotify's daily Top 200 for Malta, as aggregated by Kworb from Spotify chart data. Streams earned outside the chart are not included. Chart coverage on the source page: 2014-01-12 through 2020-07-02.","{""country_code"":""MT"",""country_name"":""Malta"",""chart_coverage_start"":""2014-01-12"",""chart_coverage_end"":""2020-07-02"",""days_on_chart"":23,""top10_days"":null,""peak_rank"":32,""peak_occurrences"":null,""peak_daily_streams"":4777,""metric_scope"":""country-specific Spotify daily Top 200 chart-attributed streams"",""country_rank"":777}"
778,High Fashion,Roddy Ricch,[],,,,[],"[""und""]",,,,,,,spotify_country_chart_streams,74172.0,streams,74172,Spotify regional daily chart (Kworb aggregate),,,07KXEDMj78x68D884wgVEm,,,https://kworb.net/spotify/country/mt_weekly_totals.html,2026-10-02,"Exact aggregate of streams observed while this recording was inside Spotify's daily Top 200 for Malta, as aggregated by Kworb from Spotify chart data. Streams earned outside the chart are not included. Chart coverage on the source page: 2014-01-12 through 2020-07-02.","{""country_code"":""MT"",""country_name"":""Malta"",""chart_coverage_start"":""2014-01-12"",""chart_coverage_end"":""2020-07-02"",""days_on_chart"":18,""top10_days"":null,""peak_rank"":34,""peak_occurrences"":null,""peak_daily_streams"":6536,""metric_scope"":""country-specific Spotify daily Top 200 chart-attributed streams"",""country_rank"":778}"
779,Never Enough,Loren Allred,[],,,,[],"[""und""]",,,,,,,spotify_country_chart_streams,74117.0,streams,74117,Spotify regional daily chart (Kworb aggregate),,,0Gl5s8IhMmQE5YQwM8Qx1J,,,https://kworb.net/spotify/country/mt_weekly_totals.html,2026-10-02,"Exact aggregate of streams observed while this recording was inside Spotify's daily Top 200 for Malta, as aggregated by Kworb from Spotify chart data. Streams earned outside the chart are not included. Chart coverage on the source page: 2014-01-12 through 2020-07-02.","{""country_code"":""MT"",""country_name"":""Malta"",""chart_coverage_start"":""2014-01-12"",""chart_coverage_end"":""2020-07-02"",""days_on_chart"":20,""top10_days"":null,""peak_rank"":50,""peak_occurrences"":null,""peak_daily_streams"":5121,""metric_scope"":""country-specific Spotify daily Top 200 chart-attributed streams"",""country_rank"":779}"
780,Shout Out to My Ex,Little Mix,[],,,,[],"[""und""]",,,,,,,spotify_country_chart_streams,73916.0,streams,73916,Spotify regional daily chart (Kworb aggregate),,,0YHUITU3w6ws1v8ehT264g,,,https://kworb.net/spotify/country/mt_weekly_totals.html,2026-10-02,"Exact aggregate of streams observed while this recording was inside Spotify's daily Top 200 for Malta, as aggregated by Kworb from Spotify chart data. Streams earned outside the chart are not included. Chart coverage on the source page: 2014-01-12 through 2020-07-02.","{""country_code"":""MT"",""country_name"":""Malta"",""chart_coverage_start"":""2014-01-12"",""chart_coverage_end"":""2020-07-02"",""days_on_chart"":21,""top10_days"":null,""peak_rank"":14,""peak_occurrences"":null,""peak_daily_streams"":8869,""metric_scope"":""country-specific Spotify daily Top 200 chart-attributed streams"",""country_rank"":780}"
781,OUT WEST,JACKBOYS,[],,,,[],"[""und""]",,,,,,,spotify_country_chart_streams,73902.0,streams,73902,Spotify regional daily chart (Kworb aggregate),,,6gi6y1xwmVszDWkUqab1qw,,,https://kworb.net/spotify/country/mt_weekly_totals.html,2026-10-02,"Exact aggregate of streams observed while this recording was inside Spotify's daily Top 200 for Malta, as aggregated by Kworb from Spotify chart data. Streams earned outside the chart are not included. Chart coverage on the source page: 2014-01-12 through 2020-07-02.","{""country_code"":""MT"",""country_name"":""Malta"",""chart_coverage_start"":""2014-01-12"",""chart_coverage_end"":""2020-07-02"",""days_on_chart"":27,""top10_days"":null,""peak_rank"":43,""peak_occurrences"":null,""peak_daily_streams"":4530,""metric_scope"":""country-specific Spotify daily Top 200 chart-attributed streams"",""country_rank"":781}"
782,Betrayed,Lil Xan,[],,,,[],"[""und""]",,,,,,,spotify_country_chart_streams,73835.0,streams,73835,Spotify regional daily chart (Kworb aggregate),,,6NWl2m8asvH83xjuXVNsuG,,,https://kworb.net/spotify/country/mt_weekly_totals.html,2026-10-02,"Exact aggregate of streams observed while this recording was inside Spotify's daily Top 200 for Malta, as aggregated by Kworb from Spotify chart data. Streams earned outside the chart are not included. Chart coverage on the source page: 2014-01-12 through 2020-07-02.","{""country_code"":""MT"",""country_name"":""Malta"",""chart_coverage_start"":""2014-01-12"",""chart_coverage_end"":""2020-07-02"",""days_on_chart"":21,""top10_days"":null,""peak_rank"":38,""peak_occurrences"":null,""peak_daily_streams"":5985,""metric_scope"":""country-specific Spotify daily Top 200 chart-attributed streams"",""country_rank"":782}"
783,Plug Walk,Rich The Kid,[],,,,[],"[""und""]",,,,,,,spotify_country_chart_streams,73561.0,streams,73561,Spotify regional daily chart (Kworb aggregate),,,6mAz8D1TmlTuef90dbNIiZ,,,https://kworb.net/spotify/country/mt_weekly_totals.html,2026-10-02,"Exact aggregate of streams observed while this recording was inside Spotify's daily Top 200 for Malta, as aggregated by Kworb from Spotify chart data. Streams earned outside the chart are not included. Chart coverage on the source page: 2014-01-12 through 2020-07-02.","{""country_code"":""MT"",""country_name"":""Malta"",""chart_coverage_start"":""2014-01-12"",""chart_coverage_end"":""2020-07-02"",""days_on_chart"":16,""top10_days"":null,""peak_rank"":29,""peak_occurrences"":null,""peak_daily_streams"":6717,""metric_scope"":""country-specific Spotify daily Top 200 chart-attributed streams"",""country_rank"":783}"
784,Bonita,J Balvin,[],,,,[],"[""und""]",,,,,,,spotify_country_chart_streams,73554.0,streams,73554,Spotify regional daily chart (Kworb aggregate),,,693iqPOQvhI7PobtR8CC8v,,,https://kworb.net/spotify/country/mt_weekly_totals.html,2026-10-02,"Exact aggregate of streams observed while this recording was inside Spotify's daily Top 200 for Malta, as aggregated by Kworb from Spotify chart data. Streams earned outside the chart are not included. Chart coverage on the source page: 2014-01-12 through 2020-07-02.","{""country_code"":""MT"",""country_name"":""Malta"",""chart_coverage_start"":""2014-01-12"",""chart_coverage_end"":""2020-07-02"",""days_on_chart"":25,""top10_days"":null,""peak_rank"":61,""peak_occurrences"":null,""peak_daily_streams"":4224,""metric_scope"":""country-specific Spotify daily Top 200 chart-attributed streams"",""country_rank"":784}"
785,in my miNd,Maty Noyes,[],,,,[],"[""und""]",,,,,,,spotify_country_chart_streams,73383.0,streams,73383,Spotify regional daily chart (Kworb aggregate),,,0ckCyt1ghA2YpcLRm1q68s,,,https://kworb.net/spotify/country/mt_weekly_totals.html,2026-10-02,"Exact aggregate of streams observed while this recording was inside Spotify's daily Top 200 for Malta, as aggregated by Kworb from Spotify chart data. Streams earned outside the chart are not included. Chart coverage on the source page: 2014-01-12 through 2020-07-02.","{""country_code"":""MT"",""country_name"":""Malta"",""chart_coverage_start"":""2014-01-12"",""chart_coverage_end"":""2020-07-02"",""days_on_chart"":25,""top10_days"":null,""peak_rank"":39,""peak_occurrences"":null,""peak_daily_streams"":4289,""metric_scope"":""country-specific Spotify daily Top 200 chart-attributed streams"",""country_rank"":785}"
786,Shower,Becky G,[],,,,[],"[""und""]",,,,,,,spotify_country_chart_streams,73310.0,streams,73310,Spotify regional daily chart (Kworb aggregate),,,3DmW6y7wTEYHJZlLo1r6XJ,,,https://kworb.net/spotify/country/mt_weekly_totals.html,2026-10-02,"Exact aggregate of streams observed while this recording was inside Spotify's daily Top 200 for Malta, as aggregated by Kworb from Spotify chart data. Streams earned outside the chart are not included. Chart coverage on the source page: 2014-01-12 through 2020-07-02.","{""country_code"":""MT"",""country_name"":""Malta"",""chart_coverage_start"":""2014-01-12"",""chart_coverage_end"":""2020-07-02"",""days_on_chart"":35,""top10_days"":4,""peak_rank"":5,""peak_occurrences"":null,""peak_daily_streams"":3612,""metric_scope"":""country-specific Spotify daily Top 200 chart-attributed streams"",""country_rank"":786}"
787,Stir Fry,Migos,[],,,,[],"[""und""]",,,,,,,spotify_country_chart_streams,72898.0,streams,72898,Spotify regional daily chart (Kworb aggregate),,,2UVbBKQOdFAekPTRsnkzcf,,,https://kworb.net/spotify/country/mt_weekly_totals.html,2026-10-02,"Exact aggregate of streams observed while this recording was inside Spotify's daily Top 200 for Malta, as aggregated by Kworb from Spotify chart data. Streams earned outside the chart are not included. Chart coverage on the source page: 2014-01-12 through 2020-07-02.","{""country_code"":""MT"",""country_name"":""Malta"",""chart_coverage_start"":""2014-01-12"",""chart_coverage_end"":""2020-07-02"",""days_on_chart"":14,""top10_days"":null,""peak_rank"":21,""peak_occurrences"":null,""peak_daily_streams"":8086,""metric_scope"":""country-specific Spotify daily Top 200 chart-attributed streams"",""country_rank"":787}"
788,"Hey, Soul Sister",Train,[],,,,[],"[""und""]",,,,,,,spotify_country_chart_streams,72893.0,streams,72893,Spotify regional daily chart (Kworb aggregate),,,4HlFJV71xXKIGcU3kRyttv,,,https://kworb.net/spotify/country/mt_weekly_totals.html,2026-10-02,"Exact aggregate of streams observed while this recording was inside Spotify's daily Top 200 for Malta, as aggregated by Kworb from Spotify chart data. Streams earned outside the chart are not included. Chart coverage on the source page: 2014-01-12 through 2020-07-02.","{""country_code"":""MT"",""country_name"":""Malta"",""chart_coverage_start"":""2014-01-12"",""chart_coverage_end"":""2020-07-02"",""days_on_chart"":33,""top10_days"":null,""peak_rank"":127,""peak_occurrences"":null,""peak_daily_streams"":2552,""metric_scope"":""country-specific Spotify daily Top 200 chart-attributed streams"",""country_rank"":788}"
789,Supuestamente,Ozuna,[],,,,[],"[""und""]",,,,,,,spotify_country_chart_streams,72772.0,streams,72772,Spotify regional daily chart (Kworb aggregate),,,1ZBU5DSoYQwaZVgep6pfn2,,,https://kworb.net/spotify/country/mt_weekly_totals.html,2026-10-02,"Exact aggregate of streams observed while this recording was inside Spotify's daily Top 200 for Malta, as aggregated by Kworb from Spotify chart data. Streams earned outside the chart are not included. Chart coverage on the source page: 2014-01-12 through 2020-07-02.","{""country_code"":""MT"",""country_name"":""Malta"",""chart_coverage_start"":""2014-01-12"",""chart_coverage_end"":""2020-07-02"",""days_on_chart"":14,""top10_days"":null,""peak_rank"":29,""peak_occurrences"":null,""peak_daily_streams"":7830,""metric_scope"":""country-specific Spotify daily Top 200 chart-attributed streams"",""country_rank"":789}"
790,Radioactive,Imagine Dragons,[],,,,[],"[""und""]",,,,,,,spotify_country_chart_streams,72631.0,streams,72631,Spotify regional daily chart (Kworb aggregate),,,6Ep6BzIOB9tz3P4sWqiiAB,,,https://kworb.net/spotify/country/mt_weekly_totals.html,2026-10-02,"Exact aggregate of streams observed while this recording was inside Spotify's daily Top 200 for Malta, as aggregated by Kworb from Spotify chart data. Streams earned outside the chart are not included. Chart coverage on the source page: 2014-01-12 through 2020-07-02.","{""country_code"":""MT"",""country_name"":""Malta"",""chart_coverage_start"":""2014-01-12"",""chart_coverage_end"":""2020-07-02"",""days_on_chart"":53,""top10_days"":null,""peak_rank"":19,""peak_occurrences"":null,""peak_daily_streams"":2282,""metric_scope"":""country-specific Spotify daily Top 200 chart-attributed streams"",""country_rank"":790}"
791,What If I Told You That I Love You,Ali Gatie,[],,,,[],"[""und""]",,,,,,,spotify_country_chart_streams,72536.0,streams,72536,Spotify regional daily chart (Kworb aggregate),,,3cqPu20DGTGUoZtbJH2Dmi,,,https://kworb.net/spotify/country/mt_weekly_totals.html,2026-10-02,"Exact aggregate of streams observed while this recording was inside Spotify's daily Top 200 for Malta, as aggregated by Kworb from Spotify chart data. Streams earned outside the chart are not included. Chart coverage on the source page: 2014-01-12 through 2020-07-02.","{""country_code"":""MT"",""country_name"":""Malta"",""chart_coverage_start"":""2014-01-12"",""chart_coverage_end"":""2020-07-02"",""days_on_chart"":15,""top10_days"":null,""peak_rank"":22,""peak_occurrences"":null,""peak_daily_streams"":9470,""metric_scope"":""country-specific Spotify daily Top 200 chart-attributed streams"",""country_rank"":791}"
792,La Rompe Corazones,Daddy Yankee,[],,,,[],"[""und""]",,,,,,,spotify_country_chart_streams,72249.0,streams,72249,Spotify regional daily chart (Kworb aggregate),,,4okba5wu9mMLXx79DXLKi3,,,https://kworb.net/spotify/country/mt_weekly_totals.html,2026-10-02,"Exact aggregate of streams observed while this recording was inside Spotify's daily Top 200 for Malta, as aggregated by Kworb from Spotify chart data. Streams earned outside the chart are not included. Chart coverage on the source page: 2014-01-12 through 2020-07-02.","{""country_code"":""MT"",""country_name"":""Malta"",""chart_coverage_start"":""2014-01-12"",""chart_coverage_end"":""2020-07-02"",""days_on_chart"":26,""top10_days"":null,""peak_rank"":70,""peak_occurrences"":null,""peak_daily_streams"":4227,""metric_scope"":""country-specific Spotify daily Top 200 chart-attributed streams"",""country_rank"":792}"
793,Home,mgk,[],,,,[],"[""und""]",,,,,,,spotify_country_chart_streams,72168.0,streams,72168,Spotify regional daily chart (Kworb aggregate),,,0OI7AFifLSoGzpb8bdBLLV,,,https://kworb.net/spotify/country/mt_weekly_totals.html,2026-10-02,"Exact aggregate of streams observed while this recording was inside Spotify's daily Top 200 for Malta, as aggregated by Kworb from Spotify chart data. Streams earned outside the chart are not included. Chart coverage on the source page: 2014-01-12 through 2020-07-02.","{""country_code"":""MT"",""country_name"":""Malta"",""chart_coverage_start"":""2014-01-12"",""chart_coverage_end"":""2020-07-02"",""days_on_chart"":15,""top10_days"":null,""peak_rank"":24,""peak_occurrences"":null,""peak_daily_streams"":8406,""metric_scope"":""country-specific Spotify daily Top 200 chart-attributed streams"",""country_rank"":793}"
794,Ballin',Mustard,[],,,,[],"[""und""]",,,,,,,spotify_country_chart_streams,71960.0,streams,71960,Spotify regional daily chart (Kworb aggregate),,,3QzAOrNlsabgbMwlZt7TAY,,,https://kworb.net/spotify/country/mt_weekly_totals.html,2026-10-02,"Exact aggregate of streams observed while this recording was inside Spotify's daily Top 200 for Malta, as aggregated by Kworb from Spotify chart data. Streams earned outside the chart are not included. Chart coverage on the source page: 2014-01-12 through 2020-07-02.","{""country_code"":""MT"",""country_name"":""Malta"",""chart_coverage_start"":""2014-01-12"",""chart_coverage_end"":""2020-07-02"",""days_on_chart"":24,""top10_days"":null,""peak_rank"":46,""peak_occurrences"":null,""peak_daily_streams"":5216,""metric_scope"":""country-specific Spotify daily Top 200 chart-attributed streams"",""country_rank"":794}"
795,Tamagotchi,TACONAFIDE,[],,,,[],"[""und""]",,,,,,,spotify_country_chart_streams,71946.0,streams,71946,Spotify regional daily chart (Kworb aggregate),,,6jGFzqqW8VBBf4oLhnP4A6,,,https://kworb.net/spotify/country/mt_weekly_totals.html,2026-10-02,"Exact aggregate of streams observed while this recording was inside Spotify's daily Top 200 for Malta, as aggregated by Kworb from Spotify chart data. Streams earned outside the chart are not included. Chart coverage on the source page: 2014-01-12 through 2020-07-02.","{""country_code"":""MT"",""country_name"":""Malta"",""chart_coverage_start"":""2014-01-12"",""chart_coverage_end"":""2020-07-02"",""days_on_chart"":12,""top10_days"":null,""peak_rank"":15,""peak_occurrences"":null,""peak_daily_streams"":9131,""metric_scope"":""country-specific Spotify daily Top 200 chart-attributed streams"",""country_rank"":795}"
796,A Holly Jolly Christmas - Single Version,Burl Ives,[],,,,[],"[""und""]",,,,,,,spotify_country_chart_streams,71896.0,streams,71896,Spotify regional daily chart (Kworb aggregate),,,77khP2fIVhSW23NwxrRluh,,,https://kworb.net/spotify/country/mt_weekly_totals.html,2026-10-02,"Exact aggregate of streams observed while this recording was inside Spotify's daily Top 200 for Malta, as aggregated by Kworb from Spotify chart data. Streams earned outside the chart are not included. Chart coverage on the source page: 2014-01-12 through 2020-07-02.","{""country_code"":""MT"",""country_name"":""Malta"",""chart_coverage_start"":""2014-01-12"",""chart_coverage_end"":""2020-07-02"",""days_on_chart"":14,""top10_days"":null,""peak_rank"":30,""peak_occurrences"":null,""peak_daily_streams"":9723,""metric_scope"":""country-specific Spotify daily Top 200 chart-attributed streams"",""country_rank"":796}"
797,Castles,Freya Ridings,[],,,,[],"[""und""]",,,,,,,spotify_country_chart_streams,71781.0,streams,71781,Spotify regional daily chart (Kworb aggregate),,,5tZWtGT65sMrDVPB5H444n,,,https://kworb.net/spotify/country/mt_weekly_totals.html,2026-10-02,"Exact aggregate of streams observed while this recording was inside Spotify's daily Top 200 for Malta, as aggregated by Kworb from Spotify chart data. Streams earned outside the chart are not included. Chart coverage on the source page: 2014-01-12 through 2020-07-02.","{""country_code"":""MT"",""country_name"":""Malta"",""chart_coverage_start"":""2014-01-12"",""chart_coverage_end"":""2020-07-02"",""days_on_chart"":25,""top10_days"":null,""peak_rank"":54,""peak_occurrences"":null,""peak_daily_streams"":4120,""metric_scope"":""country-specific Spotify daily Top 200 chart-attributed streams"",""country_rank"":797}"
798,Please Me,Cardi B,[],,,,[],"[""und""]",,,,,,,spotify_country_chart_streams,71684.0,streams,71684,Spotify regional daily chart (Kworb aggregate),,,0PG9fbaaHFHfre2gUVo7AN,,,https://kworb.net/spotify/country/mt_weekly_totals.html,2026-10-02,"Exact aggregate of streams observed while this recording was inside Spotify's daily Top 200 for Malta, as aggregated by Kworb from Spotify chart data. Streams earned outside the chart are not included. Chart coverage on the source page: 2014-01-12 through 2020-07-02.","{""country_code"":""MT"",""country_name"":""Malta"",""chart_coverage_start"":""2014-01-12"",""chart_coverage_end"":""2020-07-02"",""days_on_chart"":14,""top10_days"":null,""peak_rank"":22,""peak_occurrences"":null,""peak_daily_streams"":10057,""metric_scope"":""country-specific Spotify daily Top 200 chart-attributed streams"",""country_rank"":798}"
799,Hurts So Good,Astrid S,[],,,,[],"[""und""]",,,,,,,spotify_country_chart_streams,71676.0,streams,71676,Spotify regional daily chart (Kworb aggregate),,,60lwJa695S26FsYbhCVFVa,,,https://kworb.net/spotify/country/mt_weekly_totals.html,2026-10-02,"Exact aggregate of streams observed while this recording was inside Spotify's daily Top 200 for Malta, as aggregated by Kworb from Spotify chart data. Streams earned outside the chart are not included. Chart coverage on the source page: 2014-01-12 through 2020-07-02.","{""country_code"":""MT"",""country_name"":""Malta"",""chart_coverage_start"":""2014-01-12"",""chart_coverage_end"":""2020-07-02"",""days_on_chart"":23,""top10_days"":null,""peak_rank"":42,""peak_occurrences"":null,""peak_daily_streams"":4352,""metric_scope"":""country-specific Spotify daily Top 200 chart-attributed streams"",""country_rank"":799}"
800,Whippin,Kiiara,[],,,,[],"[""und""]",,,,,,,spotify_country_chart_streams,71591.0,streams,71591,Spotify regional daily chart (Kworb aggregate),,,3QWjljChcOMkRDYSzF33Qr,,,https://kworb.net/spotify/country/mt_weekly_totals.html,2026-10-02,"Exact aggregate of streams observed while this recording was inside Spotify's daily Top 200 for Malta, as aggregated by Kworb from Spotify chart data. Streams earned outside the chart are not included. Chart coverage on the source page: 2014-01-12 through 2020-07-02.","{""country_code"":""MT"",""country_name"":""Malta"",""chart_coverage_start"":""2014-01-12"",""chart_coverage_end"":""2020-07-02"",""days_on_chart"":23,""top10_days"":null,""peak_rank"":46,""peak_occurrences"":null,""peak_daily_streams"":7160,""metric_scope"":""country-specific Spotify daily Top 200 chart-attributed streams"",""country_rank"":800}"
801,Teeth,5 Seconds of Summer,[],,,,[],"[""und""]",,,,,,,spotify_country_chart_streams,71587.0,streams,71587,Spotify regional daily chart (Kworb aggregate),,,26wLOs3ZuHJa2Ihhx6QIE6,,,https://kworb.net/spotify/country/mt_weekly_totals.html,2026-10-02,"Exact aggregate of streams observed while this recording was inside Spotify's daily Top 200 for Malta, as aggregated by Kworb from Spotify chart data. Streams earned outside the chart are not included. Chart coverage on the source page: 2014-01-12 through 2020-07-02.","{""country_code"":""MT"",""country_name"":""Malta"",""chart_coverage_start"":""2014-01-12"",""chart_coverage_end"":""2020-07-02"",""days_on_chart"":14,""top10_days"":null,""peak_rank"":18,""peak_occurrences"":null,""peak_daily_streams"":7235,""metric_scope"":""country-specific Spotify daily Top 200 chart-attributed streams"",""country_rank"":801}"
802,Pump It Up,Endor,[],,,,[],"[""und""]",,,,,,,spotify_country_chart_streams,71539.0,streams,71539,Spotify regional daily chart (Kworb aggregate),,,0GiwV6v3AgJfdu59tj719Y,,,https://kworb.net/spotify/country/mt_weekly_totals.html,2026-10-02,"Exact aggregate of streams observed while this recording was inside Spotify's daily Top 200 for Malta, as aggregated by Kworb from Spotify chart data. Streams earned outside the chart are not included. Chart coverage on the source page: 2014-01-12 through 2020-07-02.","{""country_code"":""MT"",""country_name"":""Malta"",""chart_coverage_start"":""2014-01-12"",""chart_coverage_end"":""2020-07-02"",""days_on_chart"":28,""top10_days"":null,""peak_rank"":83,""peak_occurrences"":null,""peak_daily_streams"":3226,""metric_scope"":""country-specific Spotify daily Top 200 chart-attributed streams"",""country_rank"":802}"
803,Stuck with U,Ariana Grande,[],,,,[],"[""und""]",,,,,,,spotify_country_chart_streams,71504.0,streams,71504,Spotify regional daily chart (Kworb aggregate),,,4HBZA5flZLE435QTztThqH,,,https://kworb.net/spotify/country/mt_weekly_totals.html,2026-10-02,"Exact aggregate of streams observed while this recording was inside Spotify's daily Top 200 for Malta, as aggregated by Kworb from Spotify chart data. Streams earned outside the chart are not included. Chart coverage on the source page: 2014-01-12 through 2020-07-02.","{""country_code"":""MT"",""country_name"":""Malta"",""chart_coverage_start"":""2014-01-12"",""chart_coverage_end"":""2020-07-02"",""days_on_chart"":8,""top10_days"":2,""peak_rank"":7,""peak_occurrences"":null,""peak_daily_streams"":12420,""metric_scope"":""country-specific Spotify daily Top 200 chart-attributed streams"",""country_rank"":803}"
804,Otra vez,Zion & Lennox,[],,,,[],"[""und""]",,,,,,,spotify_country_chart_streams,71206.0,streams,71206,Spotify regional daily chart (Kworb aggregate),,,3QwBODjSEzelZyVjxPOHdq,,,https://kworb.net/spotify/country/mt_weekly_totals.html,2026-10-02,"Exact aggregate of streams observed while this recording was inside Spotify's daily Top 200 for Malta, as aggregated by Kworb from Spotify chart data. Streams earned outside the chart are not included. Chart coverage on the source page: 2014-01-12 through 2020-07-02.","{""country_code"":""MT"",""country_name"":""Malta"",""chart_coverage_start"":""2014-01-12"",""chart_coverage_end"":""2020-07-02"",""days_on_chart"":28,""top10_days"":null,""peak_rank"":70,""peak_occurrences"":null,""peak_daily_streams"":4069,""metric_scope"":""country-specific Spotify daily Top 200 chart-attributed streams"",""country_rank"":804}"
805,Brindemos,Anuel AA,[],,,,[],"[""und""]",,,,,,,spotify_country_chart_streams,71153.0,streams,71153,Spotify regional daily chart (Kworb aggregate),,,7LeQ55Z5jPBB0ggYJtAiYO,,,https://kworb.net/spotify/country/mt_weekly_totals.html,2026-10-02,"Exact aggregate of streams observed while this recording was inside Spotify's daily Top 200 for Malta, as aggregated by Kworb from Spotify chart data. Streams earned outside the chart are not included. Chart coverage on the source page: 2014-01-12 through 2020-07-02.","{""country_code"":""MT"",""country_name"":""Malta"",""chart_coverage_start"":""2014-01-12"",""chart_coverage_end"":""2020-07-02"",""days_on_chart"":16,""top10_days"":null,""peak_rank"":58,""peak_occurrences"":null,""peak_daily_streams"":5256,""metric_scope"":""country-specific Spotify daily Top 200 chart-attributed streams"",""country_rank"":805}"
806,Obsession,Vice,[],,,,[],"[""und""]",,,,,,,spotify_country_chart_streams,70782.0,streams,70782,Spotify regional daily chart (Kworb aggregate),,,542Xd5qDeLBvgXZXhfW7LE,,,https://kworb.net/spotify/country/mt_weekly_totals.html,2026-10-02,"Exact aggregate of streams observed while this recording was inside Spotify's daily Top 200 for Malta, as aggregated by Kworb from Spotify chart data. Streams earned outside the chart are not included. Chart coverage on the source page: 2014-01-12 through 2020-07-02.","{""country_code"":""MT"",""country_name"":""Malta"",""chart_coverage_start"":""2014-01-12"",""chart_coverage_end"":""2020-07-02"",""days_on_chart"":20,""top10_days"":null,""peak_rank"":37,""peak_occurrences"":null,""peak_daily_streams"":6942,""metric_scope"":""country-specific Spotify daily Top 200 chart-attributed streams"",""country_rank"":806}"
807,Party Monster,The Weeknd,[],,,,[],"[""und""]",,,,,,,spotify_country_chart_streams,70710.0,streams,70710,Spotify regional daily chart (Kworb aggregate),,,4F7A0DXBrmUAkp32uenhZt,,,https://kworb.net/spotify/country/mt_weekly_totals.html,2026-10-02,"Exact aggregate of streams observed while this recording was inside Spotify's daily Top 200 for Malta, as aggregated by Kworb from Spotify chart data. Streams earned outside the chart are not included. Chart coverage on the source page: 2014-01-12 through 2020-07-02.","{""country_code"":""MT"",""country_name"":""Malta"",""chart_coverage_start"":""2014-01-12"",""chart_coverage_end"":""2020-07-02"",""days_on_chart"":19,""top10_days"":1,""peak_rank"":8,""peak_occurrences"":null,""peak_daily_streams"":10183,""metric_scope"":""country-specific Spotify daily Top 200 chart-attributed streams"",""country_rank"":807}"
808,Santa Claus Is Coming to Town,Michael Bublé,[],,,,[],"[""und""]",,,,,,,spotify_country_chart_streams,70610.0,streams,70610,Spotify regional daily chart (Kworb aggregate),,,5Ber68jZ7ytegr2UISEdb7,,,https://kworb.net/spotify/country/mt_weekly_totals.html,2026-10-02,"Exact aggregate of streams observed while this recording was inside Spotify's daily Top 200 for Malta, as aggregated by Kworb from Spotify chart data. Streams earned outside the chart are not included. Chart coverage on the source page: 2014-01-12 through 2020-07-02.","{""country_code"":""MT"",""country_name"":""Malta"",""chart_coverage_start"":""2014-01-12"",""chart_coverage_end"":""2020-07-02"",""days_on_chart"":20,""top10_days"":null,""peak_rank"":28,""peak_occurrences"":null,""peak_daily_streams"":9868,""metric_scope"":""country-specific Spotify daily Top 200 chart-attributed streams"",""country_rank"":808}"
809,Setting Fires,The Chainsmokers,[],,,,[],"[""und""]",,,,,,,spotify_country_chart_streams,70044.0,streams,70044,Spotify regional daily chart (Kworb aggregate),,,0B8B8cVRFIG1yznoQe7c9s,,,https://kworb.net/spotify/country/mt_weekly_totals.html,2026-10-02,"Exact aggregate of streams observed while this recording was inside Spotify's daily Top 200 for Malta, as aggregated by Kworb from Spotify chart data. Streams earned outside the chart are not included. Chart coverage on the source page: 2014-01-12 through 2020-07-02.","{""country_code"":""MT"",""country_name"":""Malta"",""chart_coverage_start"":""2014-01-12"",""chart_coverage_end"":""2020-07-02"",""days_on_chart"":17,""top10_days"":null,""peak_rank"":21,""peak_occurrences"":null,""peak_daily_streams"":6295,""metric_scope"":""country-specific Spotify daily Top 200 chart-attributed streams"",""country_rank"":809}"
810,Blue Christmas,Elvis Presley,[],,,,[],"[""und""]",,,,,,,spotify_country_chart_streams,69909.0,streams,69909,Spotify regional daily chart (Kworb aggregate),,,3QiAAp20rPC3dcAtKtMaqQ,,,https://kworb.net/spotify/country/mt_weekly_totals.html,2026-10-02,"Exact aggregate of streams observed while this recording was inside Spotify's daily Top 200 for Malta, as aggregated by Kworb from Spotify chart data. Streams earned outside the chart are not included. Chart coverage on the source page: 2014-01-12 through 2020-07-02.","{""country_code"":""MT"",""country_name"":""Malta"",""chart_coverage_start"":""2014-01-12"",""chart_coverage_end"":""2020-07-02"",""days_on_chart"":19,""top10_days"":null,""peak_rank"":44,""peak_occurrences"":null,""peak_daily_streams"":8074,""metric_scope"":""country-specific Spotify daily Top 200 chart-attributed streams"",""country_rank"":810}"
811,Hey DJ,CNCO,[],,,,[],"[""und""]",,,,,,,spotify_country_chart_streams,69861.0,streams,69861,Spotify regional daily chart (Kworb aggregate),,,209gZgcfLq2aUuu51vOWBl,,,https://kworb.net/spotify/country/mt_weekly_totals.html,2026-10-02,"Exact aggregate of streams observed while this recording was inside Spotify's daily Top 200 for Malta, as aggregated by Kworb from Spotify chart data. Streams earned outside the chart are not included. Chart coverage on the source page: 2014-01-12 through 2020-07-02.","{""country_code"":""MT"",""country_name"":""Malta"",""chart_coverage_start"":""2014-01-12"",""chart_coverage_end"":""2020-07-02"",""days_on_chart"":26,""top10_days"":null,""peak_rank"":77,""peak_occurrences"":null,""peak_daily_streams"":4201,""metric_scope"":""country-specific Spotify daily Top 200 chart-attributed streams"",""country_rank"":811}"
812,Ghost Town,Adam Lambert,[],,,,[],"[""und""]",,,,,,,spotify_country_chart_streams,69804.0,streams,69804,Spotify regional daily chart (Kworb aggregate),,,44aN5xKL3kGHvQ5bXVk6B8,,,https://kworb.net/spotify/country/mt_weekly_totals.html,2026-10-02,"Exact aggregate of streams observed while this recording was inside Spotify's daily Top 200 for Malta, as aggregated by Kworb from Spotify chart data. Streams earned outside the chart are not included. Chart coverage on the source page: 2014-01-12 through 2020-07-02.","{""country_code"":""MT"",""country_name"":""Malta"",""chart_coverage_start"":""2014-01-12"",""chart_coverage_end"":""2020-07-02"",""days_on_chart"":30,""top10_days"":null,""peak_rank"":17,""peak_occurrences"":null,""peak_daily_streams"":4769,""metric_scope"":""country-specific Spotify daily Top 200 chart-attributed streams"",""country_rank"":812}"
813,Boy With Luv,BTS,[],,,,[],"[""und""]",,,,,,,spotify_country_chart_streams,69798.0,streams,69798,Spotify regional daily chart (Kworb aggregate),,,5KawlOMHjWeUjQtnuRs22c,,,https://kworb.net/spotify/country/mt_weekly_totals.html,2026-10-02,"Exact aggregate of streams observed while this recording was inside Spotify's daily Top 200 for Malta, as aggregated by Kworb from Spotify chart data. Streams earned outside the chart are not included. Chart coverage on the source page: 2014-01-12 through 2020-07-02.","{""country_code"":""MT"",""country_name"":""Malta"",""chart_coverage_start"":""2014-01-12"",""chart_coverage_end"":""2020-07-02"",""days_on_chart"":17,""top10_days"":null,""peak_rank"":11,""peak_occurrences"":null,""peak_daily_streams"":10451,""metric_scope"":""country-specific Spotify daily Top 200 chart-attributed streams"",""country_rank"":813}"
814,Go Flex,Post Malone,[],,,,[],"[""und""]",,,,,,,spotify_country_chart_streams,69689.0,streams,69689,Spotify regional daily chart (Kworb aggregate),,,5yuShbu70mtHXY0yLzCQLQ,,,https://kworb.net/spotify/country/mt_weekly_totals.html,2026-10-02,"Exact aggregate of streams observed while this recording was inside Spotify's daily Top 200 for Malta, as aggregated by Kworb from Spotify chart data. Streams earned outside the chart are not included. Chart coverage on the source page: 2014-01-12 through 2020-07-02.","{""country_code"":""MT"",""country_name"":""Malta"",""chart_coverage_start"":""2014-01-12"",""chart_coverage_end"":""2020-07-02"",""days_on_chart"":26,""top10_days"":null,""peak_rank"":45,""peak_occurrences"":null,""peak_daily_streams"":5352,""metric_scope"":""country-specific Spotify daily Top 200 chart-attributed streams"",""country_rank"":814}"
815,A Different Way,DJ Snake,[],,,,[],"[""und""]",,,,,,,spotify_country_chart_streams,69620.0,streams,69620,Spotify regional daily chart (Kworb aggregate),,,0Wv5wuenRLI3BcwgT3HPIP,,,https://kworb.net/spotify/country/mt_weekly_totals.html,2026-10-02,"Exact aggregate of streams observed while this recording was inside Spotify's daily Top 200 for Malta, as aggregated by Kworb from Spotify chart data. Streams earned outside the chart are not included. Chart coverage on the source page: 2014-01-12 through 2020-07-02.","{""country_code"":""MT"",""country_name"":""Malta"",""chart_coverage_start"":""2014-01-12"",""chart_coverage_end"":""2020-07-02"",""days_on_chart"":18,""top10_days"":null,""peak_rank"":38,""peak_occurrences"":null,""peak_daily_streams"":5922,""metric_scope"":""country-specific Spotify daily Top 200 chart-attributed streams"",""country_rank"":815}"
816,Amorfoda,Bad Bunny,[],,,,[],"[""und""]",,,,,,,spotify_country_chart_streams,69576.0,streams,69576,Spotify regional daily chart (Kworb aggregate),,,3ITvHA9zhZZdBJsOsAUegF,,,https://kworb.net/spotify/country/mt_weekly_totals.html,2026-10-02,"Exact aggregate of streams observed while this recording was inside Spotify's daily Top 200 for Malta, as aggregated by Kworb from Spotify chart data. Streams earned outside the chart are not included. Chart coverage on the source page: 2014-01-12 through 2020-07-02.","{""country_code"":""MT"",""country_name"":""Malta"",""chart_coverage_start"":""2014-01-12"",""chart_coverage_end"":""2020-07-02"",""days_on_chart"":17,""top10_days"":null,""peak_rank"":39,""peak_occurrences"":null,""peak_daily_streams"":5747,""metric_scope"":""country-specific Spotify daily Top 200 chart-attributed streams"",""country_rank"":816}"
817,Be Kind,Marshmello,[],,,,[],"[""und""]",,,,,,,spotify_country_chart_streams,69520.0,streams,69520,Spotify regional daily chart (Kworb aggregate),,,3Z8FwOEN59mRMxDCtb8N0A,,,https://kworb.net/spotify/country/mt_weekly_totals.html,2026-10-02,"Exact aggregate of streams observed while this recording was inside Spotify's daily Top 200 for Malta, as aggregated by Kworb from Spotify chart data. Streams earned outside the chart are not included. Chart coverage on the source page: 2014-01-12 through 2020-07-02.","{""country_code"":""MT"",""country_name"":""Malta"",""chart_coverage_start"":""2014-01-12"",""chart_coverage_end"":""2020-07-02"",""days_on_chart"":9,""top10_days"":null,""peak_rank"":17,""peak_occurrences"":null,""peak_daily_streams"":8848,""metric_scope"":""country-specific Spotify daily Top 200 chart-attributed streams"",""country_rank"":817}"
818,Aloha,Møme,[],,,,[],"[""und""]",,,,,,,spotify_country_chart_streams,69511.0,streams,69511,Spotify regional daily chart (Kworb aggregate),,,2UMZjhZWNxZezcZiZvyvsZ,,,https://kworb.net/spotify/country/mt_weekly_totals.html,2026-10-02,"Exact aggregate of streams observed while this recording was inside Spotify's daily Top 200 for Malta, as aggregated by Kworb from Spotify chart data. Streams earned outside the chart are not included. Chart coverage on the source page: 2014-01-12 through 2020-07-02.","{""country_code"":""MT"",""country_name"":""Malta"",""chart_coverage_start"":""2014-01-12"",""chart_coverage_end"":""2020-07-02"",""days_on_chart"":33,""top10_days"":null,""peak_rank"":56,""peak_occurrences"":null,""peak_daily_streams"":2988,""metric_scope"":""country-specific Spotify daily Top 200 chart-attributed streams"",""country_rank"":818}"
819,Down Like That,KSI,[],,,,[],"[""und""]",,,,,,,spotify_country_chart_streams,69501.0,streams,69501,Spotify regional daily chart (Kworb aggregate),,,4etKC4ngPKsQDHUMnYgV3A,,,https://kworb.net/spotify/country/mt_weekly_totals.html,2026-10-02,"Exact aggregate of streams observed while this recording was inside Spotify's daily Top 200 for Malta, as aggregated by Kworb from Spotify chart data. Streams earned outside the chart are not included. Chart coverage on the source page: 2014-01-12 through 2020-07-02.","{""country_code"":""MT"",""country_name"":""Malta"",""chart_coverage_start"":""2014-01-12"",""chart_coverage_end"":""2020-07-02"",""days_on_chart"":16,""top10_days"":null,""peak_rank"":23,""peak_occurrences"":null,""peak_daily_streams"":8011,""metric_scope"":""country-specific Spotify daily Top 200 chart-attributed streams"",""country_rank"":819}"
820,Lonely,Diplo,[],,,,[],"[""und""]",,,,,,,spotify_country_chart_streams,69386.0,streams,69386,Spotify regional daily chart (Kworb aggregate),,,4fwo6czG5nvOQMzhOto1ya,,,https://kworb.net/spotify/country/mt_weekly_totals.html,2026-10-02,"Exact aggregate of streams observed while this recording was inside Spotify's daily Top 200 for Malta, as aggregated by Kworb from Spotify chart data. Streams earned outside the chart are not included. Chart coverage on the source page: 2014-01-12 through 2020-07-02.","{""country_code"":""MT"",""country_name"":""Malta"",""chart_coverage_start"":""2014-01-12"",""chart_coverage_end"":""2020-07-02"",""days_on_chart"":23,""top10_days"":null,""peak_rank"":42,""peak_occurrences"":null,""peak_daily_streams"":5442,""metric_scope"":""country-specific Spotify daily Top 200 chart-attributed streams"",""country_rank"":820}"
821,Me Dijeron,Ozuna,[],,,,[],"[""und""]",,,,,,,spotify_country_chart_streams,69051.0,streams,69051,Spotify regional daily chart (Kworb aggregate),,,17UUYZ290omPaJY4wKeyHh,,,https://kworb.net/spotify/country/mt_weekly_totals.html,2026-10-02,"Exact aggregate of streams observed while this recording was inside Spotify's daily Top 200 for Malta, as aggregated by Kworb from Spotify chart data. Streams earned outside the chart are not included. Chart coverage on the source page: 2014-01-12 through 2020-07-02.","{""country_code"":""MT"",""country_name"":""Malta"",""chart_coverage_start"":""2014-01-12"",""chart_coverage_end"":""2020-07-02"",""days_on_chart"":14,""top10_days"":null,""peak_rank"":53,""peak_occurrences"":null,""peak_daily_streams"":6008,""metric_scope"":""country-specific Spotify daily Top 200 chart-attributed streams"",""country_rank"":821}"
822,Ta To Gucci (Remix),Cauty,[],,,,[],"[""und""]",,,,,,,spotify_country_chart_streams,68963.0,streams,68963,Spotify regional daily chart (Kworb aggregate),,,7kuRvjpeUcn6qNV9IBXC2C,,,https://kworb.net/spotify/country/mt_weekly_totals.html,2026-10-02,"Exact aggregate of streams observed while this recording was inside Spotify's daily Top 200 for Malta, as aggregated by Kworb from Spotify chart data. Streams earned outside the chart are not included. Chart coverage on the source page: 2014-01-12 through 2020-07-02.","{""country_code"":""MT"",""country_name"":""Malta"",""chart_coverage_start"":""2014-01-12"",""chart_coverage_end"":""2020-07-02"",""days_on_chart"":15,""top10_days"":null,""peak_rank"":50,""peak_occurrences"":null,""peak_daily_streams"":6159,""metric_scope"":""country-specific Spotify daily Top 200 chart-attributed streams"",""country_rank"":822}"
823,Mayores,Becky G,[],,,,[],"[""und""]",,,,,,,spotify_country_chart_streams,68945.0,streams,68945,Spotify regional daily chart (Kworb aggregate),,,7JNh1cfm0eXjqFVOzKLyau,,,https://kworb.net/spotify/country/mt_weekly_totals.html,2026-10-02,"Exact aggregate of streams observed while this recording was inside Spotify's daily Top 200 for Malta, as aggregated by Kworb from Spotify chart data. Streams earned outside the chart are not included. Chart coverage on the source page: 2014-01-12 through 2020-07-02.","{""country_code"":""MT"",""country_name"":""Malta"",""chart_coverage_start"":""2014-01-12"",""chart_coverage_end"":""2020-07-02"",""days_on_chart"":25,""top10_days"":null,""peak_rank"":64,""peak_occurrences"":null,""peak_daily_streams"":3624,""metric_scope"":""country-specific Spotify daily Top 200 chart-attributed streams"",""country_rank"":823}"
824,Easy Love,Sigala,[],,,,[],"[""und""]",,,,,,,spotify_country_chart_streams,68933.0,streams,68933,Spotify regional daily chart (Kworb aggregate),,,5MMp4HNtX6T2xT9w6Xmaxn,,,https://kworb.net/spotify/country/mt_weekly_totals.html,2026-10-02,"Exact aggregate of streams observed while this recording was inside Spotify's daily Top 200 for Malta, as aggregated by Kworb from Spotify chart data. Streams earned outside the chart are not included. Chart coverage on the source page: 2014-01-12 through 2020-07-02.","{""country_code"":""MT"",""country_name"":""Malta"",""chart_coverage_start"":""2014-01-12"",""chart_coverage_end"":""2020-07-02"",""days_on_chart"":27,""top10_days"":null,""peak_rank"":16,""peak_occurrences"":null,""peak_daily_streams"":5213,""metric_scope"":""country-specific Spotify daily Top 200 chart-attributed streams"",""country_rank"":824}"
825,Kings & Queens,Ava Max,[],,,,[],"[""und""]",,,,,,,spotify_country_chart_streams,68926.0,streams,68926,Spotify regional daily chart (Kworb aggregate),,,76nqCfJOcFFWBJN32PAksn,,,https://kworb.net/spotify/country/mt_weekly_totals.html,2026-10-02,"Exact aggregate of streams observed while this recording was inside Spotify's daily Top 200 for Malta, as aggregated by Kworb from Spotify chart data. Streams earned outside the chart are not included. Chart coverage on the source page: 2014-01-12 through 2020-07-02.","{""country_code"":""MT"",""country_name"":""Malta"",""chart_coverage_start"":""2014-01-12"",""chart_coverage_end"":""2020-07-02"",""days_on_chart"":16,""top10_days"":null,""peak_rank"":14,""peak_occurrences"":null,""peak_daily_streams"":8788,""metric_scope"":""country-specific Spotify daily Top 200 chart-attributed streams"",""country_rank"":825}"
826,The Christmas Song (Merry Christmas To You),Nat King Cole,[],,,,[],"[""und""]",,,,,,,spotify_country_chart_streams,68813.0,streams,68813,Spotify regional daily chart (Kworb aggregate),,,4PS1e8f2LvuTFgUs1Cn3ON,,,https://kworb.net/spotify/country/mt_weekly_totals.html,2026-10-02,"Exact aggregate of streams observed while this recording was inside Spotify's daily Top 200 for Malta, as aggregated by Kworb from Spotify chart data. Streams earned outside the chart are not included. Chart coverage on the source page: 2014-01-12 through 2020-07-02.","{""country_code"":""MT"",""country_name"":""Malta"",""chart_coverage_start"":""2014-01-12"",""chart_coverage_end"":""2020-07-02"",""days_on_chart"":13,""top10_days"":null,""peak_rank"":33,""peak_occurrences"":null,""peak_daily_streams"":9632,""metric_scope"":""country-specific Spotify daily Top 200 chart-attributed streams"",""country_rank"":826}"
827,Chica Paranormal,Paulo Londra,[],,,,[],"[""und""]",,,,,,,spotify_country_chart_streams,68583.0,streams,68583,Spotify regional daily chart (Kworb aggregate),,,2r77vqSZkOktTSgmAOoHsV,,,https://kworb.net/spotify/country/mt_weekly_totals.html,2026-10-02,"Exact aggregate of streams observed while this recording was inside Spotify's daily Top 200 for Malta, as aggregated by Kworb from Spotify chart data. Streams earned outside the chart are not included. Chart coverage on the source page: 2014-01-12 through 2020-07-02.","{""country_code"":""MT"",""country_name"":""Malta"",""chart_coverage_start"":""2014-01-12"",""chart_coverage_end"":""2020-07-02"",""days_on_chart"":18,""top10_days"":null,""peak_rank"":79,""peak_occurrences"":null,""peak_daily_streams"":4713,""metric_scope"":""country-specific Spotify daily Top 200 chart-attributed streams"",""country_rank"":827}"
828,Lost Boy,Ruth B.,[],,,,[],"[""und""]",,,,,,,spotify_country_chart_streams,68553.0,streams,68553,Spotify regional daily chart (Kworb aggregate),,,4h0zU3O9R5xzuTmNO7dNDU,,,https://kworb.net/spotify/country/mt_weekly_totals.html,2026-10-02,"Exact aggregate of streams observed while this recording was inside Spotify's daily Top 200 for Malta, as aggregated by Kworb from Spotify chart data. Streams earned outside the chart are not included. Chart coverage on the source page: 2014-01-12 through 2020-07-02.","{""country_code"":""MT"",""country_name"":""Malta"",""chart_coverage_start"":""2014-01-12"",""chart_coverage_end"":""2020-07-02"",""days_on_chart"":50,""top10_days"":null,""peak_rank"":90,""peak_occurrences"":null,""peak_daily_streams"":1867,""metric_scope"":""country-specific Spotify daily Top 200 chart-attributed streams"",""country_rank"":828}"
829,Tenerife Sea,Ed Sheeran,[],,,,[],"[""und""]",,,,,,,spotify_country_chart_streams,68516.0,streams,68516,Spotify regional daily chart (Kworb aggregate),,,1HbcclMpw0q2WDWpdGCKdS,,,https://kworb.net/spotify/country/mt_weekly_totals.html,2026-10-02,"Exact aggregate of streams observed while this recording was inside Spotify's daily Top 200 for Malta, as aggregated by Kworb from Spotify chart data. Streams earned outside the chart are not included. Chart coverage on the source page: 2014-01-12 through 2020-07-02.","{""country_code"":""MT"",""country_name"":""Malta"",""chart_coverage_start"":""2014-01-12"",""chart_coverage_end"":""2020-07-02"",""days_on_chart"":46,""top10_days"":null,""peak_rank"":50,""peak_occurrences"":null,""peak_daily_streams"":2428,""metric_scope"":""country-specific Spotify daily Top 200 chart-attributed streams"",""country_rank"":829}"
830,Savage Remix,Megan Thee Stallion,[],,,,[],"[""und""]",,,,,,,spotify_country_chart_streams,68358.0,streams,68358,Spotify regional daily chart (Kworb aggregate),,,5v4GgrXPMghOnBBLmveLac,,,https://kworb.net/spotify/country/mt_weekly_totals.html,2026-10-02,"Exact aggregate of streams observed while this recording was inside Spotify's daily Top 200 for Malta, as aggregated by Kworb from Spotify chart data. Streams earned outside the chart are not included. Chart coverage on the source page: 2014-01-12 through 2020-07-02.","{""country_code"":""MT"",""country_name"":""Malta"",""chart_coverage_start"":""2014-01-12"",""chart_coverage_end"":""2020-07-02"",""days_on_chart"":9,""top10_days"":null,""peak_rank"":16,""peak_occurrences"":null,""peak_daily_streams"":8597,""metric_scope"":""country-specific Spotify daily Top 200 chart-attributed streams"",""country_rank"":830}"
831,Zum Zum,Daddy Yankee,[],,,,[],"[""und""]",,,,,,,spotify_country_chart_streams,68350.0,streams,68350,Spotify regional daily chart (Kworb aggregate),,,7lEhOiFtcLXY4P7cuTKuQ8,,,https://kworb.net/spotify/country/mt_weekly_totals.html,2026-10-02,"Exact aggregate of streams observed while this recording was inside Spotify's daily Top 200 for Malta, as aggregated by Kworb from Spotify chart data. Streams earned outside the chart are not included. Chart coverage on the source page: 2014-01-12 through 2020-07-02.","{""country_code"":""MT"",""country_name"":""Malta"",""chart_coverage_start"":""2014-01-12"",""chart_coverage_end"":""2020-07-02"",""days_on_chart"":20,""top10_days"":null,""peak_rank"":85,""peak_occurrences"":null,""peak_daily_streams"":4062,""metric_scope"":""country-specific Spotify daily Top 200 chart-attributed streams"",""country_rank"":831}"
832,Ciao Adios,Anne-Marie,[],,,,[],"[""und""]",,,,,,,spotify_country_chart_streams,68251.0,streams,68251,Spotify regional daily chart (Kworb aggregate),,,3EfugazgSddQvzZpkof5I4,,,https://kworb.net/spotify/country/mt_weekly_totals.html,2026-10-02,"Exact aggregate of streams observed while this recording was inside Spotify's daily Top 200 for Malta, as aggregated by Kworb from Spotify chart data. Streams earned outside the chart are not included. Chart coverage on the source page: 2014-01-12 through 2020-07-02.","{""country_code"":""MT"",""country_name"":""Malta"",""chart_coverage_start"":""2014-01-12"",""chart_coverage_end"":""2020-07-02"",""days_on_chart"":22,""top10_days"":null,""peak_rank"":62,""peak_occurrences"":null,""peak_daily_streams"":4300,""metric_scope"":""country-specific Spotify daily Top 200 chart-attributed streams"",""country_rank"":832}"
833,Questions,Chris Brown,[],,,,[],"[""und""]",,,,,,,spotify_country_chart_streams,68243.0,streams,68243,Spotify regional daily chart (Kworb aggregate),,,5XQMr19TL7Mfksq9zihbOu,,,https://kworb.net/spotify/country/mt_weekly_totals.html,2026-10-02,"Exact aggregate of streams observed while this recording was inside Spotify's daily Top 200 for Malta, as aggregated by Kworb from Spotify chart data. Streams earned outside the chart are not included. Chart coverage on the source page: 2014-01-12 through 2020-07-02.","{""country_code"":""MT"",""country_name"":""Malta"",""chart_coverage_start"":""2014-01-12"",""chart_coverage_end"":""2020-07-02"",""days_on_chart"":16,""top10_days"":null,""peak_rank"":39,""peak_occurrences"":null,""peak_daily_streams"":5859,""metric_scope"":""country-specific Spotify daily Top 200 chart-attributed streams"",""country_rank"":833}"
834,Pieces,AVAION,[],,,,[],"[""und""]",,,,,,,spotify_country_chart_streams,68145.0,streams,68145,Spotify regional daily chart (Kworb aggregate),,,5H95n43z0KFcXGCEc0ewe1,,,https://kworb.net/spotify/country/mt_weekly_totals.html,2026-10-02,"Exact aggregate of streams observed while this recording was inside Spotify's daily Top 200 for Malta, as aggregated by Kworb from Spotify chart data. Streams earned outside the chart are not included. Chart coverage on the source page: 2014-01-12 through 2020-07-02.","{""country_code"":""MT"",""country_name"":""Malta"",""chart_coverage_start"":""2014-01-12"",""chart_coverage_end"":""2020-07-02"",""days_on_chart"":9,""top10_days"":1,""peak_rank"":8,""peak_occurrences"":null,""peak_daily_streams"":10260,""metric_scope"":""country-specific Spotify daily Top 200 chart-attributed streams"",""country_rank"":834}"
835,Devil Eyes,Hippie Sabotage,[],,,,[],"[""und""]",,,,,,,spotify_country_chart_streams,68025.0,streams,68025,Spotify regional daily chart (Kworb aggregate),,,7MiZjKawmXTsTNePyTfPyL,,,https://kworb.net/spotify/country/mt_weekly_totals.html,2026-10-02,"Exact aggregate of streams observed while this recording was inside Spotify's daily Top 200 for Malta, as aggregated by Kworb from Spotify chart data. Streams earned outside the chart are not included. Chart coverage on the source page: 2014-01-12 through 2020-07-02.","{""country_code"":""MT"",""country_name"":""Malta"",""chart_coverage_start"":""2014-01-12"",""chart_coverage_end"":""2020-07-02"",""days_on_chart"":24,""top10_days"":null,""peak_rank"":50,""peak_occurrences"":null,""peak_daily_streams"":4904,""metric_scope"":""country-specific Spotify daily Top 200 chart-attributed streams"",""country_rank"":835}"
836,Dive,Ed Sheeran,[],,,,[],"[""und""]",,,,,,,spotify_country_chart_streams,67820.0,streams,67820,Spotify regional daily chart (Kworb aggregate),,,51ChrwmUPDJvedPQnIU8Ls,,,https://kworb.net/spotify/country/mt_weekly_totals.html,2026-10-02,"Exact aggregate of streams observed while this recording was inside Spotify's daily Top 200 for Malta, as aggregated by Kworb from Spotify chart data. Streams earned outside the chart are not included. Chart coverage on the source page: 2014-01-12 through 2020-07-02.","{""country_code"":""MT"",""country_name"":""Malta"",""chart_coverage_start"":""2014-01-12"",""chart_coverage_end"":""2020-07-02"",""days_on_chart"":18,""top10_days"":null,""peak_rank"":17,""peak_occurrences"":null,""peak_daily_streams"":11576,""metric_scope"":""country-specific Spotify daily Top 200 chart-attributed streams"",""country_rank"":836}"
837,Would You Ever,Skrillex,[],,,,[],"[""und""]",,,,,,,spotify_country_chart_streams,67646.0,streams,67646,Spotify regional daily chart (Kworb aggregate),,,57p8CBvPOxrvyCbn6ttl5r,,,https://kworb.net/spotify/country/mt_weekly_totals.html,2026-10-02,"Exact aggregate of streams observed while this recording was inside Spotify's daily Top 200 for Malta, as aggregated by Kworb from Spotify chart data. Streams earned outside the chart are not included. Chart coverage on the source page: 2014-01-12 through 2020-07-02.","{""country_code"":""MT"",""country_name"":""Malta"",""chart_coverage_start"":""2014-01-12"",""chart_coverage_end"":""2020-07-02"",""days_on_chart"":17,""top10_days"":null,""peak_rank"":30,""peak_occurrences"":null,""peak_daily_streams"":7557,""metric_scope"":""country-specific Spotify daily Top 200 chart-attributed streams"",""country_rank"":837}"
838,My Only Wish (This Year),Britney Spears,[],,,,[],"[""und""]",,,,,,,spotify_country_chart_streams,67573.0,streams,67573,Spotify regional daily chart (Kworb aggregate),,,0YWUHZPJVg4iujddsJDwhM,,,https://kworb.net/spotify/country/mt_weekly_totals.html,2026-10-02,"Exact aggregate of streams observed while this recording was inside Spotify's daily Top 200 for Malta, as aggregated by Kworb from Spotify chart data. Streams earned outside the chart are not included. Chart coverage on the source page: 2014-01-12 through 2020-07-02.","{""country_code"":""MT"",""country_name"":""Malta"",""chart_coverage_start"":""2014-01-12"",""chart_coverage_end"":""2020-07-02"",""days_on_chart"":21,""top10_days"":null,""peak_rank"":50,""peak_occurrences"":null,""peak_daily_streams"":7324,""metric_scope"":""country-specific Spotify daily Top 200 chart-attributed streams"",""country_rank"":838}"
839,Vente Pa' Ca,Ricky Martin,[],,,,[],"[""und""]",,,,,,,spotify_country_chart_streams,67552.0,streams,67552,Spotify regional daily chart (Kworb aggregate),,,7DM4BPaS7uofFul3ywMe46,,,https://kworb.net/spotify/country/mt_weekly_totals.html,2026-10-02,"Exact aggregate of streams observed while this recording was inside Spotify's daily Top 200 for Malta, as aggregated by Kworb from Spotify chart data. Streams earned outside the chart are not included. Chart coverage on the source page: 2014-01-12 through 2020-07-02.","{""country_code"":""MT"",""country_name"":""Malta"",""chart_coverage_start"":""2014-01-12"",""chart_coverage_end"":""2020-07-02"",""days_on_chart"":29,""top10_days"":null,""peak_rank"":97,""peak_occurrences"":null,""peak_daily_streams"":3433,""metric_scope"":""country-specific Spotify daily Top 200 chart-attributed streams"",""country_rank"":839}"
840,Hollow,Tori Kelly,[],,,,[],"[""und""]",,,,,,,spotify_country_chart_streams,67544.0,streams,67544,Spotify regional daily chart (Kworb aggregate),,,160hN2OsDXnmgExwtG7cvD,,,https://kworb.net/spotify/country/mt_weekly_totals.html,2026-10-02,"Exact aggregate of streams observed while this recording was inside Spotify's daily Top 200 for Malta, as aggregated by Kworb from Spotify chart data. Streams earned outside the chart are not included. Chart coverage on the source page: 2014-01-12 through 2020-07-02.","{""country_code"":""MT"",""country_name"":""Malta"",""chart_coverage_start"":""2014-01-12"",""chart_coverage_end"":""2020-07-02"",""days_on_chart"":29,""top10_days"":null,""peak_rank"":45,""peak_occurrences"":null,""peak_daily_streams"":3049,""metric_scope"":""country-specific Spotify daily Top 200 chart-attributed streams"",""country_rank"":840}"
841,Tuesday,Burak Yeter,[],,,,[],"[""und""]",,,,,,,spotify_country_chart_streams,67365.0,streams,67365,Spotify regional daily chart (Kworb aggregate),,,7abpmGpF7PGep2rDU68GBR,,,https://kworb.net/spotify/country/mt_weekly_totals.html,2026-10-02,"Exact aggregate of streams observed while this recording was inside Spotify's daily Top 200 for Malta, as aggregated by Kworb from Spotify chart data. Streams earned outside the chart are not included. Chart coverage on the source page: 2014-01-12 through 2020-07-02.","{""country_code"":""MT"",""country_name"":""Malta"",""chart_coverage_start"":""2014-01-12"",""chart_coverage_end"":""2020-07-02"",""days_on_chart"":29,""top10_days"":null,""peak_rank"":96,""peak_occurrences"":null,""peak_daily_streams"":3276,""metric_scope"":""country-specific Spotify daily Top 200 chart-attributed streams"",""country_rank"":841}"
842,Have Yourself A Merry Little Christmas,Sam Smith,[],,,,[],"[""und""]",,,,,,,spotify_country_chart_streams,67208.0,streams,67208,Spotify regional daily chart (Kworb aggregate),,,1Qi2wh8fFgDV7tl4Sj3f2K,,,https://kworb.net/spotify/country/mt_weekly_totals.html,2026-10-02,"Exact aggregate of streams observed while this recording was inside Spotify's daily Top 200 for Malta, as aggregated by Kworb from Spotify chart data. Streams earned outside the chart are not included. Chart coverage on the source page: 2014-01-12 through 2020-07-02.","{""country_code"":""MT"",""country_name"":""Malta"",""chart_coverage_start"":""2014-01-12"",""chart_coverage_end"":""2020-07-02"",""days_on_chart"":18,""top10_days"":null,""peak_rank"":31,""peak_occurrences"":null,""peak_daily_streams"":9693,""metric_scope"":""country-specific Spotify daily Top 200 chart-attributed streams"",""country_rank"":842}"
843,imagine,Ariana Grande,[],,,,[],"[""und""]",,,,,,,spotify_country_chart_streams,67180.0,streams,67180,Spotify regional daily chart (Kworb aggregate),,,0todbbT9g5uQGbeFCiBf2F,,,https://kworb.net/spotify/country/mt_weekly_totals.html,2026-10-02,"Exact aggregate of streams observed while this recording was inside Spotify's daily Top 200 for Malta, as aggregated by Kworb from Spotify chart data. Streams earned outside the chart are not included. Chart coverage on the source page: 2014-01-12 through 2020-07-02.","{""country_code"":""MT"",""country_name"":""Malta"",""chart_coverage_start"":""2014-01-12"",""chart_coverage_end"":""2020-07-02"",""days_on_chart"":12,""top10_days"":null,""peak_rank"":18,""peak_occurrences"":null,""peak_daily_streams"":10780,""metric_scope"":""country-specific Spotify daily Top 200 chart-attributed streams"",""country_rank"":843}"
844,MALA,6ix9ine,[],,,,[],"[""und""]",,,,,,,spotify_country_chart_streams,67135.0,streams,67135,Spotify regional daily chart (Kworb aggregate),,,0LQ1J0BCzA2qnAgp9MkkNE,,,https://kworb.net/spotify/country/mt_weekly_totals.html,2026-10-02,"Exact aggregate of streams observed while this recording was inside Spotify's daily Top 200 for Malta, as aggregated by Kworb from Spotify chart data. Streams earned outside the chart are not included. Chart coverage on the source page: 2014-01-12 through 2020-07-02.","{""country_code"":""MT"",""country_name"":""Malta"",""chart_coverage_start"":""2014-01-12"",""chart_coverage_end"":""2020-07-02"",""days_on_chart"":16,""top10_days"":null,""peak_rank"":52,""peak_occurrences"":null,""peak_daily_streams"":6645,""metric_scope"":""country-specific Spotify daily Top 200 chart-attributed streams"",""country_rank"":844}"
845,Fight Song,Rachel Platten,[],,,,[],"[""und""]",,,,,,,spotify_country_chart_streams,67093.0,streams,67093,Spotify regional daily chart (Kworb aggregate),,,6bRbeEgg8v8BQ0HuVuPE7v,,,https://kworb.net/spotify/country/mt_weekly_totals.html,2026-10-02,"Exact aggregate of streams observed while this recording was inside Spotify's daily Top 200 for Malta, as aggregated by Kworb from Spotify chart data. Streams earned outside the chart are not included. Chart coverage on the source page: 2014-01-12 through 2020-07-02.","{""country_code"":""MT"",""country_name"":""Malta"",""chart_coverage_start"":""2014-01-12"",""chart_coverage_end"":""2020-07-02"",""days_on_chart"":33,""top10_days"":null,""peak_rank"":19,""peak_occurrences"":null,""peak_daily_streams"":4067,""metric_scope"":""country-specific Spotify daily Top 200 chart-attributed streams"",""country_rank"":845}"
846,Toothbrush,DNCE,[],,,,[],"[""und""]",,,,,,,spotify_country_chart_streams,67016.0,streams,67016,Spotify regional daily chart (Kworb aggregate),,,38510fWvtOkrFjg2EDkJtT,,,https://kworb.net/spotify/country/mt_weekly_totals.html,2026-10-02,"Exact aggregate of streams observed while this recording was inside Spotify's daily Top 200 for Malta, as aggregated by Kworb from Spotify chart data. Streams earned outside the chart are not included. Chart coverage on the source page: 2014-01-12 through 2020-07-02.","{""country_code"":""MT"",""country_name"":""Malta"",""chart_coverage_start"":""2014-01-12"",""chart_coverage_end"":""2020-07-02"",""days_on_chart"":25,""top10_days"":null,""peak_rank"":42,""peak_occurrences"":null,""peak_daily_streams"":4738,""metric_scope"":""country-specific Spotify daily Top 200 chart-attributed streams"",""country_rank"":846}"
847,Broccoli,DRAM,[],,,,[],"[""und""]",,,,,,,spotify_country_chart_streams,66933.0,streams,66933,Spotify regional daily chart (Kworb aggregate),,,7yyRTcZmCiyzzJlNzGC9Ol,,,https://kworb.net/spotify/country/mt_weekly_totals.html,2026-10-02,"Exact aggregate of streams observed while this recording was inside Spotify's daily Top 200 for Malta, as aggregated by Kworb from Spotify chart data. Streams earned outside the chart are not included. Chart coverage on the source page: 2014-01-12 through 2020-07-02.","{""country_code"":""MT"",""country_name"":""Malta"",""chart_coverage_start"":""2014-01-12"",""chart_coverage_end"":""2020-07-02"",""days_on_chart"":29,""top10_days"":null,""peak_rank"":63,""peak_occurrences"":null,""peak_daily_streams"":3118,""metric_scope"":""country-specific Spotify daily Top 200 chart-attributed streams"",""country_rank"":847}"
848,Love Me Harder,Ariana Grande,[],,,,[],"[""und""]",,,,,,,spotify_country_chart_streams,66882.0,streams,66882,Spotify regional daily chart (Kworb aggregate),,,5J4ZkQpzMUFojo1CtAZYpn,,,https://kworb.net/spotify/country/mt_weekly_totals.html,2026-10-02,"Exact aggregate of streams observed while this recording was inside Spotify's daily Top 200 for Malta, as aggregated by Kworb from Spotify chart data. Streams earned outside the chart are not included. Chart coverage on the source page: 2014-01-12 through 2020-07-02.","{""country_code"":""MT"",""country_name"":""Malta"",""chart_coverage_start"":""2014-01-12"",""chart_coverage_end"":""2020-07-02"",""days_on_chart"":21,""top10_days"":3,""peak_rank"":9,""peak_occurrences"":null,""peak_daily_streams"":4044,""metric_scope"":""country-specific Spotify daily Top 200 chart-attributed streams"",""country_rank"":848}"
849,Downtown,Anitta,[],,,,[],"[""und""]",,,,,,,spotify_country_chart_streams,66866.0,streams,66866,Spotify regional daily chart (Kworb aggregate),,,3Ga6eKrUFf12ouh9Yw3v2D,,,https://kworb.net/spotify/country/mt_weekly_totals.html,2026-10-02,"Exact aggregate of streams observed while this recording was inside Spotify's daily Top 200 for Malta, as aggregated by Kworb from Spotify chart data. Streams earned outside the chart are not included. Chart coverage on the source page: 2014-01-12 through 2020-07-02.","{""country_code"":""MT"",""country_name"":""Malta"",""chart_coverage_start"":""2014-01-12"",""chart_coverage_end"":""2020-07-02"",""days_on_chart"":23,""top10_days"":null,""peak_rank"":45,""peak_occurrences"":null,""peak_daily_streams"":5340,""metric_scope"":""country-specific Spotify daily Top 200 chart-attributed streams"",""country_rank"":849}"
850,Hula Hoop,OMI,[],,,,[],"[""und""]",,,,,,,spotify_country_chart_streams,66762.0,streams,66762,Spotify regional daily chart (Kworb aggregate),,,0wsXdby1T3PWLauIkGUZzg,,,https://kworb.net/spotify/country/mt_weekly_totals.html,2026-10-02,"Exact aggregate of streams observed while this recording was inside Spotify's daily Top 200 for Malta, as aggregated by Kworb from Spotify chart data. Streams earned outside the chart are not included. Chart coverage on the source page: 2014-01-12 through 2020-07-02.","{""country_code"":""MT"",""country_name"":""Malta"",""chart_coverage_start"":""2014-01-12"",""chart_coverage_end"":""2020-07-02"",""days_on_chart"":25,""top10_days"":null,""peak_rank"":16,""peak_occurrences"":null,""peak_daily_streams"":4477,""metric_scope"":""country-specific Spotify daily Top 200 chart-attributed streams"",""country_rank"":850}"
851,Hope,The Chainsmokers,[],,,,[],"[""und""]",,,,,,,spotify_country_chart_streams,66657.0,streams,66657,Spotify regional daily chart (Kworb aggregate),,,4BiiOzZCrXEzHRLYcYFiD5,,,https://kworb.net/spotify/country/mt_weekly_totals.html,2026-10-02,"Exact aggregate of streams observed while this recording was inside Spotify's daily Top 200 for Malta, as aggregated by Kworb from Spotify chart data. Streams earned outside the chart are not included. Chart coverage on the source page: 2014-01-12 through 2020-07-02.","{""country_code"":""MT"",""country_name"":""Malta"",""chart_coverage_start"":""2014-01-12"",""chart_coverage_end"":""2020-07-02"",""days_on_chart"":13,""top10_days"":null,""peak_rank"":19,""peak_occurrences"":null,""peak_daily_streams"":10188,""metric_scope"":""country-specific Spotify daily Top 200 chart-attributed streams"",""country_rank"":851}"
852,Audio,Sia,[],,,,[],"[""und""]",,,,,,,spotify_country_chart_streams,66569.0,streams,66569,Spotify regional daily chart (Kworb aggregate),,,7boPPE857KEqCIHNwFkDop,,,https://kworb.net/spotify/country/mt_weekly_totals.html,2026-10-02,"Exact aggregate of streams observed while this recording was inside Spotify's daily Top 200 for Malta, as aggregated by Kworb from Spotify chart data. Streams earned outside the chart are not included. Chart coverage on the source page: 2014-01-12 through 2020-07-02.","{""country_code"":""MT"",""country_name"":""Malta"",""chart_coverage_start"":""2014-01-12"",""chart_coverage_end"":""2020-07-02"",""days_on_chart"":14,""top10_days"":null,""peak_rank"":28,""peak_occurrences"":null,""peak_daily_streams"":7461,""metric_scope"":""country-specific Spotify daily Top 200 chart-attributed streams"",""country_rank"":852}"
853,Reggaetón Lento (Bailemos),CNCO,[],,,,[],"[""und""]",,,,,,,spotify_country_chart_streams,66474.0,streams,66474,Spotify regional daily chart (Kworb aggregate),,,3AEZUABDXNtecAOSC1qTfo,,,https://kworb.net/spotify/country/mt_weekly_totals.html,2026-10-02,"Exact aggregate of streams observed while this recording was inside Spotify's daily Top 200 for Malta, as aggregated by Kworb from Spotify chart data. Streams earned outside the chart are not included. Chart coverage on the source page: 2014-01-12 through 2020-07-02.","{""country_code"":""MT"",""country_name"":""Malta"",""chart_coverage_start"":""2014-01-12"",""chart_coverage_end"":""2020-07-02"",""days_on_chart"":25,""top10_days"":null,""peak_rank"":78,""peak_occurrences"":null,""peak_daily_streams"":3682,""metric_scope"":""country-specific Spotify daily Top 200 chart-attributed streams"",""country_rank"":853}"
854,Instruction,Jax Jones,[],,,,[],"[""und""]",,,,,,,spotify_country_chart_streams,66467.0,streams,66467,Spotify regional daily chart (Kworb aggregate),,,0XfOi87h82i09rQjWYG0Bm,,,https://kworb.net/spotify/country/mt_weekly_totals.html,2026-10-02,"Exact aggregate of streams observed while this recording was inside Spotify's daily Top 200 for Malta, as aggregated by Kworb from Spotify chart data. Streams earned outside the chart are not included. Chart coverage on the source page: 2014-01-12 through 2020-07-02.","{""country_code"":""MT"",""country_name"":""Malta"",""chart_coverage_start"":""2014-01-12"",""chart_coverage_end"":""2020-07-02"",""days_on_chart"":23,""top10_days"":null,""peak_rank"":40,""peak_occurrences"":null,""peak_daily_streams"":5796,""metric_scope"":""country-specific Spotify daily Top 200 chart-attributed streams"",""country_rank"":854}"
855,It's Gotta Be You,Isaiah Firebrace,[],,,,[],"[""und""]",,,,,,,spotify_country_chart_streams,66376.0,streams,66376,Spotify regional daily chart (Kworb aggregate),,,6cAKeFFYW2aClZSUyvqAEW,,,https://kworb.net/spotify/country/mt_weekly_totals.html,2026-10-02,"Exact aggregate of streams observed while this recording was inside Spotify's daily Top 200 for Malta, as aggregated by Kworb from Spotify chart data. Streams earned outside the chart are not included. Chart coverage on the source page: 2014-01-12 through 2020-07-02.","{""country_code"":""MT"",""country_name"":""Malta"",""chart_coverage_start"":""2014-01-12"",""chart_coverage_end"":""2020-07-02"",""days_on_chart"":23,""top10_days"":null,""peak_rank"":45,""peak_occurrences"":null,""peak_daily_streams"":4963,""metric_scope"":""country-specific Spotify daily Top 200 chart-attributed streams"",""country_rank"":855}"
856,I'm Upset,Drake,[],,,,[],"[""und""]",,,,,,,spotify_country_chart_streams,66373.0,streams,66373,Spotify regional daily chart (Kworb aggregate),,,3qN5qMTKyEEmiTZD38BNTT,,,https://kworb.net/spotify/country/mt_weekly_totals.html,2026-10-02,"Exact aggregate of streams observed while this recording was inside Spotify's daily Top 200 for Malta, as aggregated by Kworb from Spotify chart data. Streams earned outside the chart are not included. Chart coverage on the source page: 2014-01-12 through 2020-07-02.","{""country_code"":""MT"",""country_name"":""Malta"",""chart_coverage_start"":""2014-01-12"",""chart_coverage_end"":""2020-07-02"",""days_on_chart"":12,""top10_days"":null,""peak_rank"":17,""peak_occurrences"":null,""peak_daily_streams"":10198,""metric_scope"":""country-specific Spotify daily Top 200 chart-attributed streams"",""country_rank"":856}"
857,In Your Eyes,Robin Schulz,[],,,,[],"[""und""]",,,,,,,spotify_country_chart_streams,66004.0,streams,66004,Spotify regional daily chart (Kworb aggregate),,,61ZM92T2zaXIVsqncThQzC,,,https://kworb.net/spotify/country/mt_weekly_totals.html,2026-10-02,"Exact aggregate of streams observed while this recording was inside Spotify's daily Top 200 for Malta, as aggregated by Kworb from Spotify chart data. Streams earned outside the chart are not included. Chart coverage on the source page: 2014-01-12 through 2020-07-02.","{""country_code"":""MT"",""country_name"":""Malta"",""chart_coverage_start"":""2014-01-12"",""chart_coverage_end"":""2020-07-02"",""days_on_chart"":16,""top10_days"":null,""peak_rank"":52,""peak_occurrences"":null,""peak_daily_streams"":5503,""metric_scope"":""country-specific Spotify daily Top 200 chart-attributed streams"",""country_rank"":857}"
858,Si Se Da,Myke Towers,[],,,,[],"[""und""]",,,,,,,spotify_country_chart_streams,66003.0,streams,66003,Spotify regional daily chart (Kworb aggregate),,,5KbBGUpIZd6gVFUU8tqYiQ,,,https://kworb.net/spotify/country/mt_weekly_totals.html,2026-10-02,"Exact aggregate of streams observed while this recording was inside Spotify's daily Top 200 for Malta, as aggregated by Kworb from Spotify chart data. Streams earned outside the chart are not included. Chart coverage on the source page: 2014-01-12 through 2020-07-02.","{""country_code"":""MT"",""country_name"":""Malta"",""chart_coverage_start"":""2014-01-12"",""chart_coverage_end"":""2020-07-02"",""days_on_chart"":9,""top10_days"":null,""peak_rank"":13,""peak_occurrences"":null,""peak_daily_streams"":11919,""metric_scope"":""country-specific Spotify daily Top 200 chart-attributed streams"",""country_rank"":858}"
859,SWISH,Tyga,[],,,,[],"[""und""]",,,,,,,spotify_country_chart_streams,65983.0,streams,65983,Spotify regional daily chart (Kworb aggregate),,,55GiOwtxNajXVbpjjIzMnD,,,https://kworb.net/spotify/country/mt_weekly_totals.html,2026-10-02,"Exact aggregate of streams observed while this recording was inside Spotify's daily Top 200 for Malta, as aggregated by Kworb from Spotify chart data. Streams earned outside the chart are not included. Chart coverage on the source page: 2014-01-12 through 2020-07-02.","{""country_code"":""MT"",""country_name"":""Malta"",""chart_coverage_start"":""2014-01-12"",""chart_coverage_end"":""2020-07-02"",""days_on_chart"":17,""top10_days"":null,""peak_rank"":34,""peak_occurrences"":null,""peak_daily_streams"":6860,""metric_scope"":""country-specific Spotify daily Top 200 chart-attributed streams"",""country_rank"":859}"
860,Maps,Maroon 5,[],,,,[],"[""und""]",,,,,,,spotify_country_chart_streams,65794.0,streams,65794,Spotify regional daily chart (Kworb aggregate),,,71ywEs45ClmTNRiaJ7YEsr,,,https://kworb.net/spotify/country/mt_weekly_totals.html,2026-10-02,"Exact aggregate of streams observed while this recording was inside Spotify's daily Top 200 for Malta, as aggregated by Kworb from Spotify chart data. Streams earned outside the chart are not included. Chart coverage on the source page: 2014-01-12 through 2020-07-02.","{""country_code"":""MT"",""country_name"":""Malta"",""chart_coverage_start"":""2014-01-12"",""chart_coverage_end"":""2020-07-02"",""days_on_chart"":37,""top10_days"":7,""peak_rank"":5,""peak_occurrences"":null,""peak_daily_streams"":3200,""metric_scope"":""country-specific Spotify daily Top 200 chart-attributed streams"",""country_rank"":860}"
861,Magic,Coldplay,[],,,,[],"[""und""]",,,,,,,spotify_country_chart_streams,65545.0,streams,65545,Spotify regional daily chart (Kworb aggregate),,,27jdUE1EYDSXZqhjuNxLem,,,https://kworb.net/spotify/country/mt_weekly_totals.html,2026-10-02,"Exact aggregate of streams observed while this recording was inside Spotify's daily Top 200 for Malta, as aggregated by Kworb from Spotify chart data. Streams earned outside the chart are not included. Chart coverage on the source page: 2014-01-12 through 2020-07-02.","{""country_code"":""MT"",""country_name"":""Malta"",""chart_coverage_start"":""2014-01-12"",""chart_coverage_end"":""2020-07-02"",""days_on_chart"":33,""top10_days"":13,""peak_rank"":1,""peak_occurrences"":7,""peak_daily_streams"":3401,""metric_scope"":""country-specific Spotify daily Top 200 chart-attributed streams"",""country_rank"":861}"
862,Answerphone,Banx & Ranx,[],,,,[],"[""und""]",,,,,,,spotify_country_chart_streams,65316.0,streams,65316,Spotify regional daily chart (Kworb aggregate),,,1HagMz5nWk1HmevNCBOxF3,,,https://kworb.net/spotify/country/mt_weekly_totals.html,2026-10-02,"Exact aggregate of streams observed while this recording was inside Spotify's daily Top 200 for Malta, as aggregated by Kworb from Spotify chart data. Streams earned outside the chart are not included. Chart coverage on the source page: 2014-01-12 through 2020-07-02.","{""country_code"":""MT"",""country_name"":""Malta"",""chart_coverage_start"":""2014-01-12"",""chart_coverage_end"":""2020-07-02"",""days_on_chart"":15,""top10_days"":null,""peak_rank"":42,""peak_occurrences"":null,""peak_daily_streams"":6177,""metric_scope"":""country-specific Spotify daily Top 200 chart-attributed streams"",""country_rank"":862}"
863,Bartier Cardi,Cardi B,[],,,,[],"[""und""]",,,,,,,spotify_country_chart_streams,65163.0,streams,65163,Spotify regional daily chart (Kworb aggregate),,,75FDPwaULRdYDn4StFN2rT,,,https://kworb.net/spotify/country/mt_weekly_totals.html,2026-10-02,"Exact aggregate of streams observed while this recording was inside Spotify's daily Top 200 for Malta, as aggregated by Kworb from Spotify chart data. Streams earned outside the chart are not included. Chart coverage on the source page: 2014-01-12 through 2020-07-02.","{""country_code"":""MT"",""country_name"":""Malta"",""chart_coverage_start"":""2014-01-12"",""chart_coverage_end"":""2020-07-02"",""days_on_chart"":14,""top10_days"":null,""peak_rank"":23,""peak_occurrences"":null,""peak_daily_streams"":7857,""metric_scope"":""country-specific Spotify daily Top 200 chart-attributed streams"",""country_rank"":863}"
864,Don't Leave Me Alone,David Guetta,[],,,,[],"[""und""]",,,,,,,spotify_country_chart_streams,65055.0,streams,65055,Spotify regional daily chart (Kworb aggregate),,,2zy9TMoZlYGuCNY4TLqG24,,,https://kworb.net/spotify/country/mt_weekly_totals.html,2026-10-02,"Exact aggregate of streams observed while this recording was inside Spotify's daily Top 200 for Malta, as aggregated by Kworb from Spotify chart data. Streams earned outside the chart are not included. Chart coverage on the source page: 2014-01-12 through 2020-07-02.","{""country_code"":""MT"",""country_name"":""Malta"",""chart_coverage_start"":""2014-01-12"",""chart_coverage_end"":""2020-07-02"",""days_on_chart"":13,""top10_days"":null,""peak_rank"":36,""peak_occurrences"":null,""peak_daily_streams"":7186,""metric_scope"":""country-specific Spotify daily Top 200 chart-attributed streams"",""country_rank"":864}"
865,Wonderful Christmastime [Edited Version] - Remastered 2011 / Edited Version,Paul McCartney,[],,,,[],"[""und""]",,,,,,,spotify_country_chart_streams,65036.0,streams,65036,Spotify regional daily chart (Kworb aggregate),,,7Lbxvt42JsNSKVCaN63qhD,,,https://kworb.net/spotify/country/mt_weekly_totals.html,2026-10-02,"Exact aggregate of streams observed while this recording was inside Spotify's daily Top 200 for Malta, as aggregated by Kworb from Spotify chart data. Streams earned outside the chart are not included. Chart coverage on the source page: 2014-01-12 through 2020-07-02.","{""country_code"":""MT"",""country_name"":""Malta"",""chart_coverage_start"":""2014-01-12"",""chart_coverage_end"":""2020-07-02"",""days_on_chart"":10,""top10_days"":null,""peak_rank"":15,""peak_occurrences"":null,""peak_daily_streams"":13062,""metric_scope"":""country-specific Spotify daily Top 200 chart-attributed streams"",""country_rank"":865}"
866,Baby,Amenazzy,[],,,,[],"[""und""]",,,,,,,spotify_country_chart_streams,64951.0,streams,64951,Spotify regional daily chart (Kworb aggregate),,,2IA8cFA46DkjgbsRG7kKbp,,,https://kworb.net/spotify/country/mt_weekly_totals.html,2026-10-02,"Exact aggregate of streams observed while this recording was inside Spotify's daily Top 200 for Malta, as aggregated by Kworb from Spotify chart data. Streams earned outside the chart are not included. Chart coverage on the source page: 2014-01-12 through 2020-07-02.","{""country_code"":""MT"",""country_name"":""Malta"",""chart_coverage_start"":""2014-01-12"",""chart_coverage_end"":""2020-07-02"",""days_on_chart"":14,""top10_days"":null,""peak_rank"":51,""peak_occurrences"":null,""peak_daily_streams"":6338,""metric_scope"":""country-specific Spotify daily Top 200 chart-attributed streams"",""country_rank"":866}"
867,Time of Our Lives,Pitbull,[],,,,[],"[""und""]",,,,,,,spotify_country_chart_streams,64890.0,streams,64890,Spotify regional daily chart (Kworb aggregate),,,2bJvI42r8EF3wxjOuDav4r,,,https://kworb.net/spotify/country/mt_weekly_totals.html,2026-10-02,"Exact aggregate of streams observed while this recording was inside Spotify's daily Top 200 for Malta, as aggregated by Kworb from Spotify chart data. Streams earned outside the chart are not included. Chart coverage on the source page: 2014-01-12 through 2020-07-02.","{""country_code"":""MT"",""country_name"":""Malta"",""chart_coverage_start"":""2014-01-12"",""chart_coverage_end"":""2020-07-02"",""days_on_chart"":25,""top10_days"":6,""peak_rank"":6,""peak_occurrences"":null,""peak_daily_streams"":5973,""metric_scope"":""country-specific Spotify daily Top 200 chart-attributed streams"",""country_rank"":867}"
868,Tired,Alan Walker,[],,,,[],"[""und""]",,,,,,,spotify_country_chart_streams,64695.0,streams,64695,Spotify regional daily chart (Kworb aggregate),,,3b5Li4QKDVBx1x7fQuu54a,,,https://kworb.net/spotify/country/mt_weekly_totals.html,2026-10-02,"Exact aggregate of streams observed while this recording was inside Spotify's daily Top 200 for Malta, as aggregated by Kworb from Spotify chart data. Streams earned outside the chart are not included. Chart coverage on the source page: 2014-01-12 through 2020-07-02.","{""country_code"":""MT"",""country_name"":""Malta"",""chart_coverage_start"":""2014-01-12"",""chart_coverage_end"":""2020-07-02"",""days_on_chart"":23,""top10_days"":null,""peak_rank"":73,""peak_occurrences"":null,""peak_daily_streams"":3821,""metric_scope"":""country-specific Spotify daily Top 200 chart-attributed streams"",""country_rank"":868}"
869,Solita,Ozuna,[],,,,[],"[""und""]",,,,,,,spotify_country_chart_streams,64600.0,streams,64600,Spotify regional daily chart (Kworb aggregate),,,7rwX0O3RlxqqIjQM8evm5E,,,https://kworb.net/spotify/country/mt_weekly_totals.html,2026-10-02,"Exact aggregate of streams observed while this recording was inside Spotify's daily Top 200 for Malta, as aggregated by Kworb from Spotify chart data. Streams earned outside the chart are not included. Chart coverage on the source page: 2014-01-12 through 2020-07-02.","{""country_code"":""MT"",""country_name"":""Malta"",""chart_coverage_start"":""2014-01-12"",""chart_coverage_end"":""2020-07-02"",""days_on_chart"":22,""top10_days"":null,""peak_rank"":80,""peak_occurrences"":null,""peak_daily_streams"":4460,""metric_scope"":""country-specific Spotify daily Top 200 chart-attributed streams"",""country_rank"":869}"
870,Fresh Eyes,Andy Grammer,[],,,,[],"[""und""]",,,,,,,spotify_country_chart_streams,64555.0,streams,64555,Spotify regional daily chart (Kworb aggregate),,,4nMlau89VAjmV7agkl7OY3,,,https://kworb.net/spotify/country/mt_weekly_totals.html,2026-10-02,"Exact aggregate of streams observed while this recording was inside Spotify's daily Top 200 for Malta, as aggregated by Kworb from Spotify chart data. Streams earned outside the chart are not included. Chart coverage on the source page: 2014-01-12 through 2020-07-02.","{""country_code"":""MT"",""country_name"":""Malta"",""chart_coverage_start"":""2014-01-12"",""chart_coverage_end"":""2020-07-02"",""days_on_chart"":16,""top10_days"":null,""peak_rank"":32,""peak_occurrences"":null,""peak_daily_streams"":5239,""metric_scope"":""country-specific Spotify daily Top 200 chart-attributed streams"",""country_rank"":870}"
871,Se Preparó,Ozuna,[],,,,[],"[""und""]",,,,,,,spotify_country_chart_streams,64508.0,streams,64508,Spotify regional daily chart (Kworb aggregate),,,1m69ELEgE6k5ZWsap40ozt,,,https://kworb.net/spotify/country/mt_weekly_totals.html,2026-10-02,"Exact aggregate of streams observed while this recording was inside Spotify's daily Top 200 for Malta, as aggregated by Kworb from Spotify chart data. Streams earned outside the chart are not included. Chart coverage on the source page: 2014-01-12 through 2020-07-02.","{""country_code"":""MT"",""country_name"":""Malta"",""chart_coverage_start"":""2014-01-12"",""chart_coverage_end"":""2020-07-02"",""days_on_chart"":24,""top10_days"":null,""peak_rank"":69,""peak_occurrences"":null,""peak_daily_streams"":3750,""metric_scope"":""country-specific Spotify daily Top 200 chart-attributed streams"",""country_rank"":871}"
872,Ophelia,The Lumineers,[],,,,[],"[""und""]",,,,,,,spotify_country_chart_streams,64232.0,streams,64232,Spotify regional daily chart (Kworb aggregate),,,7bTwYGhBdSQ8vuXc76Xint,,,https://kworb.net/spotify/country/mt_weekly_totals.html,2026-10-02,"Exact aggregate of streams observed while this recording was inside Spotify's daily Top 200 for Malta, as aggregated by Kworb from Spotify chart data. Streams earned outside the chart are not included. Chart coverage on the source page: 2014-01-12 through 2020-07-02.","{""country_code"":""MT"",""country_name"":""Malta"",""chart_coverage_start"":""2014-01-12"",""chart_coverage_end"":""2020-07-02"",""days_on_chart"":47,""top10_days"":null,""peak_rank"":77,""peak_occurrences"":null,""peak_daily_streams"":1994,""metric_scope"":""country-specific Spotify daily Top 200 chart-attributed streams"",""country_rank"":872}"
873,Company,Justin Bieber,[],,,,[],"[""und""]",,,,,,,spotify_country_chart_streams,64219.0,streams,64219,Spotify regional daily chart (Kworb aggregate),,,09mhA1SJjMHniZPF4Hcihn,,,https://kworb.net/spotify/country/mt_weekly_totals.html,2026-10-02,"Exact aggregate of streams observed while this recording was inside Spotify's daily Top 200 for Malta, as aggregated by Kworb from Spotify chart data. Streams earned outside the chart are not included. Chart coverage on the source page: 2014-01-12 through 2020-07-02.","{""country_code"":""MT"",""country_name"":""Malta"",""chart_coverage_start"":""2014-01-12"",""chart_coverage_end"":""2020-07-02"",""days_on_chart"":37,""top10_days"":null,""peak_rank"":42,""peak_occurrences"":null,""peak_daily_streams"":2765,""metric_scope"":""country-specific Spotify daily Top 200 chart-attributed streams"",""country_rank"":873}"
874,Cake - Challenge Version,Flo Rida,[],,,,[],"[""und""]",,,,,,,spotify_country_chart_streams,64190.0,streams,64190,Spotify regional daily chart (Kworb aggregate),,,6t2ubAB4iSYOuIpRAOGd4t,,,https://kworb.net/spotify/country/mt_weekly_totals.html,2026-10-02,"Exact aggregate of streams observed while this recording was inside Spotify's daily Top 200 for Malta, as aggregated by Kworb from Spotify chart data. Streams earned outside the chart are not included. Chart coverage on the source page: 2014-01-12 through 2020-07-02.","{""country_code"":""MT"",""country_name"":""Malta"",""chart_coverage_start"":""2014-01-12"",""chart_coverage_end"":""2020-07-02"",""days_on_chart"":15,""top10_days"":null,""peak_rank"":38,""peak_occurrences"":null,""peak_daily_streams"":5481,""metric_scope"":""country-specific Spotify daily Top 200 chart-attributed streams"",""country_rank"":874}"
875,After Party,Don Toliver,[],,,,[],"[""und""]",,,,,,,spotify_country_chart_streams,64053.0,streams,64053,Spotify regional daily chart (Kworb aggregate),,,527k23H0A4Q0UJN3vGs0Da,,,https://kworb.net/spotify/country/mt_weekly_totals.html,2026-10-02,"Exact aggregate of streams observed while this recording was inside Spotify's daily Top 200 for Malta, as aggregated by Kworb from Spotify chart data. Streams earned outside the chart are not included. Chart coverage on the source page: 2014-01-12 through 2020-07-02.","{""country_code"":""MT"",""country_name"":""Malta"",""chart_coverage_start"":""2014-01-12"",""chart_coverage_end"":""2020-07-02"",""days_on_chart"":11,""top10_days"":null,""peak_rank"":28,""peak_occurrences"":null,""peak_daily_streams"":7401,""metric_scope"":""country-specific Spotify daily Top 200 chart-attributed streams"",""country_rank"":875}"
876,Cool for the Summer,Demi Lovato,[],,,,[],"[""und""]",,,,,,,spotify_country_chart_streams,64047.0,streams,64047,Spotify regional daily chart (Kworb aggregate),,,3uwnnTQcHM1rDqSfA4gQNz,,,https://kworb.net/spotify/country/mt_weekly_totals.html,2026-10-02,"Exact aggregate of streams observed while this recording was inside Spotify's daily Top 200 for Malta, as aggregated by Kworb from Spotify chart data. Streams earned outside the chart are not included. Chart coverage on the source page: 2014-01-12 through 2020-07-02.","{""country_code"":""MT"",""country_name"":""Malta"",""chart_coverage_start"":""2014-01-12"",""chart_coverage_end"":""2020-07-02"",""days_on_chart"":16,""top10_days"":4,""peak_rank"":8,""peak_occurrences"":null,""peak_daily_streams"":6009,""metric_scope"":""country-specific Spotify daily Top 200 chart-attributed streams"",""country_rank"":876}"
877,Maniac,Conan Gray,[],,,,[],"[""und""]",,,,,,,spotify_country_chart_streams,63961.0,streams,63961,Spotify regional daily chart (Kworb aggregate),,,6KfoDhO4XUWSbnyKjNp9c4,,,https://kworb.net/spotify/country/mt_weekly_totals.html,2026-10-02,"Exact aggregate of streams observed while this recording was inside Spotify's daily Top 200 for Malta, as aggregated by Kworb from Spotify chart data. Streams earned outside the chart are not included. Chart coverage on the source page: 2014-01-12 through 2020-07-02.","{""country_code"":""MT"",""country_name"":""Malta"",""chart_coverage_start"":""2014-01-12"",""chart_coverage_end"":""2020-07-02"",""days_on_chart"":21,""top10_days"":null,""peak_rank"":76,""peak_occurrences"":null,""peak_daily_streams"":3633,""metric_scope"":""country-specific Spotify daily Top 200 chart-attributed streams"",""country_rank"":877}"
878,Honey,070 Shake,[],,,,[],"[""und""]",,,,,,,spotify_country_chart_streams,63896.0,streams,63896,Spotify regional daily chart (Kworb aggregate),,,0PoMoPqIJxe6H0rDMnpGP8,,,https://kworb.net/spotify/country/mt_weekly_totals.html,2026-10-02,"Exact aggregate of streams observed while this recording was inside Spotify's daily Top 200 for Malta, as aggregated by Kworb from Spotify chart data. Streams earned outside the chart are not included. Chart coverage on the source page: 2014-01-12 through 2020-07-02.","{""country_code"":""MT"",""country_name"":""Malta"",""chart_coverage_start"":""2014-01-12"",""chart_coverage_end"":""2020-07-02"",""days_on_chart"":17,""top10_days"":null,""peak_rank"":51,""peak_occurrences"":null,""peak_daily_streams"":4714,""metric_scope"":""country-specific Spotify daily Top 200 chart-attributed streams"",""country_rank"":878}"
879,The Days,Avicii,[],,,,[],"[""und""]",,,,,,,spotify_country_chart_streams,63879.0,streams,63879,Spotify regional daily chart (Kworb aggregate),,,4th1RQAelzqgY7wL53UGQt,,,https://kworb.net/spotify/country/mt_weekly_totals.html,2026-10-02,"Exact aggregate of streams observed while this recording was inside Spotify's daily Top 200 for Malta, as aggregated by Kworb from Spotify chart data. Streams earned outside the chart are not included. Chart coverage on the source page: 2014-01-12 through 2020-07-02.","{""country_code"":""MT"",""country_name"":""Malta"",""chart_coverage_start"":""2014-01-12"",""chart_coverage_end"":""2020-07-02"",""days_on_chart"":24,""top10_days"":8,""peak_rank"":1,""peak_occurrences"":1,""peak_daily_streams"":5060,""metric_scope"":""country-specific Spotify daily Top 200 chart-attributed streams"",""country_rank"":879}"
880,Skin,Rag'n'Bone Man,[],,,,[],"[""und""]",,,,,,,spotify_country_chart_streams,63648.0,streams,63648,Spotify regional daily chart (Kworb aggregate),,,6y2Kaz9QI01XBKJ8mTb7Pf,,,https://kworb.net/spotify/country/mt_weekly_totals.html,2026-10-02,"Exact aggregate of streams observed while this recording was inside Spotify's daily Top 200 for Malta, as aggregated by Kworb from Spotify chart data. Streams earned outside the chart are not included. Chart coverage on the source page: 2014-01-12 through 2020-07-02.","{""country_code"":""MT"",""country_name"":""Malta"",""chart_coverage_start"":""2014-01-12"",""chart_coverage_end"":""2020-07-02"",""days_on_chart"":26,""top10_days"":null,""peak_rank"":83,""peak_occurrences"":null,""peak_daily_streams"":3944,""metric_scope"":""country-specific Spotify daily Top 200 chart-attributed streams"",""country_rank"":880}"
881,...Ready For It?,Taylor Swift,[],,,,[],"[""und""]",,,,,,,spotify_country_chart_streams,63594.0,streams,63594,Spotify regional daily chart (Kworb aggregate),,,19WjVVgXjdKXfLXoaDPwTM,,,https://kworb.net/spotify/country/mt_weekly_totals.html,2026-10-02,"Exact aggregate of streams observed while this recording was inside Spotify's daily Top 200 for Malta, as aggregated by Kworb from Spotify chart data. Streams earned outside the chart are not included. Chart coverage on the source page: 2014-01-12 through 2020-07-02.","{""country_code"":""MT"",""country_name"":""Malta"",""chart_coverage_start"":""2014-01-12"",""chart_coverage_end"":""2020-07-02"",""days_on_chart"":15,""top10_days"":null,""peak_rank"":19,""peak_occurrences"":null,""peak_daily_streams"":9435,""metric_scope"":""country-specific Spotify daily Top 200 chart-attributed streams"",""country_rank"":881}"
882,Nights With You,MØ,[],,,,[],"[""und""]",,,,,,,spotify_country_chart_streams,63495.0,streams,63495,Spotify regional daily chart (Kworb aggregate),,,5q5gzmbBS5yQzos2BvVr1t,,,https://kworb.net/spotify/country/mt_weekly_totals.html,2026-10-02,"Exact aggregate of streams observed while this recording was inside Spotify's daily Top 200 for Malta, as aggregated by Kworb from Spotify chart data. Streams earned outside the chart are not included. Chart coverage on the source page: 2014-01-12 through 2020-07-02.","{""country_code"":""MT"",""country_name"":""Malta"",""chart_coverage_start"":""2014-01-12"",""chart_coverage_end"":""2020-07-02"",""days_on_chart"":20,""top10_days"":null,""peak_rank"":60,""peak_occurrences"":null,""peak_daily_streams"":5397,""metric_scope"":""country-specific Spotify daily Top 200 chart-attributed streams"",""country_rank"":882}"
883,Antisocial,Ed Sheeran,[],,,,[],"[""und""]",,,,,,,spotify_country_chart_streams,63493.0,streams,63493,Spotify regional daily chart (Kworb aggregate),,,1DhRbox3xkceP64k3JeYfW,,,https://kworb.net/spotify/country/mt_weekly_totals.html,2026-10-02,"Exact aggregate of streams observed while this recording was inside Spotify's daily Top 200 for Malta, as aggregated by Kworb from Spotify chart data. Streams earned outside the chart are not included. Chart coverage on the source page: 2014-01-12 through 2020-07-02.","{""country_code"":""MT"",""country_name"":""Malta"",""chart_coverage_start"":""2014-01-12"",""chart_coverage_end"":""2020-07-02"",""days_on_chart"":15,""top10_days"":1,""peak_rank"":7,""peak_occurrences"":null,""peak_daily_streams"":11413,""metric_scope"":""country-specific Spotify daily Top 200 chart-attributed streams"",""country_rank"":883}"
884,This Girl (Kungs Vs. Cookin' On 3 Burners) - Kungs Vs. Cookin' On 3 Burners,Kungs,[],,,,[],"[""und""]",,,,,,,spotify_country_chart_streams,63394.0,streams,63394,Spotify regional daily chart (Kworb aggregate),,,0tICYNayWWhH9GPeFrfjfD,,,https://kworb.net/spotify/country/mt_weekly_totals.html,2026-10-02,"Exact aggregate of streams observed while this recording was inside Spotify's daily Top 200 for Malta, as aggregated by Kworb from Spotify chart data. Streams earned outside the chart are not included. Chart coverage on the source page: 2014-01-12 through 2020-07-02.","{""country_code"":""MT"",""country_name"":""Malta"",""chart_coverage_start"":""2014-01-12"",""chart_coverage_end"":""2020-07-02"",""days_on_chart"":33,""top10_days"":null,""peak_rank"":84,""peak_occurrences"":null,""peak_daily_streams"":2461,""metric_scope"":""country-specific Spotify daily Top 200 chart-attributed streams"",""country_rank"":884}"
885,GDFR,Flo Rida,[],,,,[],"[""und""]",,,,,,,spotify_country_chart_streams,63309.0,streams,63309,Spotify regional daily chart (Kworb aggregate),,,26rdOwwjC2UnweK3xeS58u,,,https://kworb.net/spotify/country/mt_weekly_totals.html,2026-10-02,"Exact aggregate of streams observed while this recording was inside Spotify's daily Top 200 for Malta, as aggregated by Kworb from Spotify chart data. Streams earned outside the chart are not included. Chart coverage on the source page: 2014-01-12 through 2020-07-02.","{""country_code"":""MT"",""country_name"":""Malta"",""chart_coverage_start"":""2014-01-12"",""chart_coverage_end"":""2020-07-02"",""days_on_chart"":22,""top10_days"":5,""peak_rank"":5,""peak_occurrences"":null,""peak_daily_streams"":5146,""metric_scope"":""country-specific Spotify daily Top 200 chart-attributed streams"",""country_rank"":885}"
886,Everybody Dies In Their Nightmares,XXXTENTACION,[],,,,[],"[""und""]",,,,,,,spotify_country_chart_streams,63186.0,streams,63186,Spotify regional daily chart (Kworb aggregate),,,3GVkPk8mqxz0itaAriG1L7,,,https://kworb.net/spotify/country/mt_weekly_totals.html,2026-10-02,"Exact aggregate of streams observed while this recording was inside Spotify's daily Top 200 for Malta, as aggregated by Kworb from Spotify chart data. Streams earned outside the chart are not included. Chart coverage on the source page: 2014-01-12 through 2020-07-02.","{""country_code"":""MT"",""country_name"":""Malta"",""chart_coverage_start"":""2014-01-12"",""chart_coverage_end"":""2020-07-02"",""days_on_chart"":24,""top10_days"":null,""peak_rank"":35,""peak_occurrences"":null,""peak_daily_streams"":7062,""metric_scope"":""country-specific Spotify daily Top 200 chart-attributed streams"",""country_rank"":886}"
887,Underneath the Tree,Kelly Clarkson,[],,,,[],"[""und""]",,,,,,,spotify_country_chart_streams,63113.0,streams,63113,Spotify regional daily chart (Kworb aggregate),,,3nAp4IvdMPPWEH9uuXFFV5,,,https://kworb.net/spotify/country/mt_weekly_totals.html,2026-10-02,"Exact aggregate of streams observed while this recording was inside Spotify's daily Top 200 for Malta, as aggregated by Kworb from Spotify chart data. Streams earned outside the chart are not included. Chart coverage on the source page: 2014-01-12 through 2020-07-02.","{""country_code"":""MT"",""country_name"":""Malta"",""chart_coverage_start"":""2014-01-12"",""chart_coverage_end"":""2020-07-02"",""days_on_chart"":13,""top10_days"":null,""peak_rank"":24,""peak_occurrences"":null,""peak_daily_streams"":10443,""metric_scope"":""country-specific Spotify daily Top 200 chart-attributed streams"",""country_rank"":887}"
888,NI BIEN NI MAL,Bad Bunny,[],,,,[],"[""und""]",,,,,,,spotify_country_chart_streams,62934.0,streams,62934,Spotify regional daily chart (Kworb aggregate),,,278kSqsZIiYp8p3QjYAqa8,,,https://kworb.net/spotify/country/mt_weekly_totals.html,2026-10-02,"Exact aggregate of streams observed while this recording was inside Spotify's daily Top 200 for Malta, as aggregated by Kworb from Spotify chart data. Streams earned outside the chart are not included. Chart coverage on the source page: 2014-01-12 through 2020-07-02.","{""country_code"":""MT"",""country_name"":""Malta"",""chart_coverage_start"":""2014-01-12"",""chart_coverage_end"":""2020-07-02"",""days_on_chart"":14,""top10_days"":null,""peak_rank"":42,""peak_occurrences"":null,""peak_daily_streams"":6847,""metric_scope"":""country-specific Spotify daily Top 200 chart-attributed streams"",""country_rank"":888}"
889,Just Got Paid,Sigala,[],,,,[],"[""und""]",,,,,,,spotify_country_chart_streams,62893.0,streams,62893,Spotify regional daily chart (Kworb aggregate),,,5CpkVOosLFc83LbwqO6hnI,,,https://kworb.net/spotify/country/mt_weekly_totals.html,2026-10-02,"Exact aggregate of streams observed while this recording was inside Spotify's daily Top 200 for Malta, as aggregated by Kworb from Spotify chart data. Streams earned outside the chart are not included. Chart coverage on the source page: 2014-01-12 through 2020-07-02.","{""country_code"":""MT"",""country_name"":""Malta"",""chart_coverage_start"":""2014-01-12"",""chart_coverage_end"":""2020-07-02"",""days_on_chart"":20,""top10_days"":null,""peak_rank"":106,""peak_occurrences"":null,""peak_daily_streams"":4110,""metric_scope"":""country-specific Spotify daily Top 200 chart-attributed streams"",""country_rank"":889}"
890,Can I Be Him,James Arthur,[],,,,[],"[""und""]",,,,,,,spotify_country_chart_streams,62693.0,streams,62693,Spotify regional daily chart (Kworb aggregate),,,0VhgEqMTNZwYL1ARDLLNCX,,,https://kworb.net/spotify/country/mt_weekly_totals.html,2026-10-02,"Exact aggregate of streams observed while this recording was inside Spotify's daily Top 200 for Malta, as aggregated by Kworb from Spotify chart data. Streams earned outside the chart are not included. Chart coverage on the source page: 2014-01-12 through 2020-07-02.","{""country_code"":""MT"",""country_name"":""Malta"",""chart_coverage_start"":""2014-01-12"",""chart_coverage_end"":""2020-07-02"",""days_on_chart"":27,""top10_days"":null,""peak_rank"":63,""peak_occurrences"":null,""peak_daily_streams"":4728,""metric_scope"":""country-specific Spotify daily Top 200 chart-attributed streams"",""country_rank"":890}"
891,Working For It - Bonus Track,ZHU,[],,,,[],"[""und""]",,,,,,,spotify_country_chart_streams,62643.0,streams,62643,Spotify regional daily chart (Kworb aggregate),,,0P6RjFd2HgG2AXJadQuGfE,,,https://kworb.net/spotify/country/mt_weekly_totals.html,2026-10-02,"Exact aggregate of streams observed while this recording was inside Spotify's daily Top 200 for Malta, as aggregated by Kworb from Spotify chart data. Streams earned outside the chart are not included. Chart coverage on the source page: 2014-01-12 through 2020-07-02.","{""country_code"":""MT"",""country_name"":""Malta"",""chart_coverage_start"":""2014-01-12"",""chart_coverage_end"":""2020-07-02"",""days_on_chart"":20,""top10_days"":null,""peak_rank"":42,""peak_occurrences"":null,""peak_daily_streams"":4227,""metric_scope"":""country-specific Spotify daily Top 200 chart-attributed streams"",""country_rank"":891}"
892,Start Again,OneRepublic,[],,,,[],"[""und""]",,,,,,,spotify_country_chart_streams,62616.0,streams,62616,Spotify regional daily chart (Kworb aggregate),,,1Nj2oBISdFDSF8eDuXcALz,,,https://kworb.net/spotify/country/mt_weekly_totals.html,2026-10-02,"Exact aggregate of streams observed while this recording was inside Spotify's daily Top 200 for Malta, as aggregated by Kworb from Spotify chart data. Streams earned outside the chart are not included. Chart coverage on the source page: 2014-01-12 through 2020-07-02.","{""country_code"":""MT"",""country_name"":""Malta"",""chart_coverage_start"":""2014-01-12"",""chart_coverage_end"":""2020-07-02"",""days_on_chart"":11,""top10_days"":null,""peak_rank"":22,""peak_occurrences"":null,""peak_daily_streams"":10235,""metric_scope"":""country-specific Spotify daily Top 200 chart-attributed streams"",""country_rank"":892}"
893,El Préstamo,Maluma,[],,,,[],"[""und""]",,,,,,,spotify_country_chart_streams,62616.0,streams,62616,Spotify regional daily chart (Kworb aggregate),,,2XVilv6s9GETnw9PG4T9Mz,,,https://kworb.net/spotify/country/mt_weekly_totals.html,2026-10-02,"Exact aggregate of streams observed while this recording was inside Spotify's daily Top 200 for Malta, as aggregated by Kworb from Spotify chart data. Streams earned outside the chart are not included. Chart coverage on the source page: 2014-01-12 through 2020-07-02.","{""country_code"":""MT"",""country_name"":""Malta"",""chart_coverage_start"":""2014-01-12"",""chart_coverage_end"":""2020-07-02"",""days_on_chart"":20,""top10_days"":null,""peak_rank"":82,""peak_occurrences"":null,""peak_daily_streams"":4337,""metric_scope"":""country-specific Spotify daily Top 200 chart-attributed streams"",""country_rank"":893}"
894,Counting Stars,OneRepublic,[],,,,[],"[""und""]",,,,,,,spotify_country_chart_streams,62583.0,streams,62583,Spotify regional daily chart (Kworb aggregate),,,2tpWsVSb9UEmDRxAl1zhX1,,,https://kworb.net/spotify/country/mt_weekly_totals.html,2026-10-02,"Exact aggregate of streams observed while this recording was inside Spotify's daily Top 200 for Malta, as aggregated by Kworb from Spotify chart data. Streams earned outside the chart are not included. Chart coverage on the source page: 2014-01-12 through 2020-07-02.","{""country_code"":""MT"",""country_name"":""Malta"",""chart_coverage_start"":""2014-01-12"",""chart_coverage_end"":""2020-07-02"",""days_on_chart"":48,""top10_days"":6,""peak_rank"":5,""peak_occurrences"":null,""peak_daily_streams"":2533,""metric_scope"":""country-specific Spotify daily Top 200 chart-attributed streams"",""country_rank"":894}"
895,Girls,Rita Ora,[],,,,[],"[""und""]",,,,,,,spotify_country_chart_streams,62509.0,streams,62509,Spotify regional daily chart (Kworb aggregate),,,1YNQscOx6OqBQjxgJVhEeW,,,https://kworb.net/spotify/country/mt_weekly_totals.html,2026-10-02,"Exact aggregate of streams observed while this recording was inside Spotify's daily Top 200 for Malta, as aggregated by Kworb from Spotify chart data. Streams earned outside the chart are not included. Chart coverage on the source page: 2014-01-12 through 2020-07-02.","{""country_code"":""MT"",""country_name"":""Malta"",""chart_coverage_start"":""2014-01-12"",""chart_coverage_end"":""2020-07-02"",""days_on_chart"":16,""top10_days"":null,""peak_rank"":35,""peak_occurrences"":null,""peak_daily_streams"":7315,""metric_scope"":""country-specific Spotify daily Top 200 chart-attributed streams"",""country_rank"":895}"
896,Paranoid,Post Malone,[],,,,[],"[""und""]",,,,,,,spotify_country_chart_streams,62498.0,streams,62498,Spotify regional daily chart (Kworb aggregate),,,3fpVWegR6YOS1Yk5HSMYIq,,,https://kworb.net/spotify/country/mt_weekly_totals.html,2026-10-02,"Exact aggregate of streams observed while this recording was inside Spotify's daily Top 200 for Malta, as aggregated by Kworb from Spotify chart data. Streams earned outside the chart are not included. Chart coverage on the source page: 2014-01-12 through 2020-07-02.","{""country_code"":""MT"",""country_name"":""Malta"",""chart_coverage_start"":""2014-01-12"",""chart_coverage_end"":""2020-07-02"",""days_on_chart"":10,""top10_days"":1,""peak_rank"":5,""peak_occurrences"":null,""peak_daily_streams"":14768,""metric_scope"":""country-specific Spotify daily Top 200 chart-attributed streams"",""country_rank"":896}"
897,Christmas Lights,Coldplay,[],,,,[],"[""und""]",,,,,,,spotify_country_chart_streams,62488.0,streams,62488,Spotify regional daily chart (Kworb aggregate),,,4fzyvSu73BhGvi96p2zwjL,,,https://kworb.net/spotify/country/mt_weekly_totals.html,2026-10-02,"Exact aggregate of streams observed while this recording was inside Spotify's daily Top 200 for Malta, as aggregated by Kworb from Spotify chart data. Streams earned outside the chart are not included. Chart coverage on the source page: 2014-01-12 through 2020-07-02.","{""country_code"":""MT"",""country_name"":""Malta"",""chart_coverage_start"":""2014-01-12"",""chart_coverage_end"":""2020-07-02"",""days_on_chart"":21,""top10_days"":null,""peak_rank"":53,""peak_occurrences"":null,""peak_daily_streams"":7065,""metric_scope"":""country-specific Spotify daily Top 200 chart-attributed streams"",""country_rank"":897}"
898,VALENTINO,24kGoldn,[],,,,[],"[""und""]",,,,,,,spotify_country_chart_streams,62430.0,streams,62430,Spotify regional daily chart (Kworb aggregate),,,6piAUJJQFD8oHDUr0b7l7q,,,https://kworb.net/spotify/country/mt_weekly_totals.html,2026-10-02,"Exact aggregate of streams observed while this recording was inside Spotify's daily Top 200 for Malta, as aggregated by Kworb from Spotify chart data. Streams earned outside the chart are not included. Chart coverage on the source page: 2014-01-12 through 2020-07-02.","{""country_code"":""MT"",""country_name"":""Malta"",""chart_coverage_start"":""2014-01-12"",""chart_coverage_end"":""2020-07-02"",""days_on_chart"":23,""top10_days"":null,""peak_rank"":80,""peak_occurrences"":null,""peak_daily_streams"":3721,""metric_scope"":""country-specific Spotify daily Top 200 chart-attributed streams"",""country_rank"":898}"
899,Romantic - NOTD Remix,Stanaj,[],,,,[],"[""und""]",,,,,,,spotify_country_chart_streams,62273.0,streams,62273,Spotify regional daily chart (Kworb aggregate),,,1pvgpkMqtQyOGePdYOTt9U,,,https://kworb.net/spotify/country/mt_weekly_totals.html,2026-10-02,"Exact aggregate of streams observed while this recording was inside Spotify's daily Top 200 for Malta, as aggregated by Kworb from Spotify chart data. Streams earned outside the chart are not included. Chart coverage on the source page: 2014-01-12 through 2020-07-02.","{""country_code"":""MT"",""country_name"":""Malta"",""chart_coverage_start"":""2014-01-12"",""chart_coverage_end"":""2020-07-02"",""days_on_chart"":18,""top10_days"":null,""peak_rank"":36,""peak_occurrences"":null,""peak_daily_streams"":6155,""metric_scope"":""country-specific Spotify daily Top 200 chart-attributed streams"",""country_rank"":899}"
900,God Is A Dancer,Tiësto,[],,,,[],"[""und""]",,,,,,,spotify_country_chart_streams,62216.0,streams,62216,Spotify regional daily chart (Kworb aggregate),,,6fenHIxXuuzKB55wY4WCHP,,,https://kworb.net/spotify/country/mt_weekly_totals.html,2026-10-02,"Exact aggregate of streams observed while this recording was inside Spotify's daily Top 200 for Malta, as aggregated by Kworb from Spotify chart data. Streams earned outside the chart are not included. Chart coverage on the source page: 2014-01-12 through 2020-07-02.","{""country_code"":""MT"",""country_name"":""Malta"",""chart_coverage_start"":""2014-01-12"",""chart_coverage_end"":""2020-07-02"",""days_on_chart"":23,""top10_days"":null,""peak_rank"":79,""peak_occurrences"":null,""peak_daily_streams"":3566,""metric_scope"":""country-specific Spotify daily Top 200 chart-attributed streams"",""country_rank"":900}"
901,A Million Dreams,Ziv Zaifman,[],,,,[],"[""und""]",,,,,,,spotify_country_chart_streams,62110.0,streams,62110,Spotify regional daily chart (Kworb aggregate),,,0RoA7ObU6phWpqhlC9zH4Z,,,https://kworb.net/spotify/country/mt_weekly_totals.html,2026-10-02,"Exact aggregate of streams observed while this recording was inside Spotify's daily Top 200 for Malta, as aggregated by Kworb from Spotify chart data. Streams earned outside the chart are not included. Chart coverage on the source page: 2014-01-12 through 2020-07-02.","{""country_code"":""MT"",""country_name"":""Malta"",""chart_coverage_start"":""2014-01-12"",""chart_coverage_end"":""2020-07-02"",""days_on_chart"":17,""top10_days"":null,""peak_rank"":56,""peak_occurrences"":null,""peak_daily_streams"":4694,""metric_scope"":""country-specific Spotify daily Top 200 chart-attributed streams"",""country_rank"":901}"
902,Bipolar,Chris Jedi,[],,,,[],"[""und""]",,,,,,,spotify_country_chart_streams,61954.0,streams,61954,Spotify regional daily chart (Kworb aggregate),,,4WzsycqZkpkS48H9AAAGux,,,https://kworb.net/spotify/country/mt_weekly_totals.html,2026-10-02,"Exact aggregate of streams observed while this recording was inside Spotify's daily Top 200 for Malta, as aggregated by Kworb from Spotify chart data. Streams earned outside the chart are not included. Chart coverage on the source page: 2014-01-12 through 2020-07-02.","{""country_code"":""MT"",""country_name"":""Malta"",""chart_coverage_start"":""2014-01-12"",""chart_coverage_end"":""2020-07-02"",""days_on_chart"":19,""top10_days"":null,""peak_rank"":73,""peak_occurrences"":null,""peak_daily_streams"":4562,""metric_scope"":""country-specific Spotify daily Top 200 chart-attributed streams"",""country_rank"":902}"
903,Strike a Pose,Young T & Bugsey,[],,,,[],"[""und""]",,,,,,,spotify_country_chart_streams,61922.0,streams,61922,Spotify regional daily chart (Kworb aggregate),,,23GvTfcGK454ppLsts3W44,,,https://kworb.net/spotify/country/mt_weekly_totals.html,2026-10-02,"Exact aggregate of streams observed while this recording was inside Spotify's daily Top 200 for Malta, as aggregated by Kworb from Spotify chart data. Streams earned outside the chart are not included. Chart coverage on the source page: 2014-01-12 through 2020-07-02.","{""country_code"":""MT"",""country_name"":""Malta"",""chart_coverage_start"":""2014-01-12"",""chart_coverage_end"":""2020-07-02"",""days_on_chart"":20,""top10_days"":null,""peak_rank"":53,""peak_occurrences"":null,""peak_daily_streams"":4659,""metric_scope"":""country-specific Spotify daily Top 200 chart-attributed streams"",""country_rank"":903}"
904,Get Ugly,Jason Derulo,[],,,,[],"[""und""]",,,,,,,spotify_country_chart_streams,61765.0,streams,61765,Spotify regional daily chart (Kworb aggregate),,,1dl3vuXJS9anUXE7XnNP75,,,https://kworb.net/spotify/country/mt_weekly_totals.html,2026-10-02,"Exact aggregate of streams observed while this recording was inside Spotify's daily Top 200 for Malta, as aggregated by Kworb from Spotify chart data. Streams earned outside the chart are not included. Chart coverage on the source page: 2014-01-12 through 2020-07-02.","{""country_code"":""MT"",""country_name"":""Malta"",""chart_coverage_start"":""2014-01-12"",""chart_coverage_end"":""2020-07-02"",""days_on_chart"":22,""top10_days"":null,""peak_rank"":33,""peak_occurrences"":null,""peak_daily_streams"":4569,""metric_scope"":""country-specific Spotify daily Top 200 chart-attributed streams"",""country_rank"":904}"
905,Dangerous,David Guetta,[],,,,[],"[""und""]",,,,,,,spotify_country_chart_streams,61705.0,streams,61705,Spotify regional daily chart (Kworb aggregate),,,7pqgMEKsDMOHUdFQ7n0N9K,,,https://kworb.net/spotify/country/mt_weekly_totals.html,2026-10-02,"Exact aggregate of streams observed while this recording was inside Spotify's daily Top 200 for Malta, as aggregated by Kworb from Spotify chart data. Streams earned outside the chart are not included. Chart coverage on the source page: 2014-01-12 through 2020-07-02.","{""country_code"":""MT"",""country_name"":""Malta"",""chart_coverage_start"":""2014-01-12"",""chart_coverage_end"":""2020-07-02"",""days_on_chart"":21,""top10_days"":6,""peak_rank"":4,""peak_occurrences"":null,""peak_daily_streams"":5108,""metric_scope"":""country-specific Spotify daily Top 200 chart-attributed streams"",""country_rank"":905}"
906,Bedroom Floor,Liam Payne,[],,,,[],"[""und""]",,,,,,,spotify_country_chart_streams,61604.0,streams,61604,Spotify regional daily chart (Kworb aggregate),,,1pZdegOXTZ2ftINo3oUuRZ,,,https://kworb.net/spotify/country/mt_weekly_totals.html,2026-10-02,"Exact aggregate of streams observed while this recording was inside Spotify's daily Top 200 for Malta, as aggregated by Kworb from Spotify chart data. Streams earned outside the chart are not included. Chart coverage on the source page: 2014-01-12 through 2020-07-02.","{""country_code"":""MT"",""country_name"":""Malta"",""chart_coverage_start"":""2014-01-12"",""chart_coverage_end"":""2020-07-02"",""days_on_chart"":19,""top10_days"":null,""peak_rank"":29,""peak_occurrences"":null,""peak_daily_streams"":6842,""metric_scope"":""country-specific Spotify daily Top 200 chart-attributed streams"",""country_rank"":906}"
907,365,Zedd,[],,,,[],"[""und""]",,,,,,,spotify_country_chart_streams,61546.0,streams,61546,Spotify regional daily chart (Kworb aggregate),,,2XWjPtKdi5sucFYtVav07d,,,https://kworb.net/spotify/country/mt_weekly_totals.html,2026-10-02,"Exact aggregate of streams observed while this recording was inside Spotify's daily Top 200 for Malta, as aggregated by Kworb from Spotify chart data. Streams earned outside the chart are not included. Chart coverage on the source page: 2014-01-12 through 2020-07-02.","{""country_code"":""MT"",""country_name"":""Malta"",""chart_coverage_start"":""2014-01-12"",""chart_coverage_end"":""2020-07-02"",""days_on_chart"":13,""top10_days"":null,""peak_rank"":29,""peak_occurrences"":null,""peak_daily_streams"":8995,""metric_scope"":""country-specific Spotify daily Top 200 chart-attributed streams"",""country_rank"":907}"
908,Somebody,The Chainsmokers,[],,,,[],"[""und""]",,,,,,,spotify_country_chart_streams,61387.0,streams,61387,Spotify regional daily chart (Kworb aggregate),,,3pWcj8hxj3fsb9TDAcMpEl,,,https://kworb.net/spotify/country/mt_weekly_totals.html,2026-10-02,"Exact aggregate of streams observed while this recording was inside Spotify's daily Top 200 for Malta, as aggregated by Kworb from Spotify chart data. Streams earned outside the chart are not included. Chart coverage on the source page: 2014-01-12 through 2020-07-02.","{""country_code"":""MT"",""country_name"":""Malta"",""chart_coverage_start"":""2014-01-12"",""chart_coverage_end"":""2020-07-02"",""days_on_chart"":12,""top10_days"":null,""peak_rank"":40,""peak_occurrences"":null,""peak_daily_streams"":6417,""metric_scope"":""country-specific Spotify daily Top 200 chart-attributed streams"",""country_rank"":908}"
909,Still Be Friends,G-Eazy,[],,,,[],"[""und""]",,,,,,,spotify_country_chart_streams,61220.0,streams,61220,Spotify regional daily chart (Kworb aggregate),,,0JjM9bKm4wrwohMslcm892,,,https://kworb.net/spotify/country/mt_weekly_totals.html,2026-10-02,"Exact aggregate of streams observed while this recording was inside Spotify's daily Top 200 for Malta, as aggregated by Kworb from Spotify chart data. Streams earned outside the chart are not included. Chart coverage on the source page: 2014-01-12 through 2020-07-02.","{""country_code"":""MT"",""country_name"":""Malta"",""chart_coverage_start"":""2014-01-12"",""chart_coverage_end"":""2020-07-02"",""days_on_chart"":21,""top10_days"":null,""peak_rank"":50,""peak_occurrences"":null,""peak_daily_streams"":4723,""metric_scope"":""country-specific Spotify daily Top 200 chart-attributed streams"",""country_rank"":909}"
910,I'll Show You,Justin Bieber,[],,,,[],"[""und""]",,,,,,,spotify_country_chart_streams,61018.0,streams,61018,Spotify regional daily chart (Kworb aggregate),,,747eWJy8c3u09N30NSqSTp,,,https://kworb.net/spotify/country/mt_weekly_totals.html,2026-10-02,"Exact aggregate of streams observed while this recording was inside Spotify's daily Top 200 for Malta, as aggregated by Kworb from Spotify chart data. Streams earned outside the chart are not included. Chart coverage on the source page: 2014-01-12 through 2020-07-02.","{""country_code"":""MT"",""country_name"":""Malta"",""chart_coverage_start"":""2014-01-12"",""chart_coverage_end"":""2020-07-02"",""days_on_chart"":18,""top10_days"":2,""peak_rank"":6,""peak_occurrences"":null,""peak_daily_streams"":6661,""metric_scope"":""country-specific Spotify daily Top 200 chart-attributed streams"",""country_rank"":910}"
911,El Perdón,Nicky Jam,[],,,,[],"[""und""]",,,,,,,spotify_country_chart_streams,60837.0,streams,60837,Spotify regional daily chart (Kworb aggregate),,,4Ld3RS6KBXGsvtfmnjxlVl,,,https://kworb.net/spotify/country/mt_weekly_totals.html,2026-10-02,"Exact aggregate of streams observed while this recording was inside Spotify's daily Top 200 for Malta, as aggregated by Kworb from Spotify chart data. Streams earned outside the chart are not included. Chart coverage on the source page: 2014-01-12 through 2020-07-02.","{""country_code"":""MT"",""country_name"":""Malta"",""chart_coverage_start"":""2014-01-12"",""chart_coverage_end"":""2020-07-02"",""days_on_chart"":32,""top10_days"":null,""peak_rank"":34,""peak_occurrences"":null,""peak_daily_streams"":2907,""metric_scope"":""country-specific Spotify daily Top 200 chart-attributed streams"",""country_rank"":911}"
912,China,Anuel AA,[],,,,[],"[""und""]",,,,,,,spotify_country_chart_streams,60830.0,streams,60830,Spotify regional daily chart (Kworb aggregate),,,2ksOAxtIxY8yElEWw8RhgK,,,https://kworb.net/spotify/country/mt_weekly_totals.html,2026-10-02,"Exact aggregate of streams observed while this recording was inside Spotify's daily Top 200 for Malta, as aggregated by Kworb from Spotify chart data. Streams earned outside the chart are not included. Chart coverage on the source page: 2014-01-12 through 2020-07-02.","{""country_code"":""MT"",""country_name"":""Malta"",""chart_coverage_start"":""2014-01-12"",""chart_coverage_end"":""2020-07-02"",""days_on_chart"":17,""top10_days"":null,""peak_rank"":33,""peak_occurrences"":null,""peak_daily_streams"":5752,""metric_scope"":""country-specific Spotify daily Top 200 chart-attributed streams"",""country_rank"":912}"
913,Steal My Girl,One Direction,[],,,,[],"[""und""]",,,,,,,spotify_country_chart_streams,60760.0,streams,60760,Spotify regional daily chart (Kworb aggregate),,,3QEdkjBmbgwTnfvuZL9U97,,,https://kworb.net/spotify/country/mt_weekly_totals.html,2026-10-02,"Exact aggregate of streams observed while this recording was inside Spotify's daily Top 200 for Malta, as aggregated by Kworb from Spotify chart data. Streams earned outside the chart are not included. Chart coverage on the source page: 2014-01-12 through 2020-07-02.","{""country_code"":""MT"",""country_name"":""Malta"",""chart_coverage_start"":""2014-01-12"",""chart_coverage_end"":""2020-07-02"",""days_on_chart"":17,""top10_days"":9,""peak_rank"":2,""peak_occurrences"":1,""peak_daily_streams"":4976,""metric_scope"":""country-specific Spotify daily Top 200 chart-attributed streams"",""country_rank"":913}"
914,DUELE EL CORAZON,Enrique Iglesias,[],,,,[],"[""und""]",,,,,,,spotify_country_chart_streams,60519.0,streams,60519,Spotify regional daily chart (Kworb aggregate),,,6YZdkObH88npeKrrkb8Ggf,,,https://kworb.net/spotify/country/mt_weekly_totals.html,2026-10-02,"Exact aggregate of streams observed while this recording was inside Spotify's daily Top 200 for Malta, as aggregated by Kworb from Spotify chart data. Streams earned outside the chart are not included. Chart coverage on the source page: 2014-01-12 through 2020-07-02.","{""country_code"":""MT"",""country_name"":""Malta"",""chart_coverage_start"":""2014-01-12"",""chart_coverage_end"":""2020-07-02"",""days_on_chart"":26,""top10_days"":null,""peak_rank"":57,""peak_occurrences"":null,""peak_daily_streams"":3200,""metric_scope"":""country-specific Spotify daily Top 200 chart-attributed streams"",""country_rank"":914}"
915,Panic Room,Au/Ra,[],,,,[],"[""und""]",,,,,,,spotify_country_chart_streams,60429.0,streams,60429,Spotify regional daily chart (Kworb aggregate),,,3MkuFR7t25mu7Iscp6GGiV,,,https://kworb.net/spotify/country/mt_weekly_totals.html,2026-10-02,"Exact aggregate of streams observed while this recording was inside Spotify's daily Top 200 for Malta, as aggregated by Kworb from Spotify chart data. Streams earned outside the chart are not included. Chart coverage on the source page: 2014-01-12 through 2020-07-02.","{""country_code"":""MT"",""country_name"":""Malta"",""chart_coverage_start"":""2014-01-12"",""chart_coverage_end"":""2020-07-02"",""days_on_chart"":18,""top10_days"":null,""peak_rank"":76,""peak_occurrences"":null,""peak_daily_streams"":4111,""metric_scope"":""country-specific Spotify daily Top 200 chart-attributed streams"",""country_rank"":915}"
916,Bon Appétit,Katy Perry,[],,,,[],"[""und""]",,,,,,,spotify_country_chart_streams,60329.0,streams,60329,Spotify regional daily chart (Kworb aggregate),,,14oOKFGuXu8DqvOe1W8vao,,,https://kworb.net/spotify/country/mt_weekly_totals.html,2026-10-02,"Exact aggregate of streams observed while this recording was inside Spotify's daily Top 200 for Malta, as aggregated by Kworb from Spotify chart data. Streams earned outside the chart are not included. Chart coverage on the source page: 2014-01-12 through 2020-07-02.","{""country_code"":""MT"",""country_name"":""Malta"",""chart_coverage_start"":""2014-01-12"",""chart_coverage_end"":""2020-07-02"",""days_on_chart"":15,""top10_days"":null,""peak_rank"":34,""peak_occurrences"":null,""peak_daily_streams"":7949,""metric_scope"":""country-specific Spotify daily Top 200 chart-attributed streams"",""country_rank"":916}"
917,Wish You Well,Sigala,[],,,,[],"[""und""]",,,,,,,spotify_country_chart_streams,60197.0,streams,60197,Spotify regional daily chart (Kworb aggregate),,,1yAPglN5AGf7UoLK062ZYq,,,https://kworb.net/spotify/country/mt_weekly_totals.html,2026-10-02,"Exact aggregate of streams observed while this recording was inside Spotify's daily Top 200 for Malta, as aggregated by Kworb from Spotify chart data. Streams earned outside the chart are not included. Chart coverage on the source page: 2014-01-12 through 2020-07-02.","{""country_code"":""MT"",""country_name"":""Malta"",""chart_coverage_start"":""2014-01-12"",""chart_coverage_end"":""2020-07-02"",""days_on_chart"":20,""top10_days"":null,""peak_rank"":59,""peak_occurrences"":null,""peak_daily_streams"":4155,""metric_scope"":""country-specific Spotify daily Top 200 chart-attributed streams"",""country_rank"":917}"
918,This Town,Niall Horan,[],,,,[],"[""und""]",,,,,,,spotify_country_chart_streams,60185.0,streams,60185,Spotify regional daily chart (Kworb aggregate),,,5nA67Y0XX9JipZwYxX7Gl7,,,https://kworb.net/spotify/country/mt_weekly_totals.html,2026-10-02,"Exact aggregate of streams observed while this recording was inside Spotify's daily Top 200 for Malta, as aggregated by Kworb from Spotify chart data. Streams earned outside the chart are not included. Chart coverage on the source page: 2014-01-12 through 2020-07-02.","{""country_code"":""MT"",""country_name"":""Malta"",""chart_coverage_start"":""2014-01-12"",""chart_coverage_end"":""2020-07-02"",""days_on_chart"":22,""top10_days"":null,""peak_rank"":33,""peak_occurrences"":null,""peak_daily_streams"":5643,""metric_scope"":""country-specific Spotify daily Top 200 chart-attributed streams"",""country_rank"":918}"
919,Raging,Kygo,[],,,,[],"[""und""]",,,,,,,spotify_country_chart_streams,60096.0,streams,60096,Spotify regional daily chart (Kworb aggregate),,,2Vhd5uZB4brKHmM0MNxkZo,,,https://kworb.net/spotify/country/mt_weekly_totals.html,2026-10-02,"Exact aggregate of streams observed while this recording was inside Spotify's daily Top 200 for Malta, as aggregated by Kworb from Spotify chart data. Streams earned outside the chart are not included. Chart coverage on the source page: 2014-01-12 through 2020-07-02.","{""country_code"":""MT"",""country_name"":""Malta"",""chart_coverage_start"":""2014-01-12"",""chart_coverage_end"":""2020-07-02"",""days_on_chart"":31,""top10_days"":null,""peak_rank"":48,""peak_occurrences"":null,""peak_daily_streams"":3834,""metric_scope"":""country-specific Spotify daily Top 200 chart-attributed streams"",""country_rank"":919}"
920,Venom - Music From The Motion Picture,Eminem,[],,,,[],"[""und""]",,,,,,,spotify_country_chart_streams,60024.0,streams,60024,Spotify regional daily chart (Kworb aggregate),,,2SL6oP2YAEQbqsrkOzRGO4,,,https://kworb.net/spotify/country/mt_weekly_totals.html,2026-10-02,"Exact aggregate of streams observed while this recording was inside Spotify's daily Top 200 for Malta, as aggregated by Kworb from Spotify chart data. Streams earned outside the chart are not included. Chart coverage on the source page: 2014-01-12 through 2020-07-02.","{""country_code"":""MT"",""country_name"":""Malta"",""chart_coverage_start"":""2014-01-12"",""chart_coverage_end"":""2020-07-02"",""days_on_chart"":14,""top10_days"":null,""peak_rank"":38,""peak_occurrences"":null,""peak_daily_streams"":6902,""metric_scope"":""country-specific Spotify daily Top 200 chart-attributed streams"",""country_rank"":920}"
921,Hookah & Sheridan s,Tommy Boysen,[],,,,[],"[""und""]",,,,,,,spotify_country_chart_streams,60015.0,streams,60015,Spotify regional daily chart (Kworb aggregate),,,3QfD4bxxkopZL7XZ8RaezH,,,https://kworb.net/spotify/country/mt_weekly_totals.html,2026-10-02,"Exact aggregate of streams observed while this recording was inside Spotify's daily Top 200 for Malta, as aggregated by Kworb from Spotify chart data. Streams earned outside the chart are not included. Chart coverage on the source page: 2014-01-12 through 2020-07-02.","{""country_code"":""MT"",""country_name"":""Malta"",""chart_coverage_start"":""2014-01-12"",""chart_coverage_end"":""2020-07-02"",""days_on_chart"":15,""top10_days"":null,""peak_rank"":59,""peak_occurrences"":null,""peak_daily_streams"":5637,""metric_scope"":""country-specific Spotify daily Top 200 chart-attributed streams"",""country_rank"":921}"
922,I Wanna Know,NOTD,[],,,,[],"[""und""]",,,,,,,spotify_country_chart_streams,59817.0,streams,59817,Spotify regional daily chart (Kworb aggregate),,,18W92Zm1KjLCbUIszOhpkD,,,https://kworb.net/spotify/country/mt_weekly_totals.html,2026-10-02,"Exact aggregate of streams observed while this recording was inside Spotify's daily Top 200 for Malta, as aggregated by Kworb from Spotify chart data. Streams earned outside the chart are not included. Chart coverage on the source page: 2014-01-12 through 2020-07-02.","{""country_code"":""MT"",""country_name"":""Malta"",""chart_coverage_start"":""2014-01-12"",""chart_coverage_end"":""2020-07-02"",""days_on_chart"":15,""top10_days"":null,""peak_rank"":37,""peak_occurrences"":null,""peak_daily_streams"":6887,""metric_scope"":""country-specific Spotify daily Top 200 chart-attributed streams"",""country_rank"":922}"
923,Yellow Hearts,Ant Saunders,[],,,,[],"[""und""]",,,,,,,spotify_country_chart_streams,59784.0,streams,59784,Spotify regional daily chart (Kworb aggregate),,,2W4yABdLc4Jnds67Poi5Nl,,,https://kworb.net/spotify/country/mt_weekly_totals.html,2026-10-02,"Exact aggregate of streams observed while this recording was inside Spotify's daily Top 200 for Malta, as aggregated by Kworb from Spotify chart data. Streams earned outside the chart are not included. Chart coverage on the source page: 2014-01-12 through 2020-07-02.","{""country_code"":""MT"",""country_name"":""Malta"",""chart_coverage_start"":""2014-01-12"",""chart_coverage_end"":""2020-07-02"",""days_on_chart"":14,""top10_days"":null,""peak_rank"":34,""peak_occurrences"":null,""peak_daily_streams"":5998,""metric_scope"":""country-specific Spotify daily Top 200 chart-attributed streams"",""country_rank"":923}"
924,Real Friends,Camila Cabello,[],,,,[],"[""und""]",,,,,,,spotify_country_chart_streams,59727.0,streams,59727,Spotify regional daily chart (Kworb aggregate),,,3iq9nhbI8fcnNamxMft1uv,,,https://kworb.net/spotify/country/mt_weekly_totals.html,2026-10-02,"Exact aggregate of streams observed while this recording was inside Spotify's daily Top 200 for Malta, as aggregated by Kworb from Spotify chart data. Streams earned outside the chart are not included. Chart coverage on the source page: 2014-01-12 through 2020-07-02.","{""country_code"":""MT"",""country_name"":""Malta"",""chart_coverage_start"":""2014-01-12"",""chart_coverage_end"":""2020-07-02"",""days_on_chart"":15,""top10_days"":null,""peak_rank"":18,""peak_occurrences"":null,""peak_daily_streams"":8670,""metric_scope"":""country-specific Spotify daily Top 200 chart-attributed streams"",""alternate_metrics"":[{""metric_name"":""spotify_country_chart_streams"",""metric_value"":10097.0,""metric_unit"":""streams"",""listen_count"":10097,""view_count"":null,""source_url"":""https://kworb.net/spotify/country/mt_weekly_totals.html"",""retrieved_at"":""2026-10-02""}],""merged_sources"":[""https://kworb.net/spotify/country/mt_weekly_totals.html""],""country_rank"":924}"
925,Feels Great,Cheat Codes,[],,,,[],"[""und""]",,,,,,,spotify_country_chart_streams,59698.0,streams,59698,Spotify regional daily chart (Kworb aggregate),,,5uu28fUesZMl89lf9CLrgN,,,https://kworb.net/spotify/country/mt_weekly_totals.html,2026-10-02,"Exact aggregate of streams observed while this recording was inside Spotify's daily Top 200 for Malta, as aggregated by Kworb from Spotify chart data. Streams earned outside the chart are not included. Chart coverage on the source page: 2014-01-12 through 2020-07-02.","{""country_code"":""MT"",""country_name"":""Malta"",""chart_coverage_start"":""2014-01-12"",""chart_coverage_end"":""2020-07-02"",""days_on_chart"":19,""top10_days"":null,""peak_rank"":43,""peak_occurrences"":null,""peak_daily_streams"":5316,""metric_scope"":""country-specific Spotify daily Top 200 chart-attributed streams"",""country_rank"":925}"
926,Murder On My Mind,YNW Melly,[],,,,[],"[""und""]",,,,,,,spotify_country_chart_streams,59564.0,streams,59564,Spotify regional daily chart (Kworb aggregate),,,7eBqSVxrzQZtK2mmgRG6lC,,,https://kworb.net/spotify/country/mt_weekly_totals.html,2026-10-02,"Exact aggregate of streams observed while this recording was inside Spotify's daily Top 200 for Malta, as aggregated by Kworb from Spotify chart data. Streams earned outside the chart are not included. Chart coverage on the source page: 2014-01-12 through 2020-07-02.","{""country_code"":""MT"",""country_name"":""Malta"",""chart_coverage_start"":""2014-01-12"",""chart_coverage_end"":""2020-07-02"",""days_on_chart"":16,""top10_days"":null,""peak_rank"":61,""peak_occurrences"":null,""peak_daily_streams"":5302,""metric_scope"":""country-specific Spotify daily Top 200 chart-attributed streams"",""country_rank"":926}"
927,Praying,Kesha,[],,,,[],"[""und""]",,,,,,,spotify_country_chart_streams,59329.0,streams,59329,Spotify regional daily chart (Kworb aggregate),,,0jdny0dhgjUwoIp5GkqEaA,,,https://kworb.net/spotify/country/mt_weekly_totals.html,2026-10-02,"Exact aggregate of streams observed while this recording was inside Spotify's daily Top 200 for Malta, as aggregated by Kworb from Spotify chart data. Streams earned outside the chart are not included. Chart coverage on the source page: 2014-01-12 through 2020-07-02.","{""country_code"":""MT"",""country_name"":""Malta"",""chart_coverage_start"":""2014-01-12"",""chart_coverage_end"":""2020-07-02"",""days_on_chart"":13,""top10_days"":null,""peak_rank"":32,""peak_occurrences"":null,""peak_daily_streams"":6292,""metric_scope"":""country-specific Spotify daily Top 200 chart-attributed streams"",""country_rank"":927}"
928,Trust Nobody,Cashmere Cat,[],,,,[],"[""und""]",,,,,,,spotify_country_chart_streams,59234.0,streams,59234,Spotify regional daily chart (Kworb aggregate),,,2RlcBZiskvuupu6pG8bsNe,,,https://kworb.net/spotify/country/mt_weekly_totals.html,2026-10-02,"Exact aggregate of streams observed while this recording was inside Spotify's daily Top 200 for Malta, as aggregated by Kworb from Spotify chart data. Streams earned outside the chart are not included. Chart coverage on the source page: 2014-01-12 through 2020-07-02.","{""country_code"":""MT"",""country_name"":""Malta"",""chart_coverage_start"":""2014-01-12"",""chart_coverage_end"":""2020-07-02"",""days_on_chart"":17,""top10_days"":null,""peak_rank"":35,""peak_occurrences"":null,""peak_daily_streams"":4588,""metric_scope"":""country-specific Spotify daily Top 200 chart-attributed streams"",""country_rank"":928}"
929,Watch Me (Whip / Nae Nae),Silentó,[],,,,[],"[""und""]",,,,,,,spotify_country_chart_streams,59182.0,streams,59182,Spotify regional daily chart (Kworb aggregate),,,5RIVoVdkDLEygELLCniZFr,,,https://kworb.net/spotify/country/mt_weekly_totals.html,2026-10-02,"Exact aggregate of streams observed while this recording was inside Spotify's daily Top 200 for Malta, as aggregated by Kworb from Spotify chart data. Streams earned outside the chart are not included. Chart coverage on the source page: 2014-01-12 through 2020-07-02.","{""country_code"":""MT"",""country_name"":""Malta"",""chart_coverage_start"":""2014-01-12"",""chart_coverage_end"":""2020-07-02"",""days_on_chart"":24,""top10_days"":null,""peak_rank"":17,""peak_occurrences"":null,""peak_daily_streams"":4611,""metric_scope"":""country-specific Spotify daily Top 200 chart-attributed streams"",""country_rank"":929}"
930,Confident,Demi Lovato,[],,,,[],"[""und""]",,,,,,,spotify_country_chart_streams,58965.0,streams,58965,Spotify regional daily chart (Kworb aggregate),,,6WjmPTZKeDylStKmGHLcqQ,,,https://kworb.net/spotify/country/mt_weekly_totals.html,2026-10-02,"Exact aggregate of streams observed while this recording was inside Spotify's daily Top 200 for Malta, as aggregated by Kworb from Spotify chart data. Streams earned outside the chart are not included. Chart coverage on the source page: 2014-01-12 through 2020-07-02.","{""country_code"":""MT"",""country_name"":""Malta"",""chart_coverage_start"":""2014-01-12"",""chart_coverage_end"":""2020-07-02"",""days_on_chart"":20,""top10_days"":null,""peak_rank"":15,""peak_occurrences"":null,""peak_daily_streams"":5419,""metric_scope"":""country-specific Spotify daily Top 200 chart-attributed streams"",""country_rank"":930}"
931,Rock Bottom,Hailee Steinfeld,[],,,,[],"[""und""]",,,,,,,spotify_country_chart_streams,58917.0,streams,58917,Spotify regional daily chart (Kworb aggregate),,,2qxaR31Te4xDR2yO6LqM8z,,,https://kworb.net/spotify/country/mt_weekly_totals.html,2026-10-02,"Exact aggregate of streams observed while this recording was inside Spotify's daily Top 200 for Malta, as aggregated by Kworb from Spotify chart data. Streams earned outside the chart are not included. Chart coverage on the source page: 2014-01-12 through 2020-07-02.","{""country_code"":""MT"",""country_name"":""Malta"",""chart_coverage_start"":""2014-01-12"",""chart_coverage_end"":""2020-07-02"",""days_on_chart"":21,""top10_days"":null,""peak_rank"":44,""peak_occurrences"":null,""peak_daily_streams"":3831,""metric_scope"":""country-specific Spotify daily Top 200 chart-attributed streams"",""country_rank"":931}"
932,The Heart Wants What It Wants,Selena Gomez,[],,,,[],"[""und""]",,,,,,,spotify_country_chart_streams,58889.0,streams,58889,Spotify regional daily chart (Kworb aggregate),,,7pJgjBf82BrUQ3z7HdQvW1,,,https://kworb.net/spotify/country/mt_weekly_totals.html,2026-10-02,"Exact aggregate of streams observed while this recording was inside Spotify's daily Top 200 for Malta, as aggregated by Kworb from Spotify chart data. Streams earned outside the chart are not included. Chart coverage on the source page: 2014-01-12 through 2020-07-02.","{""country_code"":""MT"",""country_name"":""Malta"",""chart_coverage_start"":""2014-01-12"",""chart_coverage_end"":""2020-07-02"",""days_on_chart"":18,""top10_days"":5,""peak_rank"":5,""peak_occurrences"":null,""peak_daily_streams"":4544,""metric_scope"":""country-specific Spotify daily Top 200 chart-attributed streams"",""country_rank"":932}"
933,La Forma en Que Me Miras,Super Yei,[],,,,[],"[""und""]",,,,,,,spotify_country_chart_streams,58807.0,streams,58807,Spotify regional daily chart (Kworb aggregate),,,6t94PGXYAuo9GbJEnMpPcW,,,https://kworb.net/spotify/country/mt_weekly_totals.html,2026-10-02,"Exact aggregate of streams observed while this recording was inside Spotify's daily Top 200 for Malta, as aggregated by Kworb from Spotify chart data. Streams earned outside the chart are not included. Chart coverage on the source page: 2014-01-12 through 2020-07-02.","{""country_code"":""MT"",""country_name"":""Malta"",""chart_coverage_start"":""2014-01-12"",""chart_coverage_end"":""2020-07-02"",""days_on_chart"":19,""top10_days"":null,""peak_rank"":114,""peak_occurrences"":null,""peak_daily_streams"":4054,""metric_scope"":""country-specific Spotify daily Top 200 chart-attributed streams"",""country_rank"":933}"
934,Catch & Release - Deepend Remix,Matt Simons,[],,,,[],"[""und""]",,,,,,,spotify_country_chart_streams,58759.0,streams,58759,Spotify regional daily chart (Kworb aggregate),,,3MSZpokwCtkv9BV0vS3uGr,,,https://kworb.net/spotify/country/mt_weekly_totals.html,2026-10-02,"Exact aggregate of streams observed while this recording was inside Spotify's daily Top 200 for Malta, as aggregated by Kworb from Spotify chart data. Streams earned outside the chart are not included. Chart coverage on the source page: 2014-01-12 through 2020-07-02.","{""country_code"":""MT"",""country_name"":""Malta"",""chart_coverage_start"":""2014-01-12"",""chart_coverage_end"":""2020-07-02"",""days_on_chart"":34,""top10_days"":null,""peak_rank"":70,""peak_occurrences"":null,""peak_daily_streams"":2386,""metric_scope"":""country-specific Spotify daily Top 200 chart-attributed streams"",""country_rank"":934}"
935,Ghost,Ella Henderson,[],,,,[],"[""und""]",,,,,,,spotify_country_chart_streams,58728.0,streams,58728,Spotify regional daily chart (Kworb aggregate),,,4XPWKmy05Rcff6TLHNoNF8,,,https://kworb.net/spotify/country/mt_weekly_totals.html,2026-10-02,"Exact aggregate of streams observed while this recording was inside Spotify's daily Top 200 for Malta, as aggregated by Kworb from Spotify chart data. Streams earned outside the chart are not included. Chart coverage on the source page: 2014-01-12 through 2020-07-02.","{""country_code"":""MT"",""country_name"":""Malta"",""chart_coverage_start"":""2014-01-12"",""chart_coverage_end"":""2020-07-02"",""days_on_chart"":24,""top10_days"":4,""peak_rank"":9,""peak_occurrences"":null,""peak_daily_streams"":3826,""metric_scope"":""country-specific Spotify daily Top 200 chart-attributed streams"",""country_rank"":935}"
936,Hunter,Galantis,[],,,,[],"[""und""]",,,,,,,spotify_country_chart_streams,58661.0,streams,58661,Spotify regional daily chart (Kworb aggregate),,,3caMfJGFp53NAH2TuigdNj,,,https://kworb.net/spotify/country/mt_weekly_totals.html,2026-10-02,"Exact aggregate of streams observed while this recording was inside Spotify's daily Top 200 for Malta, as aggregated by Kworb from Spotify chart data. Streams earned outside the chart are not included. Chart coverage on the source page: 2014-01-12 through 2020-07-02.","{""country_code"":""MT"",""country_name"":""Malta"",""chart_coverage_start"":""2014-01-12"",""chart_coverage_end"":""2020-07-02"",""days_on_chart"":20,""top10_days"":null,""peak_rank"":70,""peak_occurrences"":null,""peak_daily_streams"":3732,""metric_scope"":""country-specific Spotify daily Top 200 chart-attributed streams"",""country_rank"":936}"
937,Jingle Bell Rock - Daryl's Version,Daryl Hall & John Oates,[],,,,[],"[""und""]",,,,,,,spotify_country_chart_streams,58605.0,streams,58605,Spotify regional daily chart (Kworb aggregate),,,6pVW5LRWgeLaHudxauOTJU,,,https://kworb.net/spotify/country/mt_weekly_totals.html,2026-10-02,"Exact aggregate of streams observed while this recording was inside Spotify's daily Top 200 for Malta, as aggregated by Kworb from Spotify chart data. Streams earned outside the chart are not included. Chart coverage on the source page: 2014-01-12 through 2020-07-02.","{""country_code"":""MT"",""country_name"":""Malta"",""chart_coverage_start"":""2014-01-12"",""chart_coverage_end"":""2020-07-02"",""days_on_chart"":16,""top10_days"":null,""peak_rank"":43,""peak_occurrences"":null,""peak_daily_streams"":8243,""metric_scope"":""country-specific Spotify daily Top 200 chart-attributed streams"",""country_rank"":937}"
938,No More Sad Songs,Little Mix,[],,,,[],"[""und""]",,,,,,,spotify_country_chart_streams,58508.0,streams,58508,Spotify regional daily chart (Kworb aggregate),,,5ZnJsoJGkQ5K15W7Rcr5JO,,,https://kworb.net/spotify/country/mt_weekly_totals.html,2026-10-02,"Exact aggregate of streams observed while this recording was inside Spotify's daily Top 200 for Malta, as aggregated by Kworb from Spotify chart data. Streams earned outside the chart are not included. Chart coverage on the source page: 2014-01-12 through 2020-07-02.","{""country_code"":""MT"",""country_name"":""Malta"",""chart_coverage_start"":""2014-01-12"",""chart_coverage_end"":""2020-07-02"",""days_on_chart"":26,""top10_days"":null,""peak_rank"":89,""peak_occurrences"":null,""peak_daily_streams"":3474,""metric_scope"":""country-specific Spotify daily Top 200 chart-attributed streams"",""country_rank"":938}"
939,Don't Rush,Young T & Bugsey,[],,,,[],"[""und""]",,,,,,,spotify_country_chart_streams,58394.0,streams,58394,Spotify regional daily chart (Kworb aggregate),,,7LRmDx4pMTQuOBBwRT1MCT,,,https://kworb.net/spotify/country/mt_weekly_totals.html,2026-10-02,"Exact aggregate of streams observed while this recording was inside Spotify's daily Top 200 for Malta, as aggregated by Kworb from Spotify chart data. Streams earned outside the chart are not included. Chart coverage on the source page: 2014-01-12 through 2020-07-02.","{""country_code"":""MT"",""country_name"":""Malta"",""chart_coverage_start"":""2014-01-12"",""chart_coverage_end"":""2020-07-02"",""days_on_chart"":11,""top10_days"":null,""peak_rank"":26,""peak_occurrences"":null,""peak_daily_streams"":7358,""metric_scope"":""country-specific Spotify daily Top 200 chart-attributed streams"",""country_rank"":939}"
940,Dynamite,Nause,[],,,,[],"[""und""]",,,,,,,spotify_country_chart_streams,58390.0,streams,58390,Spotify regional daily chart (Kworb aggregate),,,2Ae5awwKvQpTBKQHr1TYCg,,,https://kworb.net/spotify/country/mt_weekly_totals.html,2026-10-02,"Exact aggregate of streams observed while this recording was inside Spotify's daily Top 200 for Malta, as aggregated by Kworb from Spotify chart data. Streams earned outside the chart are not included. Chart coverage on the source page: 2014-01-12 through 2020-07-02.","{""country_code"":""MT"",""country_name"":""Malta"",""chart_coverage_start"":""2014-01-12"",""chart_coverage_end"":""2020-07-02"",""days_on_chart"":22,""top10_days"":null,""peak_rank"":44,""peak_occurrences"":null,""peak_daily_streams"":3742,""metric_scope"":""country-specific Spotify daily Top 200 chart-attributed streams"",""country_rank"":940}"
941,Side Effects,The Chainsmokers,[],,,,[],"[""und""]",,,,,,,spotify_country_chart_streams,58293.0,streams,58293,Spotify regional daily chart (Kworb aggregate),,,5yNEdBlZMxpcVtGKz5NFk5,,,https://kworb.net/spotify/country/mt_weekly_totals.html,2026-10-02,"Exact aggregate of streams observed while this recording was inside Spotify's daily Top 200 for Malta, as aggregated by Kworb from Spotify chart data. Streams earned outside the chart are not included. Chart coverage on the source page: 2014-01-12 through 2020-07-02.","{""country_code"":""MT"",""country_name"":""Malta"",""chart_coverage_start"":""2014-01-12"",""chart_coverage_end"":""2020-07-02"",""days_on_chart"":14,""top10_days"":null,""peak_rank"":47,""peak_occurrences"":null,""peak_daily_streams"":6044,""metric_scope"":""country-specific Spotify daily Top 200 chart-attributed streams"",""country_rank"":941}"
942,Sun Comes Up,Rudimental,[],,,,[],"[""und""]",,,,,,,spotify_country_chart_streams,58098.0,streams,58098,Spotify regional daily chart (Kworb aggregate),,,6SUocL0caib4mLHe8ZrZzi,,,https://kworb.net/spotify/country/mt_weekly_totals.html,2026-10-02,"Exact aggregate of streams observed while this recording was inside Spotify's daily Top 200 for Malta, as aggregated by Kworb from Spotify chart data. Streams earned outside the chart are not included. Chart coverage on the source page: 2014-01-12 through 2020-07-02.","{""country_code"":""MT"",""country_name"":""Malta"",""chart_coverage_start"":""2014-01-12"",""chart_coverage_end"":""2020-07-02"",""days_on_chart"":19,""top10_days"":null,""peak_rank"":60,""peak_occurrences"":null,""peak_daily_streams"":4329,""metric_scope"":""country-specific Spotify daily Top 200 chart-attributed streams"",""country_rank"":942}"
943,You Are The Reason,Calum Scott,[],,,,[],"[""und""]",,,,,,,spotify_country_chart_streams,57874.0,streams,57874,Spotify regional daily chart (Kworb aggregate),,,69vToJ9BMbbLlFZo7k7A7B,,,https://kworb.net/spotify/country/mt_weekly_totals.html,2026-10-02,"Exact aggregate of streams observed while this recording was inside Spotify's daily Top 200 for Malta, as aggregated by Kworb from Spotify chart data. Streams earned outside the chart are not included. Chart coverage on the source page: 2014-01-12 through 2020-07-02.","{""country_code"":""MT"",""country_name"":""Malta"",""chart_coverage_start"":""2014-01-12"",""chart_coverage_end"":""2020-07-02"",""days_on_chart"":25,""top10_days"":null,""peak_rank"":96,""peak_occurrences"":null,""peak_daily_streams"":3150,""metric_scope"":""country-specific Spotify daily Top 200 chart-attributed streams"",""country_rank"":943}"
944,Save Your Tears,The Weeknd,[],,,,[],"[""und""]",,,,,,,spotify_country_chart_streams,57851.0,streams,57851,Spotify regional daily chart (Kworb aggregate),,,5QO79kh1waicV47BqGRL3g,,,https://kworb.net/spotify/country/mt_weekly_totals.html,2026-10-02,"Exact aggregate of streams observed while this recording was inside Spotify's daily Top 200 for Malta, as aggregated by Kworb from Spotify chart data. Streams earned outside the chart are not included. Chart coverage on the source page: 2014-01-12 through 2020-07-02.","{""country_code"":""MT"",""country_name"":""Malta"",""chart_coverage_start"":""2014-01-12"",""chart_coverage_end"":""2020-07-02"",""days_on_chart"":12,""top10_days"":1,""peak_rank"":5,""peak_occurrences"":null,""peak_daily_streams"":15890,""metric_scope"":""country-specific Spotify daily Top 200 chart-attributed streams"",""country_rank"":944}"
945,Somebody Else,VÉRITÉ,[],,,,[],"[""und""]",,,,,,,spotify_country_chart_streams,57700.0,streams,57700,Spotify regional daily chart (Kworb aggregate),,,34i4yxPrHWquuR4kjiivFO,,,https://kworb.net/spotify/country/mt_weekly_totals.html,2026-10-02,"Exact aggregate of streams observed while this recording was inside Spotify's daily Top 200 for Malta, as aggregated by Kworb from Spotify chart data. Streams earned outside the chart are not included. Chart coverage on the source page: 2014-01-12 through 2020-07-02.","{""country_code"":""MT"",""country_name"":""Malta"",""chart_coverage_start"":""2014-01-12"",""chart_coverage_end"":""2020-07-02"",""days_on_chart"":20,""top10_days"":null,""peak_rank"":51,""peak_occurrences"":null,""peak_daily_streams"":3518,""metric_scope"":""country-specific Spotify daily Top 200 chart-attributed streams"",""country_rank"":945}"
946,MotorSport,Migos,[],,,,[],"[""und""]",,,,,,,spotify_country_chart_streams,57698.0,streams,57698,Spotify regional daily chart (Kworb aggregate),,,1YZfcVLbbJwfizR5cDOp3q,,,https://kworb.net/spotify/country/mt_weekly_totals.html,2026-10-02,"Exact aggregate of streams observed while this recording was inside Spotify's daily Top 200 for Malta, as aggregated by Kworb from Spotify chart data. Streams earned outside the chart are not included. Chart coverage on the source page: 2014-01-12 through 2020-07-02.","{""country_code"":""MT"",""country_name"":""Malta"",""chart_coverage_start"":""2014-01-12"",""chart_coverage_end"":""2020-07-02"",""days_on_chart"":19,""top10_days"":null,""peak_rank"":35,""peak_occurrences"":null,""peak_daily_streams"":5952,""metric_scope"":""country-specific Spotify daily Top 200 chart-attributed streams"",""country_rank"":946}"
947,FourFiveSeconds,Rihanna,[],,,,[],"[""und""]",,,,,,,spotify_country_chart_streams,57684.0,streams,57684,Spotify regional daily chart (Kworb aggregate),,,5XzmZjXhMjDHr7ZfJ6DELQ,,,https://kworb.net/spotify/country/mt_weekly_totals.html,2026-10-02,"Exact aggregate of streams observed while this recording was inside Spotify's daily Top 200 for Malta, as aggregated by Kworb from Spotify chart data. Streams earned outside the chart are not included. Chart coverage on the source page: 2014-01-12 through 2020-07-02.","{""country_code"":""MT"",""country_name"":""Malta"",""chart_coverage_start"":""2014-01-12"",""chart_coverage_end"":""2020-07-02"",""days_on_chart"":28,""top10_days"":3,""peak_rank"":2,""peak_occurrences"":1,""peak_daily_streams"":8365,""metric_scope"":""country-specific Spotify daily Top 200 chart-attributed streams"",""country_rank"":947}"
948,Play Date,Melanie Martinez,[],,,,[],"[""und""]",,,,,,,spotify_country_chart_streams,57597.0,streams,57597,Spotify regional daily chart (Kworb aggregate),,,4DpNNXFMMxQEKl7r0ykkWA,,,https://kworb.net/spotify/country/mt_weekly_totals.html,2026-10-02,"Exact aggregate of streams observed while this recording was inside Spotify's daily Top 200 for Malta, as aggregated by Kworb from Spotify chart data. Streams earned outside the chart are not included. Chart coverage on the source page: 2014-01-12 through 2020-07-02.","{""country_code"":""MT"",""country_name"":""Malta"",""chart_coverage_start"":""2014-01-12"",""chart_coverage_end"":""2020-07-02"",""days_on_chart"":10,""top10_days"":null,""peak_rank"":34,""peak_occurrences"":null,""peak_daily_streams"":6794,""metric_scope"":""country-specific Spotify daily Top 200 chart-attributed streams"",""country_rank"":948}"
949,"Colors - Coca-Cola® Anthem, 2018 FIFA World CupTM",Jason Derulo,[],,,,[],"[""und""]",,,,,,,spotify_country_chart_streams,57483.0,streams,57483,Spotify regional daily chart (Kworb aggregate),,,7wD6iRghe6SnKHkvHqpnC5,,,https://kworb.net/spotify/country/mt_weekly_totals.html,2026-10-02,"Exact aggregate of streams observed while this recording was inside Spotify's daily Top 200 for Malta, as aggregated by Kworb from Spotify chart data. Streams earned outside the chart are not included. Chart coverage on the source page: 2014-01-12 through 2020-07-02.","{""country_code"":""MT"",""country_name"":""Malta"",""chart_coverage_start"":""2014-01-12"",""chart_coverage_end"":""2020-07-02"",""days_on_chart"":13,""top10_days"":null,""peak_rank"":31,""peak_occurrences"":null,""peak_daily_streams"":7547,""metric_scope"":""country-specific Spotify daily Top 200 chart-attributed streams"",""country_rank"":949}"
950,STARGAZING,Travis Scott,[],,,,[],"[""und""]",,,,,,,spotify_country_chart_streams,57415.0,streams,57415,Spotify regional daily chart (Kworb aggregate),,,7wBJfHzpfI3032CSD7CE2m,,,https://kworb.net/spotify/country/mt_weekly_totals.html,2026-10-02,"Exact aggregate of streams observed while this recording was inside Spotify's daily Top 200 for Malta, as aggregated by Kworb from Spotify chart data. Streams earned outside the chart are not included. Chart coverage on the source page: 2014-01-12 through 2020-07-02.","{""country_code"":""MT"",""country_name"":""Malta"",""chart_coverage_start"":""2014-01-12"",""chart_coverage_end"":""2020-07-02"",""days_on_chart"":12,""top10_days"":null,""peak_rank"":14,""peak_occurrences"":null,""peak_daily_streams"":10994,""metric_scope"":""country-specific Spotify daily Top 200 chart-attributed streams"",""country_rank"":950}"
951,Sleigh Ride,The Ronettes,[],,,,[],"[""und""]",,,,,,,spotify_country_chart_streams,57398.0,streams,57398,Spotify regional daily chart (Kworb aggregate),,,7fUYUcWy853HS8YJn0b3Sr,,,https://kworb.net/spotify/country/mt_weekly_totals.html,2026-10-02,"Exact aggregate of streams observed while this recording was inside Spotify's daily Top 200 for Malta, as aggregated by Kworb from Spotify chart data. Streams earned outside the chart are not included. Chart coverage on the source page: 2014-01-12 through 2020-07-02.","{""country_code"":""MT"",""country_name"":""Malta"",""chart_coverage_start"":""2014-01-12"",""chart_coverage_end"":""2020-07-02"",""days_on_chart"":13,""top10_days"":null,""peak_rank"":27,""peak_occurrences"":null,""peak_daily_streams"":10024,""metric_scope"":""country-specific Spotify daily Top 200 chart-attributed streams"",""country_rank"":951}"
952,LOVE. FEAT. ZACARI.,Kendrick Lamar,[],,,,[],"[""und""]",,,,,,,spotify_country_chart_streams,57342.0,streams,57342,Spotify regional daily chart (Kworb aggregate),,,6PGoSes0D9eUDeeAafB2As,,,https://kworb.net/spotify/country/mt_weekly_totals.html,2026-10-02,"Exact aggregate of streams observed while this recording was inside Spotify's daily Top 200 for Malta, as aggregated by Kworb from Spotify chart data. Streams earned outside the chart are not included. Chart coverage on the source page: 2014-01-12 through 2020-07-02.","{""country_code"":""MT"",""country_name"":""Malta"",""chart_coverage_start"":""2014-01-12"",""chart_coverage_end"":""2020-07-02"",""days_on_chart"":16,""top10_days"":null,""peak_rank"":48,""peak_occurrences"":null,""peak_daily_streams"":5094,""metric_scope"":""country-specific Spotify daily Top 200 chart-attributed streams"",""country_rank"":952}"
953,All Mine,Kanye West,[],,,,[],"[""und""]",,,,,,,spotify_country_chart_streams,57262.0,streams,57262,Spotify regional daily chart (Kworb aggregate),,,3qnoOm4fwZPBS116f5hpgF,,,https://kworb.net/spotify/country/mt_weekly_totals.html,2026-10-02,"Exact aggregate of streams observed while this recording was inside Spotify's daily Top 200 for Malta, as aggregated by Kworb from Spotify chart data. Streams earned outside the chart are not included. Chart coverage on the source page: 2014-01-12 through 2020-07-02.","{""country_code"":""MT"",""country_name"":""Malta"",""chart_coverage_start"":""2014-01-12"",""chart_coverage_end"":""2020-07-02"",""days_on_chart"":8,""top10_days"":2,""peak_rank"":10,""peak_occurrences"":null,""peak_daily_streams"":11917,""metric_scope"":""country-specific Spotify daily Top 200 chart-attributed streams"",""country_rank"":953}"
954,Mama Said,Lukas Graham,[],,,,[],"[""und""]",,,,,,,spotify_country_chart_streams,57246.0,streams,57246,Spotify regional daily chart (Kworb aggregate),,,5ArQzSBevAdXTxRY6Ulhbq,,,https://kworb.net/spotify/country/mt_weekly_totals.html,2026-10-02,"Exact aggregate of streams observed while this recording was inside Spotify's daily Top 200 for Malta, as aggregated by Kworb from Spotify chart data. Streams earned outside the chart are not included. Chart coverage on the source page: 2014-01-12 through 2020-07-02.","{""country_code"":""MT"",""country_name"":""Malta"",""chart_coverage_start"":""2014-01-12"",""chart_coverage_end"":""2020-07-02"",""days_on_chart"":25,""top10_days"":null,""peak_rank"":41,""peak_occurrences"":null,""peak_daily_streams"":4747,""metric_scope"":""country-specific Spotify daily Top 200 chart-attributed streams"",""country_rank"":954}"
955,Suge,DaBaby,[],,,,[],"[""und""]",,,,,,,spotify_country_chart_streams,57241.0,streams,57241,Spotify regional daily chart (Kworb aggregate),,,2gwkD6igEhQbDQegRCcdoB,,,https://kworb.net/spotify/country/mt_weekly_totals.html,2026-10-02,"Exact aggregate of streams observed while this recording was inside Spotify's daily Top 200 for Malta, as aggregated by Kworb from Spotify chart data. Streams earned outside the chart are not included. Chart coverage on the source page: 2014-01-12 through 2020-07-02.","{""country_code"":""MT"",""country_name"":""Malta"",""chart_coverage_start"":""2014-01-12"",""chart_coverage_end"":""2020-07-02"",""days_on_chart"":16,""top10_days"":null,""peak_rank"":36,""peak_occurrences"":null,""peak_daily_streams"":6081,""metric_scope"":""country-specific Spotify daily Top 200 chart-attributed streams"",""country_rank"":955}"
956,Sooner Or Later,Aaron Carter,[],,,,[],"[""und""]",,,,,,,spotify_country_chart_streams,56920.0,streams,56920,Spotify regional daily chart (Kworb aggregate),,,4mqvE5F95nKSUrUvUH3YB7,,,https://kworb.net/spotify/country/mt_weekly_totals.html,2026-10-02,"Exact aggregate of streams observed while this recording was inside Spotify's daily Top 200 for Malta, as aggregated by Kworb from Spotify chart data. Streams earned outside the chart are not included. Chart coverage on the source page: 2014-01-12 through 2020-07-02.","{""country_code"":""MT"",""country_name"":""Malta"",""chart_coverage_start"":""2014-01-12"",""chart_coverage_end"":""2020-07-02"",""days_on_chart"":13,""top10_days"":null,""peak_rank"":39,""peak_occurrences"":null,""peak_daily_streams"":6128,""metric_scope"":""country-specific Spotify daily Top 200 chart-attributed streams"",""country_rank"":956}"
957,On My Way,Alan Walker,[],,,,[],"[""und""]",,,,,,,spotify_country_chart_streams,56892.0,streams,56892,Spotify regional daily chart (Kworb aggregate),,,4n7jnSxVLd8QioibtTDBDq,,,https://kworb.net/spotify/country/mt_weekly_totals.html,2026-10-02,"Exact aggregate of streams observed while this recording was inside Spotify's daily Top 200 for Malta, as aggregated by Kworb from Spotify chart data. Streams earned outside the chart are not included. Chart coverage on the source page: 2014-01-12 through 2020-07-02.","{""country_code"":""MT"",""country_name"":""Malta"",""chart_coverage_start"":""2014-01-12"",""chart_coverage_end"":""2020-07-02"",""days_on_chart"":16,""top10_days"":null,""peak_rank"":40,""peak_occurrences"":null,""peak_daily_streams"":6029,""metric_scope"":""country-specific Spotify daily Top 200 chart-attributed streams"",""country_rank"":957}"
958,"I Don't Like It, I Love It",Flo Rida,[],,,,[],"[""und""]",,,,,,,spotify_country_chart_streams,56649.0,streams,56649,Spotify regional daily chart (Kworb aggregate),,,2S5LNtRVRPbXk01yRQ14sZ,,,https://kworb.net/spotify/country/mt_weekly_totals.html,2026-10-02,"Exact aggregate of streams observed while this recording was inside Spotify's daily Top 200 for Malta, as aggregated by Kworb from Spotify chart data. Streams earned outside the chart are not included. Chart coverage on the source page: 2014-01-12 through 2020-07-02.","{""country_code"":""MT"",""country_name"":""Malta"",""chart_coverage_start"":""2014-01-12"",""chart_coverage_end"":""2020-07-02"",""days_on_chart"":18,""top10_days"":1,""peak_rank"":10,""peak_occurrences"":null,""peak_daily_streams"":5142,""metric_scope"":""country-specific Spotify daily Top 200 chart-attributed streams"",""country_rank"":958}"
959,Te Vi,Piso 21,[],,,,[],"[""und""]",,,,,,,spotify_country_chart_streams,56599.0,streams,56599,Spotify regional daily chart (Kworb aggregate),,,059bcIhyc2SBwm6sw2AZzd,,,https://kworb.net/spotify/country/mt_weekly_totals.html,2026-10-02,"Exact aggregate of streams observed while this recording was inside Spotify's daily Top 200 for Malta, as aggregated by Kworb from Spotify chart data. Streams earned outside the chart are not included. Chart coverage on the source page: 2014-01-12 through 2020-07-02.","{""country_code"":""MT"",""country_name"":""Malta"",""chart_coverage_start"":""2014-01-12"",""chart_coverage_end"":""2020-07-02"",""days_on_chart"":13,""top10_days"":null,""peak_rank"":65,""peak_occurrences"":null,""peak_daily_streams"":5808,""metric_scope"":""country-specific Spotify daily Top 200 chart-attributed streams"",""country_rank"":959}"
960,Fingías,Paloma Mami,[],,,,[],"[""und""]",,,,,,,spotify_country_chart_streams,56466.0,streams,56466,Spotify regional daily chart (Kworb aggregate),,,7o0oY5wRcoV7oPuDhD2J1z,,,https://kworb.net/spotify/country/mt_weekly_totals.html,2026-10-02,"Exact aggregate of streams observed while this recording was inside Spotify's daily Top 200 for Malta, as aggregated by Kworb from Spotify chart data. Streams earned outside the chart are not included. Chart coverage on the source page: 2014-01-12 through 2020-07-02.","{""country_code"":""MT"",""country_name"":""Malta"",""chart_coverage_start"":""2014-01-12"",""chart_coverage_end"":""2020-07-02"",""days_on_chart"":5,""top10_days"":2,""peak_rank"":1,""peak_occurrences"":1,""peak_daily_streams"":26686,""metric_scope"":""country-specific Spotify daily Top 200 chart-attributed streams"",""country_rank"":960}"
961,Not Going Home,DVBBS,[],,,,[],"[""und""]",,,,,,,spotify_country_chart_streams,56073.0,streams,56073,Spotify regional daily chart (Kworb aggregate),,,042x9bsUBWW2fJgJ6fUh61,,,https://kworb.net/spotify/country/mt_weekly_totals.html,2026-10-02,"Exact aggregate of streams observed while this recording was inside Spotify's daily Top 200 for Malta, as aggregated by Kworb from Spotify chart data. Streams earned outside the chart are not included. Chart coverage on the source page: 2014-01-12 through 2020-07-02.","{""country_code"":""MT"",""country_name"":""Malta"",""chart_coverage_start"":""2014-01-12"",""chart_coverage_end"":""2020-07-02"",""days_on_chart"":18,""top10_days"":null,""peak_rank"":40,""peak_occurrences"":null,""peak_daily_streams"":4888,""metric_scope"":""country-specific Spotify daily Top 200 chart-attributed streams"",""country_rank"":961}"
962,'Till I Collapse,Eminem,[],,,,[],"[""und""]",,,,,,,spotify_country_chart_streams,55932.0,streams,55932,Spotify regional daily chart (Kworb aggregate),,,6yr8GiTHWvFfi4o6Q5ebdT,,,https://kworb.net/spotify/country/mt_weekly_totals.html,2026-10-02,"Exact aggregate of streams observed while this recording was inside Spotify's daily Top 200 for Malta, as aggregated by Kworb from Spotify chart data. Streams earned outside the chart are not included. Chart coverage on the source page: 2014-01-12 through 2020-07-02.","{""country_code"":""MT"",""country_name"":""Malta"",""chart_coverage_start"":""2014-01-12"",""chart_coverage_end"":""2020-07-02"",""days_on_chart"":36,""top10_days"":null,""peak_rank"":136,""peak_occurrences"":null,""peak_daily_streams"":2092,""metric_scope"":""country-specific Spotify daily Top 200 chart-attributed streams"",""alternate_metrics"":[{""metric_name"":""spotify_country_chart_streams"",""metric_value"":3751.0,""metric_unit"":""streams"",""listen_count"":3751,""view_count"":null,""source_url"":""https://kworb.net/spotify/country/mt_weekly_totals.html"",""retrieved_at"":""2026-10-02""}],""merged_sources"":[""https://kworb.net/spotify/country/mt_weekly_totals.html""],""country_rank"":962}"
963,Chasing Cars,Snow Patrol,[],,,,[],"[""und""]",,,,,,,spotify_country_chart_streams,55846.0,streams,55846,Spotify regional daily chart (Kworb aggregate),,,5hnyJvgoWiQUYZttV4wXy6,,,https://kworb.net/spotify/country/mt_weekly_totals.html,2026-10-02,"Exact aggregate of streams observed while this recording was inside Spotify's daily Top 200 for Malta, as aggregated by Kworb from Spotify chart data. Streams earned outside the chart are not included. Chart coverage on the source page: 2014-01-12 through 2020-07-02.","{""country_code"":""MT"",""country_name"":""Malta"",""chart_coverage_start"":""2014-01-12"",""chart_coverage_end"":""2020-07-02"",""days_on_chart"":33,""top10_days"":null,""peak_rank"":135,""peak_occurrences"":null,""peak_daily_streams"":2196,""metric_scope"":""country-specific Spotify daily Top 200 chart-attributed streams"",""country_rank"":963}"
964,Moral of the Story,Ashe,[],,,,[],"[""und""]",,,,,,,spotify_country_chart_streams,55638.0,streams,55638,Spotify regional daily chart (Kworb aggregate),,,2nC3QhMI9reBIOWutbU3Tj,,,https://kworb.net/spotify/country/mt_weekly_totals.html,2026-10-02,"Exact aggregate of streams observed while this recording was inside Spotify's daily Top 200 for Malta, as aggregated by Kworb from Spotify chart data. Streams earned outside the chart are not included. Chart coverage on the source page: 2014-01-12 through 2020-07-02.","{""country_code"":""MT"",""country_name"":""Malta"",""chart_coverage_start"":""2014-01-12"",""chart_coverage_end"":""2020-07-02"",""days_on_chart"":12,""top10_days"":null,""peak_rank"":25,""peak_occurrences"":null,""peak_daily_streams"":8078,""metric_scope"":""country-specific Spotify daily Top 200 chart-attributed streams"",""alternate_metrics"":[{""metric_name"":""spotify_country_chart_streams"",""metric_value"":2021.0,""metric_unit"":""streams"",""listen_count"":2021,""view_count"":null,""source_url"":""https://kworb.net/spotify/country/mt_weekly_totals.html"",""retrieved_at"":""2026-10-02""}],""merged_sources"":[""https://kworb.net/spotify/country/mt_weekly_totals.html""],""country_rank"":964}"
965,BAD!,XXXTENTACION,[],,,,[],"[""und""]",,,,,,,spotify_country_chart_streams,55634.0,streams,55634,Spotify regional daily chart (Kworb aggregate),,,22An65gG31JLf9n18qjdhZ,,,https://kworb.net/spotify/country/mt_weekly_totals.html,2026-10-02,"Exact aggregate of streams observed while this recording was inside Spotify's daily Top 200 for Malta, as aggregated by Kworb from Spotify chart data. Streams earned outside the chart are not included. Chart coverage on the source page: 2014-01-12 through 2020-07-02.","{""country_code"":""MT"",""country_name"":""Malta"",""chart_coverage_start"":""2014-01-12"",""chart_coverage_end"":""2020-07-02"",""days_on_chart"":10,""top10_days"":null,""peak_rank"":27,""peak_occurrences"":null,""peak_daily_streams"":9913,""metric_scope"":""country-specific Spotify daily Top 200 chart-attributed streams"",""country_rank"":965}"
966,Walk Em Down,NLE Choppa,[],,,,[],"[""und""]",,,,,,,spotify_country_chart_streams,55454.0,streams,55454,Spotify regional daily chart (Kworb aggregate),,,4cSSL3YafYjM3yjgFO1vJg,,,https://kworb.net/spotify/country/mt_weekly_totals.html,2026-10-02,"Exact aggregate of streams observed while this recording was inside Spotify's daily Top 200 for Malta, as aggregated by Kworb from Spotify chart data. Streams earned outside the chart are not included. Chart coverage on the source page: 2014-01-12 through 2020-07-02.","{""country_code"":""MT"",""country_name"":""Malta"",""chart_coverage_start"":""2014-01-12"",""chart_coverage_end"":""2020-07-02"",""days_on_chart"":15,""top10_days"":null,""peak_rank"":50,""peak_occurrences"":null,""peak_daily_streams"":4354,""metric_scope"":""country-specific Spotify daily Top 200 chart-attributed streams"",""country_rank"":966}"
967,bellyache,Billie Eilish,[],,,,[],"[""und""]",,,,,,,spotify_country_chart_streams,55454.0,streams,55454,Spotify regional daily chart (Kworb aggregate),,,51NFxnQvaosfDDutk0tams,,,https://kworb.net/spotify/country/mt_weekly_totals.html,2026-10-02,"Exact aggregate of streams observed while this recording was inside Spotify's daily Top 200 for Malta, as aggregated by Kworb from Spotify chart data. Streams earned outside the chart are not included. Chart coverage on the source page: 2014-01-12 through 2020-07-02.","{""country_code"":""MT"",""country_name"":""Malta"",""chart_coverage_start"":""2014-01-12"",""chart_coverage_end"":""2020-07-02"",""days_on_chart"":18,""top10_days"":null,""peak_rank"":65,""peak_occurrences"":null,""peak_daily_streams"":5445,""metric_scope"":""country-specific Spotify daily Top 200 chart-attributed streams"",""country_rank"":967}"
968,Si Estuviésemos Juntos,Bad Bunny,[],,,,[],"[""und""]",,,,,,,spotify_country_chart_streams,55451.0,streams,55451,Spotify regional daily chart (Kworb aggregate),,,35wvL50xvKpCHEJPxLOLPI,,,https://kworb.net/spotify/country/mt_weekly_totals.html,2026-10-02,"Exact aggregate of streams observed while this recording was inside Spotify's daily Top 200 for Malta, as aggregated by Kworb from Spotify chart data. Streams earned outside the chart are not included. Chart coverage on the source page: 2014-01-12 through 2020-07-02.","{""country_code"":""MT"",""country_name"":""Malta"",""chart_coverage_start"":""2014-01-12"",""chart_coverage_end"":""2020-07-02"",""days_on_chart"":12,""top10_days"":null,""peak_rank"":34,""peak_occurrences"":null,""peak_daily_streams"":7769,""metric_scope"":""country-specific Spotify daily Top 200 chart-attributed streams"",""country_rank"":968}"
969,Ball For Me,Post Malone,[],,,,[],"[""und""]",,,,,,,spotify_country_chart_streams,55443.0,streams,55443,Spotify regional daily chart (Kworb aggregate),,,6IaieqiCVvsNvEt6Y7yOFa,,,https://kworb.net/spotify/country/mt_weekly_totals.html,2026-10-02,"Exact aggregate of streams observed while this recording was inside Spotify's daily Top 200 for Malta, as aggregated by Kworb from Spotify chart data. Streams earned outside the chart are not included. Chart coverage on the source page: 2014-01-12 through 2020-07-02.","{""country_code"":""MT"",""country_name"":""Malta"",""chart_coverage_start"":""2014-01-12"",""chart_coverage_end"":""2020-07-02"",""days_on_chart"":15,""top10_days"":null,""peak_rank"":26,""peak_occurrences"":null,""peak_daily_streams"":8333,""metric_scope"":""country-specific Spotify daily Top 200 chart-attributed streams"",""country_rank"":969}"
970,Girls Like,Tinie Tempah,[],,,,[],"[""und""]",,,,,,,spotify_country_chart_streams,55292.0,streams,55292,Spotify regional daily chart (Kworb aggregate),,,0rHVd8h0cFwgLgPFem6S60,,,https://kworb.net/spotify/country/mt_weekly_totals.html,2026-10-02,"Exact aggregate of streams observed while this recording was inside Spotify's daily Top 200 for Malta, as aggregated by Kworb from Spotify chart data. Streams earned outside the chart are not included. Chart coverage on the source page: 2014-01-12 through 2020-07-02.","{""country_code"":""MT"",""country_name"":""Malta"",""chart_coverage_start"":""2014-01-12"",""chart_coverage_end"":""2020-07-02"",""days_on_chart"":27,""top10_days"":null,""peak_rank"":63,""peak_occurrences"":null,""peak_daily_streams"":2781,""metric_scope"":""country-specific Spotify daily Top 200 chart-attributed streams"",""country_rank"":970}"
971,The Fix,Nelly,[],,,,[],"[""und""]",,,,,,,spotify_country_chart_streams,55158.0,streams,55158,Spotify regional daily chart (Kworb aggregate),,,33QRsLBBdWDYgCZfWEZqR6,,,https://kworb.net/spotify/country/mt_weekly_totals.html,2026-10-02,"Exact aggregate of streams observed while this recording was inside Spotify's daily Top 200 for Malta, as aggregated by Kworb from Spotify chart data. Streams earned outside the chart are not included. Chart coverage on the source page: 2014-01-12 through 2020-07-02.","{""country_code"":""MT"",""country_name"":""Malta"",""chart_coverage_start"":""2014-01-12"",""chart_coverage_end"":""2020-07-02"",""days_on_chart"":24,""top10_days"":null,""peak_rank"":49,""peak_occurrences"":null,""peak_daily_streams"":3147,""metric_scope"":""country-specific Spotify daily Top 200 chart-attributed streams"",""country_rank"":971}"
972,Everyday,Logic,[],,,,[],"[""und""]",,,,,,,spotify_country_chart_streams,55150.0,streams,55150,Spotify regional daily chart (Kworb aggregate),,,4EAV2cKiqKP5UPZmY6dejk,,,https://kworb.net/spotify/country/mt_weekly_totals.html,2026-10-02,"Exact aggregate of streams observed while this recording was inside Spotify's daily Top 200 for Malta, as aggregated by Kworb from Spotify chart data. Streams earned outside the chart are not included. Chart coverage on the source page: 2014-01-12 through 2020-07-02.","{""country_code"":""MT"",""country_name"":""Malta"",""chart_coverage_start"":""2014-01-12"",""chart_coverage_end"":""2020-07-02"",""days_on_chart"":10,""top10_days"":null,""peak_rank"":11,""peak_occurrences"":null,""peak_daily_streams"":9893,""metric_scope"":""country-specific Spotify daily Top 200 chart-attributed streams"",""country_rank"":972}"
973,Famous,Kanye West,[],,,,[],"[""und""]",,,,,,,spotify_country_chart_streams,55143.0,streams,55143,Spotify regional daily chart (Kworb aggregate),,,04mf1OkXHZ6TPBNM9sBcSm,,,https://kworb.net/spotify/country/mt_weekly_totals.html,2026-10-02,"Exact aggregate of streams observed while this recording was inside Spotify's daily Top 200 for Malta, as aggregated by Kworb from Spotify chart data. Streams earned outside the chart are not included. Chart coverage on the source page: 2014-01-12 through 2020-07-02.","{""country_code"":""MT"",""country_name"":""Malta"",""chart_coverage_start"":""2014-01-12"",""chart_coverage_end"":""2020-07-02"",""days_on_chart"":29,""top10_days"":null,""peak_rank"":31,""peak_occurrences"":null,""peak_daily_streams"":5158,""metric_scope"":""country-specific Spotify daily Top 200 chart-attributed streams"",""country_rank"":973}"
974,Ex's & Oh's,Elle King,[],,,,[],"[""und""]",,,,,,,spotify_country_chart_streams,55050.0,streams,55050,Spotify regional daily chart (Kworb aggregate),,,70eDxAyAraNTiD6lx2ZEnH,,,https://kworb.net/spotify/country/mt_weekly_totals.html,2026-10-02,"Exact aggregate of streams observed while this recording was inside Spotify's daily Top 200 for Malta, as aggregated by Kworb from Spotify chart data. Streams earned outside the chart are not included. Chart coverage on the source page: 2014-01-12 through 2020-07-02.","{""country_code"":""MT"",""country_name"":""Malta"",""chart_coverage_start"":""2014-01-12"",""chart_coverage_end"":""2020-07-02"",""days_on_chart"":29,""top10_days"":null,""peak_rank"":31,""peak_occurrences"":null,""peak_daily_streams"":3923,""metric_scope"":""country-specific Spotify daily Top 200 chart-attributed streams"",""country_rank"":974}"
975,Steady 1234,Vice,[],,,,[],"[""und""]",,,,,,,spotify_country_chart_streams,55024.0,streams,55024,Spotify regional daily chart (Kworb aggregate),,,40UroIGvsMPLPBYwH8rMNA,,,https://kworb.net/spotify/country/mt_weekly_totals.html,2026-10-02,"Exact aggregate of streams observed while this recording was inside Spotify's daily Top 200 for Malta, as aggregated by Kworb from Spotify chart data. Streams earned outside the chart are not included. Chart coverage on the source page: 2014-01-12 through 2020-07-02.","{""country_code"":""MT"",""country_name"":""Malta"",""chart_coverage_start"":""2014-01-12"",""chart_coverage_end"":""2020-07-02"",""days_on_chart"":15,""top10_days"":null,""peak_rank"":29,""peak_occurrences"":null,""peak_daily_streams"":4980,""metric_scope"":""country-specific Spotify daily Top 200 chart-attributed streams"",""country_rank"":975}"
976,OMG,Camila Cabello,[],,,,[],"[""und""]",,,,,,,spotify_country_chart_streams,54906.0,streams,54906,Spotify regional daily chart (Kworb aggregate),,,4xBjsLUSjcx2h7PcRikpQp,,,https://kworb.net/spotify/country/mt_weekly_totals.html,2026-10-02,"Exact aggregate of streams observed while this recording was inside Spotify's daily Top 200 for Malta, as aggregated by Kworb from Spotify chart data. Streams earned outside the chart are not included. Chart coverage on the source page: 2014-01-12 through 2020-07-02.","{""country_code"":""MT"",""country_name"":""Malta"",""chart_coverage_start"":""2014-01-12"",""chart_coverage_end"":""2020-07-02"",""days_on_chart"":15,""top10_days"":null,""peak_rank"":42,""peak_occurrences"":null,""peak_daily_streams"":5690,""metric_scope"":""country-specific Spotify daily Top 200 chart-attributed streams"",""country_rank"":976}"
977,"Rocket Man (I Think It's Going To Be A Long, Long Time)",Elton John,[],,,,[],"[""und""]",,,,,,,spotify_country_chart_streams,54750.0,streams,54750,Spotify regional daily chart (Kworb aggregate),,,3gdewACMIVMEWVbyb8O9sY,,,https://kworb.net/spotify/country/mt_weekly_totals.html,2026-10-02,"Exact aggregate of streams observed while this recording was inside Spotify's daily Top 200 for Malta, as aggregated by Kworb from Spotify chart data. Streams earned outside the chart are not included. Chart coverage on the source page: 2014-01-12 through 2020-07-02.","{""country_code"":""MT"",""country_name"":""Malta"",""chart_coverage_start"":""2014-01-12"",""chart_coverage_end"":""2020-07-02"",""days_on_chart"":26,""top10_days"":null,""peak_rank"":150,""peak_occurrences"":null,""peak_daily_streams"":2305,""metric_scope"":""country-specific Spotify daily Top 200 chart-attributed streams"",""country_rank"":977}"
978,Ain't Your Mama,Jennifer Lopez,[],,,,[],"[""und""]",,,,,,,spotify_country_chart_streams,54393.0,streams,54393,Spotify regional daily chart (Kworb aggregate),,,2hgzdQdnfWwtdpZbhZlV72,,,https://kworb.net/spotify/country/mt_weekly_totals.html,2026-10-02,"Exact aggregate of streams observed while this recording was inside Spotify's daily Top 200 for Malta, as aggregated by Kworb from Spotify chart data. Streams earned outside the chart are not included. Chart coverage on the source page: 2014-01-12 through 2020-07-02.","{""country_code"":""MT"",""country_name"":""Malta"",""chart_coverage_start"":""2014-01-12"",""chart_coverage_end"":""2020-07-02"",""days_on_chart"":25,""top10_days"":null,""peak_rank"":53,""peak_occurrences"":null,""peak_daily_streams"":3348,""metric_scope"":""country-specific Spotify daily Top 200 chart-attributed streams"",""country_rank"":978}"
979,Enemies,Post Malone,[],,,,[],"[""und""]",,,,,,,spotify_country_chart_streams,54384.0,streams,54384,Spotify regional daily chart (Kworb aggregate),,,0Xek5rqai2jcOWCYWJfVCF,,,https://kworb.net/spotify/country/mt_weekly_totals.html,2026-10-02,"Exact aggregate of streams observed while this recording was inside Spotify's daily Top 200 for Malta, as aggregated by Kworb from Spotify chart data. Streams earned outside the chart are not included. Chart coverage on the source page: 2014-01-12 through 2020-07-02.","{""country_code"":""MT"",""country_name"":""Malta"",""chart_coverage_start"":""2014-01-12"",""chart_coverage_end"":""2020-07-02"",""days_on_chart"":12,""top10_days"":null,""peak_rank"":11,""peak_occurrences"":null,""peak_daily_streams"":10856,""metric_scope"":""country-specific Spotify daily Top 200 chart-attributed streams"",""country_rank"":979}"
980,Superheroes,The Script,[],,,,[],"[""und""]",,,,,,,spotify_country_chart_streams,53999.0,streams,53999,Spotify regional daily chart (Kworb aggregate),,,5ml7wqgv2ZZ5JJ6U8ZLon9,,,https://kworb.net/spotify/country/mt_weekly_totals.html,2026-10-02,"Exact aggregate of streams observed while this recording was inside Spotify's daily Top 200 for Malta, as aggregated by Kworb from Spotify chart data. Streams earned outside the chart are not included. Chart coverage on the source page: 2014-01-12 through 2020-07-02.","{""country_code"":""MT"",""country_name"":""Malta"",""chart_coverage_start"":""2014-01-12"",""chart_coverage_end"":""2020-07-02"",""days_on_chart"":27,""top10_days"":6,""peak_rank"":3,""peak_occurrences"":1,""peak_daily_streams"":4210,""metric_scope"":""country-specific Spotify daily Top 200 chart-attributed streams"",""country_rank"":980}"
981,Homicide,Logic,[],,,,[],"[""und""]",,,,,,,spotify_country_chart_streams,53957.0,streams,53957,Spotify regional daily chart (Kworb aggregate),,,2MuMD298IpYqKF367wegUd,,,https://kworb.net/spotify/country/mt_weekly_totals.html,2026-10-02,"Exact aggregate of streams observed while this recording was inside Spotify's daily Top 200 for Malta, as aggregated by Kworb from Spotify chart data. Streams earned outside the chart are not included. Chart coverage on the source page: 2014-01-12 through 2020-07-02.","{""country_code"":""MT"",""country_name"":""Malta"",""chart_coverage_start"":""2014-01-12"",""chart_coverage_end"":""2020-07-02"",""days_on_chart"":11,""top10_days"":2,""peak_rank"":4,""peak_occurrences"":null,""peak_daily_streams"":13329,""metric_scope"":""country-specific Spotify daily Top 200 chart-attributed streams"",""country_rank"":981}"
982,For A Better Day,Avicii,[],,,,[],"[""und""]",,,,,,,spotify_country_chart_streams,53844.0,streams,53844,Spotify regional daily chart (Kworb aggregate),,,3c3XJ9P1BjOtmNXKvdVyHK,,,https://kworb.net/spotify/country/mt_weekly_totals.html,2026-10-02,"Exact aggregate of streams observed while this recording was inside Spotify's daily Top 200 for Malta, as aggregated by Kworb from Spotify chart data. Streams earned outside the chart are not included. Chart coverage on the source page: 2014-01-12 through 2020-07-02.","{""country_code"":""MT"",""country_name"":""Malta"",""chart_coverage_start"":""2014-01-12"",""chart_coverage_end"":""2020-07-02"",""days_on_chart"":24,""top10_days"":null,""peak_rank"":20,""peak_occurrences"":null,""peak_daily_streams"":4520,""metric_scope"":""country-specific Spotify daily Top 200 chart-attributed streams"",""country_rank"":982}"
983,Lips Are Movin,Meghan Trainor,[],,,,[],"[""und""]",,,,,,,spotify_country_chart_streams,53814.0,streams,53814,Spotify regional daily chart (Kworb aggregate),,,6gj08XDlv9Duc2fPOxUmVD,,,https://kworb.net/spotify/country/mt_weekly_totals.html,2026-10-02,"Exact aggregate of streams observed while this recording was inside Spotify's daily Top 200 for Malta, as aggregated by Kworb from Spotify chart data. Streams earned outside the chart are not included. Chart coverage on the source page: 2014-01-12 through 2020-07-02.","{""country_code"":""MT"",""country_name"":""Malta"",""chart_coverage_start"":""2014-01-12"",""chart_coverage_end"":""2020-07-02"",""days_on_chart"":20,""top10_days"":3,""peak_rank"":7,""peak_occurrences"":null,""peak_daily_streams"":4103,""metric_scope"":""country-specific Spotify daily Top 200 chart-attributed streams"",""country_rank"":983}"
984,She Loves Control,Camila Cabello,[],,,,[],"[""und""]",,,,,,,spotify_country_chart_streams,53711.0,streams,53711,Spotify regional daily chart (Kworb aggregate),,,5HwnezK198pJCEj1l2Adjy,,,https://kworb.net/spotify/country/mt_weekly_totals.html,2026-10-02,"Exact aggregate of streams observed while this recording was inside Spotify's daily Top 200 for Malta, as aggregated by Kworb from Spotify chart data. Streams earned outside the chart are not included. Chart coverage on the source page: 2014-01-12 through 2020-07-02.","{""country_code"":""MT"",""country_name"":""Malta"",""chart_coverage_start"":""2014-01-12"",""chart_coverage_end"":""2020-07-02"",""days_on_chart"":11,""top10_days"":null,""peak_rank"":39,""peak_occurrences"":null,""peak_daily_streams"":5806,""metric_scope"":""country-specific Spotify daily Top 200 chart-attributed streams"",""country_rank"":984}"
985,Pop Out,Polo G,[],,,,[],"[""und""]",,,,,,,spotify_country_chart_streams,53661.0,streams,53661,Spotify regional daily chart (Kworb aggregate),,,6uFn47ACjqYkc0jADwEdj1,,,https://kworb.net/spotify/country/mt_weekly_totals.html,2026-10-02,"Exact aggregate of streams observed while this recording was inside Spotify's daily Top 200 for Malta, as aggregated by Kworb from Spotify chart data. Streams earned outside the chart are not included. Chart coverage on the source page: 2014-01-12 through 2020-07-02.","{""country_code"":""MT"",""country_name"":""Malta"",""chart_coverage_start"":""2014-01-12"",""chart_coverage_end"":""2020-07-02"",""days_on_chart"":16,""top10_days"":null,""peak_rank"":36,""peak_occurrences"":null,""peak_daily_streams"":5552,""metric_scope"":""country-specific Spotify daily Top 200 chart-attributed streams"",""country_rank"":985}"
986,HP,Maluma,[],,,,[],"[""und""]",,,,,,,spotify_country_chart_streams,53429.0,streams,53429,Spotify regional daily chart (Kworb aggregate),,,1LIqNVhaIgxXUt2eVoIQJ3,,,https://kworb.net/spotify/country/mt_weekly_totals.html,2026-10-02,"Exact aggregate of streams observed while this recording was inside Spotify's daily Top 200 for Malta, as aggregated by Kworb from Spotify chart data. Streams earned outside the chart are not included. Chart coverage on the source page: 2014-01-12 through 2020-07-02.","{""country_code"":""MT"",""country_name"":""Malta"",""chart_coverage_start"":""2014-01-12"",""chart_coverage_end"":""2020-07-02"",""days_on_chart"":12,""top10_days"":null,""peak_rank"":48,""peak_occurrences"":null,""peak_daily_streams"":5650,""metric_scope"":""country-specific Spotify daily Top 200 chart-attributed streams"",""country_rank"":986}"
987,Up All Night,Khalid,[],,,,[],"[""und""]",,,,,,,spotify_country_chart_streams,53329.0,streams,53329,Spotify regional daily chart (Kworb aggregate),,,1mpD5Q8IM32I4bF6eCpU74,,,https://kworb.net/spotify/country/mt_weekly_totals.html,2026-10-02,"Exact aggregate of streams observed while this recording was inside Spotify's daily Top 200 for Malta, as aggregated by Kworb from Spotify chart data. Streams earned outside the chart are not included. Chart coverage on the source page: 2014-01-12 through 2020-07-02.","{""country_code"":""MT"",""country_name"":""Malta"",""chart_coverage_start"":""2014-01-12"",""chart_coverage_end"":""2020-07-02"",""days_on_chart"":13,""top10_days"":null,""peak_rank"":32,""peak_occurrences"":null,""peak_daily_streams"":6361,""metric_scope"":""country-specific Spotify daily Top 200 chart-attributed streams"",""country_rank"":987}"
988,I’m Ready,Sam Smith,[],,,,[],"[""und""]",,,,,,,spotify_country_chart_streams,53115.0,streams,53115,Spotify regional daily chart (Kworb aggregate),,,1fipvP2zmef6vN2IwXfJhY,,,https://kworb.net/spotify/country/mt_weekly_totals.html,2026-10-02,"Exact aggregate of streams observed while this recording was inside Spotify's daily Top 200 for Malta, as aggregated by Kworb from Spotify chart data. Streams earned outside the chart are not included. Chart coverage on the source page: 2014-01-12 through 2020-07-02.","{""country_code"":""MT"",""country_name"":""Malta"",""chart_coverage_start"":""2014-01-12"",""chart_coverage_end"":""2020-07-02"",""days_on_chart"":11,""top10_days"":null,""peak_rank"":12,""peak_occurrences"":null,""peak_daily_streams"":9654,""metric_scope"":""country-specific Spotify daily Top 200 chart-attributed streams"",""country_rank"":988}"
989,Un Año,Sebastian Yatra,[],,,,[],"[""und""]",,,,,,,spotify_country_chart_streams,52826.0,streams,52826,Spotify regional daily chart (Kworb aggregate),,,2vrpcQNg6itmgVZWsNjWe0,,,https://kworb.net/spotify/country/mt_weekly_totals.html,2026-10-02,"Exact aggregate of streams observed while this recording was inside Spotify's daily Top 200 for Malta, as aggregated by Kworb from Spotify chart data. Streams earned outside the chart are not included. Chart coverage on the source page: 2014-01-12 through 2020-07-02.","{""country_code"":""MT"",""country_name"":""Malta"",""chart_coverage_start"":""2014-01-12"",""chart_coverage_end"":""2020-07-02"",""days_on_chart"":11,""top10_days"":null,""peak_rank"":44,""peak_occurrences"":null,""peak_daily_streams"":6447,""metric_scope"":""country-specific Spotify daily Top 200 chart-attributed streams"",""country_rank"":989}"
990,Lost In Japan - Remix,Shawn Mendes,[],,,,[],"[""und""]",,,,,,,spotify_country_chart_streams,52752.0,streams,52752,Spotify regional daily chart (Kworb aggregate),,,575NJxNUVDqwJGdzBrlLbv,,,https://kworb.net/spotify/country/mt_weekly_totals.html,2026-10-02,"Exact aggregate of streams observed while this recording was inside Spotify's daily Top 200 for Malta, as aggregated by Kworb from Spotify chart data. Streams earned outside the chart are not included. Chart coverage on the source page: 2014-01-12 through 2020-07-02.","{""country_code"":""MT"",""country_name"":""Malta"",""chart_coverage_start"":""2014-01-12"",""chart_coverage_end"":""2020-07-02"",""days_on_chart"":14,""top10_days"":null,""peak_rank"":73,""peak_occurrences"":null,""peak_daily_streams"":5167,""metric_scope"":""country-specific Spotify daily Top 200 chart-attributed streams"",""country_rank"":990}"
991,Powerglide,Rae Sremmurd,[],,,,[],"[""und""]",,,,,,,spotify_country_chart_streams,52621.0,streams,52621,Spotify regional daily chart (Kworb aggregate),,,1BuZAIO8WZpavWVbbq3Lci,,,https://kworb.net/spotify/country/mt_weekly_totals.html,2026-10-02,"Exact aggregate of streams observed while this recording was inside Spotify's daily Top 200 for Malta, as aggregated by Kworb from Spotify chart data. Streams earned outside the chart are not included. Chart coverage on the source page: 2014-01-12 through 2020-07-02.","{""country_code"":""MT"",""country_name"":""Malta"",""chart_coverage_start"":""2014-01-12"",""chart_coverage_end"":""2020-07-02"",""days_on_chart"":13,""top10_days"":null,""peak_rank"":61,""peak_occurrences"":null,""peak_daily_streams"":5155,""metric_scope"":""country-specific Spotify daily Top 200 chart-attributed streams"",""country_rank"":991}"
992,Bounce Back,Big Sean,[],,,,[],"[""und""]",,,,,,,spotify_country_chart_streams,52331.0,streams,52331,Spotify regional daily chart (Kworb aggregate),,,0SGkqnVQo9KPytSri1H6cF,,,https://kworb.net/spotify/country/mt_weekly_totals.html,2026-10-02,"Exact aggregate of streams observed while this recording was inside Spotify's daily Top 200 for Malta, as aggregated by Kworb from Spotify chart data. Streams earned outside the chart are not included. Chart coverage on the source page: 2014-01-12 through 2020-07-02.","{""country_code"":""MT"",""country_name"":""Malta"",""chart_coverage_start"":""2014-01-12"",""chart_coverage_end"":""2020-07-02"",""days_on_chart"":20,""top10_days"":null,""peak_rank"":64,""peak_occurrences"":null,""peak_daily_streams"":3616,""metric_scope"":""country-specific Spotify daily Top 200 chart-attributed streams"",""country_rank"":992}"
993,One Last Time,Ariana Grande,[],,,,[],"[""und""]",,,,,,,spotify_country_chart_streams,52303.0,streams,52303,Spotify regional daily chart (Kworb aggregate),,,2OlWBmSjf1aUPGLNf0UI5A,,,https://kworb.net/spotify/country/mt_weekly_totals.html,2026-10-02,"Exact aggregate of streams observed while this recording was inside Spotify's daily Top 200 for Malta, as aggregated by Kworb from Spotify chart data. Streams earned outside the chart are not included. Chart coverage on the source page: 2014-01-12 through 2020-07-02.","{""country_code"":""MT"",""country_name"":""Malta"",""chart_coverage_start"":""2014-01-12"",""chart_coverage_end"":""2020-07-02"",""days_on_chart"":21,""top10_days"":2,""peak_rank"":8,""peak_occurrences"":null,""peak_daily_streams"":5792,""metric_scope"":""country-specific Spotify daily Top 200 chart-attributed streams"",""country_rank"":993}"
994,Love Of My Life - Remastered 2011,Queen,[],,,,[],"[""und""]",,,,,,,spotify_country_chart_streams,52297.0,streams,52297,Spotify regional daily chart (Kworb aggregate),,,4YJUTdZ0Pgl0ZeNyHYXeLd,,,https://kworb.net/spotify/country/mt_weekly_totals.html,2026-10-02,"Exact aggregate of streams observed while this recording was inside Spotify's daily Top 200 for Malta, as aggregated by Kworb from Spotify chart data. Streams earned outside the chart are not included. Chart coverage on the source page: 2014-01-12 through 2020-07-02.","{""country_code"":""MT"",""country_name"":""Malta"",""chart_coverage_start"":""2014-01-12"",""chart_coverage_end"":""2020-07-02"",""days_on_chart"":15,""top10_days"":null,""peak_rank"":89,""peak_occurrences"":null,""peak_daily_streams"":4510,""metric_scope"":""country-specific Spotify daily Top 200 chart-attributed streams"",""country_rank"":994}"
995,Like It Is,Kygo,[],,,,[],"[""und""]",,,,,,,spotify_country_chart_streams,52217.0,streams,52217,Spotify regional daily chart (Kworb aggregate),,,3frUvGrmGcay91lvFbOgsN,,,https://kworb.net/spotify/country/mt_weekly_totals.html,2026-10-02,"Exact aggregate of streams observed while this recording was inside Spotify's daily Top 200 for Malta, as aggregated by Kworb from Spotify chart data. Streams earned outside the chart are not included. Chart coverage on the source page: 2014-01-12 through 2020-07-02.","{""country_code"":""MT"",""country_name"":""Malta"",""chart_coverage_start"":""2014-01-12"",""chart_coverage_end"":""2020-07-02"",""days_on_chart"":14,""top10_days"":null,""peak_rank"":35,""peak_occurrences"":null,""peak_daily_streams"":5534,""metric_scope"":""country-specific Spotify daily Top 200 chart-attributed streams"",""country_rank"":995}"
996,EARFQUAKE,"Tyler, The Creator",[],,,,[],"[""und""]",,,,,,,spotify_country_chart_streams,52193.0,streams,52193,Spotify regional daily chart (Kworb aggregate),,,5hVghJ4KaYES3BFUATCYn0,,,https://kworb.net/spotify/country/mt_weekly_totals.html,2026-10-02,"Exact aggregate of streams observed while this recording was inside Spotify's daily Top 200 for Malta, as aggregated by Kworb from Spotify chart data. Streams earned outside the chart are not included. Chart coverage on the source page: 2014-01-12 through 2020-07-02.","{""country_code"":""MT"",""country_name"":""Malta"",""chart_coverage_start"":""2014-01-12"",""chart_coverage_end"":""2020-07-02"",""days_on_chart"":10,""top10_days"":null,""peak_rank"":14,""peak_occurrences"":null,""peak_daily_streams"":9182,""metric_scope"":""country-specific Spotify daily Top 200 chart-attributed streams"",""country_rank"":996}"
997,Yellow,Coldplay,[],,,,[],"[""und""]",,,,,,,spotify_country_chart_streams,52189.0,streams,52189,Spotify regional daily chart (Kworb aggregate),,,3AJwUDP919kvQ9QcozQPxg,,,https://kworb.net/spotify/country/mt_weekly_totals.html,2026-10-02,"Exact aggregate of streams observed while this recording was inside Spotify's daily Top 200 for Malta, as aggregated by Kworb from Spotify chart data. Streams earned outside the chart are not included. Chart coverage on the source page: 2014-01-12 through 2020-07-02.","{""country_code"":""MT"",""country_name"":""Malta"",""chart_coverage_start"":""2014-01-12"",""chart_coverage_end"":""2020-07-02"",""days_on_chart"":43,""top10_days"":null,""peak_rank"":113,""peak_occurrences"":null,""peak_daily_streams"":1651,""metric_scope"":""country-specific Spotify daily Top 200 chart-attributed streams"",""country_rank"":997}"
998,"Homemade Dynamite (Feat. Khalid, Post Malone & SZA) - REMIX",Lorde,[],,,,[],"[""und""]",,,,,,,spotify_country_chart_streams,52058.0,streams,52058,Spotify regional daily chart (Kworb aggregate),,,69Naniu2KjKjaQOBUagE8U,,,https://kworb.net/spotify/country/mt_weekly_totals.html,2026-10-02,"Exact aggregate of streams observed while this recording was inside Spotify's daily Top 200 for Malta, as aggregated by Kworb from Spotify chart data. Streams earned outside the chart are not included. Chart coverage on the source page: 2014-01-12 through 2020-07-02.","{""country_code"":""MT"",""country_name"":""Malta"",""chart_coverage_start"":""2014-01-12"",""chart_coverage_end"":""2020-07-02"",""days_on_chart"":9,""top10_days"":null,""peak_rank"":24,""peak_occurrences"":null,""peak_daily_streams"":7013,""metric_scope"":""country-specific Spotify daily Top 200 chart-attributed streams"",""country_rank"":998}"
999,Let It Snow! Let It Snow! Let It Snow!,Dean Martin,[],,,,[],"[""und""]",,,,,,,spotify_country_chart_streams,52045.0,streams,52045,Spotify regional daily chart (Kworb aggregate),,,2uFaJJtFpPDc5Pa95XzTvg,,,https://kworb.net/spotify/country/mt_weekly_totals.html,2026-10-02,"Exact aggregate of streams observed while this recording was inside Spotify's daily Top 200 for Malta, as aggregated by Kworb from Spotify chart data. Streams earned outside the chart are not included. Chart coverage on the source page: 2014-01-12 through 2020-07-02.","{""country_code"":""MT"",""country_name"":""Malta"",""chart_coverage_start"":""2014-01-12"",""chart_coverage_end"":""2020-07-02"",""days_on_chart"":9,""top10_days"":null,""peak_rank"":23,""peak_occurrences"":null,""peak_daily_streams"":10562,""metric_scope"":""country-specific Spotify daily Top 200 chart-attributed streams"",""country_rank"":999}"
