rank,title,main_artist,featured_artists,album,release_date,release_year,genres,languages,composer,anime_title,anime_popularity,screen_work,vtuber,is_original,metric_name,metric_value,metric_unit,listen_count,listen_source,view_count,overall_popularity_score,spotify_track_id,musicbrainz_recording_mbid,isrc,source_url,retrieved_at,source_notes,extra
1,Disquieting Darkness (Combat) (Act II),Unknown credited artist,[],Baldur's Gate 3 (baldurs-gate-3-windows-gamerip-2023),,,"[""video game soundtrack""]","[""und""]",,,,Baldur's Gate 3,,,khinsider_track_prominence_proxy,62.55211598797836,score_0_100,,,,85.02084639519134,,,,https://downloads.khinsider.com/game-soundtracks/album/baldurs-gate-3-windows-gamerip-2023,2026-10-05,Track title is taken from KHInsider's soundtrack/gamerip album index. Popularity is an explicitly labelled proxy based on BeatHit game rank and track prominence.,"{""culture_category"":""video_game_music"",""video_game"":""Baldur's Gate 3"",""game_rank"":138,""game_association_kind"":""khinsider_game_soundtrack"",""khinsider_album_url"":""https://downloads.khinsider.com/game-soundtracks/album/baldurs-gate-3-windows-gamerip-2023"",""khinsider_album_title"":""Baldur's Gate 3 (baldurs-gate-3-windows-gamerip-2023)"",""khinsider_album_kind"":""official_or_gamerip"",""khinsider_album_match_score"":100.0,""relevance_score_100"":100.0,""popularity_score_100"":62.55211598797836,""score_100"":85.02084639519134,""popularity_basis"":""BeatHit master-list game rank plus track position proxy""}"
2,Main Theme Part I,Unknown credited artist,[],Baldur's Gate 3 Original Soundtrack (baldurs-gate-3-original-soundtrack-2023),,,"[""video game soundtrack""]","[""und""]",,,,Baldur's Gate 3,,,khinsider_track_prominence_proxy,62.55211598797836,score_0_100,,,,85.02084639519134,,,,https://downloads.khinsider.com/game-soundtracks/album/baldurs-gate-3-original-soundtrack-2023,2026-10-05,Track title is taken from KHInsider's soundtrack/gamerip album index. Popularity is an explicitly labelled proxy based on BeatHit game rank and track prominence.,"{""culture_category"":""video_game_music"",""video_game"":""Baldur's Gate 3"",""game_rank"":138,""game_association_kind"":""khinsider_game_soundtrack"",""khinsider_album_url"":""https://downloads.khinsider.com/game-soundtracks/album/baldurs-gate-3-original-soundtrack-2023"",""khinsider_album_title"":""Baldur's Gate 3 Original Soundtrack (baldurs-gate-3-original-soundtrack-2023)"",""khinsider_album_kind"":""official_or_gamerip"",""khinsider_album_match_score"":100.0,""relevance_score_100"":100.0,""popularity_score_100"":62.55211598797836,""score_100"":85.02084639519134,""popularity_basis"":""BeatHit master-list game rank plus track position proxy""}"
3,Quivers of Dusk,Unknown credited artist,[],Baldur's Gate 3 (baldurs-gate-3-windows-gamerip-2023),,,"[""video game soundtrack""]","[""und""]",,,,Baldur's Gate 3,,,khinsider_track_prominence_proxy,62.34211598797836,score_0_100,,,,84.93684639519134,,,,https://downloads.khinsider.com/game-soundtracks/album/baldurs-gate-3-windows-gamerip-2023,2026-10-05,Track title is taken from KHInsider's soundtrack/gamerip album index. Popularity is an explicitly labelled proxy based on BeatHit game rank and track prominence.,"{""culture_category"":""video_game_music"",""video_game"":""Baldur's Gate 3"",""game_rank"":138,""game_association_kind"":""khinsider_game_soundtrack"",""khinsider_album_url"":""https://downloads.khinsider.com/game-soundtracks/album/baldurs-gate-3-windows-gamerip-2023"",""khinsider_album_title"":""Baldur's Gate 3 (baldurs-gate-3-windows-gamerip-2023)"",""khinsider_album_kind"":""official_or_gamerip"",""khinsider_album_match_score"":100.0,""relevance_score_100"":100.0,""popularity_score_100"":62.34211598797836,""score_100"":84.93684639519134,""popularity_basis"":""BeatHit master-list game rank plus track position proxy""}"
4,Main Theme Part II,Unknown credited artist,[],Baldur's Gate 3 Original Soundtrack (baldurs-gate-3-original-soundtrack-2023),,,"[""video game soundtrack""]","[""und""]",,,,Baldur's Gate 3,,,khinsider_track_prominence_proxy,62.34211598797836,score_0_100,,,,84.93684639519134,,,,https://downloads.khinsider.com/game-soundtracks/album/baldurs-gate-3-original-soundtrack-2023,2026-10-05,Track title is taken from KHInsider's soundtrack/gamerip album index. Popularity is an explicitly labelled proxy based on BeatHit game rank and track prominence.,"{""culture_category"":""video_game_music"",""video_game"":""Baldur's Gate 3"",""game_rank"":138,""game_association_kind"":""khinsider_game_soundtrack"",""khinsider_album_url"":""https://downloads.khinsider.com/game-soundtracks/album/baldurs-gate-3-original-soundtrack-2023"",""khinsider_album_title"":""Baldur's Gate 3 Original Soundtrack (baldurs-gate-3-original-soundtrack-2023)"",""khinsider_album_kind"":""official_or_gamerip"",""khinsider_album_match_score"":100.0,""relevance_score_100"":100.0,""popularity_score_100"":62.34211598797836,""score_100"":84.93684639519134,""popularity_basis"":""BeatHit master-list game rank plus track position proxy""}"
5,Protector's Oath (Ketheric Thorm's Theme),Unknown credited artist,[],Baldur's Gate 3 (baldurs-gate-3-windows-gamerip-2023),,,"[""video game soundtrack""]","[""und""]",,,,Baldur's Gate 3,,,khinsider_track_prominence_proxy,62.13211598797836,score_0_100,,,,84.85284639519135,,,,https://downloads.khinsider.com/game-soundtracks/album/baldurs-gate-3-windows-gamerip-2023,2026-10-05,Track title is taken from KHInsider's soundtrack/gamerip album index. Popularity is an explicitly labelled proxy based on BeatHit game rank and track prominence.,"{""culture_category"":""video_game_music"",""video_game"":""Baldur's Gate 3"",""game_rank"":138,""game_association_kind"":""khinsider_game_soundtrack"",""khinsider_album_url"":""https://downloads.khinsider.com/game-soundtracks/album/baldurs-gate-3-windows-gamerip-2023"",""khinsider_album_title"":""Baldur's Gate 3 (baldurs-gate-3-windows-gamerip-2023)"",""khinsider_album_kind"":""official_or_gamerip"",""khinsider_album_match_score"":100.0,""relevance_score_100"":100.0,""popularity_score_100"":62.13211598797836,""score_100"":84.85284639519135,""popularity_basis"":""BeatHit master-list game rank plus track position proxy""}"
6,Mind Flayer Theme,Unknown credited artist,[],Baldur's Gate 3 Original Soundtrack (baldurs-gate-3-original-soundtrack-2023),,,"[""video game soundtrack""]","[""und""]",,,,Baldur's Gate 3,,,khinsider_track_prominence_proxy,62.13211598797836,score_0_100,,,,84.85284639519135,,,,https://downloads.khinsider.com/game-soundtracks/album/baldurs-gate-3-original-soundtrack-2023,2026-10-05,Track title is taken from KHInsider's soundtrack/gamerip album index. Popularity is an explicitly labelled proxy based on BeatHit game rank and track prominence.,"{""culture_category"":""video_game_music"",""video_game"":""Baldur's Gate 3"",""game_rank"":138,""game_association_kind"":""khinsider_game_soundtrack"",""khinsider_album_url"":""https://downloads.khinsider.com/game-soundtracks/album/baldurs-gate-3-original-soundtrack-2023"",""khinsider_album_title"":""Baldur's Gate 3 Original Soundtrack (baldurs-gate-3-original-soundtrack-2023)"",""khinsider_album_kind"":""official_or_gamerip"",""khinsider_album_match_score"":100.0,""relevance_score_100"":100.0,""popularity_score_100"":62.13211598797836,""score_100"":84.85284639519135,""popularity_basis"":""BeatHit master-list game rank plus track position proxy""}"
7,Protector's Oath (Ketheric Thorm's Theme) (Short),Unknown credited artist,[],Baldur's Gate 3 (baldurs-gate-3-windows-gamerip-2023),,,"[""video game soundtrack""]","[""und""]",,,,Baldur's Gate 3,,,khinsider_track_prominence_proxy,61.92211598797836,score_0_100,,,,84.76884639519135,,,,https://downloads.khinsider.com/game-soundtracks/album/baldurs-gate-3-windows-gamerip-2023,2026-10-05,Track title is taken from KHInsider's soundtrack/gamerip album index. Popularity is an explicitly labelled proxy based on BeatHit game rank and track prominence.,"{""culture_category"":""video_game_music"",""video_game"":""Baldur's Gate 3"",""game_rank"":138,""game_association_kind"":""khinsider_game_soundtrack"",""khinsider_album_url"":""https://downloads.khinsider.com/game-soundtracks/album/baldurs-gate-3-windows-gamerip-2023"",""khinsider_album_title"":""Baldur's Gate 3 (baldurs-gate-3-windows-gamerip-2023)"",""khinsider_album_kind"":""official_or_gamerip"",""khinsider_album_match_score"":100.0,""relevance_score_100"":100.0,""popularity_score_100"":61.92211598797836,""score_100"":84.76884639519135,""popularity_basis"":""BeatHit master-list game rank plus track position proxy""}"
8,Who Are You,Unknown credited artist,[],Baldur's Gate 3 Original Soundtrack (baldurs-gate-3-original-soundtrack-2023),,,"[""video game soundtrack""]","[""und""]",,,,Baldur's Gate 3,,,khinsider_track_prominence_proxy,61.92211598797836,score_0_100,,,,84.76884639519135,,,,https://downloads.khinsider.com/game-soundtracks/album/baldurs-gate-3-original-soundtrack-2023,2026-10-05,Track title is taken from KHInsider's soundtrack/gamerip album index. Popularity is an explicitly labelled proxy based on BeatHit game rank and track prominence.,"{""culture_category"":""video_game_music"",""video_game"":""Baldur's Gate 3"",""game_rank"":138,""game_association_kind"":""khinsider_game_soundtrack"",""khinsider_album_url"":""https://downloads.khinsider.com/game-soundtracks/album/baldurs-gate-3-original-soundtrack-2023"",""khinsider_album_title"":""Baldur's Gate 3 Original Soundtrack (baldurs-gate-3-original-soundtrack-2023)"",""khinsider_album_kind"":""official_or_gamerip"",""khinsider_album_match_score"":100.0,""relevance_score_100"":100.0,""popularity_score_100"":61.92211598797836,""score_100"":84.76884639519135,""popularity_basis"":""BeatHit master-list game rank plus track position proxy""}"
9,Waltz of Respite,Unknown credited artist,[],Baldur's Gate 3 (baldurs-gate-3-windows-gamerip-2023),,,"[""video game soundtrack""]","[""und""]",,,,Baldur's Gate 3,,,khinsider_track_prominence_proxy,61.712115987978365,score_0_100,,,,84.68484639519134,,,,https://downloads.khinsider.com/game-soundtracks/album/baldurs-gate-3-windows-gamerip-2023,2026-10-05,Track title is taken from KHInsider's soundtrack/gamerip album index. Popularity is an explicitly labelled proxy based on BeatHit game rank and track prominence.,"{""culture_category"":""video_game_music"",""video_game"":""Baldur's Gate 3"",""game_rank"":138,""game_association_kind"":""khinsider_game_soundtrack"",""khinsider_album_url"":""https://downloads.khinsider.com/game-soundtracks/album/baldurs-gate-3-windows-gamerip-2023"",""khinsider_album_title"":""Baldur's Gate 3 (baldurs-gate-3-windows-gamerip-2023)"",""khinsider_album_kind"":""official_or_gamerip"",""khinsider_album_match_score"":100.0,""relevance_score_100"":100.0,""popularity_score_100"":61.712115987978365,""score_100"":84.68484639519134,""popularity_basis"":""BeatHit master-list game rank plus track position proxy""}"
10,Nine Blades,Unknown credited artist,[],Baldur's Gate 3 Original Soundtrack (baldurs-gate-3-original-soundtrack-2023),,,"[""video game soundtrack""]","[""und""]",,,,Baldur's Gate 3,,,khinsider_track_prominence_proxy,61.712115987978365,score_0_100,,,,84.68484639519134,,,,https://downloads.khinsider.com/game-soundtracks/album/baldurs-gate-3-original-soundtrack-2023,2026-10-05,Track title is taken from KHInsider's soundtrack/gamerip album index. Popularity is an explicitly labelled proxy based on BeatHit game rank and track prominence.,"{""culture_category"":""video_game_music"",""video_game"":""Baldur's Gate 3"",""game_rank"":138,""game_association_kind"":""khinsider_game_soundtrack"",""khinsider_album_url"":""https://downloads.khinsider.com/game-soundtracks/album/baldurs-gate-3-original-soundtrack-2023"",""khinsider_album_title"":""Baldur's Gate 3 Original Soundtrack (baldurs-gate-3-original-soundtrack-2023)"",""khinsider_album_kind"":""official_or_gamerip"",""khinsider_album_match_score"":100.0,""relevance_score_100"":100.0,""popularity_score_100"":61.712115987978365,""score_100"":84.68484639519134,""popularity_basis"":""BeatHit master-list game rank plus track position proxy""}"
11,Twisted Force (Light Version),Unknown credited artist,[],Baldur's Gate 3 (baldurs-gate-3-windows-gamerip-2023),,,"[""video game soundtrack""]","[""und""]",,,,Baldur's Gate 3,,,khinsider_track_prominence_proxy,61.50211598797836,score_0_100,,,,84.60084639519134,,,,https://downloads.khinsider.com/game-soundtracks/album/baldurs-gate-3-windows-gamerip-2023,2026-10-05,Track title is taken from KHInsider's soundtrack/gamerip album index. Popularity is an explicitly labelled proxy based on BeatHit game rank and track prominence.,"{""culture_category"":""video_game_music"",""video_game"":""Baldur's Gate 3"",""game_rank"":138,""game_association_kind"":""khinsider_game_soundtrack"",""khinsider_album_url"":""https://downloads.khinsider.com/game-soundtracks/album/baldurs-gate-3-windows-gamerip-2023"",""khinsider_album_title"":""Baldur's Gate 3 (baldurs-gate-3-windows-gamerip-2023)"",""khinsider_album_kind"":""official_or_gamerip"",""khinsider_album_match_score"":100.0,""relevance_score_100"":100.0,""popularity_score_100"":61.50211598797836,""score_100"":84.60084639519134,""popularity_basis"":""BeatHit master-list game rank plus track position proxy""}"
12,Zhentarim Hideout,Unknown credited artist,[],Baldur's Gate 3 (baldurs-gate-3-windows-gamerip-2023),,,"[""video game soundtrack""]","[""und""]",,,,Baldur's Gate 3,,,khinsider_track_prominence_proxy,61.29211598797836,score_0_100,,,,84.51684639519135,,,,https://downloads.khinsider.com/game-soundtracks/album/baldurs-gate-3-windows-gamerip-2023,2026-10-05,Track title is taken from KHInsider's soundtrack/gamerip album index. Popularity is an explicitly labelled proxy based on BeatHit game rank and track prominence.,"{""culture_category"":""video_game_music"",""video_game"":""Baldur's Gate 3"",""game_rank"":138,""game_association_kind"":""khinsider_game_soundtrack"",""khinsider_album_url"":""https://downloads.khinsider.com/game-soundtracks/album/baldurs-gate-3-windows-gamerip-2023"",""khinsider_album_title"":""Baldur's Gate 3 (baldurs-gate-3-windows-gamerip-2023)"",""khinsider_album_kind"":""official_or_gamerip"",""khinsider_album_match_score"":100.0,""relevance_score_100"":100.0,""popularity_score_100"":61.29211598797836,""score_100"":84.51684639519135,""popularity_basis"":""BeatHit master-list game rank plus track position proxy""}"
13,Lead Your Fights,Unknown credited artist,[],Baldur's Gate 3 Original Soundtrack (baldurs-gate-3-original-soundtrack-2023),,,"[""video game soundtrack""]","[""und""]",,,,Baldur's Gate 3,,,khinsider_track_prominence_proxy,61.29211598797836,score_0_100,,,,84.51684639519135,,,,https://downloads.khinsider.com/game-soundtracks/album/baldurs-gate-3-original-soundtrack-2023,2026-10-05,Track title is taken from KHInsider's soundtrack/gamerip album index. Popularity is an explicitly labelled proxy based on BeatHit game rank and track prominence.,"{""culture_category"":""video_game_music"",""video_game"":""Baldur's Gate 3"",""game_rank"":138,""game_association_kind"":""khinsider_game_soundtrack"",""khinsider_album_url"":""https://downloads.khinsider.com/game-soundtracks/album/baldurs-gate-3-original-soundtrack-2023"",""khinsider_album_title"":""Baldur's Gate 3 Original Soundtrack (baldurs-gate-3-original-soundtrack-2023)"",""khinsider_album_kind"":""official_or_gamerip"",""khinsider_album_match_score"":100.0,""relevance_score_100"":100.0,""popularity_score_100"":61.29211598797836,""score_100"":84.51684639519135,""popularity_basis"":""BeatHit master-list game rank plus track position proxy""}"
14,Grymforge,Unknown credited artist,[],Baldur's Gate 3 (baldurs-gate-3-windows-gamerip-2023),,,"[""video game soundtrack""]","[""und""]",,,,Baldur's Gate 3,,,khinsider_track_prominence_proxy,61.082115987978355,score_0_100,,,,84.43284639519135,,,,https://downloads.khinsider.com/game-soundtracks/album/baldurs-gate-3-windows-gamerip-2023,2026-10-05,Track title is taken from KHInsider's soundtrack/gamerip album index. Popularity is an explicitly labelled proxy based on BeatHit game rank and track prominence.,"{""culture_category"":""video_game_music"",""video_game"":""Baldur's Gate 3"",""game_rank"":138,""game_association_kind"":""khinsider_game_soundtrack"",""khinsider_album_url"":""https://downloads.khinsider.com/game-soundtracks/album/baldurs-gate-3-windows-gamerip-2023"",""khinsider_album_title"":""Baldur's Gate 3 (baldurs-gate-3-windows-gamerip-2023)"",""khinsider_album_kind"":""official_or_gamerip"",""khinsider_album_match_score"":100.0,""relevance_score_100"":100.0,""popularity_score_100"":61.082115987978355,""score_100"":84.43284639519135,""popularity_basis"":""BeatHit master-list game rank plus track position proxy""}"
15,Harpy Song,Unknown credited artist,[],Baldur's Gate 3 Original Soundtrack (baldurs-gate-3-original-soundtrack-2023),,,"[""video game soundtrack""]","[""und""]",,,,Baldur's Gate 3,,,khinsider_track_prominence_proxy,61.082115987978355,score_0_100,,,,84.43284639519135,,,,https://downloads.khinsider.com/game-soundtracks/album/baldurs-gate-3-original-soundtrack-2023,2026-10-05,Track title is taken from KHInsider's soundtrack/gamerip album index. Popularity is an explicitly labelled proxy based on BeatHit game rank and track prominence.,"{""culture_category"":""video_game_music"",""video_game"":""Baldur's Gate 3"",""game_rank"":138,""game_association_kind"":""khinsider_game_soundtrack"",""khinsider_album_url"":""https://downloads.khinsider.com/game-soundtracks/album/baldurs-gate-3-original-soundtrack-2023"",""khinsider_album_title"":""Baldur's Gate 3 Original Soundtrack (baldurs-gate-3-original-soundtrack-2023)"",""khinsider_album_kind"":""official_or_gamerip"",""khinsider_album_match_score"":100.0,""relevance_score_100"":100.0,""popularity_score_100"":61.082115987978355,""score_100"":84.43284639519135,""popularity_basis"":""BeatHit master-list game rank plus track position proxy""}"
16,"Shadow-Cursed Lands Battle (Variation, Enemy Down) (Unconfirmed)",Unknown credited artist,[],Baldur's Gate 3 (baldurs-gate-3-windows-gamerip-2023),,,"[""video game soundtrack""]","[""und""]",,,,Baldur's Gate 3,,,khinsider_track_prominence_proxy,60.87211598797836,score_0_100,,,,84.34884639519134,,,,https://downloads.khinsider.com/game-soundtracks/album/baldurs-gate-3-windows-gamerip-2023,2026-10-05,Track title is taken from KHInsider's soundtrack/gamerip album index. Popularity is an explicitly labelled proxy based on BeatHit game rank and track prominence.,"{""culture_category"":""video_game_music"",""video_game"":""Baldur's Gate 3"",""game_rank"":138,""game_association_kind"":""khinsider_game_soundtrack"",""khinsider_album_url"":""https://downloads.khinsider.com/game-soundtracks/album/baldurs-gate-3-windows-gamerip-2023"",""khinsider_album_title"":""Baldur's Gate 3 (baldurs-gate-3-windows-gamerip-2023)"",""khinsider_album_kind"":""official_or_gamerip"",""khinsider_album_match_score"":100.0,""relevance_score_100"":100.0,""popularity_score_100"":60.87211598797836,""score_100"":84.34884639519134,""popularity_basis"":""BeatHit master-list game rank plus track position proxy""}"
17,Weeping Dawn,Unknown credited artist,[],Baldur's Gate 3 Original Soundtrack (baldurs-gate-3-original-soundtrack-2023),,,"[""video game soundtrack""]","[""und""]",,,,Baldur's Gate 3,,,khinsider_track_prominence_proxy,60.87211598797836,score_0_100,,,,84.34884639519134,,,,https://downloads.khinsider.com/game-soundtracks/album/baldurs-gate-3-original-soundtrack-2023,2026-10-05,Track title is taken from KHInsider's soundtrack/gamerip album index. Popularity is an explicitly labelled proxy based on BeatHit game rank and track prominence.,"{""culture_category"":""video_game_music"",""video_game"":""Baldur's Gate 3"",""game_rank"":138,""game_association_kind"":""khinsider_game_soundtrack"",""khinsider_album_url"":""https://downloads.khinsider.com/game-soundtracks/album/baldurs-gate-3-original-soundtrack-2023"",""khinsider_album_title"":""Baldur's Gate 3 Original Soundtrack (baldurs-gate-3-original-soundtrack-2023)"",""khinsider_album_kind"":""official_or_gamerip"",""khinsider_album_match_score"":100.0,""relevance_score_100"":100.0,""popularity_score_100"":60.87211598797836,""score_100"":84.34884639519134,""popularity_basis"":""BeatHit master-list game rank plus track position proxy""}"
18,26275643,Unknown credited artist,[],Baldur's Gate 3 (baldurs-gate-3-windows-gamerip-2023),,,"[""video game soundtrack""]","[""und""]",,,,Baldur's Gate 3,,,khinsider_track_prominence_proxy,60.66211598797836,score_0_100,,,,84.26484639519134,,,,https://downloads.khinsider.com/game-soundtracks/album/baldurs-gate-3-windows-gamerip-2023,2026-10-05,Track title is taken from KHInsider's soundtrack/gamerip album index. Popularity is an explicitly labelled proxy based on BeatHit game rank and track prominence.,"{""culture_category"":""video_game_music"",""video_game"":""Baldur's Gate 3"",""game_rank"":138,""game_association_kind"":""khinsider_game_soundtrack"",""khinsider_album_url"":""https://downloads.khinsider.com/game-soundtracks/album/baldurs-gate-3-windows-gamerip-2023"",""khinsider_album_title"":""Baldur's Gate 3 (baldurs-gate-3-windows-gamerip-2023)"",""khinsider_album_kind"":""official_or_gamerip"",""khinsider_album_match_score"":100.0,""relevance_score_100"":100.0,""popularity_score_100"":60.66211598797836,""score_100"":84.26484639519134,""popularity_basis"":""BeatHit master-list game rank plus track position proxy""}"
19,Mind Flayer Theme (Alternative),Unknown credited artist,[],Baldur's Gate 3 (baldurs-gate-3-windows-gamerip-2023),,,"[""video game soundtrack""]","[""und""]",,,,Baldur's Gate 3,,,khinsider_track_prominence_proxy,60.45211598797836,score_0_100,,,,84.18084639519134,,,,https://downloads.khinsider.com/game-soundtracks/album/baldurs-gate-3-windows-gamerip-2023,2026-10-05,Track title is taken from KHInsider's soundtrack/gamerip album index. Popularity is an explicitly labelled proxy based on BeatHit game rank and track prominence.,"{""culture_category"":""video_game_music"",""video_game"":""Baldur's Gate 3"",""game_rank"":138,""game_association_kind"":""khinsider_game_soundtrack"",""khinsider_album_url"":""https://downloads.khinsider.com/game-soundtracks/album/baldurs-gate-3-windows-gamerip-2023"",""khinsider_album_title"":""Baldur's Gate 3 (baldurs-gate-3-windows-gamerip-2023)"",""khinsider_album_kind"":""official_or_gamerip"",""khinsider_album_match_score"":100.0,""relevance_score_100"":100.0,""popularity_score_100"":60.45211598797836,""score_100"":84.18084639519134,""popularity_basis"":""BeatHit master-list game rank plus track position proxy""}"
20,The Cult of The Absolute,Unknown credited artist,[],Baldur's Gate 3 Original Soundtrack (baldurs-gate-3-original-soundtrack-2023),,,"[""video game soundtrack""]","[""und""]",,,,Baldur's Gate 3,,,khinsider_track_prominence_proxy,60.45211598797836,score_0_100,,,,84.18084639519134,,,,https://downloads.khinsider.com/game-soundtracks/album/baldurs-gate-3-original-soundtrack-2023,2026-10-05,Track title is taken from KHInsider's soundtrack/gamerip album index. Popularity is an explicitly labelled proxy based on BeatHit game rank and track prominence.,"{""culture_category"":""video_game_music"",""video_game"":""Baldur's Gate 3"",""game_rank"":138,""game_association_kind"":""khinsider_game_soundtrack"",""khinsider_album_url"":""https://downloads.khinsider.com/game-soundtracks/album/baldurs-gate-3-original-soundtrack-2023"",""khinsider_album_title"":""Baldur's Gate 3 Original Soundtrack (baldurs-gate-3-original-soundtrack-2023)"",""khinsider_album_kind"":""official_or_gamerip"",""khinsider_album_match_score"":100.0,""relevance_score_100"":100.0,""popularity_score_100"":60.45211598797836,""score_100"":84.18084639519134,""popularity_basis"":""BeatHit master-list game rank plus track position proxy""}"
21,Horizon Chase,Unknown credited artist,[],Baldur's Gate 3 (baldurs-gate-3-windows-gamerip-2023),,,"[""video game soundtrack""]","[""und""]",,,,Baldur's Gate 3,,,khinsider_track_prominence_proxy,60.24211598797836,score_0_100,,,,84.09684639519135,,,,https://downloads.khinsider.com/game-soundtracks/album/baldurs-gate-3-windows-gamerip-2023,2026-10-05,Track title is taken from KHInsider's soundtrack/gamerip album index. Popularity is an explicitly labelled proxy based on BeatHit game rank and track prominence.,"{""culture_category"":""video_game_music"",""video_game"":""Baldur's Gate 3"",""game_rank"":138,""game_association_kind"":""khinsider_game_soundtrack"",""khinsider_album_url"":""https://downloads.khinsider.com/game-soundtracks/album/baldurs-gate-3-windows-gamerip-2023"",""khinsider_album_title"":""Baldur's Gate 3 (baldurs-gate-3-windows-gamerip-2023)"",""khinsider_album_kind"":""official_or_gamerip"",""khinsider_album_match_score"":100.0,""relevance_score_100"":100.0,""popularity_score_100"":60.24211598797836,""score_100"":84.09684639519135,""popularity_basis"":""BeatHit master-list game rank plus track position proxy""}"
22,Sixteen Strikes,Unknown credited artist,[],Baldur's Gate 3 Original Soundtrack (baldurs-gate-3-original-soundtrack-2023),,,"[""video game soundtrack""]","[""und""]",,,,Baldur's Gate 3,,,khinsider_track_prominence_proxy,60.24211598797836,score_0_100,,,,84.09684639519135,,,,https://downloads.khinsider.com/game-soundtracks/album/baldurs-gate-3-original-soundtrack-2023,2026-10-05,Track title is taken from KHInsider's soundtrack/gamerip album index. Popularity is an explicitly labelled proxy based on BeatHit game rank and track prominence.,"{""culture_category"":""video_game_music"",""video_game"":""Baldur's Gate 3"",""game_rank"":138,""game_association_kind"":""khinsider_game_soundtrack"",""khinsider_album_url"":""https://downloads.khinsider.com/game-soundtracks/album/baldurs-gate-3-original-soundtrack-2023"",""khinsider_album_title"":""Baldur's Gate 3 Original Soundtrack (baldurs-gate-3-original-soundtrack-2023)"",""khinsider_album_kind"":""official_or_gamerip"",""khinsider_album_match_score"":100.0,""relevance_score_100"":100.0,""popularity_score_100"":60.24211598797836,""score_100"":84.09684639519135,""popularity_basis"":""BeatHit master-list game rank plus track position proxy""}"
23,Mind Flayer Theme (Full),Unknown credited artist,[],Baldur's Gate 3 (baldurs-gate-3-windows-gamerip-2023),,,"[""video game soundtrack""]","[""und""]",,,,Baldur's Gate 3,,,khinsider_track_prominence_proxy,60.03211598797836,score_0_100,,,,84.01284639519135,,,,https://downloads.khinsider.com/game-soundtracks/album/baldurs-gate-3-windows-gamerip-2023,2026-10-05,Track title is taken from KHInsider's soundtrack/gamerip album index. Popularity is an explicitly labelled proxy based on BeatHit game rank and track prominence.,"{""culture_category"":""video_game_music"",""video_game"":""Baldur's Gate 3"",""game_rank"":138,""game_association_kind"":""khinsider_game_soundtrack"",""khinsider_album_url"":""https://downloads.khinsider.com/game-soundtracks/album/baldurs-gate-3-windows-gamerip-2023"",""khinsider_album_title"":""Baldur's Gate 3 (baldurs-gate-3-windows-gamerip-2023)"",""khinsider_album_kind"":""official_or_gamerip"",""khinsider_album_match_score"":100.0,""relevance_score_100"":100.0,""popularity_score_100"":60.03211598797836,""score_100"":84.01284639519135,""popularity_basis"":""BeatHit master-list game rank plus track position proxy""}"
24,The Colors of Underdark,Unknown credited artist,[],Baldur's Gate 3 Original Soundtrack (baldurs-gate-3-original-soundtrack-2023),,,"[""video game soundtrack""]","[""und""]",,,,Baldur's Gate 3,,,khinsider_track_prominence_proxy,60.03211598797836,score_0_100,,,,84.01284639519135,,,,https://downloads.khinsider.com/game-soundtracks/album/baldurs-gate-3-original-soundtrack-2023,2026-10-05,Track title is taken from KHInsider's soundtrack/gamerip album index. Popularity is an explicitly labelled proxy based on BeatHit game rank and track prominence.,"{""culture_category"":""video_game_music"",""video_game"":""Baldur's Gate 3"",""game_rank"":138,""game_association_kind"":""khinsider_game_soundtrack"",""khinsider_album_url"":""https://downloads.khinsider.com/game-soundtracks/album/baldurs-gate-3-original-soundtrack-2023"",""khinsider_album_title"":""Baldur's Gate 3 Original Soundtrack (baldurs-gate-3-original-soundtrack-2023)"",""khinsider_album_kind"":""official_or_gamerip"",""khinsider_album_match_score"":100.0,""relevance_score_100"":100.0,""popularity_score_100"":60.03211598797836,""score_100"":84.01284639519135,""popularity_basis"":""BeatHit master-list game rank plus track position proxy""}"
25,Adamantine Forge,Unknown credited artist,[],Baldur's Gate 3 (baldurs-gate-3-windows-gamerip-2023),,,"[""video game soundtrack""]","[""und""]",,,,Baldur's Gate 3,,,khinsider_track_prominence_proxy,59.822115987978364,score_0_100,,,,83.92884639519134,,,,https://downloads.khinsider.com/game-soundtracks/album/baldurs-gate-3-windows-gamerip-2023,2026-10-05,Track title is taken from KHInsider's soundtrack/gamerip album index. Popularity is an explicitly labelled proxy based on BeatHit game rank and track prominence.,"{""culture_category"":""video_game_music"",""video_game"":""Baldur's Gate 3"",""game_rank"":138,""game_association_kind"":""khinsider_game_soundtrack"",""khinsider_album_url"":""https://downloads.khinsider.com/game-soundtracks/album/baldurs-gate-3-windows-gamerip-2023"",""khinsider_album_title"":""Baldur's Gate 3 (baldurs-gate-3-windows-gamerip-2023)"",""khinsider_album_kind"":""official_or_gamerip"",""khinsider_album_match_score"":100.0,""relevance_score_100"":100.0,""popularity_score_100"":59.822115987978364,""score_100"":83.92884639519134,""popularity_basis"":""BeatHit master-list game rank plus track position proxy""}"
26,Unused Underdark Theme 2,Unknown credited artist,[],Baldur's Gate 3 (baldurs-gate-3-windows-gamerip-2023),,,"[""video game soundtrack""]","[""und""]",,,,Baldur's Gate 3,,,khinsider_track_prominence_proxy,59.612115987978356,score_0_100,,,,83.84484639519134,,,,https://downloads.khinsider.com/game-soundtracks/album/baldurs-gate-3-windows-gamerip-2023,2026-10-05,Track title is taken from KHInsider's soundtrack/gamerip album index. Popularity is an explicitly labelled proxy based on BeatHit game rank and track prominence.,"{""culture_category"":""video_game_music"",""video_game"":""Baldur's Gate 3"",""game_rank"":138,""game_association_kind"":""khinsider_game_soundtrack"",""khinsider_album_url"":""https://downloads.khinsider.com/game-soundtracks/album/baldurs-gate-3-windows-gamerip-2023"",""khinsider_album_title"":""Baldur's Gate 3 (baldurs-gate-3-windows-gamerip-2023)"",""khinsider_album_kind"":""official_or_gamerip"",""khinsider_album_match_score"":100.0,""relevance_score_100"":100.0,""popularity_score_100"":59.612115987978356,""score_100"":83.84484639519134,""popularity_basis"":""BeatHit master-list game rank plus track position proxy""}"
27,"Shadows, Curse and Death",Unknown credited artist,[],Baldur's Gate 3 Original Soundtrack (baldurs-gate-3-original-soundtrack-2023),,,"[""video game soundtrack""]","[""und""]",,,,Baldur's Gate 3,,,khinsider_track_prominence_proxy,59.612115987978356,score_0_100,,,,83.84484639519134,,,,https://downloads.khinsider.com/game-soundtracks/album/baldurs-gate-3-original-soundtrack-2023,2026-10-05,Track title is taken from KHInsider's soundtrack/gamerip album index. Popularity is an explicitly labelled proxy based on BeatHit game rank and track prominence.,"{""culture_category"":""video_game_music"",""video_game"":""Baldur's Gate 3"",""game_rank"":138,""game_association_kind"":""khinsider_game_soundtrack"",""khinsider_album_url"":""https://downloads.khinsider.com/game-soundtracks/album/baldurs-gate-3-original-soundtrack-2023"",""khinsider_album_title"":""Baldur's Gate 3 Original Soundtrack (baldurs-gate-3-original-soundtrack-2023)"",""khinsider_album_kind"":""official_or_gamerip"",""khinsider_album_match_score"":100.0,""relevance_score_100"":100.0,""popularity_score_100"":59.612115987978356,""score_100"":83.84484639519134,""popularity_basis"":""BeatHit master-list game rank plus track position proxy""}"
28,Unused Underdark Theme 1,Unknown credited artist,[],Baldur's Gate 3 (baldurs-gate-3-windows-gamerip-2023),,,"[""video game soundtrack""]","[""und""]",,,,Baldur's Gate 3,,,khinsider_track_prominence_proxy,59.40211598797836,score_0_100,,,,83.76084639519135,,,,https://downloads.khinsider.com/game-soundtracks/album/baldurs-gate-3-windows-gamerip-2023,2026-10-05,Track title is taken from KHInsider's soundtrack/gamerip album index. Popularity is an explicitly labelled proxy based on BeatHit game rank and track prominence.,"{""culture_category"":""video_game_music"",""video_game"":""Baldur's Gate 3"",""game_rank"":138,""game_association_kind"":""khinsider_game_soundtrack"",""khinsider_album_url"":""https://downloads.khinsider.com/game-soundtracks/album/baldurs-gate-3-windows-gamerip-2023"",""khinsider_album_title"":""Baldur's Gate 3 (baldurs-gate-3-windows-gamerip-2023)"",""khinsider_album_kind"":""official_or_gamerip"",""khinsider_album_match_score"":100.0,""relevance_score_100"":100.0,""popularity_score_100"":59.40211598797836,""score_100"":83.76084639519135,""popularity_basis"":""BeatHit master-list game rank plus track position proxy""}"
29,Last Light,Unknown credited artist,[],Baldur's Gate 3 Original Soundtrack (baldurs-gate-3-original-soundtrack-2023),,,"[""video game soundtrack""]","[""und""]",,,,Baldur's Gate 3,,,khinsider_track_prominence_proxy,59.40211598797836,score_0_100,,,,83.76084639519135,,,,https://downloads.khinsider.com/game-soundtracks/album/baldurs-gate-3-original-soundtrack-2023,2026-10-05,Track title is taken from KHInsider's soundtrack/gamerip album index. Popularity is an explicitly labelled proxy based on BeatHit game rank and track prominence.,"{""culture_category"":""video_game_music"",""video_game"":""Baldur's Gate 3"",""game_rank"":138,""game_association_kind"":""khinsider_game_soundtrack"",""khinsider_album_url"":""https://downloads.khinsider.com/game-soundtracks/album/baldurs-gate-3-original-soundtrack-2023"",""khinsider_album_title"":""Baldur's Gate 3 Original Soundtrack (baldurs-gate-3-original-soundtrack-2023)"",""khinsider_album_kind"":""official_or_gamerip"",""khinsider_album_match_score"":100.0,""relevance_score_100"":100.0,""popularity_score_100"":59.40211598797836,""score_100"":83.76084639519135,""popularity_basis"":""BeatHit master-list game rank plus track position proxy""}"
30,Hag's Battle (Ethel's Lair),Unknown credited artist,[],Baldur's Gate 3 (baldurs-gate-3-windows-gamerip-2023),,,"[""video game soundtrack""]","[""und""]",,,,Baldur's Gate 3,,,khinsider_track_prominence_proxy,59.192115987978354,score_0_100,,,,83.67684639519135,,,,https://downloads.khinsider.com/game-soundtracks/album/baldurs-gate-3-windows-gamerip-2023,2026-10-05,Track title is taken from KHInsider's soundtrack/gamerip album index. Popularity is an explicitly labelled proxy based on BeatHit game rank and track prominence.,"{""culture_category"":""video_game_music"",""video_game"":""Baldur's Gate 3"",""game_rank"":138,""game_association_kind"":""khinsider_game_soundtrack"",""khinsider_album_url"":""https://downloads.khinsider.com/game-soundtracks/album/baldurs-gate-3-windows-gamerip-2023"",""khinsider_album_title"":""Baldur's Gate 3 (baldurs-gate-3-windows-gamerip-2023)"",""khinsider_album_kind"":""official_or_gamerip"",""khinsider_album_match_score"":100.0,""relevance_score_100"":100.0,""popularity_score_100"":59.192115987978354,""score_100"":83.67684639519135,""popularity_basis"":""BeatHit master-list game rank plus track position proxy""}"
31,Old Time Battles - Part I,Unknown credited artist,[],Baldur's Gate 3 Original Soundtrack (baldurs-gate-3-original-soundtrack-2023),,,"[""video game soundtrack""]","[""und""]",,,,Baldur's Gate 3,,,khinsider_track_prominence_proxy,59.192115987978354,score_0_100,,,,83.67684639519135,,,,https://downloads.khinsider.com/game-soundtracks/album/baldurs-gate-3-original-soundtrack-2023,2026-10-05,Track title is taken from KHInsider's soundtrack/gamerip album index. Popularity is an explicitly labelled proxy based on BeatHit game rank and track prominence.,"{""culture_category"":""video_game_music"",""video_game"":""Baldur's Gate 3"",""game_rank"":138,""game_association_kind"":""khinsider_game_soundtrack"",""khinsider_album_url"":""https://downloads.khinsider.com/game-soundtracks/album/baldurs-gate-3-original-soundtrack-2023"",""khinsider_album_title"":""Baldur's Gate 3 Original Soundtrack (baldurs-gate-3-original-soundtrack-2023)"",""khinsider_album_kind"":""official_or_gamerip"",""khinsider_album_match_score"":100.0,""relevance_score_100"":100.0,""popularity_score_100"":59.192115987978354,""score_100"":83.67684639519135,""popularity_basis"":""BeatHit master-list game rank plus track position proxy""}"
32,Astral Flight,Unknown credited artist,[],Baldur's Gate 3 (baldurs-gate-3-windows-gamerip-2023),,,"[""video game soundtrack""]","[""und""]",,,,Baldur's Gate 3,,,khinsider_track_prominence_proxy,58.98211598797836,score_0_100,,,,83.59284639519134,,,,https://downloads.khinsider.com/game-soundtracks/album/baldurs-gate-3-windows-gamerip-2023,2026-10-05,Track title is taken from KHInsider's soundtrack/gamerip album index. Popularity is an explicitly labelled proxy based on BeatHit game rank and track prominence.,"{""culture_category"":""video_game_music"",""video_game"":""Baldur's Gate 3"",""game_rank"":138,""game_association_kind"":""khinsider_game_soundtrack"",""khinsider_album_url"":""https://downloads.khinsider.com/game-soundtracks/album/baldurs-gate-3-windows-gamerip-2023"",""khinsider_album_title"":""Baldur's Gate 3 (baldurs-gate-3-windows-gamerip-2023)"",""khinsider_album_kind"":""official_or_gamerip"",""khinsider_album_match_score"":100.0,""relevance_score_100"":100.0,""popularity_score_100"":58.98211598797836,""score_100"":83.59284639519134,""popularity_basis"":""BeatHit master-list game rank plus track position proxy""}"
33,I Want to Live (Instrumental Version),Unknown credited artist,[],Baldur's Gate 3 Original Soundtrack (baldurs-gate-3-original-soundtrack-2023),,,"[""video game soundtrack""]","[""und""]",,,,Baldur's Gate 3,,,khinsider_track_prominence_proxy,58.98211598797836,score_0_100,,,,83.59284639519134,,,,https://downloads.khinsider.com/game-soundtracks/album/baldurs-gate-3-original-soundtrack-2023,2026-10-05,Track title is taken from KHInsider's soundtrack/gamerip album index. Popularity is an explicitly labelled proxy based on BeatHit game rank and track prominence.,"{""culture_category"":""video_game_music"",""video_game"":""Baldur's Gate 3"",""game_rank"":138,""game_association_kind"":""khinsider_game_soundtrack"",""khinsider_album_url"":""https://downloads.khinsider.com/game-soundtracks/album/baldurs-gate-3-original-soundtrack-2023"",""khinsider_album_title"":""Baldur's Gate 3 Original Soundtrack (baldurs-gate-3-original-soundtrack-2023)"",""khinsider_album_kind"":""official_or_gamerip"",""khinsider_album_match_score"":100.0,""relevance_score_100"":100.0,""popularity_score_100"":58.98211598797836,""score_100"":83.59284639519134,""popularity_basis"":""BeatHit master-list game rank plus track position proxy""}"
34,50281160,Unknown credited artist,[],Baldur's Gate 3 (baldurs-gate-3-windows-gamerip-2023),,,"[""video game soundtrack""]","[""und""]",,,,Baldur's Gate 3,,,khinsider_track_prominence_proxy,58.77211598797837,score_0_100,,,,83.50884639519134,,,,https://downloads.khinsider.com/game-soundtracks/album/baldurs-gate-3-windows-gamerip-2023,2026-10-05,Track title is taken from KHInsider's soundtrack/gamerip album index. Popularity is an explicitly labelled proxy based on BeatHit game rank and track prominence.,"{""culture_category"":""video_game_music"",""video_game"":""Baldur's Gate 3"",""game_rank"":138,""game_association_kind"":""khinsider_game_soundtrack"",""khinsider_album_url"":""https://downloads.khinsider.com/game-soundtracks/album/baldurs-gate-3-windows-gamerip-2023"",""khinsider_album_title"":""Baldur's Gate 3 (baldurs-gate-3-windows-gamerip-2023)"",""khinsider_album_kind"":""official_or_gamerip"",""khinsider_album_match_score"":100.0,""relevance_score_100"":100.0,""popularity_score_100"":58.77211598797837,""score_100"":83.50884639519134,""popularity_basis"":""BeatHit master-list game rank plus track position proxy""}"
35,Nightsong,Unknown credited artist,[],Baldur's Gate 3 Original Soundtrack (baldurs-gate-3-original-soundtrack-2023),,,"[""video game soundtrack""]","[""und""]",,,,Baldur's Gate 3,,,khinsider_track_prominence_proxy,58.77211598797837,score_0_100,,,,83.50884639519134,,,,https://downloads.khinsider.com/game-soundtracks/album/baldurs-gate-3-original-soundtrack-2023,2026-10-05,Track title is taken from KHInsider's soundtrack/gamerip album index. Popularity is an explicitly labelled proxy based on BeatHit game rank and track prominence.,"{""culture_category"":""video_game_music"",""video_game"":""Baldur's Gate 3"",""game_rank"":138,""game_association_kind"":""khinsider_game_soundtrack"",""khinsider_album_url"":""https://downloads.khinsider.com/game-soundtracks/album/baldurs-gate-3-original-soundtrack-2023"",""khinsider_album_title"":""Baldur's Gate 3 Original Soundtrack (baldurs-gate-3-original-soundtrack-2023)"",""khinsider_album_kind"":""official_or_gamerip"",""khinsider_album_match_score"":100.0,""relevance_score_100"":100.0,""popularity_score_100"":58.77211598797837,""score_100"":83.50884639519134,""popularity_basis"":""BeatHit master-list game rank plus track position proxy""}"
36,Selune's Underdark Outpost,Unknown credited artist,[],Baldur's Gate 3 (baldurs-gate-3-windows-gamerip-2023),,,"[""video game soundtrack""]","[""und""]",,,,Baldur's Gate 3,,,khinsider_track_prominence_proxy,58.56211598797836,score_0_100,,,,83.42484639519134,,,,https://downloads.khinsider.com/game-soundtracks/album/baldurs-gate-3-windows-gamerip-2023,2026-10-05,Track title is taken from KHInsider's soundtrack/gamerip album index. Popularity is an explicitly labelled proxy based on BeatHit game rank and track prominence.,"{""culture_category"":""video_game_music"",""video_game"":""Baldur's Gate 3"",""game_rank"":138,""game_association_kind"":""khinsider_game_soundtrack"",""khinsider_album_url"":""https://downloads.khinsider.com/game-soundtracks/album/baldurs-gate-3-windows-gamerip-2023"",""khinsider_album_title"":""Baldur's Gate 3 (baldurs-gate-3-windows-gamerip-2023)"",""khinsider_album_kind"":""official_or_gamerip"",""khinsider_album_match_score"":100.0,""relevance_score_100"":100.0,""popularity_score_100"":58.56211598797836,""score_100"":83.42484639519134,""popularity_basis"":""BeatHit master-list game rank plus track position proxy""}"
37,The Power (Choral Version),Unknown credited artist,[],Baldur's Gate 3 Original Soundtrack (baldurs-gate-3-original-soundtrack-2023),,,"[""video game soundtrack""]","[""und""]",,,,Baldur's Gate 3,,,khinsider_track_prominence_proxy,58.56211598797836,score_0_100,,,,83.42484639519134,,,,https://downloads.khinsider.com/game-soundtracks/album/baldurs-gate-3-original-soundtrack-2023,2026-10-05,Track title is taken from KHInsider's soundtrack/gamerip album index. Popularity is an explicitly labelled proxy based on BeatHit game rank and track prominence.,"{""culture_category"":""video_game_music"",""video_game"":""Baldur's Gate 3"",""game_rank"":138,""game_association_kind"":""khinsider_game_soundtrack"",""khinsider_album_url"":""https://downloads.khinsider.com/game-soundtracks/album/baldurs-gate-3-original-soundtrack-2023"",""khinsider_album_title"":""Baldur's Gate 3 Original Soundtrack (baldurs-gate-3-original-soundtrack-2023)"",""khinsider_album_kind"":""official_or_gamerip"",""khinsider_album_match_score"":100.0,""relevance_score_100"":100.0,""popularity_score_100"":58.56211598797836,""score_100"":83.42484639519134,""popularity_basis"":""BeatHit master-list game rank plus track position proxy""}"
38,The Grove Protected,Unknown credited artist,[],Baldur's Gate 3 (baldurs-gate-3-windows-gamerip-2023),,,"[""video game soundtrack""]","[""und""]",,,,Baldur's Gate 3,,,khinsider_track_prominence_proxy,58.352115987978365,score_0_100,,,,83.34084639519135,,,,https://downloads.khinsider.com/game-soundtracks/album/baldurs-gate-3-windows-gamerip-2023,2026-10-05,Track title is taken from KHInsider's soundtrack/gamerip album index. Popularity is an explicitly labelled proxy based on BeatHit game rank and track prominence.,"{""culture_category"":""video_game_music"",""video_game"":""Baldur's Gate 3"",""game_rank"":138,""game_association_kind"":""khinsider_game_soundtrack"",""khinsider_album_url"":""https://downloads.khinsider.com/game-soundtracks/album/baldurs-gate-3-windows-gamerip-2023"",""khinsider_album_title"":""Baldur's Gate 3 (baldurs-gate-3-windows-gamerip-2023)"",""khinsider_album_kind"":""official_or_gamerip"",""khinsider_album_match_score"":100.0,""relevance_score_100"":100.0,""popularity_score_100"":58.352115987978365,""score_100"":83.34084639519135,""popularity_basis"":""BeatHit master-list game rank plus track position proxy""}"
39,Quest for a Cure,Unknown credited artist,[],Baldur's Gate 3 (baldurs-gate-3-windows-gamerip-2023),,,"[""video game soundtrack""]","[""und""]",,,,Baldur's Gate 3,,,khinsider_track_prominence_proxy,58.14211598797836,score_0_100,,,,83.25684639519135,,,,https://downloads.khinsider.com/game-soundtracks/album/baldurs-gate-3-windows-gamerip-2023,2026-10-05,Track title is taken from KHInsider's soundtrack/gamerip album index. Popularity is an explicitly labelled proxy based on BeatHit game rank and track prominence.,"{""culture_category"":""video_game_music"",""video_game"":""Baldur's Gate 3"",""game_rank"":138,""game_association_kind"":""khinsider_game_soundtrack"",""khinsider_album_url"":""https://downloads.khinsider.com/game-soundtracks/album/baldurs-gate-3-windows-gamerip-2023"",""khinsider_album_title"":""Baldur's Gate 3 (baldurs-gate-3-windows-gamerip-2023)"",""khinsider_album_kind"":""official_or_gamerip"",""khinsider_album_match_score"":100.0,""relevance_score_100"":100.0,""popularity_score_100"":58.14211598797836,""score_100"":83.25684639519135,""popularity_basis"":""BeatHit master-list game rank plus track position proxy""}"
40,The Power (Orchestral Version),Unknown credited artist,[],Baldur's Gate 3 Original Soundtrack (baldurs-gate-3-original-soundtrack-2023),,,"[""video game soundtrack""]","[""und""]",,,,Baldur's Gate 3,,,khinsider_track_prominence_proxy,58.14211598797836,score_0_100,,,,83.25684639519135,,,,https://downloads.khinsider.com/game-soundtracks/album/baldurs-gate-3-original-soundtrack-2023,2026-10-05,Track title is taken from KHInsider's soundtrack/gamerip album index. Popularity is an explicitly labelled proxy based on BeatHit game rank and track prominence.,"{""culture_category"":""video_game_music"",""video_game"":""Baldur's Gate 3"",""game_rank"":138,""game_association_kind"":""khinsider_game_soundtrack"",""khinsider_album_url"":""https://downloads.khinsider.com/game-soundtracks/album/baldurs-gate-3-original-soundtrack-2023"",""khinsider_album_title"":""Baldur's Gate 3 Original Soundtrack (baldurs-gate-3-original-soundtrack-2023)"",""khinsider_album_kind"":""official_or_gamerip"",""khinsider_album_match_score"":100.0,""relevance_score_100"":100.0,""popularity_score_100"":58.14211598797836,""score_100"":83.25684639519135,""popularity_basis"":""BeatHit master-list game rank plus track position proxy""}"
41,Legacy of Baal,Unknown credited artist,[],Baldur's Gate 3 (baldurs-gate-3-windows-gamerip-2023),,,"[""video game soundtrack""]","[""und""]",,,,Baldur's Gate 3,,,khinsider_track_prominence_proxy,57.932115987978364,score_0_100,,,,83.17284639519134,,,,https://downloads.khinsider.com/game-soundtracks/album/baldurs-gate-3-windows-gamerip-2023,2026-10-05,Track title is taken from KHInsider's soundtrack/gamerip album index. Popularity is an explicitly labelled proxy based on BeatHit game rank and track prominence.,"{""culture_category"":""video_game_music"",""video_game"":""Baldur's Gate 3"",""game_rank"":138,""game_association_kind"":""khinsider_game_soundtrack"",""khinsider_album_url"":""https://downloads.khinsider.com/game-soundtracks/album/baldurs-gate-3-windows-gamerip-2023"",""khinsider_album_title"":""Baldur's Gate 3 (baldurs-gate-3-windows-gamerip-2023)"",""khinsider_album_kind"":""official_or_gamerip"",""khinsider_album_match_score"":100.0,""relevance_score_100"":100.0,""popularity_score_100"":57.932115987978364,""score_100"":83.17284639519134,""popularity_basis"":""BeatHit master-list game rank plus track position proxy""}"
42,A Threat From Nether Years,Unknown credited artist,[],Baldur's Gate 3 Original Soundtrack (baldurs-gate-3-original-soundtrack-2023),,,"[""video game soundtrack""]","[""und""]",,,,Baldur's Gate 3,,,khinsider_track_prominence_proxy,57.932115987978364,score_0_100,,,,83.17284639519134,,,,https://downloads.khinsider.com/game-soundtracks/album/baldurs-gate-3-original-soundtrack-2023,2026-10-05,Track title is taken from KHInsider's soundtrack/gamerip album index. Popularity is an explicitly labelled proxy based on BeatHit game rank and track prominence.,"{""culture_category"":""video_game_music"",""video_game"":""Baldur's Gate 3"",""game_rank"":138,""game_association_kind"":""khinsider_game_soundtrack"",""khinsider_album_url"":""https://downloads.khinsider.com/game-soundtracks/album/baldurs-gate-3-original-soundtrack-2023"",""khinsider_album_title"":""Baldur's Gate 3 Original Soundtrack (baldurs-gate-3-original-soundtrack-2023)"",""khinsider_album_kind"":""official_or_gamerip"",""khinsider_album_match_score"":100.0,""relevance_score_100"":100.0,""popularity_score_100"":57.932115987978364,""score_100"":83.17284639519134,""popularity_basis"":""BeatHit master-list game rank plus track position proxy""}"
43,Overworld (Act I),Unknown credited artist,[],Baldur's Gate 3 (baldurs-gate-3-windows-gamerip-2023),,,"[""video game soundtrack""]","[""und""]",,,,Baldur's Gate 3,,,khinsider_track_prominence_proxy,57.72211598797836,score_0_100,,,,83.08884639519135,,,,https://downloads.khinsider.com/game-soundtracks/album/baldurs-gate-3-windows-gamerip-2023,2026-10-05,Track title is taken from KHInsider's soundtrack/gamerip album index. Popularity is an explicitly labelled proxy based on BeatHit game rank and track prominence.,"{""culture_category"":""video_game_music"",""video_game"":""Baldur's Gate 3"",""game_rank"":138,""game_association_kind"":""khinsider_game_soundtrack"",""khinsider_album_url"":""https://downloads.khinsider.com/game-soundtracks/album/baldurs-gate-3-windows-gamerip-2023"",""khinsider_album_title"":""Baldur's Gate 3 (baldurs-gate-3-windows-gamerip-2023)"",""khinsider_album_kind"":""official_or_gamerip"",""khinsider_album_match_score"":100.0,""relevance_score_100"":100.0,""popularity_score_100"":57.72211598797836,""score_100"":83.08884639519135,""popularity_basis"":""BeatHit master-list game rank plus track position proxy""}"
44,Surgery of a Hope,Unknown credited artist,[],Baldur's Gate 3 Original Soundtrack (baldurs-gate-3-original-soundtrack-2023),,,"[""video game soundtrack""]","[""und""]",,,,Baldur's Gate 3,,,khinsider_track_prominence_proxy,57.72211598797836,score_0_100,,,,83.08884639519135,,,,https://downloads.khinsider.com/game-soundtracks/album/baldurs-gate-3-original-soundtrack-2023,2026-10-05,Track title is taken from KHInsider's soundtrack/gamerip album index. Popularity is an explicitly labelled proxy based on BeatHit game rank and track prominence.,"{""culture_category"":""video_game_music"",""video_game"":""Baldur's Gate 3"",""game_rank"":138,""game_association_kind"":""khinsider_game_soundtrack"",""khinsider_album_url"":""https://downloads.khinsider.com/game-soundtracks/album/baldurs-gate-3-original-soundtrack-2023"",""khinsider_album_title"":""Baldur's Gate 3 Original Soundtrack (baldurs-gate-3-original-soundtrack-2023)"",""khinsider_album_kind"":""official_or_gamerip"",""khinsider_album_match_score"":100.0,""relevance_score_100"":100.0,""popularity_score_100"":57.72211598797836,""score_100"":83.08884639519135,""popularity_basis"":""BeatHit master-list game rank plus track position proxy""}"
45,72176328,Unknown credited artist,[],Baldur's Gate 3 (baldurs-gate-3-windows-gamerip-2023),,,"[""video game soundtrack""]","[""und""]",,,,Baldur's Gate 3,,,khinsider_track_prominence_proxy,57.51211598797836,score_0_100,,,,83.00484639519135,,,,https://downloads.khinsider.com/game-soundtracks/album/baldurs-gate-3-windows-gamerip-2023,2026-10-05,Track title is taken from KHInsider's soundtrack/gamerip album index. Popularity is an explicitly labelled proxy based on BeatHit game rank and track prominence.,"{""culture_category"":""video_game_music"",""video_game"":""Baldur's Gate 3"",""game_rank"":138,""game_association_kind"":""khinsider_game_soundtrack"",""khinsider_album_url"":""https://downloads.khinsider.com/game-soundtracks/album/baldurs-gate-3-windows-gamerip-2023"",""khinsider_album_title"":""Baldur's Gate 3 (baldurs-gate-3-windows-gamerip-2023)"",""khinsider_album_kind"":""official_or_gamerip"",""khinsider_album_match_score"":100.0,""relevance_score_100"":100.0,""popularity_score_100"":57.51211598797836,""score_100"":83.00484639519135,""popularity_basis"":""BeatHit master-list game rank plus track position proxy""}"
46,Last Shelter,Unknown credited artist,[],Baldur's Gate 3 Original Soundtrack (baldurs-gate-3-original-soundtrack-2023),,,"[""video game soundtrack""]","[""und""]",,,,Baldur's Gate 3,,,khinsider_track_prominence_proxy,57.51211598797836,score_0_100,,,,83.00484639519135,,,,https://downloads.khinsider.com/game-soundtracks/album/baldurs-gate-3-original-soundtrack-2023,2026-10-05,Track title is taken from KHInsider's soundtrack/gamerip album index. Popularity is an explicitly labelled proxy based on BeatHit game rank and track prominence.,"{""culture_category"":""video_game_music"",""video_game"":""Baldur's Gate 3"",""game_rank"":138,""game_association_kind"":""khinsider_game_soundtrack"",""khinsider_album_url"":""https://downloads.khinsider.com/game-soundtracks/album/baldurs-gate-3-original-soundtrack-2023"",""khinsider_album_title"":""Baldur's Gate 3 Original Soundtrack (baldurs-gate-3-original-soundtrack-2023)"",""khinsider_album_kind"":""official_or_gamerip"",""khinsider_album_match_score"":100.0,""relevance_score_100"":100.0,""popularity_score_100"":57.51211598797836,""score_100"":83.00484639519135,""popularity_basis"":""BeatHit master-list game rank plus track position proxy""}"
47,The Power (Organ Version),Unknown credited artist,[],Baldur's Gate 3 (baldurs-gate-3-windows-gamerip-2023),,,"[""video game soundtrack""]","[""und""]",,,,Baldur's Gate 3,,,khinsider_track_prominence_proxy,57.30211598797836,score_0_100,,,,82.92084639519135,,,,https://downloads.khinsider.com/game-soundtracks/album/baldurs-gate-3-windows-gamerip-2023,2026-10-05,Track title is taken from KHInsider's soundtrack/gamerip album index. Popularity is an explicitly labelled proxy based on BeatHit game rank and track prominence.,"{""culture_category"":""video_game_music"",""video_game"":""Baldur's Gate 3"",""game_rank"":138,""game_association_kind"":""khinsider_game_soundtrack"",""khinsider_album_url"":""https://downloads.khinsider.com/game-soundtracks/album/baldurs-gate-3-windows-gamerip-2023"",""khinsider_album_title"":""Baldur's Gate 3 (baldurs-gate-3-windows-gamerip-2023)"",""khinsider_album_kind"":""official_or_gamerip"",""khinsider_album_match_score"":100.0,""relevance_score_100"":100.0,""popularity_score_100"":57.30211598797836,""score_100"":82.92084639519135,""popularity_basis"":""BeatHit master-list game rank plus track position proxy""}"
48,The Odds Are Cast Anew,Unknown credited artist,[],Baldur's Gate 3 Original Soundtrack (baldurs-gate-3-original-soundtrack-2023),,,"[""video game soundtrack""]","[""und""]",,,,Baldur's Gate 3,,,khinsider_track_prominence_proxy,57.30211598797836,score_0_100,,,,82.92084639519135,,,,https://downloads.khinsider.com/game-soundtracks/album/baldurs-gate-3-original-soundtrack-2023,2026-10-05,Track title is taken from KHInsider's soundtrack/gamerip album index. Popularity is an explicitly labelled proxy based on BeatHit game rank and track prominence.,"{""culture_category"":""video_game_music"",""video_game"":""Baldur's Gate 3"",""game_rank"":138,""game_association_kind"":""khinsider_game_soundtrack"",""khinsider_album_url"":""https://downloads.khinsider.com/game-soundtracks/album/baldurs-gate-3-original-soundtrack-2023"",""khinsider_album_title"":""Baldur's Gate 3 Original Soundtrack (baldurs-gate-3-original-soundtrack-2023)"",""khinsider_album_kind"":""official_or_gamerip"",""khinsider_album_match_score"":100.0,""relevance_score_100"":100.0,""popularity_score_100"":57.30211598797836,""score_100"":82.92084639519135,""popularity_basis"":""BeatHit master-list game rank plus track position proxy""}"
49,Shadow-Cursed Lands (Alternative),Unknown credited artist,[],Baldur's Gate 3 (baldurs-gate-3-windows-gamerip-2023),,,"[""video game soundtrack""]","[""und""]",,,,Baldur's Gate 3,,,khinsider_track_prominence_proxy,57.09211598797836,score_0_100,,,,82.83684639519134,,,,https://downloads.khinsider.com/game-soundtracks/album/baldurs-gate-3-windows-gamerip-2023,2026-10-05,Track title is taken from KHInsider's soundtrack/gamerip album index. Popularity is an explicitly labelled proxy based on BeatHit game rank and track prominence.,"{""culture_category"":""video_game_music"",""video_game"":""Baldur's Gate 3"",""game_rank"":138,""game_association_kind"":""khinsider_game_soundtrack"",""khinsider_album_url"":""https://downloads.khinsider.com/game-soundtracks/album/baldurs-gate-3-windows-gamerip-2023"",""khinsider_album_title"":""Baldur's Gate 3 (baldurs-gate-3-windows-gamerip-2023)"",""khinsider_album_kind"":""official_or_gamerip"",""khinsider_album_match_score"":100.0,""relevance_score_100"":100.0,""popularity_score_100"":57.09211598797836,""score_100"":82.83684639519134,""popularity_basis"":""BeatHit master-list game rank plus track position proxy""}"
50,Gather Your Allies!,Unknown credited artist,[],Baldur's Gate 3 Original Soundtrack (baldurs-gate-3-original-soundtrack-2023),,,"[""video game soundtrack""]","[""und""]",,,,Baldur's Gate 3,,,khinsider_track_prominence_proxy,57.09211598797836,score_0_100,,,,82.83684639519134,,,,https://downloads.khinsider.com/game-soundtracks/album/baldurs-gate-3-original-soundtrack-2023,2026-10-05,Track title is taken from KHInsider's soundtrack/gamerip album index. Popularity is an explicitly labelled proxy based on BeatHit game rank and track prominence.,"{""culture_category"":""video_game_music"",""video_game"":""Baldur's Gate 3"",""game_rank"":138,""game_association_kind"":""khinsider_game_soundtrack"",""khinsider_album_url"":""https://downloads.khinsider.com/game-soundtracks/album/baldurs-gate-3-original-soundtrack-2023"",""khinsider_album_title"":""Baldur's Gate 3 Original Soundtrack (baldurs-gate-3-original-soundtrack-2023)"",""khinsider_album_kind"":""official_or_gamerip"",""khinsider_album_match_score"":100.0,""relevance_score_100"":100.0,""popularity_score_100"":57.09211598797836,""score_100"":82.83684639519134,""popularity_basis"":""BeatHit master-list game rank plus track position proxy""}"
51,The Undercity (Moonrise Towers),Unknown credited artist,[],Baldur's Gate 3 (baldurs-gate-3-windows-gamerip-2023),,,"[""video game soundtrack""]","[""und""]",,,,Baldur's Gate 3,,,khinsider_track_prominence_proxy,56.88211598797836,score_0_100,,,,82.75284639519134,,,,https://downloads.khinsider.com/game-soundtracks/album/baldurs-gate-3-windows-gamerip-2023,2026-10-05,Track title is taken from KHInsider's soundtrack/gamerip album index. Popularity is an explicitly labelled proxy based on BeatHit game rank and track prominence.,"{""culture_category"":""video_game_music"",""video_game"":""Baldur's Gate 3"",""game_rank"":138,""game_association_kind"":""khinsider_game_soundtrack"",""khinsider_album_url"":""https://downloads.khinsider.com/game-soundtracks/album/baldurs-gate-3-windows-gamerip-2023"",""khinsider_album_title"":""Baldur's Gate 3 (baldurs-gate-3-windows-gamerip-2023)"",""khinsider_album_kind"":""official_or_gamerip"",""khinsider_album_match_score"":100.0,""relevance_score_100"":100.0,""popularity_score_100"":56.88211598797836,""score_100"":82.75284639519134,""popularity_basis"":""BeatHit master-list game rank plus track position proxy""}"
52,Dream Walk (Instrumental Version),Unknown credited artist,[],Baldur's Gate 3 Original Soundtrack (baldurs-gate-3-original-soundtrack-2023),,,"[""video game soundtrack""]","[""und""]",,,,Baldur's Gate 3,,,khinsider_track_prominence_proxy,56.88211598797836,score_0_100,,,,82.75284639519134,,,,https://downloads.khinsider.com/game-soundtracks/album/baldurs-gate-3-original-soundtrack-2023,2026-10-05,Track title is taken from KHInsider's soundtrack/gamerip album index. Popularity is an explicitly labelled proxy based on BeatHit game rank and track prominence.,"{""culture_category"":""video_game_music"",""video_game"":""Baldur's Gate 3"",""game_rank"":138,""game_association_kind"":""khinsider_game_soundtrack"",""khinsider_album_url"":""https://downloads.khinsider.com/game-soundtracks/album/baldurs-gate-3-original-soundtrack-2023"",""khinsider_album_title"":""Baldur's Gate 3 Original Soundtrack (baldurs-gate-3-original-soundtrack-2023)"",""khinsider_album_kind"":""official_or_gamerip"",""khinsider_album_match_score"":100.0,""relevance_score_100"":100.0,""popularity_score_100"":56.88211598797836,""score_100"":82.75284639519134,""popularity_basis"":""BeatHit master-list game rank plus track position proxy""}"
53,Nautiloid Crash,Unknown credited artist,[],Baldur's Gate 3 (baldurs-gate-3-windows-gamerip-2023),,,"[""video game soundtrack""]","[""und""]",,,,Baldur's Gate 3,,,khinsider_track_prominence_proxy,56.67211598797836,score_0_100,,,,82.66884639519134,,,,https://downloads.khinsider.com/game-soundtracks/album/baldurs-gate-3-windows-gamerip-2023,2026-10-05,Track title is taken from KHInsider's soundtrack/gamerip album index. Popularity is an explicitly labelled proxy based on BeatHit game rank and track prominence.,"{""culture_category"":""video_game_music"",""video_game"":""Baldur's Gate 3"",""game_rank"":138,""game_association_kind"":""khinsider_game_soundtrack"",""khinsider_album_url"":""https://downloads.khinsider.com/game-soundtracks/album/baldurs-gate-3-windows-gamerip-2023"",""khinsider_album_title"":""Baldur's Gate 3 (baldurs-gate-3-windows-gamerip-2023)"",""khinsider_album_kind"":""official_or_gamerip"",""khinsider_album_match_score"":100.0,""relevance_score_100"":100.0,""popularity_score_100"":56.67211598797836,""score_100"":82.66884639519134,""popularity_basis"":""BeatHit master-list game rank plus track position proxy""}"
54,Bard Dance,Unknown credited artist,[],Baldur's Gate 3 Original Soundtrack (baldurs-gate-3-original-soundtrack-2023),,,"[""video game soundtrack""]","[""und""]",,,,Baldur's Gate 3,,,khinsider_track_prominence_proxy,56.67211598797836,score_0_100,,,,82.66884639519134,,,,https://downloads.khinsider.com/game-soundtracks/album/baldurs-gate-3-original-soundtrack-2023,2026-10-05,Track title is taken from KHInsider's soundtrack/gamerip album index. Popularity is an explicitly labelled proxy based on BeatHit game rank and track prominence.,"{""culture_category"":""video_game_music"",""video_game"":""Baldur's Gate 3"",""game_rank"":138,""game_association_kind"":""khinsider_game_soundtrack"",""khinsider_album_url"":""https://downloads.khinsider.com/game-soundtracks/album/baldurs-gate-3-original-soundtrack-2023"",""khinsider_album_title"":""Baldur's Gate 3 Original Soundtrack (baldurs-gate-3-original-soundtrack-2023)"",""khinsider_album_kind"":""official_or_gamerip"",""khinsider_album_match_score"":100.0,""relevance_score_100"":100.0,""popularity_score_100"":56.67211598797836,""score_100"":82.66884639519134,""popularity_basis"":""BeatHit master-list game rank plus track position proxy""}"
55,73468333,Unknown credited artist,[],Baldur's Gate 3 (baldurs-gate-3-windows-gamerip-2023),,,"[""video game soundtrack""]","[""und""]",,,,Baldur's Gate 3,,,khinsider_track_prominence_proxy,56.462115987978365,score_0_100,,,,82.58484639519135,,,,https://downloads.khinsider.com/game-soundtracks/album/baldurs-gate-3-windows-gamerip-2023,2026-10-05,Track title is taken from KHInsider's soundtrack/gamerip album index. Popularity is an explicitly labelled proxy based on BeatHit game rank and track prominence.,"{""culture_category"":""video_game_music"",""video_game"":""Baldur's Gate 3"",""game_rank"":138,""game_association_kind"":""khinsider_game_soundtrack"",""khinsider_album_url"":""https://downloads.khinsider.com/game-soundtracks/album/baldurs-gate-3-windows-gamerip-2023"",""khinsider_album_title"":""Baldur's Gate 3 (baldurs-gate-3-windows-gamerip-2023)"",""khinsider_album_kind"":""official_or_gamerip"",""khinsider_album_match_score"":100.0,""relevance_score_100"":100.0,""popularity_score_100"":56.462115987978365,""score_100"":82.58484639519135,""popularity_basis"":""BeatHit master-list game rank plus track position proxy""}"
56,Streets and Faces,Unknown credited artist,[],Baldur's Gate 3 Original Soundtrack (baldurs-gate-3-original-soundtrack-2023),,,"[""video game soundtrack""]","[""und""]",,,,Baldur's Gate 3,,,khinsider_track_prominence_proxy,56.462115987978365,score_0_100,,,,82.58484639519135,,,,https://downloads.khinsider.com/game-soundtracks/album/baldurs-gate-3-original-soundtrack-2023,2026-10-05,Track title is taken from KHInsider's soundtrack/gamerip album index. Popularity is an explicitly labelled proxy based on BeatHit game rank and track prominence.,"{""culture_category"":""video_game_music"",""video_game"":""Baldur's Gate 3"",""game_rank"":138,""game_association_kind"":""khinsider_game_soundtrack"",""khinsider_album_url"":""https://downloads.khinsider.com/game-soundtracks/album/baldurs-gate-3-original-soundtrack-2023"",""khinsider_album_title"":""Baldur's Gate 3 Original Soundtrack (baldurs-gate-3-original-soundtrack-2023)"",""khinsider_album_kind"":""official_or_gamerip"",""khinsider_album_match_score"":100.0,""relevance_score_100"":100.0,""popularity_score_100"":56.462115987978365,""score_100"":82.58484639519135,""popularity_basis"":""BeatHit master-list game rank plus track position proxy""}"
57,81911720,Unknown credited artist,[],Baldur's Gate 3 (baldurs-gate-3-windows-gamerip-2023),,,"[""video game soundtrack""]","[""und""]",,,,Baldur's Gate 3,,,khinsider_track_prominence_proxy,56.25211598797836,score_0_100,,,,82.50084639519135,,,,https://downloads.khinsider.com/game-soundtracks/album/baldurs-gate-3-windows-gamerip-2023,2026-10-05,Track title is taken from KHInsider's soundtrack/gamerip album index. Popularity is an explicitly labelled proxy based on BeatHit game rank and track prominence.,"{""culture_category"":""video_game_music"",""video_game"":""Baldur's Gate 3"",""game_rank"":138,""game_association_kind"":""khinsider_game_soundtrack"",""khinsider_album_url"":""https://downloads.khinsider.com/game-soundtracks/album/baldurs-gate-3-windows-gamerip-2023"",""khinsider_album_title"":""Baldur's Gate 3 (baldurs-gate-3-windows-gamerip-2023)"",""khinsider_album_kind"":""official_or_gamerip"",""khinsider_album_match_score"":100.0,""relevance_score_100"":100.0,""popularity_score_100"":56.25211598797836,""score_100"":82.50084639519135,""popularity_basis"":""BeatHit master-list game rank plus track position proxy""}"
58,Song of Balduran,Unknown credited artist,[],Baldur's Gate 3 Original Soundtrack (baldurs-gate-3-original-soundtrack-2023),,,"[""video game soundtrack""]","[""und""]",,,,Baldur's Gate 3,,,khinsider_track_prominence_proxy,56.25211598797836,score_0_100,,,,82.50084639519135,,,,https://downloads.khinsider.com/game-soundtracks/album/baldurs-gate-3-original-soundtrack-2023,2026-10-05,Track title is taken from KHInsider's soundtrack/gamerip album index. Popularity is an explicitly labelled proxy based on BeatHit game rank and track prominence.,"{""culture_category"":""video_game_music"",""video_game"":""Baldur's Gate 3"",""game_rank"":138,""game_association_kind"":""khinsider_game_soundtrack"",""khinsider_album_url"":""https://downloads.khinsider.com/game-soundtracks/album/baldurs-gate-3-original-soundtrack-2023"",""khinsider_album_title"":""Baldur's Gate 3 Original Soundtrack (baldurs-gate-3-original-soundtrack-2023)"",""khinsider_album_kind"":""official_or_gamerip"",""khinsider_album_match_score"":100.0,""relevance_score_100"":100.0,""popularity_score_100"":56.25211598797836,""score_100"":82.50084639519135,""popularity_basis"":""BeatHit master-list game rank plus track position proxy""}"
59,Exotic Merchant,Unknown credited artist,[],Baldur's Gate 3 (baldurs-gate-3-windows-gamerip-2023),,,"[""video game soundtrack""]","[""und""]",,,,Baldur's Gate 3,,,khinsider_track_prominence_proxy,56.04211598797836,score_0_100,,,,82.41684639519134,,,,https://downloads.khinsider.com/game-soundtracks/album/baldurs-gate-3-windows-gamerip-2023,2026-10-05,Track title is taken from KHInsider's soundtrack/gamerip album index. Popularity is an explicitly labelled proxy based on BeatHit game rank and track prominence.,"{""culture_category"":""video_game_music"",""video_game"":""Baldur's Gate 3"",""game_rank"":138,""game_association_kind"":""khinsider_game_soundtrack"",""khinsider_album_url"":""https://downloads.khinsider.com/game-soundtracks/album/baldurs-gate-3-windows-gamerip-2023"",""khinsider_album_title"":""Baldur's Gate 3 (baldurs-gate-3-windows-gamerip-2023)"",""khinsider_album_kind"":""official_or_gamerip"",""khinsider_album_match_score"":100.0,""relevance_score_100"":100.0,""popularity_score_100"":56.04211598797836,""score_100"":82.41684639519134,""popularity_basis"":""BeatHit master-list game rank plus track position proxy""}"
60,Astarion Questline (Ending),Unknown credited artist,[],Baldur's Gate 3 (baldurs-gate-3-windows-gamerip-2023),,,"[""video game soundtrack""]","[""und""]",,,,Baldur's Gate 3,,,khinsider_track_prominence_proxy,55.832115987978355,score_0_100,,,,82.33284639519134,,,,https://downloads.khinsider.com/game-soundtracks/album/baldurs-gate-3-windows-gamerip-2023,2026-10-05,Track title is taken from KHInsider's soundtrack/gamerip album index. Popularity is an explicitly labelled proxy based on BeatHit game rank and track prominence.,"{""culture_category"":""video_game_music"",""video_game"":""Baldur's Gate 3"",""game_rank"":138,""game_association_kind"":""khinsider_game_soundtrack"",""khinsider_album_url"":""https://downloads.khinsider.com/game-soundtracks/album/baldurs-gate-3-windows-gamerip-2023"",""khinsider_album_title"":""Baldur's Gate 3 (baldurs-gate-3-windows-gamerip-2023)"",""khinsider_album_kind"":""official_or_gamerip"",""khinsider_album_match_score"":100.0,""relevance_score_100"":100.0,""popularity_score_100"":55.832115987978355,""score_100"":82.33284639519134,""popularity_basis"":""BeatHit master-list game rank plus track position proxy""}"
61,Elder Brain,Unknown credited artist,[],Baldur's Gate 3 Original Soundtrack (baldurs-gate-3-original-soundtrack-2023),,,"[""video game soundtrack""]","[""und""]",,,,Baldur's Gate 3,,,khinsider_track_prominence_proxy,55.832115987978355,score_0_100,,,,82.33284639519134,,,,https://downloads.khinsider.com/game-soundtracks/album/baldurs-gate-3-original-soundtrack-2023,2026-10-05,Track title is taken from KHInsider's soundtrack/gamerip album index. Popularity is an explicitly labelled proxy based on BeatHit game rank and track prominence.,"{""culture_category"":""video_game_music"",""video_game"":""Baldur's Gate 3"",""game_rank"":138,""game_association_kind"":""khinsider_game_soundtrack"",""khinsider_album_url"":""https://downloads.khinsider.com/game-soundtracks/album/baldurs-gate-3-original-soundtrack-2023"",""khinsider_album_title"":""Baldur's Gate 3 Original Soundtrack (baldurs-gate-3-original-soundtrack-2023)"",""khinsider_album_kind"":""official_or_gamerip"",""khinsider_album_match_score"":100.0,""relevance_score_100"":100.0,""popularity_score_100"":55.832115987978355,""score_100"":82.33284639519134,""popularity_basis"":""BeatHit master-list game rank plus track position proxy""}"
62,I Want To Live (Cinematic Version),Unknown credited artist,[],Baldur's Gate 3 (baldurs-gate-3-windows-gamerip-2023),,,"[""video game soundtrack""]","[""und""]",,,,Baldur's Gate 3,,,khinsider_track_prominence_proxy,55.62211598797836,score_0_100,,,,82.24884639519135,,,,https://downloads.khinsider.com/game-soundtracks/album/baldurs-gate-3-windows-gamerip-2023,2026-10-05,Track title is taken from KHInsider's soundtrack/gamerip album index. Popularity is an explicitly labelled proxy based on BeatHit game rank and track prominence.,"{""culture_category"":""video_game_music"",""video_game"":""Baldur's Gate 3"",""game_rank"":138,""game_association_kind"":""khinsider_game_soundtrack"",""khinsider_album_url"":""https://downloads.khinsider.com/game-soundtracks/album/baldurs-gate-3-windows-gamerip-2023"",""khinsider_album_title"":""Baldur's Gate 3 (baldurs-gate-3-windows-gamerip-2023)"",""khinsider_album_kind"":""official_or_gamerip"",""khinsider_album_match_score"":100.0,""relevance_score_100"":100.0,""popularity_score_100"":55.62211598797836,""score_100"":82.24884639519135,""popularity_basis"":""BeatHit master-list game rank plus track position proxy""}"
63,Forging The Fate,Unknown credited artist,[],Baldur's Gate 3 Original Soundtrack (baldurs-gate-3-original-soundtrack-2023),,,"[""video game soundtrack""]","[""und""]",,,,Baldur's Gate 3,,,khinsider_track_prominence_proxy,55.62211598797836,score_0_100,,,,82.24884639519135,,,,https://downloads.khinsider.com/game-soundtracks/album/baldurs-gate-3-original-soundtrack-2023,2026-10-05,Track title is taken from KHInsider's soundtrack/gamerip album index. Popularity is an explicitly labelled proxy based on BeatHit game rank and track prominence.,"{""culture_category"":""video_game_music"",""video_game"":""Baldur's Gate 3"",""game_rank"":138,""game_association_kind"":""khinsider_game_soundtrack"",""khinsider_album_url"":""https://downloads.khinsider.com/game-soundtracks/album/baldurs-gate-3-original-soundtrack-2023"",""khinsider_album_title"":""Baldur's Gate 3 Original Soundtrack (baldurs-gate-3-original-soundtrack-2023)"",""khinsider_album_kind"":""official_or_gamerip"",""khinsider_album_match_score"":100.0,""relevance_score_100"":100.0,""popularity_score_100"":55.62211598797836,""score_100"":82.24884639519135,""popularity_basis"":""BeatHit master-list game rank plus track position proxy""}"
64,Old Time Battles (Lute),Unknown credited artist,[],Baldur's Gate 3 (baldurs-gate-3-windows-gamerip-2023),,,"[""video game soundtrack""]","[""und""]",,,,Baldur's Gate 3,,,khinsider_track_prominence_proxy,55.41211598797836,score_0_100,,,,82.16484639519135,,,,https://downloads.khinsider.com/game-soundtracks/album/baldurs-gate-3-windows-gamerip-2023,2026-10-05,Track title is taken from KHInsider's soundtrack/gamerip album index. Popularity is an explicitly labelled proxy based on BeatHit game rank and track prominence.,"{""culture_category"":""video_game_music"",""video_game"":""Baldur's Gate 3"",""game_rank"":138,""game_association_kind"":""khinsider_game_soundtrack"",""khinsider_album_url"":""https://downloads.khinsider.com/game-soundtracks/album/baldurs-gate-3-windows-gamerip-2023"",""khinsider_album_title"":""Baldur's Gate 3 (baldurs-gate-3-windows-gamerip-2023)"",""khinsider_album_kind"":""official_or_gamerip"",""khinsider_album_match_score"":100.0,""relevance_score_100"":100.0,""popularity_score_100"":55.41211598797836,""score_100"":82.16484639519135,""popularity_basis"":""BeatHit master-list game rank plus track position proxy""}"
65,The Road to Baldur's Gate,Unknown credited artist,[],Baldur's Gate 3 Original Soundtrack (baldurs-gate-3-original-soundtrack-2023),,,"[""video game soundtrack""]","[""und""]",,,,Baldur's Gate 3,,,khinsider_track_prominence_proxy,55.41211598797836,score_0_100,,,,82.16484639519135,,,,https://downloads.khinsider.com/game-soundtracks/album/baldurs-gate-3-original-soundtrack-2023,2026-10-05,Track title is taken from KHInsider's soundtrack/gamerip album index. Popularity is an explicitly labelled proxy based on BeatHit game rank and track prominence.,"{""culture_category"":""video_game_music"",""video_game"":""Baldur's Gate 3"",""game_rank"":138,""game_association_kind"":""khinsider_game_soundtrack"",""khinsider_album_url"":""https://downloads.khinsider.com/game-soundtracks/album/baldurs-gate-3-original-soundtrack-2023"",""khinsider_album_title"":""Baldur's Gate 3 Original Soundtrack (baldurs-gate-3-original-soundtrack-2023)"",""khinsider_album_kind"":""official_or_gamerip"",""khinsider_album_match_score"":100.0,""relevance_score_100"":100.0,""popularity_score_100"":55.41211598797836,""score_100"":82.16484639519135,""popularity_basis"":""BeatHit master-list game rank plus track position proxy""}"
66,Adamantine Forge (Short),Unknown credited artist,[],Baldur's Gate 3 (baldurs-gate-3-windows-gamerip-2023),,,"[""video game soundtrack""]","[""und""]",,,,Baldur's Gate 3,,,khinsider_track_prominence_proxy,55.20211598797836,score_0_100,,,,82.08084639519134,,,,https://downloads.khinsider.com/game-soundtracks/album/baldurs-gate-3-windows-gamerip-2023,2026-10-05,Track title is taken from KHInsider's soundtrack/gamerip album index. Popularity is an explicitly labelled proxy based on BeatHit game rank and track prominence.,"{""culture_category"":""video_game_music"",""video_game"":""Baldur's Gate 3"",""game_rank"":138,""game_association_kind"":""khinsider_game_soundtrack"",""khinsider_album_url"":""https://downloads.khinsider.com/game-soundtracks/album/baldurs-gate-3-windows-gamerip-2023"",""khinsider_album_title"":""Baldur's Gate 3 (baldurs-gate-3-windows-gamerip-2023)"",""khinsider_album_kind"":""official_or_gamerip"",""khinsider_album_match_score"":100.0,""relevance_score_100"":100.0,""popularity_score_100"":55.20211598797836,""score_100"":82.08084639519134,""popularity_basis"":""BeatHit master-list game rank plus track position proxy""}"
67,The Legacy of Bhaal (Alternative Quiet) (Murder Tribunal),Unknown credited artist,[],Baldur's Gate 3 (baldurs-gate-3-windows-gamerip-2023),,,"[""video game soundtrack""]","[""und""]",,,,Baldur's Gate 3,,,khinsider_track_prominence_proxy,54.99211598797836,score_0_100,,,,81.99684639519134,,,,https://downloads.khinsider.com/game-soundtracks/album/baldurs-gate-3-windows-gamerip-2023,2026-10-05,Track title is taken from KHInsider's soundtrack/gamerip album index. Popularity is an explicitly labelled proxy based on BeatHit game rank and track prominence.,"{""culture_category"":""video_game_music"",""video_game"":""Baldur's Gate 3"",""game_rank"":138,""game_association_kind"":""khinsider_game_soundtrack"",""khinsider_album_url"":""https://downloads.khinsider.com/game-soundtracks/album/baldurs-gate-3-windows-gamerip-2023"",""khinsider_album_title"":""Baldur's Gate 3 (baldurs-gate-3-windows-gamerip-2023)"",""khinsider_album_kind"":""official_or_gamerip"",""khinsider_album_match_score"":100.0,""relevance_score_100"":100.0,""popularity_score_100"":54.99211598797836,""score_100"":81.99684639519134,""popularity_basis"":""BeatHit master-list game rank plus track position proxy""}"
68,The Grand Design (Requiem),Unknown credited artist,[],Baldur's Gate 3 Original Soundtrack (baldurs-gate-3-original-soundtrack-2023),,,"[""video game soundtrack""]","[""und""]",,,,Baldur's Gate 3,,,khinsider_track_prominence_proxy,54.99211598797836,score_0_100,,,,81.99684639519134,,,,https://downloads.khinsider.com/game-soundtracks/album/baldurs-gate-3-original-soundtrack-2023,2026-10-05,Track title is taken from KHInsider's soundtrack/gamerip album index. Popularity is an explicitly labelled proxy based on BeatHit game rank and track prominence.,"{""culture_category"":""video_game_music"",""video_game"":""Baldur's Gate 3"",""game_rank"":138,""game_association_kind"":""khinsider_game_soundtrack"",""khinsider_album_url"":""https://downloads.khinsider.com/game-soundtracks/album/baldurs-gate-3-original-soundtrack-2023"",""khinsider_album_title"":""Baldur's Gate 3 Original Soundtrack (baldurs-gate-3-original-soundtrack-2023)"",""khinsider_album_kind"":""official_or_gamerip"",""khinsider_album_match_score"":100.0,""relevance_score_100"":100.0,""popularity_score_100"":54.99211598797836,""score_100"":81.99684639519134,""popularity_basis"":""BeatHit master-list game rank plus track position proxy""}"
69,Wilderness Crashsite,Unknown credited artist,[],Baldur's Gate 3 (baldurs-gate-3-windows-gamerip-2023),,,"[""video game soundtrack""]","[""und""]",,,,Baldur's Gate 3,,,khinsider_track_prominence_proxy,54.78211598797836,score_0_100,,,,81.91284639519134,,,,https://downloads.khinsider.com/game-soundtracks/album/baldurs-gate-3-windows-gamerip-2023,2026-10-05,Track title is taken from KHInsider's soundtrack/gamerip album index. Popularity is an explicitly labelled proxy based on BeatHit game rank and track prominence.,"{""culture_category"":""video_game_music"",""video_game"":""Baldur's Gate 3"",""game_rank"":138,""game_association_kind"":""khinsider_game_soundtrack"",""khinsider_album_url"":""https://downloads.khinsider.com/game-soundtracks/album/baldurs-gate-3-windows-gamerip-2023"",""khinsider_album_title"":""Baldur's Gate 3 (baldurs-gate-3-windows-gamerip-2023)"",""khinsider_album_kind"":""official_or_gamerip"",""khinsider_album_match_score"":100.0,""relevance_score_100"":100.0,""popularity_score_100"":54.78211598797836,""score_100"":81.91284639519134,""popularity_basis"":""BeatHit master-list game rank plus track position proxy""}"
70,Old Time Battles - Part II,Unknown credited artist,[],Baldur's Gate 3 Original Soundtrack (baldurs-gate-3-original-soundtrack-2023),,,"[""video game soundtrack""]","[""und""]",,,,Baldur's Gate 3,,,khinsider_track_prominence_proxy,54.78211598797836,score_0_100,,,,81.91284639519134,,,,https://downloads.khinsider.com/game-soundtracks/album/baldurs-gate-3-original-soundtrack-2023,2026-10-05,Track title is taken from KHInsider's soundtrack/gamerip album index. Popularity is an explicitly labelled proxy based on BeatHit game rank and track prominence.,"{""culture_category"":""video_game_music"",""video_game"":""Baldur's Gate 3"",""game_rank"":138,""game_association_kind"":""khinsider_game_soundtrack"",""khinsider_album_url"":""https://downloads.khinsider.com/game-soundtracks/album/baldurs-gate-3-original-soundtrack-2023"",""khinsider_album_title"":""Baldur's Gate 3 Original Soundtrack (baldurs-gate-3-original-soundtrack-2023)"",""khinsider_album_kind"":""official_or_gamerip"",""khinsider_album_match_score"":100.0,""relevance_score_100"":100.0,""popularity_score_100"":54.78211598797836,""score_100"":81.91284639519134,""popularity_basis"":""BeatHit master-list game rank plus track position proxy""}"
71,Divinity Original Sin 2 Main Theme (Violin Version),Unknown credited artist,[],Baldur's Gate 3 (baldurs-gate-3-windows-gamerip-2023),,,"[""video game soundtrack""]","[""und""]",,,,Baldur's Gate 3,,,khinsider_track_prominence_proxy,54.572115987978364,score_0_100,,,,81.82884639519135,,,,https://downloads.khinsider.com/game-soundtracks/album/baldurs-gate-3-windows-gamerip-2023,2026-10-05,Track title is taken from KHInsider's soundtrack/gamerip album index. Popularity is an explicitly labelled proxy based on BeatHit game rank and track prominence.,"{""culture_category"":""video_game_music"",""video_game"":""Baldur's Gate 3"",""game_rank"":138,""game_association_kind"":""khinsider_game_soundtrack"",""khinsider_album_url"":""https://downloads.khinsider.com/game-soundtracks/album/baldurs-gate-3-windows-gamerip-2023"",""khinsider_album_title"":""Baldur's Gate 3 (baldurs-gate-3-windows-gamerip-2023)"",""khinsider_album_kind"":""official_or_gamerip"",""khinsider_album_match_score"":100.0,""relevance_score_100"":100.0,""popularity_score_100"":54.572115987978364,""score_100"":81.82884639519135,""popularity_basis"":""BeatHit master-list game rank plus track position proxy""}"
72,Down by the River,Unknown credited artist,[],Baldur's Gate 3 Original Soundtrack (baldurs-gate-3-original-soundtrack-2023),,,"[""video game soundtrack""]","[""und""]",,,,Baldur's Gate 3,,,khinsider_track_prominence_proxy,54.572115987978364,score_0_100,,,,81.82884639519135,,,,https://downloads.khinsider.com/game-soundtracks/album/baldurs-gate-3-original-soundtrack-2023,2026-10-05,Track title is taken from KHInsider's soundtrack/gamerip album index. Popularity is an explicitly labelled proxy based on BeatHit game rank and track prominence.,"{""culture_category"":""video_game_music"",""video_game"":""Baldur's Gate 3"",""game_rank"":138,""game_association_kind"":""khinsider_game_soundtrack"",""khinsider_album_url"":""https://downloads.khinsider.com/game-soundtracks/album/baldurs-gate-3-original-soundtrack-2023"",""khinsider_album_title"":""Baldur's Gate 3 Original Soundtrack (baldurs-gate-3-original-soundtrack-2023)"",""khinsider_album_kind"":""official_or_gamerip"",""khinsider_album_match_score"":100.0,""relevance_score_100"":100.0,""popularity_score_100"":54.572115987978364,""score_100"":81.82884639519135,""popularity_basis"":""BeatHit master-list game rank plus track position proxy""}"
73,Goblin Camp,Unknown credited artist,[],Baldur's Gate 3 (baldurs-gate-3-windows-gamerip-2023),,,"[""video game soundtrack""]","[""und""]",,,,Baldur's Gate 3,,,khinsider_track_prominence_proxy,54.362115987978356,score_0_100,,,,81.74484639519135,,,,https://downloads.khinsider.com/game-soundtracks/album/baldurs-gate-3-windows-gamerip-2023,2026-10-05,Track title is taken from KHInsider's soundtrack/gamerip album index. Popularity is an explicitly labelled proxy based on BeatHit game rank and track prominence.,"{""culture_category"":""video_game_music"",""video_game"":""Baldur's Gate 3"",""game_rank"":138,""game_association_kind"":""khinsider_game_soundtrack"",""khinsider_album_url"":""https://downloads.khinsider.com/game-soundtracks/album/baldurs-gate-3-windows-gamerip-2023"",""khinsider_album_title"":""Baldur's Gate 3 (baldurs-gate-3-windows-gamerip-2023)"",""khinsider_album_kind"":""official_or_gamerip"",""khinsider_album_match_score"":100.0,""relevance_score_100"":100.0,""popularity_score_100"":54.362115987978356,""score_100"":81.74484639519135,""popularity_basis"":""BeatHit master-list game rank plus track position proxy""}"
74,I Want to Live (Classical Version),Unknown credited artist,[],Baldur's Gate 3 Original Soundtrack (baldurs-gate-3-original-soundtrack-2023),,,"[""video game soundtrack""]","[""und""]",,,,Baldur's Gate 3,,,khinsider_track_prominence_proxy,54.362115987978356,score_0_100,,,,81.74484639519135,,,,https://downloads.khinsider.com/game-soundtracks/album/baldurs-gate-3-original-soundtrack-2023,2026-10-05,Track title is taken from KHInsider's soundtrack/gamerip album index. Popularity is an explicitly labelled proxy based on BeatHit game rank and track prominence.,"{""culture_category"":""video_game_music"",""video_game"":""Baldur's Gate 3"",""game_rank"":138,""game_association_kind"":""khinsider_game_soundtrack"",""khinsider_album_url"":""https://downloads.khinsider.com/game-soundtracks/album/baldurs-gate-3-original-soundtrack-2023"",""khinsider_album_title"":""Baldur's Gate 3 Original Soundtrack (baldurs-gate-3-original-soundtrack-2023)"",""khinsider_album_kind"":""official_or_gamerip"",""khinsider_album_match_score"":100.0,""relevance_score_100"":100.0,""popularity_score_100"":54.362115987978356,""score_100"":81.74484639519135,""popularity_basis"":""BeatHit master-list game rank plus track position proxy""}"
75,Last Light Inn (Cursed),Unknown credited artist,[],Baldur's Gate 3 (baldurs-gate-3-windows-gamerip-2023),,,"[""video game soundtrack""]","[""und""]",,,,Baldur's Gate 3,,,khinsider_track_prominence_proxy,54.15211598797836,score_0_100,,,,81.66084639519134,,,,https://downloads.khinsider.com/game-soundtracks/album/baldurs-gate-3-windows-gamerip-2023,2026-10-05,Track title is taken from KHInsider's soundtrack/gamerip album index. Popularity is an explicitly labelled proxy based on BeatHit game rank and track prominence.,"{""culture_category"":""video_game_music"",""video_game"":""Baldur's Gate 3"",""game_rank"":138,""game_association_kind"":""khinsider_game_soundtrack"",""khinsider_album_url"":""https://downloads.khinsider.com/game-soundtracks/album/baldurs-gate-3-windows-gamerip-2023"",""khinsider_album_title"":""Baldur's Gate 3 (baldurs-gate-3-windows-gamerip-2023)"",""khinsider_album_kind"":""official_or_gamerip"",""khinsider_album_match_score"":100.0,""relevance_score_100"":100.0,""popularity_score_100"":54.15211598797836,""score_100"":81.66084639519134,""popularity_basis"":""BeatHit master-list game rank plus track position proxy""}"
76,Main Theme Part III,Unknown credited artist,[],Baldur's Gate 3 Original Soundtrack (baldurs-gate-3-original-soundtrack-2023),,,"[""video game soundtrack""]","[""und""]",,,,Baldur's Gate 3,,,khinsider_track_prominence_proxy,54.15211598797836,score_0_100,,,,81.66084639519134,,,,https://downloads.khinsider.com/game-soundtracks/album/baldurs-gate-3-original-soundtrack-2023,2026-10-05,Track title is taken from KHInsider's soundtrack/gamerip album index. Popularity is an explicitly labelled proxy based on BeatHit game rank and track prominence.,"{""culture_category"":""video_game_music"",""video_game"":""Baldur's Gate 3"",""game_rank"":138,""game_association_kind"":""khinsider_game_soundtrack"",""khinsider_album_url"":""https://downloads.khinsider.com/game-soundtracks/album/baldurs-gate-3-original-soundtrack-2023"",""khinsider_album_title"":""Baldur's Gate 3 Original Soundtrack (baldurs-gate-3-original-soundtrack-2023)"",""khinsider_album_kind"":""official_or_gamerip"",""khinsider_album_match_score"":100.0,""relevance_score_100"":100.0,""popularity_score_100"":54.15211598797836,""score_100"":81.66084639519134,""popularity_basis"":""BeatHit master-list game rank plus track position proxy""}"
77,Vlaakith’s Ultimatum,Unknown credited artist,[],Baldur's Gate 3 (baldurs-gate-3-windows-gamerip-2023),,,"[""video game soundtrack""]","[""und""]",,,,Baldur's Gate 3,,,khinsider_track_prominence_proxy,53.942115987978354,score_0_100,,,,81.57684639519134,,,,https://downloads.khinsider.com/game-soundtracks/album/baldurs-gate-3-windows-gamerip-2023,2026-10-05,Track title is taken from KHInsider's soundtrack/gamerip album index. Popularity is an explicitly labelled proxy based on BeatHit game rank and track prominence.,"{""culture_category"":""video_game_music"",""video_game"":""Baldur's Gate 3"",""game_rank"":138,""game_association_kind"":""khinsider_game_soundtrack"",""khinsider_album_url"":""https://downloads.khinsider.com/game-soundtracks/album/baldurs-gate-3-windows-gamerip-2023"",""khinsider_album_title"":""Baldur's Gate 3 (baldurs-gate-3-windows-gamerip-2023)"",""khinsider_album_kind"":""official_or_gamerip"",""khinsider_album_match_score"":100.0,""relevance_score_100"":100.0,""popularity_score_100"":53.942115987978354,""score_100"":81.57684639519134,""popularity_basis"":""BeatHit master-list game rank plus track position proxy""}"
78,Memories of the Future (Harpy's Nest),Unknown credited artist,[],Baldur's Gate 3 (baldurs-gate-3-windows-gamerip-2023),,,"[""video game soundtrack""]","[""und""]",,,,Baldur's Gate 3,,,khinsider_track_prominence_proxy,53.73211598797836,score_0_100,,,,81.49284639519135,,,,https://downloads.khinsider.com/game-soundtracks/album/baldurs-gate-3-windows-gamerip-2023,2026-10-05,Track title is taken from KHInsider's soundtrack/gamerip album index. Popularity is an explicitly labelled proxy based on BeatHit game rank and track prominence.,"{""culture_category"":""video_game_music"",""video_game"":""Baldur's Gate 3"",""game_rank"":138,""game_association_kind"":""khinsider_game_soundtrack"",""khinsider_album_url"":""https://downloads.khinsider.com/game-soundtracks/album/baldurs-gate-3-windows-gamerip-2023"",""khinsider_album_title"":""Baldur's Gate 3 (baldurs-gate-3-windows-gamerip-2023)"",""khinsider_album_kind"":""official_or_gamerip"",""khinsider_album_match_score"":100.0,""relevance_score_100"":100.0,""popularity_score_100"":53.73211598797836,""score_100"":81.49284639519135,""popularity_basis"":""BeatHit master-list game rank plus track position proxy""}"
79,The Power (Credits Song),Unknown credited artist,[],Baldur's Gate 3 Original Soundtrack (baldurs-gate-3-original-soundtrack-2023),,,"[""video game soundtrack""]","[""und""]",,,,Baldur's Gate 3,,,khinsider_track_prominence_proxy,53.73211598797836,score_0_100,,,,81.49284639519135,,,,https://downloads.khinsider.com/game-soundtracks/album/baldurs-gate-3-original-soundtrack-2023,2026-10-05,Track title is taken from KHInsider's soundtrack/gamerip album index. Popularity is an explicitly labelled proxy based on BeatHit game rank and track prominence.,"{""culture_category"":""video_game_music"",""video_game"":""Baldur's Gate 3"",""game_rank"":138,""game_association_kind"":""khinsider_game_soundtrack"",""khinsider_album_url"":""https://downloads.khinsider.com/game-soundtracks/album/baldurs-gate-3-original-soundtrack-2023"",""khinsider_album_title"":""Baldur's Gate 3 Original Soundtrack (baldurs-gate-3-original-soundtrack-2023)"",""khinsider_album_kind"":""official_or_gamerip"",""khinsider_album_match_score"":100.0,""relevance_score_100"":100.0,""popularity_score_100"":53.73211598797836,""score_100"":81.49284639519135,""popularity_basis"":""BeatHit master-list game rank plus track position proxy""}"
80,Old Time Battles (Violin),Unknown credited artist,[],Baldur's Gate 3 (baldurs-gate-3-windows-gamerip-2023),,,"[""video game soundtrack""]","[""und""]",,,,Baldur's Gate 3,,,khinsider_track_prominence_proxy,53.52211598797837,score_0_100,,,,81.40884639519135,,,,https://downloads.khinsider.com/game-soundtracks/album/baldurs-gate-3-windows-gamerip-2023,2026-10-05,Track title is taken from KHInsider's soundtrack/gamerip album index. Popularity is an explicitly labelled proxy based on BeatHit game rank and track prominence.,"{""culture_category"":""video_game_music"",""video_game"":""Baldur's Gate 3"",""game_rank"":138,""game_association_kind"":""khinsider_game_soundtrack"",""khinsider_album_url"":""https://downloads.khinsider.com/game-soundtracks/album/baldurs-gate-3-windows-gamerip-2023"",""khinsider_album_title"":""Baldur's Gate 3 (baldurs-gate-3-windows-gamerip-2023)"",""khinsider_album_kind"":""official_or_gamerip"",""khinsider_album_match_score"":100.0,""relevance_score_100"":100.0,""popularity_score_100"":53.52211598797837,""score_100"":81.40884639519135,""popularity_basis"":""BeatHit master-list game rank plus track position proxy""}"
81,Main Title,Unknown credited artist,[],Baldur's Gate II Soundtrack (baldurs-gate-ii-soundtrack-2010),,,"[""video game soundtrack""]","[""und""]",,,,Baldur's Gate 3,,,khinsider_track_prominence_proxy,62.55211598797836,score_0_100,,,,81.3779892523342,,,,https://downloads.khinsider.com/game-soundtracks/album/baldurs-gate-ii-soundtrack-2010,2026-10-05,Track title is taken from KHInsider's soundtrack/gamerip album index. Popularity is an explicitly labelled proxy based on BeatHit game rank and track prominence.,"{""culture_category"":""video_game_music"",""video_game"":""Baldur's Gate 3"",""game_rank"":138,""game_association_kind"":""khinsider_game_soundtrack"",""khinsider_album_url"":""https://downloads.khinsider.com/game-soundtracks/album/baldurs-gate-ii-soundtrack-2010"",""khinsider_album_title"":""Baldur's Gate II Soundtrack (baldurs-gate-ii-soundtrack-2010)"",""khinsider_album_kind"":""official_or_gamerip"",""khinsider_album_match_score"":92.85714285714286,""relevance_score_100"":93.92857142857143,""popularity_score_100"":62.55211598797836,""score_100"":81.3779892523342,""popularity_basis"":""BeatHit master-list game rank plus track position proxy""}"
82,Main Theme,Unknown credited artist,[],Baldur's Gate: Enhanced Edition Official Soundtrack (baldurs-gate-enhanced-edition-official-soundtrack-2016),,,"[""video game soundtrack""]","[""und""]",,,,Baldur's Gate 3,,,khinsider_track_prominence_proxy,62.55211598797836,score_0_100,,,,81.3779892523342,,,,https://downloads.khinsider.com/game-soundtracks/album/baldurs-gate-enhanced-edition-official-soundtrack-2016,2026-10-05,Track title is taken from KHInsider's soundtrack/gamerip album index. Popularity is an explicitly labelled proxy based on BeatHit game rank and track prominence.,"{""culture_category"":""video_game_music"",""video_game"":""Baldur's Gate 3"",""game_rank"":138,""game_association_kind"":""khinsider_game_soundtrack"",""khinsider_album_url"":""https://downloads.khinsider.com/game-soundtracks/album/baldurs-gate-enhanced-edition-official-soundtrack-2016"",""khinsider_album_title"":""Baldur's Gate: Enhanced Edition Official Soundtrack (baldurs-gate-enhanced-edition-official-soundtrack-2016)"",""khinsider_album_kind"":""official_or_gamerip"",""khinsider_album_match_score"":92.85714285714286,""relevance_score_100"":93.92857142857143,""popularity_score_100"":62.55211598797836,""score_100"":81.3779892523342,""popularity_basis"":""BeatHit master-list game rank plus track position proxy""}"
83,Shadow of the Shining Lady,Unknown credited artist,[],Baldur's Gate: Enhanced Edition Siege of Dragonspear Official Soundtrack (baldurs-gate-enhanced-edition-siege-of-dragonspear-official-soundtrack-2016),,,"[""video game soundtrack""]","[""und""]",,,,Baldur's Gate 3,,,khinsider_track_prominence_proxy,62.55211598797836,score_0_100,,,,81.3779892523342,,,,https://downloads.khinsider.com/game-soundtracks/album/baldurs-gate-enhanced-edition-siege-of-dragonspear-official-soundtrack-2016,2026-10-05,Track title is taken from KHInsider's soundtrack/gamerip album index. Popularity is an explicitly labelled proxy based on BeatHit game rank and track prominence.,"{""culture_category"":""video_game_music"",""video_game"":""Baldur's Gate 3"",""game_rank"":138,""game_association_kind"":""khinsider_game_soundtrack"",""khinsider_album_url"":""https://downloads.khinsider.com/game-soundtracks/album/baldurs-gate-enhanced-edition-siege-of-dragonspear-official-soundtrack-2016"",""khinsider_album_title"":""Baldur's Gate: Enhanced Edition Siege of Dragonspear Official Soundtrack (baldurs-gate-enhanced-edition-siege-of-dragonspear-official-soundtrack-2016)"",""khinsider_album_kind"":""official_or_gamerip"",""khinsider_album_match_score"":92.85714285714286,""relevance_score_100"":93.92857142857143,""popularity_score_100"":62.55211598797836,""score_100"":81.3779892523342,""popularity_basis"":""BeatHit master-list game rank plus track position proxy""}"
84,Finding a Healer,Unknown credited artist,[],Baldur's Gate 3 (baldurs-gate-3-windows-gamerip-2023),,,"[""video game soundtrack""]","[""und""]",,,,Baldur's Gate 3,,,khinsider_track_prominence_proxy,53.31211598797836,score_0_100,,,,81.32484639519134,,,,https://downloads.khinsider.com/game-soundtracks/album/baldurs-gate-3-windows-gamerip-2023,2026-10-05,Track title is taken from KHInsider's soundtrack/gamerip album index. Popularity is an explicitly labelled proxy based on BeatHit game rank and track prominence.,"{""culture_category"":""video_game_music"",""video_game"":""Baldur's Gate 3"",""game_rank"":138,""game_association_kind"":""khinsider_game_soundtrack"",""khinsider_album_url"":""https://downloads.khinsider.com/game-soundtracks/album/baldurs-gate-3-windows-gamerip-2023"",""khinsider_album_title"":""Baldur's Gate 3 (baldurs-gate-3-windows-gamerip-2023)"",""khinsider_album_kind"":""official_or_gamerip"",""khinsider_album_match_score"":100.0,""relevance_score_100"":100.0,""popularity_score_100"":53.31211598797836,""score_100"":81.32484639519134,""popularity_basis"":""BeatHit master-list game rank plus track position proxy""}"
85,Jon Battle and Peace,Unknown credited artist,[],Baldur's Gate II Soundtrack (baldurs-gate-ii-soundtrack-2010),,,"[""video game soundtrack""]","[""und""]",,,,Baldur's Gate 3,,,khinsider_track_prominence_proxy,62.34211598797836,score_0_100,,,,81.2939892523342,,,,https://downloads.khinsider.com/game-soundtracks/album/baldurs-gate-ii-soundtrack-2010,2026-10-05,Track title is taken from KHInsider's soundtrack/gamerip album index. Popularity is an explicitly labelled proxy based on BeatHit game rank and track prominence.,"{""culture_category"":""video_game_music"",""video_game"":""Baldur's Gate 3"",""game_rank"":138,""game_association_kind"":""khinsider_game_soundtrack"",""khinsider_album_url"":""https://downloads.khinsider.com/game-soundtracks/album/baldurs-gate-ii-soundtrack-2010"",""khinsider_album_title"":""Baldur's Gate II Soundtrack (baldurs-gate-ii-soundtrack-2010)"",""khinsider_album_kind"":""official_or_gamerip"",""khinsider_album_match_score"":92.85714285714286,""relevance_score_100"":93.92857142857143,""popularity_score_100"":62.34211598797836,""score_100"":81.2939892523342,""popularity_basis"":""BeatHit master-list game rank plus track position proxy""}"
86,Setting the Stage,Unknown credited artist,[],Baldur's Gate: Enhanced Edition Official Soundtrack (baldurs-gate-enhanced-edition-official-soundtrack-2016),,,"[""video game soundtrack""]","[""und""]",,,,Baldur's Gate 3,,,khinsider_track_prominence_proxy,62.34211598797836,score_0_100,,,,81.2939892523342,,,,https://downloads.khinsider.com/game-soundtracks/album/baldurs-gate-enhanced-edition-official-soundtrack-2016,2026-10-05,Track title is taken from KHInsider's soundtrack/gamerip album index. Popularity is an explicitly labelled proxy based on BeatHit game rank and track prominence.,"{""culture_category"":""video_game_music"",""video_game"":""Baldur's Gate 3"",""game_rank"":138,""game_association_kind"":""khinsider_game_soundtrack"",""khinsider_album_url"":""https://downloads.khinsider.com/game-soundtracks/album/baldurs-gate-enhanced-edition-official-soundtrack-2016"",""khinsider_album_title"":""Baldur's Gate: Enhanced Edition Official Soundtrack (baldurs-gate-enhanced-edition-official-soundtrack-2016)"",""khinsider_album_kind"":""official_or_gamerip"",""khinsider_album_match_score"":92.85714285714286,""relevance_score_100"":93.92857142857143,""popularity_score_100"":62.34211598797836,""score_100"":81.2939892523342,""popularity_basis"":""BeatHit master-list game rank plus track position proxy""}"
87,Darkness and Light (Movie 1),Unknown credited artist,[],Baldur's Gate: Enhanced Edition Siege of Dragonspear Official Soundtrack (baldurs-gate-enhanced-edition-siege-of-dragonspear-official-soundtrack-2016),,,"[""video game soundtrack""]","[""und""]",,,,Baldur's Gate 3,,,khinsider_track_prominence_proxy,62.34211598797836,score_0_100,,,,81.2939892523342,,,,https://downloads.khinsider.com/game-soundtracks/album/baldurs-gate-enhanced-edition-siege-of-dragonspear-official-soundtrack-2016,2026-10-05,Track title is taken from KHInsider's soundtrack/gamerip album index. Popularity is an explicitly labelled proxy based on BeatHit game rank and track prominence.,"{""culture_category"":""video_game_music"",""video_game"":""Baldur's Gate 3"",""game_rank"":138,""game_association_kind"":""khinsider_game_soundtrack"",""khinsider_album_url"":""https://downloads.khinsider.com/game-soundtracks/album/baldurs-gate-enhanced-edition-siege-of-dragonspear-official-soundtrack-2016"",""khinsider_album_title"":""Baldur's Gate: Enhanced Edition Siege of Dragonspear Official Soundtrack (baldurs-gate-enhanced-edition-siege-of-dragonspear-official-soundtrack-2016)"",""khinsider_album_kind"":""official_or_gamerip"",""khinsider_album_match_score"":92.85714285714286,""relevance_score_100"":93.92857142857143,""popularity_score_100"":62.34211598797836,""score_100"":81.2939892523342,""popularity_basis"":""BeatHit master-list game rank plus track position proxy""}"
88,Warping Shadows,Unknown credited artist,[],Baldur's Gate 3 (baldurs-gate-3-windows-gamerip-2023),,,"[""video game soundtrack""]","[""und""]",,,,Baldur's Gate 3,,,khinsider_track_prominence_proxy,53.102115987978365,score_0_100,,,,81.24084639519134,,,,https://downloads.khinsider.com/game-soundtracks/album/baldurs-gate-3-windows-gamerip-2023,2026-10-05,Track title is taken from KHInsider's soundtrack/gamerip album index. Popularity is an explicitly labelled proxy based on BeatHit game rank and track prominence.,"{""culture_category"":""video_game_music"",""video_game"":""Baldur's Gate 3"",""game_rank"":138,""game_association_kind"":""khinsider_game_soundtrack"",""khinsider_album_url"":""https://downloads.khinsider.com/game-soundtracks/album/baldurs-gate-3-windows-gamerip-2023"",""khinsider_album_title"":""Baldur's Gate 3 (baldurs-gate-3-windows-gamerip-2023)"",""khinsider_album_kind"":""official_or_gamerip"",""khinsider_album_match_score"":100.0,""relevance_score_100"":100.0,""popularity_score_100"":53.102115987978365,""score_100"":81.24084639519134,""popularity_basis"":""BeatHit master-list game rank plus track position proxy""}"
89,Galean Bayle Sailing,Unknown credited artist,[],Baldur's Gate II Soundtrack (baldurs-gate-ii-soundtrack-2010),,,"[""video game soundtrack""]","[""und""]",,,,Baldur's Gate 3,,,khinsider_track_prominence_proxy,62.13211598797836,score_0_100,,,,81.2099892523342,,,,https://downloads.khinsider.com/game-soundtracks/album/baldurs-gate-ii-soundtrack-2010,2026-10-05,Track title is taken from KHInsider's soundtrack/gamerip album index. Popularity is an explicitly labelled proxy based on BeatHit game rank and track prominence.,"{""culture_category"":""video_game_music"",""video_game"":""Baldur's Gate 3"",""game_rank"":138,""game_association_kind"":""khinsider_game_soundtrack"",""khinsider_album_url"":""https://downloads.khinsider.com/game-soundtracks/album/baldurs-gate-ii-soundtrack-2010"",""khinsider_album_title"":""Baldur's Gate II Soundtrack (baldurs-gate-ii-soundtrack-2010)"",""khinsider_album_kind"":""official_or_gamerip"",""khinsider_album_match_score"":92.85714285714286,""relevance_score_100"":93.92857142857143,""popularity_score_100"":62.13211598797836,""score_100"":81.2099892523342,""popularity_basis"":""BeatHit master-list game rank plus track position proxy""}"
90,Gaelan Bayle Sailing,Unknown credited artist,[],Baldur's Gate II: Enhanced Edition Official Soundtrack (baldurs-gate-ii-enhanced-edition-official-soundtrack-2016),,,"[""video game soundtrack""]","[""und""]",,,,Baldur's Gate 3,,,khinsider_track_prominence_proxy,62.13211598797836,score_0_100,,,,81.2099892523342,,,,https://downloads.khinsider.com/game-soundtracks/album/baldurs-gate-ii-enhanced-edition-official-soundtrack-2016,2026-10-05,Track title is taken from KHInsider's soundtrack/gamerip album index. Popularity is an explicitly labelled proxy based on BeatHit game rank and track prominence.,"{""culture_category"":""video_game_music"",""video_game"":""Baldur's Gate 3"",""game_rank"":138,""game_association_kind"":""khinsider_game_soundtrack"",""khinsider_album_url"":""https://downloads.khinsider.com/game-soundtracks/album/baldurs-gate-ii-enhanced-edition-official-soundtrack-2016"",""khinsider_album_title"":""Baldur's Gate II: Enhanced Edition Official Soundtrack (baldurs-gate-ii-enhanced-edition-official-soundtrack-2016)"",""khinsider_album_kind"":""official_or_gamerip"",""khinsider_album_match_score"":92.85714285714286,""relevance_score_100"":93.92857142857143,""popularity_score_100"":62.13211598797836,""score_100"":81.2099892523342,""popularity_basis"":""BeatHit master-list game rank plus track position proxy""}"
91,Candlekeep,Unknown credited artist,[],Baldur's Gate: Enhanced Edition Official Soundtrack (baldurs-gate-enhanced-edition-official-soundtrack-2016),,,"[""video game soundtrack""]","[""und""]",,,,Baldur's Gate 3,,,khinsider_track_prominence_proxy,62.13211598797836,score_0_100,,,,81.2099892523342,,,,https://downloads.khinsider.com/game-soundtracks/album/baldurs-gate-enhanced-edition-official-soundtrack-2016,2026-10-05,Track title is taken from KHInsider's soundtrack/gamerip album index. Popularity is an explicitly labelled proxy based on BeatHit game rank and track prominence.,"{""culture_category"":""video_game_music"",""video_game"":""Baldur's Gate 3"",""game_rank"":138,""game_association_kind"":""khinsider_game_soundtrack"",""khinsider_album_url"":""https://downloads.khinsider.com/game-soundtracks/album/baldurs-gate-enhanced-edition-official-soundtrack-2016"",""khinsider_album_title"":""Baldur's Gate: Enhanced Edition Official Soundtrack (baldurs-gate-enhanced-edition-official-soundtrack-2016)"",""khinsider_album_kind"":""official_or_gamerip"",""khinsider_album_match_score"":92.85714285714286,""relevance_score_100"":93.92857142857143,""popularity_score_100"":62.13211598797836,""score_100"":81.2099892523342,""popularity_basis"":""BeatHit master-list game rank plus track position proxy""}"
92,The Hero of Baldur's Gate,Unknown credited artist,[],Baldur's Gate: Enhanced Edition Siege of Dragonspear Official Soundtrack (baldurs-gate-enhanced-edition-siege-of-dragonspear-official-soundtrack-2016),,,"[""video game soundtrack""]","[""und""]",,,,Baldur's Gate 3,,,khinsider_track_prominence_proxy,62.13211598797836,score_0_100,,,,81.2099892523342,,,,https://downloads.khinsider.com/game-soundtracks/album/baldurs-gate-enhanced-edition-siege-of-dragonspear-official-soundtrack-2016,2026-10-05,Track title is taken from KHInsider's soundtrack/gamerip album index. Popularity is an explicitly labelled proxy based on BeatHit game rank and track prominence.,"{""culture_category"":""video_game_music"",""video_game"":""Baldur's Gate 3"",""game_rank"":138,""game_association_kind"":""khinsider_game_soundtrack"",""khinsider_album_url"":""https://downloads.khinsider.com/game-soundtracks/album/baldurs-gate-enhanced-edition-siege-of-dragonspear-official-soundtrack-2016"",""khinsider_album_title"":""Baldur's Gate: Enhanced Edition Siege of Dragonspear Official Soundtrack (baldurs-gate-enhanced-edition-siege-of-dragonspear-official-soundtrack-2016)"",""khinsider_album_kind"":""official_or_gamerip"",""khinsider_album_match_score"":92.85714285714286,""relevance_score_100"":93.92857142857143,""popularity_score_100"":62.13211598797836,""score_100"":81.2099892523342,""popularity_basis"":""BeatHit master-list game rank plus track position proxy""}"
93,Myconid Colony (Alternative),Unknown credited artist,[],Baldur's Gate 3 (baldurs-gate-3-windows-gamerip-2023),,,"[""video game soundtrack""]","[""und""]",,,,Baldur's Gate 3,,,khinsider_track_prominence_proxy,52.892115987978364,score_0_100,,,,81.15684639519135,,,,https://downloads.khinsider.com/game-soundtracks/album/baldurs-gate-3-windows-gamerip-2023,2026-10-05,Track title is taken from KHInsider's soundtrack/gamerip album index. Popularity is an explicitly labelled proxy based on BeatHit game rank and track prominence.,"{""culture_category"":""video_game_music"",""video_game"":""Baldur's Gate 3"",""game_rank"":138,""game_association_kind"":""khinsider_game_soundtrack"",""khinsider_album_url"":""https://downloads.khinsider.com/game-soundtracks/album/baldurs-gate-3-windows-gamerip-2023"",""khinsider_album_title"":""Baldur's Gate 3 (baldurs-gate-3-windows-gamerip-2023)"",""khinsider_album_kind"":""official_or_gamerip"",""khinsider_album_match_score"":100.0,""relevance_score_100"":100.0,""popularity_score_100"":52.892115987978364,""score_100"":81.15684639519135,""popularity_basis"":""BeatHit master-list game rank plus track position proxy""}"
94,Asylum Journey,Unknown credited artist,[],Baldur's Gate II Soundtrack (baldurs-gate-ii-soundtrack-2010),,,"[""video game soundtrack""]","[""und""]",,,,Baldur's Gate 3,,,khinsider_track_prominence_proxy,61.92211598797836,score_0_100,,,,81.1259892523342,,,,https://downloads.khinsider.com/game-soundtracks/album/baldurs-gate-ii-soundtrack-2010,2026-10-05,Track title is taken from KHInsider's soundtrack/gamerip album index. Popularity is an explicitly labelled proxy based on BeatHit game rank and track prominence.,"{""culture_category"":""video_game_music"",""video_game"":""Baldur's Gate 3"",""game_rank"":138,""game_association_kind"":""khinsider_game_soundtrack"",""khinsider_album_url"":""https://downloads.khinsider.com/game-soundtracks/album/baldurs-gate-ii-soundtrack-2010"",""khinsider_album_title"":""Baldur's Gate II Soundtrack (baldurs-gate-ii-soundtrack-2010)"",""khinsider_album_kind"":""official_or_gamerip"",""khinsider_album_match_score"":92.85714285714286,""relevance_score_100"":93.92857142857143,""popularity_score_100"":61.92211598797836,""score_100"":81.1259892523342,""popularity_basis"":""BeatHit master-list game rank plus track position proxy""}"
95,Attacked by Assassins,Unknown credited artist,[],Baldur's Gate: Enhanced Edition Official Soundtrack (baldurs-gate-enhanced-edition-official-soundtrack-2016),,,"[""video game soundtrack""]","[""und""]",,,,Baldur's Gate 3,,,khinsider_track_prominence_proxy,61.92211598797836,score_0_100,,,,81.1259892523342,,,,https://downloads.khinsider.com/game-soundtracks/album/baldurs-gate-enhanced-edition-official-soundtrack-2016,2026-10-05,Track title is taken from KHInsider's soundtrack/gamerip album index. Popularity is an explicitly labelled proxy based on BeatHit game rank and track prominence.,"{""culture_category"":""video_game_music"",""video_game"":""Baldur's Gate 3"",""game_rank"":138,""game_association_kind"":""khinsider_game_soundtrack"",""khinsider_album_url"":""https://downloads.khinsider.com/game-soundtracks/album/baldurs-gate-enhanced-edition-official-soundtrack-2016"",""khinsider_album_title"":""Baldur's Gate: Enhanced Edition Official Soundtrack (baldurs-gate-enhanced-edition-official-soundtrack-2016)"",""khinsider_album_kind"":""official_or_gamerip"",""khinsider_album_match_score"":92.85714285714286,""relevance_score_100"":93.92857142857143,""popularity_score_100"":61.92211598797836,""score_100"":81.1259892523342,""popularity_basis"":""BeatHit master-list game rank plus track position proxy""}"
96,Baldur's Gate Nightfall,Unknown credited artist,[],Baldur's Gate: Enhanced Edition Siege of Dragonspear Official Soundtrack (baldurs-gate-enhanced-edition-siege-of-dragonspear-official-soundtrack-2016),,,"[""video game soundtrack""]","[""und""]",,,,Baldur's Gate 3,,,khinsider_track_prominence_proxy,61.92211598797836,score_0_100,,,,81.1259892523342,,,,https://downloads.khinsider.com/game-soundtracks/album/baldurs-gate-enhanced-edition-siege-of-dragonspear-official-soundtrack-2016,2026-10-05,Track title is taken from KHInsider's soundtrack/gamerip album index. Popularity is an explicitly labelled proxy based on BeatHit game rank and track prominence.,"{""culture_category"":""video_game_music"",""video_game"":""Baldur's Gate 3"",""game_rank"":138,""game_association_kind"":""khinsider_game_soundtrack"",""khinsider_album_url"":""https://downloads.khinsider.com/game-soundtracks/album/baldurs-gate-enhanced-edition-siege-of-dragonspear-official-soundtrack-2016"",""khinsider_album_title"":""Baldur's Gate: Enhanced Edition Siege of Dragonspear Official Soundtrack (baldurs-gate-enhanced-edition-siege-of-dragonspear-official-soundtrack-2016)"",""khinsider_album_kind"":""official_or_gamerip"",""khinsider_album_match_score"":92.85714285714286,""relevance_score_100"":93.92857142857143,""popularity_score_100"":61.92211598797836,""score_100"":81.1259892523342,""popularity_basis"":""BeatHit master-list game rank plus track position proxy""}"
97,Goblin Combat (Alternative),Unknown credited artist,[],Baldur's Gate 3 (baldurs-gate-3-windows-gamerip-2023),,,"[""video game soundtrack""]","[""und""]",,,,Baldur's Gate 3,,,khinsider_track_prominence_proxy,52.682115987978364,score_0_100,,,,81.07284639519135,,,,https://downloads.khinsider.com/game-soundtracks/album/baldurs-gate-3-windows-gamerip-2023,2026-10-05,Track title is taken from KHInsider's soundtrack/gamerip album index. Popularity is an explicitly labelled proxy based on BeatHit game rank and track prominence.,"{""culture_category"":""video_game_music"",""video_game"":""Baldur's Gate 3"",""game_rank"":138,""game_association_kind"":""khinsider_game_soundtrack"",""khinsider_album_url"":""https://downloads.khinsider.com/game-soundtracks/album/baldurs-gate-3-windows-gamerip-2023"",""khinsider_album_title"":""Baldur's Gate 3 (baldurs-gate-3-windows-gamerip-2023)"",""khinsider_album_kind"":""official_or_gamerip"",""khinsider_album_match_score"":100.0,""relevance_score_100"":100.0,""popularity_score_100"":52.682115987978364,""score_100"":81.07284639519135,""popularity_basis"":""BeatHit master-list game rank plus track position proxy""}"
98,Underdark,Unknown credited artist,[],Baldur's Gate II Soundtrack (baldurs-gate-ii-soundtrack-2010),,,"[""video game soundtrack""]","[""und""]",,,,Baldur's Gate 3,,,khinsider_track_prominence_proxy,61.712115987978365,score_0_100,,,,81.0419892523342,,,,https://downloads.khinsider.com/game-soundtracks/album/baldurs-gate-ii-soundtrack-2010,2026-10-05,Track title is taken from KHInsider's soundtrack/gamerip album index. Popularity is an explicitly labelled proxy based on BeatHit game rank and track prominence.,"{""culture_category"":""video_game_music"",""video_game"":""Baldur's Gate 3"",""game_rank"":138,""game_association_kind"":""khinsider_game_soundtrack"",""khinsider_album_url"":""https://downloads.khinsider.com/game-soundtracks/album/baldurs-gate-ii-soundtrack-2010"",""khinsider_album_title"":""Baldur's Gate II Soundtrack (baldurs-gate-ii-soundtrack-2010)"",""khinsider_album_kind"":""official_or_gamerip"",""khinsider_album_match_score"":92.85714285714286,""relevance_score_100"":93.92857142857143,""popularity_score_100"":61.712115987978365,""score_100"":81.0419892523342,""popularity_basis"":""BeatHit master-list game rank plus track position proxy""}"
99,Leaving Home,Unknown credited artist,[],Baldur's Gate: Enhanced Edition Official Soundtrack (baldurs-gate-enhanced-edition-official-soundtrack-2016),,,"[""video game soundtrack""]","[""und""]",,,,Baldur's Gate 3,,,khinsider_track_prominence_proxy,61.712115987978365,score_0_100,,,,81.0419892523342,,,,https://downloads.khinsider.com/game-soundtracks/album/baldurs-gate-enhanced-edition-official-soundtrack-2016,2026-10-05,Track title is taken from KHInsider's soundtrack/gamerip album index. Popularity is an explicitly labelled proxy based on BeatHit game rank and track prominence.,"{""culture_category"":""video_game_music"",""video_game"":""Baldur's Gate 3"",""game_rank"":138,""game_association_kind"":""khinsider_game_soundtrack"",""khinsider_album_url"":""https://downloads.khinsider.com/game-soundtracks/album/baldurs-gate-enhanced-edition-official-soundtrack-2016"",""khinsider_album_title"":""Baldur's Gate: Enhanced Edition Official Soundtrack (baldurs-gate-enhanced-edition-official-soundtrack-2016)"",""khinsider_album_kind"":""official_or_gamerip"",""khinsider_album_match_score"":92.85714285714286,""relevance_score_100"":93.92857142857143,""popularity_score_100"":61.712115987978365,""score_100"":81.0419892523342,""popularity_basis"":""BeatHit master-list game rank plus track position proxy""}"
100,Crusaders at Coast Way Crossing,Unknown credited artist,[],Baldur's Gate: Enhanced Edition Siege of Dragonspear Official Soundtrack (baldurs-gate-enhanced-edition-siege-of-dragonspear-official-soundtrack-2016),,,"[""video game soundtrack""]","[""und""]",,,,Baldur's Gate 3,,,khinsider_track_prominence_proxy,61.712115987978365,score_0_100,,,,81.0419892523342,,,,https://downloads.khinsider.com/game-soundtracks/album/baldurs-gate-enhanced-edition-siege-of-dragonspear-official-soundtrack-2016,2026-10-05,Track title is taken from KHInsider's soundtrack/gamerip album index. Popularity is an explicitly labelled proxy based on BeatHit game rank and track prominence.,"{""culture_category"":""video_game_music"",""video_game"":""Baldur's Gate 3"",""game_rank"":138,""game_association_kind"":""khinsider_game_soundtrack"",""khinsider_album_url"":""https://downloads.khinsider.com/game-soundtracks/album/baldurs-gate-enhanced-edition-siege-of-dragonspear-official-soundtrack-2016"",""khinsider_album_title"":""Baldur's Gate: Enhanced Edition Siege of Dragonspear Official Soundtrack (baldurs-gate-enhanced-edition-siege-of-dragonspear-official-soundtrack-2016)"",""khinsider_album_kind"":""official_or_gamerip"",""khinsider_album_match_score"":92.85714285714286,""relevance_score_100"":93.92857142857143,""popularity_score_100"":61.712115987978365,""score_100"":81.0419892523342,""popularity_basis"":""BeatHit master-list game rank plus track position proxy""}"
101,Myconid Life-Chanter,Unknown credited artist,[],Baldur's Gate 3 (baldurs-gate-3-windows-gamerip-2023),,,"[""video game soundtrack""]","[""und""]",,,,Baldur's Gate 3,,,khinsider_track_prominence_proxy,52.47211598797836,score_0_100,,,,80.98884639519135,,,,https://downloads.khinsider.com/game-soundtracks/album/baldurs-gate-3-windows-gamerip-2023,2026-10-05,Track title is taken from KHInsider's soundtrack/gamerip album index. Popularity is an explicitly labelled proxy based on BeatHit game rank and track prominence.,"{""culture_category"":""video_game_music"",""video_game"":""Baldur's Gate 3"",""game_rank"":138,""game_association_kind"":""khinsider_game_soundtrack"",""khinsider_album_url"":""https://downloads.khinsider.com/game-soundtracks/album/baldurs-gate-3-windows-gamerip-2023"",""khinsider_album_title"":""Baldur's Gate 3 (baldurs-gate-3-windows-gamerip-2023)"",""khinsider_album_kind"":""official_or_gamerip"",""khinsider_album_match_score"":100.0,""relevance_score_100"":100.0,""popularity_score_100"":52.47211598797836,""score_100"":80.98884639519135,""popularity_basis"":""BeatHit master-list game rank plus track position proxy""}"
102,City Gates,Unknown credited artist,[],Baldur's Gate II Soundtrack (baldurs-gate-ii-soundtrack-2010),,,"[""video game soundtrack""]","[""und""]",,,,Baldur's Gate 3,,,khinsider_track_prominence_proxy,61.50211598797836,score_0_100,,,,80.9579892523342,,,,https://downloads.khinsider.com/game-soundtracks/album/baldurs-gate-ii-soundtrack-2010,2026-10-05,Track title is taken from KHInsider's soundtrack/gamerip album index. Popularity is an explicitly labelled proxy based on BeatHit game rank and track prominence.,"{""culture_category"":""video_game_music"",""video_game"":""Baldur's Gate 3"",""game_rank"":138,""game_association_kind"":""khinsider_game_soundtrack"",""khinsider_album_url"":""https://downloads.khinsider.com/game-soundtracks/album/baldurs-gate-ii-soundtrack-2010"",""khinsider_album_title"":""Baldur's Gate II Soundtrack (baldurs-gate-ii-soundtrack-2010)"",""khinsider_album_kind"":""official_or_gamerip"",""khinsider_album_match_score"":92.85714285714286,""relevance_score_100"":93.92857142857143,""popularity_score_100"":61.50211598797836,""score_100"":80.9579892523342,""popularity_basis"":""BeatHit master-list game rank plus track position proxy""}"
103,Gorion's Battle,Unknown credited artist,[],Baldur's Gate: Enhanced Edition Official Soundtrack (baldurs-gate-enhanced-edition-official-soundtrack-2016),,,"[""video game soundtrack""]","[""und""]",,,,Baldur's Gate 3,,,khinsider_track_prominence_proxy,61.50211598797836,score_0_100,,,,80.9579892523342,,,,https://downloads.khinsider.com/game-soundtracks/album/baldurs-gate-enhanced-edition-official-soundtrack-2016,2026-10-05,Track title is taken from KHInsider's soundtrack/gamerip album index. Popularity is an explicitly labelled proxy based on BeatHit game rank and track prominence.,"{""culture_category"":""video_game_music"",""video_game"":""Baldur's Gate 3"",""game_rank"":138,""game_association_kind"":""khinsider_game_soundtrack"",""khinsider_album_url"":""https://downloads.khinsider.com/game-soundtracks/album/baldurs-gate-enhanced-edition-official-soundtrack-2016"",""khinsider_album_title"":""Baldur's Gate: Enhanced Edition Official Soundtrack (baldurs-gate-enhanced-edition-official-soundtrack-2016)"",""khinsider_album_kind"":""official_or_gamerip"",""khinsider_album_match_score"":92.85714285714286,""relevance_score_100"":93.92857142857143,""popularity_score_100"":61.50211598797836,""score_100"":80.9579892523342,""popularity_basis"":""BeatHit master-list game rank plus track position proxy""}"
104,Danger in the Wild,Unknown credited artist,[],Baldur's Gate: Enhanced Edition Siege of Dragonspear Official Soundtrack (baldurs-gate-enhanced-edition-siege-of-dragonspear-official-soundtrack-2016),,,"[""video game soundtrack""]","[""und""]",,,,Baldur's Gate 3,,,khinsider_track_prominence_proxy,61.50211598797836,score_0_100,,,,80.9579892523342,,,,https://downloads.khinsider.com/game-soundtracks/album/baldurs-gate-enhanced-edition-siege-of-dragonspear-official-soundtrack-2016,2026-10-05,Track title is taken from KHInsider's soundtrack/gamerip album index. Popularity is an explicitly labelled proxy based on BeatHit game rank and track prominence.,"{""culture_category"":""video_game_music"",""video_game"":""Baldur's Gate 3"",""game_rank"":138,""game_association_kind"":""khinsider_game_soundtrack"",""khinsider_album_url"":""https://downloads.khinsider.com/game-soundtracks/album/baldurs-gate-enhanced-edition-siege-of-dragonspear-official-soundtrack-2016"",""khinsider_album_title"":""Baldur's Gate: Enhanced Edition Siege of Dragonspear Official Soundtrack (baldurs-gate-enhanced-edition-siege-of-dragonspear-official-soundtrack-2016)"",""khinsider_album_kind"":""official_or_gamerip"",""khinsider_album_match_score"":92.85714285714286,""relevance_score_100"":93.92857142857143,""popularity_score_100"":61.50211598797836,""score_100"":80.9579892523342,""popularity_basis"":""BeatHit master-list game rank plus track position proxy""}"
105,125378142,Unknown credited artist,[],Baldur's Gate 3 (baldurs-gate-3-windows-gamerip-2023),,,"[""video game soundtrack""]","[""und""]",,,,Baldur's Gate 3,,,khinsider_track_prominence_proxy,52.26211598797836,score_0_100,,,,80.90484639519134,,,,https://downloads.khinsider.com/game-soundtracks/album/baldurs-gate-3-windows-gamerip-2023,2026-10-05,Track title is taken from KHInsider's soundtrack/gamerip album index. Popularity is an explicitly labelled proxy based on BeatHit game rank and track prominence.,"{""culture_category"":""video_game_music"",""video_game"":""Baldur's Gate 3"",""game_rank"":138,""game_association_kind"":""khinsider_game_soundtrack"",""khinsider_album_url"":""https://downloads.khinsider.com/game-soundtracks/album/baldurs-gate-3-windows-gamerip-2023"",""khinsider_album_title"":""Baldur's Gate 3 (baldurs-gate-3-windows-gamerip-2023)"",""khinsider_album_kind"":""official_or_gamerip"",""khinsider_album_match_score"":100.0,""relevance_score_100"":100.0,""popularity_score_100"":52.26211598797836,""score_100"":80.90484639519134,""popularity_basis"":""BeatHit master-list game rank plus track position proxy""}"
106,Trademeet,Unknown credited artist,[],Baldur's Gate II Soundtrack (baldurs-gate-ii-soundtrack-2010),,,"[""video game soundtrack""]","[""und""]",,,,Baldur's Gate 3,,,khinsider_track_prominence_proxy,61.29211598797836,score_0_100,,,,80.8739892523342,,,,https://downloads.khinsider.com/game-soundtracks/album/baldurs-gate-ii-soundtrack-2010,2026-10-05,Track title is taken from KHInsider's soundtrack/gamerip album index. Popularity is an explicitly labelled proxy based on BeatHit game rank and track prominence.,"{""culture_category"":""video_game_music"",""video_game"":""Baldur's Gate 3"",""game_rank"":138,""game_association_kind"":""khinsider_game_soundtrack"",""khinsider_album_url"":""https://downloads.khinsider.com/game-soundtracks/album/baldurs-gate-ii-soundtrack-2010"",""khinsider_album_title"":""Baldur's Gate II Soundtrack (baldurs-gate-ii-soundtrack-2010)"",""khinsider_album_kind"":""official_or_gamerip"",""khinsider_album_match_score"":92.85714285714286,""relevance_score_100"":93.92857142857143,""popularity_score_100"":61.29211598797836,""score_100"":80.8739892523342,""popularity_basis"":""BeatHit master-list game rank plus track position proxy""}"
107,Exploring the Plains,Unknown credited artist,[],Baldur's Gate: Enhanced Edition Official Soundtrack (baldurs-gate-enhanced-edition-official-soundtrack-2016),,,"[""video game soundtrack""]","[""und""]",,,,Baldur's Gate 3,,,khinsider_track_prominence_proxy,61.29211598797836,score_0_100,,,,80.8739892523342,,,,https://downloads.khinsider.com/game-soundtracks/album/baldurs-gate-enhanced-edition-official-soundtrack-2016,2026-10-05,Track title is taken from KHInsider's soundtrack/gamerip album index. Popularity is an explicitly labelled proxy based on BeatHit game rank and track prominence.,"{""culture_category"":""video_game_music"",""video_game"":""Baldur's Gate 3"",""game_rank"":138,""game_association_kind"":""khinsider_game_soundtrack"",""khinsider_album_url"":""https://downloads.khinsider.com/game-soundtracks/album/baldurs-gate-enhanced-edition-official-soundtrack-2016"",""khinsider_album_title"":""Baldur's Gate: Enhanced Edition Official Soundtrack (baldurs-gate-enhanced-edition-official-soundtrack-2016)"",""khinsider_album_kind"":""official_or_gamerip"",""khinsider_album_match_score"":92.85714285714286,""relevance_score_100"":93.92857142857143,""popularity_score_100"":61.29211598797836,""score_100"":80.8739892523342,""popularity_basis"":""BeatHit master-list game rank plus track position proxy""}"
108,Here Fell the Lord of Murder,Unknown credited artist,[],Baldur's Gate: Enhanced Edition Siege of Dragonspear Official Soundtrack (baldurs-gate-enhanced-edition-siege-of-dragonspear-official-soundtrack-2016),,,"[""video game soundtrack""]","[""und""]",,,,Baldur's Gate 3,,,khinsider_track_prominence_proxy,61.29211598797836,score_0_100,,,,80.8739892523342,,,,https://downloads.khinsider.com/game-soundtracks/album/baldurs-gate-enhanced-edition-siege-of-dragonspear-official-soundtrack-2016,2026-10-05,Track title is taken from KHInsider's soundtrack/gamerip album index. Popularity is an explicitly labelled proxy based on BeatHit game rank and track prominence.,"{""culture_category"":""video_game_music"",""video_game"":""Baldur's Gate 3"",""game_rank"":138,""game_association_kind"":""khinsider_game_soundtrack"",""khinsider_album_url"":""https://downloads.khinsider.com/game-soundtracks/album/baldurs-gate-enhanced-edition-siege-of-dragonspear-official-soundtrack-2016"",""khinsider_album_title"":""Baldur's Gate: Enhanced Edition Siege of Dragonspear Official Soundtrack (baldurs-gate-enhanced-edition-siege-of-dragonspear-official-soundtrack-2016)"",""khinsider_album_kind"":""official_or_gamerip"",""khinsider_album_match_score"":92.85714285714286,""relevance_score_100"":93.92857142857143,""popularity_score_100"":61.29211598797836,""score_100"":80.8739892523342,""popularity_basis"":""BeatHit master-list game rank plus track position proxy""}"
109,Shadow's Gaze,Unknown credited artist,[],Baldur's Gate 3 (baldurs-gate-3-windows-gamerip-2023),,,"[""video game soundtrack""]","[""und""]",,,,Baldur's Gate 3,,,khinsider_track_prominence_proxy,52.05211598797836,score_0_100,,,,80.82084639519135,,,,https://downloads.khinsider.com/game-soundtracks/album/baldurs-gate-3-windows-gamerip-2023,2026-10-05,Track title is taken from KHInsider's soundtrack/gamerip album index. Popularity is an explicitly labelled proxy based on BeatHit game rank and track prominence.,"{""culture_category"":""video_game_music"",""video_game"":""Baldur's Gate 3"",""game_rank"":138,""game_association_kind"":""khinsider_game_soundtrack"",""khinsider_album_url"":""https://downloads.khinsider.com/game-soundtracks/album/baldurs-gate-3-windows-gamerip-2023"",""khinsider_album_title"":""Baldur's Gate 3 (baldurs-gate-3-windows-gamerip-2023)"",""khinsider_album_kind"":""official_or_gamerip"",""khinsider_album_match_score"":100.0,""relevance_score_100"":100.0,""popularity_score_100"":52.05211598797836,""score_100"":80.82084639519135,""popularity_basis"":""BeatHit master-list game rank plus track position proxy""}"
110,Waukeen's Promenade,Unknown credited artist,[],Baldur's Gate II Soundtrack (baldurs-gate-ii-soundtrack-2010),,,"[""video game soundtrack""]","[""und""]",,,,Baldur's Gate 3,,,khinsider_track_prominence_proxy,61.082115987978355,score_0_100,,,,80.7899892523342,,,,https://downloads.khinsider.com/game-soundtracks/album/baldurs-gate-ii-soundtrack-2010,2026-10-05,Track title is taken from KHInsider's soundtrack/gamerip album index. Popularity is an explicitly labelled proxy based on BeatHit game rank and track prominence.,"{""culture_category"":""video_game_music"",""video_game"":""Baldur's Gate 3"",""game_rank"":138,""game_association_kind"":""khinsider_game_soundtrack"",""khinsider_album_url"":""https://downloads.khinsider.com/game-soundtracks/album/baldurs-gate-ii-soundtrack-2010"",""khinsider_album_title"":""Baldur's Gate II Soundtrack (baldurs-gate-ii-soundtrack-2010)"",""khinsider_album_kind"":""official_or_gamerip"",""khinsider_album_match_score"":92.85714285714286,""relevance_score_100"":93.92857142857143,""popularity_score_100"":61.082115987978355,""score_100"":80.7899892523342,""popularity_basis"":""BeatHit master-list game rank plus track position proxy""}"
111,Hobgoblins and Worgs,Unknown credited artist,[],Baldur's Gate: Enhanced Edition Official Soundtrack (baldurs-gate-enhanced-edition-official-soundtrack-2016),,,"[""video game soundtrack""]","[""und""]",,,,Baldur's Gate 3,,,khinsider_track_prominence_proxy,61.082115987978355,score_0_100,,,,80.7899892523342,,,,https://downloads.khinsider.com/game-soundtracks/album/baldurs-gate-enhanced-edition-official-soundtrack-2016,2026-10-05,Track title is taken from KHInsider's soundtrack/gamerip album index. Popularity is an explicitly labelled proxy based on BeatHit game rank and track prominence.,"{""culture_category"":""video_game_music"",""video_game"":""Baldur's Gate 3"",""game_rank"":138,""game_association_kind"":""khinsider_game_soundtrack"",""khinsider_album_url"":""https://downloads.khinsider.com/game-soundtracks/album/baldurs-gate-enhanced-edition-official-soundtrack-2016"",""khinsider_album_title"":""Baldur's Gate: Enhanced Edition Official Soundtrack (baldurs-gate-enhanced-edition-official-soundtrack-2016)"",""khinsider_album_kind"":""official_or_gamerip"",""khinsider_album_match_score"":92.85714285714286,""relevance_score_100"":93.92857142857143,""popularity_score_100"":61.082115987978355,""score_100"":80.7899892523342,""popularity_basis"":""BeatHit master-list game rank plus track position proxy""}"
112,The Battle for Bridgefort,Unknown credited artist,[],Baldur's Gate: Enhanced Edition Siege of Dragonspear Official Soundtrack (baldurs-gate-enhanced-edition-siege-of-dragonspear-official-soundtrack-2016),,,"[""video game soundtrack""]","[""und""]",,,,Baldur's Gate 3,,,khinsider_track_prominence_proxy,61.082115987978355,score_0_100,,,,80.7899892523342,,,,https://downloads.khinsider.com/game-soundtracks/album/baldurs-gate-enhanced-edition-siege-of-dragonspear-official-soundtrack-2016,2026-10-05,Track title is taken from KHInsider's soundtrack/gamerip album index. Popularity is an explicitly labelled proxy based on BeatHit game rank and track prominence.,"{""culture_category"":""video_game_music"",""video_game"":""Baldur's Gate 3"",""game_rank"":138,""game_association_kind"":""khinsider_game_soundtrack"",""khinsider_album_url"":""https://downloads.khinsider.com/game-soundtracks/album/baldurs-gate-enhanced-edition-siege-of-dragonspear-official-soundtrack-2016"",""khinsider_album_title"":""Baldur's Gate: Enhanced Edition Siege of Dragonspear Official Soundtrack (baldurs-gate-enhanced-edition-siege-of-dragonspear-official-soundtrack-2016)"",""khinsider_album_kind"":""official_or_gamerip"",""khinsider_album_match_score"":92.85714285714286,""relevance_score_100"":93.92857142857143,""popularity_score_100"":61.082115987978355,""score_100"":80.7899892523342,""popularity_basis"":""BeatHit master-list game rank plus track position proxy""}"
113,House of Healing,Unknown credited artist,[],Baldur's Gate 3 (baldurs-gate-3-windows-gamerip-2023),,,"[""video game soundtrack""]","[""und""]",,,,Baldur's Gate 3,,,khinsider_track_prominence_proxy,51.84211598797836,score_0_100,,,,80.73684639519135,,,,https://downloads.khinsider.com/game-soundtracks/album/baldurs-gate-3-windows-gamerip-2023,2026-10-05,Track title is taken from KHInsider's soundtrack/gamerip album index. Popularity is an explicitly labelled proxy based on BeatHit game rank and track prominence.,"{""culture_category"":""video_game_music"",""video_game"":""Baldur's Gate 3"",""game_rank"":138,""game_association_kind"":""khinsider_game_soundtrack"",""khinsider_album_url"":""https://downloads.khinsider.com/game-soundtracks/album/baldurs-gate-3-windows-gamerip-2023"",""khinsider_album_title"":""Baldur's Gate 3 (baldurs-gate-3-windows-gamerip-2023)"",""khinsider_album_kind"":""official_or_gamerip"",""khinsider_album_match_score"":100.0,""relevance_score_100"":100.0,""popularity_score_100"":51.84211598797836,""score_100"":80.73684639519135,""popularity_basis"":""BeatHit master-list game rank plus track position proxy""}"
114,The Pirate's Isle,Unknown credited artist,[],Baldur's Gate II Soundtrack (baldurs-gate-ii-soundtrack-2010),,,"[""video game soundtrack""]","[""und""]",,,,Baldur's Gate 3,,,khinsider_track_prominence_proxy,60.87211598797836,score_0_100,,,,80.7059892523342,,,,https://downloads.khinsider.com/game-soundtracks/album/baldurs-gate-ii-soundtrack-2010,2026-10-05,Track title is taken from KHInsider's soundtrack/gamerip album index. Popularity is an explicitly labelled proxy based on BeatHit game rank and track prominence.,"{""culture_category"":""video_game_music"",""video_game"":""Baldur's Gate 3"",""game_rank"":138,""game_association_kind"":""khinsider_game_soundtrack"",""khinsider_album_url"":""https://downloads.khinsider.com/game-soundtracks/album/baldurs-gate-ii-soundtrack-2010"",""khinsider_album_title"":""Baldur's Gate II Soundtrack (baldurs-gate-ii-soundtrack-2010)"",""khinsider_album_kind"":""official_or_gamerip"",""khinsider_album_match_score"":92.85714285714286,""relevance_score_100"":93.92857142857143,""popularity_score_100"":60.87211598797836,""score_100"":80.7059892523342,""popularity_basis"":""BeatHit master-list game rank plus track position proxy""}"
115,The Pirate Isle,Unknown credited artist,[],Baldur's Gate II: Enhanced Edition Official Soundtrack (baldurs-gate-ii-enhanced-edition-official-soundtrack-2016),,,"[""video game soundtrack""]","[""und""]",,,,Baldur's Gate 3,,,khinsider_track_prominence_proxy,60.87211598797836,score_0_100,,,,80.7059892523342,,,,https://downloads.khinsider.com/game-soundtracks/album/baldurs-gate-ii-enhanced-edition-official-soundtrack-2016,2026-10-05,Track title is taken from KHInsider's soundtrack/gamerip album index. Popularity is an explicitly labelled proxy based on BeatHit game rank and track prominence.,"{""culture_category"":""video_game_music"",""video_game"":""Baldur's Gate 3"",""game_rank"":138,""game_association_kind"":""khinsider_game_soundtrack"",""khinsider_album_url"":""https://downloads.khinsider.com/game-soundtracks/album/baldurs-gate-ii-enhanced-edition-official-soundtrack-2016"",""khinsider_album_title"":""Baldur's Gate II: Enhanced Edition Official Soundtrack (baldurs-gate-ii-enhanced-edition-official-soundtrack-2016)"",""khinsider_album_kind"":""official_or_gamerip"",""khinsider_album_match_score"":92.85714285714286,""relevance_score_100"":93.92857142857143,""popularity_score_100"":60.87211598797836,""score_100"":80.7059892523342,""popularity_basis"":""BeatHit master-list game rank plus track position proxy""}"
116,Night on the Plains,Unknown credited artist,[],Baldur's Gate: Enhanced Edition Official Soundtrack (baldurs-gate-enhanced-edition-official-soundtrack-2016),,,"[""video game soundtrack""]","[""und""]",,,,Baldur's Gate 3,,,khinsider_track_prominence_proxy,60.87211598797836,score_0_100,,,,80.7059892523342,,,,https://downloads.khinsider.com/game-soundtracks/album/baldurs-gate-enhanced-edition-official-soundtrack-2016,2026-10-05,Track title is taken from KHInsider's soundtrack/gamerip album index. Popularity is an explicitly labelled proxy based on BeatHit game rank and track prominence.,"{""culture_category"":""video_game_music"",""video_game"":""Baldur's Gate 3"",""game_rank"":138,""game_association_kind"":""khinsider_game_soundtrack"",""khinsider_album_url"":""https://downloads.khinsider.com/game-soundtracks/album/baldurs-gate-enhanced-edition-official-soundtrack-2016"",""khinsider_album_title"":""Baldur's Gate: Enhanced Edition Official Soundtrack (baldurs-gate-enhanced-edition-official-soundtrack-2016)"",""khinsider_album_kind"":""official_or_gamerip"",""khinsider_album_match_score"":92.85714285714286,""relevance_score_100"":93.92857142857143,""popularity_score_100"":60.87211598797836,""score_100"":80.7059892523342,""popularity_basis"":""BeatHit master-list game rank plus track position proxy""}"
117,The Death of Bhaal (Movie 2),Unknown credited artist,[],Baldur's Gate: Enhanced Edition Siege of Dragonspear Official Soundtrack (baldurs-gate-enhanced-edition-siege-of-dragonspear-official-soundtrack-2016),,,"[""video game soundtrack""]","[""und""]",,,,Baldur's Gate 3,,,khinsider_track_prominence_proxy,60.87211598797836,score_0_100,,,,80.7059892523342,,,,https://downloads.khinsider.com/game-soundtracks/album/baldurs-gate-enhanced-edition-siege-of-dragonspear-official-soundtrack-2016,2026-10-05,Track title is taken from KHInsider's soundtrack/gamerip album index. Popularity is an explicitly labelled proxy based on BeatHit game rank and track prominence.,"{""culture_category"":""video_game_music"",""video_game"":""Baldur's Gate 3"",""game_rank"":138,""game_association_kind"":""khinsider_game_soundtrack"",""khinsider_album_url"":""https://downloads.khinsider.com/game-soundtracks/album/baldurs-gate-enhanced-edition-siege-of-dragonspear-official-soundtrack-2016"",""khinsider_album_title"":""Baldur's Gate: Enhanced Edition Siege of Dragonspear Official Soundtrack (baldurs-gate-enhanced-edition-siege-of-dragonspear-official-soundtrack-2016)"",""khinsider_album_kind"":""official_or_gamerip"",""khinsider_album_match_score"":92.85714285714286,""relevance_score_100"":93.92857142857143,""popularity_score_100"":60.87211598797836,""score_100"":80.7059892523342,""popularity_basis"":""BeatHit master-list game rank plus track position proxy""}"
118,Crèche Y'llek,Unknown credited artist,[],Baldur's Gate 3 (baldurs-gate-3-windows-gamerip-2023),,,"[""video game soundtrack""]","[""und""]",,,,Baldur's Gate 3,,,khinsider_track_prominence_proxy,51.63211598797836,score_0_100,,,,80.65284639519135,,,,https://downloads.khinsider.com/game-soundtracks/album/baldurs-gate-3-windows-gamerip-2023,2026-10-05,Track title is taken from KHInsider's soundtrack/gamerip album index. Popularity is an explicitly labelled proxy based on BeatHit game rank and track prominence.,"{""culture_category"":""video_game_music"",""video_game"":""Baldur's Gate 3"",""game_rank"":138,""game_association_kind"":""khinsider_game_soundtrack"",""khinsider_album_url"":""https://downloads.khinsider.com/game-soundtracks/album/baldurs-gate-3-windows-gamerip-2023"",""khinsider_album_title"":""Baldur's Gate 3 (baldurs-gate-3-windows-gamerip-2023)"",""khinsider_album_kind"":""official_or_gamerip"",""khinsider_album_match_score"":100.0,""relevance_score_100"":100.0,""popularity_score_100"":51.63211598797836,""score_100"":80.65284639519135,""popularity_basis"":""BeatHit master-list game rank plus track position proxy""}"
119,Taverns,Unknown credited artist,[],Baldur's Gate II Soundtrack (baldurs-gate-ii-soundtrack-2010),,,"[""video game soundtrack""]","[""und""]",,,,Baldur's Gate 3,,,khinsider_track_prominence_proxy,60.66211598797836,score_0_100,,,,80.6219892523342,,,,https://downloads.khinsider.com/game-soundtracks/album/baldurs-gate-ii-soundtrack-2010,2026-10-05,Track title is taken from KHInsider's soundtrack/gamerip album index. Popularity is an explicitly labelled proxy based on BeatHit game rank and track prominence.,"{""culture_category"":""video_game_music"",""video_game"":""Baldur's Gate 3"",""game_rank"":138,""game_association_kind"":""khinsider_game_soundtrack"",""khinsider_album_url"":""https://downloads.khinsider.com/game-soundtracks/album/baldurs-gate-ii-soundtrack-2010"",""khinsider_album_title"":""Baldur's Gate II Soundtrack (baldurs-gate-ii-soundtrack-2010)"",""khinsider_album_kind"":""official_or_gamerip"",""khinsider_album_match_score"":92.85714285714286,""relevance_score_100"":93.92857142857143,""popularity_score_100"":60.66211598797836,""score_100"":80.6219892523342,""popularity_basis"":""BeatHit master-list game rank plus track position proxy""}"
120,The Gibberling Horde,Unknown credited artist,[],Baldur's Gate: Enhanced Edition Official Soundtrack (baldurs-gate-enhanced-edition-official-soundtrack-2016),,,"[""video game soundtrack""]","[""und""]",,,,Baldur's Gate 3,,,khinsider_track_prominence_proxy,60.66211598797836,score_0_100,,,,80.6219892523342,,,,https://downloads.khinsider.com/game-soundtracks/album/baldurs-gate-enhanced-edition-official-soundtrack-2016,2026-10-05,Track title is taken from KHInsider's soundtrack/gamerip album index. Popularity is an explicitly labelled proxy based on BeatHit game rank and track prominence.,"{""culture_category"":""video_game_music"",""video_game"":""Baldur's Gate 3"",""game_rank"":138,""game_association_kind"":""khinsider_game_soundtrack"",""khinsider_album_url"":""https://downloads.khinsider.com/game-soundtracks/album/baldurs-gate-enhanced-edition-official-soundtrack-2016"",""khinsider_album_title"":""Baldur's Gate: Enhanced Edition Official Soundtrack (baldurs-gate-enhanced-edition-official-soundtrack-2016)"",""khinsider_album_kind"":""official_or_gamerip"",""khinsider_album_match_score"":92.85714285714286,""relevance_score_100"":93.92857142857143,""popularity_score_100"":60.66211598797836,""score_100"":80.6219892523342,""popularity_basis"":""BeatHit master-list game rank plus track position proxy""}"
121,The Siege Camp,Unknown credited artist,[],Baldur's Gate: Enhanced Edition Siege of Dragonspear Official Soundtrack (baldurs-gate-enhanced-edition-siege-of-dragonspear-official-soundtrack-2016),,,"[""video game soundtrack""]","[""und""]",,,,Baldur's Gate 3,,,khinsider_track_prominence_proxy,60.66211598797836,score_0_100,,,,80.6219892523342,,,,https://downloads.khinsider.com/game-soundtracks/album/baldurs-gate-enhanced-edition-siege-of-dragonspear-official-soundtrack-2016,2026-10-05,Track title is taken from KHInsider's soundtrack/gamerip album index. Popularity is an explicitly labelled proxy based on BeatHit game rank and track prominence.,"{""culture_category"":""video_game_music"",""video_game"":""Baldur's Gate 3"",""game_rank"":138,""game_association_kind"":""khinsider_game_soundtrack"",""khinsider_album_url"":""https://downloads.khinsider.com/game-soundtracks/album/baldurs-gate-enhanced-edition-siege-of-dragonspear-official-soundtrack-2016"",""khinsider_album_title"":""Baldur's Gate: Enhanced Edition Siege of Dragonspear Official Soundtrack (baldurs-gate-enhanced-edition-siege-of-dragonspear-official-soundtrack-2016)"",""khinsider_album_kind"":""official_or_gamerip"",""khinsider_album_match_score"":92.85714285714286,""relevance_score_100"":93.92857142857143,""popularity_score_100"":60.66211598797836,""score_100"":80.6219892523342,""popularity_basis"":""BeatHit master-list game rank plus track position proxy""}"
122,I Want to Live (Orchestral Version),Unknown credited artist,[],Baldur's Gate 3 (baldurs-gate-3-windows-gamerip-2023),,,"[""video game soundtrack""]","[""und""]",,,,Baldur's Gate 3,,,khinsider_track_prominence_proxy,51.42211598797836,score_0_100,,,,80.56884639519134,,,,https://downloads.khinsider.com/game-soundtracks/album/baldurs-gate-3-windows-gamerip-2023,2026-10-05,Track title is taken from KHInsider's soundtrack/gamerip album index. Popularity is an explicitly labelled proxy based on BeatHit game rank and track prominence.,"{""culture_category"":""video_game_music"",""video_game"":""Baldur's Gate 3"",""game_rank"":138,""game_association_kind"":""khinsider_game_soundtrack"",""khinsider_album_url"":""https://downloads.khinsider.com/game-soundtracks/album/baldurs-gate-3-windows-gamerip-2023"",""khinsider_album_title"":""Baldur's Gate 3 (baldurs-gate-3-windows-gamerip-2023)"",""khinsider_album_kind"":""official_or_gamerip"",""khinsider_album_match_score"":100.0,""relevance_score_100"":100.0,""popularity_score_100"":51.42211598797836,""score_100"":80.56884639519134,""popularity_basis"":""BeatHit master-list game rank plus track position proxy""}"
123,The Domain of the Dragon,Unknown credited artist,[],Baldur's Gate II Soundtrack (baldurs-gate-ii-soundtrack-2010),,,"[""video game soundtrack""]","[""und""]",,,,Baldur's Gate 3,,,khinsider_track_prominence_proxy,60.45211598797836,score_0_100,,,,80.5379892523342,,,,https://downloads.khinsider.com/game-soundtracks/album/baldurs-gate-ii-soundtrack-2010,2026-10-05,Track title is taken from KHInsider's soundtrack/gamerip album index. Popularity is an explicitly labelled proxy based on BeatHit game rank and track prominence.,"{""culture_category"":""video_game_music"",""video_game"":""Baldur's Gate 3"",""game_rank"":138,""game_association_kind"":""khinsider_game_soundtrack"",""khinsider_album_url"":""https://downloads.khinsider.com/game-soundtracks/album/baldurs-gate-ii-soundtrack-2010"",""khinsider_album_title"":""Baldur's Gate II Soundtrack (baldurs-gate-ii-soundtrack-2010)"",""khinsider_album_kind"":""official_or_gamerip"",""khinsider_album_match_score"":92.85714285714286,""relevance_score_100"":93.92857142857143,""popularity_score_100"":60.45211598797836,""score_100"":80.5379892523342,""popularity_basis"":""BeatHit master-list game rank plus track position proxy""}"
124,Helm's Temple,Unknown credited artist,[],Baldur's Gate: Enhanced Edition Official Soundtrack (baldurs-gate-enhanced-edition-official-soundtrack-2016),,,"[""video game soundtrack""]","[""und""]",,,,Baldur's Gate 3,,,khinsider_track_prominence_proxy,60.45211598797836,score_0_100,,,,80.5379892523342,,,,https://downloads.khinsider.com/game-soundtracks/album/baldurs-gate-enhanced-edition-official-soundtrack-2016,2026-10-05,Track title is taken from KHInsider's soundtrack/gamerip album index. Popularity is an explicitly labelled proxy based on BeatHit game rank and track prominence.,"{""culture_category"":""video_game_music"",""video_game"":""Baldur's Gate 3"",""game_rank"":138,""game_association_kind"":""khinsider_game_soundtrack"",""khinsider_album_url"":""https://downloads.khinsider.com/game-soundtracks/album/baldurs-gate-enhanced-edition-official-soundtrack-2016"",""khinsider_album_title"":""Baldur's Gate: Enhanced Edition Official Soundtrack (baldurs-gate-enhanced-edition-official-soundtrack-2016)"",""khinsider_album_kind"":""official_or_gamerip"",""khinsider_album_match_score"":92.85714285714286,""relevance_score_100"":93.92857142857143,""popularity_score_100"":60.45211598797836,""score_100"":80.5379892523342,""popularity_basis"":""BeatHit master-list game rank plus track position proxy""}"
125,Dark Waters Flow,Unknown credited artist,[],Baldur's Gate: Enhanced Edition Siege of Dragonspear Official Soundtrack (baldurs-gate-enhanced-edition-siege-of-dragonspear-official-soundtrack-2016),,,"[""video game soundtrack""]","[""und""]",,,,Baldur's Gate 3,,,khinsider_track_prominence_proxy,60.45211598797836,score_0_100,,,,80.5379892523342,,,,https://downloads.khinsider.com/game-soundtracks/album/baldurs-gate-enhanced-edition-siege-of-dragonspear-official-soundtrack-2016,2026-10-05,Track title is taken from KHInsider's soundtrack/gamerip album index. Popularity is an explicitly labelled proxy based on BeatHit game rank and track prominence.,"{""culture_category"":""video_game_music"",""video_game"":""Baldur's Gate 3"",""game_rank"":138,""game_association_kind"":""khinsider_game_soundtrack"",""khinsider_album_url"":""https://downloads.khinsider.com/game-soundtracks/album/baldurs-gate-enhanced-edition-siege-of-dragonspear-official-soundtrack-2016"",""khinsider_album_title"":""Baldur's Gate: Enhanced Edition Siege of Dragonspear Official Soundtrack (baldurs-gate-enhanced-edition-siege-of-dragonspear-official-soundtrack-2016)"",""khinsider_album_kind"":""official_or_gamerip"",""khinsider_album_match_score"":92.85714285714286,""relevance_score_100"":93.92857142857143,""popularity_score_100"":60.45211598797836,""score_100"":80.5379892523342,""popularity_basis"":""BeatHit master-list game rank plus track position proxy""}"
126,The Hag's Kiss,Unknown credited artist,[],Baldur's Gate 3 (baldurs-gate-3-windows-gamerip-2023),,,"[""video game soundtrack""]","[""und""]",,,,Baldur's Gate 3,,,khinsider_track_prominence_proxy,51.212115987978365,score_0_100,,,,80.48484639519134,,,,https://downloads.khinsider.com/game-soundtracks/album/baldurs-gate-3-windows-gamerip-2023,2026-10-05,Track title is taken from KHInsider's soundtrack/gamerip album index. Popularity is an explicitly labelled proxy based on BeatHit game rank and track prominence.,"{""culture_category"":""video_game_music"",""video_game"":""Baldur's Gate 3"",""game_rank"":138,""game_association_kind"":""khinsider_game_soundtrack"",""khinsider_album_url"":""https://downloads.khinsider.com/game-soundtracks/album/baldurs-gate-3-windows-gamerip-2023"",""khinsider_album_title"":""Baldur's Gate 3 (baldurs-gate-3-windows-gamerip-2023)"",""khinsider_album_kind"":""official_or_gamerip"",""khinsider_album_match_score"":100.0,""relevance_score_100"":100.0,""popularity_score_100"":51.212115987978365,""score_100"":80.48484639519134,""popularity_basis"":""BeatHit master-list game rank plus track position proxy""}"
127,Jon Irenicas Encounter Theme,Unknown credited artist,[],Baldur's Gate II Soundtrack (baldurs-gate-ii-soundtrack-2010),,,"[""video game soundtrack""]","[""und""]",,,,Baldur's Gate 3,,,khinsider_track_prominence_proxy,60.24211598797836,score_0_100,,,,80.4539892523342,,,,https://downloads.khinsider.com/game-soundtracks/album/baldurs-gate-ii-soundtrack-2010,2026-10-05,Track title is taken from KHInsider's soundtrack/gamerip album index. Popularity is an explicitly labelled proxy based on BeatHit game rank and track prominence.,"{""culture_category"":""video_game_music"",""video_game"":""Baldur's Gate 3"",""game_rank"":138,""game_association_kind"":""khinsider_game_soundtrack"",""khinsider_album_url"":""https://downloads.khinsider.com/game-soundtracks/album/baldurs-gate-ii-soundtrack-2010"",""khinsider_album_title"":""Baldur's Gate II Soundtrack (baldurs-gate-ii-soundtrack-2010)"",""khinsider_album_kind"":""official_or_gamerip"",""khinsider_album_match_score"":92.85714285714286,""relevance_score_100"":93.92857142857143,""popularity_score_100"":60.24211598797836,""score_100"":80.4539892523342,""popularity_basis"":""BeatHit master-list game rank plus track position proxy""}"
128,Jon Irenicus Encounter Theme,Unknown credited artist,[],Baldur's Gate II: Enhanced Edition Official Soundtrack (baldurs-gate-ii-enhanced-edition-official-soundtrack-2016),,,"[""video game soundtrack""]","[""und""]",,,,Baldur's Gate 3,,,khinsider_track_prominence_proxy,60.24211598797836,score_0_100,,,,80.4539892523342,,,,https://downloads.khinsider.com/game-soundtracks/album/baldurs-gate-ii-enhanced-edition-official-soundtrack-2016,2026-10-05,Track title is taken from KHInsider's soundtrack/gamerip album index. Popularity is an explicitly labelled proxy based on BeatHit game rank and track prominence.,"{""culture_category"":""video_game_music"",""video_game"":""Baldur's Gate 3"",""game_rank"":138,""game_association_kind"":""khinsider_game_soundtrack"",""khinsider_album_url"":""https://downloads.khinsider.com/game-soundtracks/album/baldurs-gate-ii-enhanced-edition-official-soundtrack-2016"",""khinsider_album_title"":""Baldur's Gate II: Enhanced Edition Official Soundtrack (baldurs-gate-ii-enhanced-edition-official-soundtrack-2016)"",""khinsider_album_kind"":""official_or_gamerip"",""khinsider_album_match_score"":92.85714285714286,""relevance_score_100"":93.92857142857143,""popularity_score_100"":60.24211598797836,""score_100"":80.4539892523342,""popularity_basis"":""BeatHit master-list game rank plus track position proxy""}"
129,The Ruins of Ulcaster,Unknown credited artist,[],Baldur's Gate: Enhanced Edition Official Soundtrack (baldurs-gate-enhanced-edition-official-soundtrack-2016),,,"[""video game soundtrack""]","[""und""]",,,,Baldur's Gate 3,,,khinsider_track_prominence_proxy,60.24211598797836,score_0_100,,,,80.4539892523342,,,,https://downloads.khinsider.com/game-soundtracks/album/baldurs-gate-enhanced-edition-official-soundtrack-2016,2026-10-05,Track title is taken from KHInsider's soundtrack/gamerip album index. Popularity is an explicitly labelled proxy based on BeatHit game rank and track prominence.,"{""culture_category"":""video_game_music"",""video_game"":""Baldur's Gate 3"",""game_rank"":138,""game_association_kind"":""khinsider_game_soundtrack"",""khinsider_album_url"":""https://downloads.khinsider.com/game-soundtracks/album/baldurs-gate-enhanced-edition-official-soundtrack-2016"",""khinsider_album_title"":""Baldur's Gate: Enhanced Edition Official Soundtrack (baldurs-gate-enhanced-edition-official-soundtrack-2016)"",""khinsider_album_kind"":""official_or_gamerip"",""khinsider_album_match_score"":92.85714285714286,""relevance_score_100"":93.92857142857143,""popularity_score_100"":60.24211598797836,""score_100"":80.4539892523342,""popularity_basis"":""BeatHit master-list game rank plus track position proxy""}"
130,Assault on Dragonspear,Unknown credited artist,[],Baldur's Gate: Enhanced Edition Siege of Dragonspear Official Soundtrack (baldurs-gate-enhanced-edition-siege-of-dragonspear-official-soundtrack-2016),,,"[""video game soundtrack""]","[""und""]",,,,Baldur's Gate 3,,,khinsider_track_prominence_proxy,60.24211598797836,score_0_100,,,,80.4539892523342,,,,https://downloads.khinsider.com/game-soundtracks/album/baldurs-gate-enhanced-edition-siege-of-dragonspear-official-soundtrack-2016,2026-10-05,Track title is taken from KHInsider's soundtrack/gamerip album index. Popularity is an explicitly labelled proxy based on BeatHit game rank and track prominence.,"{""culture_category"":""video_game_music"",""video_game"":""Baldur's Gate 3"",""game_rank"":138,""game_association_kind"":""khinsider_game_soundtrack"",""khinsider_album_url"":""https://downloads.khinsider.com/game-soundtracks/album/baldurs-gate-enhanced-edition-siege-of-dragonspear-official-soundtrack-2016"",""khinsider_album_title"":""Baldur's Gate: Enhanced Edition Siege of Dragonspear Official Soundtrack (baldurs-gate-enhanced-edition-siege-of-dragonspear-official-soundtrack-2016)"",""khinsider_album_kind"":""official_or_gamerip"",""khinsider_album_match_score"":92.85714285714286,""relevance_score_100"":93.92857142857143,""popularity_score_100"":60.24211598797836,""score_100"":80.4539892523342,""popularity_basis"":""BeatHit master-list game rank plus track position proxy""}"
131,Myconid Colony,Unknown credited artist,[],Baldur's Gate 3 (baldurs-gate-3-windows-gamerip-2023),,,"[""video game soundtrack""]","[""und""]",,,,Baldur's Gate 3,,,khinsider_track_prominence_proxy,51.00211598797836,score_0_100,,,,80.40084639519134,,,,https://downloads.khinsider.com/game-soundtracks/album/baldurs-gate-3-windows-gamerip-2023,2026-10-05,Track title is taken from KHInsider's soundtrack/gamerip album index. Popularity is an explicitly labelled proxy based on BeatHit game rank and track prominence.,"{""culture_category"":""video_game_music"",""video_game"":""Baldur's Gate 3"",""game_rank"":138,""game_association_kind"":""khinsider_game_soundtrack"",""khinsider_album_url"":""https://downloads.khinsider.com/game-soundtracks/album/baldurs-gate-3-windows-gamerip-2023"",""khinsider_album_title"":""Baldur's Gate 3 (baldurs-gate-3-windows-gamerip-2023)"",""khinsider_album_kind"":""official_or_gamerip"",""khinsider_album_match_score"":100.0,""relevance_score_100"":100.0,""popularity_score_100"":51.00211598797836,""score_100"":80.40084639519134,""popularity_basis"":""BeatHit master-list game rank plus track position proxy""}"
132,The Slums,Unknown credited artist,[],Baldur's Gate II Soundtrack (baldurs-gate-ii-soundtrack-2010),,,"[""video game soundtrack""]","[""und""]",,,,Baldur's Gate 3,,,khinsider_track_prominence_proxy,60.03211598797836,score_0_100,,,,80.3699892523342,,,,https://downloads.khinsider.com/game-soundtracks/album/baldurs-gate-ii-soundtrack-2010,2026-10-05,Track title is taken from KHInsider's soundtrack/gamerip album index. Popularity is an explicitly labelled proxy based on BeatHit game rank and track prominence.,"{""culture_category"":""video_game_music"",""video_game"":""Baldur's Gate 3"",""game_rank"":138,""game_association_kind"":""khinsider_game_soundtrack"",""khinsider_album_url"":""https://downloads.khinsider.com/game-soundtracks/album/baldurs-gate-ii-soundtrack-2010"",""khinsider_album_title"":""Baldur's Gate II Soundtrack (baldurs-gate-ii-soundtrack-2010)"",""khinsider_album_kind"":""official_or_gamerip"",""khinsider_album_match_score"":92.85714285714286,""relevance_score_100"":93.92857142857143,""popularity_score_100"":60.03211598797836,""score_100"":80.3699892523342,""popularity_basis"":""BeatHit master-list game rank plus track position proxy""}"
133,Swords Against Darkness,Unknown credited artist,[],Baldur's Gate: Enhanced Edition Official Soundtrack (baldurs-gate-enhanced-edition-official-soundtrack-2016),,,"[""video game soundtrack""]","[""und""]",,,,Baldur's Gate 3,,,khinsider_track_prominence_proxy,60.03211598797836,score_0_100,,,,80.3699892523342,,,,https://downloads.khinsider.com/game-soundtracks/album/baldurs-gate-enhanced-edition-official-soundtrack-2016,2026-10-05,Track title is taken from KHInsider's soundtrack/gamerip album index. Popularity is an explicitly labelled proxy based on BeatHit game rank and track prominence.,"{""culture_category"":""video_game_music"",""video_game"":""Baldur's Gate 3"",""game_rank"":138,""game_association_kind"":""khinsider_game_soundtrack"",""khinsider_album_url"":""https://downloads.khinsider.com/game-soundtracks/album/baldurs-gate-enhanced-edition-official-soundtrack-2016"",""khinsider_album_title"":""Baldur's Gate: Enhanced Edition Official Soundtrack (baldurs-gate-enhanced-edition-official-soundtrack-2016)"",""khinsider_album_kind"":""official_or_gamerip"",""khinsider_album_match_score"":92.85714285714286,""relevance_score_100"":93.92857142857143,""popularity_score_100"":60.03211598797836,""score_100"":80.3699892523342,""popularity_basis"":""BeatHit master-list game rank plus track position proxy""}"
134,Descent into Peril,Unknown credited artist,[],Baldur's Gate: Enhanced Edition Siege of Dragonspear Official Soundtrack (baldurs-gate-enhanced-edition-siege-of-dragonspear-official-soundtrack-2016),,,"[""video game soundtrack""]","[""und""]",,,,Baldur's Gate 3,,,khinsider_track_prominence_proxy,60.03211598797836,score_0_100,,,,80.3699892523342,,,,https://downloads.khinsider.com/game-soundtracks/album/baldurs-gate-enhanced-edition-siege-of-dragonspear-official-soundtrack-2016,2026-10-05,Track title is taken from KHInsider's soundtrack/gamerip album index. Popularity is an explicitly labelled proxy based on BeatHit game rank and track prominence.,"{""culture_category"":""video_game_music"",""video_game"":""Baldur's Gate 3"",""game_rank"":138,""game_association_kind"":""khinsider_game_soundtrack"",""khinsider_album_url"":""https://downloads.khinsider.com/game-soundtracks/album/baldurs-gate-enhanced-edition-siege-of-dragonspear-official-soundtrack-2016"",""khinsider_album_title"":""Baldur's Gate: Enhanced Edition Siege of Dragonspear Official Soundtrack (baldurs-gate-enhanced-edition-siege-of-dragonspear-official-soundtrack-2016)"",""khinsider_album_kind"":""official_or_gamerip"",""khinsider_album_match_score"":92.85714285714286,""relevance_score_100"":93.92857142857143,""popularity_score_100"":60.03211598797836,""score_100"":80.3699892523342,""popularity_basis"":""BeatHit master-list game rank plus track position proxy""}"
135,Underdark & Moonrise Tower Camp,Unknown credited artist,[],Baldur's Gate 3 (baldurs-gate-3-windows-gamerip-2023),,,"[""video game soundtrack""]","[""und""]",,,,Baldur's Gate 3,,,khinsider_track_prominence_proxy,50.79211598797836,score_0_100,,,,80.31684639519135,,,,https://downloads.khinsider.com/game-soundtracks/album/baldurs-gate-3-windows-gamerip-2023,2026-10-05,Track title is taken from KHInsider's soundtrack/gamerip album index. Popularity is an explicitly labelled proxy based on BeatHit game rank and track prominence.,"{""culture_category"":""video_game_music"",""video_game"":""Baldur's Gate 3"",""game_rank"":138,""game_association_kind"":""khinsider_game_soundtrack"",""khinsider_album_url"":""https://downloads.khinsider.com/game-soundtracks/album/baldurs-gate-3-windows-gamerip-2023"",""khinsider_album_title"":""Baldur's Gate 3 (baldurs-gate-3-windows-gamerip-2023)"",""khinsider_album_kind"":""official_or_gamerip"",""khinsider_album_match_score"":100.0,""relevance_score_100"":100.0,""popularity_score_100"":50.79211598797836,""score_100"":80.31684639519135,""popularity_basis"":""BeatHit master-list game rank plus track position proxy""}"
136,Forest Battle I,Unknown credited artist,[],Baldur's Gate II Soundtrack (baldurs-gate-ii-soundtrack-2010),,,"[""video game soundtrack""]","[""und""]",,,,Baldur's Gate 3,,,khinsider_track_prominence_proxy,59.822115987978364,score_0_100,,,,80.2859892523342,,,,https://downloads.khinsider.com/game-soundtracks/album/baldurs-gate-ii-soundtrack-2010,2026-10-05,Track title is taken from KHInsider's soundtrack/gamerip album index. Popularity is an explicitly labelled proxy based on BeatHit game rank and track prominence.,"{""culture_category"":""video_game_music"",""video_game"":""Baldur's Gate 3"",""game_rank"":138,""game_association_kind"":""khinsider_game_soundtrack"",""khinsider_album_url"":""https://downloads.khinsider.com/game-soundtracks/album/baldurs-gate-ii-soundtrack-2010"",""khinsider_album_title"":""Baldur's Gate II Soundtrack (baldurs-gate-ii-soundtrack-2010)"",""khinsider_album_kind"":""official_or_gamerip"",""khinsider_album_match_score"":92.85714285714286,""relevance_score_100"":93.92857142857143,""popularity_score_100"":59.822115987978364,""score_100"":80.2859892523342,""popularity_basis"":""BeatHit master-list game rank plus track position proxy""}"
137,Forest Battle 1,Unknown credited artist,[],Baldur's Gate II: Enhanced Edition Official Soundtrack (baldurs-gate-ii-enhanced-edition-official-soundtrack-2016),,,"[""video game soundtrack""]","[""und""]",,,,Baldur's Gate 3,,,khinsider_track_prominence_proxy,59.822115987978364,score_0_100,,,,80.2859892523342,,,,https://downloads.khinsider.com/game-soundtracks/album/baldurs-gate-ii-enhanced-edition-official-soundtrack-2016,2026-10-05,Track title is taken from KHInsider's soundtrack/gamerip album index. Popularity is an explicitly labelled proxy based on BeatHit game rank and track prominence.,"{""culture_category"":""video_game_music"",""video_game"":""Baldur's Gate 3"",""game_rank"":138,""game_association_kind"":""khinsider_game_soundtrack"",""khinsider_album_url"":""https://downloads.khinsider.com/game-soundtracks/album/baldurs-gate-ii-enhanced-edition-official-soundtrack-2016"",""khinsider_album_title"":""Baldur's Gate II: Enhanced Edition Official Soundtrack (baldurs-gate-ii-enhanced-edition-official-soundtrack-2016)"",""khinsider_album_kind"":""official_or_gamerip"",""khinsider_album_match_score"":92.85714285714286,""relevance_score_100"":93.92857142857143,""popularity_score_100"":59.822115987978364,""score_100"":80.2859892523342,""popularity_basis"":""BeatHit master-list game rank plus track position proxy""}"
138,Safe in Beregost,Unknown credited artist,[],Baldur's Gate: Enhanced Edition Official Soundtrack (baldurs-gate-enhanced-edition-official-soundtrack-2016),,,"[""video game soundtrack""]","[""und""]",,,,Baldur's Gate 3,,,khinsider_track_prominence_proxy,59.822115987978364,score_0_100,,,,80.2859892523342,,,,https://downloads.khinsider.com/game-soundtracks/album/baldurs-gate-enhanced-edition-official-soundtrack-2016,2026-10-05,Track title is taken from KHInsider's soundtrack/gamerip album index. Popularity is an explicitly labelled proxy based on BeatHit game rank and track prominence.,"{""culture_category"":""video_game_music"",""video_game"":""Baldur's Gate 3"",""game_rank"":138,""game_association_kind"":""khinsider_game_soundtrack"",""khinsider_album_url"":""https://downloads.khinsider.com/game-soundtracks/album/baldurs-gate-enhanced-edition-official-soundtrack-2016"",""khinsider_album_title"":""Baldur's Gate: Enhanced Edition Official Soundtrack (baldurs-gate-enhanced-edition-official-soundtrack-2016)"",""khinsider_album_kind"":""official_or_gamerip"",""khinsider_album_match_score"":92.85714285714286,""relevance_score_100"":93.92857142857143,""popularity_score_100"":59.822115987978364,""score_100"":80.2859892523342,""popularity_basis"":""BeatHit master-list game rank plus track position proxy""}"
139,Castle Ruins,Unknown credited artist,[],Baldur's Gate: Enhanced Edition Siege of Dragonspear Official Soundtrack (baldurs-gate-enhanced-edition-siege-of-dragonspear-official-soundtrack-2016),,,"[""video game soundtrack""]","[""und""]",,,,Baldur's Gate 3,,,khinsider_track_prominence_proxy,59.822115987978364,score_0_100,,,,80.2859892523342,,,,https://downloads.khinsider.com/game-soundtracks/album/baldurs-gate-enhanced-edition-siege-of-dragonspear-official-soundtrack-2016,2026-10-05,Track title is taken from KHInsider's soundtrack/gamerip album index. Popularity is an explicitly labelled proxy based on BeatHit game rank and track prominence.,"{""culture_category"":""video_game_music"",""video_game"":""Baldur's Gate 3"",""game_rank"":138,""game_association_kind"":""khinsider_game_soundtrack"",""khinsider_album_url"":""https://downloads.khinsider.com/game-soundtracks/album/baldurs-gate-enhanced-edition-siege-of-dragonspear-official-soundtrack-2016"",""khinsider_album_title"":""Baldur's Gate: Enhanced Edition Siege of Dragonspear Official Soundtrack (baldurs-gate-enhanced-edition-siege-of-dragonspear-official-soundtrack-2016)"",""khinsider_album_kind"":""official_or_gamerip"",""khinsider_album_match_score"":92.85714285714286,""relevance_score_100"":93.92857142857143,""popularity_score_100"":59.822115987978364,""score_100"":80.2859892523342,""popularity_basis"":""BeatHit master-list game rank plus track position proxy""}"
140,Goblin Battle Theme (Ally Down Version),Unknown credited artist,[],Baldur's Gate 3 (baldurs-gate-3-windows-gamerip-2023),,,"[""video game soundtrack""]","[""und""]",,,,Baldur's Gate 3,,,khinsider_track_prominence_proxy,50.58211598797836,score_0_100,,,,80.23284639519134,,,,https://downloads.khinsider.com/game-soundtracks/album/baldurs-gate-3-windows-gamerip-2023,2026-10-05,Track title is taken from KHInsider's soundtrack/gamerip album index. Popularity is an explicitly labelled proxy based on BeatHit game rank and track prominence.,"{""culture_category"":""video_game_music"",""video_game"":""Baldur's Gate 3"",""game_rank"":138,""game_association_kind"":""khinsider_game_soundtrack"",""khinsider_album_url"":""https://downloads.khinsider.com/game-soundtracks/album/baldurs-gate-3-windows-gamerip-2023"",""khinsider_album_title"":""Baldur's Gate 3 (baldurs-gate-3-windows-gamerip-2023)"",""khinsider_album_kind"":""official_or_gamerip"",""khinsider_album_match_score"":100.0,""relevance_score_100"":100.0,""popularity_score_100"":50.58211598797836,""score_100"":80.23284639519134,""popularity_basis"":""BeatHit master-list game rank plus track position proxy""}"
141,Forest Battle II,Unknown credited artist,[],Baldur's Gate II Soundtrack (baldurs-gate-ii-soundtrack-2010),,,"[""video game soundtrack""]","[""und""]",,,,Baldur's Gate 3,,,khinsider_track_prominence_proxy,59.612115987978356,score_0_100,,,,80.2019892523342,,,,https://downloads.khinsider.com/game-soundtracks/album/baldurs-gate-ii-soundtrack-2010,2026-10-05,Track title is taken from KHInsider's soundtrack/gamerip album index. Popularity is an explicitly labelled proxy based on BeatHit game rank and track prominence.,"{""culture_category"":""video_game_music"",""video_game"":""Baldur's Gate 3"",""game_rank"":138,""game_association_kind"":""khinsider_game_soundtrack"",""khinsider_album_url"":""https://downloads.khinsider.com/game-soundtracks/album/baldurs-gate-ii-soundtrack-2010"",""khinsider_album_title"":""Baldur's Gate II Soundtrack (baldurs-gate-ii-soundtrack-2010)"",""khinsider_album_kind"":""official_or_gamerip"",""khinsider_album_match_score"":92.85714285714286,""relevance_score_100"":93.92857142857143,""popularity_score_100"":59.612115987978356,""score_100"":80.2019892523342,""popularity_basis"":""BeatHit master-list game rank plus track position proxy""}"
142,Forest Battle 2,Unknown credited artist,[],Baldur's Gate II: Enhanced Edition Official Soundtrack (baldurs-gate-ii-enhanced-edition-official-soundtrack-2016),,,"[""video game soundtrack""]","[""und""]",,,,Baldur's Gate 3,,,khinsider_track_prominence_proxy,59.612115987978356,score_0_100,,,,80.2019892523342,,,,https://downloads.khinsider.com/game-soundtracks/album/baldurs-gate-ii-enhanced-edition-official-soundtrack-2016,2026-10-05,Track title is taken from KHInsider's soundtrack/gamerip album index. Popularity is an explicitly labelled proxy based on BeatHit game rank and track prominence.,"{""culture_category"":""video_game_music"",""video_game"":""Baldur's Gate 3"",""game_rank"":138,""game_association_kind"":""khinsider_game_soundtrack"",""khinsider_album_url"":""https://downloads.khinsider.com/game-soundtracks/album/baldurs-gate-ii-enhanced-edition-official-soundtrack-2016"",""khinsider_album_title"":""Baldur's Gate II: Enhanced Edition Official Soundtrack (baldurs-gate-ii-enhanced-edition-official-soundtrack-2016)"",""khinsider_album_kind"":""official_or_gamerip"",""khinsider_album_match_score"":92.85714285714286,""relevance_score_100"":93.92857142857143,""popularity_score_100"":59.612115987978356,""score_100"":80.2019892523342,""popularity_basis"":""BeatHit master-list game rank plus track position proxy""}"
143,The Beregost Night,Unknown credited artist,[],Baldur's Gate: Enhanced Edition Official Soundtrack (baldurs-gate-enhanced-edition-official-soundtrack-2016),,,"[""video game soundtrack""]","[""und""]",,,,Baldur's Gate 3,,,khinsider_track_prominence_proxy,59.612115987978356,score_0_100,,,,80.2019892523342,,,,https://downloads.khinsider.com/game-soundtracks/album/baldurs-gate-enhanced-edition-official-soundtrack-2016,2026-10-05,Track title is taken from KHInsider's soundtrack/gamerip album index. Popularity is an explicitly labelled proxy based on BeatHit game rank and track prominence.,"{""culture_category"":""video_game_music"",""video_game"":""Baldur's Gate 3"",""game_rank"":138,""game_association_kind"":""khinsider_game_soundtrack"",""khinsider_album_url"":""https://downloads.khinsider.com/game-soundtracks/album/baldurs-gate-enhanced-edition-official-soundtrack-2016"",""khinsider_album_title"":""Baldur's Gate: Enhanced Edition Official Soundtrack (baldurs-gate-enhanced-edition-official-soundtrack-2016)"",""khinsider_album_kind"":""official_or_gamerip"",""khinsider_album_match_score"":92.85714285714286,""relevance_score_100"":93.92857142857143,""popularity_score_100"":59.612115987978356,""score_100"":80.2019892523342,""popularity_basis"":""BeatHit master-list game rank plus track position proxy""}"
144,Fighting the Crusade,Unknown credited artist,[],Baldur's Gate: Enhanced Edition Siege of Dragonspear Official Soundtrack (baldurs-gate-enhanced-edition-siege-of-dragonspear-official-soundtrack-2016),,,"[""video game soundtrack""]","[""und""]",,,,Baldur's Gate 3,,,khinsider_track_prominence_proxy,59.612115987978356,score_0_100,,,,80.2019892523342,,,,https://downloads.khinsider.com/game-soundtracks/album/baldurs-gate-enhanced-edition-siege-of-dragonspear-official-soundtrack-2016,2026-10-05,Track title is taken from KHInsider's soundtrack/gamerip album index. Popularity is an explicitly labelled proxy based on BeatHit game rank and track prominence.,"{""culture_category"":""video_game_music"",""video_game"":""Baldur's Gate 3"",""game_rank"":138,""game_association_kind"":""khinsider_game_soundtrack"",""khinsider_album_url"":""https://downloads.khinsider.com/game-soundtracks/album/baldurs-gate-enhanced-edition-siege-of-dragonspear-official-soundtrack-2016"",""khinsider_album_title"":""Baldur's Gate: Enhanced Edition Siege of Dragonspear Official Soundtrack (baldurs-gate-enhanced-edition-siege-of-dragonspear-official-soundtrack-2016)"",""khinsider_album_kind"":""official_or_gamerip"",""khinsider_album_match_score"":92.85714285714286,""relevance_score_100"":93.92857142857143,""popularity_score_100"":59.612115987978356,""score_100"":80.2019892523342,""popularity_basis"":""BeatHit master-list game rank plus track position proxy""}"
145,Moonlit Strife,Unknown credited artist,[],Baldur's Gate 3 (baldurs-gate-3-windows-gamerip-2023),,,"[""video game soundtrack""]","[""und""]",,,,Baldur's Gate 3,,,khinsider_track_prominence_proxy,50.37211598797836,score_0_100,,,,80.14884639519134,,,,https://downloads.khinsider.com/game-soundtracks/album/baldurs-gate-3-windows-gamerip-2023,2026-10-05,Track title is taken from KHInsider's soundtrack/gamerip album index. Popularity is an explicitly labelled proxy based on BeatHit game rank and track prominence.,"{""culture_category"":""video_game_music"",""video_game"":""Baldur's Gate 3"",""game_rank"":138,""game_association_kind"":""khinsider_game_soundtrack"",""khinsider_album_url"":""https://downloads.khinsider.com/game-soundtracks/album/baldurs-gate-3-windows-gamerip-2023"",""khinsider_album_title"":""Baldur's Gate 3 (baldurs-gate-3-windows-gamerip-2023)"",""khinsider_album_kind"":""official_or_gamerip"",""khinsider_album_match_score"":100.0,""relevance_score_100"":100.0,""popularity_score_100"":50.37211598797836,""score_100"":80.14884639519134,""popularity_basis"":""BeatHit master-list game rank plus track position proxy""}"
146,Plains Battle I,Unknown credited artist,[],Baldur's Gate II Soundtrack (baldurs-gate-ii-soundtrack-2010),,,"[""video game soundtrack""]","[""und""]",,,,Baldur's Gate 3,,,khinsider_track_prominence_proxy,59.40211598797836,score_0_100,,,,80.1179892523342,,,,https://downloads.khinsider.com/game-soundtracks/album/baldurs-gate-ii-soundtrack-2010,2026-10-05,Track title is taken from KHInsider's soundtrack/gamerip album index. Popularity is an explicitly labelled proxy based on BeatHit game rank and track prominence.,"{""culture_category"":""video_game_music"",""video_game"":""Baldur's Gate 3"",""game_rank"":138,""game_association_kind"":""khinsider_game_soundtrack"",""khinsider_album_url"":""https://downloads.khinsider.com/game-soundtracks/album/baldurs-gate-ii-soundtrack-2010"",""khinsider_album_title"":""Baldur's Gate II Soundtrack (baldurs-gate-ii-soundtrack-2010)"",""khinsider_album_kind"":""official_or_gamerip"",""khinsider_album_match_score"":92.85714285714286,""relevance_score_100"":93.92857142857143,""popularity_score_100"":59.40211598797836,""score_100"":80.1179892523342,""popularity_basis"":""BeatHit master-list game rank plus track position proxy""}"
147,Plains Battle 1,Unknown credited artist,[],Baldur's Gate II: Enhanced Edition Official Soundtrack (baldurs-gate-ii-enhanced-edition-official-soundtrack-2016),,,"[""video game soundtrack""]","[""und""]",,,,Baldur's Gate 3,,,khinsider_track_prominence_proxy,59.40211598797836,score_0_100,,,,80.1179892523342,,,,https://downloads.khinsider.com/game-soundtracks/album/baldurs-gate-ii-enhanced-edition-official-soundtrack-2016,2026-10-05,Track title is taken from KHInsider's soundtrack/gamerip album index. Popularity is an explicitly labelled proxy based on BeatHit game rank and track prominence.,"{""culture_category"":""video_game_music"",""video_game"":""Baldur's Gate 3"",""game_rank"":138,""game_association_kind"":""khinsider_game_soundtrack"",""khinsider_album_url"":""https://downloads.khinsider.com/game-soundtracks/album/baldurs-gate-ii-enhanced-edition-official-soundtrack-2016"",""khinsider_album_title"":""Baldur's Gate II: Enhanced Edition Official Soundtrack (baldurs-gate-ii-enhanced-edition-official-soundtrack-2016)"",""khinsider_album_kind"":""official_or_gamerip"",""khinsider_album_match_score"":92.85714285714286,""relevance_score_100"":93.92857142857143,""popularity_score_100"":59.40211598797836,""score_100"":80.1179892523342,""popularity_basis"":""BeatHit master-list game rank plus track position proxy""}"
148,Attacked by Bounty Hunters,Unknown credited artist,[],Baldur's Gate: Enhanced Edition Official Soundtrack (baldurs-gate-enhanced-edition-official-soundtrack-2016),,,"[""video game soundtrack""]","[""und""]",,,,Baldur's Gate 3,,,khinsider_track_prominence_proxy,59.40211598797836,score_0_100,,,,80.1179892523342,,,,https://downloads.khinsider.com/game-soundtracks/album/baldurs-gate-enhanced-edition-official-soundtrack-2016,2026-10-05,Track title is taken from KHInsider's soundtrack/gamerip album index. Popularity is an explicitly labelled proxy based on BeatHit game rank and track prominence.,"{""culture_category"":""video_game_music"",""video_game"":""Baldur's Gate 3"",""game_rank"":138,""game_association_kind"":""khinsider_game_soundtrack"",""khinsider_album_url"":""https://downloads.khinsider.com/game-soundtracks/album/baldurs-gate-enhanced-edition-official-soundtrack-2016"",""khinsider_album_title"":""Baldur's Gate: Enhanced Edition Official Soundtrack (baldurs-gate-enhanced-edition-official-soundtrack-2016)"",""khinsider_album_kind"":""official_or_gamerip"",""khinsider_album_match_score"":92.85714285714286,""relevance_score_100"":93.92857142857143,""popularity_score_100"":59.40211598797836,""score_100"":80.1179892523342,""popularity_basis"":""BeatHit master-list game rank plus track position proxy""}"
149,The Wastes of Avernus,Unknown credited artist,[],Baldur's Gate: Enhanced Edition Siege of Dragonspear Official Soundtrack (baldurs-gate-enhanced-edition-siege-of-dragonspear-official-soundtrack-2016),,,"[""video game soundtrack""]","[""und""]",,,,Baldur's Gate 3,,,khinsider_track_prominence_proxy,59.40211598797836,score_0_100,,,,80.1179892523342,,,,https://downloads.khinsider.com/game-soundtracks/album/baldurs-gate-enhanced-edition-siege-of-dragonspear-official-soundtrack-2016,2026-10-05,Track title is taken from KHInsider's soundtrack/gamerip album index. Popularity is an explicitly labelled proxy based on BeatHit game rank and track prominence.,"{""culture_category"":""video_game_music"",""video_game"":""Baldur's Gate 3"",""game_rank"":138,""game_association_kind"":""khinsider_game_soundtrack"",""khinsider_album_url"":""https://downloads.khinsider.com/game-soundtracks/album/baldurs-gate-enhanced-edition-siege-of-dragonspear-official-soundtrack-2016"",""khinsider_album_title"":""Baldur's Gate: Enhanced Edition Siege of Dragonspear Official Soundtrack (baldurs-gate-enhanced-edition-siege-of-dragonspear-official-soundtrack-2016)"",""khinsider_album_kind"":""official_or_gamerip"",""khinsider_album_match_score"":92.85714285714286,""relevance_score_100"":93.92857142857143,""popularity_score_100"":59.40211598797836,""score_100"":80.1179892523342,""popularity_basis"":""BeatHit master-list game rank plus track position proxy""}"
150,Death of the Netherbrain,Unknown credited artist,[],Baldur's Gate 3 (baldurs-gate-3-windows-gamerip-2023),,,"[""video game soundtrack""]","[""und""]",,,,Baldur's Gate 3,,,khinsider_track_prominence_proxy,50.16211598797836,score_0_100,,,,80.06484639519135,,,,https://downloads.khinsider.com/game-soundtracks/album/baldurs-gate-3-windows-gamerip-2023,2026-10-05,Track title is taken from KHInsider's soundtrack/gamerip album index. Popularity is an explicitly labelled proxy based on BeatHit game rank and track prominence.,"{""culture_category"":""video_game_music"",""video_game"":""Baldur's Gate 3"",""game_rank"":138,""game_association_kind"":""khinsider_game_soundtrack"",""khinsider_album_url"":""https://downloads.khinsider.com/game-soundtracks/album/baldurs-gate-3-windows-gamerip-2023"",""khinsider_album_title"":""Baldur's Gate 3 (baldurs-gate-3-windows-gamerip-2023)"",""khinsider_album_kind"":""official_or_gamerip"",""khinsider_album_match_score"":100.0,""relevance_score_100"":100.0,""popularity_score_100"":50.16211598797836,""score_100"":80.06484639519135,""popularity_basis"":""BeatHit master-list game rank plus track position proxy""}"
151,Plains Battle II,Unknown credited artist,[],Baldur's Gate II Soundtrack (baldurs-gate-ii-soundtrack-2010),,,"[""video game soundtrack""]","[""und""]",,,,Baldur's Gate 3,,,khinsider_track_prominence_proxy,59.192115987978354,score_0_100,,,,80.0339892523342,,,,https://downloads.khinsider.com/game-soundtracks/album/baldurs-gate-ii-soundtrack-2010,2026-10-05,Track title is taken from KHInsider's soundtrack/gamerip album index. Popularity is an explicitly labelled proxy based on BeatHit game rank and track prominence.,"{""culture_category"":""video_game_music"",""video_game"":""Baldur's Gate 3"",""game_rank"":138,""game_association_kind"":""khinsider_game_soundtrack"",""khinsider_album_url"":""https://downloads.khinsider.com/game-soundtracks/album/baldurs-gate-ii-soundtrack-2010"",""khinsider_album_title"":""Baldur's Gate II Soundtrack (baldurs-gate-ii-soundtrack-2010)"",""khinsider_album_kind"":""official_or_gamerip"",""khinsider_album_match_score"":92.85714285714286,""relevance_score_100"":93.92857142857143,""popularity_score_100"":59.192115987978354,""score_100"":80.0339892523342,""popularity_basis"":""BeatHit master-list game rank plus track position proxy""}"
152,Plains Battle 2,Unknown credited artist,[],Baldur's Gate II: Enhanced Edition Official Soundtrack (baldurs-gate-ii-enhanced-edition-official-soundtrack-2016),,,"[""video game soundtrack""]","[""und""]",,,,Baldur's Gate 3,,,khinsider_track_prominence_proxy,59.192115987978354,score_0_100,,,,80.0339892523342,,,,https://downloads.khinsider.com/game-soundtracks/album/baldurs-gate-ii-enhanced-edition-official-soundtrack-2016,2026-10-05,Track title is taken from KHInsider's soundtrack/gamerip album index. Popularity is an explicitly labelled proxy based on BeatHit game rank and track prominence.,"{""culture_category"":""video_game_music"",""video_game"":""Baldur's Gate 3"",""game_rank"":138,""game_association_kind"":""khinsider_game_soundtrack"",""khinsider_album_url"":""https://downloads.khinsider.com/game-soundtracks/album/baldurs-gate-ii-enhanced-edition-official-soundtrack-2016"",""khinsider_album_title"":""Baldur's Gate II: Enhanced Edition Official Soundtrack (baldurs-gate-ii-enhanced-edition-official-soundtrack-2016)"",""khinsider_album_kind"":""official_or_gamerip"",""khinsider_album_match_score"":92.85714285714286,""relevance_score_100"":93.92857142857143,""popularity_score_100"":59.192115987978354,""score_100"":80.0339892523342,""popularity_basis"":""BeatHit master-list game rank plus track position proxy""}"
153,Cloakwood Forest,Unknown credited artist,[],Baldur's Gate: Enhanced Edition Official Soundtrack (baldurs-gate-enhanced-edition-official-soundtrack-2016),,,"[""video game soundtrack""]","[""und""]",,,,Baldur's Gate 3,,,khinsider_track_prominence_proxy,59.192115987978354,score_0_100,,,,80.0339892523342,,,,https://downloads.khinsider.com/game-soundtracks/album/baldurs-gate-enhanced-edition-official-soundtrack-2016,2026-10-05,Track title is taken from KHInsider's soundtrack/gamerip album index. Popularity is an explicitly labelled proxy based on BeatHit game rank and track prominence.,"{""culture_category"":""video_game_music"",""video_game"":""Baldur's Gate 3"",""game_rank"":138,""game_association_kind"":""khinsider_game_soundtrack"",""khinsider_album_url"":""https://downloads.khinsider.com/game-soundtracks/album/baldurs-gate-enhanced-edition-official-soundtrack-2016"",""khinsider_album_title"":""Baldur's Gate: Enhanced Edition Official Soundtrack (baldurs-gate-enhanced-edition-official-soundtrack-2016)"",""khinsider_album_kind"":""official_or_gamerip"",""khinsider_album_match_score"":92.85714285714286,""relevance_score_100"":93.92857142857143,""popularity_score_100"":59.192115987978354,""score_100"":80.0339892523342,""popularity_basis"":""BeatHit master-list game rank plus track position proxy""}"
154,The Devil's Fury,Unknown credited artist,[],Baldur's Gate: Enhanced Edition Siege of Dragonspear Official Soundtrack (baldurs-gate-enhanced-edition-siege-of-dragonspear-official-soundtrack-2016),,,"[""video game soundtrack""]","[""und""]",,,,Baldur's Gate 3,,,khinsider_track_prominence_proxy,59.192115987978354,score_0_100,,,,80.0339892523342,,,,https://downloads.khinsider.com/game-soundtracks/album/baldurs-gate-enhanced-edition-siege-of-dragonspear-official-soundtrack-2016,2026-10-05,Track title is taken from KHInsider's soundtrack/gamerip album index. Popularity is an explicitly labelled proxy based on BeatHit game rank and track prominence.,"{""culture_category"":""video_game_music"",""video_game"":""Baldur's Gate 3"",""game_rank"":138,""game_association_kind"":""khinsider_game_soundtrack"",""khinsider_album_url"":""https://downloads.khinsider.com/game-soundtracks/album/baldurs-gate-enhanced-edition-siege-of-dragonspear-official-soundtrack-2016"",""khinsider_album_title"":""Baldur's Gate: Enhanced Edition Siege of Dragonspear Official Soundtrack (baldurs-gate-enhanced-edition-siege-of-dragonspear-official-soundtrack-2016)"",""khinsider_album_kind"":""official_or_gamerip"",""khinsider_album_match_score"":92.85714285714286,""relevance_score_100"":93.92857142857143,""popularity_score_100"":59.192115987978354,""score_100"":80.0339892523342,""popularity_basis"":""BeatHit master-list game rank plus track position proxy""}"
155,163305701,Unknown credited artist,[],Baldur's Gate 3 (baldurs-gate-3-windows-gamerip-2023),,,"[""video game soundtrack""]","[""und""]",,,,Baldur's Gate 3,,,khinsider_track_prominence_proxy,49.95211598797836,score_0_100,,,,79.98084639519135,,,,https://downloads.khinsider.com/game-soundtracks/album/baldurs-gate-3-windows-gamerip-2023,2026-10-05,Track title is taken from KHInsider's soundtrack/gamerip album index. Popularity is an explicitly labelled proxy based on BeatHit game rank and track prominence.,"{""culture_category"":""video_game_music"",""video_game"":""Baldur's Gate 3"",""game_rank"":138,""game_association_kind"":""khinsider_game_soundtrack"",""khinsider_album_url"":""https://downloads.khinsider.com/game-soundtracks/album/baldurs-gate-3-windows-gamerip-2023"",""khinsider_album_title"":""Baldur's Gate 3 (baldurs-gate-3-windows-gamerip-2023)"",""khinsider_album_kind"":""official_or_gamerip"",""khinsider_album_match_score"":100.0,""relevance_score_100"":100.0,""popularity_score_100"":49.95211598797836,""score_100"":79.98084639519135,""popularity_basis"":""BeatHit master-list game rank plus track position proxy""}"
156,Mountain Battle I,Unknown credited artist,[],Baldur's Gate II Soundtrack (baldurs-gate-ii-soundtrack-2010),,,"[""video game soundtrack""]","[""und""]",,,,Baldur's Gate 3,,,khinsider_track_prominence_proxy,58.98211598797836,score_0_100,,,,79.9499892523342,,,,https://downloads.khinsider.com/game-soundtracks/album/baldurs-gate-ii-soundtrack-2010,2026-10-05,Track title is taken from KHInsider's soundtrack/gamerip album index. Popularity is an explicitly labelled proxy based on BeatHit game rank and track prominence.,"{""culture_category"":""video_game_music"",""video_game"":""Baldur's Gate 3"",""game_rank"":138,""game_association_kind"":""khinsider_game_soundtrack"",""khinsider_album_url"":""https://downloads.khinsider.com/game-soundtracks/album/baldurs-gate-ii-soundtrack-2010"",""khinsider_album_title"":""Baldur's Gate II Soundtrack (baldurs-gate-ii-soundtrack-2010)"",""khinsider_album_kind"":""official_or_gamerip"",""khinsider_album_match_score"":92.85714285714286,""relevance_score_100"":93.92857142857143,""popularity_score_100"":58.98211598797836,""score_100"":79.9499892523342,""popularity_basis"":""BeatHit master-list game rank plus track position proxy""}"
157,Mountain Battle 1,Unknown credited artist,[],Baldur's Gate II: Enhanced Edition Official Soundtrack (baldurs-gate-ii-enhanced-edition-official-soundtrack-2016),,,"[""video game soundtrack""]","[""und""]",,,,Baldur's Gate 3,,,khinsider_track_prominence_proxy,58.98211598797836,score_0_100,,,,79.9499892523342,,,,https://downloads.khinsider.com/game-soundtracks/album/baldurs-gate-ii-enhanced-edition-official-soundtrack-2016,2026-10-05,Track title is taken from KHInsider's soundtrack/gamerip album index. Popularity is an explicitly labelled proxy based on BeatHit game rank and track prominence.,"{""culture_category"":""video_game_music"",""video_game"":""Baldur's Gate 3"",""game_rank"":138,""game_association_kind"":""khinsider_game_soundtrack"",""khinsider_album_url"":""https://downloads.khinsider.com/game-soundtracks/album/baldurs-gate-ii-enhanced-edition-official-soundtrack-2016"",""khinsider_album_title"":""Baldur's Gate II: Enhanced Edition Official Soundtrack (baldurs-gate-ii-enhanced-edition-official-soundtrack-2016)"",""khinsider_album_kind"":""official_or_gamerip"",""khinsider_album_match_score"":92.85714285714286,""relevance_score_100"":93.92857142857143,""popularity_score_100"":58.98211598797836,""score_100"":79.9499892523342,""popularity_basis"":""BeatHit master-list game rank plus track position proxy""}"
158,Giant Spiders,Unknown credited artist,[],Baldur's Gate: Enhanced Edition Official Soundtrack (baldurs-gate-enhanced-edition-official-soundtrack-2016),,,"[""video game soundtrack""]","[""und""]",,,,Baldur's Gate 3,,,khinsider_track_prominence_proxy,58.98211598797836,score_0_100,,,,79.9499892523342,,,,https://downloads.khinsider.com/game-soundtracks/album/baldurs-gate-enhanced-edition-official-soundtrack-2016,2026-10-05,Track title is taken from KHInsider's soundtrack/gamerip album index. Popularity is an explicitly labelled proxy based on BeatHit game rank and track prominence.,"{""culture_category"":""video_game_music"",""video_game"":""Baldur's Gate 3"",""game_rank"":138,""game_association_kind"":""khinsider_game_soundtrack"",""khinsider_album_url"":""https://downloads.khinsider.com/game-soundtracks/album/baldurs-gate-enhanced-edition-official-soundtrack-2016"",""khinsider_album_title"":""Baldur's Gate: Enhanced Edition Official Soundtrack (baldurs-gate-enhanced-edition-official-soundtrack-2016)"",""khinsider_album_kind"":""official_or_gamerip"",""khinsider_album_match_score"":92.85714285714286,""relevance_score_100"":93.92857142857143,""popularity_score_100"":58.98211598797836,""score_100"":79.9499892523342,""popularity_basis"":""BeatHit master-list game rank plus track position proxy""}"
159,Resisting the Darkness (Movie 3),Unknown credited artist,[],Baldur's Gate: Enhanced Edition Siege of Dragonspear Official Soundtrack (baldurs-gate-enhanced-edition-siege-of-dragonspear-official-soundtrack-2016),,,"[""video game soundtrack""]","[""und""]",,,,Baldur's Gate 3,,,khinsider_track_prominence_proxy,58.98211598797836,score_0_100,,,,79.9499892523342,,,,https://downloads.khinsider.com/game-soundtracks/album/baldurs-gate-enhanced-edition-siege-of-dragonspear-official-soundtrack-2016,2026-10-05,Track title is taken from KHInsider's soundtrack/gamerip album index. Popularity is an explicitly labelled proxy based on BeatHit game rank and track prominence.,"{""culture_category"":""video_game_music"",""video_game"":""Baldur's Gate 3"",""game_rank"":138,""game_association_kind"":""khinsider_game_soundtrack"",""khinsider_album_url"":""https://downloads.khinsider.com/game-soundtracks/album/baldurs-gate-enhanced-edition-siege-of-dragonspear-official-soundtrack-2016"",""khinsider_album_title"":""Baldur's Gate: Enhanced Edition Siege of Dragonspear Official Soundtrack (baldurs-gate-enhanced-edition-siege-of-dragonspear-official-soundtrack-2016)"",""khinsider_album_kind"":""official_or_gamerip"",""khinsider_album_match_score"":92.85714285714286,""relevance_score_100"":93.92857142857143,""popularity_score_100"":58.98211598797836,""score_100"":79.9499892523342,""popularity_basis"":""BeatHit master-list game rank plus track position proxy""}"
160,House of Hope (Meeting with Haarlep),Unknown credited artist,[],Baldur's Gate 3 (baldurs-gate-3-windows-gamerip-2023),,,"[""video game soundtrack""]","[""und""]",,,,Baldur's Gate 3,,,khinsider_track_prominence_proxy,49.742115987978366,score_0_100,,,,79.89684639519135,,,,https://downloads.khinsider.com/game-soundtracks/album/baldurs-gate-3-windows-gamerip-2023,2026-10-05,Track title is taken from KHInsider's soundtrack/gamerip album index. Popularity is an explicitly labelled proxy based on BeatHit game rank and track prominence.,"{""culture_category"":""video_game_music"",""video_game"":""Baldur's Gate 3"",""game_rank"":138,""game_association_kind"":""khinsider_game_soundtrack"",""khinsider_album_url"":""https://downloads.khinsider.com/game-soundtracks/album/baldurs-gate-3-windows-gamerip-2023"",""khinsider_album_title"":""Baldur's Gate 3 (baldurs-gate-3-windows-gamerip-2023)"",""khinsider_album_kind"":""official_or_gamerip"",""khinsider_album_match_score"":100.0,""relevance_score_100"":100.0,""popularity_score_100"":49.742115987978366,""score_100"":79.89684639519135,""popularity_basis"":""BeatHit master-list game rank plus track position proxy""}"
161,Mountain Battle II,Unknown credited artist,[],Baldur's Gate II Soundtrack (baldurs-gate-ii-soundtrack-2010),,,"[""video game soundtrack""]","[""und""]",,,,Baldur's Gate 3,,,khinsider_track_prominence_proxy,58.77211598797837,score_0_100,,,,79.8659892523342,,,,https://downloads.khinsider.com/game-soundtracks/album/baldurs-gate-ii-soundtrack-2010,2026-10-05,Track title is taken from KHInsider's soundtrack/gamerip album index. Popularity is an explicitly labelled proxy based on BeatHit game rank and track prominence.,"{""culture_category"":""video_game_music"",""video_game"":""Baldur's Gate 3"",""game_rank"":138,""game_association_kind"":""khinsider_game_soundtrack"",""khinsider_album_url"":""https://downloads.khinsider.com/game-soundtracks/album/baldurs-gate-ii-soundtrack-2010"",""khinsider_album_title"":""Baldur's Gate II Soundtrack (baldurs-gate-ii-soundtrack-2010)"",""khinsider_album_kind"":""official_or_gamerip"",""khinsider_album_match_score"":92.85714285714286,""relevance_score_100"":93.92857142857143,""popularity_score_100"":58.77211598797837,""score_100"":79.8659892523342,""popularity_basis"":""BeatHit master-list game rank plus track position proxy""}"
162,Mountain Battle 2,Unknown credited artist,[],Baldur's Gate II: Enhanced Edition Official Soundtrack (baldurs-gate-ii-enhanced-edition-official-soundtrack-2016),,,"[""video game soundtrack""]","[""und""]",,,,Baldur's Gate 3,,,khinsider_track_prominence_proxy,58.77211598797837,score_0_100,,,,79.8659892523342,,,,https://downloads.khinsider.com/game-soundtracks/album/baldurs-gate-ii-enhanced-edition-official-soundtrack-2016,2026-10-05,Track title is taken from KHInsider's soundtrack/gamerip album index. Popularity is an explicitly labelled proxy based on BeatHit game rank and track prominence.,"{""culture_category"":""video_game_music"",""video_game"":""Baldur's Gate 3"",""game_rank"":138,""game_association_kind"":""khinsider_game_soundtrack"",""khinsider_album_url"":""https://downloads.khinsider.com/game-soundtracks/album/baldurs-gate-ii-enhanced-edition-official-soundtrack-2016"",""khinsider_album_title"":""Baldur's Gate II: Enhanced Edition Official Soundtrack (baldurs-gate-ii-enhanced-edition-official-soundtrack-2016)"",""khinsider_album_kind"":""official_or_gamerip"",""khinsider_album_match_score"":92.85714285714286,""relevance_score_100"":93.92857142857143,""popularity_score_100"":58.77211598797837,""score_100"":79.8659892523342,""popularity_basis"":""BeatHit master-list game rank plus track position proxy""}"
163,Night in Cloakwood,Unknown credited artist,[],Baldur's Gate: Enhanced Edition Official Soundtrack (baldurs-gate-enhanced-edition-official-soundtrack-2016),,,"[""video game soundtrack""]","[""und""]",,,,Baldur's Gate 3,,,khinsider_track_prominence_proxy,58.77211598797837,score_0_100,,,,79.8659892523342,,,,https://downloads.khinsider.com/game-soundtracks/album/baldurs-gate-enhanced-edition-official-soundtrack-2016,2026-10-05,Track title is taken from KHInsider's soundtrack/gamerip album index. Popularity is an explicitly labelled proxy based on BeatHit game rank and track prominence.,"{""culture_category"":""video_game_music"",""video_game"":""Baldur's Gate 3"",""game_rank"":138,""game_association_kind"":""khinsider_game_soundtrack"",""khinsider_album_url"":""https://downloads.khinsider.com/game-soundtracks/album/baldurs-gate-enhanced-edition-official-soundtrack-2016"",""khinsider_album_title"":""Baldur's Gate: Enhanced Edition Official Soundtrack (baldurs-gate-enhanced-edition-official-soundtrack-2016)"",""khinsider_album_kind"":""official_or_gamerip"",""khinsider_album_match_score"":92.85714285714286,""relevance_score_100"":93.92857142857143,""popularity_score_100"":58.77211598797837,""score_100"":79.8659892523342,""popularity_basis"":""BeatHit master-list game rank plus track position proxy""}"
164,Grim Deeds to Come (Movie 4),Unknown credited artist,[],Baldur's Gate: Enhanced Edition Siege of Dragonspear Official Soundtrack (baldurs-gate-enhanced-edition-siege-of-dragonspear-official-soundtrack-2016),,,"[""video game soundtrack""]","[""und""]",,,,Baldur's Gate 3,,,khinsider_track_prominence_proxy,58.77211598797837,score_0_100,,,,79.8659892523342,,,,https://downloads.khinsider.com/game-soundtracks/album/baldurs-gate-enhanced-edition-siege-of-dragonspear-official-soundtrack-2016,2026-10-05,Track title is taken from KHInsider's soundtrack/gamerip album index. Popularity is an explicitly labelled proxy based on BeatHit game rank and track prominence.,"{""culture_category"":""video_game_music"",""video_game"":""Baldur's Gate 3"",""game_rank"":138,""game_association_kind"":""khinsider_game_soundtrack"",""khinsider_album_url"":""https://downloads.khinsider.com/game-soundtracks/album/baldurs-gate-enhanced-edition-siege-of-dragonspear-official-soundtrack-2016"",""khinsider_album_title"":""Baldur's Gate: Enhanced Edition Siege of Dragonspear Official Soundtrack (baldurs-gate-enhanced-edition-siege-of-dragonspear-official-soundtrack-2016)"",""khinsider_album_kind"":""official_or_gamerip"",""khinsider_album_match_score"":92.85714285714286,""relevance_score_100"":93.92857142857143,""popularity_score_100"":58.77211598797837,""score_100"":79.8659892523342,""popularity_basis"":""BeatHit master-list game rank plus track position proxy""}"
165,The Queen's High Seas (Divinity Original Sin 2),Unknown credited artist,[],Baldur's Gate 3 (baldurs-gate-3-windows-gamerip-2023),,,"[""video game soundtrack""]","[""und""]",,,,Baldur's Gate 3,,,khinsider_track_prominence_proxy,49.53211598797836,score_0_100,,,,79.81284639519134,,,,https://downloads.khinsider.com/game-soundtracks/album/baldurs-gate-3-windows-gamerip-2023,2026-10-05,Track title is taken from KHInsider's soundtrack/gamerip album index. Popularity is an explicitly labelled proxy based on BeatHit game rank and track prominence.,"{""culture_category"":""video_game_music"",""video_game"":""Baldur's Gate 3"",""game_rank"":138,""game_association_kind"":""khinsider_game_soundtrack"",""khinsider_album_url"":""https://downloads.khinsider.com/game-soundtracks/album/baldurs-gate-3-windows-gamerip-2023"",""khinsider_album_title"":""Baldur's Gate 3 (baldurs-gate-3-windows-gamerip-2023)"",""khinsider_album_kind"":""official_or_gamerip"",""khinsider_album_match_score"":100.0,""relevance_score_100"":100.0,""popularity_score_100"":49.53211598797836,""score_100"":79.81284639519134,""popularity_basis"":""BeatHit master-list game rank plus track position proxy""}"
166,City Battle I,Unknown credited artist,[],Baldur's Gate II Soundtrack (baldurs-gate-ii-soundtrack-2010),,,"[""video game soundtrack""]","[""und""]",,,,Baldur's Gate 3,,,khinsider_track_prominence_proxy,58.56211598797836,score_0_100,,,,79.7819892523342,,,,https://downloads.khinsider.com/game-soundtracks/album/baldurs-gate-ii-soundtrack-2010,2026-10-05,Track title is taken from KHInsider's soundtrack/gamerip album index. Popularity is an explicitly labelled proxy based on BeatHit game rank and track prominence.,"{""culture_category"":""video_game_music"",""video_game"":""Baldur's Gate 3"",""game_rank"":138,""game_association_kind"":""khinsider_game_soundtrack"",""khinsider_album_url"":""https://downloads.khinsider.com/game-soundtracks/album/baldurs-gate-ii-soundtrack-2010"",""khinsider_album_title"":""Baldur's Gate II Soundtrack (baldurs-gate-ii-soundtrack-2010)"",""khinsider_album_kind"":""official_or_gamerip"",""khinsider_album_match_score"":92.85714285714286,""relevance_score_100"":93.92857142857143,""popularity_score_100"":58.56211598797836,""score_100"":79.7819892523342,""popularity_basis"":""BeatHit master-list game rank plus track position proxy""}"
167,City Battle 1,Unknown credited artist,[],Baldur's Gate II: Enhanced Edition Official Soundtrack (baldurs-gate-ii-enhanced-edition-official-soundtrack-2016),,,"[""video game soundtrack""]","[""und""]",,,,Baldur's Gate 3,,,khinsider_track_prominence_proxy,58.56211598797836,score_0_100,,,,79.7819892523342,,,,https://downloads.khinsider.com/game-soundtracks/album/baldurs-gate-ii-enhanced-edition-official-soundtrack-2016,2026-10-05,Track title is taken from KHInsider's soundtrack/gamerip album index. Popularity is an explicitly labelled proxy based on BeatHit game rank and track prominence.,"{""culture_category"":""video_game_music"",""video_game"":""Baldur's Gate 3"",""game_rank"":138,""game_association_kind"":""khinsider_game_soundtrack"",""khinsider_album_url"":""https://downloads.khinsider.com/game-soundtracks/album/baldurs-gate-ii-enhanced-edition-official-soundtrack-2016"",""khinsider_album_title"":""Baldur's Gate II: Enhanced Edition Official Soundtrack (baldurs-gate-ii-enhanced-edition-official-soundtrack-2016)"",""khinsider_album_kind"":""official_or_gamerip"",""khinsider_album_match_score"":92.85714285714286,""relevance_score_100"":93.92857142857143,""popularity_score_100"":58.56211598797836,""score_100"":79.7819892523342,""popularity_basis"":""BeatHit master-list game rank plus track position proxy""}"
168,From Out of the Storm,Unknown credited artist,[],Baldur's Gate: Enhanced Edition Official Soundtrack (baldurs-gate-enhanced-edition-official-soundtrack-2016),,,"[""video game soundtrack""]","[""und""]",,,,Baldur's Gate 3,,,khinsider_track_prominence_proxy,58.56211598797836,score_0_100,,,,79.7819892523342,,,,https://downloads.khinsider.com/game-soundtracks/album/baldurs-gate-enhanced-edition-official-soundtrack-2016,2026-10-05,Track title is taken from KHInsider's soundtrack/gamerip album index. Popularity is an explicitly labelled proxy based on BeatHit game rank and track prominence.,"{""culture_category"":""video_game_music"",""video_game"":""Baldur's Gate 3"",""game_rank"":138,""game_association_kind"":""khinsider_game_soundtrack"",""khinsider_album_url"":""https://downloads.khinsider.com/game-soundtracks/album/baldurs-gate-enhanced-edition-official-soundtrack-2016"",""khinsider_album_title"":""Baldur's Gate: Enhanced Edition Official Soundtrack (baldurs-gate-enhanced-edition-official-soundtrack-2016)"",""khinsider_album_kind"":""official_or_gamerip"",""khinsider_album_match_score"":92.85714285714286,""relevance_score_100"":93.92857142857143,""popularity_score_100"":58.56211598797836,""score_100"":79.7819892523342,""popularity_basis"":""BeatHit master-list game rank plus track position proxy""}"
169,The Saga Returns (Announce Trailer),Unknown credited artist,[],Baldur's Gate: Enhanced Edition Siege of Dragonspear Official Soundtrack (baldurs-gate-enhanced-edition-siege-of-dragonspear-official-soundtrack-2016),,,"[""video game soundtrack""]","[""und""]",,,,Baldur's Gate 3,,,khinsider_track_prominence_proxy,58.56211598797836,score_0_100,,,,79.7819892523342,,,,https://downloads.khinsider.com/game-soundtracks/album/baldurs-gate-enhanced-edition-siege-of-dragonspear-official-soundtrack-2016,2026-10-05,Track title is taken from KHInsider's soundtrack/gamerip album index. Popularity is an explicitly labelled proxy based on BeatHit game rank and track prominence.,"{""culture_category"":""video_game_music"",""video_game"":""Baldur's Gate 3"",""game_rank"":138,""game_association_kind"":""khinsider_game_soundtrack"",""khinsider_album_url"":""https://downloads.khinsider.com/game-soundtracks/album/baldurs-gate-enhanced-edition-siege-of-dragonspear-official-soundtrack-2016"",""khinsider_album_title"":""Baldur's Gate: Enhanced Edition Siege of Dragonspear Official Soundtrack (baldurs-gate-enhanced-edition-siege-of-dragonspear-official-soundtrack-2016)"",""khinsider_album_kind"":""official_or_gamerip"",""khinsider_album_match_score"":92.85714285714286,""relevance_score_100"":93.92857142857143,""popularity_score_100"":58.56211598797836,""score_100"":79.7819892523342,""popularity_basis"":""BeatHit master-list game rank plus track position proxy""}"
170,Goblin Warfare,Unknown credited artist,[],Baldur's Gate 3 (baldurs-gate-3-windows-gamerip-2023),,,"[""video game soundtrack""]","[""und""]",,,,Baldur's Gate 3,,,khinsider_track_prominence_proxy,49.322115987978364,score_0_100,,,,79.72884639519134,,,,https://downloads.khinsider.com/game-soundtracks/album/baldurs-gate-3-windows-gamerip-2023,2026-10-05,Track title is taken from KHInsider's soundtrack/gamerip album index. Popularity is an explicitly labelled proxy based on BeatHit game rank and track prominence.,"{""culture_category"":""video_game_music"",""video_game"":""Baldur's Gate 3"",""game_rank"":138,""game_association_kind"":""khinsider_game_soundtrack"",""khinsider_album_url"":""https://downloads.khinsider.com/game-soundtracks/album/baldurs-gate-3-windows-gamerip-2023"",""khinsider_album_title"":""Baldur's Gate 3 (baldurs-gate-3-windows-gamerip-2023)"",""khinsider_album_kind"":""official_or_gamerip"",""khinsider_album_match_score"":100.0,""relevance_score_100"":100.0,""popularity_score_100"":49.322115987978364,""score_100"":79.72884639519134,""popularity_basis"":""BeatHit master-list game rank plus track position proxy""}"
171,City Battle II,Unknown credited artist,[],Baldur's Gate II Soundtrack (baldurs-gate-ii-soundtrack-2010),,,"[""video game soundtrack""]","[""und""]",,,,Baldur's Gate 3,,,khinsider_track_prominence_proxy,58.352115987978365,score_0_100,,,,79.6979892523342,,,,https://downloads.khinsider.com/game-soundtracks/album/baldurs-gate-ii-soundtrack-2010,2026-10-05,Track title is taken from KHInsider's soundtrack/gamerip album index. Popularity is an explicitly labelled proxy based on BeatHit game rank and track prominence.,"{""culture_category"":""video_game_music"",""video_game"":""Baldur's Gate 3"",""game_rank"":138,""game_association_kind"":""khinsider_game_soundtrack"",""khinsider_album_url"":""https://downloads.khinsider.com/game-soundtracks/album/baldurs-gate-ii-soundtrack-2010"",""khinsider_album_title"":""Baldur's Gate II Soundtrack (baldurs-gate-ii-soundtrack-2010)"",""khinsider_album_kind"":""official_or_gamerip"",""khinsider_album_match_score"":92.85714285714286,""relevance_score_100"":93.92857142857143,""popularity_score_100"":58.352115987978365,""score_100"":79.6979892523342,""popularity_basis"":""BeatHit master-list game rank plus track position proxy""}"
172,City Battle 2,Unknown credited artist,[],Baldur's Gate II: Enhanced Edition Official Soundtrack (baldurs-gate-ii-enhanced-edition-official-soundtrack-2016),,,"[""video game soundtrack""]","[""und""]",,,,Baldur's Gate 3,,,khinsider_track_prominence_proxy,58.352115987978365,score_0_100,,,,79.6979892523342,,,,https://downloads.khinsider.com/game-soundtracks/album/baldurs-gate-ii-enhanced-edition-official-soundtrack-2016,2026-10-05,Track title is taken from KHInsider's soundtrack/gamerip album index. Popularity is an explicitly labelled proxy based on BeatHit game rank and track prominence.,"{""culture_category"":""video_game_music"",""video_game"":""Baldur's Gate 3"",""game_rank"":138,""game_association_kind"":""khinsider_game_soundtrack"",""khinsider_album_url"":""https://downloads.khinsider.com/game-soundtracks/album/baldurs-gate-ii-enhanced-edition-official-soundtrack-2016"",""khinsider_album_title"":""Baldur's Gate II: Enhanced Edition Official Soundtrack (baldurs-gate-ii-enhanced-edition-official-soundtrack-2016)"",""khinsider_album_kind"":""official_or_gamerip"",""khinsider_album_match_score"":92.85714285714286,""relevance_score_100"":93.92857142857143,""popularity_score_100"":58.352115987978365,""score_100"":79.6979892523342,""popularity_basis"":""BeatHit master-list game rank plus track position proxy""}"
173,The Friendly Arm Inn,Unknown credited artist,[],Baldur's Gate: Enhanced Edition Official Soundtrack (baldurs-gate-enhanced-edition-official-soundtrack-2016),,,"[""video game soundtrack""]","[""und""]",,,,Baldur's Gate 3,,,khinsider_track_prominence_proxy,58.352115987978365,score_0_100,,,,79.6979892523342,,,,https://downloads.khinsider.com/game-soundtracks/album/baldurs-gate-enhanced-edition-official-soundtrack-2016,2026-10-05,Track title is taken from KHInsider's soundtrack/gamerip album index. Popularity is an explicitly labelled proxy based on BeatHit game rank and track prominence.,"{""culture_category"":""video_game_music"",""video_game"":""Baldur's Gate 3"",""game_rank"":138,""game_association_kind"":""khinsider_game_soundtrack"",""khinsider_album_url"":""https://downloads.khinsider.com/game-soundtracks/album/baldurs-gate-enhanced-edition-official-soundtrack-2016"",""khinsider_album_title"":""Baldur's Gate: Enhanced Edition Official Soundtrack (baldurs-gate-enhanced-edition-official-soundtrack-2016)"",""khinsider_album_kind"":""official_or_gamerip"",""khinsider_album_match_score"":92.85714285714286,""relevance_score_100"":93.92857142857143,""popularity_score_100"":58.352115987978365,""score_100"":79.6979892523342,""popularity_basis"":""BeatHit master-list game rank plus track position proxy""}"
174,The Untold Story (Release Trailer),Unknown credited artist,[],Baldur's Gate: Enhanced Edition Siege of Dragonspear Official Soundtrack (baldurs-gate-enhanced-edition-siege-of-dragonspear-official-soundtrack-2016),,,"[""video game soundtrack""]","[""und""]",,,,Baldur's Gate 3,,,khinsider_track_prominence_proxy,58.352115987978365,score_0_100,,,,79.6979892523342,,,,https://downloads.khinsider.com/game-soundtracks/album/baldurs-gate-enhanced-edition-siege-of-dragonspear-official-soundtrack-2016,2026-10-05,Track title is taken from KHInsider's soundtrack/gamerip album index. Popularity is an explicitly labelled proxy based on BeatHit game rank and track prominence.,"{""culture_category"":""video_game_music"",""video_game"":""Baldur's Gate 3"",""game_rank"":138,""game_association_kind"":""khinsider_game_soundtrack"",""khinsider_album_url"":""https://downloads.khinsider.com/game-soundtracks/album/baldurs-gate-enhanced-edition-siege-of-dragonspear-official-soundtrack-2016"",""khinsider_album_title"":""Baldur's Gate: Enhanced Edition Siege of Dragonspear Official Soundtrack (baldurs-gate-enhanced-edition-siege-of-dragonspear-official-soundtrack-2016)"",""khinsider_album_kind"":""official_or_gamerip"",""khinsider_album_match_score"":92.85714285714286,""relevance_score_100"":93.92857142857143,""popularity_score_100"":58.352115987978365,""score_100"":79.6979892523342,""popularity_basis"":""BeatHit master-list game rank plus track position proxy""}"
175,The Friendly Arms Inn,Unknown credited artist,[],Baldur's Gate: The Original Saga Soundtrack (baldurs-gate-the-original-saga-soundtrack-1999),,,"[""video game soundtrack""]","[""und""]",,,,Baldur's Gate 3,,,khinsider_track_prominence_proxy,58.352115987978365,score_0_100,,,,79.6979892523342,,,,https://downloads.khinsider.com/game-soundtracks/album/baldurs-gate-the-original-saga-soundtrack-1999,2026-10-05,Track title is taken from KHInsider's soundtrack/gamerip album index. Popularity is an explicitly labelled proxy based on BeatHit game rank and track prominence.,"{""culture_category"":""video_game_music"",""video_game"":""Baldur's Gate 3"",""game_rank"":138,""game_association_kind"":""khinsider_game_soundtrack"",""khinsider_album_url"":""https://downloads.khinsider.com/game-soundtracks/album/baldurs-gate-the-original-saga-soundtrack-1999"",""khinsider_album_title"":""Baldur's Gate: The Original Saga Soundtrack (baldurs-gate-the-original-saga-soundtrack-1999)"",""khinsider_album_kind"":""official_or_gamerip"",""khinsider_album_match_score"":92.85714285714286,""relevance_score_100"":93.92857142857143,""popularity_score_100"":58.352115987978365,""score_100"":79.6979892523342,""popularity_basis"":""BeatHit master-list game rank plus track position proxy""}"
176,Down by the River (Alternative),Unknown credited artist,[],Baldur's Gate 3 (baldurs-gate-3-windows-gamerip-2023),,,"[""video game soundtrack""]","[""und""]",,,,Baldur's Gate 3,,,khinsider_track_prominence_proxy,49.112115987978356,score_0_100,,,,79.64484639519134,,,,https://downloads.khinsider.com/game-soundtracks/album/baldurs-gate-3-windows-gamerip-2023,2026-10-05,Track title is taken from KHInsider's soundtrack/gamerip album index. Popularity is an explicitly labelled proxy based on BeatHit game rank and track prominence.,"{""culture_category"":""video_game_music"",""video_game"":""Baldur's Gate 3"",""game_rank"":138,""game_association_kind"":""khinsider_game_soundtrack"",""khinsider_album_url"":""https://downloads.khinsider.com/game-soundtracks/album/baldurs-gate-3-windows-gamerip-2023"",""khinsider_album_title"":""Baldur's Gate 3 (baldurs-gate-3-windows-gamerip-2023)"",""khinsider_album_kind"":""official_or_gamerip"",""khinsider_album_match_score"":100.0,""relevance_score_100"":100.0,""popularity_score_100"":49.112115987978356,""score_100"":79.64484639519134,""popularity_basis"":""BeatHit master-list game rank plus track position proxy""}"
177,Nighttime in the Docks,Unknown credited artist,[],Baldur's Gate II Soundtrack (baldurs-gate-ii-soundtrack-2010),,,"[""video game soundtrack""]","[""und""]",,,,Baldur's Gate 3,,,khinsider_track_prominence_proxy,58.14211598797836,score_0_100,,,,79.61398925233419,,,,https://downloads.khinsider.com/game-soundtracks/album/baldurs-gate-ii-soundtrack-2010,2026-10-05,Track title is taken from KHInsider's soundtrack/gamerip album index. Popularity is an explicitly labelled proxy based on BeatHit game rank and track prominence.,"{""culture_category"":""video_game_music"",""video_game"":""Baldur's Gate 3"",""game_rank"":138,""game_association_kind"":""khinsider_game_soundtrack"",""khinsider_album_url"":""https://downloads.khinsider.com/game-soundtracks/album/baldurs-gate-ii-soundtrack-2010"",""khinsider_album_title"":""Baldur's Gate II Soundtrack (baldurs-gate-ii-soundtrack-2010)"",""khinsider_album_kind"":""official_or_gamerip"",""khinsider_album_match_score"":92.85714285714286,""relevance_score_100"":93.92857142857143,""popularity_score_100"":58.14211598797836,""score_100"":79.61398925233419,""popularity_basis"":""BeatHit master-list game rank plus track position proxy""}"
178,Nightmare in the Docks,Unknown credited artist,[],Baldur's Gate II: Enhanced Edition Official Soundtrack (baldurs-gate-ii-enhanced-edition-official-soundtrack-2016),,,"[""video game soundtrack""]","[""und""]",,,,Baldur's Gate 3,,,khinsider_track_prominence_proxy,58.14211598797836,score_0_100,,,,79.61398925233419,,,,https://downloads.khinsider.com/game-soundtracks/album/baldurs-gate-ii-enhanced-edition-official-soundtrack-2016,2026-10-05,Track title is taken from KHInsider's soundtrack/gamerip album index. Popularity is an explicitly labelled proxy based on BeatHit game rank and track prominence.,"{""culture_category"":""video_game_music"",""video_game"":""Baldur's Gate 3"",""game_rank"":138,""game_association_kind"":""khinsider_game_soundtrack"",""khinsider_album_url"":""https://downloads.khinsider.com/game-soundtracks/album/baldurs-gate-ii-enhanced-edition-official-soundtrack-2016"",""khinsider_album_title"":""Baldur's Gate II: Enhanced Edition Official Soundtrack (baldurs-gate-ii-enhanced-edition-official-soundtrack-2016)"",""khinsider_album_kind"":""official_or_gamerip"",""khinsider_album_match_score"":92.85714285714286,""relevance_score_100"":93.92857142857143,""popularity_score_100"":58.14211598797836,""score_100"":79.61398925233419,""popularity_basis"":""BeatHit master-list game rank plus track position proxy""}"
179,The Dream,Unknown credited artist,[],Baldur's Gate: Enhanced Edition Official Soundtrack (baldurs-gate-enhanced-edition-official-soundtrack-2016),,,"[""video game soundtrack""]","[""und""]",,,,Baldur's Gate 3,,,khinsider_track_prominence_proxy,58.14211598797836,score_0_100,,,,79.61398925233419,,,,https://downloads.khinsider.com/game-soundtracks/album/baldurs-gate-enhanced-edition-official-soundtrack-2016,2026-10-05,Track title is taken from KHInsider's soundtrack/gamerip album index. Popularity is an explicitly labelled proxy based on BeatHit game rank and track prominence.,"{""culture_category"":""video_game_music"",""video_game"":""Baldur's Gate 3"",""game_rank"":138,""game_association_kind"":""khinsider_game_soundtrack"",""khinsider_album_url"":""https://downloads.khinsider.com/game-soundtracks/album/baldurs-gate-enhanced-edition-official-soundtrack-2016"",""khinsider_album_title"":""Baldur's Gate: Enhanced Edition Official Soundtrack (baldurs-gate-enhanced-edition-official-soundtrack-2016)"",""khinsider_album_kind"":""official_or_gamerip"",""khinsider_album_match_score"":92.85714285714286,""relevance_score_100"":93.92857142857143,""popularity_score_100"":58.14211598797836,""score_100"":79.61398925233419,""popularity_basis"":""BeatHit master-list game rank plus track position proxy""}"
180,Divinity Original Sin II,Unknown credited artist,[],The Symphony of Sin - Featuring Music from Divinity Original Sin II and Baldur's Gate III (the-symphony-of-sin-featuring-music-from-divinity-original-sin-ii-and-baldur-s-gate-iii-2020),,,"[""video game soundtrack""]","[""und""]",,,,Baldur's Gate 3,,,khinsider_track_prominence_proxy,62.55211598797836,score_0_100,,,,79.5779892523342,,,,https://downloads.khinsider.com/game-soundtracks/album/the-symphony-of-sin-featuring-music-from-divinity-original-sin-ii-and-baldur-s-gate-iii-2020,2026-10-05,Track title is taken from KHInsider's soundtrack/gamerip album index. Popularity is an explicitly labelled proxy based on BeatHit game rank and track prominence.,"{""culture_category"":""video_game_music"",""video_game"":""Baldur's Gate 3"",""game_rank"":138,""game_association_kind"":""khinsider_game_soundtrack"",""khinsider_album_url"":""https://downloads.khinsider.com/game-soundtracks/album/the-symphony-of-sin-featuring-music-from-divinity-original-sin-ii-and-baldur-s-gate-iii-2020"",""khinsider_album_title"":""The Symphony of Sin - Featuring Music from Divinity Original Sin II and Baldur's Gate III (the-symphony-of-sin-featuring-music-from-divinity-original-sin-ii-and-baldur-s-gate-iii-2020)"",""khinsider_album_kind"":""unclassified_game_album"",""khinsider_album_match_score"":92.85714285714286,""relevance_score_100"":90.92857142857143,""popularity_score_100"":62.55211598797836,""score_100"":79.5779892523342,""popularity_basis"":""BeatHit master-list game rank plus track position proxy""}"
181,The Power (Lute),Unknown credited artist,[],Baldur's Gate 3 (baldurs-gate-3-windows-gamerip-2023),,,"[""video game soundtrack""]","[""und""]",,,,Baldur's Gate 3,,,khinsider_track_prominence_proxy,48.90211598797836,score_0_100,,,,79.56084639519135,,,,https://downloads.khinsider.com/game-soundtracks/album/baldurs-gate-3-windows-gamerip-2023,2026-10-05,Track title is taken from KHInsider's soundtrack/gamerip album index. Popularity is an explicitly labelled proxy based on BeatHit game rank and track prominence.,"{""culture_category"":""video_game_music"",""video_game"":""Baldur's Gate 3"",""game_rank"":138,""game_association_kind"":""khinsider_game_soundtrack"",""khinsider_album_url"":""https://downloads.khinsider.com/game-soundtracks/album/baldurs-gate-3-windows-gamerip-2023"",""khinsider_album_title"":""Baldur's Gate 3 (baldurs-gate-3-windows-gamerip-2023)"",""khinsider_album_kind"":""official_or_gamerip"",""khinsider_album_match_score"":100.0,""relevance_score_100"":100.0,""popularity_score_100"":48.90211598797836,""score_100"":79.56084639519135,""popularity_basis"":""BeatHit master-list game rank plus track position proxy""}"
182,The Planar Sphere,Unknown credited artist,[],Baldur's Gate II Soundtrack (baldurs-gate-ii-soundtrack-2010),,,"[""video game soundtrack""]","[""und""]",,,,Baldur's Gate 3,,,khinsider_track_prominence_proxy,57.932115987978364,score_0_100,,,,79.5299892523342,,,,https://downloads.khinsider.com/game-soundtracks/album/baldurs-gate-ii-soundtrack-2010,2026-10-05,Track title is taken from KHInsider's soundtrack/gamerip album index. Popularity is an explicitly labelled proxy based on BeatHit game rank and track prominence.,"{""culture_category"":""video_game_music"",""video_game"":""Baldur's Gate 3"",""game_rank"":138,""game_association_kind"":""khinsider_game_soundtrack"",""khinsider_album_url"":""https://downloads.khinsider.com/game-soundtracks/album/baldurs-gate-ii-soundtrack-2010"",""khinsider_album_title"":""Baldur's Gate II Soundtrack (baldurs-gate-ii-soundtrack-2010)"",""khinsider_album_kind"":""official_or_gamerip"",""khinsider_album_match_score"":92.85714285714286,""relevance_score_100"":93.92857142857143,""popularity_score_100"":57.932115987978364,""score_100"":79.5299892523342,""popularity_basis"":""BeatHit master-list game rank plus track position proxy""}"
183,Stealth in the Bandit Camp,Unknown credited artist,[],Baldur's Gate: Enhanced Edition Official Soundtrack (baldurs-gate-enhanced-edition-official-soundtrack-2016),,,"[""video game soundtrack""]","[""und""]",,,,Baldur's Gate 3,,,khinsider_track_prominence_proxy,57.932115987978364,score_0_100,,,,79.5299892523342,,,,https://downloads.khinsider.com/game-soundtracks/album/baldurs-gate-enhanced-edition-official-soundtrack-2016,2026-10-05,Track title is taken from KHInsider's soundtrack/gamerip album index. Popularity is an explicitly labelled proxy based on BeatHit game rank and track prominence.,"{""culture_category"":""video_game_music"",""video_game"":""Baldur's Gate 3"",""game_rank"":138,""game_association_kind"":""khinsider_game_soundtrack"",""khinsider_album_url"":""https://downloads.khinsider.com/game-soundtracks/album/baldurs-gate-enhanced-edition-official-soundtrack-2016"",""khinsider_album_title"":""Baldur's Gate: Enhanced Edition Official Soundtrack (baldurs-gate-enhanced-edition-official-soundtrack-2016)"",""khinsider_album_kind"":""official_or_gamerip"",""khinsider_album_match_score"":92.85714285714286,""relevance_score_100"":93.92857142857143,""popularity_score_100"":57.932115987978364,""score_100"":79.5299892523342,""popularity_basis"":""BeatHit master-list game rank plus track position proxy""}"
184,Divinity Original Sin II (Bonus),Unknown credited artist,[],The Symphony of Sin - Featuring Music from Divinity Original Sin II and Baldur's Gate III (the-symphony-of-sin-featuring-music-from-divinity-original-sin-ii-and-baldur-s-gate-iii-2020),,,"[""video game soundtrack""]","[""und""]",,,,Baldur's Gate 3,,,khinsider_track_prominence_proxy,62.34211598797836,score_0_100,,,,79.4939892523342,,,,https://downloads.khinsider.com/game-soundtracks/album/the-symphony-of-sin-featuring-music-from-divinity-original-sin-ii-and-baldur-s-gate-iii-2020,2026-10-05,Track title is taken from KHInsider's soundtrack/gamerip album index. Popularity is an explicitly labelled proxy based on BeatHit game rank and track prominence.,"{""culture_category"":""video_game_music"",""video_game"":""Baldur's Gate 3"",""game_rank"":138,""game_association_kind"":""khinsider_game_soundtrack"",""khinsider_album_url"":""https://downloads.khinsider.com/game-soundtracks/album/the-symphony-of-sin-featuring-music-from-divinity-original-sin-ii-and-baldur-s-gate-iii-2020"",""khinsider_album_title"":""The Symphony of Sin - Featuring Music from Divinity Original Sin II and Baldur's Gate III (the-symphony-of-sin-featuring-music-from-divinity-original-sin-ii-and-baldur-s-gate-iii-2020)"",""khinsider_album_kind"":""unclassified_game_album"",""khinsider_album_match_score"":92.85714285714286,""relevance_score_100"":90.92857142857143,""popularity_score_100"":62.34211598797836,""score_100"":79.4939892523342,""popularity_basis"":""BeatHit master-list game rank plus track position proxy""}"
185,Bard's Countercharm (Lute),Unknown credited artist,[],Baldur's Gate 3 (baldurs-gate-3-windows-gamerip-2023),,,"[""video game soundtrack""]","[""und""]",,,,Baldur's Gate 3,,,khinsider_track_prominence_proxy,48.69211598797836,score_0_100,,,,79.47684639519134,,,,https://downloads.khinsider.com/game-soundtracks/album/baldurs-gate-3-windows-gamerip-2023,2026-10-05,Track title is taken from KHInsider's soundtrack/gamerip album index. Popularity is an explicitly labelled proxy based on BeatHit game rank and track prominence.,"{""culture_category"":""video_game_music"",""video_game"":""Baldur's Gate 3"",""game_rank"":138,""game_association_kind"":""khinsider_game_soundtrack"",""khinsider_album_url"":""https://downloads.khinsider.com/game-soundtracks/album/baldurs-gate-3-windows-gamerip-2023"",""khinsider_album_title"":""Baldur's Gate 3 (baldurs-gate-3-windows-gamerip-2023)"",""khinsider_album_kind"":""official_or_gamerip"",""khinsider_album_match_score"":100.0,""relevance_score_100"":100.0,""popularity_score_100"":48.69211598797836,""score_100"":79.47684639519134,""popularity_basis"":""BeatHit master-list game rank plus track position proxy""}"
186,The Druid Grove,Unknown credited artist,[],Baldur's Gate II Soundtrack (baldurs-gate-ii-soundtrack-2010),,,"[""video game soundtrack""]","[""und""]",,,,Baldur's Gate 3,,,khinsider_track_prominence_proxy,57.72211598797836,score_0_100,,,,79.4459892523342,,,,https://downloads.khinsider.com/game-soundtracks/album/baldurs-gate-ii-soundtrack-2010,2026-10-05,Track title is taken from KHInsider's soundtrack/gamerip album index. Popularity is an explicitly labelled proxy based on BeatHit game rank and track prominence.,"{""culture_category"":""video_game_music"",""video_game"":""Baldur's Gate 3"",""game_rank"":138,""game_association_kind"":""khinsider_game_soundtrack"",""khinsider_album_url"":""https://downloads.khinsider.com/game-soundtracks/album/baldurs-gate-ii-soundtrack-2010"",""khinsider_album_title"":""Baldur's Gate II Soundtrack (baldurs-gate-ii-soundtrack-2010)"",""khinsider_album_kind"":""official_or_gamerip"",""khinsider_album_match_score"":92.85714285714286,""relevance_score_100"":93.92857142857143,""popularity_score_100"":57.72211598797836,""score_100"":79.4459892523342,""popularity_basis"":""BeatHit master-list game rank plus track position proxy""}"
187,Bandit Melee,Unknown credited artist,[],Baldur's Gate: Enhanced Edition Official Soundtrack (baldurs-gate-enhanced-edition-official-soundtrack-2016),,,"[""video game soundtrack""]","[""und""]",,,,Baldur's Gate 3,,,khinsider_track_prominence_proxy,57.72211598797836,score_0_100,,,,79.4459892523342,,,,https://downloads.khinsider.com/game-soundtracks/album/baldurs-gate-enhanced-edition-official-soundtrack-2016,2026-10-05,Track title is taken from KHInsider's soundtrack/gamerip album index. Popularity is an explicitly labelled proxy based on BeatHit game rank and track prominence.,"{""culture_category"":""video_game_music"",""video_game"":""Baldur's Gate 3"",""game_rank"":138,""game_association_kind"":""khinsider_game_soundtrack"",""khinsider_album_url"":""https://downloads.khinsider.com/game-soundtracks/album/baldurs-gate-enhanced-edition-official-soundtrack-2016"",""khinsider_album_title"":""Baldur's Gate: Enhanced Edition Official Soundtrack (baldurs-gate-enhanced-edition-official-soundtrack-2016)"",""khinsider_album_kind"":""official_or_gamerip"",""khinsider_album_match_score"":92.85714285714286,""relevance_score_100"":93.92857142857143,""popularity_score_100"":57.72211598797836,""score_100"":79.4459892523342,""popularity_basis"":""BeatHit master-list game rank plus track position proxy""}"
188,Baldur’s Gate III,Unknown credited artist,[],The Symphony of Sin - Featuring Music from Divinity Original Sin II and Baldur's Gate III (the-symphony-of-sin-featuring-music-from-divinity-original-sin-ii-and-baldur-s-gate-iii-2020),,,"[""video game soundtrack""]","[""und""]",,,,Baldur's Gate 3,,,khinsider_track_prominence_proxy,62.13211598797836,score_0_100,,,,79.4099892523342,,,,https://downloads.khinsider.com/game-soundtracks/album/the-symphony-of-sin-featuring-music-from-divinity-original-sin-ii-and-baldur-s-gate-iii-2020,2026-10-05,Track title is taken from KHInsider's soundtrack/gamerip album index. Popularity is an explicitly labelled proxy based on BeatHit game rank and track prominence.,"{""culture_category"":""video_game_music"",""video_game"":""Baldur's Gate 3"",""game_rank"":138,""game_association_kind"":""khinsider_game_soundtrack"",""khinsider_album_url"":""https://downloads.khinsider.com/game-soundtracks/album/the-symphony-of-sin-featuring-music-from-divinity-original-sin-ii-and-baldur-s-gate-iii-2020"",""khinsider_album_title"":""The Symphony of Sin - Featuring Music from Divinity Original Sin II and Baldur's Gate III (the-symphony-of-sin-featuring-music-from-divinity-original-sin-ii-and-baldur-s-gate-iii-2020)"",""khinsider_album_kind"":""unclassified_game_album"",""khinsider_album_match_score"":92.85714285714286,""relevance_score_100"":90.92857142857143,""popularity_score_100"":62.13211598797836,""score_100"":79.4099892523342,""popularity_basis"":""BeatHit master-list game rank plus track position proxy""}"
189,183545190,Unknown credited artist,[],Baldur's Gate 3 (baldurs-gate-3-windows-gamerip-2023),,,"[""video game soundtrack""]","[""und""]",,,,Baldur's Gate 3,,,khinsider_track_prominence_proxy,48.48211598797836,score_0_100,,,,79.39284639519134,,,,https://downloads.khinsider.com/game-soundtracks/album/baldurs-gate-3-windows-gamerip-2023,2026-10-05,Track title is taken from KHInsider's soundtrack/gamerip album index. Popularity is an explicitly labelled proxy based on BeatHit game rank and track prominence.,"{""culture_category"":""video_game_music"",""video_game"":""Baldur's Gate 3"",""game_rank"":138,""game_association_kind"":""khinsider_game_soundtrack"",""khinsider_album_url"":""https://downloads.khinsider.com/game-soundtracks/album/baldurs-gate-3-windows-gamerip-2023"",""khinsider_album_title"":""Baldur's Gate 3 (baldurs-gate-3-windows-gamerip-2023)"",""khinsider_album_kind"":""official_or_gamerip"",""khinsider_album_match_score"":100.0,""relevance_score_100"":100.0,""popularity_score_100"":48.48211598797836,""score_100"":79.39284639519134,""popularity_basis"":""BeatHit master-list game rank plus track position proxy""}"
190,The Asylum,Unknown credited artist,[],Baldur's Gate II Soundtrack (baldurs-gate-ii-soundtrack-2010),,,"[""video game soundtrack""]","[""und""]",,,,Baldur's Gate 3,,,khinsider_track_prominence_proxy,57.51211598797836,score_0_100,,,,79.3619892523342,,,,https://downloads.khinsider.com/game-soundtracks/album/baldurs-gate-ii-soundtrack-2010,2026-10-05,Track title is taken from KHInsider's soundtrack/gamerip album index. Popularity is an explicitly labelled proxy based on BeatHit game rank and track prominence.,"{""culture_category"":""video_game_music"",""video_game"":""Baldur's Gate 3"",""game_rank"":138,""game_association_kind"":""khinsider_game_soundtrack"",""khinsider_album_url"":""https://downloads.khinsider.com/game-soundtracks/album/baldurs-gate-ii-soundtrack-2010"",""khinsider_album_title"":""Baldur's Gate II Soundtrack (baldurs-gate-ii-soundtrack-2010)"",""khinsider_album_kind"":""official_or_gamerip"",""khinsider_album_match_score"":92.85714285714286,""relevance_score_100"":93.92857142857143,""popularity_score_100"":57.51211598797836,""score_100"":79.3619892523342,""popularity_basis"":""BeatHit master-list game rank plus track position proxy""}"
191,Entering Baldur's Gate,Unknown credited artist,[],Baldur's Gate: Enhanced Edition Official Soundtrack (baldurs-gate-enhanced-edition-official-soundtrack-2016),,,"[""video game soundtrack""]","[""und""]",,,,Baldur's Gate 3,,,khinsider_track_prominence_proxy,57.51211598797836,score_0_100,,,,79.3619892523342,,,,https://downloads.khinsider.com/game-soundtracks/album/baldurs-gate-enhanced-edition-official-soundtrack-2016,2026-10-05,Track title is taken from KHInsider's soundtrack/gamerip album index. Popularity is an explicitly labelled proxy based on BeatHit game rank and track prominence.,"{""culture_category"":""video_game_music"",""video_game"":""Baldur's Gate 3"",""game_rank"":138,""game_association_kind"":""khinsider_game_soundtrack"",""khinsider_album_url"":""https://downloads.khinsider.com/game-soundtracks/album/baldurs-gate-enhanced-edition-official-soundtrack-2016"",""khinsider_album_title"":""Baldur's Gate: Enhanced Edition Official Soundtrack (baldurs-gate-enhanced-edition-official-soundtrack-2016)"",""khinsider_album_kind"":""official_or_gamerip"",""khinsider_album_match_score"":92.85714285714286,""relevance_score_100"":93.92857142857143,""popularity_score_100"":57.51211598797836,""score_100"":79.3619892523342,""popularity_basis"":""BeatHit master-list game rank plus track position proxy""}"
192,Baldur’s Gate III (Bonus),Unknown credited artist,[],The Symphony of Sin - Featuring Music from Divinity Original Sin II and Baldur's Gate III (the-symphony-of-sin-featuring-music-from-divinity-original-sin-ii-and-baldur-s-gate-iii-2020),,,"[""video game soundtrack""]","[""und""]",,,,Baldur's Gate 3,,,khinsider_track_prominence_proxy,61.92211598797836,score_0_100,,,,79.32598925233421,,,,https://downloads.khinsider.com/game-soundtracks/album/the-symphony-of-sin-featuring-music-from-divinity-original-sin-ii-and-baldur-s-gate-iii-2020,2026-10-05,Track title is taken from KHInsider's soundtrack/gamerip album index. Popularity is an explicitly labelled proxy based on BeatHit game rank and track prominence.,"{""culture_category"":""video_game_music"",""video_game"":""Baldur's Gate 3"",""game_rank"":138,""game_association_kind"":""khinsider_game_soundtrack"",""khinsider_album_url"":""https://downloads.khinsider.com/game-soundtracks/album/the-symphony-of-sin-featuring-music-from-divinity-original-sin-ii-and-baldur-s-gate-iii-2020"",""khinsider_album_title"":""The Symphony of Sin - Featuring Music from Divinity Original Sin II and Baldur's Gate III (the-symphony-of-sin-featuring-music-from-divinity-original-sin-ii-and-baldur-s-gate-iii-2020)"",""khinsider_album_kind"":""unclassified_game_album"",""khinsider_album_match_score"":92.85714285714286,""relevance_score_100"":90.92857142857143,""popularity_score_100"":61.92211598797836,""score_100"":79.32598925233421,""popularity_basis"":""BeatHit master-list game rank plus track position proxy""}"
193,199137239,Unknown credited artist,[],Baldur's Gate 3 (baldurs-gate-3-windows-gamerip-2023),,,"[""video game soundtrack""]","[""und""]",,,,Baldur's Gate 3,,,khinsider_track_prominence_proxy,48.27211598797836,score_0_100,,,,79.30884639519135,,,,https://downloads.khinsider.com/game-soundtracks/album/baldurs-gate-3-windows-gamerip-2023,2026-10-05,Track title is taken from KHInsider's soundtrack/gamerip album index. Popularity is an explicitly labelled proxy based on BeatHit game rank and track prominence.,"{""culture_category"":""video_game_music"",""video_game"":""Baldur's Gate 3"",""game_rank"":138,""game_association_kind"":""khinsider_game_soundtrack"",""khinsider_album_url"":""https://downloads.khinsider.com/game-soundtracks/album/baldurs-gate-3-windows-gamerip-2023"",""khinsider_album_title"":""Baldur's Gate 3 (baldurs-gate-3-windows-gamerip-2023)"",""khinsider_album_kind"":""official_or_gamerip"",""khinsider_album_match_score"":100.0,""relevance_score_100"":100.0,""popularity_score_100"":48.27211598797836,""score_100"":79.30884639519135,""popularity_basis"":""BeatHit master-list game rank plus track position proxy""}"
194,The Dreams,Unknown credited artist,[],Baldur's Gate II Soundtrack (baldurs-gate-ii-soundtrack-2010),,,"[""video game soundtrack""]","[""und""]",,,,Baldur's Gate 3,,,khinsider_track_prominence_proxy,57.30211598797836,score_0_100,,,,79.27798925233421,,,,https://downloads.khinsider.com/game-soundtracks/album/baldurs-gate-ii-soundtrack-2010,2026-10-05,Track title is taken from KHInsider's soundtrack/gamerip album index. Popularity is an explicitly labelled proxy based on BeatHit game rank and track prominence.,"{""culture_category"":""video_game_music"",""video_game"":""Baldur's Gate 3"",""game_rank"":138,""game_association_kind"":""khinsider_game_soundtrack"",""khinsider_album_url"":""https://downloads.khinsider.com/game-soundtracks/album/baldurs-gate-ii-soundtrack-2010"",""khinsider_album_title"":""Baldur's Gate II Soundtrack (baldurs-gate-ii-soundtrack-2010)"",""khinsider_album_kind"":""official_or_gamerip"",""khinsider_album_match_score"":92.85714285714286,""relevance_score_100"":93.92857142857143,""popularity_score_100"":57.30211598797836,""score_100"":79.27798925233421,""popularity_basis"":""BeatHit master-list game rank plus track position proxy""}"
195,Streets of the City,Unknown credited artist,[],Baldur's Gate: Enhanced Edition Official Soundtrack (baldurs-gate-enhanced-edition-official-soundtrack-2016),,,"[""video game soundtrack""]","[""und""]",,,,Baldur's Gate 3,,,khinsider_track_prominence_proxy,57.30211598797836,score_0_100,,,,79.27798925233421,,,,https://downloads.khinsider.com/game-soundtracks/album/baldurs-gate-enhanced-edition-official-soundtrack-2016,2026-10-05,Track title is taken from KHInsider's soundtrack/gamerip album index. Popularity is an explicitly labelled proxy based on BeatHit game rank and track prominence.,"{""culture_category"":""video_game_music"",""video_game"":""Baldur's Gate 3"",""game_rank"":138,""game_association_kind"":""khinsider_game_soundtrack"",""khinsider_album_url"":""https://downloads.khinsider.com/game-soundtracks/album/baldurs-gate-enhanced-edition-official-soundtrack-2016"",""khinsider_album_title"":""Baldur's Gate: Enhanced Edition Official Soundtrack (baldurs-gate-enhanced-edition-official-soundtrack-2016)"",""khinsider_album_kind"":""official_or_gamerip"",""khinsider_album_match_score"":92.85714285714286,""relevance_score_100"":93.92857142857143,""popularity_score_100"":57.30211598797836,""score_100"":79.27798925233421,""popularity_basis"":""BeatHit master-list game rank plus track position proxy""}"
196,202271611,Unknown credited artist,[],Baldur's Gate 3 (baldurs-gate-3-windows-gamerip-2023),,,"[""video game soundtrack""]","[""und""]",,,,Baldur's Gate 3,,,khinsider_track_prominence_proxy,48.06211598797836,score_0_100,,,,79.22484639519135,,,,https://downloads.khinsider.com/game-soundtracks/album/baldurs-gate-3-windows-gamerip-2023,2026-10-05,Track title is taken from KHInsider's soundtrack/gamerip album index. Popularity is an explicitly labelled proxy based on BeatHit game rank and track prominence.,"{""culture_category"":""video_game_music"",""video_game"":""Baldur's Gate 3"",""game_rank"":138,""game_association_kind"":""khinsider_game_soundtrack"",""khinsider_album_url"":""https://downloads.khinsider.com/game-soundtracks/album/baldurs-gate-3-windows-gamerip-2023"",""khinsider_album_title"":""Baldur's Gate 3 (baldurs-gate-3-windows-gamerip-2023)"",""khinsider_album_kind"":""official_or_gamerip"",""khinsider_album_match_score"":100.0,""relevance_score_100"":100.0,""popularity_score_100"":48.06211598797836,""score_100"":79.22484639519135,""popularity_basis"":""BeatHit master-list game rank plus track position proxy""}"
197,Romance I,Unknown credited artist,[],Baldur's Gate II Soundtrack (baldurs-gate-ii-soundtrack-2010),,,"[""video game soundtrack""]","[""und""]",,,,Baldur's Gate 3,,,khinsider_track_prominence_proxy,57.09211598797836,score_0_100,,,,79.1939892523342,,,,https://downloads.khinsider.com/game-soundtracks/album/baldurs-gate-ii-soundtrack-2010,2026-10-05,Track title is taken from KHInsider's soundtrack/gamerip album index. Popularity is an explicitly labelled proxy based on BeatHit game rank and track prominence.,"{""culture_category"":""video_game_music"",""video_game"":""Baldur's Gate 3"",""game_rank"":138,""game_association_kind"":""khinsider_game_soundtrack"",""khinsider_album_url"":""https://downloads.khinsider.com/game-soundtracks/album/baldurs-gate-ii-soundtrack-2010"",""khinsider_album_title"":""Baldur's Gate II Soundtrack (baldurs-gate-ii-soundtrack-2010)"",""khinsider_album_kind"":""official_or_gamerip"",""khinsider_album_match_score"":92.85714285714286,""relevance_score_100"":93.92857142857143,""popularity_score_100"":57.09211598797836,""score_100"":79.1939892523342,""popularity_basis"":""BeatHit master-list game rank plus track position proxy""}"
198,Romance 1,Unknown credited artist,[],Baldur's Gate II: Enhanced Edition Official Soundtrack (baldurs-gate-ii-enhanced-edition-official-soundtrack-2016),,,"[""video game soundtrack""]","[""und""]",,,,Baldur's Gate 3,,,khinsider_track_prominence_proxy,57.09211598797836,score_0_100,,,,79.1939892523342,,,,https://downloads.khinsider.com/game-soundtracks/album/baldurs-gate-ii-enhanced-edition-official-soundtrack-2016,2026-10-05,Track title is taken from KHInsider's soundtrack/gamerip album index. Popularity is an explicitly labelled proxy based on BeatHit game rank and track prominence.,"{""culture_category"":""video_game_music"",""video_game"":""Baldur's Gate 3"",""game_rank"":138,""game_association_kind"":""khinsider_game_soundtrack"",""khinsider_album_url"":""https://downloads.khinsider.com/game-soundtracks/album/baldurs-gate-ii-enhanced-edition-official-soundtrack-2016"",""khinsider_album_title"":""Baldur's Gate II: Enhanced Edition Official Soundtrack (baldurs-gate-ii-enhanced-edition-official-soundtrack-2016)"",""khinsider_album_kind"":""official_or_gamerip"",""khinsider_album_match_score"":92.85714285714286,""relevance_score_100"":93.92857142857143,""popularity_score_100"":57.09211598797836,""score_100"":79.1939892523342,""popularity_basis"":""BeatHit master-list game rank plus track position proxy""}"
199,Night Falls on Baldur's Gate,Unknown credited artist,[],Baldur's Gate: Enhanced Edition Official Soundtrack (baldurs-gate-enhanced-edition-official-soundtrack-2016),,,"[""video game soundtrack""]","[""und""]",,,,Baldur's Gate 3,,,khinsider_track_prominence_proxy,57.09211598797836,score_0_100,,,,79.1939892523342,,,,https://downloads.khinsider.com/game-soundtracks/album/baldurs-gate-enhanced-edition-official-soundtrack-2016,2026-10-05,Track title is taken from KHInsider's soundtrack/gamerip album index. Popularity is an explicitly labelled proxy based on BeatHit game rank and track prominence.,"{""culture_category"":""video_game_music"",""video_game"":""Baldur's Gate 3"",""game_rank"":138,""game_association_kind"":""khinsider_game_soundtrack"",""khinsider_album_url"":""https://downloads.khinsider.com/game-soundtracks/album/baldurs-gate-enhanced-edition-official-soundtrack-2016"",""khinsider_album_title"":""Baldur's Gate: Enhanced Edition Official Soundtrack (baldurs-gate-enhanced-edition-official-soundtrack-2016)"",""khinsider_album_kind"":""official_or_gamerip"",""khinsider_album_match_score"":92.85714285714286,""relevance_score_100"":93.92857142857143,""popularity_score_100"":57.09211598797836,""score_100"":79.1939892523342,""popularity_basis"":""BeatHit master-list game rank plus track position proxy""}"
200,Down by the River (Music Box),Unknown credited artist,[],Baldur's Gate 3 (baldurs-gate-3-windows-gamerip-2023),,,"[""video game soundtrack""]","[""und""]",,,,Baldur's Gate 3,,,khinsider_track_prominence_proxy,47.85211598797836,score_0_100,,,,79.14084639519135,,,,https://downloads.khinsider.com/game-soundtracks/album/baldurs-gate-3-windows-gamerip-2023,2026-10-05,Track title is taken from KHInsider's soundtrack/gamerip album index. Popularity is an explicitly labelled proxy based on BeatHit game rank and track prominence.,"{""culture_category"":""video_game_music"",""video_game"":""Baldur's Gate 3"",""game_rank"":138,""game_association_kind"":""khinsider_game_soundtrack"",""khinsider_album_url"":""https://downloads.khinsider.com/game-soundtracks/album/baldurs-gate-3-windows-gamerip-2023"",""khinsider_album_title"":""Baldur's Gate 3 (baldurs-gate-3-windows-gamerip-2023)"",""khinsider_album_kind"":""official_or_gamerip"",""khinsider_album_match_score"":100.0,""relevance_score_100"":100.0,""popularity_score_100"":47.85211598797836,""score_100"":79.14084639519135,""popularity_basis"":""BeatHit master-list game rank plus track position proxy""}"
201,Romance II,Unknown credited artist,[],Baldur's Gate II Soundtrack (baldurs-gate-ii-soundtrack-2010),,,"[""video game soundtrack""]","[""und""]",,,,Baldur's Gate 3,,,khinsider_track_prominence_proxy,56.88211598797836,score_0_100,,,,79.1099892523342,,,,https://downloads.khinsider.com/game-soundtracks/album/baldurs-gate-ii-soundtrack-2010,2026-10-05,Track title is taken from KHInsider's soundtrack/gamerip album index. Popularity is an explicitly labelled proxy based on BeatHit game rank and track prominence.,"{""culture_category"":""video_game_music"",""video_game"":""Baldur's Gate 3"",""game_rank"":138,""game_association_kind"":""khinsider_game_soundtrack"",""khinsider_album_url"":""https://downloads.khinsider.com/game-soundtracks/album/baldurs-gate-ii-soundtrack-2010"",""khinsider_album_title"":""Baldur's Gate II Soundtrack (baldurs-gate-ii-soundtrack-2010)"",""khinsider_album_kind"":""official_or_gamerip"",""khinsider_album_match_score"":92.85714285714286,""relevance_score_100"":93.92857142857143,""popularity_score_100"":56.88211598797836,""score_100"":79.1099892523342,""popularity_basis"":""BeatHit master-list game rank plus track position proxy""}"
202,Romance 2,Unknown credited artist,[],Baldur's Gate II: Enhanced Edition Official Soundtrack (baldurs-gate-ii-enhanced-edition-official-soundtrack-2016),,,"[""video game soundtrack""]","[""und""]",,,,Baldur's Gate 3,,,khinsider_track_prominence_proxy,56.88211598797836,score_0_100,,,,79.1099892523342,,,,https://downloads.khinsider.com/game-soundtracks/album/baldurs-gate-ii-enhanced-edition-official-soundtrack-2016,2026-10-05,Track title is taken from KHInsider's soundtrack/gamerip album index. Popularity is an explicitly labelled proxy based on BeatHit game rank and track prominence.,"{""culture_category"":""video_game_music"",""video_game"":""Baldur's Gate 3"",""game_rank"":138,""game_association_kind"":""khinsider_game_soundtrack"",""khinsider_album_url"":""https://downloads.khinsider.com/game-soundtracks/album/baldurs-gate-ii-enhanced-edition-official-soundtrack-2016"",""khinsider_album_title"":""Baldur's Gate II: Enhanced Edition Official Soundtrack (baldurs-gate-ii-enhanced-edition-official-soundtrack-2016)"",""khinsider_album_kind"":""official_or_gamerip"",""khinsider_album_match_score"":92.85714285714286,""relevance_score_100"":93.92857142857143,""popularity_score_100"":56.88211598797836,""score_100"":79.1099892523342,""popularity_basis"":""BeatHit master-list game rank plus track position proxy""}"
203,The Lady's House,Unknown credited artist,[],Baldur's Gate: Enhanced Edition Official Soundtrack (baldurs-gate-enhanced-edition-official-soundtrack-2016),,,"[""video game soundtrack""]","[""und""]",,,,Baldur's Gate 3,,,khinsider_track_prominence_proxy,56.88211598797836,score_0_100,,,,79.1099892523342,,,,https://downloads.khinsider.com/game-soundtracks/album/baldurs-gate-enhanced-edition-official-soundtrack-2016,2026-10-05,Track title is taken from KHInsider's soundtrack/gamerip album index. Popularity is an explicitly labelled proxy based on BeatHit game rank and track prominence.,"{""culture_category"":""video_game_music"",""video_game"":""Baldur's Gate 3"",""game_rank"":138,""game_association_kind"":""khinsider_game_soundtrack"",""khinsider_album_url"":""https://downloads.khinsider.com/game-soundtracks/album/baldurs-gate-enhanced-edition-official-soundtrack-2016"",""khinsider_album_title"":""Baldur's Gate: Enhanced Edition Official Soundtrack (baldurs-gate-enhanced-edition-official-soundtrack-2016)"",""khinsider_album_kind"":""official_or_gamerip"",""khinsider_album_match_score"":92.85714285714286,""relevance_score_100"":93.92857142857143,""popularity_score_100"":56.88211598797836,""score_100"":79.1099892523342,""popularity_basis"":""BeatHit master-list game rank plus track position proxy""}"
204,Dungeon Delve,Unknown credited artist,[],Baldur's Gate 3 (baldurs-gate-3-windows-gamerip-2023),,,"[""video game soundtrack""]","[""und""]",,,,Baldur's Gate 3,,,khinsider_track_prominence_proxy,47.64211598797836,score_0_100,,,,79.05684639519134,,,,https://downloads.khinsider.com/game-soundtracks/album/baldurs-gate-3-windows-gamerip-2023,2026-10-05,Track title is taken from KHInsider's soundtrack/gamerip album index. Popularity is an explicitly labelled proxy based on BeatHit game rank and track prominence.,"{""culture_category"":""video_game_music"",""video_game"":""Baldur's Gate 3"",""game_rank"":138,""game_association_kind"":""khinsider_game_soundtrack"",""khinsider_album_url"":""https://downloads.khinsider.com/game-soundtracks/album/baldurs-gate-3-windows-gamerip-2023"",""khinsider_album_title"":""Baldur's Gate 3 (baldurs-gate-3-windows-gamerip-2023)"",""khinsider_album_kind"":""official_or_gamerip"",""khinsider_album_match_score"":100.0,""relevance_score_100"":100.0,""popularity_score_100"":47.64211598797836,""score_100"":79.05684639519134,""popularity_basis"":""BeatHit master-list game rank plus track position proxy""}"
205,The Bad,Unknown credited artist,[],Baldur's Gate II Soundtrack (baldurs-gate-ii-soundtrack-2010),,,"[""video game soundtrack""]","[""und""]",,,,Baldur's Gate 3,,,khinsider_track_prominence_proxy,56.67211598797836,score_0_100,,,,79.0259892523342,,,,https://downloads.khinsider.com/game-soundtracks/album/baldurs-gate-ii-soundtrack-2010,2026-10-05,Track title is taken from KHInsider's soundtrack/gamerip album index. Popularity is an explicitly labelled proxy based on BeatHit game rank and track prominence.,"{""culture_category"":""video_game_music"",""video_game"":""Baldur's Gate 3"",""game_rank"":138,""game_association_kind"":""khinsider_game_soundtrack"",""khinsider_album_url"":""https://downloads.khinsider.com/game-soundtracks/album/baldurs-gate-ii-soundtrack-2010"",""khinsider_album_title"":""Baldur's Gate II Soundtrack (baldurs-gate-ii-soundtrack-2010)"",""khinsider_album_kind"":""official_or_gamerip"",""khinsider_album_match_score"":92.85714285714286,""relevance_score_100"":93.92857142857143,""popularity_score_100"":56.67211598797836,""score_100"":79.0259892523342,""popularity_basis"":""BeatHit master-list game rank plus track position proxy""}"
206,Down to the Sewers,Unknown credited artist,[],Baldur's Gate: Enhanced Edition Official Soundtrack (baldurs-gate-enhanced-edition-official-soundtrack-2016),,,"[""video game soundtrack""]","[""und""]",,,,Baldur's Gate 3,,,khinsider_track_prominence_proxy,56.67211598797836,score_0_100,,,,79.0259892523342,,,,https://downloads.khinsider.com/game-soundtracks/album/baldurs-gate-enhanced-edition-official-soundtrack-2016,2026-10-05,Track title is taken from KHInsider's soundtrack/gamerip album index. Popularity is an explicitly labelled proxy based on BeatHit game rank and track prominence.,"{""culture_category"":""video_game_music"",""video_game"":""Baldur's Gate 3"",""game_rank"":138,""game_association_kind"":""khinsider_game_soundtrack"",""khinsider_album_url"":""https://downloads.khinsider.com/game-soundtracks/album/baldurs-gate-enhanced-edition-official-soundtrack-2016"",""khinsider_album_title"":""Baldur's Gate: Enhanced Edition Official Soundtrack (baldurs-gate-enhanced-edition-official-soundtrack-2016)"",""khinsider_album_kind"":""official_or_gamerip"",""khinsider_album_match_score"":92.85714285714286,""relevance_score_100"":93.92857142857143,""popularity_score_100"":56.67211598797836,""score_100"":79.0259892523342,""popularity_basis"":""BeatHit master-list game rank plus track position proxy""}"
207,Sing for Me (Divinity Original Sin 2),Unknown credited artist,[],Baldur's Gate 3 (baldurs-gate-3-windows-gamerip-2023),,,"[""video game soundtrack""]","[""und""]",,,,Baldur's Gate 3,,,khinsider_track_prominence_proxy,47.432115987978364,score_0_100,,,,78.97284639519134,,,,https://downloads.khinsider.com/game-soundtracks/album/baldurs-gate-3-windows-gamerip-2023,2026-10-05,Track title is taken from KHInsider's soundtrack/gamerip album index. Popularity is an explicitly labelled proxy based on BeatHit game rank and track prominence.,"{""culture_category"":""video_game_music"",""video_game"":""Baldur's Gate 3"",""game_rank"":138,""game_association_kind"":""khinsider_game_soundtrack"",""khinsider_album_url"":""https://downloads.khinsider.com/game-soundtracks/album/baldurs-gate-3-windows-gamerip-2023"",""khinsider_album_title"":""Baldur's Gate 3 (baldurs-gate-3-windows-gamerip-2023)"",""khinsider_album_kind"":""official_or_gamerip"",""khinsider_album_match_score"":100.0,""relevance_score_100"":100.0,""popularity_score_100"":47.432115987978364,""score_100"":78.97284639519134,""popularity_basis"":""BeatHit master-list game rank plus track position proxy""}"
208,The Good,Unknown credited artist,[],Baldur's Gate II Soundtrack (baldurs-gate-ii-soundtrack-2010),,,"[""video game soundtrack""]","[""und""]",,,,Baldur's Gate 3,,,khinsider_track_prominence_proxy,56.462115987978365,score_0_100,,,,78.9419892523342,,,,https://downloads.khinsider.com/game-soundtracks/album/baldurs-gate-ii-soundtrack-2010,2026-10-05,Track title is taken from KHInsider's soundtrack/gamerip album index. Popularity is an explicitly labelled proxy based on BeatHit game rank and track prominence.,"{""culture_category"":""video_game_music"",""video_game"":""Baldur's Gate 3"",""game_rank"":138,""game_association_kind"":""khinsider_game_soundtrack"",""khinsider_album_url"":""https://downloads.khinsider.com/game-soundtracks/album/baldurs-gate-ii-soundtrack-2010"",""khinsider_album_title"":""Baldur's Gate II Soundtrack (baldurs-gate-ii-soundtrack-2010)"",""khinsider_album_kind"":""official_or_gamerip"",""khinsider_album_match_score"":92.85714285714286,""relevance_score_100"":93.92857142857143,""popularity_score_100"":56.462115987978365,""score_100"":78.9419892523342,""popularity_basis"":""BeatHit master-list game rank plus track position proxy""}"
209,Fighting for Survival,Unknown credited artist,[],Baldur's Gate: Enhanced Edition Official Soundtrack (baldurs-gate-enhanced-edition-official-soundtrack-2016),,,"[""video game soundtrack""]","[""und""]",,,,Baldur's Gate 3,,,khinsider_track_prominence_proxy,56.462115987978365,score_0_100,,,,78.9419892523342,,,,https://downloads.khinsider.com/game-soundtracks/album/baldurs-gate-enhanced-edition-official-soundtrack-2016,2026-10-05,Track title is taken from KHInsider's soundtrack/gamerip album index. Popularity is an explicitly labelled proxy based on BeatHit game rank and track prominence.,"{""culture_category"":""video_game_music"",""video_game"":""Baldur's Gate 3"",""game_rank"":138,""game_association_kind"":""khinsider_game_soundtrack"",""khinsider_album_url"":""https://downloads.khinsider.com/game-soundtracks/album/baldurs-gate-enhanced-edition-official-soundtrack-2016"",""khinsider_album_title"":""Baldur's Gate: Enhanced Edition Official Soundtrack (baldurs-gate-enhanced-edition-official-soundtrack-2016)"",""khinsider_album_kind"":""official_or_gamerip"",""khinsider_album_match_score"":92.85714285714286,""relevance_score_100"":93.92857142857143,""popularity_score_100"":56.462115987978365,""score_100"":78.9419892523342,""popularity_basis"":""BeatHit master-list game rank plus track position proxy""}"
210,217076798,Unknown credited artist,[],Baldur's Gate 3 (baldurs-gate-3-windows-gamerip-2023),,,"[""video game soundtrack""]","[""und""]",,,,Baldur's Gate 3,,,khinsider_track_prominence_proxy,47.22211598797836,score_0_100,,,,78.88884639519135,,,,https://downloads.khinsider.com/game-soundtracks/album/baldurs-gate-3-windows-gamerip-2023,2026-10-05,Track title is taken from KHInsider's soundtrack/gamerip album index. Popularity is an explicitly labelled proxy based on BeatHit game rank and track prominence.,"{""culture_category"":""video_game_music"",""video_game"":""Baldur's Gate 3"",""game_rank"":138,""game_association_kind"":""khinsider_game_soundtrack"",""khinsider_album_url"":""https://downloads.khinsider.com/game-soundtracks/album/baldurs-gate-3-windows-gamerip-2023"",""khinsider_album_title"":""Baldur's Gate 3 (baldurs-gate-3-windows-gamerip-2023)"",""khinsider_album_kind"":""official_or_gamerip"",""khinsider_album_match_score"":100.0,""relevance_score_100"":100.0,""popularity_score_100"":47.22211598797836,""score_100"":78.88884639519135,""popularity_basis"":""BeatHit master-list game rank plus track position proxy""}"
211,Sewer Battle,Unknown credited artist,[],Baldur's Gate II Soundtrack (baldurs-gate-ii-soundtrack-2010),,,"[""video game soundtrack""]","[""und""]",,,,Baldur's Gate 3,,,khinsider_track_prominence_proxy,56.25211598797836,score_0_100,,,,78.85798925233419,,,,https://downloads.khinsider.com/game-soundtracks/album/baldurs-gate-ii-soundtrack-2010,2026-10-05,Track title is taken from KHInsider's soundtrack/gamerip album index. Popularity is an explicitly labelled proxy based on BeatHit game rank and track prominence.,"{""culture_category"":""video_game_music"",""video_game"":""Baldur's Gate 3"",""game_rank"":138,""game_association_kind"":""khinsider_game_soundtrack"",""khinsider_album_url"":""https://downloads.khinsider.com/game-soundtracks/album/baldurs-gate-ii-soundtrack-2010"",""khinsider_album_title"":""Baldur's Gate II Soundtrack (baldurs-gate-ii-soundtrack-2010)"",""khinsider_album_kind"":""official_or_gamerip"",""khinsider_album_match_score"":92.85714285714286,""relevance_score_100"":93.92857142857143,""popularity_score_100"":56.25211598797836,""score_100"":78.85798925233419,""popularity_basis"":""BeatHit master-list game rank plus track position proxy""}"
212,Ever Deeper,Unknown credited artist,[],Baldur's Gate: Enhanced Edition Official Soundtrack (baldurs-gate-enhanced-edition-official-soundtrack-2016),,,"[""video game soundtrack""]","[""und""]",,,,Baldur's Gate 3,,,khinsider_track_prominence_proxy,56.25211598797836,score_0_100,,,,78.85798925233419,,,,https://downloads.khinsider.com/game-soundtracks/album/baldurs-gate-enhanced-edition-official-soundtrack-2016,2026-10-05,Track title is taken from KHInsider's soundtrack/gamerip album index. Popularity is an explicitly labelled proxy based on BeatHit game rank and track prominence.,"{""culture_category"":""video_game_music"",""video_game"":""Baldur's Gate 3"",""game_rank"":138,""game_association_kind"":""khinsider_game_soundtrack"",""khinsider_album_url"":""https://downloads.khinsider.com/game-soundtracks/album/baldurs-gate-enhanced-edition-official-soundtrack-2016"",""khinsider_album_title"":""Baldur's Gate: Enhanced Edition Official Soundtrack (baldurs-gate-enhanced-edition-official-soundtrack-2016)"",""khinsider_album_kind"":""official_or_gamerip"",""khinsider_album_match_score"":92.85714285714286,""relevance_score_100"":93.92857142857143,""popularity_score_100"":56.25211598797836,""score_100"":78.85798925233419,""popularity_basis"":""BeatHit master-list game rank plus track position proxy""}"
213,Rosymorn Monastery (Alternative),Unknown credited artist,[],Baldur's Gate 3 (baldurs-gate-3-windows-gamerip-2023),,,"[""video game soundtrack""]","[""und""]",,,,Baldur's Gate 3,,,khinsider_track_prominence_proxy,47.01211598797836,score_0_100,,,,78.80484639519135,,,,https://downloads.khinsider.com/game-soundtracks/album/baldurs-gate-3-windows-gamerip-2023,2026-10-05,Track title is taken from KHInsider's soundtrack/gamerip album index. Popularity is an explicitly labelled proxy based on BeatHit game rank and track prominence.,"{""culture_category"":""video_game_music"",""video_game"":""Baldur's Gate 3"",""game_rank"":138,""game_association_kind"":""khinsider_game_soundtrack"",""khinsider_album_url"":""https://downloads.khinsider.com/game-soundtracks/album/baldurs-gate-3-windows-gamerip-2023"",""khinsider_album_title"":""Baldur's Gate 3 (baldurs-gate-3-windows-gamerip-2023)"",""khinsider_album_kind"":""official_or_gamerip"",""khinsider_album_match_score"":100.0,""relevance_score_100"":100.0,""popularity_score_100"":47.01211598797836,""score_100"":78.80484639519135,""popularity_basis"":""BeatHit master-list game rank plus track position proxy""}"
214,Amongst the Sahauq,Unknown credited artist,[],Baldur's Gate II Soundtrack (baldurs-gate-ii-soundtrack-2010),,,"[""video game soundtrack""]","[""und""]",,,,Baldur's Gate 3,,,khinsider_track_prominence_proxy,56.04211598797836,score_0_100,,,,78.7739892523342,,,,https://downloads.khinsider.com/game-soundtracks/album/baldurs-gate-ii-soundtrack-2010,2026-10-05,Track title is taken from KHInsider's soundtrack/gamerip album index. Popularity is an explicitly labelled proxy based on BeatHit game rank and track prominence.,"{""culture_category"":""video_game_music"",""video_game"":""Baldur's Gate 3"",""game_rank"":138,""game_association_kind"":""khinsider_game_soundtrack"",""khinsider_album_url"":""https://downloads.khinsider.com/game-soundtracks/album/baldurs-gate-ii-soundtrack-2010"",""khinsider_album_title"":""Baldur's Gate II Soundtrack (baldurs-gate-ii-soundtrack-2010)"",""khinsider_album_kind"":""official_or_gamerip"",""khinsider_album_match_score"":92.85714285714286,""relevance_score_100"":93.92857142857143,""popularity_score_100"":56.04211598797836,""score_100"":78.7739892523342,""popularity_basis"":""BeatHit master-list game rank plus track position proxy""}"
215,Amongst the Sahuagin,Unknown credited artist,[],Baldur's Gate II: Enhanced Edition Official Soundtrack (baldurs-gate-ii-enhanced-edition-official-soundtrack-2016),,,"[""video game soundtrack""]","[""und""]",,,,Baldur's Gate 3,,,khinsider_track_prominence_proxy,56.04211598797836,score_0_100,,,,78.7739892523342,,,,https://downloads.khinsider.com/game-soundtracks/album/baldurs-gate-ii-enhanced-edition-official-soundtrack-2016,2026-10-05,Track title is taken from KHInsider's soundtrack/gamerip album index. Popularity is an explicitly labelled proxy based on BeatHit game rank and track prominence.,"{""culture_category"":""video_game_music"",""video_game"":""Baldur's Gate 3"",""game_rank"":138,""game_association_kind"":""khinsider_game_soundtrack"",""khinsider_album_url"":""https://downloads.khinsider.com/game-soundtracks/album/baldurs-gate-ii-enhanced-edition-official-soundtrack-2016"",""khinsider_album_title"":""Baldur's Gate II: Enhanced Edition Official Soundtrack (baldurs-gate-ii-enhanced-edition-official-soundtrack-2016)"",""khinsider_album_kind"":""official_or_gamerip"",""khinsider_album_match_score"":92.85714285714286,""relevance_score_100"":93.92857142857143,""popularity_score_100"":56.04211598797836,""score_100"":78.7739892523342,""popularity_basis"":""BeatHit master-list game rank plus track position proxy""}"
216,The Last Battle,Unknown credited artist,[],Baldur's Gate: Enhanced Edition Official Soundtrack (baldurs-gate-enhanced-edition-official-soundtrack-2016),,,"[""video game soundtrack""]","[""und""]",,,,Baldur's Gate 3,,,khinsider_track_prominence_proxy,56.04211598797836,score_0_100,,,,78.7739892523342,,,,https://downloads.khinsider.com/game-soundtracks/album/baldurs-gate-enhanced-edition-official-soundtrack-2016,2026-10-05,Track title is taken from KHInsider's soundtrack/gamerip album index. Popularity is an explicitly labelled proxy based on BeatHit game rank and track prominence.,"{""culture_category"":""video_game_music"",""video_game"":""Baldur's Gate 3"",""game_rank"":138,""game_association_kind"":""khinsider_game_soundtrack"",""khinsider_album_url"":""https://downloads.khinsider.com/game-soundtracks/album/baldurs-gate-enhanced-edition-official-soundtrack-2016"",""khinsider_album_title"":""Baldur's Gate: Enhanced Edition Official Soundtrack (baldurs-gate-enhanced-edition-official-soundtrack-2016)"",""khinsider_album_kind"":""official_or_gamerip"",""khinsider_album_match_score"":92.85714285714286,""relevance_score_100"":93.92857142857143,""popularity_score_100"":56.04211598797836,""score_100"":78.7739892523342,""popularity_basis"":""BeatHit master-list game rank plus track position proxy""}"
217,Emperor's Rush of Feeling,Unknown credited artist,[],Baldur's Gate 3 (baldurs-gate-3-windows-gamerip-2023),,,"[""video game soundtrack""]","[""und""]",,,,Baldur's Gate 3,,,khinsider_track_prominence_proxy,46.80211598797836,score_0_100,,,,78.72084639519134,,,,https://downloads.khinsider.com/game-soundtracks/album/baldurs-gate-3-windows-gamerip-2023,2026-10-05,Track title is taken from KHInsider's soundtrack/gamerip album index. Popularity is an explicitly labelled proxy based on BeatHit game rank and track prominence.,"{""culture_category"":""video_game_music"",""video_game"":""Baldur's Gate 3"",""game_rank"":138,""game_association_kind"":""khinsider_game_soundtrack"",""khinsider_album_url"":""https://downloads.khinsider.com/game-soundtracks/album/baldurs-gate-3-windows-gamerip-2023"",""khinsider_album_title"":""Baldur's Gate 3 (baldurs-gate-3-windows-gamerip-2023)"",""khinsider_album_kind"":""official_or_gamerip"",""khinsider_album_match_score"":100.0,""relevance_score_100"":100.0,""popularity_score_100"":46.80211598797836,""score_100"":78.72084639519134,""popularity_basis"":""BeatHit master-list game rank plus track position proxy""}"
218,Shadow Battle,Unknown credited artist,[],Baldur's Gate II Soundtrack (baldurs-gate-ii-soundtrack-2010),,,"[""video game soundtrack""]","[""und""]",,,,Baldur's Gate 3,,,khinsider_track_prominence_proxy,55.832115987978355,score_0_100,,,,78.6899892523342,,,,https://downloads.khinsider.com/game-soundtracks/album/baldurs-gate-ii-soundtrack-2010,2026-10-05,Track title is taken from KHInsider's soundtrack/gamerip album index. Popularity is an explicitly labelled proxy based on BeatHit game rank and track prominence.,"{""culture_category"":""video_game_music"",""video_game"":""Baldur's Gate 3"",""game_rank"":138,""game_association_kind"":""khinsider_game_soundtrack"",""khinsider_album_url"":""https://downloads.khinsider.com/game-soundtracks/album/baldurs-gate-ii-soundtrack-2010"",""khinsider_album_title"":""Baldur's Gate II Soundtrack (baldurs-gate-ii-soundtrack-2010)"",""khinsider_album_kind"":""official_or_gamerip"",""khinsider_album_match_score"":92.85714285714286,""relevance_score_100"":93.92857142857143,""popularity_score_100"":55.832115987978355,""score_100"":78.6899892523342,""popularity_basis"":""BeatHit master-list game rank plus track position proxy""}"
219,End of the Quest,Unknown credited artist,[],Baldur's Gate: Enhanced Edition Official Soundtrack (baldurs-gate-enhanced-edition-official-soundtrack-2016),,,"[""video game soundtrack""]","[""und""]",,,,Baldur's Gate 3,,,khinsider_track_prominence_proxy,55.832115987978355,score_0_100,,,,78.6899892523342,,,,https://downloads.khinsider.com/game-soundtracks/album/baldurs-gate-enhanced-edition-official-soundtrack-2016,2026-10-05,Track title is taken from KHInsider's soundtrack/gamerip album index. Popularity is an explicitly labelled proxy based on BeatHit game rank and track prominence.,"{""culture_category"":""video_game_music"",""video_game"":""Baldur's Gate 3"",""game_rank"":138,""game_association_kind"":""khinsider_game_soundtrack"",""khinsider_album_url"":""https://downloads.khinsider.com/game-soundtracks/album/baldurs-gate-enhanced-edition-official-soundtrack-2016"",""khinsider_album_title"":""Baldur's Gate: Enhanced Edition Official Soundtrack (baldurs-gate-enhanced-edition-official-soundtrack-2016)"",""khinsider_album_kind"":""official_or_gamerip"",""khinsider_album_match_score"":92.85714285714286,""relevance_score_100"":93.92857142857143,""popularity_score_100"":55.832115987978355,""score_100"":78.6899892523342,""popularity_basis"":""BeatHit master-list game rank plus track position proxy""}"
220,Rosymorn Monastery (Alternative) (Creche Yllek),Unknown credited artist,[],Baldur's Gate 3 (baldurs-gate-3-windows-gamerip-2023),,,"[""video game soundtrack""]","[""und""]",,,,Baldur's Gate 3,,,khinsider_track_prominence_proxy,46.59211598797836,score_0_100,,,,78.63684639519134,,,,https://downloads.khinsider.com/game-soundtracks/album/baldurs-gate-3-windows-gamerip-2023,2026-10-05,Track title is taken from KHInsider's soundtrack/gamerip album index. Popularity is an explicitly labelled proxy based on BeatHit game rank and track prominence.,"{""culture_category"":""video_game_music"",""video_game"":""Baldur's Gate 3"",""game_rank"":138,""game_association_kind"":""khinsider_game_soundtrack"",""khinsider_album_url"":""https://downloads.khinsider.com/game-soundtracks/album/baldurs-gate-3-windows-gamerip-2023"",""khinsider_album_title"":""Baldur's Gate 3 (baldurs-gate-3-windows-gamerip-2023)"",""khinsider_album_kind"":""official_or_gamerip"",""khinsider_album_match_score"":100.0,""relevance_score_100"":100.0,""popularity_score_100"":46.59211598797836,""score_100"":78.63684639519134,""popularity_basis"":""BeatHit master-list game rank plus track position proxy""}"
221,Temple District (Unreleased),Unknown credited artist,[],Baldur's Gate II: Enhanced Edition Official Soundtrack (baldurs-gate-ii-enhanced-edition-official-soundtrack-2016),,,"[""video game soundtrack""]","[""und""]",,,,Baldur's Gate 3,,,khinsider_track_prominence_proxy,55.62211598797836,score_0_100,,,,78.6059892523342,,,,https://downloads.khinsider.com/game-soundtracks/album/baldurs-gate-ii-enhanced-edition-official-soundtrack-2016,2026-10-05,Track title is taken from KHInsider's soundtrack/gamerip album index. Popularity is an explicitly labelled proxy based on BeatHit game rank and track prominence.,"{""culture_category"":""video_game_music"",""video_game"":""Baldur's Gate 3"",""game_rank"":138,""game_association_kind"":""khinsider_game_soundtrack"",""khinsider_album_url"":""https://downloads.khinsider.com/game-soundtracks/album/baldurs-gate-ii-enhanced-edition-official-soundtrack-2016"",""khinsider_album_title"":""Baldur's Gate II: Enhanced Edition Official Soundtrack (baldurs-gate-ii-enhanced-edition-official-soundtrack-2016)"",""khinsider_album_kind"":""official_or_gamerip"",""khinsider_album_match_score"":92.85714285714286,""relevance_score_100"":93.92857142857143,""popularity_score_100"":55.62211598797836,""score_100"":78.6059892523342,""popularity_basis"":""BeatHit master-list game rank plus track position proxy""}"
222,Rebirth of a Legend (BG -EE),Unknown credited artist,[],Baldur's Gate: Enhanced Edition Official Soundtrack (baldurs-gate-enhanced-edition-official-soundtrack-2016),,,"[""video game soundtrack""]","[""und""]",,,,Baldur's Gate 3,,,khinsider_track_prominence_proxy,55.62211598797836,score_0_100,,,,78.6059892523342,,,,https://downloads.khinsider.com/game-soundtracks/album/baldurs-gate-enhanced-edition-official-soundtrack-2016,2026-10-05,Track title is taken from KHInsider's soundtrack/gamerip album index. Popularity is an explicitly labelled proxy based on BeatHit game rank and track prominence.,"{""culture_category"":""video_game_music"",""video_game"":""Baldur's Gate 3"",""game_rank"":138,""game_association_kind"":""khinsider_game_soundtrack"",""khinsider_album_url"":""https://downloads.khinsider.com/game-soundtracks/album/baldurs-gate-enhanced-edition-official-soundtrack-2016"",""khinsider_album_title"":""Baldur's Gate: Enhanced Edition Official Soundtrack (baldurs-gate-enhanced-edition-official-soundtrack-2016)"",""khinsider_album_kind"":""official_or_gamerip"",""khinsider_album_match_score"":92.85714285714286,""relevance_score_100"":93.92857142857143,""popularity_score_100"":55.62211598797836,""score_100"":78.6059892523342,""popularity_basis"":""BeatHit master-list game rank plus track position proxy""}"
223,The Legacy of Bhaal (Alternative Combat) (Murder Tribunal),Unknown credited artist,[],Baldur's Gate 3 (baldurs-gate-3-windows-gamerip-2023),,,"[""video game soundtrack""]","[""und""]",,,,Baldur's Gate 3,,,khinsider_track_prominence_proxy,46.38211598797836,score_0_100,,,,78.55284639519135,,,,https://downloads.khinsider.com/game-soundtracks/album/baldurs-gate-3-windows-gamerip-2023,2026-10-05,Track title is taken from KHInsider's soundtrack/gamerip album index. Popularity is an explicitly labelled proxy based on BeatHit game rank and track prominence.,"{""culture_category"":""video_game_music"",""video_game"":""Baldur's Gate 3"",""game_rank"":138,""game_association_kind"":""khinsider_game_soundtrack"",""khinsider_album_url"":""https://downloads.khinsider.com/game-soundtracks/album/baldurs-gate-3-windows-gamerip-2023"",""khinsider_album_title"":""Baldur's Gate 3 (baldurs-gate-3-windows-gamerip-2023)"",""khinsider_album_kind"":""official_or_gamerip"",""khinsider_album_match_score"":100.0,""relevance_score_100"":100.0,""popularity_score_100"":46.38211598797836,""score_100"":78.55284639519135,""popularity_basis"":""BeatHit master-list game rank plus track position proxy""}"
224,The Shadow Portal (Unreleased),Unknown credited artist,[],Baldur's Gate II: Enhanced Edition Official Soundtrack (baldurs-gate-ii-enhanced-edition-official-soundtrack-2016),,,"[""video game soundtrack""]","[""und""]",,,,Baldur's Gate 3,,,khinsider_track_prominence_proxy,55.41211598797836,score_0_100,,,,78.52198925233421,,,,https://downloads.khinsider.com/game-soundtracks/album/baldurs-gate-ii-enhanced-edition-official-soundtrack-2016,2026-10-05,Track title is taken from KHInsider's soundtrack/gamerip album index. Popularity is an explicitly labelled proxy based on BeatHit game rank and track prominence.,"{""culture_category"":""video_game_music"",""video_game"":""Baldur's Gate 3"",""game_rank"":138,""game_association_kind"":""khinsider_game_soundtrack"",""khinsider_album_url"":""https://downloads.khinsider.com/game-soundtracks/album/baldurs-gate-ii-enhanced-edition-official-soundtrack-2016"",""khinsider_album_title"":""Baldur's Gate II: Enhanced Edition Official Soundtrack (baldurs-gate-ii-enhanced-edition-official-soundtrack-2016)"",""khinsider_album_kind"":""official_or_gamerip"",""khinsider_album_match_score"":92.85714285714286,""relevance_score_100"":93.92857142857143,""popularity_score_100"":55.41211598797836,""score_100"":78.52198925233421,""popularity_basis"":""BeatHit master-list game rank plus track position proxy""}"
225,Adoy's Enclave (BG -EE),Unknown credited artist,[],Baldur's Gate: Enhanced Edition Official Soundtrack (baldurs-gate-enhanced-edition-official-soundtrack-2016),,,"[""video game soundtrack""]","[""und""]",,,,Baldur's Gate 3,,,khinsider_track_prominence_proxy,55.41211598797836,score_0_100,,,,78.52198925233421,,,,https://downloads.khinsider.com/game-soundtracks/album/baldurs-gate-enhanced-edition-official-soundtrack-2016,2026-10-05,Track title is taken from KHInsider's soundtrack/gamerip album index. Popularity is an explicitly labelled proxy based on BeatHit game rank and track prominence.,"{""culture_category"":""video_game_music"",""video_game"":""Baldur's Gate 3"",""game_rank"":138,""game_association_kind"":""khinsider_game_soundtrack"",""khinsider_album_url"":""https://downloads.khinsider.com/game-soundtracks/album/baldurs-gate-enhanced-edition-official-soundtrack-2016"",""khinsider_album_title"":""Baldur's Gate: Enhanced Edition Official Soundtrack (baldurs-gate-enhanced-edition-official-soundtrack-2016)"",""khinsider_album_kind"":""official_or_gamerip"",""khinsider_album_match_score"":92.85714285714286,""relevance_score_100"":93.92857142857143,""popularity_score_100"":55.41211598797836,""score_100"":78.52198925233421,""popularity_basis"":""BeatHit master-list game rank plus track position proxy""}"
226,230747870,Unknown credited artist,[],Baldur's Gate 3 (baldurs-gate-3-windows-gamerip-2023),,,"[""video game soundtrack""]","[""und""]",,,,Baldur's Gate 3,,,khinsider_track_prominence_proxy,46.17211598797836,score_0_100,,,,78.46884639519135,,,,https://downloads.khinsider.com/game-soundtracks/album/baldurs-gate-3-windows-gamerip-2023,2026-10-05,Track title is taken from KHInsider's soundtrack/gamerip album index. Popularity is an explicitly labelled proxy based on BeatHit game rank and track prominence.,"{""culture_category"":""video_game_music"",""video_game"":""Baldur's Gate 3"",""game_rank"":138,""game_association_kind"":""khinsider_game_soundtrack"",""khinsider_album_url"":""https://downloads.khinsider.com/game-soundtracks/album/baldurs-gate-3-windows-gamerip-2023"",""khinsider_album_title"":""Baldur's Gate 3 (baldurs-gate-3-windows-gamerip-2023)"",""khinsider_album_kind"":""official_or_gamerip"",""khinsider_album_match_score"":100.0,""relevance_score_100"":100.0,""popularity_score_100"":46.17211598797836,""score_100"":78.46884639519135,""popularity_basis"":""BeatHit master-list game rank plus track position proxy""}"
227,Dungeon Battle 2 (Unreleased),Unknown credited artist,[],Baldur's Gate II: Enhanced Edition Official Soundtrack (baldurs-gate-ii-enhanced-edition-official-soundtrack-2016),,,"[""video game soundtrack""]","[""und""]",,,,Baldur's Gate 3,,,khinsider_track_prominence_proxy,55.20211598797836,score_0_100,,,,78.4379892523342,,,,https://downloads.khinsider.com/game-soundtracks/album/baldurs-gate-ii-enhanced-edition-official-soundtrack-2016,2026-10-05,Track title is taken from KHInsider's soundtrack/gamerip album index. Popularity is an explicitly labelled proxy based on BeatHit game rank and track prominence.,"{""culture_category"":""video_game_music"",""video_game"":""Baldur's Gate 3"",""game_rank"":138,""game_association_kind"":""khinsider_game_soundtrack"",""khinsider_album_url"":""https://downloads.khinsider.com/game-soundtracks/album/baldurs-gate-ii-enhanced-edition-official-soundtrack-2016"",""khinsider_album_title"":""Baldur's Gate II: Enhanced Edition Official Soundtrack (baldurs-gate-ii-enhanced-edition-official-soundtrack-2016)"",""khinsider_album_kind"":""official_or_gamerip"",""khinsider_album_match_score"":92.85714285714286,""relevance_score_100"":93.92857142857143,""popularity_score_100"":55.20211598797836,""score_100"":78.4379892523342,""popularity_basis"":""BeatHit master-list game rank plus track position proxy""}"
228,Cloud Peaks (BG -EE),Unknown credited artist,[],Baldur's Gate: Enhanced Edition Official Soundtrack (baldurs-gate-enhanced-edition-official-soundtrack-2016),,,"[""video game soundtrack""]","[""und""]",,,,Baldur's Gate 3,,,khinsider_track_prominence_proxy,55.20211598797836,score_0_100,,,,78.4379892523342,,,,https://downloads.khinsider.com/game-soundtracks/album/baldurs-gate-enhanced-edition-official-soundtrack-2016,2026-10-05,Track title is taken from KHInsider's soundtrack/gamerip album index. Popularity is an explicitly labelled proxy based on BeatHit game rank and track prominence.,"{""culture_category"":""video_game_music"",""video_game"":""Baldur's Gate 3"",""game_rank"":138,""game_association_kind"":""khinsider_game_soundtrack"",""khinsider_album_url"":""https://downloads.khinsider.com/game-soundtracks/album/baldurs-gate-enhanced-edition-official-soundtrack-2016"",""khinsider_album_title"":""Baldur's Gate: Enhanced Edition Official Soundtrack (baldurs-gate-enhanced-edition-official-soundtrack-2016)"",""khinsider_album_kind"":""official_or_gamerip"",""khinsider_album_match_score"":92.85714285714286,""relevance_score_100"":93.92857142857143,""popularity_score_100"":55.20211598797836,""score_100"":78.4379892523342,""popularity_basis"":""BeatHit master-list game rank plus track position proxy""}"
229,The Final Tempest Has Come,Unknown credited artist,[],Baldur's Gate 3 (baldurs-gate-3-windows-gamerip-2023),,,"[""video game soundtrack""]","[""und""]",,,,Baldur's Gate 3,,,khinsider_track_prominence_proxy,45.962115987978365,score_0_100,,,,78.38484639519135,,,,https://downloads.khinsider.com/game-soundtracks/album/baldurs-gate-3-windows-gamerip-2023,2026-10-05,Track title is taken from KHInsider's soundtrack/gamerip album index. Popularity is an explicitly labelled proxy based on BeatHit game rank and track prominence.,"{""culture_category"":""video_game_music"",""video_game"":""Baldur's Gate 3"",""game_rank"":138,""game_association_kind"":""khinsider_game_soundtrack"",""khinsider_album_url"":""https://downloads.khinsider.com/game-soundtracks/album/baldurs-gate-3-windows-gamerip-2023"",""khinsider_album_title"":""Baldur's Gate 3 (baldurs-gate-3-windows-gamerip-2023)"",""khinsider_album_kind"":""official_or_gamerip"",""khinsider_album_match_score"":100.0,""relevance_score_100"":100.0,""popularity_score_100"":45.962115987978365,""score_100"":78.38484639519135,""popularity_basis"":""BeatHit master-list game rank plus track position proxy""}"
230,Astral Prison (Unreleased),Unknown credited artist,[],Baldur's Gate II: Enhanced Edition Official Soundtrack (baldurs-gate-ii-enhanced-edition-official-soundtrack-2016),,,"[""video game soundtrack""]","[""und""]",,,,Baldur's Gate 3,,,khinsider_track_prominence_proxy,54.99211598797836,score_0_100,,,,78.3539892523342,,,,https://downloads.khinsider.com/game-soundtracks/album/baldurs-gate-ii-enhanced-edition-official-soundtrack-2016,2026-10-05,Track title is taken from KHInsider's soundtrack/gamerip album index. Popularity is an explicitly labelled proxy based on BeatHit game rank and track prominence.,"{""culture_category"":""video_game_music"",""video_game"":""Baldur's Gate 3"",""game_rank"":138,""game_association_kind"":""khinsider_game_soundtrack"",""khinsider_album_url"":""https://downloads.khinsider.com/game-soundtracks/album/baldurs-gate-ii-enhanced-edition-official-soundtrack-2016"",""khinsider_album_title"":""Baldur's Gate II: Enhanced Edition Official Soundtrack (baldurs-gate-ii-enhanced-edition-official-soundtrack-2016)"",""khinsider_album_kind"":""official_or_gamerip"",""khinsider_album_match_score"":92.85714285714286,""relevance_score_100"":93.92857142857143,""popularity_score_100"":54.99211598797836,""score_100"":78.3539892523342,""popularity_basis"":""BeatHit master-list game rank plus track position proxy""}"
231,The Black Pits (BG -EE),Unknown credited artist,[],Baldur's Gate: Enhanced Edition Official Soundtrack (baldurs-gate-enhanced-edition-official-soundtrack-2016),,,"[""video game soundtrack""]","[""und""]",,,,Baldur's Gate 3,,,khinsider_track_prominence_proxy,54.99211598797836,score_0_100,,,,78.3539892523342,,,,https://downloads.khinsider.com/game-soundtracks/album/baldurs-gate-enhanced-edition-official-soundtrack-2016,2026-10-05,Track title is taken from KHInsider's soundtrack/gamerip album index. Popularity is an explicitly labelled proxy based on BeatHit game rank and track prominence.,"{""culture_category"":""video_game_music"",""video_game"":""Baldur's Gate 3"",""game_rank"":138,""game_association_kind"":""khinsider_game_soundtrack"",""khinsider_album_url"":""https://downloads.khinsider.com/game-soundtracks/album/baldurs-gate-enhanced-edition-official-soundtrack-2016"",""khinsider_album_title"":""Baldur's Gate: Enhanced Edition Official Soundtrack (baldurs-gate-enhanced-edition-official-soundtrack-2016)"",""khinsider_album_kind"":""official_or_gamerip"",""khinsider_album_match_score"":92.85714285714286,""relevance_score_100"":93.92857142857143,""popularity_score_100"":54.99211598797836,""score_100"":78.3539892523342,""popularity_basis"":""BeatHit master-list game rank plus track position proxy""}"
232,Rosymorn Monastery (Short),Unknown credited artist,[],Baldur's Gate 3 (baldurs-gate-3-windows-gamerip-2023),,,"[""video game soundtrack""]","[""und""]",,,,Baldur's Gate 3,,,khinsider_track_prominence_proxy,45.75211598797836,score_0_100,,,,78.30084639519134,,,,https://downloads.khinsider.com/game-soundtracks/album/baldurs-gate-3-windows-gamerip-2023,2026-10-05,Track title is taken from KHInsider's soundtrack/gamerip album index. Popularity is an explicitly labelled proxy based on BeatHit game rank and track prominence.,"{""culture_category"":""video_game_music"",""video_game"":""Baldur's Gate 3"",""game_rank"":138,""game_association_kind"":""khinsider_game_soundtrack"",""khinsider_album_url"":""https://downloads.khinsider.com/game-soundtracks/album/baldurs-gate-3-windows-gamerip-2023"",""khinsider_album_title"":""Baldur's Gate 3 (baldurs-gate-3-windows-gamerip-2023)"",""khinsider_album_kind"":""official_or_gamerip"",""khinsider_album_match_score"":100.0,""relevance_score_100"":100.0,""popularity_score_100"":45.75211598797836,""score_100"":78.30084639519134,""popularity_basis"":""BeatHit master-list game rank plus track position proxy""}"
233,Kalah's Theme (Unreleased),Unknown credited artist,[],Baldur's Gate II: Enhanced Edition Official Soundtrack (baldurs-gate-ii-enhanced-edition-official-soundtrack-2016),,,"[""video game soundtrack""]","[""und""]",,,,Baldur's Gate 3,,,khinsider_track_prominence_proxy,54.78211598797836,score_0_100,,,,78.2699892523342,,,,https://downloads.khinsider.com/game-soundtracks/album/baldurs-gate-ii-enhanced-edition-official-soundtrack-2016,2026-10-05,Track title is taken from KHInsider's soundtrack/gamerip album index. Popularity is an explicitly labelled proxy based on BeatHit game rank and track prominence.,"{""culture_category"":""video_game_music"",""video_game"":""Baldur's Gate 3"",""game_rank"":138,""game_association_kind"":""khinsider_game_soundtrack"",""khinsider_album_url"":""https://downloads.khinsider.com/game-soundtracks/album/baldurs-gate-ii-enhanced-edition-official-soundtrack-2016"",""khinsider_album_title"":""Baldur's Gate II: Enhanced Edition Official Soundtrack (baldurs-gate-ii-enhanced-edition-official-soundtrack-2016)"",""khinsider_album_kind"":""official_or_gamerip"",""khinsider_album_match_score"":92.85714285714286,""relevance_score_100"":93.92857142857143,""popularity_score_100"":54.78211598797836,""score_100"":78.2699892523342,""popularity_basis"":""BeatHit master-list game rank plus track position proxy""}"
234,Captivity (BG -EE),Unknown credited artist,[],Baldur's Gate: Enhanced Edition Official Soundtrack (baldurs-gate-enhanced-edition-official-soundtrack-2016),,,"[""video game soundtrack""]","[""und""]",,,,Baldur's Gate 3,,,khinsider_track_prominence_proxy,54.78211598797836,score_0_100,,,,78.2699892523342,,,,https://downloads.khinsider.com/game-soundtracks/album/baldurs-gate-enhanced-edition-official-soundtrack-2016,2026-10-05,Track title is taken from KHInsider's soundtrack/gamerip album index. Popularity is an explicitly labelled proxy based on BeatHit game rank and track prominence.,"{""culture_category"":""video_game_music"",""video_game"":""Baldur's Gate 3"",""game_rank"":138,""game_association_kind"":""khinsider_game_soundtrack"",""khinsider_album_url"":""https://downloads.khinsider.com/game-soundtracks/album/baldurs-gate-enhanced-edition-official-soundtrack-2016"",""khinsider_album_title"":""Baldur's Gate: Enhanced Edition Official Soundtrack (baldurs-gate-enhanced-edition-official-soundtrack-2016)"",""khinsider_album_kind"":""official_or_gamerip"",""khinsider_album_match_score"":92.85714285714286,""relevance_score_100"":93.92857142857143,""popularity_score_100"":54.78211598797836,""score_100"":78.2699892523342,""popularity_basis"":""BeatHit master-list game rank plus track position proxy""}"
235,A day at the Beach,Unknown credited artist,[],Baldur's Gate 3 (baldurs-gate-3-windows-gamerip-2023),,,"[""video game soundtrack""]","[""und""]",,,,Baldur's Gate 3,,,khinsider_track_prominence_proxy,45.54211598797836,score_0_100,,,,78.21684639519134,,,,https://downloads.khinsider.com/game-soundtracks/album/baldurs-gate-3-windows-gamerip-2023,2026-10-05,Track title is taken from KHInsider's soundtrack/gamerip album index. Popularity is an explicitly labelled proxy based on BeatHit game rank and track prominence.,"{""culture_category"":""video_game_music"",""video_game"":""Baldur's Gate 3"",""game_rank"":138,""game_association_kind"":""khinsider_game_soundtrack"",""khinsider_album_url"":""https://downloads.khinsider.com/game-soundtracks/album/baldurs-gate-3-windows-gamerip-2023"",""khinsider_album_title"":""Baldur's Gate 3 (baldurs-gate-3-windows-gamerip-2023)"",""khinsider_album_kind"":""official_or_gamerip"",""khinsider_album_match_score"":100.0,""relevance_score_100"":100.0,""popularity_score_100"":45.54211598797836,""score_100"":78.21684639519134,""popularity_basis"":""BeatHit master-list game rank plus track position proxy""}"
236,The Copper Coronet (Unreleased),Unknown credited artist,[],Baldur's Gate II: Enhanced Edition Official Soundtrack (baldurs-gate-ii-enhanced-edition-official-soundtrack-2016),,,"[""video game soundtrack""]","[""und""]",,,,Baldur's Gate 3,,,khinsider_track_prominence_proxy,54.572115987978364,score_0_100,,,,78.1859892523342,,,,https://downloads.khinsider.com/game-soundtracks/album/baldurs-gate-ii-enhanced-edition-official-soundtrack-2016,2026-10-05,Track title is taken from KHInsider's soundtrack/gamerip album index. Popularity is an explicitly labelled proxy based on BeatHit game rank and track prominence.,"{""culture_category"":""video_game_music"",""video_game"":""Baldur's Gate 3"",""game_rank"":138,""game_association_kind"":""khinsider_game_soundtrack"",""khinsider_album_url"":""https://downloads.khinsider.com/game-soundtracks/album/baldurs-gate-ii-enhanced-edition-official-soundtrack-2016"",""khinsider_album_title"":""Baldur's Gate II: Enhanced Edition Official Soundtrack (baldurs-gate-ii-enhanced-edition-official-soundtrack-2016)"",""khinsider_album_kind"":""official_or_gamerip"",""khinsider_album_match_score"":92.85714285714286,""relevance_score_100"":93.92857142857143,""popularity_score_100"":54.572115987978364,""score_100"":78.1859892523342,""popularity_basis"":""BeatHit master-list game rank plus track position proxy""}"
237,Blood for Sport (BG -EE),Unknown credited artist,[],Baldur's Gate: Enhanced Edition Official Soundtrack (baldurs-gate-enhanced-edition-official-soundtrack-2016),,,"[""video game soundtrack""]","[""und""]",,,,Baldur's Gate 3,,,khinsider_track_prominence_proxy,54.572115987978364,score_0_100,,,,78.1859892523342,,,,https://downloads.khinsider.com/game-soundtracks/album/baldurs-gate-enhanced-edition-official-soundtrack-2016,2026-10-05,Track title is taken from KHInsider's soundtrack/gamerip album index. Popularity is an explicitly labelled proxy based on BeatHit game rank and track prominence.,"{""culture_category"":""video_game_music"",""video_game"":""Baldur's Gate 3"",""game_rank"":138,""game_association_kind"":""khinsider_game_soundtrack"",""khinsider_album_url"":""https://downloads.khinsider.com/game-soundtracks/album/baldurs-gate-enhanced-edition-official-soundtrack-2016"",""khinsider_album_title"":""Baldur's Gate: Enhanced Edition Official Soundtrack (baldurs-gate-enhanced-edition-official-soundtrack-2016)"",""khinsider_album_kind"":""official_or_gamerip"",""khinsider_album_match_score"":92.85714285714286,""relevance_score_100"":93.92857142857143,""popularity_score_100"":54.572115987978364,""score_100"":78.1859892523342,""popularity_basis"":""BeatHit master-list game rank plus track position proxy""}"
238,Rivington,Unknown credited artist,[],Baldur's Gate 3 (baldurs-gate-3-windows-gamerip-2023),,,"[""video game soundtrack""]","[""und""]",,,,Baldur's Gate 3,,,khinsider_track_prominence_proxy,45.33211598797836,score_0_100,,,,78.13284639519135,,,,https://downloads.khinsider.com/game-soundtracks/album/baldurs-gate-3-windows-gamerip-2023,2026-10-05,Track title is taken from KHInsider's soundtrack/gamerip album index. Popularity is an explicitly labelled proxy based on BeatHit game rank and track prominence.,"{""culture_category"":""video_game_music"",""video_game"":""Baldur's Gate 3"",""game_rank"":138,""game_association_kind"":""khinsider_game_soundtrack"",""khinsider_album_url"":""https://downloads.khinsider.com/game-soundtracks/album/baldurs-gate-3-windows-gamerip-2023"",""khinsider_album_title"":""Baldur's Gate 3 (baldurs-gate-3-windows-gamerip-2023)"",""khinsider_album_kind"":""official_or_gamerip"",""khinsider_album_match_score"":100.0,""relevance_score_100"":100.0,""popularity_score_100"":45.33211598797836,""score_100"":78.13284639519135,""popularity_basis"":""BeatHit master-list game rank plus track position proxy""}"
239,Temple of Helm (Unreleased),Unknown credited artist,[],Baldur's Gate II: Enhanced Edition Official Soundtrack (baldurs-gate-ii-enhanced-edition-official-soundtrack-2016),,,"[""video game soundtrack""]","[""und""]",,,,Baldur's Gate 3,,,khinsider_track_prominence_proxy,54.362115987978356,score_0_100,,,,78.10198925233419,,,,https://downloads.khinsider.com/game-soundtracks/album/baldurs-gate-ii-enhanced-edition-official-soundtrack-2016,2026-10-05,Track title is taken from KHInsider's soundtrack/gamerip album index. Popularity is an explicitly labelled proxy based on BeatHit game rank and track prominence.,"{""culture_category"":""video_game_music"",""video_game"":""Baldur's Gate 3"",""game_rank"":138,""game_association_kind"":""khinsider_game_soundtrack"",""khinsider_album_url"":""https://downloads.khinsider.com/game-soundtracks/album/baldurs-gate-ii-enhanced-edition-official-soundtrack-2016"",""khinsider_album_title"":""Baldur's Gate II: Enhanced Edition Official Soundtrack (baldurs-gate-ii-enhanced-edition-official-soundtrack-2016)"",""khinsider_album_kind"":""official_or_gamerip"",""khinsider_album_match_score"":92.85714285714286,""relevance_score_100"":93.92857142857143,""popularity_score_100"":54.362115987978356,""score_100"":78.10198925233419,""popularity_basis"":""BeatHit master-list game rank plus track position proxy""}"
240,Duel to the Death (BG -EE),Unknown credited artist,[],Baldur's Gate: Enhanced Edition Official Soundtrack (baldurs-gate-enhanced-edition-official-soundtrack-2016),,,"[""video game soundtrack""]","[""und""]",,,,Baldur's Gate 3,,,khinsider_track_prominence_proxy,54.362115987978356,score_0_100,,,,78.10198925233419,,,,https://downloads.khinsider.com/game-soundtracks/album/baldurs-gate-enhanced-edition-official-soundtrack-2016,2026-10-05,Track title is taken from KHInsider's soundtrack/gamerip album index. Popularity is an explicitly labelled proxy based on BeatHit game rank and track prominence.,"{""culture_category"":""video_game_music"",""video_game"":""Baldur's Gate 3"",""game_rank"":138,""game_association_kind"":""khinsider_game_soundtrack"",""khinsider_album_url"":""https://downloads.khinsider.com/game-soundtracks/album/baldurs-gate-enhanced-edition-official-soundtrack-2016"",""khinsider_album_title"":""Baldur's Gate: Enhanced Edition Official Soundtrack (baldurs-gate-enhanced-edition-official-soundtrack-2016)"",""khinsider_album_kind"":""official_or_gamerip"",""khinsider_album_match_score"":92.85714285714286,""relevance_score_100"":93.92857142857143,""popularity_score_100"":54.362115987978356,""score_100"":78.10198925233419,""popularity_basis"":""BeatHit master-list game rank plus track position proxy""}"
241,237906121,Unknown credited artist,[],Baldur's Gate 3 (baldurs-gate-3-windows-gamerip-2023),,,"[""video game soundtrack""]","[""und""]",,,,Baldur's Gate 3,,,khinsider_track_prominence_proxy,45.12211598797836,score_0_100,,,,78.04884639519135,,,,https://downloads.khinsider.com/game-soundtracks/album/baldurs-gate-3-windows-gamerip-2023,2026-10-05,Track title is taken from KHInsider's soundtrack/gamerip album index. Popularity is an explicitly labelled proxy based on BeatHit game rank and track prominence.,"{""culture_category"":""video_game_music"",""video_game"":""Baldur's Gate 3"",""game_rank"":138,""game_association_kind"":""khinsider_game_soundtrack"",""khinsider_album_url"":""https://downloads.khinsider.com/game-soundtracks/album/baldurs-gate-3-windows-gamerip-2023"",""khinsider_album_title"":""Baldur's Gate 3 (baldurs-gate-3-windows-gamerip-2023)"",""khinsider_album_kind"":""official_or_gamerip"",""khinsider_album_match_score"":100.0,""relevance_score_100"":100.0,""popularity_score_100"":45.12211598797836,""score_100"":78.04884639519135,""popularity_basis"":""BeatHit master-list game rank plus track position proxy""}"
242,De'Arnise Hold Besieged (Unreleased),Unknown credited artist,[],Baldur's Gate II: Enhanced Edition Official Soundtrack (baldurs-gate-ii-enhanced-edition-official-soundtrack-2016),,,"[""video game soundtrack""]","[""und""]",,,,Baldur's Gate 3,,,khinsider_track_prominence_proxy,54.15211598797836,score_0_100,,,,78.0179892523342,,,,https://downloads.khinsider.com/game-soundtracks/album/baldurs-gate-ii-enhanced-edition-official-soundtrack-2016,2026-10-05,Track title is taken from KHInsider's soundtrack/gamerip album index. Popularity is an explicitly labelled proxy based on BeatHit game rank and track prominence.,"{""culture_category"":""video_game_music"",""video_game"":""Baldur's Gate 3"",""game_rank"":138,""game_association_kind"":""khinsider_game_soundtrack"",""khinsider_album_url"":""https://downloads.khinsider.com/game-soundtracks/album/baldurs-gate-ii-enhanced-edition-official-soundtrack-2016"",""khinsider_album_title"":""Baldur's Gate II: Enhanced Edition Official Soundtrack (baldurs-gate-ii-enhanced-edition-official-soundtrack-2016)"",""khinsider_album_kind"":""official_or_gamerip"",""khinsider_album_match_score"":92.85714285714286,""relevance_score_100"":93.92857142857143,""popularity_score_100"":54.15211598797836,""score_100"":78.0179892523342,""popularity_basis"":""BeatHit master-list game rank plus track position proxy""}"
243,Lich Queen,Unknown credited artist,[],Baldur's Gate 3 (baldurs-gate-3-windows-gamerip-2023),,,"[""video game soundtrack""]","[""und""]",,,,Baldur's Gate 3,,,khinsider_track_prominence_proxy,44.91211598797836,score_0_100,,,,77.96484639519134,,,,https://downloads.khinsider.com/game-soundtracks/album/baldurs-gate-3-windows-gamerip-2023,2026-10-05,Track title is taken from KHInsider's soundtrack/gamerip album index. Popularity is an explicitly labelled proxy based on BeatHit game rank and track prominence.,"{""culture_category"":""video_game_music"",""video_game"":""Baldur's Gate 3"",""game_rank"":138,""game_association_kind"":""khinsider_game_soundtrack"",""khinsider_album_url"":""https://downloads.khinsider.com/game-soundtracks/album/baldurs-gate-3-windows-gamerip-2023"",""khinsider_album_title"":""Baldur's Gate 3 (baldurs-gate-3-windows-gamerip-2023)"",""khinsider_album_kind"":""official_or_gamerip"",""khinsider_album_match_score"":100.0,""relevance_score_100"":100.0,""popularity_score_100"":44.91211598797836,""score_100"":77.96484639519134,""popularity_basis"":""BeatHit master-list game rank plus track position proxy""}"
244,De'Arnise Hold Liberated (Unreleased),Unknown credited artist,[],Baldur's Gate II: Enhanced Edition Official Soundtrack (baldurs-gate-ii-enhanced-edition-official-soundtrack-2016),,,"[""video game soundtrack""]","[""und""]",,,,Baldur's Gate 3,,,khinsider_track_prominence_proxy,53.942115987978354,score_0_100,,,,77.9339892523342,,,,https://downloads.khinsider.com/game-soundtracks/album/baldurs-gate-ii-enhanced-edition-official-soundtrack-2016,2026-10-05,Track title is taken from KHInsider's soundtrack/gamerip album index. Popularity is an explicitly labelled proxy based on BeatHit game rank and track prominence.,"{""culture_category"":""video_game_music"",""video_game"":""Baldur's Gate 3"",""game_rank"":138,""game_association_kind"":""khinsider_game_soundtrack"",""khinsider_album_url"":""https://downloads.khinsider.com/game-soundtracks/album/baldurs-gate-ii-enhanced-edition-official-soundtrack-2016"",""khinsider_album_title"":""Baldur's Gate II: Enhanced Edition Official Soundtrack (baldurs-gate-ii-enhanced-edition-official-soundtrack-2016)"",""khinsider_album_kind"":""official_or_gamerip"",""khinsider_album_match_score"":92.85714285714286,""relevance_score_100"":93.92857142857143,""popularity_score_100"":53.942115987978354,""score_100"":77.9339892523342,""popularity_basis"":""BeatHit master-list game rank plus track position proxy""}"
245,Waukeen's Rest,Unknown credited artist,[],Baldur's Gate 3 (baldurs-gate-3-windows-gamerip-2023),,,"[""video game soundtrack""]","[""und""]",,,,Baldur's Gate 3,,,khinsider_track_prominence_proxy,44.70211598797836,score_0_100,,,,77.88084639519134,,,,https://downloads.khinsider.com/game-soundtracks/album/baldurs-gate-3-windows-gamerip-2023,2026-10-05,Track title is taken from KHInsider's soundtrack/gamerip album index. Popularity is an explicitly labelled proxy based on BeatHit game rank and track prominence.,"{""culture_category"":""video_game_music"",""video_game"":""Baldur's Gate 3"",""game_rank"":138,""game_association_kind"":""khinsider_game_soundtrack"",""khinsider_album_url"":""https://downloads.khinsider.com/game-soundtracks/album/baldurs-gate-3-windows-gamerip-2023"",""khinsider_album_title"":""Baldur's Gate 3 (baldurs-gate-3-windows-gamerip-2023)"",""khinsider_album_kind"":""official_or_gamerip"",""khinsider_album_match_score"":100.0,""relevance_score_100"":100.0,""popularity_score_100"":44.70211598797836,""score_100"":77.88084639519134,""popularity_basis"":""BeatHit master-list game rank plus track position proxy""}"
246,The Beholder Dungeon (Unreleased),Unknown credited artist,[],Baldur's Gate II: Enhanced Edition Official Soundtrack (baldurs-gate-ii-enhanced-edition-official-soundtrack-2016),,,"[""video game soundtrack""]","[""und""]",,,,Baldur's Gate 3,,,khinsider_track_prominence_proxy,53.73211598797836,score_0_100,,,,77.8499892523342,,,,https://downloads.khinsider.com/game-soundtracks/album/baldurs-gate-ii-enhanced-edition-official-soundtrack-2016,2026-10-05,Track title is taken from KHInsider's soundtrack/gamerip album index. Popularity is an explicitly labelled proxy based on BeatHit game rank and track prominence.,"{""culture_category"":""video_game_music"",""video_game"":""Baldur's Gate 3"",""game_rank"":138,""game_association_kind"":""khinsider_game_soundtrack"",""khinsider_album_url"":""https://downloads.khinsider.com/game-soundtracks/album/baldurs-gate-ii-enhanced-edition-official-soundtrack-2016"",""khinsider_album_title"":""Baldur's Gate II: Enhanced Edition Official Soundtrack (baldurs-gate-ii-enhanced-edition-official-soundtrack-2016)"",""khinsider_album_kind"":""official_or_gamerip"",""khinsider_album_match_score"":92.85714285714286,""relevance_score_100"":93.92857142857143,""popularity_score_100"":53.73211598797836,""score_100"":77.8499892523342,""popularity_basis"":""BeatHit master-list game rank plus track position proxy""}"
247,The Warrior of Vlaakith,Unknown credited artist,[],Baldur's Gate 3 (baldurs-gate-3-windows-gamerip-2023),,,"[""video game soundtrack""]","[""und""]",,,,Baldur's Gate 3,,,khinsider_track_prominence_proxy,44.492115987978366,score_0_100,,,,77.79684639519135,,,,https://downloads.khinsider.com/game-soundtracks/album/baldurs-gate-3-windows-gamerip-2023,2026-10-05,Track title is taken from KHInsider's soundtrack/gamerip album index. Popularity is an explicitly labelled proxy based on BeatHit game rank and track prominence.,"{""culture_category"":""video_game_music"",""video_game"":""Baldur's Gate 3"",""game_rank"":138,""game_association_kind"":""khinsider_game_soundtrack"",""khinsider_album_url"":""https://downloads.khinsider.com/game-soundtracks/album/baldurs-gate-3-windows-gamerip-2023"",""khinsider_album_title"":""Baldur's Gate 3 (baldurs-gate-3-windows-gamerip-2023)"",""khinsider_album_kind"":""official_or_gamerip"",""khinsider_album_match_score"":100.0,""relevance_score_100"":100.0,""popularity_score_100"":44.492115987978366,""score_100"":77.79684639519135,""popularity_basis"":""BeatHit master-list game rank plus track position proxy""}"
248,Khalid's Death (Unreleased),Unknown credited artist,[],Baldur's Gate II: Enhanced Edition Official Soundtrack (baldurs-gate-ii-enhanced-edition-official-soundtrack-2016),,,"[""video game soundtrack""]","[""und""]",,,,Baldur's Gate 3,,,khinsider_track_prominence_proxy,53.52211598797837,score_0_100,,,,77.76598925233421,,,,https://downloads.khinsider.com/game-soundtracks/album/baldurs-gate-ii-enhanced-edition-official-soundtrack-2016,2026-10-05,Track title is taken from KHInsider's soundtrack/gamerip album index. Popularity is an explicitly labelled proxy based on BeatHit game rank and track prominence.,"{""culture_category"":""video_game_music"",""video_game"":""Baldur's Gate 3"",""game_rank"":138,""game_association_kind"":""khinsider_game_soundtrack"",""khinsider_album_url"":""https://downloads.khinsider.com/game-soundtracks/album/baldurs-gate-ii-enhanced-edition-official-soundtrack-2016"",""khinsider_album_title"":""Baldur's Gate II: Enhanced Edition Official Soundtrack (baldurs-gate-ii-enhanced-edition-official-soundtrack-2016)"",""khinsider_album_kind"":""official_or_gamerip"",""khinsider_album_match_score"":92.85714285714286,""relevance_score_100"":93.92857142857143,""popularity_score_100"":53.52211598797837,""score_100"":77.76598925233421,""popularity_basis"":""BeatHit master-list game rank plus track position proxy""}"
249,242730486,Unknown credited artist,[],Baldur's Gate 3 (baldurs-gate-3-windows-gamerip-2023),,,"[""video game soundtrack""]","[""und""]",,,,Baldur's Gate 3,,,khinsider_track_prominence_proxy,44.28211598797836,score_0_100,,,,77.71284639519135,,,,https://downloads.khinsider.com/game-soundtracks/album/baldurs-gate-3-windows-gamerip-2023,2026-10-05,Track title is taken from KHInsider's soundtrack/gamerip album index. Popularity is an explicitly labelled proxy based on BeatHit game rank and track prominence.,"{""culture_category"":""video_game_music"",""video_game"":""Baldur's Gate 3"",""game_rank"":138,""game_association_kind"":""khinsider_game_soundtrack"",""khinsider_album_url"":""https://downloads.khinsider.com/game-soundtracks/album/baldurs-gate-3-windows-gamerip-2023"",""khinsider_album_title"":""Baldur's Gate 3 (baldurs-gate-3-windows-gamerip-2023)"",""khinsider_album_kind"":""official_or_gamerip"",""khinsider_album_match_score"":100.0,""relevance_score_100"":100.0,""popularity_score_100"":44.28211598797836,""score_100"":77.71284639519135,""popularity_basis"":""BeatHit master-list game rank plus track position proxy""}"
250,Anomen Romance (Unreleased),Unknown credited artist,[],Baldur's Gate II: Enhanced Edition Official Soundtrack (baldurs-gate-ii-enhanced-edition-official-soundtrack-2016),,,"[""video game soundtrack""]","[""und""]",,,,Baldur's Gate 3,,,khinsider_track_prominence_proxy,53.31211598797836,score_0_100,,,,77.6819892523342,,,,https://downloads.khinsider.com/game-soundtracks/album/baldurs-gate-ii-enhanced-edition-official-soundtrack-2016,2026-10-05,Track title is taken from KHInsider's soundtrack/gamerip album index. Popularity is an explicitly labelled proxy based on BeatHit game rank and track prominence.,"{""culture_category"":""video_game_music"",""video_game"":""Baldur's Gate 3"",""game_rank"":138,""game_association_kind"":""khinsider_game_soundtrack"",""khinsider_album_url"":""https://downloads.khinsider.com/game-soundtracks/album/baldurs-gate-ii-enhanced-edition-official-soundtrack-2016"",""khinsider_album_title"":""Baldur's Gate II: Enhanced Edition Official Soundtrack (baldurs-gate-ii-enhanced-edition-official-soundtrack-2016)"",""khinsider_album_kind"":""official_or_gamerip"",""khinsider_album_match_score"":92.85714285714286,""relevance_score_100"":93.92857142857143,""popularity_score_100"":53.31211598797836,""score_100"":77.6819892523342,""popularity_basis"":""BeatHit master-list game rank plus track position proxy""}"
251,Descent into Avernus,Unknown credited artist,[],Baldur's Gate 3 (baldurs-gate-3-windows-gamerip-2023),,,"[""video game soundtrack""]","[""und""]",,,,Baldur's Gate 3,,,khinsider_track_prominence_proxy,44.072115987978364,score_0_100,,,,77.62884639519135,,,,https://downloads.khinsider.com/game-soundtracks/album/baldurs-gate-3-windows-gamerip-2023,2026-10-05,Track title is taken from KHInsider's soundtrack/gamerip album index. Popularity is an explicitly labelled proxy based on BeatHit game rank and track prominence.,"{""culture_category"":""video_game_music"",""video_game"":""Baldur's Gate 3"",""game_rank"":138,""game_association_kind"":""khinsider_game_soundtrack"",""khinsider_album_url"":""https://downloads.khinsider.com/game-soundtracks/album/baldurs-gate-3-windows-gamerip-2023"",""khinsider_album_title"":""Baldur's Gate 3 (baldurs-gate-3-windows-gamerip-2023)"",""khinsider_album_kind"":""official_or_gamerip"",""khinsider_album_match_score"":100.0,""relevance_score_100"":100.0,""popularity_score_100"":44.072115987978364,""score_100"":77.62884639519135,""popularity_basis"":""BeatHit master-list game rank plus track position proxy""}"
252,The Umar Hills (Unreleased),Unknown credited artist,[],Baldur's Gate II: Enhanced Edition Official Soundtrack (baldurs-gate-ii-enhanced-edition-official-soundtrack-2016),,,"[""video game soundtrack""]","[""und""]",,,,Baldur's Gate 3,,,khinsider_track_prominence_proxy,53.102115987978365,score_0_100,,,,77.5979892523342,,,,https://downloads.khinsider.com/game-soundtracks/album/baldurs-gate-ii-enhanced-edition-official-soundtrack-2016,2026-10-05,Track title is taken from KHInsider's soundtrack/gamerip album index. Popularity is an explicitly labelled proxy based on BeatHit game rank and track prominence.,"{""culture_category"":""video_game_music"",""video_game"":""Baldur's Gate 3"",""game_rank"":138,""game_association_kind"":""khinsider_game_soundtrack"",""khinsider_album_url"":""https://downloads.khinsider.com/game-soundtracks/album/baldurs-gate-ii-enhanced-edition-official-soundtrack-2016"",""khinsider_album_title"":""Baldur's Gate II: Enhanced Edition Official Soundtrack (baldurs-gate-ii-enhanced-edition-official-soundtrack-2016)"",""khinsider_album_kind"":""official_or_gamerip"",""khinsider_album_match_score"":92.85714285714286,""relevance_score_100"":93.92857142857143,""popularity_score_100"":53.102115987978365,""score_100"":77.5979892523342,""popularity_basis"":""BeatHit master-list game rank plus track position proxy""}"
253,Who Are You (Instrumental) (Short),Unknown credited artist,[],Baldur's Gate 3 (baldurs-gate-3-windows-gamerip-2023),,,"[""video game soundtrack""]","[""und""]",,,,Baldur's Gate 3,,,khinsider_track_prominence_proxy,43.86211598797836,score_0_100,,,,77.54484639519134,,,,https://downloads.khinsider.com/game-soundtracks/album/baldurs-gate-3-windows-gamerip-2023,2026-10-05,Track title is taken from KHInsider's soundtrack/gamerip album index. Popularity is an explicitly labelled proxy based on BeatHit game rank and track prominence.,"{""culture_category"":""video_game_music"",""video_game"":""Baldur's Gate 3"",""game_rank"":138,""game_association_kind"":""khinsider_game_soundtrack"",""khinsider_album_url"":""https://downloads.khinsider.com/game-soundtracks/album/baldurs-gate-3-windows-gamerip-2023"",""khinsider_album_title"":""Baldur's Gate 3 (baldurs-gate-3-windows-gamerip-2023)"",""khinsider_album_kind"":""official_or_gamerip"",""khinsider_album_match_score"":100.0,""relevance_score_100"":100.0,""popularity_score_100"":43.86211598797836,""score_100"":77.54484639519134,""popularity_basis"":""BeatHit master-list game rank plus track position proxy""}"
254,Red Dragon Battle (Unreleased),Unknown credited artist,[],Baldur's Gate II: Enhanced Edition Official Soundtrack (baldurs-gate-ii-enhanced-edition-official-soundtrack-2016),,,"[""video game soundtrack""]","[""und""]",,,,Baldur's Gate 3,,,khinsider_track_prominence_proxy,52.892115987978364,score_0_100,,,,77.5139892523342,,,,https://downloads.khinsider.com/game-soundtracks/album/baldurs-gate-ii-enhanced-edition-official-soundtrack-2016,2026-10-05,Track title is taken from KHInsider's soundtrack/gamerip album index. Popularity is an explicitly labelled proxy based on BeatHit game rank and track prominence.,"{""culture_category"":""video_game_music"",""video_game"":""Baldur's Gate 3"",""game_rank"":138,""game_association_kind"":""khinsider_game_soundtrack"",""khinsider_album_url"":""https://downloads.khinsider.com/game-soundtracks/album/baldurs-gate-ii-enhanced-edition-official-soundtrack-2016"",""khinsider_album_title"":""Baldur's Gate II: Enhanced Edition Official Soundtrack (baldurs-gate-ii-enhanced-edition-official-soundtrack-2016)"",""khinsider_album_kind"":""official_or_gamerip"",""khinsider_album_match_score"":92.85714285714286,""relevance_score_100"":93.92857142857143,""popularity_score_100"":52.892115987978364,""score_100"":77.5139892523342,""popularity_basis"":""BeatHit master-list game rank plus track position proxy""}"
255,Rosymorn Monastery,Unknown credited artist,[],Baldur's Gate 3 (baldurs-gate-3-windows-gamerip-2023),,,"[""video game soundtrack""]","[""und""]",,,,Baldur's Gate 3,,,khinsider_track_prominence_proxy,43.65211598797836,score_0_100,,,,77.46084639519134,,,,https://downloads.khinsider.com/game-soundtracks/album/baldurs-gate-3-windows-gamerip-2023,2026-10-05,Track title is taken from KHInsider's soundtrack/gamerip album index. Popularity is an explicitly labelled proxy based on BeatHit game rank and track prominence.,"{""culture_category"":""video_game_music"",""video_game"":""Baldur's Gate 3"",""game_rank"":138,""game_association_kind"":""khinsider_game_soundtrack"",""khinsider_album_url"":""https://downloads.khinsider.com/game-soundtracks/album/baldurs-gate-3-windows-gamerip-2023"",""khinsider_album_title"":""Baldur's Gate 3 (baldurs-gate-3-windows-gamerip-2023)"",""khinsider_album_kind"":""official_or_gamerip"",""khinsider_album_match_score"":100.0,""relevance_score_100"":100.0,""popularity_score_100"":43.65211598797836,""score_100"":77.46084639519134,""popularity_basis"":""BeatHit master-list game rank plus track position proxy""}"
256,The Thieves' Guild (Unreleased),Unknown credited artist,[],Baldur's Gate II: Enhanced Edition Official Soundtrack (baldurs-gate-ii-enhanced-edition-official-soundtrack-2016),,,"[""video game soundtrack""]","[""und""]",,,,Baldur's Gate 3,,,khinsider_track_prominence_proxy,52.682115987978364,score_0_100,,,,77.4299892523342,,,,https://downloads.khinsider.com/game-soundtracks/album/baldurs-gate-ii-enhanced-edition-official-soundtrack-2016,2026-10-05,Track title is taken from KHInsider's soundtrack/gamerip album index. Popularity is an explicitly labelled proxy based on BeatHit game rank and track prominence.,"{""culture_category"":""video_game_music"",""video_game"":""Baldur's Gate 3"",""game_rank"":138,""game_association_kind"":""khinsider_game_soundtrack"",""khinsider_album_url"":""https://downloads.khinsider.com/game-soundtracks/album/baldurs-gate-ii-enhanced-edition-official-soundtrack-2016"",""khinsider_album_title"":""Baldur's Gate II: Enhanced Edition Official Soundtrack (baldurs-gate-ii-enhanced-edition-official-soundtrack-2016)"",""khinsider_album_kind"":""official_or_gamerip"",""khinsider_album_match_score"":92.85714285714286,""relevance_score_100"":93.92857142857143,""popularity_score_100"":52.682115987978364,""score_100"":77.4299892523342,""popularity_basis"":""BeatHit master-list game rank plus track position proxy""}"
257,The Grand Design (Short),Unknown credited artist,[],Baldur's Gate 3 (baldurs-gate-3-windows-gamerip-2023),,,"[""video game soundtrack""]","[""und""]",,,,Baldur's Gate 3,,,khinsider_track_prominence_proxy,43.44211598797836,score_0_100,,,,77.37684639519135,,,,https://downloads.khinsider.com/game-soundtracks/album/baldurs-gate-3-windows-gamerip-2023,2026-10-05,Track title is taken from KHInsider's soundtrack/gamerip album index. Popularity is an explicitly labelled proxy based on BeatHit game rank and track prominence.,"{""culture_category"":""video_game_music"",""video_game"":""Baldur's Gate 3"",""game_rank"":138,""game_association_kind"":""khinsider_game_soundtrack"",""khinsider_album_url"":""https://downloads.khinsider.com/game-soundtracks/album/baldurs-gate-3-windows-gamerip-2023"",""khinsider_album_title"":""Baldur's Gate 3 (baldurs-gate-3-windows-gamerip-2023)"",""khinsider_album_kind"":""official_or_gamerip"",""khinsider_album_match_score"":100.0,""relevance_score_100"":100.0,""popularity_score_100"":43.44211598797836,""score_100"":77.37684639519135,""popularity_basis"":""BeatHit master-list game rank plus track position proxy""}"
258,The Vulgar Monkey Tavern (Unreleased),Unknown credited artist,[],Baldur's Gate II: Enhanced Edition Official Soundtrack (baldurs-gate-ii-enhanced-edition-official-soundtrack-2016),,,"[""video game soundtrack""]","[""und""]",,,,Baldur's Gate 3,,,khinsider_track_prominence_proxy,52.47211598797836,score_0_100,,,,77.34598925233419,,,,https://downloads.khinsider.com/game-soundtracks/album/baldurs-gate-ii-enhanced-edition-official-soundtrack-2016,2026-10-05,Track title is taken from KHInsider's soundtrack/gamerip album index. Popularity is an explicitly labelled proxy based on BeatHit game rank and track prominence.,"{""culture_category"":""video_game_music"",""video_game"":""Baldur's Gate 3"",""game_rank"":138,""game_association_kind"":""khinsider_game_soundtrack"",""khinsider_album_url"":""https://downloads.khinsider.com/game-soundtracks/album/baldurs-gate-ii-enhanced-edition-official-soundtrack-2016"",""khinsider_album_title"":""Baldur's Gate II: Enhanced Edition Official Soundtrack (baldurs-gate-ii-enhanced-edition-official-soundtrack-2016)"",""khinsider_album_kind"":""official_or_gamerip"",""khinsider_album_match_score"":92.85714285714286,""relevance_score_100"":93.92857142857143,""popularity_score_100"":52.47211598797836,""score_100"":77.34598925233419,""popularity_basis"":""BeatHit master-list game rank plus track position proxy""}"
259,258036210,Unknown credited artist,[],Baldur's Gate 3 (baldurs-gate-3-windows-gamerip-2023),,,"[""video game soundtrack""]","[""und""]",,,,Baldur's Gate 3,,,khinsider_track_prominence_proxy,43.23211598797836,score_0_100,,,,77.29284639519135,,,,https://downloads.khinsider.com/game-soundtracks/album/baldurs-gate-3-windows-gamerip-2023,2026-10-05,Track title is taken from KHInsider's soundtrack/gamerip album index. Popularity is an explicitly labelled proxy based on BeatHit game rank and track prominence.,"{""culture_category"":""video_game_music"",""video_game"":""Baldur's Gate 3"",""game_rank"":138,""game_association_kind"":""khinsider_game_soundtrack"",""khinsider_album_url"":""https://downloads.khinsider.com/game-soundtracks/album/baldurs-gate-3-windows-gamerip-2023"",""khinsider_album_title"":""Baldur's Gate 3 (baldurs-gate-3-windows-gamerip-2023)"",""khinsider_album_kind"":""official_or_gamerip"",""khinsider_album_match_score"":100.0,""relevance_score_100"":100.0,""popularity_score_100"":43.23211598797836,""score_100"":77.29284639519135,""popularity_basis"":""BeatHit master-list game rank plus track position proxy""}"
260,Wealthy Estate (Unreleased),Unknown credited artist,[],Baldur's Gate II: Enhanced Edition Official Soundtrack (baldurs-gate-ii-enhanced-edition-official-soundtrack-2016),,,"[""video game soundtrack""]","[""und""]",,,,Baldur's Gate 3,,,khinsider_track_prominence_proxy,52.26211598797836,score_0_100,,,,77.2619892523342,,,,https://downloads.khinsider.com/game-soundtracks/album/baldurs-gate-ii-enhanced-edition-official-soundtrack-2016,2026-10-05,Track title is taken from KHInsider's soundtrack/gamerip album index. Popularity is an explicitly labelled proxy based on BeatHit game rank and track prominence.,"{""culture_category"":""video_game_music"",""video_game"":""Baldur's Gate 3"",""game_rank"":138,""game_association_kind"":""khinsider_game_soundtrack"",""khinsider_album_url"":""https://downloads.khinsider.com/game-soundtracks/album/baldurs-gate-ii-enhanced-edition-official-soundtrack-2016"",""khinsider_album_title"":""Baldur's Gate II: Enhanced Edition Official Soundtrack (baldurs-gate-ii-enhanced-edition-official-soundtrack-2016)"",""khinsider_album_kind"":""official_or_gamerip"",""khinsider_album_match_score"":92.85714285714286,""relevance_score_100"":93.92857142857143,""popularity_score_100"":52.26211598797836,""score_100"":77.2619892523342,""popularity_basis"":""BeatHit master-list game rank plus track position proxy""}"
261,The Absolute Truth (Moonrise Towers),Unknown credited artist,[],Baldur's Gate 3 (baldurs-gate-3-windows-gamerip-2023),,,"[""video game soundtrack""]","[""und""]",,,,Baldur's Gate 3,,,khinsider_track_prominence_proxy,43.02211598797836,score_0_100,,,,77.20884639519134,,,,https://downloads.khinsider.com/game-soundtracks/album/baldurs-gate-3-windows-gamerip-2023,2026-10-05,Track title is taken from KHInsider's soundtrack/gamerip album index. Popularity is an explicitly labelled proxy based on BeatHit game rank and track prominence.,"{""culture_category"":""video_game_music"",""video_game"":""Baldur's Gate 3"",""game_rank"":138,""game_association_kind"":""khinsider_game_soundtrack"",""khinsider_album_url"":""https://downloads.khinsider.com/game-soundtracks/album/baldurs-gate-3-windows-gamerip-2023"",""khinsider_album_title"":""Baldur's Gate 3 (baldurs-gate-3-windows-gamerip-2023)"",""khinsider_album_kind"":""official_or_gamerip"",""khinsider_album_match_score"":100.0,""relevance_score_100"":100.0,""popularity_score_100"":43.02211598797836,""score_100"":77.20884639519134,""popularity_basis"":""BeatHit master-list game rank plus track position proxy""}"
262,Amaunator Temple (Unreleased),Unknown credited artist,[],Baldur's Gate II: Enhanced Edition Official Soundtrack (baldurs-gate-ii-enhanced-edition-official-soundtrack-2016),,,"[""video game soundtrack""]","[""und""]",,,,Baldur's Gate 3,,,khinsider_track_prominence_proxy,52.05211598797836,score_0_100,,,,77.1779892523342,,,,https://downloads.khinsider.com/game-soundtracks/album/baldurs-gate-ii-enhanced-edition-official-soundtrack-2016,2026-10-05,Track title is taken from KHInsider's soundtrack/gamerip album index. Popularity is an explicitly labelled proxy based on BeatHit game rank and track prominence.,"{""culture_category"":""video_game_music"",""video_game"":""Baldur's Gate 3"",""game_rank"":138,""game_association_kind"":""khinsider_game_soundtrack"",""khinsider_album_url"":""https://downloads.khinsider.com/game-soundtracks/album/baldurs-gate-ii-enhanced-edition-official-soundtrack-2016"",""khinsider_album_title"":""Baldur's Gate II: Enhanced Edition Official Soundtrack (baldurs-gate-ii-enhanced-edition-official-soundtrack-2016)"",""khinsider_album_kind"":""official_or_gamerip"",""khinsider_album_match_score"":92.85714285714286,""relevance_score_100"":93.92857142857143,""popularity_score_100"":52.05211598797836,""score_100"":77.1779892523342,""popularity_basis"":""BeatHit master-list game rank plus track position proxy""}"
263,Song of Balduran (Emperor Reveal),Unknown credited artist,[],Baldur's Gate 3 (baldurs-gate-3-windows-gamerip-2023),,,"[""video game soundtrack""]","[""und""]",,,,Baldur's Gate 3,,,khinsider_track_prominence_proxy,42.81211598797836,score_0_100,,,,77.12484639519134,,,,https://downloads.khinsider.com/game-soundtracks/album/baldurs-gate-3-windows-gamerip-2023,2026-10-05,Track title is taken from KHInsider's soundtrack/gamerip album index. Popularity is an explicitly labelled proxy based on BeatHit game rank and track prominence.,"{""culture_category"":""video_game_music"",""video_game"":""Baldur's Gate 3"",""game_rank"":138,""game_association_kind"":""khinsider_game_soundtrack"",""khinsider_album_url"":""https://downloads.khinsider.com/game-soundtracks/album/baldurs-gate-3-windows-gamerip-2023"",""khinsider_album_title"":""Baldur's Gate 3 (baldurs-gate-3-windows-gamerip-2023)"",""khinsider_album_kind"":""official_or_gamerip"",""khinsider_album_match_score"":100.0,""relevance_score_100"":100.0,""popularity_score_100"":42.81211598797836,""score_100"":77.12484639519134,""popularity_basis"":""BeatHit master-list game rank plus track position proxy""}"
264,Irenicus Final Battle (Unreleased),Unknown credited artist,[],Baldur's Gate II: Enhanced Edition Official Soundtrack (baldurs-gate-ii-enhanced-edition-official-soundtrack-2016),,,"[""video game soundtrack""]","[""und""]",,,,Baldur's Gate 3,,,khinsider_track_prominence_proxy,51.84211598797836,score_0_100,,,,77.0939892523342,,,,https://downloads.khinsider.com/game-soundtracks/album/baldurs-gate-ii-enhanced-edition-official-soundtrack-2016,2026-10-05,Track title is taken from KHInsider's soundtrack/gamerip album index. Popularity is an explicitly labelled proxy based on BeatHit game rank and track prominence.,"{""culture_category"":""video_game_music"",""video_game"":""Baldur's Gate 3"",""game_rank"":138,""game_association_kind"":""khinsider_game_soundtrack"",""khinsider_album_url"":""https://downloads.khinsider.com/game-soundtracks/album/baldurs-gate-ii-enhanced-edition-official-soundtrack-2016"",""khinsider_album_title"":""Baldur's Gate II: Enhanced Edition Official Soundtrack (baldurs-gate-ii-enhanced-edition-official-soundtrack-2016)"",""khinsider_album_kind"":""official_or_gamerip"",""khinsider_album_match_score"":92.85714285714286,""relevance_score_100"":93.92857142857143,""popularity_score_100"":51.84211598797836,""score_100"":77.0939892523342,""popularity_basis"":""BeatHit master-list game rank plus track position proxy""}"
265,Bhaal's Temple,Unknown credited artist,[],Baldur's Gate 3 (baldurs-gate-3-windows-gamerip-2023),,,"[""video game soundtrack""]","[""und""]",,,,Baldur's Gate 3,,,khinsider_track_prominence_proxy,42.60211598797836,score_0_100,,,,77.04084639519135,,,,https://downloads.khinsider.com/game-soundtracks/album/baldurs-gate-3-windows-gamerip-2023,2026-10-05,Track title is taken from KHInsider's soundtrack/gamerip album index. Popularity is an explicitly labelled proxy based on BeatHit game rank and track prominence.,"{""culture_category"":""video_game_music"",""video_game"":""Baldur's Gate 3"",""game_rank"":138,""game_association_kind"":""khinsider_game_soundtrack"",""khinsider_album_url"":""https://downloads.khinsider.com/game-soundtracks/album/baldurs-gate-3-windows-gamerip-2023"",""khinsider_album_title"":""Baldur's Gate 3 (baldurs-gate-3-windows-gamerip-2023)"",""khinsider_album_kind"":""official_or_gamerip"",""khinsider_album_match_score"":100.0,""relevance_score_100"":100.0,""popularity_score_100"":42.60211598797836,""score_100"":77.04084639519135,""popularity_basis"":""BeatHit master-list game rank plus track position proxy""}"
266,Throne of Bhaal Theme (ToB Unreleased),Unknown credited artist,[],Baldur's Gate II: Enhanced Edition Official Soundtrack (baldurs-gate-ii-enhanced-edition-official-soundtrack-2016),,,"[""video game soundtrack""]","[""und""]",,,,Baldur's Gate 3,,,khinsider_track_prominence_proxy,51.63211598797836,score_0_100,,,,77.00998925233421,,,,https://downloads.khinsider.com/game-soundtracks/album/baldurs-gate-ii-enhanced-edition-official-soundtrack-2016,2026-10-05,Track title is taken from KHInsider's soundtrack/gamerip album index. Popularity is an explicitly labelled proxy based on BeatHit game rank and track prominence.,"{""culture_category"":""video_game_music"",""video_game"":""Baldur's Gate 3"",""game_rank"":138,""game_association_kind"":""khinsider_game_soundtrack"",""khinsider_album_url"":""https://downloads.khinsider.com/game-soundtracks/album/baldurs-gate-ii-enhanced-edition-official-soundtrack-2016"",""khinsider_album_title"":""Baldur's Gate II: Enhanced Edition Official Soundtrack (baldurs-gate-ii-enhanced-edition-official-soundtrack-2016)"",""khinsider_album_kind"":""official_or_gamerip"",""khinsider_album_match_score"":92.85714285714286,""relevance_score_100"":93.92857142857143,""popularity_score_100"":51.63211598797836,""score_100"":77.00998925233421,""popularity_basis"":""BeatHit master-list game rank plus track position proxy""}"
267,The Power (Drums),Unknown credited artist,[],Baldur's Gate 3 (baldurs-gate-3-windows-gamerip-2023),,,"[""video game soundtrack""]","[""und""]",,,,Baldur's Gate 3,,,khinsider_track_prominence_proxy,42.392115987978364,score_0_100,,,,76.95684639519135,,,,https://downloads.khinsider.com/game-soundtracks/album/baldurs-gate-3-windows-gamerip-2023,2026-10-05,Track title is taken from KHInsider's soundtrack/gamerip album index. Popularity is an explicitly labelled proxy based on BeatHit game rank and track prominence.,"{""culture_category"":""video_game_music"",""video_game"":""Baldur's Gate 3"",""game_rank"":138,""game_association_kind"":""khinsider_game_soundtrack"",""khinsider_album_url"":""https://downloads.khinsider.com/game-soundtracks/album/baldurs-gate-3-windows-gamerip-2023"",""khinsider_album_title"":""Baldur's Gate 3 (baldurs-gate-3-windows-gamerip-2023)"",""khinsider_album_kind"":""official_or_gamerip"",""khinsider_album_match_score"":100.0,""relevance_score_100"":100.0,""popularity_score_100"":42.392115987978364,""score_100"":76.95684639519135,""popularity_basis"":""BeatHit master-list game rank plus track position proxy""}"
268,Forest of Tethyr (ToB Unreleased),Unknown credited artist,[],Baldur's Gate II: Enhanced Edition Official Soundtrack (baldurs-gate-ii-enhanced-edition-official-soundtrack-2016),,,"[""video game soundtrack""]","[""und""]",,,,Baldur's Gate 3,,,khinsider_track_prominence_proxy,51.42211598797836,score_0_100,,,,76.9259892523342,,,,https://downloads.khinsider.com/game-soundtracks/album/baldurs-gate-ii-enhanced-edition-official-soundtrack-2016,2026-10-05,Track title is taken from KHInsider's soundtrack/gamerip album index. Popularity is an explicitly labelled proxy based on BeatHit game rank and track prominence.,"{""culture_category"":""video_game_music"",""video_game"":""Baldur's Gate 3"",""game_rank"":138,""game_association_kind"":""khinsider_game_soundtrack"",""khinsider_album_url"":""https://downloads.khinsider.com/game-soundtracks/album/baldurs-gate-ii-enhanced-edition-official-soundtrack-2016"",""khinsider_album_title"":""Baldur's Gate II: Enhanced Edition Official Soundtrack (baldurs-gate-ii-enhanced-edition-official-soundtrack-2016)"",""khinsider_album_kind"":""official_or_gamerip"",""khinsider_album_match_score"":92.85714285714286,""relevance_score_100"":93.92857142857143,""popularity_score_100"":51.42211598797836,""score_100"":76.9259892523342,""popularity_basis"":""BeatHit master-list game rank plus track position proxy""}"
269,Absolute War,Unknown credited artist,[],Baldur's Gate 3 (baldurs-gate-3-windows-gamerip-2023),,,"[""video game soundtrack""]","[""und""]",,,,Baldur's Gate 3,,,khinsider_track_prominence_proxy,42.182115987978364,score_0_100,,,,76.87284639519135,,,,https://downloads.khinsider.com/game-soundtracks/album/baldurs-gate-3-windows-gamerip-2023,2026-10-05,Track title is taken from KHInsider's soundtrack/gamerip album index. Popularity is an explicitly labelled proxy based on BeatHit game rank and track prominence.,"{""culture_category"":""video_game_music"",""video_game"":""Baldur's Gate 3"",""game_rank"":138,""game_association_kind"":""khinsider_game_soundtrack"",""khinsider_album_url"":""https://downloads.khinsider.com/game-soundtracks/album/baldurs-gate-3-windows-gamerip-2023"",""khinsider_album_title"":""Baldur's Gate 3 (baldurs-gate-3-windows-gamerip-2023)"",""khinsider_album_kind"":""official_or_gamerip"",""khinsider_album_match_score"":100.0,""relevance_score_100"":100.0,""popularity_score_100"":42.182115987978364,""score_100"":76.87284639519135,""popularity_basis"":""BeatHit master-list game rank plus track position proxy""}"
270,Pocket Plane (ToB Unreleased),Unknown credited artist,[],Baldur's Gate II: Enhanced Edition Official Soundtrack (baldurs-gate-ii-enhanced-edition-official-soundtrack-2016),,,"[""video game soundtrack""]","[""und""]",,,,Baldur's Gate 3,,,khinsider_track_prominence_proxy,51.212115987978365,score_0_100,,,,76.8419892523342,,,,https://downloads.khinsider.com/game-soundtracks/album/baldurs-gate-ii-enhanced-edition-official-soundtrack-2016,2026-10-05,Track title is taken from KHInsider's soundtrack/gamerip album index. Popularity is an explicitly labelled proxy based on BeatHit game rank and track prominence.,"{""culture_category"":""video_game_music"",""video_game"":""Baldur's Gate 3"",""game_rank"":138,""game_association_kind"":""khinsider_game_soundtrack"",""khinsider_album_url"":""https://downloads.khinsider.com/game-soundtracks/album/baldurs-gate-ii-enhanced-edition-official-soundtrack-2016"",""khinsider_album_title"":""Baldur's Gate II: Enhanced Edition Official Soundtrack (baldurs-gate-ii-enhanced-edition-official-soundtrack-2016)"",""khinsider_album_kind"":""official_or_gamerip"",""khinsider_album_match_score"":92.85714285714286,""relevance_score_100"":93.92857142857143,""popularity_score_100"":51.212115987978365,""score_100"":76.8419892523342,""popularity_basis"":""BeatHit master-list game rank plus track position proxy""}"
271,266921455,Unknown credited artist,[],Baldur's Gate 3 (baldurs-gate-3-windows-gamerip-2023),,,"[""video game soundtrack""]","[""und""]",,,,Baldur's Gate 3,,,khinsider_track_prominence_proxy,41.97211598797836,score_0_100,,,,76.78884639519134,,,,https://downloads.khinsider.com/game-soundtracks/album/baldurs-gate-3-windows-gamerip-2023,2026-10-05,Track title is taken from KHInsider's soundtrack/gamerip album index. Popularity is an explicitly labelled proxy based on BeatHit game rank and track prominence.,"{""culture_category"":""video_game_music"",""video_game"":""Baldur's Gate 3"",""game_rank"":138,""game_association_kind"":""khinsider_game_soundtrack"",""khinsider_album_url"":""https://downloads.khinsider.com/game-soundtracks/album/baldurs-gate-3-windows-gamerip-2023"",""khinsider_album_title"":""Baldur's Gate 3 (baldurs-gate-3-windows-gamerip-2023)"",""khinsider_album_kind"":""official_or_gamerip"",""khinsider_album_match_score"":100.0,""relevance_score_100"":100.0,""popularity_score_100"":41.97211598797836,""score_100"":76.78884639519134,""popularity_basis"":""BeatHit master-list game rank plus track position proxy""}"
272,Melissan's Theme (ToB Unreleased),Unknown credited artist,[],Baldur's Gate II: Enhanced Edition Official Soundtrack (baldurs-gate-ii-enhanced-edition-official-soundtrack-2016),,,"[""video game soundtrack""]","[""und""]",,,,Baldur's Gate 3,,,khinsider_track_prominence_proxy,51.00211598797836,score_0_100,,,,76.7579892523342,,,,https://downloads.khinsider.com/game-soundtracks/album/baldurs-gate-ii-enhanced-edition-official-soundtrack-2016,2026-10-05,Track title is taken from KHInsider's soundtrack/gamerip album index. Popularity is an explicitly labelled proxy based on BeatHit game rank and track prominence.,"{""culture_category"":""video_game_music"",""video_game"":""Baldur's Gate 3"",""game_rank"":138,""game_association_kind"":""khinsider_game_soundtrack"",""khinsider_album_url"":""https://downloads.khinsider.com/game-soundtracks/album/baldurs-gate-ii-enhanced-edition-official-soundtrack-2016"",""khinsider_album_title"":""Baldur's Gate II: Enhanced Edition Official Soundtrack (baldurs-gate-ii-enhanced-edition-official-soundtrack-2016)"",""khinsider_album_kind"":""official_or_gamerip"",""khinsider_album_match_score"":92.85714285714286,""relevance_score_100"":93.92857142857143,""popularity_score_100"":51.00211598797836,""score_100"":76.7579892523342,""popularity_basis"":""BeatHit master-list game rank plus track position proxy""}"
273,Song of Balduran (Alternative) (Act III),Unknown credited artist,[],Baldur's Gate 3 (baldurs-gate-3-windows-gamerip-2023),,,"[""video game soundtrack""]","[""und""]",,,,Baldur's Gate 3,,,khinsider_track_prominence_proxy,41.76211598797836,score_0_100,,,,76.70484639519134,,,,https://downloads.khinsider.com/game-soundtracks/album/baldurs-gate-3-windows-gamerip-2023,2026-10-05,Track title is taken from KHInsider's soundtrack/gamerip album index. Popularity is an explicitly labelled proxy based on BeatHit game rank and track prominence.,"{""culture_category"":""video_game_music"",""video_game"":""Baldur's Gate 3"",""game_rank"":138,""game_association_kind"":""khinsider_game_soundtrack"",""khinsider_album_url"":""https://downloads.khinsider.com/game-soundtracks/album/baldurs-gate-3-windows-gamerip-2023"",""khinsider_album_title"":""Baldur's Gate 3 (baldurs-gate-3-windows-gamerip-2023)"",""khinsider_album_kind"":""official_or_gamerip"",""khinsider_album_match_score"":100.0,""relevance_score_100"":100.0,""popularity_score_100"":41.76211598797836,""score_100"":76.70484639519134,""popularity_basis"":""BeatHit master-list game rank plus track position proxy""}"
274,Ale of Balduran,Unknown credited artist,[],Baldur's Gate 3 (baldurs-gate-3-windows-gamerip-2023),,,"[""video game soundtrack""]","[""und""]",,,,Baldur's Gate 3,,,khinsider_track_prominence_proxy,41.76211598797836,score_0_100,,,,76.70484639519134,,,,https://downloads.khinsider.com/game-soundtracks/album/baldurs-gate-3-windows-gamerip-2023,2026-10-05,Track title is taken from KHInsider's soundtrack/gamerip album index. Popularity is an explicitly labelled proxy based on BeatHit game rank and track prominence.,"{""culture_category"":""video_game_music"",""video_game"":""Baldur's Gate 3"",""game_rank"":138,""game_association_kind"":""khinsider_game_soundtrack"",""khinsider_album_url"":""https://downloads.khinsider.com/game-soundtracks/album/baldurs-gate-3-windows-gamerip-2023"",""khinsider_album_title"":""Baldur's Gate 3 (baldurs-gate-3-windows-gamerip-2023)"",""khinsider_album_kind"":""official_or_gamerip"",""khinsider_album_match_score"":100.0,""relevance_score_100"":100.0,""popularity_score_100"":41.76211598797836,""score_100"":76.70484639519134,""popularity_basis"":""BeatHit master-list game rank plus track position proxy""}"
275,Assault on Last Nigh Inn,Unknown credited artist,[],Baldur's Gate 3 (baldurs-gate-3-windows-gamerip-2023),,,"[""video game soundtrack""]","[""und""]",,,,Baldur's Gate 3,,,khinsider_track_prominence_proxy,41.76211598797836,score_0_100,,,,76.70484639519134,,,,https://downloads.khinsider.com/game-soundtracks/album/baldurs-gate-3-windows-gamerip-2023,2026-10-05,Track title is taken from KHInsider's soundtrack/gamerip album index. Popularity is an explicitly labelled proxy based on BeatHit game rank and track prominence.,"{""culture_category"":""video_game_music"",""video_game"":""Baldur's Gate 3"",""game_rank"":138,""game_association_kind"":""khinsider_game_soundtrack"",""khinsider_album_url"":""https://downloads.khinsider.com/game-soundtracks/album/baldurs-gate-3-windows-gamerip-2023"",""khinsider_album_title"":""Baldur's Gate 3 (baldurs-gate-3-windows-gamerip-2023)"",""khinsider_album_kind"":""official_or_gamerip"",""khinsider_album_match_score"":100.0,""relevance_score_100"":100.0,""popularity_score_100"":41.76211598797836,""score_100"":76.70484639519134,""popularity_basis"":""BeatHit master-list game rank plus track position proxy""}"
276,Twisted Force,Unknown credited artist,[],Baldur's Gate 3 (baldurs-gate-3-windows-gamerip-2023),,,"[""video game soundtrack""]","[""und""]",,,,Baldur's Gate 3,,,khinsider_track_prominence_proxy,41.76211598797836,score_0_100,,,,76.70484639519134,,,,https://downloads.khinsider.com/game-soundtracks/album/baldurs-gate-3-windows-gamerip-2023,2026-10-05,Track title is taken from KHInsider's soundtrack/gamerip album index. Popularity is an explicitly labelled proxy based on BeatHit game rank and track prominence.,"{""culture_category"":""video_game_music"",""video_game"":""Baldur's Gate 3"",""game_rank"":138,""game_association_kind"":""khinsider_game_soundtrack"",""khinsider_album_url"":""https://downloads.khinsider.com/game-soundtracks/album/baldurs-gate-3-windows-gamerip-2023"",""khinsider_album_title"":""Baldur's Gate 3 (baldurs-gate-3-windows-gamerip-2023)"",""khinsider_album_kind"":""official_or_gamerip"",""khinsider_album_match_score"":100.0,""relevance_score_100"":100.0,""popularity_score_100"":41.76211598797836,""score_100"":76.70484639519134,""popularity_basis"":""BeatHit master-list game rank plus track position proxy""}"
277,281776979,Unknown credited artist,[],Baldur's Gate 3 (baldurs-gate-3-windows-gamerip-2023),,,"[""video game soundtrack""]","[""und""]",,,,Baldur's Gate 3,,,khinsider_track_prominence_proxy,41.76211598797836,score_0_100,,,,76.70484639519134,,,,https://downloads.khinsider.com/game-soundtracks/album/baldurs-gate-3-windows-gamerip-2023,2026-10-05,Track title is taken from KHInsider's soundtrack/gamerip album index. Popularity is an explicitly labelled proxy based on BeatHit game rank and track prominence.,"{""culture_category"":""video_game_music"",""video_game"":""Baldur's Gate 3"",""game_rank"":138,""game_association_kind"":""khinsider_game_soundtrack"",""khinsider_album_url"":""https://downloads.khinsider.com/game-soundtracks/album/baldurs-gate-3-windows-gamerip-2023"",""khinsider_album_title"":""Baldur's Gate 3 (baldurs-gate-3-windows-gamerip-2023)"",""khinsider_album_kind"":""official_or_gamerip"",""khinsider_album_match_score"":100.0,""relevance_score_100"":100.0,""popularity_score_100"":41.76211598797836,""score_100"":76.70484639519134,""popularity_basis"":""BeatHit master-list game rank plus track position proxy""}"
278,Of Divinity and Sin (Lyre),Unknown credited artist,[],Baldur's Gate 3 (baldurs-gate-3-windows-gamerip-2023),,,"[""video game soundtrack""]","[""und""]",,,,Baldur's Gate 3,,,khinsider_track_prominence_proxy,41.76211598797836,score_0_100,,,,76.70484639519134,,,,https://downloads.khinsider.com/game-soundtracks/album/baldurs-gate-3-windows-gamerip-2023,2026-10-05,Track title is taken from KHInsider's soundtrack/gamerip album index. Popularity is an explicitly labelled proxy based on BeatHit game rank and track prominence.,"{""culture_category"":""video_game_music"",""video_game"":""Baldur's Gate 3"",""game_rank"":138,""game_association_kind"":""khinsider_game_soundtrack"",""khinsider_album_url"":""https://downloads.khinsider.com/game-soundtracks/album/baldurs-gate-3-windows-gamerip-2023"",""khinsider_album_title"":""Baldur's Gate 3 (baldurs-gate-3-windows-gamerip-2023)"",""khinsider_album_kind"":""official_or_gamerip"",""khinsider_album_match_score"":100.0,""relevance_score_100"":100.0,""popularity_score_100"":41.76211598797836,""score_100"":76.70484639519134,""popularity_basis"":""BeatHit master-list game rank plus track position proxy""}"
279,Old Time Battles (Alternative),Unknown credited artist,[],Baldur's Gate 3 (baldurs-gate-3-windows-gamerip-2023),,,"[""video game soundtrack""]","[""und""]",,,,Baldur's Gate 3,,,khinsider_track_prominence_proxy,41.76211598797836,score_0_100,,,,76.70484639519134,,,,https://downloads.khinsider.com/game-soundtracks/album/baldurs-gate-3-windows-gamerip-2023,2026-10-05,Track title is taken from KHInsider's soundtrack/gamerip album index. Popularity is an explicitly labelled proxy based on BeatHit game rank and track prominence.,"{""culture_category"":""video_game_music"",""video_game"":""Baldur's Gate 3"",""game_rank"":138,""game_association_kind"":""khinsider_game_soundtrack"",""khinsider_album_url"":""https://downloads.khinsider.com/game-soundtracks/album/baldurs-gate-3-windows-gamerip-2023"",""khinsider_album_title"":""Baldur's Gate 3 (baldurs-gate-3-windows-gamerip-2023)"",""khinsider_album_kind"":""official_or_gamerip"",""khinsider_album_match_score"":100.0,""relevance_score_100"":100.0,""popularity_score_100"":41.76211598797836,""score_100"":76.70484639519134,""popularity_basis"":""BeatHit master-list game rank plus track position proxy""}"
280,I Want to Live (Emerald Grove),Unknown credited artist,[],Baldur's Gate 3 (baldurs-gate-3-windows-gamerip-2023),,,"[""video game soundtrack""]","[""und""]",,,,Baldur's Gate 3,,,khinsider_track_prominence_proxy,41.76211598797836,score_0_100,,,,76.70484639519134,,,,https://downloads.khinsider.com/game-soundtracks/album/baldurs-gate-3-windows-gamerip-2023,2026-10-05,Track title is taken from KHInsider's soundtrack/gamerip album index. Popularity is an explicitly labelled proxy based on BeatHit game rank and track prominence.,"{""culture_category"":""video_game_music"",""video_game"":""Baldur's Gate 3"",""game_rank"":138,""game_association_kind"":""khinsider_game_soundtrack"",""khinsider_album_url"":""https://downloads.khinsider.com/game-soundtracks/album/baldurs-gate-3-windows-gamerip-2023"",""khinsider_album_title"":""Baldur's Gate 3 (baldurs-gate-3-windows-gamerip-2023)"",""khinsider_album_kind"":""official_or_gamerip"",""khinsider_album_match_score"":100.0,""relevance_score_100"":100.0,""popularity_score_100"":41.76211598797836,""score_100"":76.70484639519134,""popularity_basis"":""BeatHit master-list game rank plus track position proxy""}"
281,The Truth of the Absolute,Unknown credited artist,[],Baldur's Gate 3 (baldurs-gate-3-windows-gamerip-2023),,,"[""video game soundtrack""]","[""und""]",,,,Baldur's Gate 3,,,khinsider_track_prominence_proxy,41.76211598797836,score_0_100,,,,76.70484639519134,,,,https://downloads.khinsider.com/game-soundtracks/album/baldurs-gate-3-windows-gamerip-2023,2026-10-05,Track title is taken from KHInsider's soundtrack/gamerip album index. Popularity is an explicitly labelled proxy based on BeatHit game rank and track prominence.,"{""culture_category"":""video_game_music"",""video_game"":""Baldur's Gate 3"",""game_rank"":138,""game_association_kind"":""khinsider_game_soundtrack"",""khinsider_album_url"":""https://downloads.khinsider.com/game-soundtracks/album/baldurs-gate-3-windows-gamerip-2023"",""khinsider_album_title"":""Baldur's Gate 3 (baldurs-gate-3-windows-gamerip-2023)"",""khinsider_album_kind"":""official_or_gamerip"",""khinsider_album_match_score"":100.0,""relevance_score_100"":100.0,""popularity_score_100"":41.76211598797836,""score_100"":76.70484639519134,""popularity_basis"":""BeatHit master-list game rank plus track position proxy""}"
282,The Truth of the Absolute (Instrumental),Unknown credited artist,[],Baldur's Gate 3 (baldurs-gate-3-windows-gamerip-2023),,,"[""video game soundtrack""]","[""und""]",,,,Baldur's Gate 3,,,khinsider_track_prominence_proxy,41.76211598797836,score_0_100,,,,76.70484639519134,,,,https://downloads.khinsider.com/game-soundtracks/album/baldurs-gate-3-windows-gamerip-2023,2026-10-05,Track title is taken from KHInsider's soundtrack/gamerip album index. Popularity is an explicitly labelled proxy based on BeatHit game rank and track prominence.,"{""culture_category"":""video_game_music"",""video_game"":""Baldur's Gate 3"",""game_rank"":138,""game_association_kind"":""khinsider_game_soundtrack"",""khinsider_album_url"":""https://downloads.khinsider.com/game-soundtracks/album/baldurs-gate-3-windows-gamerip-2023"",""khinsider_album_title"":""Baldur's Gate 3 (baldurs-gate-3-windows-gamerip-2023)"",""khinsider_album_kind"":""official_or_gamerip"",""khinsider_album_match_score"":100.0,""relevance_score_100"":100.0,""popularity_score_100"":41.76211598797836,""score_100"":76.70484639519134,""popularity_basis"":""BeatHit master-list game rank plus track position proxy""}"
283,Fate of the Netherbrain,Unknown credited artist,[],Baldur's Gate 3 (baldurs-gate-3-windows-gamerip-2023),,,"[""video game soundtrack""]","[""und""]",,,,Baldur's Gate 3,,,khinsider_track_prominence_proxy,41.76211598797836,score_0_100,,,,76.70484639519134,,,,https://downloads.khinsider.com/game-soundtracks/album/baldurs-gate-3-windows-gamerip-2023,2026-10-05,Track title is taken from KHInsider's soundtrack/gamerip album index. Popularity is an explicitly labelled proxy based on BeatHit game rank and track prominence.,"{""culture_category"":""video_game_music"",""video_game"":""Baldur's Gate 3"",""game_rank"":138,""game_association_kind"":""khinsider_game_soundtrack"",""khinsider_album_url"":""https://downloads.khinsider.com/game-soundtracks/album/baldurs-gate-3-windows-gamerip-2023"",""khinsider_album_title"":""Baldur's Gate 3 (baldurs-gate-3-windows-gamerip-2023)"",""khinsider_album_kind"":""official_or_gamerip"",""khinsider_album_match_score"":100.0,""relevance_score_100"":100.0,""popularity_score_100"":41.76211598797836,""score_100"":76.70484639519134,""popularity_basis"":""BeatHit master-list game rank plus track position proxy""}"
284,A New Dawn,Unknown credited artist,[],Baldur's Gate 3 (baldurs-gate-3-windows-gamerip-2023),,,"[""video game soundtrack""]","[""und""]",,,,Baldur's Gate 3,,,khinsider_track_prominence_proxy,41.76211598797836,score_0_100,,,,76.70484639519134,,,,https://downloads.khinsider.com/game-soundtracks/album/baldurs-gate-3-windows-gamerip-2023,2026-10-05,Track title is taken from KHInsider's soundtrack/gamerip album index. Popularity is an explicitly labelled proxy based on BeatHit game rank and track prominence.,"{""culture_category"":""video_game_music"",""video_game"":""Baldur's Gate 3"",""game_rank"":138,""game_association_kind"":""khinsider_game_soundtrack"",""khinsider_album_url"":""https://downloads.khinsider.com/game-soundtracks/album/baldurs-gate-3-windows-gamerip-2023"",""khinsider_album_title"":""Baldur's Gate 3 (baldurs-gate-3-windows-gamerip-2023)"",""khinsider_album_kind"":""official_or_gamerip"",""khinsider_album_match_score"":100.0,""relevance_score_100"":100.0,""popularity_score_100"":41.76211598797836,""score_100"":76.70484639519134,""popularity_basis"":""BeatHit master-list game rank plus track position proxy""}"
285,A Hero at Heart,Unknown credited artist,[],Baldur's Gate 3 (baldurs-gate-3-windows-gamerip-2023),,,"[""video game soundtrack""]","[""und""]",,,,Baldur's Gate 3,,,khinsider_track_prominence_proxy,41.76211598797836,score_0_100,,,,76.70484639519134,,,,https://downloads.khinsider.com/game-soundtracks/album/baldurs-gate-3-windows-gamerip-2023,2026-10-05,Track title is taken from KHInsider's soundtrack/gamerip album index. Popularity is an explicitly labelled proxy based on BeatHit game rank and track prominence.,"{""culture_category"":""video_game_music"",""video_game"":""Baldur's Gate 3"",""game_rank"":138,""game_association_kind"":""khinsider_game_soundtrack"",""khinsider_album_url"":""https://downloads.khinsider.com/game-soundtracks/album/baldurs-gate-3-windows-gamerip-2023"",""khinsider_album_title"":""Baldur's Gate 3 (baldurs-gate-3-windows-gamerip-2023)"",""khinsider_album_kind"":""official_or_gamerip"",""khinsider_album_match_score"":100.0,""relevance_score_100"":100.0,""popularity_score_100"":41.76211598797836,""score_100"":76.70484639519134,""popularity_basis"":""BeatHit master-list game rank plus track position proxy""}"
286,311153247 Battle,Unknown credited artist,[],Baldur's Gate 3 (baldurs-gate-3-windows-gamerip-2023),,,"[""video game soundtrack""]","[""und""]",,,,Baldur's Gate 3,,,khinsider_track_prominence_proxy,41.76211598797836,score_0_100,,,,76.70484639519134,,,,https://downloads.khinsider.com/game-soundtracks/album/baldurs-gate-3-windows-gamerip-2023,2026-10-05,Track title is taken from KHInsider's soundtrack/gamerip album index. Popularity is an explicitly labelled proxy based on BeatHit game rank and track prominence.,"{""culture_category"":""video_game_music"",""video_game"":""Baldur's Gate 3"",""game_rank"":138,""game_association_kind"":""khinsider_game_soundtrack"",""khinsider_album_url"":""https://downloads.khinsider.com/game-soundtracks/album/baldurs-gate-3-windows-gamerip-2023"",""khinsider_album_title"":""Baldur's Gate 3 (baldurs-gate-3-windows-gamerip-2023)"",""khinsider_album_kind"":""official_or_gamerip"",""khinsider_album_match_score"":100.0,""relevance_score_100"":100.0,""popularity_score_100"":41.76211598797836,""score_100"":76.70484639519134,""popularity_basis"":""BeatHit master-list game rank plus track position proxy""}"
287,Goblin Camp (Alternative),Unknown credited artist,[],Baldur's Gate 3 (baldurs-gate-3-windows-gamerip-2023),,,"[""video game soundtrack""]","[""und""]",,,,Baldur's Gate 3,,,khinsider_track_prominence_proxy,41.76211598797836,score_0_100,,,,76.70484639519134,,,,https://downloads.khinsider.com/game-soundtracks/album/baldurs-gate-3-windows-gamerip-2023,2026-10-05,Track title is taken from KHInsider's soundtrack/gamerip album index. Popularity is an explicitly labelled proxy based on BeatHit game rank and track prominence.,"{""culture_category"":""video_game_music"",""video_game"":""Baldur's Gate 3"",""game_rank"":138,""game_association_kind"":""khinsider_game_soundtrack"",""khinsider_album_url"":""https://downloads.khinsider.com/game-soundtracks/album/baldurs-gate-3-windows-gamerip-2023"",""khinsider_album_title"":""Baldur's Gate 3 (baldurs-gate-3-windows-gamerip-2023)"",""khinsider_album_kind"":""official_or_gamerip"",""khinsider_album_match_score"":100.0,""relevance_score_100"":100.0,""popularity_score_100"":41.76211598797836,""score_100"":76.70484639519134,""popularity_basis"":""BeatHit master-list game rank plus track position proxy""}"
288,Crashed Nautiloid Coast (Act I),Unknown credited artist,[],Baldur's Gate 3 (baldurs-gate-3-windows-gamerip-2023),,,"[""video game soundtrack""]","[""und""]",,,,Baldur's Gate 3,,,khinsider_track_prominence_proxy,41.76211598797836,score_0_100,,,,76.70484639519134,,,,https://downloads.khinsider.com/game-soundtracks/album/baldurs-gate-3-windows-gamerip-2023,2026-10-05,Track title is taken from KHInsider's soundtrack/gamerip album index. Popularity is an explicitly labelled proxy based on BeatHit game rank and track prominence.,"{""culture_category"":""video_game_music"",""video_game"":""Baldur's Gate 3"",""game_rank"":138,""game_association_kind"":""khinsider_game_soundtrack"",""khinsider_album_url"":""https://downloads.khinsider.com/game-soundtracks/album/baldurs-gate-3-windows-gamerip-2023"",""khinsider_album_title"":""Baldur's Gate 3 (baldurs-gate-3-windows-gamerip-2023)"",""khinsider_album_kind"":""official_or_gamerip"",""khinsider_album_match_score"":100.0,""relevance_score_100"":100.0,""popularity_score_100"":41.76211598797836,""score_100"":76.70484639519134,""popularity_basis"":""BeatHit master-list game rank plus track position proxy""}"
289,Down by the River (Instrumental),Unknown credited artist,[],Baldur's Gate 3 (baldurs-gate-3-windows-gamerip-2023),,,"[""video game soundtrack""]","[""und""]",,,,Baldur's Gate 3,,,khinsider_track_prominence_proxy,41.76211598797836,score_0_100,,,,76.70484639519134,,,,https://downloads.khinsider.com/game-soundtracks/album/baldurs-gate-3-windows-gamerip-2023,2026-10-05,Track title is taken from KHInsider's soundtrack/gamerip album index. Popularity is an explicitly labelled proxy based on BeatHit game rank and track prominence.,"{""culture_category"":""video_game_music"",""video_game"":""Baldur's Gate 3"",""game_rank"":138,""game_association_kind"":""khinsider_game_soundtrack"",""khinsider_album_url"":""https://downloads.khinsider.com/game-soundtracks/album/baldurs-gate-3-windows-gamerip-2023"",""khinsider_album_title"":""Baldur's Gate 3 (baldurs-gate-3-windows-gamerip-2023)"",""khinsider_album_kind"":""official_or_gamerip"",""khinsider_album_match_score"":100.0,""relevance_score_100"":100.0,""popularity_score_100"":41.76211598797836,""score_100"":76.70484639519134,""popularity_basis"":""BeatHit master-list game rank plus track position proxy""}"
290,325377676,Unknown credited artist,[],Baldur's Gate 3 (baldurs-gate-3-windows-gamerip-2023),,,"[""video game soundtrack""]","[""und""]",,,,Baldur's Gate 3,,,khinsider_track_prominence_proxy,41.76211598797836,score_0_100,,,,76.70484639519134,,,,https://downloads.khinsider.com/game-soundtracks/album/baldurs-gate-3-windows-gamerip-2023,2026-10-05,Track title is taken from KHInsider's soundtrack/gamerip album index. Popularity is an explicitly labelled proxy based on BeatHit game rank and track prominence.,"{""culture_category"":""video_game_music"",""video_game"":""Baldur's Gate 3"",""game_rank"":138,""game_association_kind"":""khinsider_game_soundtrack"",""khinsider_album_url"":""https://downloads.khinsider.com/game-soundtracks/album/baldurs-gate-3-windows-gamerip-2023"",""khinsider_album_title"":""Baldur's Gate 3 (baldurs-gate-3-windows-gamerip-2023)"",""khinsider_album_kind"":""official_or_gamerip"",""khinsider_album_match_score"":100.0,""relevance_score_100"":100.0,""popularity_score_100"":41.76211598797836,""score_100"":76.70484639519134,""popularity_basis"":""BeatHit master-list game rank plus track position proxy""}"
291,A Blight Lifted,Unknown credited artist,[],Baldur's Gate 3 (baldurs-gate-3-windows-gamerip-2023),,,"[""video game soundtrack""]","[""und""]",,,,Baldur's Gate 3,,,khinsider_track_prominence_proxy,41.76211598797836,score_0_100,,,,76.70484639519134,,,,https://downloads.khinsider.com/game-soundtracks/album/baldurs-gate-3-windows-gamerip-2023,2026-10-05,Track title is taken from KHInsider's soundtrack/gamerip album index. Popularity is an explicitly labelled proxy based on BeatHit game rank and track prominence.,"{""culture_category"":""video_game_music"",""video_game"":""Baldur's Gate 3"",""game_rank"":138,""game_association_kind"":""khinsider_game_soundtrack"",""khinsider_album_url"":""https://downloads.khinsider.com/game-soundtracks/album/baldurs-gate-3-windows-gamerip-2023"",""khinsider_album_title"":""Baldur's Gate 3 (baldurs-gate-3-windows-gamerip-2023)"",""khinsider_album_kind"":""official_or_gamerip"",""khinsider_album_match_score"":100.0,""relevance_score_100"":100.0,""popularity_score_100"":41.76211598797836,""score_100"":76.70484639519134,""popularity_basis"":""BeatHit master-list game rank plus track position proxy""}"
292,Those from the Far Realm,Unknown credited artist,[],Baldur's Gate 3 (baldurs-gate-3-windows-gamerip-2023),,,"[""video game soundtrack""]","[""und""]",,,,Baldur's Gate 3,,,khinsider_track_prominence_proxy,41.76211598797836,score_0_100,,,,76.70484639519134,,,,https://downloads.khinsider.com/game-soundtracks/album/baldurs-gate-3-windows-gamerip-2023,2026-10-05,Track title is taken from KHInsider's soundtrack/gamerip album index. Popularity is an explicitly labelled proxy based on BeatHit game rank and track prominence.,"{""culture_category"":""video_game_music"",""video_game"":""Baldur's Gate 3"",""game_rank"":138,""game_association_kind"":""khinsider_game_soundtrack"",""khinsider_album_url"":""https://downloads.khinsider.com/game-soundtracks/album/baldurs-gate-3-windows-gamerip-2023"",""khinsider_album_title"":""Baldur's Gate 3 (baldurs-gate-3-windows-gamerip-2023)"",""khinsider_album_kind"":""official_or_gamerip"",""khinsider_album_match_score"":100.0,""relevance_score_100"":100.0,""popularity_score_100"":41.76211598797836,""score_100"":76.70484639519134,""popularity_basis"":""BeatHit master-list game rank plus track position proxy""}"
293,334371648,Unknown credited artist,[],Baldur's Gate 3 (baldurs-gate-3-windows-gamerip-2023),,,"[""video game soundtrack""]","[""und""]",,,,Baldur's Gate 3,,,khinsider_track_prominence_proxy,41.76211598797836,score_0_100,,,,76.70484639519134,,,,https://downloads.khinsider.com/game-soundtracks/album/baldurs-gate-3-windows-gamerip-2023,2026-10-05,Track title is taken from KHInsider's soundtrack/gamerip album index. Popularity is an explicitly labelled proxy based on BeatHit game rank and track prominence.,"{""culture_category"":""video_game_music"",""video_game"":""Baldur's Gate 3"",""game_rank"":138,""game_association_kind"":""khinsider_game_soundtrack"",""khinsider_album_url"":""https://downloads.khinsider.com/game-soundtracks/album/baldurs-gate-3-windows-gamerip-2023"",""khinsider_album_title"":""Baldur's Gate 3 (baldurs-gate-3-windows-gamerip-2023)"",""khinsider_album_kind"":""official_or_gamerip"",""khinsider_album_match_score"":100.0,""relevance_score_100"":100.0,""popularity_score_100"":41.76211598797836,""score_100"":76.70484639519134,""popularity_basis"":""BeatHit master-list game rank plus track position proxy""}"
294,336832826,Unknown credited artist,[],Baldur's Gate 3 (baldurs-gate-3-windows-gamerip-2023),,,"[""video game soundtrack""]","[""und""]",,,,Baldur's Gate 3,,,khinsider_track_prominence_proxy,41.76211598797836,score_0_100,,,,76.70484639519134,,,,https://downloads.khinsider.com/game-soundtracks/album/baldurs-gate-3-windows-gamerip-2023,2026-10-05,Track title is taken from KHInsider's soundtrack/gamerip album index. Popularity is an explicitly labelled proxy based on BeatHit game rank and track prominence.,"{""culture_category"":""video_game_music"",""video_game"":""Baldur's Gate 3"",""game_rank"":138,""game_association_kind"":""khinsider_game_soundtrack"",""khinsider_album_url"":""https://downloads.khinsider.com/game-soundtracks/album/baldurs-gate-3-windows-gamerip-2023"",""khinsider_album_title"":""Baldur's Gate 3 (baldurs-gate-3-windows-gamerip-2023)"",""khinsider_album_kind"":""official_or_gamerip"",""khinsider_album_match_score"":100.0,""relevance_score_100"":100.0,""popularity_score_100"":41.76211598797836,""score_100"":76.70484639519134,""popularity_basis"":""BeatHit master-list game rank plus track position proxy""}"
295,Bard Dance (Lyre),Unknown credited artist,[],Baldur's Gate 3 (baldurs-gate-3-windows-gamerip-2023),,,"[""video game soundtrack""]","[""und""]",,,,Baldur's Gate 3,,,khinsider_track_prominence_proxy,41.76211598797836,score_0_100,,,,76.70484639519134,,,,https://downloads.khinsider.com/game-soundtracks/album/baldurs-gate-3-windows-gamerip-2023,2026-10-05,Track title is taken from KHInsider's soundtrack/gamerip album index. Popularity is an explicitly labelled proxy based on BeatHit game rank and track prominence.,"{""culture_category"":""video_game_music"",""video_game"":""Baldur's Gate 3"",""game_rank"":138,""game_association_kind"":""khinsider_game_soundtrack"",""khinsider_album_url"":""https://downloads.khinsider.com/game-soundtracks/album/baldurs-gate-3-windows-gamerip-2023"",""khinsider_album_title"":""Baldur's Gate 3 (baldurs-gate-3-windows-gamerip-2023)"",""khinsider_album_kind"":""official_or_gamerip"",""khinsider_album_match_score"":100.0,""relevance_score_100"":100.0,""popularity_score_100"":41.76211598797836,""score_100"":76.70484639519134,""popularity_basis"":""BeatHit master-list game rank plus track position proxy""}"
296,344850678,Unknown credited artist,[],Baldur's Gate 3 (baldurs-gate-3-windows-gamerip-2023),,,"[""video game soundtrack""]","[""und""]",,,,Baldur's Gate 3,,,khinsider_track_prominence_proxy,41.76211598797836,score_0_100,,,,76.70484639519134,,,,https://downloads.khinsider.com/game-soundtracks/album/baldurs-gate-3-windows-gamerip-2023,2026-10-05,Track title is taken from KHInsider's soundtrack/gamerip album index. Popularity is an explicitly labelled proxy based on BeatHit game rank and track prominence.,"{""culture_category"":""video_game_music"",""video_game"":""Baldur's Gate 3"",""game_rank"":138,""game_association_kind"":""khinsider_game_soundtrack"",""khinsider_album_url"":""https://downloads.khinsider.com/game-soundtracks/album/baldurs-gate-3-windows-gamerip-2023"",""khinsider_album_title"":""Baldur's Gate 3 (baldurs-gate-3-windows-gamerip-2023)"",""khinsider_album_kind"":""official_or_gamerip"",""khinsider_album_match_score"":100.0,""relevance_score_100"":100.0,""popularity_score_100"":41.76211598797836,""score_100"":76.70484639519134,""popularity_basis"":""BeatHit master-list game rank plus track position proxy""}"
297,Terror at Baldur's Gate,Unknown credited artist,[],Baldur's Gate 3 (baldurs-gate-3-windows-gamerip-2023),,,"[""video game soundtrack""]","[""und""]",,,,Baldur's Gate 3,,,khinsider_track_prominence_proxy,41.76211598797836,score_0_100,,,,76.70484639519134,,,,https://downloads.khinsider.com/game-soundtracks/album/baldurs-gate-3-windows-gamerip-2023,2026-10-05,Track title is taken from KHInsider's soundtrack/gamerip album index. Popularity is an explicitly labelled proxy based on BeatHit game rank and track prominence.,"{""culture_category"":""video_game_music"",""video_game"":""Baldur's Gate 3"",""game_rank"":138,""game_association_kind"":""khinsider_game_soundtrack"",""khinsider_album_url"":""https://downloads.khinsider.com/game-soundtracks/album/baldurs-gate-3-windows-gamerip-2023"",""khinsider_album_title"":""Baldur's Gate 3 (baldurs-gate-3-windows-gamerip-2023)"",""khinsider_album_kind"":""official_or_gamerip"",""khinsider_album_match_score"":100.0,""relevance_score_100"":100.0,""popularity_score_100"":41.76211598797836,""score_100"":76.70484639519134,""popularity_basis"":""BeatHit master-list game rank plus track position proxy""}"
298,347470204,Unknown credited artist,[],Baldur's Gate 3 (baldurs-gate-3-windows-gamerip-2023),,,"[""video game soundtrack""]","[""und""]",,,,Baldur's Gate 3,,,khinsider_track_prominence_proxy,41.76211598797836,score_0_100,,,,76.70484639519134,,,,https://downloads.khinsider.com/game-soundtracks/album/baldurs-gate-3-windows-gamerip-2023,2026-10-05,Track title is taken from KHInsider's soundtrack/gamerip album index. Popularity is an explicitly labelled proxy based on BeatHit game rank and track prominence.,"{""culture_category"":""video_game_music"",""video_game"":""Baldur's Gate 3"",""game_rank"":138,""game_association_kind"":""khinsider_game_soundtrack"",""khinsider_album_url"":""https://downloads.khinsider.com/game-soundtracks/album/baldurs-gate-3-windows-gamerip-2023"",""khinsider_album_title"":""Baldur's Gate 3 (baldurs-gate-3-windows-gamerip-2023)"",""khinsider_album_kind"":""official_or_gamerip"",""khinsider_album_match_score"":100.0,""relevance_score_100"":100.0,""popularity_score_100"":41.76211598797836,""score_100"":76.70484639519134,""popularity_basis"":""BeatHit master-list game rank plus track position proxy""}"
299,Respite in the Ruins (Temple Camp),Unknown credited artist,[],Baldur's Gate 3 (baldurs-gate-3-windows-gamerip-2023),,,"[""video game soundtrack""]","[""und""]",,,,Baldur's Gate 3,,,khinsider_track_prominence_proxy,41.76211598797836,score_0_100,,,,76.70484639519134,,,,https://downloads.khinsider.com/game-soundtracks/album/baldurs-gate-3-windows-gamerip-2023,2026-10-05,Track title is taken from KHInsider's soundtrack/gamerip album index. Popularity is an explicitly labelled proxy based on BeatHit game rank and track prominence.,"{""culture_category"":""video_game_music"",""video_game"":""Baldur's Gate 3"",""game_rank"":138,""game_association_kind"":""khinsider_game_soundtrack"",""khinsider_album_url"":""https://downloads.khinsider.com/game-soundtracks/album/baldurs-gate-3-windows-gamerip-2023"",""khinsider_album_title"":""Baldur's Gate 3 (baldurs-gate-3-windows-gamerip-2023)"",""khinsider_album_kind"":""official_or_gamerip"",""khinsider_album_match_score"":100.0,""relevance_score_100"":100.0,""popularity_score_100"":41.76211598797836,""score_100"":76.70484639519134,""popularity_basis"":""BeatHit master-list game rank plus track position proxy""}"
300,The Queen's High Seas (Lyre) (Divinity Original Sin II),Unknown credited artist,[],Baldur's Gate 3 (baldurs-gate-3-windows-gamerip-2023),,,"[""video game soundtrack""]","[""und""]",,,,Baldur's Gate 3,,,khinsider_track_prominence_proxy,41.76211598797836,score_0_100,,,,76.70484639519134,,,,https://downloads.khinsider.com/game-soundtracks/album/baldurs-gate-3-windows-gamerip-2023,2026-10-05,Track title is taken from KHInsider's soundtrack/gamerip album index. Popularity is an explicitly labelled proxy based on BeatHit game rank and track prominence.,"{""culture_category"":""video_game_music"",""video_game"":""Baldur's Gate 3"",""game_rank"":138,""game_association_kind"":""khinsider_game_soundtrack"",""khinsider_album_url"":""https://downloads.khinsider.com/game-soundtracks/album/baldurs-gate-3-windows-gamerip-2023"",""khinsider_album_title"":""Baldur's Gate 3 (baldurs-gate-3-windows-gamerip-2023)"",""khinsider_album_kind"":""official_or_gamerip"",""khinsider_album_match_score"":100.0,""relevance_score_100"":100.0,""popularity_score_100"":41.76211598797836,""score_100"":76.70484639519134,""popularity_basis"":""BeatHit master-list game rank plus track position proxy""}"
301,Secure the Ground Floor,Unknown credited artist,[],Baldur's Gate 3 (baldurs-gate-3-windows-gamerip-2023),,,"[""video game soundtrack""]","[""und""]",,,,Baldur's Gate 3,,,khinsider_track_prominence_proxy,41.76211598797836,score_0_100,,,,76.70484639519134,,,,https://downloads.khinsider.com/game-soundtracks/album/baldurs-gate-3-windows-gamerip-2023,2026-10-05,Track title is taken from KHInsider's soundtrack/gamerip album index. Popularity is an explicitly labelled proxy based on BeatHit game rank and track prominence.,"{""culture_category"":""video_game_music"",""video_game"":""Baldur's Gate 3"",""game_rank"":138,""game_association_kind"":""khinsider_game_soundtrack"",""khinsider_album_url"":""https://downloads.khinsider.com/game-soundtracks/album/baldurs-gate-3-windows-gamerip-2023"",""khinsider_album_title"":""Baldur's Gate 3 (baldurs-gate-3-windows-gamerip-2023)"",""khinsider_album_kind"":""official_or_gamerip"",""khinsider_album_match_score"":100.0,""relevance_score_100"":100.0,""popularity_score_100"":41.76211598797836,""score_100"":76.70484639519134,""popularity_basis"":""BeatHit master-list game rank plus track position proxy""}"
302,Character Creation (Alternative),Unknown credited artist,[],Baldur's Gate 3 (baldurs-gate-3-windows-gamerip-2023),,,"[""video game soundtrack""]","[""und""]",,,,Baldur's Gate 3,,,khinsider_track_prominence_proxy,41.76211598797836,score_0_100,,,,76.70484639519134,,,,https://downloads.khinsider.com/game-soundtracks/album/baldurs-gate-3-windows-gamerip-2023,2026-10-05,Track title is taken from KHInsider's soundtrack/gamerip album index. Popularity is an explicitly labelled proxy based on BeatHit game rank and track prominence.,"{""culture_category"":""video_game_music"",""video_game"":""Baldur's Gate 3"",""game_rank"":138,""game_association_kind"":""khinsider_game_soundtrack"",""khinsider_album_url"":""https://downloads.khinsider.com/game-soundtracks/album/baldurs-gate-3-windows-gamerip-2023"",""khinsider_album_title"":""Baldur's Gate 3 (baldurs-gate-3-windows-gamerip-2023)"",""khinsider_album_kind"":""official_or_gamerip"",""khinsider_album_match_score"":100.0,""relevance_score_100"":100.0,""popularity_score_100"":41.76211598797836,""score_100"":76.70484639519134,""popularity_basis"":""BeatHit master-list game rank plus track position proxy""}"
303,363750140,Unknown credited artist,[],Baldur's Gate 3 (baldurs-gate-3-windows-gamerip-2023),,,"[""video game soundtrack""]","[""und""]",,,,Baldur's Gate 3,,,khinsider_track_prominence_proxy,41.76211598797836,score_0_100,,,,76.70484639519134,,,,https://downloads.khinsider.com/game-soundtracks/album/baldurs-gate-3-windows-gamerip-2023,2026-10-05,Track title is taken from KHInsider's soundtrack/gamerip album index. Popularity is an explicitly labelled proxy based on BeatHit game rank and track prominence.,"{""culture_category"":""video_game_music"",""video_game"":""Baldur's Gate 3"",""game_rank"":138,""game_association_kind"":""khinsider_game_soundtrack"",""khinsider_album_url"":""https://downloads.khinsider.com/game-soundtracks/album/baldurs-gate-3-windows-gamerip-2023"",""khinsider_album_title"":""Baldur's Gate 3 (baldurs-gate-3-windows-gamerip-2023)"",""khinsider_album_kind"":""official_or_gamerip"",""khinsider_album_match_score"":100.0,""relevance_score_100"":100.0,""popularity_score_100"":41.76211598797836,""score_100"":76.70484639519134,""popularity_basis"":""BeatHit master-list game rank plus track position proxy""}"
304,Camp,Unknown credited artist,[],Baldur's Gate 3 (baldurs-gate-3-windows-gamerip-2023),,,"[""video game soundtrack""]","[""und""]",,,,Baldur's Gate 3,,,khinsider_track_prominence_proxy,41.76211598797836,score_0_100,,,,76.70484639519134,,,,https://downloads.khinsider.com/game-soundtracks/album/baldurs-gate-3-windows-gamerip-2023,2026-10-05,Track title is taken from KHInsider's soundtrack/gamerip album index. Popularity is an explicitly labelled proxy based on BeatHit game rank and track prominence.,"{""culture_category"":""video_game_music"",""video_game"":""Baldur's Gate 3"",""game_rank"":138,""game_association_kind"":""khinsider_game_soundtrack"",""khinsider_album_url"":""https://downloads.khinsider.com/game-soundtracks/album/baldurs-gate-3-windows-gamerip-2023"",""khinsider_album_title"":""Baldur's Gate 3 (baldurs-gate-3-windows-gamerip-2023)"",""khinsider_album_kind"":""official_or_gamerip"",""khinsider_album_match_score"":100.0,""relevance_score_100"":100.0,""popularity_score_100"":41.76211598797836,""score_100"":76.70484639519134,""popularity_basis"":""BeatHit master-list game rank plus track position proxy""}"
305,Sweltering Heat of the Forge,Unknown credited artist,[],Baldur's Gate 3 (baldurs-gate-3-windows-gamerip-2023),,,"[""video game soundtrack""]","[""und""]",,,,Baldur's Gate 3,,,khinsider_track_prominence_proxy,41.76211598797836,score_0_100,,,,76.70484639519134,,,,https://downloads.khinsider.com/game-soundtracks/album/baldurs-gate-3-windows-gamerip-2023,2026-10-05,Track title is taken from KHInsider's soundtrack/gamerip album index. Popularity is an explicitly labelled proxy based on BeatHit game rank and track prominence.,"{""culture_category"":""video_game_music"",""video_game"":""Baldur's Gate 3"",""game_rank"":138,""game_association_kind"":""khinsider_game_soundtrack"",""khinsider_album_url"":""https://downloads.khinsider.com/game-soundtracks/album/baldurs-gate-3-windows-gamerip-2023"",""khinsider_album_title"":""Baldur's Gate 3 (baldurs-gate-3-windows-gamerip-2023)"",""khinsider_album_kind"":""official_or_gamerip"",""khinsider_album_match_score"":100.0,""relevance_score_100"":100.0,""popularity_score_100"":41.76211598797836,""score_100"":76.70484639519134,""popularity_basis"":""BeatHit master-list game rank plus track position proxy""}"
306,369706158,Unknown credited artist,[],Baldur's Gate 3 (baldurs-gate-3-windows-gamerip-2023),,,"[""video game soundtrack""]","[""und""]",,,,Baldur's Gate 3,,,khinsider_track_prominence_proxy,41.76211598797836,score_0_100,,,,76.70484639519134,,,,https://downloads.khinsider.com/game-soundtracks/album/baldurs-gate-3-windows-gamerip-2023,2026-10-05,Track title is taken from KHInsider's soundtrack/gamerip album index. Popularity is an explicitly labelled proxy based on BeatHit game rank and track prominence.,"{""culture_category"":""video_game_music"",""video_game"":""Baldur's Gate 3"",""game_rank"":138,""game_association_kind"":""khinsider_game_soundtrack"",""khinsider_album_url"":""https://downloads.khinsider.com/game-soundtracks/album/baldurs-gate-3-windows-gamerip-2023"",""khinsider_album_title"":""Baldur's Gate 3 (baldurs-gate-3-windows-gamerip-2023)"",""khinsider_album_kind"":""official_or_gamerip"",""khinsider_album_match_score"":100.0,""relevance_score_100"":100.0,""popularity_score_100"":41.76211598797836,""score_100"":76.70484639519134,""popularity_basis"":""BeatHit master-list game rank plus track position proxy""}"
307,372361844,Unknown credited artist,[],Baldur's Gate 3 (baldurs-gate-3-windows-gamerip-2023),,,"[""video game soundtrack""]","[""und""]",,,,Baldur's Gate 3,,,khinsider_track_prominence_proxy,41.76211598797836,score_0_100,,,,76.70484639519134,,,,https://downloads.khinsider.com/game-soundtracks/album/baldurs-gate-3-windows-gamerip-2023,2026-10-05,Track title is taken from KHInsider's soundtrack/gamerip album index. Popularity is an explicitly labelled proxy based on BeatHit game rank and track prominence.,"{""culture_category"":""video_game_music"",""video_game"":""Baldur's Gate 3"",""game_rank"":138,""game_association_kind"":""khinsider_game_soundtrack"",""khinsider_album_url"":""https://downloads.khinsider.com/game-soundtracks/album/baldurs-gate-3-windows-gamerip-2023"",""khinsider_album_title"":""Baldur's Gate 3 (baldurs-gate-3-windows-gamerip-2023)"",""khinsider_album_kind"":""official_or_gamerip"",""khinsider_album_match_score"":100.0,""relevance_score_100"":100.0,""popularity_score_100"":41.76211598797836,""score_100"":76.70484639519134,""popularity_basis"":""BeatHit master-list game rank plus track position proxy""}"
308,Summoning of the Elder Brain,Unknown credited artist,[],Baldur's Gate 3 (baldurs-gate-3-windows-gamerip-2023),,,"[""video game soundtrack""]","[""und""]",,,,Baldur's Gate 3,,,khinsider_track_prominence_proxy,41.76211598797836,score_0_100,,,,76.70484639519134,,,,https://downloads.khinsider.com/game-soundtracks/album/baldurs-gate-3-windows-gamerip-2023,2026-10-05,Track title is taken from KHInsider's soundtrack/gamerip album index. Popularity is an explicitly labelled proxy based on BeatHit game rank and track prominence.,"{""culture_category"":""video_game_music"",""video_game"":""Baldur's Gate 3"",""game_rank"":138,""game_association_kind"":""khinsider_game_soundtrack"",""khinsider_album_url"":""https://downloads.khinsider.com/game-soundtracks/album/baldurs-gate-3-windows-gamerip-2023"",""khinsider_album_title"":""Baldur's Gate 3 (baldurs-gate-3-windows-gamerip-2023)"",""khinsider_album_kind"":""official_or_gamerip"",""khinsider_album_match_score"":100.0,""relevance_score_100"":100.0,""popularity_score_100"":41.76211598797836,""score_100"":76.70484639519134,""popularity_basis"":""BeatHit master-list game rank plus track position proxy""}"
309,383121946,Unknown credited artist,[],Baldur's Gate 3 (baldurs-gate-3-windows-gamerip-2023),,,"[""video game soundtrack""]","[""und""]",,,,Baldur's Gate 3,,,khinsider_track_prominence_proxy,41.76211598797836,score_0_100,,,,76.70484639519134,,,,https://downloads.khinsider.com/game-soundtracks/album/baldurs-gate-3-windows-gamerip-2023,2026-10-05,Track title is taken from KHInsider's soundtrack/gamerip album index. Popularity is an explicitly labelled proxy based on BeatHit game rank and track prominence.,"{""culture_category"":""video_game_music"",""video_game"":""Baldur's Gate 3"",""game_rank"":138,""game_association_kind"":""khinsider_game_soundtrack"",""khinsider_album_url"":""https://downloads.khinsider.com/game-soundtracks/album/baldurs-gate-3-windows-gamerip-2023"",""khinsider_album_title"":""Baldur's Gate 3 (baldurs-gate-3-windows-gamerip-2023)"",""khinsider_album_kind"":""official_or_gamerip"",""khinsider_album_match_score"":100.0,""relevance_score_100"":100.0,""popularity_score_100"":41.76211598797836,""score_100"":76.70484639519134,""popularity_basis"":""BeatHit master-list game rank plus track position proxy""}"
310,386463479,Unknown credited artist,[],Baldur's Gate 3 (baldurs-gate-3-windows-gamerip-2023),,,"[""video game soundtrack""]","[""und""]",,,,Baldur's Gate 3,,,khinsider_track_prominence_proxy,41.76211598797836,score_0_100,,,,76.70484639519134,,,,https://downloads.khinsider.com/game-soundtracks/album/baldurs-gate-3-windows-gamerip-2023,2026-10-05,Track title is taken from KHInsider's soundtrack/gamerip album index. Popularity is an explicitly labelled proxy based on BeatHit game rank and track prominence.,"{""culture_category"":""video_game_music"",""video_game"":""Baldur's Gate 3"",""game_rank"":138,""game_association_kind"":""khinsider_game_soundtrack"",""khinsider_album_url"":""https://downloads.khinsider.com/game-soundtracks/album/baldurs-gate-3-windows-gamerip-2023"",""khinsider_album_title"":""Baldur's Gate 3 (baldurs-gate-3-windows-gamerip-2023)"",""khinsider_album_kind"":""official_or_gamerip"",""khinsider_album_match_score"":100.0,""relevance_score_100"":100.0,""popularity_score_100"":41.76211598797836,""score_100"":76.70484639519134,""popularity_basis"":""BeatHit master-list game rank plus track position proxy""}"
311,Enter the Harpies,Unknown credited artist,[],Baldur's Gate 3 (baldurs-gate-3-windows-gamerip-2023),,,"[""video game soundtrack""]","[""und""]",,,,Baldur's Gate 3,,,khinsider_track_prominence_proxy,41.76211598797836,score_0_100,,,,76.70484639519134,,,,https://downloads.khinsider.com/game-soundtracks/album/baldurs-gate-3-windows-gamerip-2023,2026-10-05,Track title is taken from KHInsider's soundtrack/gamerip album index. Popularity is an explicitly labelled proxy based on BeatHit game rank and track prominence.,"{""culture_category"":""video_game_music"",""video_game"":""Baldur's Gate 3"",""game_rank"":138,""game_association_kind"":""khinsider_game_soundtrack"",""khinsider_album_url"":""https://downloads.khinsider.com/game-soundtracks/album/baldurs-gate-3-windows-gamerip-2023"",""khinsider_album_title"":""Baldur's Gate 3 (baldurs-gate-3-windows-gamerip-2023)"",""khinsider_album_kind"":""official_or_gamerip"",""khinsider_album_match_score"":100.0,""relevance_score_100"":100.0,""popularity_score_100"":41.76211598797836,""score_100"":76.70484639519134,""popularity_basis"":""BeatHit master-list game rank plus track position proxy""}"
312,Dribbels the Clown,Unknown credited artist,[],Baldur's Gate 3 (baldurs-gate-3-windows-gamerip-2023),,,"[""video game soundtrack""]","[""und""]",,,,Baldur's Gate 3,,,khinsider_track_prominence_proxy,41.76211598797836,score_0_100,,,,76.70484639519134,,,,https://downloads.khinsider.com/game-soundtracks/album/baldurs-gate-3-windows-gamerip-2023,2026-10-05,Track title is taken from KHInsider's soundtrack/gamerip album index. Popularity is an explicitly labelled proxy based on BeatHit game rank and track prominence.,"{""culture_category"":""video_game_music"",""video_game"":""Baldur's Gate 3"",""game_rank"":138,""game_association_kind"":""khinsider_game_soundtrack"",""khinsider_album_url"":""https://downloads.khinsider.com/game-soundtracks/album/baldurs-gate-3-windows-gamerip-2023"",""khinsider_album_title"":""Baldur's Gate 3 (baldurs-gate-3-windows-gamerip-2023)"",""khinsider_album_kind"":""official_or_gamerip"",""khinsider_album_match_score"":100.0,""relevance_score_100"":100.0,""popularity_score_100"":41.76211598797836,""score_100"":76.70484639519134,""popularity_basis"":""BeatHit master-list game rank plus track position proxy""}"
313,397074508,Unknown credited artist,[],Baldur's Gate 3 (baldurs-gate-3-windows-gamerip-2023),,,"[""video game soundtrack""]","[""und""]",,,,Baldur's Gate 3,,,khinsider_track_prominence_proxy,41.76211598797836,score_0_100,,,,76.70484639519134,,,,https://downloads.khinsider.com/game-soundtracks/album/baldurs-gate-3-windows-gamerip-2023,2026-10-05,Track title is taken from KHInsider's soundtrack/gamerip album index. Popularity is an explicitly labelled proxy based on BeatHit game rank and track prominence.,"{""culture_category"":""video_game_music"",""video_game"":""Baldur's Gate 3"",""game_rank"":138,""game_association_kind"":""khinsider_game_soundtrack"",""khinsider_album_url"":""https://downloads.khinsider.com/game-soundtracks/album/baldurs-gate-3-windows-gamerip-2023"",""khinsider_album_title"":""Baldur's Gate 3 (baldurs-gate-3-windows-gamerip-2023)"",""khinsider_album_kind"":""official_or_gamerip"",""khinsider_album_match_score"":100.0,""relevance_score_100"":100.0,""popularity_score_100"":41.76211598797836,""score_100"":76.70484639519134,""popularity_basis"":""BeatHit master-list game rank plus track position proxy""}"
314,A Royal Dance,Unknown credited artist,[],Baldur's Gate 3 (baldurs-gate-3-windows-gamerip-2023),,,"[""video game soundtrack""]","[""und""]",,,,Baldur's Gate 3,,,khinsider_track_prominence_proxy,41.76211598797836,score_0_100,,,,76.70484639519134,,,,https://downloads.khinsider.com/game-soundtracks/album/baldurs-gate-3-windows-gamerip-2023,2026-10-05,Track title is taken from KHInsider's soundtrack/gamerip album index. Popularity is an explicitly labelled proxy based on BeatHit game rank and track prominence.,"{""culture_category"":""video_game_music"",""video_game"":""Baldur's Gate 3"",""game_rank"":138,""game_association_kind"":""khinsider_game_soundtrack"",""khinsider_album_url"":""https://downloads.khinsider.com/game-soundtracks/album/baldurs-gate-3-windows-gamerip-2023"",""khinsider_album_title"":""Baldur's Gate 3 (baldurs-gate-3-windows-gamerip-2023)"",""khinsider_album_kind"":""official_or_gamerip"",""khinsider_album_match_score"":100.0,""relevance_score_100"":100.0,""popularity_score_100"":41.76211598797836,""score_100"":76.70484639519134,""popularity_basis"":""BeatHit master-list game rank plus track position proxy""}"
315,The Power (Orchestral) (Short),Unknown credited artist,[],Baldur's Gate 3 (baldurs-gate-3-windows-gamerip-2023),,,"[""video game soundtrack""]","[""und""]",,,,Baldur's Gate 3,,,khinsider_track_prominence_proxy,41.76211598797836,score_0_100,,,,76.70484639519134,,,,https://downloads.khinsider.com/game-soundtracks/album/baldurs-gate-3-windows-gamerip-2023,2026-10-05,Track title is taken from KHInsider's soundtrack/gamerip album index. Popularity is an explicitly labelled proxy based on BeatHit game rank and track prominence.,"{""culture_category"":""video_game_music"",""video_game"":""Baldur's Gate 3"",""game_rank"":138,""game_association_kind"":""khinsider_game_soundtrack"",""khinsider_album_url"":""https://downloads.khinsider.com/game-soundtracks/album/baldurs-gate-3-windows-gamerip-2023"",""khinsider_album_title"":""Baldur's Gate 3 (baldurs-gate-3-windows-gamerip-2023)"",""khinsider_album_kind"":""official_or_gamerip"",""khinsider_album_match_score"":100.0,""relevance_score_100"":100.0,""popularity_score_100"":41.76211598797836,""score_100"":76.70484639519134,""popularity_basis"":""BeatHit master-list game rank plus track position proxy""}"
316,399131038,Unknown credited artist,[],Baldur's Gate 3 (baldurs-gate-3-windows-gamerip-2023),,,"[""video game soundtrack""]","[""und""]",,,,Baldur's Gate 3,,,khinsider_track_prominence_proxy,41.76211598797836,score_0_100,,,,76.70484639519134,,,,https://downloads.khinsider.com/game-soundtracks/album/baldurs-gate-3-windows-gamerip-2023,2026-10-05,Track title is taken from KHInsider's soundtrack/gamerip album index. Popularity is an explicitly labelled proxy based on BeatHit game rank and track prominence.,"{""culture_category"":""video_game_music"",""video_game"":""Baldur's Gate 3"",""game_rank"":138,""game_association_kind"":""khinsider_game_soundtrack"",""khinsider_album_url"":""https://downloads.khinsider.com/game-soundtracks/album/baldurs-gate-3-windows-gamerip-2023"",""khinsider_album_title"":""Baldur's Gate 3 (baldurs-gate-3-windows-gamerip-2023)"",""khinsider_album_kind"":""official_or_gamerip"",""khinsider_album_match_score"":100.0,""relevance_score_100"":100.0,""popularity_score_100"":41.76211598797836,""score_100"":76.70484639519134,""popularity_basis"":""BeatHit master-list game rank plus track position proxy""}"
317,Shar's Temple (Act II),Unknown credited artist,[],Baldur's Gate 3 (baldurs-gate-3-windows-gamerip-2023),,,"[""video game soundtrack""]","[""und""]",,,,Baldur's Gate 3,,,khinsider_track_prominence_proxy,41.76211598797836,score_0_100,,,,76.70484639519134,,,,https://downloads.khinsider.com/game-soundtracks/album/baldurs-gate-3-windows-gamerip-2023,2026-10-05,Track title is taken from KHInsider's soundtrack/gamerip album index. Popularity is an explicitly labelled proxy based on BeatHit game rank and track prominence.,"{""culture_category"":""video_game_music"",""video_game"":""Baldur's Gate 3"",""game_rank"":138,""game_association_kind"":""khinsider_game_soundtrack"",""khinsider_album_url"":""https://downloads.khinsider.com/game-soundtracks/album/baldurs-gate-3-windows-gamerip-2023"",""khinsider_album_title"":""Baldur's Gate 3 (baldurs-gate-3-windows-gamerip-2023)"",""khinsider_album_kind"":""official_or_gamerip"",""khinsider_album_match_score"":100.0,""relevance_score_100"":100.0,""popularity_score_100"":41.76211598797836,""score_100"":76.70484639519134,""popularity_basis"":""BeatHit master-list game rank plus track position proxy""}"
318,403521044,Unknown credited artist,[],Baldur's Gate 3 (baldurs-gate-3-windows-gamerip-2023),,,"[""video game soundtrack""]","[""und""]",,,,Baldur's Gate 3,,,khinsider_track_prominence_proxy,41.76211598797836,score_0_100,,,,76.70484639519134,,,,https://downloads.khinsider.com/game-soundtracks/album/baldurs-gate-3-windows-gamerip-2023,2026-10-05,Track title is taken from KHInsider's soundtrack/gamerip album index. Popularity is an explicitly labelled proxy based on BeatHit game rank and track prominence.,"{""culture_category"":""video_game_music"",""video_game"":""Baldur's Gate 3"",""game_rank"":138,""game_association_kind"":""khinsider_game_soundtrack"",""khinsider_album_url"":""https://downloads.khinsider.com/game-soundtracks/album/baldurs-gate-3-windows-gamerip-2023"",""khinsider_album_title"":""Baldur's Gate 3 (baldurs-gate-3-windows-gamerip-2023)"",""khinsider_album_kind"":""official_or_gamerip"",""khinsider_album_match_score"":100.0,""relevance_score_100"":100.0,""popularity_score_100"":41.76211598797836,""score_100"":76.70484639519134,""popularity_basis"":""BeatHit master-list game rank plus track position proxy""}"
319,Down by the River (Instrumental) (Character Creation),Unknown credited artist,[],Baldur's Gate 3 (baldurs-gate-3-windows-gamerip-2023),,,"[""video game soundtrack""]","[""und""]",,,,Baldur's Gate 3,,,khinsider_track_prominence_proxy,41.76211598797836,score_0_100,,,,76.70484639519134,,,,https://downloads.khinsider.com/game-soundtracks/album/baldurs-gate-3-windows-gamerip-2023,2026-10-05,Track title is taken from KHInsider's soundtrack/gamerip album index. Popularity is an explicitly labelled proxy based on BeatHit game rank and track prominence.,"{""culture_category"":""video_game_music"",""video_game"":""Baldur's Gate 3"",""game_rank"":138,""game_association_kind"":""khinsider_game_soundtrack"",""khinsider_album_url"":""https://downloads.khinsider.com/game-soundtracks/album/baldurs-gate-3-windows-gamerip-2023"",""khinsider_album_title"":""Baldur's Gate 3 (baldurs-gate-3-windows-gamerip-2023)"",""khinsider_album_kind"":""official_or_gamerip"",""khinsider_album_match_score"":100.0,""relevance_score_100"":100.0,""popularity_score_100"":41.76211598797836,""score_100"":76.70484639519134,""popularity_basis"":""BeatHit master-list game rank plus track position proxy""}"
320,Disquieting Darkness,Unknown credited artist,[],Baldur's Gate 3 (baldurs-gate-3-windows-gamerip-2023),,,"[""video game soundtrack""]","[""und""]",,,,Baldur's Gate 3,,,khinsider_track_prominence_proxy,41.76211598797836,score_0_100,,,,76.70484639519134,,,,https://downloads.khinsider.com/game-soundtracks/album/baldurs-gate-3-windows-gamerip-2023,2026-10-05,Track title is taken from KHInsider's soundtrack/gamerip album index. Popularity is an explicitly labelled proxy based on BeatHit game rank and track prominence.,"{""culture_category"":""video_game_music"",""video_game"":""Baldur's Gate 3"",""game_rank"":138,""game_association_kind"":""khinsider_game_soundtrack"",""khinsider_album_url"":""https://downloads.khinsider.com/game-soundtracks/album/baldurs-gate-3-windows-gamerip-2023"",""khinsider_album_title"":""Baldur's Gate 3 (baldurs-gate-3-windows-gamerip-2023)"",""khinsider_album_kind"":""official_or_gamerip"",""khinsider_album_match_score"":100.0,""relevance_score_100"":100.0,""popularity_score_100"":41.76211598797836,""score_100"":76.70484639519134,""popularity_basis"":""BeatHit master-list game rank plus track position proxy""}"
321,410798609,Unknown credited artist,[],Baldur's Gate 3 (baldurs-gate-3-windows-gamerip-2023),,,"[""video game soundtrack""]","[""und""]",,,,Baldur's Gate 3,,,khinsider_track_prominence_proxy,41.76211598797836,score_0_100,,,,76.70484639519134,,,,https://downloads.khinsider.com/game-soundtracks/album/baldurs-gate-3-windows-gamerip-2023,2026-10-05,Track title is taken from KHInsider's soundtrack/gamerip album index. Popularity is an explicitly labelled proxy based on BeatHit game rank and track prominence.,"{""culture_category"":""video_game_music"",""video_game"":""Baldur's Gate 3"",""game_rank"":138,""game_association_kind"":""khinsider_game_soundtrack"",""khinsider_album_url"":""https://downloads.khinsider.com/game-soundtracks/album/baldurs-gate-3-windows-gamerip-2023"",""khinsider_album_title"":""Baldur's Gate 3 (baldurs-gate-3-windows-gamerip-2023)"",""khinsider_album_kind"":""official_or_gamerip"",""khinsider_album_match_score"":100.0,""relevance_score_100"":100.0,""popularity_score_100"":41.76211598797836,""score_100"":76.70484639519134,""popularity_basis"":""BeatHit master-list game rank plus track position proxy""}"
322,Harpy Song (Alternative),Unknown credited artist,[],Baldur's Gate 3 (baldurs-gate-3-windows-gamerip-2023),,,"[""video game soundtrack""]","[""und""]",,,,Baldur's Gate 3,,,khinsider_track_prominence_proxy,41.76211598797836,score_0_100,,,,76.70484639519134,,,,https://downloads.khinsider.com/game-soundtracks/album/baldurs-gate-3-windows-gamerip-2023,2026-10-05,Track title is taken from KHInsider's soundtrack/gamerip album index. Popularity is an explicitly labelled proxy based on BeatHit game rank and track prominence.,"{""culture_category"":""video_game_music"",""video_game"":""Baldur's Gate 3"",""game_rank"":138,""game_association_kind"":""khinsider_game_soundtrack"",""khinsider_album_url"":""https://downloads.khinsider.com/game-soundtracks/album/baldurs-gate-3-windows-gamerip-2023"",""khinsider_album_title"":""Baldur's Gate 3 (baldurs-gate-3-windows-gamerip-2023)"",""khinsider_album_kind"":""official_or_gamerip"",""khinsider_album_match_score"":100.0,""relevance_score_100"":100.0,""popularity_score_100"":41.76211598797836,""score_100"":76.70484639519134,""popularity_basis"":""BeatHit master-list game rank plus track position proxy""}"
323,I Want to Live (City Version),Unknown credited artist,[],Baldur's Gate 3 (baldurs-gate-3-windows-gamerip-2023),,,"[""video game soundtrack""]","[""und""]",,,,Baldur's Gate 3,,,khinsider_track_prominence_proxy,41.76211598797836,score_0_100,,,,76.70484639519134,,,,https://downloads.khinsider.com/game-soundtracks/album/baldurs-gate-3-windows-gamerip-2023,2026-10-05,Track title is taken from KHInsider's soundtrack/gamerip album index. Popularity is an explicitly labelled proxy based on BeatHit game rank and track prominence.,"{""culture_category"":""video_game_music"",""video_game"":""Baldur's Gate 3"",""game_rank"":138,""game_association_kind"":""khinsider_game_soundtrack"",""khinsider_album_url"":""https://downloads.khinsider.com/game-soundtracks/album/baldurs-gate-3-windows-gamerip-2023"",""khinsider_album_title"":""Baldur's Gate 3 (baldurs-gate-3-windows-gamerip-2023)"",""khinsider_album_kind"":""official_or_gamerip"",""khinsider_album_match_score"":100.0,""relevance_score_100"":100.0,""popularity_score_100"":41.76211598797836,""score_100"":76.70484639519134,""popularity_basis"":""BeatHit master-list game rank plus track position proxy""}"
324,419116501,Unknown credited artist,[],Baldur's Gate 3 (baldurs-gate-3-windows-gamerip-2023),,,"[""video game soundtrack""]","[""und""]",,,,Baldur's Gate 3,,,khinsider_track_prominence_proxy,41.76211598797836,score_0_100,,,,76.70484639519134,,,,https://downloads.khinsider.com/game-soundtracks/album/baldurs-gate-3-windows-gamerip-2023,2026-10-05,Track title is taken from KHInsider's soundtrack/gamerip album index. Popularity is an explicitly labelled proxy based on BeatHit game rank and track prominence.,"{""culture_category"":""video_game_music"",""video_game"":""Baldur's Gate 3"",""game_rank"":138,""game_association_kind"":""khinsider_game_soundtrack"",""khinsider_album_url"":""https://downloads.khinsider.com/game-soundtracks/album/baldurs-gate-3-windows-gamerip-2023"",""khinsider_album_title"":""Baldur's Gate 3 (baldurs-gate-3-windows-gamerip-2023)"",""khinsider_album_kind"":""official_or_gamerip"",""khinsider_album_match_score"":100.0,""relevance_score_100"":100.0,""popularity_score_100"":41.76211598797836,""score_100"":76.70484639519134,""popularity_basis"":""BeatHit master-list game rank plus track position proxy""}"
325,Down by the River (Instrumental) (Alternative),Unknown credited artist,[],Baldur's Gate 3 (baldurs-gate-3-windows-gamerip-2023),,,"[""video game soundtrack""]","[""und""]",,,,Baldur's Gate 3,,,khinsider_track_prominence_proxy,41.76211598797836,score_0_100,,,,76.70484639519134,,,,https://downloads.khinsider.com/game-soundtracks/album/baldurs-gate-3-windows-gamerip-2023,2026-10-05,Track title is taken from KHInsider's soundtrack/gamerip album index. Popularity is an explicitly labelled proxy based on BeatHit game rank and track prominence.,"{""culture_category"":""video_game_music"",""video_game"":""Baldur's Gate 3"",""game_rank"":138,""game_association_kind"":""khinsider_game_soundtrack"",""khinsider_album_url"":""https://downloads.khinsider.com/game-soundtracks/album/baldurs-gate-3-windows-gamerip-2023"",""khinsider_album_title"":""Baldur's Gate 3 (baldurs-gate-3-windows-gamerip-2023)"",""khinsider_album_kind"":""official_or_gamerip"",""khinsider_album_match_score"":100.0,""relevance_score_100"":100.0,""popularity_score_100"":41.76211598797836,""score_100"":76.70484639519134,""popularity_basis"":""BeatHit master-list game rank plus track position proxy""}"
326,Down by the River (Instrumental) (Halsin Romance),Unknown credited artist,[],Baldur's Gate 3 (baldurs-gate-3-windows-gamerip-2023),,,"[""video game soundtrack""]","[""und""]",,,,Baldur's Gate 3,,,khinsider_track_prominence_proxy,41.76211598797836,score_0_100,,,,76.70484639519134,,,,https://downloads.khinsider.com/game-soundtracks/album/baldurs-gate-3-windows-gamerip-2023,2026-10-05,Track title is taken from KHInsider's soundtrack/gamerip album index. Popularity is an explicitly labelled proxy based on BeatHit game rank and track prominence.,"{""culture_category"":""video_game_music"",""video_game"":""Baldur's Gate 3"",""game_rank"":138,""game_association_kind"":""khinsider_game_soundtrack"",""khinsider_album_url"":""https://downloads.khinsider.com/game-soundtracks/album/baldurs-gate-3-windows-gamerip-2023"",""khinsider_album_title"":""Baldur's Gate 3 (baldurs-gate-3-windows-gamerip-2023)"",""khinsider_album_kind"":""official_or_gamerip"",""khinsider_album_match_score"":100.0,""relevance_score_100"":100.0,""popularity_score_100"":41.76211598797836,""score_100"":76.70484639519134,""popularity_basis"":""BeatHit master-list game rank plus track position proxy""}"
327,424114895,Unknown credited artist,[],Baldur's Gate 3 (baldurs-gate-3-windows-gamerip-2023),,,"[""video game soundtrack""]","[""und""]",,,,Baldur's Gate 3,,,khinsider_track_prominence_proxy,41.76211598797836,score_0_100,,,,76.70484639519134,,,,https://downloads.khinsider.com/game-soundtracks/album/baldurs-gate-3-windows-gamerip-2023,2026-10-05,Track title is taken from KHInsider's soundtrack/gamerip album index. Popularity is an explicitly labelled proxy based on BeatHit game rank and track prominence.,"{""culture_category"":""video_game_music"",""video_game"":""Baldur's Gate 3"",""game_rank"":138,""game_association_kind"":""khinsider_game_soundtrack"",""khinsider_album_url"":""https://downloads.khinsider.com/game-soundtracks/album/baldurs-gate-3-windows-gamerip-2023"",""khinsider_album_title"":""Baldur's Gate 3 (baldurs-gate-3-windows-gamerip-2023)"",""khinsider_album_kind"":""official_or_gamerip"",""khinsider_album_match_score"":100.0,""relevance_score_100"":100.0,""popularity_score_100"":41.76211598797836,""score_100"":76.70484639519134,""popularity_basis"":""BeatHit master-list game rank plus track position proxy""}"
328,Goblin Battle,Unknown credited artist,[],Baldur's Gate 3 (baldurs-gate-3-windows-gamerip-2023),,,"[""video game soundtrack""]","[""und""]",,,,Baldur's Gate 3,,,khinsider_track_prominence_proxy,41.76211598797836,score_0_100,,,,76.70484639519134,,,,https://downloads.khinsider.com/game-soundtracks/album/baldurs-gate-3-windows-gamerip-2023,2026-10-05,Track title is taken from KHInsider's soundtrack/gamerip album index. Popularity is an explicitly labelled proxy based on BeatHit game rank and track prominence.,"{""culture_category"":""video_game_music"",""video_game"":""Baldur's Gate 3"",""game_rank"":138,""game_association_kind"":""khinsider_game_soundtrack"",""khinsider_album_url"":""https://downloads.khinsider.com/game-soundtracks/album/baldurs-gate-3-windows-gamerip-2023"",""khinsider_album_title"":""Baldur's Gate 3 (baldurs-gate-3-windows-gamerip-2023)"",""khinsider_album_kind"":""official_or_gamerip"",""khinsider_album_match_score"":100.0,""relevance_score_100"":100.0,""popularity_score_100"":41.76211598797836,""score_100"":76.70484639519134,""popularity_basis"":""BeatHit master-list game rank plus track position proxy""}"
329,The Risen Road,Unknown credited artist,[],Baldur's Gate 3 (baldurs-gate-3-windows-gamerip-2023),,,"[""video game soundtrack""]","[""und""]",,,,Baldur's Gate 3,,,khinsider_track_prominence_proxy,41.76211598797836,score_0_100,,,,76.70484639519134,,,,https://downloads.khinsider.com/game-soundtracks/album/baldurs-gate-3-windows-gamerip-2023,2026-10-05,Track title is taken from KHInsider's soundtrack/gamerip album index. Popularity is an explicitly labelled proxy based on BeatHit game rank and track prominence.,"{""culture_category"":""video_game_music"",""video_game"":""Baldur's Gate 3"",""game_rank"":138,""game_association_kind"":""khinsider_game_soundtrack"",""khinsider_album_url"":""https://downloads.khinsider.com/game-soundtracks/album/baldurs-gate-3-windows-gamerip-2023"",""khinsider_album_title"":""Baldur's Gate 3 (baldurs-gate-3-windows-gamerip-2023)"",""khinsider_album_kind"":""official_or_gamerip"",""khinsider_album_match_score"":100.0,""relevance_score_100"":100.0,""popularity_score_100"":41.76211598797836,""score_100"":76.70484639519134,""popularity_basis"":""BeatHit master-list game rank plus track position proxy""}"
330,Wash my Pain Away,Unknown credited artist,[],Baldur's Gate 3 (baldurs-gate-3-windows-gamerip-2023),,,"[""video game soundtrack""]","[""und""]",,,,Baldur's Gate 3,,,khinsider_track_prominence_proxy,41.76211598797836,score_0_100,,,,76.70484639519134,,,,https://downloads.khinsider.com/game-soundtracks/album/baldurs-gate-3-windows-gamerip-2023,2026-10-05,Track title is taken from KHInsider's soundtrack/gamerip album index. Popularity is an explicitly labelled proxy based on BeatHit game rank and track prominence.,"{""culture_category"":""video_game_music"",""video_game"":""Baldur's Gate 3"",""game_rank"":138,""game_association_kind"":""khinsider_game_soundtrack"",""khinsider_album_url"":""https://downloads.khinsider.com/game-soundtracks/album/baldurs-gate-3-windows-gamerip-2023"",""khinsider_album_title"":""Baldur's Gate 3 (baldurs-gate-3-windows-gamerip-2023)"",""khinsider_album_kind"":""official_or_gamerip"",""khinsider_album_match_score"":100.0,""relevance_score_100"":100.0,""popularity_score_100"":41.76211598797836,""score_100"":76.70484639519134,""popularity_basis"":""BeatHit master-list game rank plus track position proxy""}"
331,430807038,Unknown credited artist,[],Baldur's Gate 3 (baldurs-gate-3-windows-gamerip-2023),,,"[""video game soundtrack""]","[""und""]",,,,Baldur's Gate 3,,,khinsider_track_prominence_proxy,41.76211598797836,score_0_100,,,,76.70484639519134,,,,https://downloads.khinsider.com/game-soundtracks/album/baldurs-gate-3-windows-gamerip-2023,2026-10-05,Track title is taken from KHInsider's soundtrack/gamerip album index. Popularity is an explicitly labelled proxy based on BeatHit game rank and track prominence.,"{""culture_category"":""video_game_music"",""video_game"":""Baldur's Gate 3"",""game_rank"":138,""game_association_kind"":""khinsider_game_soundtrack"",""khinsider_album_url"":""https://downloads.khinsider.com/game-soundtracks/album/baldurs-gate-3-windows-gamerip-2023"",""khinsider_album_title"":""Baldur's Gate 3 (baldurs-gate-3-windows-gamerip-2023)"",""khinsider_album_kind"":""official_or_gamerip"",""khinsider_album_match_score"":100.0,""relevance_score_100"":100.0,""popularity_score_100"":41.76211598797836,""score_100"":76.70484639519134,""popularity_basis"":""BeatHit master-list game rank plus track position proxy""}"
332,Cunning Cruel Crits,Unknown credited artist,[],Baldur's Gate 3 (baldurs-gate-3-windows-gamerip-2023),,,"[""video game soundtrack""]","[""und""]",,,,Baldur's Gate 3,,,khinsider_track_prominence_proxy,41.76211598797836,score_0_100,,,,76.70484639519134,,,,https://downloads.khinsider.com/game-soundtracks/album/baldurs-gate-3-windows-gamerip-2023,2026-10-05,Track title is taken from KHInsider's soundtrack/gamerip album index. Popularity is an explicitly labelled proxy based on BeatHit game rank and track prominence.,"{""culture_category"":""video_game_music"",""video_game"":""Baldur's Gate 3"",""game_rank"":138,""game_association_kind"":""khinsider_game_soundtrack"",""khinsider_album_url"":""https://downloads.khinsider.com/game-soundtracks/album/baldurs-gate-3-windows-gamerip-2023"",""khinsider_album_title"":""Baldur's Gate 3 (baldurs-gate-3-windows-gamerip-2023)"",""khinsider_album_kind"":""official_or_gamerip"",""khinsider_album_match_score"":100.0,""relevance_score_100"":100.0,""popularity_score_100"":41.76211598797836,""score_100"":76.70484639519134,""popularity_basis"":""BeatHit master-list game rank plus track position proxy""}"
333,440056665,Unknown credited artist,[],Baldur's Gate 3 (baldurs-gate-3-windows-gamerip-2023),,,"[""video game soundtrack""]","[""und""]",,,,Baldur's Gate 3,,,khinsider_track_prominence_proxy,41.76211598797836,score_0_100,,,,76.70484639519134,,,,https://downloads.khinsider.com/game-soundtracks/album/baldurs-gate-3-windows-gamerip-2023,2026-10-05,Track title is taken from KHInsider's soundtrack/gamerip album index. Popularity is an explicitly labelled proxy based on BeatHit game rank and track prominence.,"{""culture_category"":""video_game_music"",""video_game"":""Baldur's Gate 3"",""game_rank"":138,""game_association_kind"":""khinsider_game_soundtrack"",""khinsider_album_url"":""https://downloads.khinsider.com/game-soundtracks/album/baldurs-gate-3-windows-gamerip-2023"",""khinsider_album_title"":""Baldur's Gate 3 (baldurs-gate-3-windows-gamerip-2023)"",""khinsider_album_kind"":""official_or_gamerip"",""khinsider_album_match_score"":100.0,""relevance_score_100"":100.0,""popularity_score_100"":41.76211598797836,""score_100"":76.70484639519134,""popularity_basis"":""BeatHit master-list game rank plus track position proxy""}"
334,Dawn,Unknown credited artist,[],Baldur's Gate 3 (baldurs-gate-3-windows-gamerip-2023),,,"[""video game soundtrack""]","[""und""]",,,,Baldur's Gate 3,,,khinsider_track_prominence_proxy,41.76211598797836,score_0_100,,,,76.70484639519134,,,,https://downloads.khinsider.com/game-soundtracks/album/baldurs-gate-3-windows-gamerip-2023,2026-10-05,Track title is taken from KHInsider's soundtrack/gamerip album index. Popularity is an explicitly labelled proxy based on BeatHit game rank and track prominence.,"{""culture_category"":""video_game_music"",""video_game"":""Baldur's Gate 3"",""game_rank"":138,""game_association_kind"":""khinsider_game_soundtrack"",""khinsider_album_url"":""https://downloads.khinsider.com/game-soundtracks/album/baldurs-gate-3-windows-gamerip-2023"",""khinsider_album_title"":""Baldur's Gate 3 (baldurs-gate-3-windows-gamerip-2023)"",""khinsider_album_kind"":""official_or_gamerip"",""khinsider_album_match_score"":100.0,""relevance_score_100"":100.0,""popularity_score_100"":41.76211598797836,""score_100"":76.70484639519134,""popularity_basis"":""BeatHit master-list game rank plus track position proxy""}"
335,452282675,Unknown credited artist,[],Baldur's Gate 3 (baldurs-gate-3-windows-gamerip-2023),,,"[""video game soundtrack""]","[""und""]",,,,Baldur's Gate 3,,,khinsider_track_prominence_proxy,41.76211598797836,score_0_100,,,,76.70484639519134,,,,https://downloads.khinsider.com/game-soundtracks/album/baldurs-gate-3-windows-gamerip-2023,2026-10-05,Track title is taken from KHInsider's soundtrack/gamerip album index. Popularity is an explicitly labelled proxy based on BeatHit game rank and track prominence.,"{""culture_category"":""video_game_music"",""video_game"":""Baldur's Gate 3"",""game_rank"":138,""game_association_kind"":""khinsider_game_soundtrack"",""khinsider_album_url"":""https://downloads.khinsider.com/game-soundtracks/album/baldurs-gate-3-windows-gamerip-2023"",""khinsider_album_title"":""Baldur's Gate 3 (baldurs-gate-3-windows-gamerip-2023)"",""khinsider_album_kind"":""official_or_gamerip"",""khinsider_album_match_score"":100.0,""relevance_score_100"":100.0,""popularity_score_100"":41.76211598797836,""score_100"":76.70484639519134,""popularity_basis"":""BeatHit master-list game rank plus track position proxy""}"
336,452633189,Unknown credited artist,[],Baldur's Gate 3 (baldurs-gate-3-windows-gamerip-2023),,,"[""video game soundtrack""]","[""und""]",,,,Baldur's Gate 3,,,khinsider_track_prominence_proxy,41.76211598797836,score_0_100,,,,76.70484639519134,,,,https://downloads.khinsider.com/game-soundtracks/album/baldurs-gate-3-windows-gamerip-2023,2026-10-05,Track title is taken from KHInsider's soundtrack/gamerip album index. Popularity is an explicitly labelled proxy based on BeatHit game rank and track prominence.,"{""culture_category"":""video_game_music"",""video_game"":""Baldur's Gate 3"",""game_rank"":138,""game_association_kind"":""khinsider_game_soundtrack"",""khinsider_album_url"":""https://downloads.khinsider.com/game-soundtracks/album/baldurs-gate-3-windows-gamerip-2023"",""khinsider_album_title"":""Baldur's Gate 3 (baldurs-gate-3-windows-gamerip-2023)"",""khinsider_album_kind"":""official_or_gamerip"",""khinsider_album_match_score"":100.0,""relevance_score_100"":100.0,""popularity_score_100"":41.76211598797836,""score_100"":76.70484639519134,""popularity_basis"":""BeatHit master-list game rank plus track position proxy""}"
337,Harpy's Song (Ambient),Unknown credited artist,[],Baldur's Gate 3 (baldurs-gate-3-windows-gamerip-2023),,,"[""video game soundtrack""]","[""und""]",,,,Baldur's Gate 3,,,khinsider_track_prominence_proxy,41.76211598797836,score_0_100,,,,76.70484639519134,,,,https://downloads.khinsider.com/game-soundtracks/album/baldurs-gate-3-windows-gamerip-2023,2026-10-05,Track title is taken from KHInsider's soundtrack/gamerip album index. Popularity is an explicitly labelled proxy based on BeatHit game rank and track prominence.,"{""culture_category"":""video_game_music"",""video_game"":""Baldur's Gate 3"",""game_rank"":138,""game_association_kind"":""khinsider_game_soundtrack"",""khinsider_album_url"":""https://downloads.khinsider.com/game-soundtracks/album/baldurs-gate-3-windows-gamerip-2023"",""khinsider_album_title"":""Baldur's Gate 3 (baldurs-gate-3-windows-gamerip-2023)"",""khinsider_album_kind"":""official_or_gamerip"",""khinsider_album_match_score"":100.0,""relevance_score_100"":100.0,""popularity_score_100"":41.76211598797836,""score_100"":76.70484639519134,""popularity_basis"":""BeatHit master-list game rank plus track position proxy""}"
338,"Shadows, Curse and Death (Act II)",Unknown credited artist,[],Baldur's Gate 3 (baldurs-gate-3-windows-gamerip-2023),,,"[""video game soundtrack""]","[""und""]",,,,Baldur's Gate 3,,,khinsider_track_prominence_proxy,41.76211598797836,score_0_100,,,,76.70484639519134,,,,https://downloads.khinsider.com/game-soundtracks/album/baldurs-gate-3-windows-gamerip-2023,2026-10-05,Track title is taken from KHInsider's soundtrack/gamerip album index. Popularity is an explicitly labelled proxy based on BeatHit game rank and track prominence.,"{""culture_category"":""video_game_music"",""video_game"":""Baldur's Gate 3"",""game_rank"":138,""game_association_kind"":""khinsider_game_soundtrack"",""khinsider_album_url"":""https://downloads.khinsider.com/game-soundtracks/album/baldurs-gate-3-windows-gamerip-2023"",""khinsider_album_title"":""Baldur's Gate 3 (baldurs-gate-3-windows-gamerip-2023)"",""khinsider_album_kind"":""official_or_gamerip"",""khinsider_album_match_score"":100.0,""relevance_score_100"":100.0,""popularity_score_100"":41.76211598797836,""score_100"":76.70484639519134,""popularity_basis"":""BeatHit master-list game rank plus track position proxy""}"
339,Gortash becomes Archduke,Unknown credited artist,[],Baldur's Gate 3 (baldurs-gate-3-windows-gamerip-2023),,,"[""video game soundtrack""]","[""und""]",,,,Baldur's Gate 3,,,khinsider_track_prominence_proxy,41.76211598797836,score_0_100,,,,76.70484639519134,,,,https://downloads.khinsider.com/game-soundtracks/album/baldurs-gate-3-windows-gamerip-2023,2026-10-05,Track title is taken from KHInsider's soundtrack/gamerip album index. Popularity is an explicitly labelled proxy based on BeatHit game rank and track prominence.,"{""culture_category"":""video_game_music"",""video_game"":""Baldur's Gate 3"",""game_rank"":138,""game_association_kind"":""khinsider_game_soundtrack"",""khinsider_album_url"":""https://downloads.khinsider.com/game-soundtracks/album/baldurs-gate-3-windows-gamerip-2023"",""khinsider_album_title"":""Baldur's Gate 3 (baldurs-gate-3-windows-gamerip-2023)"",""khinsider_album_kind"":""official_or_gamerip"",""khinsider_album_match_score"":100.0,""relevance_score_100"":100.0,""popularity_score_100"":41.76211598797836,""score_100"":76.70484639519134,""popularity_basis"":""BeatHit master-list game rank plus track position proxy""}"
340,Wash My Dreams Away,Unknown credited artist,[],Baldur's Gate 3 (baldurs-gate-3-windows-gamerip-2023),,,"[""video game soundtrack""]","[""und""]",,,,Baldur's Gate 3,,,khinsider_track_prominence_proxy,41.76211598797836,score_0_100,,,,76.70484639519134,,,,https://downloads.khinsider.com/game-soundtracks/album/baldurs-gate-3-windows-gamerip-2023,2026-10-05,Track title is taken from KHInsider's soundtrack/gamerip album index. Popularity is an explicitly labelled proxy based on BeatHit game rank and track prominence.,"{""culture_category"":""video_game_music"",""video_game"":""Baldur's Gate 3"",""game_rank"":138,""game_association_kind"":""khinsider_game_soundtrack"",""khinsider_album_url"":""https://downloads.khinsider.com/game-soundtracks/album/baldurs-gate-3-windows-gamerip-2023"",""khinsider_album_title"":""Baldur's Gate 3 (baldurs-gate-3-windows-gamerip-2023)"",""khinsider_album_kind"":""official_or_gamerip"",""khinsider_album_match_score"":100.0,""relevance_score_100"":100.0,""popularity_score_100"":41.76211598797836,""score_100"":76.70484639519134,""popularity_basis"":""BeatHit master-list game rank plus track position proxy""}"
341,Shadow Cursed Ambience,Unknown credited artist,[],Baldur's Gate 3 (baldurs-gate-3-windows-gamerip-2023),,,"[""video game soundtrack""]","[""und""]",,,,Baldur's Gate 3,,,khinsider_track_prominence_proxy,41.76211598797836,score_0_100,,,,76.70484639519134,,,,https://downloads.khinsider.com/game-soundtracks/album/baldurs-gate-3-windows-gamerip-2023,2026-10-05,Track title is taken from KHInsider's soundtrack/gamerip album index. Popularity is an explicitly labelled proxy based on BeatHit game rank and track prominence.,"{""culture_category"":""video_game_music"",""video_game"":""Baldur's Gate 3"",""game_rank"":138,""game_association_kind"":""khinsider_game_soundtrack"",""khinsider_album_url"":""https://downloads.khinsider.com/game-soundtracks/album/baldurs-gate-3-windows-gamerip-2023"",""khinsider_album_title"":""Baldur's Gate 3 (baldurs-gate-3-windows-gamerip-2023)"",""khinsider_album_kind"":""official_or_gamerip"",""khinsider_album_match_score"":100.0,""relevance_score_100"":100.0,""popularity_score_100"":41.76211598797836,""score_100"":76.70484639519134,""popularity_basis"":""BeatHit master-list game rank plus track position proxy""}"
342,First Meeting with the Githyankies,Unknown credited artist,[],Baldur's Gate 3 (baldurs-gate-3-windows-gamerip-2023),,,"[""video game soundtrack""]","[""und""]",,,,Baldur's Gate 3,,,khinsider_track_prominence_proxy,41.76211598797836,score_0_100,,,,76.70484639519134,,,,https://downloads.khinsider.com/game-soundtracks/album/baldurs-gate-3-windows-gamerip-2023,2026-10-05,Track title is taken from KHInsider's soundtrack/gamerip album index. Popularity is an explicitly labelled proxy based on BeatHit game rank and track prominence.,"{""culture_category"":""video_game_music"",""video_game"":""Baldur's Gate 3"",""game_rank"":138,""game_association_kind"":""khinsider_game_soundtrack"",""khinsider_album_url"":""https://downloads.khinsider.com/game-soundtracks/album/baldurs-gate-3-windows-gamerip-2023"",""khinsider_album_title"":""Baldur's Gate 3 (baldurs-gate-3-windows-gamerip-2023)"",""khinsider_album_kind"":""official_or_gamerip"",""khinsider_album_match_score"":100.0,""relevance_score_100"":100.0,""popularity_score_100"":41.76211598797836,""score_100"":76.70484639519134,""popularity_basis"":""BeatHit master-list game rank plus track position proxy""}"
343,473974650,Unknown credited artist,[],Baldur's Gate 3 (baldurs-gate-3-windows-gamerip-2023),,,"[""video game soundtrack""]","[""und""]",,,,Baldur's Gate 3,,,khinsider_track_prominence_proxy,41.76211598797836,score_0_100,,,,76.70484639519134,,,,https://downloads.khinsider.com/game-soundtracks/album/baldurs-gate-3-windows-gamerip-2023,2026-10-05,Track title is taken from KHInsider's soundtrack/gamerip album index. Popularity is an explicitly labelled proxy based on BeatHit game rank and track prominence.,"{""culture_category"":""video_game_music"",""video_game"":""Baldur's Gate 3"",""game_rank"":138,""game_association_kind"":""khinsider_game_soundtrack"",""khinsider_album_url"":""https://downloads.khinsider.com/game-soundtracks/album/baldurs-gate-3-windows-gamerip-2023"",""khinsider_album_title"":""Baldur's Gate 3 (baldurs-gate-3-windows-gamerip-2023)"",""khinsider_album_kind"":""official_or_gamerip"",""khinsider_album_match_score"":100.0,""relevance_score_100"":100.0,""popularity_score_100"":41.76211598797836,""score_100"":76.70484639519134,""popularity_basis"":""BeatHit master-list game rank plus track position proxy""}"
344,Raphael's Final Act,Unknown credited artist,[],Baldur's Gate 3 (baldurs-gate-3-windows-gamerip-2023),,,"[""video game soundtrack""]","[""und""]",,,,Baldur's Gate 3,,,khinsider_track_prominence_proxy,41.76211598797836,score_0_100,,,,76.70484639519134,,,,https://downloads.khinsider.com/game-soundtracks/album/baldurs-gate-3-windows-gamerip-2023,2026-10-05,Track title is taken from KHInsider's soundtrack/gamerip album index. Popularity is an explicitly labelled proxy based on BeatHit game rank and track prominence.,"{""culture_category"":""video_game_music"",""video_game"":""Baldur's Gate 3"",""game_rank"":138,""game_association_kind"":""khinsider_game_soundtrack"",""khinsider_album_url"":""https://downloads.khinsider.com/game-soundtracks/album/baldurs-gate-3-windows-gamerip-2023"",""khinsider_album_title"":""Baldur's Gate 3 (baldurs-gate-3-windows-gamerip-2023)"",""khinsider_album_kind"":""official_or_gamerip"",""khinsider_album_match_score"":100.0,""relevance_score_100"":100.0,""popularity_score_100"":41.76211598797836,""score_100"":76.70484639519134,""popularity_basis"":""BeatHit master-list game rank plus track position proxy""}"
345,474958584,Unknown credited artist,[],Baldur's Gate 3 (baldurs-gate-3-windows-gamerip-2023),,,"[""video game soundtrack""]","[""und""]",,,,Baldur's Gate 3,,,khinsider_track_prominence_proxy,41.76211598797836,score_0_100,,,,76.70484639519134,,,,https://downloads.khinsider.com/game-soundtracks/album/baldurs-gate-3-windows-gamerip-2023,2026-10-05,Track title is taken from KHInsider's soundtrack/gamerip album index. Popularity is an explicitly labelled proxy based on BeatHit game rank and track prominence.,"{""culture_category"":""video_game_music"",""video_game"":""Baldur's Gate 3"",""game_rank"":138,""game_association_kind"":""khinsider_game_soundtrack"",""khinsider_album_url"":""https://downloads.khinsider.com/game-soundtracks/album/baldurs-gate-3-windows-gamerip-2023"",""khinsider_album_title"":""Baldur's Gate 3 (baldurs-gate-3-windows-gamerip-2023)"",""khinsider_album_kind"":""official_or_gamerip"",""khinsider_album_match_score"":100.0,""relevance_score_100"":100.0,""popularity_score_100"":41.76211598797836,""score_100"":76.70484639519134,""popularity_basis"":""BeatHit master-list game rank plus track position proxy""}"
346,478687274,Unknown credited artist,[],Baldur's Gate 3 (baldurs-gate-3-windows-gamerip-2023),,,"[""video game soundtrack""]","[""und""]",,,,Baldur's Gate 3,,,khinsider_track_prominence_proxy,41.76211598797836,score_0_100,,,,76.70484639519134,,,,https://downloads.khinsider.com/game-soundtracks/album/baldurs-gate-3-windows-gamerip-2023,2026-10-05,Track title is taken from KHInsider's soundtrack/gamerip album index. Popularity is an explicitly labelled proxy based on BeatHit game rank and track prominence.,"{""culture_category"":""video_game_music"",""video_game"":""Baldur's Gate 3"",""game_rank"":138,""game_association_kind"":""khinsider_game_soundtrack"",""khinsider_album_url"":""https://downloads.khinsider.com/game-soundtracks/album/baldurs-gate-3-windows-gamerip-2023"",""khinsider_album_title"":""Baldur's Gate 3 (baldurs-gate-3-windows-gamerip-2023)"",""khinsider_album_kind"":""official_or_gamerip"",""khinsider_album_match_score"":100.0,""relevance_score_100"":100.0,""popularity_score_100"":41.76211598797836,""score_100"":76.70484639519134,""popularity_basis"":""BeatHit master-list game rank plus track position proxy""}"
347,Goblin Warfare (Ally Down) (Intro),Unknown credited artist,[],Baldur's Gate 3 (baldurs-gate-3-windows-gamerip-2023),,,"[""video game soundtrack""]","[""und""]",,,,Baldur's Gate 3,,,khinsider_track_prominence_proxy,41.76211598797836,score_0_100,,,,76.70484639519134,,,,https://downloads.khinsider.com/game-soundtracks/album/baldurs-gate-3-windows-gamerip-2023,2026-10-05,Track title is taken from KHInsider's soundtrack/gamerip album index. Popularity is an explicitly labelled proxy based on BeatHit game rank and track prominence.,"{""culture_category"":""video_game_music"",""video_game"":""Baldur's Gate 3"",""game_rank"":138,""game_association_kind"":""khinsider_game_soundtrack"",""khinsider_album_url"":""https://downloads.khinsider.com/game-soundtracks/album/baldurs-gate-3-windows-gamerip-2023"",""khinsider_album_title"":""Baldur's Gate 3 (baldurs-gate-3-windows-gamerip-2023)"",""khinsider_album_kind"":""official_or_gamerip"",""khinsider_album_match_score"":100.0,""relevance_score_100"":100.0,""popularity_score_100"":41.76211598797836,""score_100"":76.70484639519134,""popularity_basis"":""BeatHit master-list game rank plus track position proxy""}"
348,485490250,Unknown credited artist,[],Baldur's Gate 3 (baldurs-gate-3-windows-gamerip-2023),,,"[""video game soundtrack""]","[""und""]",,,,Baldur's Gate 3,,,khinsider_track_prominence_proxy,41.76211598797836,score_0_100,,,,76.70484639519134,,,,https://downloads.khinsider.com/game-soundtracks/album/baldurs-gate-3-windows-gamerip-2023,2026-10-05,Track title is taken from KHInsider's soundtrack/gamerip album index. Popularity is an explicitly labelled proxy based on BeatHit game rank and track prominence.,"{""culture_category"":""video_game_music"",""video_game"":""Baldur's Gate 3"",""game_rank"":138,""game_association_kind"":""khinsider_game_soundtrack"",""khinsider_album_url"":""https://downloads.khinsider.com/game-soundtracks/album/baldurs-gate-3-windows-gamerip-2023"",""khinsider_album_title"":""Baldur's Gate 3 (baldurs-gate-3-windows-gamerip-2023)"",""khinsider_album_kind"":""official_or_gamerip"",""khinsider_album_match_score"":100.0,""relevance_score_100"":100.0,""popularity_score_100"":41.76211598797836,""score_100"":76.70484639519134,""popularity_basis"":""BeatHit master-list game rank plus track position proxy""}"
349,Hag's Swamp,Unknown credited artist,[],Baldur's Gate 3 (baldurs-gate-3-windows-gamerip-2023),,,"[""video game soundtrack""]","[""und""]",,,,Baldur's Gate 3,,,khinsider_track_prominence_proxy,41.76211598797836,score_0_100,,,,76.70484639519134,,,,https://downloads.khinsider.com/game-soundtracks/album/baldurs-gate-3-windows-gamerip-2023,2026-10-05,Track title is taken from KHInsider's soundtrack/gamerip album index. Popularity is an explicitly labelled proxy based on BeatHit game rank and track prominence.,"{""culture_category"":""video_game_music"",""video_game"":""Baldur's Gate 3"",""game_rank"":138,""game_association_kind"":""khinsider_game_soundtrack"",""khinsider_album_url"":""https://downloads.khinsider.com/game-soundtracks/album/baldurs-gate-3-windows-gamerip-2023"",""khinsider_album_title"":""Baldur's Gate 3 (baldurs-gate-3-windows-gamerip-2023)"",""khinsider_album_kind"":""official_or_gamerip"",""khinsider_album_match_score"":100.0,""relevance_score_100"":100.0,""popularity_score_100"":41.76211598797836,""score_100"":76.70484639519134,""popularity_basis"":""BeatHit master-list game rank plus track position proxy""}"
350,488329953,Unknown credited artist,[],Baldur's Gate 3 (baldurs-gate-3-windows-gamerip-2023),,,"[""video game soundtrack""]","[""und""]",,,,Baldur's Gate 3,,,khinsider_track_prominence_proxy,41.76211598797836,score_0_100,,,,76.70484639519134,,,,https://downloads.khinsider.com/game-soundtracks/album/baldurs-gate-3-windows-gamerip-2023,2026-10-05,Track title is taken from KHInsider's soundtrack/gamerip album index. Popularity is an explicitly labelled proxy based on BeatHit game rank and track prominence.,"{""culture_category"":""video_game_music"",""video_game"":""Baldur's Gate 3"",""game_rank"":138,""game_association_kind"":""khinsider_game_soundtrack"",""khinsider_album_url"":""https://downloads.khinsider.com/game-soundtracks/album/baldurs-gate-3-windows-gamerip-2023"",""khinsider_album_title"":""Baldur's Gate 3 (baldurs-gate-3-windows-gamerip-2023)"",""khinsider_album_kind"":""official_or_gamerip"",""khinsider_album_match_score"":100.0,""relevance_score_100"":100.0,""popularity_score_100"":41.76211598797836,""score_100"":76.70484639519134,""popularity_basis"":""BeatHit master-list game rank plus track position proxy""}"
351,Devotees of the Absolute (Keltheric Thorm's Introduction),Unknown credited artist,[],Baldur's Gate 3 (baldurs-gate-3-windows-gamerip-2023),,,"[""video game soundtrack""]","[""und""]",,,,Baldur's Gate 3,,,khinsider_track_prominence_proxy,41.76211598797836,score_0_100,,,,76.70484639519134,,,,https://downloads.khinsider.com/game-soundtracks/album/baldurs-gate-3-windows-gamerip-2023,2026-10-05,Track title is taken from KHInsider's soundtrack/gamerip album index. Popularity is an explicitly labelled proxy based on BeatHit game rank and track prominence.,"{""culture_category"":""video_game_music"",""video_game"":""Baldur's Gate 3"",""game_rank"":138,""game_association_kind"":""khinsider_game_soundtrack"",""khinsider_album_url"":""https://downloads.khinsider.com/game-soundtracks/album/baldurs-gate-3-windows-gamerip-2023"",""khinsider_album_title"":""Baldur's Gate 3 (baldurs-gate-3-windows-gamerip-2023)"",""khinsider_album_kind"":""official_or_gamerip"",""khinsider_album_match_score"":100.0,""relevance_score_100"":100.0,""popularity_score_100"":41.76211598797836,""score_100"":76.70484639519134,""popularity_basis"":""BeatHit master-list game rank plus track position proxy""}"
352,494086067,Unknown credited artist,[],Baldur's Gate 3 (baldurs-gate-3-windows-gamerip-2023),,,"[""video game soundtrack""]","[""und""]",,,,Baldur's Gate 3,,,khinsider_track_prominence_proxy,41.76211598797836,score_0_100,,,,76.70484639519134,,,,https://downloads.khinsider.com/game-soundtracks/album/baldurs-gate-3-windows-gamerip-2023,2026-10-05,Track title is taken from KHInsider's soundtrack/gamerip album index. Popularity is an explicitly labelled proxy based on BeatHit game rank and track prominence.,"{""culture_category"":""video_game_music"",""video_game"":""Baldur's Gate 3"",""game_rank"":138,""game_association_kind"":""khinsider_game_soundtrack"",""khinsider_album_url"":""https://downloads.khinsider.com/game-soundtracks/album/baldurs-gate-3-windows-gamerip-2023"",""khinsider_album_title"":""Baldur's Gate 3 (baldurs-gate-3-windows-gamerip-2023)"",""khinsider_album_kind"":""official_or_gamerip"",""khinsider_album_match_score"":100.0,""relevance_score_100"":100.0,""popularity_score_100"":41.76211598797836,""score_100"":76.70484639519134,""popularity_basis"":""BeatHit master-list game rank plus track position proxy""}"
353,The Power (Lyre),Unknown credited artist,[],Baldur's Gate 3 (baldurs-gate-3-windows-gamerip-2023),,,"[""video game soundtrack""]","[""und""]",,,,Baldur's Gate 3,,,khinsider_track_prominence_proxy,41.76211598797836,score_0_100,,,,76.70484639519134,,,,https://downloads.khinsider.com/game-soundtracks/album/baldurs-gate-3-windows-gamerip-2023,2026-10-05,Track title is taken from KHInsider's soundtrack/gamerip album index. Popularity is an explicitly labelled proxy based on BeatHit game rank and track prominence.,"{""culture_category"":""video_game_music"",""video_game"":""Baldur's Gate 3"",""game_rank"":138,""game_association_kind"":""khinsider_game_soundtrack"",""khinsider_album_url"":""https://downloads.khinsider.com/game-soundtracks/album/baldurs-gate-3-windows-gamerip-2023"",""khinsider_album_title"":""Baldur's Gate 3 (baldurs-gate-3-windows-gamerip-2023)"",""khinsider_album_kind"":""official_or_gamerip"",""khinsider_album_match_score"":100.0,""relevance_score_100"":100.0,""popularity_score_100"":41.76211598797836,""score_100"":76.70484639519134,""popularity_basis"":""BeatHit master-list game rank plus track position proxy""}"
354,Weeping Dawn (City Version) (Act III),Unknown credited artist,[],Baldur's Gate 3 (baldurs-gate-3-windows-gamerip-2023),,,"[""video game soundtrack""]","[""und""]",,,,Baldur's Gate 3,,,khinsider_track_prominence_proxy,41.76211598797836,score_0_100,,,,76.70484639519134,,,,https://downloads.khinsider.com/game-soundtracks/album/baldurs-gate-3-windows-gamerip-2023,2026-10-05,Track title is taken from KHInsider's soundtrack/gamerip album index. Popularity is an explicitly labelled proxy based on BeatHit game rank and track prominence.,"{""culture_category"":""video_game_music"",""video_game"":""Baldur's Gate 3"",""game_rank"":138,""game_association_kind"":""khinsider_game_soundtrack"",""khinsider_album_url"":""https://downloads.khinsider.com/game-soundtracks/album/baldurs-gate-3-windows-gamerip-2023"",""khinsider_album_title"":""Baldur's Gate 3 (baldurs-gate-3-windows-gamerip-2023)"",""khinsider_album_kind"":""official_or_gamerip"",""khinsider_album_match_score"":100.0,""relevance_score_100"":100.0,""popularity_score_100"":41.76211598797836,""score_100"":76.70484639519134,""popularity_basis"":""BeatHit master-list game rank plus track position proxy""}"
355,Last Light (Alternative) (Act III),Unknown credited artist,[],Baldur's Gate 3 (baldurs-gate-3-windows-gamerip-2023),,,"[""video game soundtrack""]","[""und""]",,,,Baldur's Gate 3,,,khinsider_track_prominence_proxy,41.76211598797836,score_0_100,,,,76.70484639519134,,,,https://downloads.khinsider.com/game-soundtracks/album/baldurs-gate-3-windows-gamerip-2023,2026-10-05,Track title is taken from KHInsider's soundtrack/gamerip album index. Popularity is an explicitly labelled proxy based on BeatHit game rank and track prominence.,"{""culture_category"":""video_game_music"",""video_game"":""Baldur's Gate 3"",""game_rank"":138,""game_association_kind"":""khinsider_game_soundtrack"",""khinsider_album_url"":""https://downloads.khinsider.com/game-soundtracks/album/baldurs-gate-3-windows-gamerip-2023"",""khinsider_album_title"":""Baldur's Gate 3 (baldurs-gate-3-windows-gamerip-2023)"",""khinsider_album_kind"":""official_or_gamerip"",""khinsider_album_match_score"":100.0,""relevance_score_100"":100.0,""popularity_score_100"":41.76211598797836,""score_100"":76.70484639519134,""popularity_basis"":""BeatHit master-list game rank plus track position proxy""}"
356,Battle on the Nautiloid,Unknown credited artist,[],Baldur's Gate 3 (baldurs-gate-3-windows-gamerip-2023),,,"[""video game soundtrack""]","[""und""]",,,,Baldur's Gate 3,,,khinsider_track_prominence_proxy,41.76211598797836,score_0_100,,,,76.70484639519134,,,,https://downloads.khinsider.com/game-soundtracks/album/baldurs-gate-3-windows-gamerip-2023,2026-10-05,Track title is taken from KHInsider's soundtrack/gamerip album index. Popularity is an explicitly labelled proxy based on BeatHit game rank and track prominence.,"{""culture_category"":""video_game_music"",""video_game"":""Baldur's Gate 3"",""game_rank"":138,""game_association_kind"":""khinsider_game_soundtrack"",""khinsider_album_url"":""https://downloads.khinsider.com/game-soundtracks/album/baldurs-gate-3-windows-gamerip-2023"",""khinsider_album_title"":""Baldur's Gate 3 (baldurs-gate-3-windows-gamerip-2023)"",""khinsider_album_kind"":""official_or_gamerip"",""khinsider_album_match_score"":100.0,""relevance_score_100"":100.0,""popularity_score_100"":41.76211598797836,""score_100"":76.70484639519134,""popularity_basis"":""BeatHit master-list game rank plus track position proxy""}"
357,507087102,Unknown credited artist,[],Baldur's Gate 3 (baldurs-gate-3-windows-gamerip-2023),,,"[""video game soundtrack""]","[""und""]",,,,Baldur's Gate 3,,,khinsider_track_prominence_proxy,41.76211598797836,score_0_100,,,,76.70484639519134,,,,https://downloads.khinsider.com/game-soundtracks/album/baldurs-gate-3-windows-gamerip-2023,2026-10-05,Track title is taken from KHInsider's soundtrack/gamerip album index. Popularity is an explicitly labelled proxy based on BeatHit game rank and track prominence.,"{""culture_category"":""video_game_music"",""video_game"":""Baldur's Gate 3"",""game_rank"":138,""game_association_kind"":""khinsider_game_soundtrack"",""khinsider_album_url"":""https://downloads.khinsider.com/game-soundtracks/album/baldurs-gate-3-windows-gamerip-2023"",""khinsider_album_title"":""Baldur's Gate 3 (baldurs-gate-3-windows-gamerip-2023)"",""khinsider_album_kind"":""official_or_gamerip"",""khinsider_album_match_score"":100.0,""relevance_score_100"":100.0,""popularity_score_100"":41.76211598797836,""score_100"":76.70484639519134,""popularity_basis"":""BeatHit master-list game rank plus track position proxy""}"
358,The Power (Choral),Unknown credited artist,[],Baldur's Gate 3 (baldurs-gate-3-windows-gamerip-2023),,,"[""video game soundtrack""]","[""und""]",,,,Baldur's Gate 3,,,khinsider_track_prominence_proxy,41.76211598797836,score_0_100,,,,76.70484639519134,,,,https://downloads.khinsider.com/game-soundtracks/album/baldurs-gate-3-windows-gamerip-2023,2026-10-05,Track title is taken from KHInsider's soundtrack/gamerip album index. Popularity is an explicitly labelled proxy based on BeatHit game rank and track prominence.,"{""culture_category"":""video_game_music"",""video_game"":""Baldur's Gate 3"",""game_rank"":138,""game_association_kind"":""khinsider_game_soundtrack"",""khinsider_album_url"":""https://downloads.khinsider.com/game-soundtracks/album/baldurs-gate-3-windows-gamerip-2023"",""khinsider_album_title"":""Baldur's Gate 3 (baldurs-gate-3-windows-gamerip-2023)"",""khinsider_album_kind"":""official_or_gamerip"",""khinsider_album_match_score"":100.0,""relevance_score_100"":100.0,""popularity_score_100"":41.76211598797836,""score_100"":76.70484639519134,""popularity_basis"":""BeatHit master-list game rank plus track position proxy""}"
359,508944560,Unknown credited artist,[],Baldur's Gate 3 (baldurs-gate-3-windows-gamerip-2023),,,"[""video game soundtrack""]","[""und""]",,,,Baldur's Gate 3,,,khinsider_track_prominence_proxy,41.76211598797836,score_0_100,,,,76.70484639519134,,,,https://downloads.khinsider.com/game-soundtracks/album/baldurs-gate-3-windows-gamerip-2023,2026-10-05,Track title is taken from KHInsider's soundtrack/gamerip album index. Popularity is an explicitly labelled proxy based on BeatHit game rank and track prominence.,"{""culture_category"":""video_game_music"",""video_game"":""Baldur's Gate 3"",""game_rank"":138,""game_association_kind"":""khinsider_game_soundtrack"",""khinsider_album_url"":""https://downloads.khinsider.com/game-soundtracks/album/baldurs-gate-3-windows-gamerip-2023"",""khinsider_album_title"":""Baldur's Gate 3 (baldurs-gate-3-windows-gamerip-2023)"",""khinsider_album_kind"":""official_or_gamerip"",""khinsider_album_match_score"":100.0,""relevance_score_100"":100.0,""popularity_score_100"":41.76211598797836,""score_100"":76.70484639519134,""popularity_basis"":""BeatHit master-list game rank plus track position proxy""}"
360,Connect the Transponder,Unknown credited artist,[],Baldur's Gate 3 (baldurs-gate-3-windows-gamerip-2023),,,"[""video game soundtrack""]","[""und""]",,,,Baldur's Gate 3,,,khinsider_track_prominence_proxy,41.76211598797836,score_0_100,,,,76.70484639519134,,,,https://downloads.khinsider.com/game-soundtracks/album/baldurs-gate-3-windows-gamerip-2023,2026-10-05,Track title is taken from KHInsider's soundtrack/gamerip album index. Popularity is an explicitly labelled proxy based on BeatHit game rank and track prominence.,"{""culture_category"":""video_game_music"",""video_game"":""Baldur's Gate 3"",""game_rank"":138,""game_association_kind"":""khinsider_game_soundtrack"",""khinsider_album_url"":""https://downloads.khinsider.com/game-soundtracks/album/baldurs-gate-3-windows-gamerip-2023"",""khinsider_album_title"":""Baldur's Gate 3 (baldurs-gate-3-windows-gamerip-2023)"",""khinsider_album_kind"":""official_or_gamerip"",""khinsider_album_match_score"":100.0,""relevance_score_100"":100.0,""popularity_score_100"":41.76211598797836,""score_100"":76.70484639519134,""popularity_basis"":""BeatHit master-list game rank plus track position proxy""}"
361,Down by the River (Character Creation),Unknown credited artist,[],Baldur's Gate 3 (baldurs-gate-3-windows-gamerip-2023),,,"[""video game soundtrack""]","[""und""]",,,,Baldur's Gate 3,,,khinsider_track_prominence_proxy,41.76211598797836,score_0_100,,,,76.70484639519134,,,,https://downloads.khinsider.com/game-soundtracks/album/baldurs-gate-3-windows-gamerip-2023,2026-10-05,Track title is taken from KHInsider's soundtrack/gamerip album index. Popularity is an explicitly labelled proxy based on BeatHit game rank and track prominence.,"{""culture_category"":""video_game_music"",""video_game"":""Baldur's Gate 3"",""game_rank"":138,""game_association_kind"":""khinsider_game_soundtrack"",""khinsider_album_url"":""https://downloads.khinsider.com/game-soundtracks/album/baldurs-gate-3-windows-gamerip-2023"",""khinsider_album_title"":""Baldur's Gate 3 (baldurs-gate-3-windows-gamerip-2023)"",""khinsider_album_kind"":""official_or_gamerip"",""khinsider_album_match_score"":100.0,""relevance_score_100"":100.0,""popularity_score_100"":41.76211598797836,""score_100"":76.70484639519134,""popularity_basis"":""BeatHit master-list game rank plus track position proxy""}"
362,522431629,Unknown credited artist,[],Baldur's Gate 3 (baldurs-gate-3-windows-gamerip-2023),,,"[""video game soundtrack""]","[""und""]",,,,Baldur's Gate 3,,,khinsider_track_prominence_proxy,41.76211598797836,score_0_100,,,,76.70484639519134,,,,https://downloads.khinsider.com/game-soundtracks/album/baldurs-gate-3-windows-gamerip-2023,2026-10-05,Track title is taken from KHInsider's soundtrack/gamerip album index. Popularity is an explicitly labelled proxy based on BeatHit game rank and track prominence.,"{""culture_category"":""video_game_music"",""video_game"":""Baldur's Gate 3"",""game_rank"":138,""game_association_kind"":""khinsider_game_soundtrack"",""khinsider_album_url"":""https://downloads.khinsider.com/game-soundtracks/album/baldurs-gate-3-windows-gamerip-2023"",""khinsider_album_title"":""Baldur's Gate 3 (baldurs-gate-3-windows-gamerip-2023)"",""khinsider_album_kind"":""official_or_gamerip"",""khinsider_album_match_score"":100.0,""relevance_score_100"":100.0,""popularity_score_100"":41.76211598797836,""score_100"":76.70484639519134,""popularity_basis"":""BeatHit master-list game rank plus track position proxy""}"
363,Sorcerous Sundries,Unknown credited artist,[],Baldur's Gate 3 (baldurs-gate-3-windows-gamerip-2023),,,"[""video game soundtrack""]","[""und""]",,,,Baldur's Gate 3,,,khinsider_track_prominence_proxy,41.76211598797836,score_0_100,,,,76.70484639519134,,,,https://downloads.khinsider.com/game-soundtracks/album/baldurs-gate-3-windows-gamerip-2023,2026-10-05,Track title is taken from KHInsider's soundtrack/gamerip album index. Popularity is an explicitly labelled proxy based on BeatHit game rank and track prominence.,"{""culture_category"":""video_game_music"",""video_game"":""Baldur's Gate 3"",""game_rank"":138,""game_association_kind"":""khinsider_game_soundtrack"",""khinsider_album_url"":""https://downloads.khinsider.com/game-soundtracks/album/baldurs-gate-3-windows-gamerip-2023"",""khinsider_album_title"":""Baldur's Gate 3 (baldurs-gate-3-windows-gamerip-2023)"",""khinsider_album_kind"":""official_or_gamerip"",""khinsider_album_match_score"":100.0,""relevance_score_100"":100.0,""popularity_score_100"":41.76211598797836,""score_100"":76.70484639519134,""popularity_basis"":""BeatHit master-list game rank plus track position proxy""}"
364,Entering Underdark through Whispering Depths (Act I),Unknown credited artist,[],Baldur's Gate 3 (baldurs-gate-3-windows-gamerip-2023),,,"[""video game soundtrack""]","[""und""]",,,,Baldur's Gate 3,,,khinsider_track_prominence_proxy,41.76211598797836,score_0_100,,,,76.70484639519134,,,,https://downloads.khinsider.com/game-soundtracks/album/baldurs-gate-3-windows-gamerip-2023,2026-10-05,Track title is taken from KHInsider's soundtrack/gamerip album index. Popularity is an explicitly labelled proxy based on BeatHit game rank and track prominence.,"{""culture_category"":""video_game_music"",""video_game"":""Baldur's Gate 3"",""game_rank"":138,""game_association_kind"":""khinsider_game_soundtrack"",""khinsider_album_url"":""https://downloads.khinsider.com/game-soundtracks/album/baldurs-gate-3-windows-gamerip-2023"",""khinsider_album_title"":""Baldur's Gate 3 (baldurs-gate-3-windows-gamerip-2023)"",""khinsider_album_kind"":""official_or_gamerip"",""khinsider_album_match_score"":100.0,""relevance_score_100"":100.0,""popularity_score_100"":41.76211598797836,""score_100"":76.70484639519134,""popularity_basis"":""BeatHit master-list game rank plus track position proxy""}"
365,Goblins and Gnolls,Unknown credited artist,[],Baldur's Gate 3 (baldurs-gate-3-windows-gamerip-2023),,,"[""video game soundtrack""]","[""und""]",,,,Baldur's Gate 3,,,khinsider_track_prominence_proxy,41.76211598797836,score_0_100,,,,76.70484639519134,,,,https://downloads.khinsider.com/game-soundtracks/album/baldurs-gate-3-windows-gamerip-2023,2026-10-05,Track title is taken from KHInsider's soundtrack/gamerip album index. Popularity is an explicitly labelled proxy based on BeatHit game rank and track prominence.,"{""culture_category"":""video_game_music"",""video_game"":""Baldur's Gate 3"",""game_rank"":138,""game_association_kind"":""khinsider_game_soundtrack"",""khinsider_album_url"":""https://downloads.khinsider.com/game-soundtracks/album/baldurs-gate-3-windows-gamerip-2023"",""khinsider_album_title"":""Baldur's Gate 3 (baldurs-gate-3-windows-gamerip-2023)"",""khinsider_album_kind"":""official_or_gamerip"",""khinsider_album_match_score"":100.0,""relevance_score_100"":100.0,""popularity_score_100"":41.76211598797836,""score_100"":76.70484639519134,""popularity_basis"":""BeatHit master-list game rank plus track position proxy""}"
366,535568231,Unknown credited artist,[],Baldur's Gate 3 (baldurs-gate-3-windows-gamerip-2023),,,"[""video game soundtrack""]","[""und""]",,,,Baldur's Gate 3,,,khinsider_track_prominence_proxy,41.76211598797836,score_0_100,,,,76.70484639519134,,,,https://downloads.khinsider.com/game-soundtracks/album/baldurs-gate-3-windows-gamerip-2023,2026-10-05,Track title is taken from KHInsider's soundtrack/gamerip album index. Popularity is an explicitly labelled proxy based on BeatHit game rank and track prominence.,"{""culture_category"":""video_game_music"",""video_game"":""Baldur's Gate 3"",""game_rank"":138,""game_association_kind"":""khinsider_game_soundtrack"",""khinsider_album_url"":""https://downloads.khinsider.com/game-soundtracks/album/baldurs-gate-3-windows-gamerip-2023"",""khinsider_album_title"":""Baldur's Gate 3 (baldurs-gate-3-windows-gamerip-2023)"",""khinsider_album_kind"":""official_or_gamerip"",""khinsider_album_match_score"":100.0,""relevance_score_100"":100.0,""popularity_score_100"":41.76211598797836,""score_100"":76.70484639519134,""popularity_basis"":""BeatHit master-list game rank plus track position proxy""}"
367,535980615,Unknown credited artist,[],Baldur's Gate 3 (baldurs-gate-3-windows-gamerip-2023),,,"[""video game soundtrack""]","[""und""]",,,,Baldur's Gate 3,,,khinsider_track_prominence_proxy,41.76211598797836,score_0_100,,,,76.70484639519134,,,,https://downloads.khinsider.com/game-soundtracks/album/baldurs-gate-3-windows-gamerip-2023,2026-10-05,Track title is taken from KHInsider's soundtrack/gamerip album index. Popularity is an explicitly labelled proxy based on BeatHit game rank and track prominence.,"{""culture_category"":""video_game_music"",""video_game"":""Baldur's Gate 3"",""game_rank"":138,""game_association_kind"":""khinsider_game_soundtrack"",""khinsider_album_url"":""https://downloads.khinsider.com/game-soundtracks/album/baldurs-gate-3-windows-gamerip-2023"",""khinsider_album_title"":""Baldur's Gate 3 (baldurs-gate-3-windows-gamerip-2023)"",""khinsider_album_kind"":""official_or_gamerip"",""khinsider_album_match_score"":100.0,""relevance_score_100"":100.0,""popularity_score_100"":41.76211598797836,""score_100"":76.70484639519134,""popularity_basis"":""BeatHit master-list game rank plus track position proxy""}"
368,Harpy's Song (Combat),Unknown credited artist,[],Baldur's Gate 3 (baldurs-gate-3-windows-gamerip-2023),,,"[""video game soundtrack""]","[""und""]",,,,Baldur's Gate 3,,,khinsider_track_prominence_proxy,41.76211598797836,score_0_100,,,,76.70484639519134,,,,https://downloads.khinsider.com/game-soundtracks/album/baldurs-gate-3-windows-gamerip-2023,2026-10-05,Track title is taken from KHInsider's soundtrack/gamerip album index. Popularity is an explicitly labelled proxy based on BeatHit game rank and track prominence.,"{""culture_category"":""video_game_music"",""video_game"":""Baldur's Gate 3"",""game_rank"":138,""game_association_kind"":""khinsider_game_soundtrack"",""khinsider_album_url"":""https://downloads.khinsider.com/game-soundtracks/album/baldurs-gate-3-windows-gamerip-2023"",""khinsider_album_title"":""Baldur's Gate 3 (baldurs-gate-3-windows-gamerip-2023)"",""khinsider_album_kind"":""official_or_gamerip"",""khinsider_album_match_score"":100.0,""relevance_score_100"":100.0,""popularity_score_100"":41.76211598797836,""score_100"":76.70484639519134,""popularity_basis"":""BeatHit master-list game rank plus track position proxy""}"
369,541081664,Unknown credited artist,[],Baldur's Gate 3 (baldurs-gate-3-windows-gamerip-2023),,,"[""video game soundtrack""]","[""und""]",,,,Baldur's Gate 3,,,khinsider_track_prominence_proxy,41.76211598797836,score_0_100,,,,76.70484639519134,,,,https://downloads.khinsider.com/game-soundtracks/album/baldurs-gate-3-windows-gamerip-2023,2026-10-05,Track title is taken from KHInsider's soundtrack/gamerip album index. Popularity is an explicitly labelled proxy based on BeatHit game rank and track prominence.,"{""culture_category"":""video_game_music"",""video_game"":""Baldur's Gate 3"",""game_rank"":138,""game_association_kind"":""khinsider_game_soundtrack"",""khinsider_album_url"":""https://downloads.khinsider.com/game-soundtracks/album/baldurs-gate-3-windows-gamerip-2023"",""khinsider_album_title"":""Baldur's Gate 3 (baldurs-gate-3-windows-gamerip-2023)"",""khinsider_album_kind"":""official_or_gamerip"",""khinsider_album_match_score"":100.0,""relevance_score_100"":100.0,""popularity_score_100"":41.76211598797836,""score_100"":76.70484639519134,""popularity_basis"":""BeatHit master-list game rank plus track position proxy""}"
370,Battle Theme #,Unknown credited artist,[],Baldur's Gate 3 (baldurs-gate-3-windows-gamerip-2023),,,"[""video game soundtrack""]","[""und""]",,,,Baldur's Gate 3,,,khinsider_track_prominence_proxy,41.76211598797836,score_0_100,,,,76.70484639519134,,,,https://downloads.khinsider.com/game-soundtracks/album/baldurs-gate-3-windows-gamerip-2023,2026-10-05,Track title is taken from KHInsider's soundtrack/gamerip album index. Popularity is an explicitly labelled proxy based on BeatHit game rank and track prominence.,"{""culture_category"":""video_game_music"",""video_game"":""Baldur's Gate 3"",""game_rank"":138,""game_association_kind"":""khinsider_game_soundtrack"",""khinsider_album_url"":""https://downloads.khinsider.com/game-soundtracks/album/baldurs-gate-3-windows-gamerip-2023"",""khinsider_album_title"":""Baldur's Gate 3 (baldurs-gate-3-windows-gamerip-2023)"",""khinsider_album_kind"":""official_or_gamerip"",""khinsider_album_match_score"":100.0,""relevance_score_100"":100.0,""popularity_score_100"":41.76211598797836,""score_100"":76.70484639519134,""popularity_basis"":""BeatHit master-list game rank plus track position proxy""}"
371,545607879,Unknown credited artist,[],Baldur's Gate 3 (baldurs-gate-3-windows-gamerip-2023),,,"[""video game soundtrack""]","[""und""]",,,,Baldur's Gate 3,,,khinsider_track_prominence_proxy,41.76211598797836,score_0_100,,,,76.70484639519134,,,,https://downloads.khinsider.com/game-soundtracks/album/baldurs-gate-3-windows-gamerip-2023,2026-10-05,Track title is taken from KHInsider's soundtrack/gamerip album index. Popularity is an explicitly labelled proxy based on BeatHit game rank and track prominence.,"{""culture_category"":""video_game_music"",""video_game"":""Baldur's Gate 3"",""game_rank"":138,""game_association_kind"":""khinsider_game_soundtrack"",""khinsider_album_url"":""https://downloads.khinsider.com/game-soundtracks/album/baldurs-gate-3-windows-gamerip-2023"",""khinsider_album_title"":""Baldur's Gate 3 (baldurs-gate-3-windows-gamerip-2023)"",""khinsider_album_kind"":""official_or_gamerip"",""khinsider_album_match_score"":100.0,""relevance_score_100"":100.0,""popularity_score_100"":41.76211598797836,""score_100"":76.70484639519134,""popularity_basis"":""BeatHit master-list game rank plus track position proxy""}"
372,Ravaged Beach,Unknown credited artist,[],Baldur's Gate 3 (baldurs-gate-3-windows-gamerip-2023),,,"[""video game soundtrack""]","[""und""]",,,,Baldur's Gate 3,,,khinsider_track_prominence_proxy,41.76211598797836,score_0_100,,,,76.70484639519134,,,,https://downloads.khinsider.com/game-soundtracks/album/baldurs-gate-3-windows-gamerip-2023,2026-10-05,Track title is taken from KHInsider's soundtrack/gamerip album index. Popularity is an explicitly labelled proxy based on BeatHit game rank and track prominence.,"{""culture_category"":""video_game_music"",""video_game"":""Baldur's Gate 3"",""game_rank"":138,""game_association_kind"":""khinsider_game_soundtrack"",""khinsider_album_url"":""https://downloads.khinsider.com/game-soundtracks/album/baldurs-gate-3-windows-gamerip-2023"",""khinsider_album_title"":""Baldur's Gate 3 (baldurs-gate-3-windows-gamerip-2023)"",""khinsider_album_kind"":""official_or_gamerip"",""khinsider_album_match_score"":100.0,""relevance_score_100"":100.0,""popularity_score_100"":41.76211598797836,""score_100"":76.70484639519134,""popularity_basis"":""BeatHit master-list game rank plus track position proxy""}"
373,552056968,Unknown credited artist,[],Baldur's Gate 3 (baldurs-gate-3-windows-gamerip-2023),,,"[""video game soundtrack""]","[""und""]",,,,Baldur's Gate 3,,,khinsider_track_prominence_proxy,41.76211598797836,score_0_100,,,,76.70484639519134,,,,https://downloads.khinsider.com/game-soundtracks/album/baldurs-gate-3-windows-gamerip-2023,2026-10-05,Track title is taken from KHInsider's soundtrack/gamerip album index. Popularity is an explicitly labelled proxy based on BeatHit game rank and track prominence.,"{""culture_category"":""video_game_music"",""video_game"":""Baldur's Gate 3"",""game_rank"":138,""game_association_kind"":""khinsider_game_soundtrack"",""khinsider_album_url"":""https://downloads.khinsider.com/game-soundtracks/album/baldurs-gate-3-windows-gamerip-2023"",""khinsider_album_title"":""Baldur's Gate 3 (baldurs-gate-3-windows-gamerip-2023)"",""khinsider_album_kind"":""official_or_gamerip"",""khinsider_album_match_score"":100.0,""relevance_score_100"":100.0,""popularity_score_100"":41.76211598797836,""score_100"":76.70484639519134,""popularity_basis"":""BeatHit master-list game rank plus track position proxy""}"
374,Down by the River (Combat),Unknown credited artist,[],Baldur's Gate 3 (baldurs-gate-3-windows-gamerip-2023),,,"[""video game soundtrack""]","[""und""]",,,,Baldur's Gate 3,,,khinsider_track_prominence_proxy,41.76211598797836,score_0_100,,,,76.70484639519134,,,,https://downloads.khinsider.com/game-soundtracks/album/baldurs-gate-3-windows-gamerip-2023,2026-10-05,Track title is taken from KHInsider's soundtrack/gamerip album index. Popularity is an explicitly labelled proxy based on BeatHit game rank and track prominence.,"{""culture_category"":""video_game_music"",""video_game"":""Baldur's Gate 3"",""game_rank"":138,""game_association_kind"":""khinsider_game_soundtrack"",""khinsider_album_url"":""https://downloads.khinsider.com/game-soundtracks/album/baldurs-gate-3-windows-gamerip-2023"",""khinsider_album_title"":""Baldur's Gate 3 (baldurs-gate-3-windows-gamerip-2023)"",""khinsider_album_kind"":""official_or_gamerip"",""khinsider_album_match_score"":100.0,""relevance_score_100"":100.0,""popularity_score_100"":41.76211598797836,""score_100"":76.70484639519134,""popularity_basis"":""BeatHit master-list game rank plus track position proxy""}"
375,Mind Flayer Colony Into Battle,Unknown credited artist,[],Baldur's Gate 3 (baldurs-gate-3-windows-gamerip-2023),,,"[""video game soundtrack""]","[""und""]",,,,Baldur's Gate 3,,,khinsider_track_prominence_proxy,41.76211598797836,score_0_100,,,,76.70484639519134,,,,https://downloads.khinsider.com/game-soundtracks/album/baldurs-gate-3-windows-gamerip-2023,2026-10-05,Track title is taken from KHInsider's soundtrack/gamerip album index. Popularity is an explicitly labelled proxy based on BeatHit game rank and track prominence.,"{""culture_category"":""video_game_music"",""video_game"":""Baldur's Gate 3"",""game_rank"":138,""game_association_kind"":""khinsider_game_soundtrack"",""khinsider_album_url"":""https://downloads.khinsider.com/game-soundtracks/album/baldurs-gate-3-windows-gamerip-2023"",""khinsider_album_title"":""Baldur's Gate 3 (baldurs-gate-3-windows-gamerip-2023)"",""khinsider_album_kind"":""official_or_gamerip"",""khinsider_album_match_score"":100.0,""relevance_score_100"":100.0,""popularity_score_100"":41.76211598797836,""score_100"":76.70484639519134,""popularity_basis"":""BeatHit master-list game rank plus track position proxy""}"
376,Arcane Tower,Unknown credited artist,[],Baldur's Gate 3 (baldurs-gate-3-windows-gamerip-2023),,,"[""video game soundtrack""]","[""und""]",,,,Baldur's Gate 3,,,khinsider_track_prominence_proxy,41.76211598797836,score_0_100,,,,76.70484639519134,,,,https://downloads.khinsider.com/game-soundtracks/album/baldurs-gate-3-windows-gamerip-2023,2026-10-05,Track title is taken from KHInsider's soundtrack/gamerip album index. Popularity is an explicitly labelled proxy based on BeatHit game rank and track prominence.,"{""culture_category"":""video_game_music"",""video_game"":""Baldur's Gate 3"",""game_rank"":138,""game_association_kind"":""khinsider_game_soundtrack"",""khinsider_album_url"":""https://downloads.khinsider.com/game-soundtracks/album/baldurs-gate-3-windows-gamerip-2023"",""khinsider_album_title"":""Baldur's Gate 3 (baldurs-gate-3-windows-gamerip-2023)"",""khinsider_album_kind"":""official_or_gamerip"",""khinsider_album_match_score"":100.0,""relevance_score_100"":100.0,""popularity_score_100"":41.76211598797836,""score_100"":76.70484639519134,""popularity_basis"":""BeatHit master-list game rank plus track position proxy""}"
377,566625085,Unknown credited artist,[],Baldur's Gate 3 (baldurs-gate-3-windows-gamerip-2023),,,"[""video game soundtrack""]","[""und""]",,,,Baldur's Gate 3,,,khinsider_track_prominence_proxy,41.76211598797836,score_0_100,,,,76.70484639519134,,,,https://downloads.khinsider.com/game-soundtracks/album/baldurs-gate-3-windows-gamerip-2023,2026-10-05,Track title is taken from KHInsider's soundtrack/gamerip album index. Popularity is an explicitly labelled proxy based on BeatHit game rank and track prominence.,"{""culture_category"":""video_game_music"",""video_game"":""Baldur's Gate 3"",""game_rank"":138,""game_association_kind"":""khinsider_game_soundtrack"",""khinsider_album_url"":""https://downloads.khinsider.com/game-soundtracks/album/baldurs-gate-3-windows-gamerip-2023"",""khinsider_album_title"":""Baldur's Gate 3 (baldurs-gate-3-windows-gamerip-2023)"",""khinsider_album_kind"":""official_or_gamerip"",""khinsider_album_match_score"":100.0,""relevance_score_100"":100.0,""popularity_score_100"":41.76211598797836,""score_100"":76.70484639519134,""popularity_basis"":""BeatHit master-list game rank plus track position proxy""}"
378,575728495,Unknown credited artist,[],Baldur's Gate 3 (baldurs-gate-3-windows-gamerip-2023),,,"[""video game soundtrack""]","[""und""]",,,,Baldur's Gate 3,,,khinsider_track_prominence_proxy,41.76211598797836,score_0_100,,,,76.70484639519134,,,,https://downloads.khinsider.com/game-soundtracks/album/baldurs-gate-3-windows-gamerip-2023,2026-10-05,Track title is taken from KHInsider's soundtrack/gamerip album index. Popularity is an explicitly labelled proxy based on BeatHit game rank and track prominence.,"{""culture_category"":""video_game_music"",""video_game"":""Baldur's Gate 3"",""game_rank"":138,""game_association_kind"":""khinsider_game_soundtrack"",""khinsider_album_url"":""https://downloads.khinsider.com/game-soundtracks/album/baldurs-gate-3-windows-gamerip-2023"",""khinsider_album_title"":""Baldur's Gate 3 (baldurs-gate-3-windows-gamerip-2023)"",""khinsider_album_kind"":""official_or_gamerip"",""khinsider_album_match_score"":100.0,""relevance_score_100"":100.0,""popularity_score_100"":41.76211598797836,""score_100"":76.70484639519134,""popularity_basis"":""BeatHit master-list game rank plus track position proxy""}"
379,Connect the Transponder (double),Unknown credited artist,[],Baldur's Gate 3 (baldurs-gate-3-windows-gamerip-2023),,,"[""video game soundtrack""]","[""und""]",,,,Baldur's Gate 3,,,khinsider_track_prominence_proxy,41.76211598797836,score_0_100,,,,76.70484639519134,,,,https://downloads.khinsider.com/game-soundtracks/album/baldurs-gate-3-windows-gamerip-2023,2026-10-05,Track title is taken from KHInsider's soundtrack/gamerip album index. Popularity is an explicitly labelled proxy based on BeatHit game rank and track prominence.,"{""culture_category"":""video_game_music"",""video_game"":""Baldur's Gate 3"",""game_rank"":138,""game_association_kind"":""khinsider_game_soundtrack"",""khinsider_album_url"":""https://downloads.khinsider.com/game-soundtracks/album/baldurs-gate-3-windows-gamerip-2023"",""khinsider_album_title"":""Baldur's Gate 3 (baldurs-gate-3-windows-gamerip-2023)"",""khinsider_album_kind"":""official_or_gamerip"",""khinsider_album_match_score"":100.0,""relevance_score_100"":100.0,""popularity_score_100"":41.76211598797836,""score_100"":76.70484639519134,""popularity_basis"":""BeatHit master-list game rank plus track position proxy""}"
380,579852681,Unknown credited artist,[],Baldur's Gate 3 (baldurs-gate-3-windows-gamerip-2023),,,"[""video game soundtrack""]","[""und""]",,,,Baldur's Gate 3,,,khinsider_track_prominence_proxy,41.76211598797836,score_0_100,,,,76.70484639519134,,,,https://downloads.khinsider.com/game-soundtracks/album/baldurs-gate-3-windows-gamerip-2023,2026-10-05,Track title is taken from KHInsider's soundtrack/gamerip album index. Popularity is an explicitly labelled proxy based on BeatHit game rank and track prominence.,"{""culture_category"":""video_game_music"",""video_game"":""Baldur's Gate 3"",""game_rank"":138,""game_association_kind"":""khinsider_game_soundtrack"",""khinsider_album_url"":""https://downloads.khinsider.com/game-soundtracks/album/baldurs-gate-3-windows-gamerip-2023"",""khinsider_album_title"":""Baldur's Gate 3 (baldurs-gate-3-windows-gamerip-2023)"",""khinsider_album_kind"":""official_or_gamerip"",""khinsider_album_match_score"":100.0,""relevance_score_100"":100.0,""popularity_score_100"":41.76211598797836,""score_100"":76.70484639519134,""popularity_basis"":""BeatHit master-list game rank plus track position proxy""}"
381,The Power (Violin),Unknown credited artist,[],Baldur's Gate 3 (baldurs-gate-3-windows-gamerip-2023),,,"[""video game soundtrack""]","[""und""]",,,,Baldur's Gate 3,,,khinsider_track_prominence_proxy,41.76211598797836,score_0_100,,,,76.70484639519134,,,,https://downloads.khinsider.com/game-soundtracks/album/baldurs-gate-3-windows-gamerip-2023,2026-10-05,Track title is taken from KHInsider's soundtrack/gamerip album index. Popularity is an explicitly labelled proxy based on BeatHit game rank and track prominence.,"{""culture_category"":""video_game_music"",""video_game"":""Baldur's Gate 3"",""game_rank"":138,""game_association_kind"":""khinsider_game_soundtrack"",""khinsider_album_url"":""https://downloads.khinsider.com/game-soundtracks/album/baldurs-gate-3-windows-gamerip-2023"",""khinsider_album_title"":""Baldur's Gate 3 (baldurs-gate-3-windows-gamerip-2023)"",""khinsider_album_kind"":""official_or_gamerip"",""khinsider_album_match_score"":100.0,""relevance_score_100"":100.0,""popularity_score_100"":41.76211598797836,""score_100"":76.70484639519134,""popularity_basis"":""BeatHit master-list game rank plus track position proxy""}"
382,The Power (Alternative),Unknown credited artist,[],Baldur's Gate 3 (baldurs-gate-3-windows-gamerip-2023),,,"[""video game soundtrack""]","[""und""]",,,,Baldur's Gate 3,,,khinsider_track_prominence_proxy,41.76211598797836,score_0_100,,,,76.70484639519134,,,,https://downloads.khinsider.com/game-soundtracks/album/baldurs-gate-3-windows-gamerip-2023,2026-10-05,Track title is taken from KHInsider's soundtrack/gamerip album index. Popularity is an explicitly labelled proxy based on BeatHit game rank and track prominence.,"{""culture_category"":""video_game_music"",""video_game"":""Baldur's Gate 3"",""game_rank"":138,""game_association_kind"":""khinsider_game_soundtrack"",""khinsider_album_url"":""https://downloads.khinsider.com/game-soundtracks/album/baldurs-gate-3-windows-gamerip-2023"",""khinsider_album_title"":""Baldur's Gate 3 (baldurs-gate-3-windows-gamerip-2023)"",""khinsider_album_kind"":""official_or_gamerip"",""khinsider_album_match_score"":100.0,""relevance_score_100"":100.0,""popularity_score_100"":41.76211598797836,""score_100"":76.70484639519134,""popularity_basis"":""BeatHit master-list game rank plus track position proxy""}"
383,Bard Dance (Guitar),Unknown credited artist,[],Baldur's Gate 3 (baldurs-gate-3-windows-gamerip-2023),,,"[""video game soundtrack""]","[""und""]",,,,Baldur's Gate 3,,,khinsider_track_prominence_proxy,41.76211598797836,score_0_100,,,,76.70484639519134,,,,https://downloads.khinsider.com/game-soundtracks/album/baldurs-gate-3-windows-gamerip-2023,2026-10-05,Track title is taken from KHInsider's soundtrack/gamerip album index. Popularity is an explicitly labelled proxy based on BeatHit game rank and track prominence.,"{""culture_category"":""video_game_music"",""video_game"":""Baldur's Gate 3"",""game_rank"":138,""game_association_kind"":""khinsider_game_soundtrack"",""khinsider_album_url"":""https://downloads.khinsider.com/game-soundtracks/album/baldurs-gate-3-windows-gamerip-2023"",""khinsider_album_title"":""Baldur's Gate 3 (baldurs-gate-3-windows-gamerip-2023)"",""khinsider_album_kind"":""official_or_gamerip"",""khinsider_album_match_score"":100.0,""relevance_score_100"":100.0,""popularity_score_100"":41.76211598797836,""score_100"":76.70484639519134,""popularity_basis"":""BeatHit master-list game rank plus track position proxy""}"
384,The Legacy of Bhaal,Unknown credited artist,[],Baldur's Gate 3 (baldurs-gate-3-windows-gamerip-2023),,,"[""video game soundtrack""]","[""und""]",,,,Baldur's Gate 3,,,khinsider_track_prominence_proxy,41.76211598797836,score_0_100,,,,76.70484639519134,,,,https://downloads.khinsider.com/game-soundtracks/album/baldurs-gate-3-windows-gamerip-2023,2026-10-05,Track title is taken from KHInsider's soundtrack/gamerip album index. Popularity is an explicitly labelled proxy based on BeatHit game rank and track prominence.,"{""culture_category"":""video_game_music"",""video_game"":""Baldur's Gate 3"",""game_rank"":138,""game_association_kind"":""khinsider_game_soundtrack"",""khinsider_album_url"":""https://downloads.khinsider.com/game-soundtracks/album/baldurs-gate-3-windows-gamerip-2023"",""khinsider_album_title"":""Baldur's Gate 3 (baldurs-gate-3-windows-gamerip-2023)"",""khinsider_album_kind"":""official_or_gamerip"",""khinsider_album_match_score"":100.0,""relevance_score_100"":100.0,""popularity_score_100"":41.76211598797836,""score_100"":76.70484639519134,""popularity_basis"":""BeatHit master-list game rank plus track position proxy""}"
385,Foreplay,Unknown credited artist,[],Baldur's Gate 3 (baldurs-gate-3-windows-gamerip-2023),,,"[""video game soundtrack""]","[""und""]",,,,Baldur's Gate 3,,,khinsider_track_prominence_proxy,41.76211598797836,score_0_100,,,,76.70484639519134,,,,https://downloads.khinsider.com/game-soundtracks/album/baldurs-gate-3-windows-gamerip-2023,2026-10-05,Track title is taken from KHInsider's soundtrack/gamerip album index. Popularity is an explicitly labelled proxy based on BeatHit game rank and track prominence.,"{""culture_category"":""video_game_music"",""video_game"":""Baldur's Gate 3"",""game_rank"":138,""game_association_kind"":""khinsider_game_soundtrack"",""khinsider_album_url"":""https://downloads.khinsider.com/game-soundtracks/album/baldurs-gate-3-windows-gamerip-2023"",""khinsider_album_title"":""Baldur's Gate 3 (baldurs-gate-3-windows-gamerip-2023)"",""khinsider_album_kind"":""official_or_gamerip"",""khinsider_album_match_score"":100.0,""relevance_score_100"":100.0,""popularity_score_100"":41.76211598797836,""score_100"":76.70484639519134,""popularity_basis"":""BeatHit master-list game rank plus track position proxy""}"
386,Nautiloid Crash (Alternative,Unknown credited artist,[],Baldur's Gate 3 (baldurs-gate-3-windows-gamerip-2023),,,"[""video game soundtrack""]","[""und""]",,,,Baldur's Gate 3,,,khinsider_track_prominence_proxy,41.76211598797836,score_0_100,,,,76.70484639519134,,,,https://downloads.khinsider.com/game-soundtracks/album/baldurs-gate-3-windows-gamerip-2023,2026-10-05,Track title is taken from KHInsider's soundtrack/gamerip album index. Popularity is an explicitly labelled proxy based on BeatHit game rank and track prominence.,"{""culture_category"":""video_game_music"",""video_game"":""Baldur's Gate 3"",""game_rank"":138,""game_association_kind"":""khinsider_game_soundtrack"",""khinsider_album_url"":""https://downloads.khinsider.com/game-soundtracks/album/baldurs-gate-3-windows-gamerip-2023"",""khinsider_album_title"":""Baldur's Gate 3 (baldurs-gate-3-windows-gamerip-2023)"",""khinsider_album_kind"":""official_or_gamerip"",""khinsider_album_match_score"":100.0,""relevance_score_100"":100.0,""popularity_score_100"":41.76211598797836,""score_100"":76.70484639519134,""popularity_basis"":""BeatHit master-list game rank plus track position proxy""}"
387,591103050,Unknown credited artist,[],Baldur's Gate 3 (baldurs-gate-3-windows-gamerip-2023),,,"[""video game soundtrack""]","[""und""]",,,,Baldur's Gate 3,,,khinsider_track_prominence_proxy,41.76211598797836,score_0_100,,,,76.70484639519134,,,,https://downloads.khinsider.com/game-soundtracks/album/baldurs-gate-3-windows-gamerip-2023,2026-10-05,Track title is taken from KHInsider's soundtrack/gamerip album index. Popularity is an explicitly labelled proxy based on BeatHit game rank and track prominence.,"{""culture_category"":""video_game_music"",""video_game"":""Baldur's Gate 3"",""game_rank"":138,""game_association_kind"":""khinsider_game_soundtrack"",""khinsider_album_url"":""https://downloads.khinsider.com/game-soundtracks/album/baldurs-gate-3-windows-gamerip-2023"",""khinsider_album_title"":""Baldur's Gate 3 (baldurs-gate-3-windows-gamerip-2023)"",""khinsider_album_kind"":""official_or_gamerip"",""khinsider_album_match_score"":100.0,""relevance_score_100"":100.0,""popularity_score_100"":41.76211598797836,""score_100"":76.70484639519134,""popularity_basis"":""BeatHit master-list game rank plus track position proxy""}"
388,591284156,Unknown credited artist,[],Baldur's Gate 3 (baldurs-gate-3-windows-gamerip-2023),,,"[""video game soundtrack""]","[""und""]",,,,Baldur's Gate 3,,,khinsider_track_prominence_proxy,41.76211598797836,score_0_100,,,,76.70484639519134,,,,https://downloads.khinsider.com/game-soundtracks/album/baldurs-gate-3-windows-gamerip-2023,2026-10-05,Track title is taken from KHInsider's soundtrack/gamerip album index. Popularity is an explicitly labelled proxy based on BeatHit game rank and track prominence.,"{""culture_category"":""video_game_music"",""video_game"":""Baldur's Gate 3"",""game_rank"":138,""game_association_kind"":""khinsider_game_soundtrack"",""khinsider_album_url"":""https://downloads.khinsider.com/game-soundtracks/album/baldurs-gate-3-windows-gamerip-2023"",""khinsider_album_title"":""Baldur's Gate 3 (baldurs-gate-3-windows-gamerip-2023)"",""khinsider_album_kind"":""official_or_gamerip"",""khinsider_album_match_score"":100.0,""relevance_score_100"":100.0,""popularity_score_100"":41.76211598797836,""score_100"":76.70484639519134,""popularity_basis"":""BeatHit master-list game rank plus track position proxy""}"
389,"Shar, Chamber of Loss Ambience (Act III)",Unknown credited artist,[],Baldur's Gate 3 (baldurs-gate-3-windows-gamerip-2023),,,"[""video game soundtrack""]","[""und""]",,,,Baldur's Gate 3,,,khinsider_track_prominence_proxy,41.76211598797836,score_0_100,,,,76.70484639519134,,,,https://downloads.khinsider.com/game-soundtracks/album/baldurs-gate-3-windows-gamerip-2023,2026-10-05,Track title is taken from KHInsider's soundtrack/gamerip album index. Popularity is an explicitly labelled proxy based on BeatHit game rank and track prominence.,"{""culture_category"":""video_game_music"",""video_game"":""Baldur's Gate 3"",""game_rank"":138,""game_association_kind"":""khinsider_game_soundtrack"",""khinsider_album_url"":""https://downloads.khinsider.com/game-soundtracks/album/baldurs-gate-3-windows-gamerip-2023"",""khinsider_album_title"":""Baldur's Gate 3 (baldurs-gate-3-windows-gamerip-2023)"",""khinsider_album_kind"":""official_or_gamerip"",""khinsider_album_match_score"":100.0,""relevance_score_100"":100.0,""popularity_score_100"":41.76211598797836,""score_100"":76.70484639519134,""popularity_basis"":""BeatHit master-list game rank plus track position proxy""}"
390,606289039,Unknown credited artist,[],Baldur's Gate 3 (baldurs-gate-3-windows-gamerip-2023),,,"[""video game soundtrack""]","[""und""]",,,,Baldur's Gate 3,,,khinsider_track_prominence_proxy,41.76211598797836,score_0_100,,,,76.70484639519134,,,,https://downloads.khinsider.com/game-soundtracks/album/baldurs-gate-3-windows-gamerip-2023,2026-10-05,Track title is taken from KHInsider's soundtrack/gamerip album index. Popularity is an explicitly labelled proxy based on BeatHit game rank and track prominence.,"{""culture_category"":""video_game_music"",""video_game"":""Baldur's Gate 3"",""game_rank"":138,""game_association_kind"":""khinsider_game_soundtrack"",""khinsider_album_url"":""https://downloads.khinsider.com/game-soundtracks/album/baldurs-gate-3-windows-gamerip-2023"",""khinsider_album_title"":""Baldur's Gate 3 (baldurs-gate-3-windows-gamerip-2023)"",""khinsider_album_kind"":""official_or_gamerip"",""khinsider_album_match_score"":100.0,""relevance_score_100"":100.0,""popularity_score_100"":41.76211598797836,""score_100"":76.70484639519134,""popularity_basis"":""BeatHit master-list game rank plus track position proxy""}"
391,Stalking the Goblin Camp,Unknown credited artist,[],Baldur's Gate 3 (baldurs-gate-3-windows-gamerip-2023),,,"[""video game soundtrack""]","[""und""]",,,,Baldur's Gate 3,,,khinsider_track_prominence_proxy,41.76211598797836,score_0_100,,,,76.70484639519134,,,,https://downloads.khinsider.com/game-soundtracks/album/baldurs-gate-3-windows-gamerip-2023,2026-10-05,Track title is taken from KHInsider's soundtrack/gamerip album index. Popularity is an explicitly labelled proxy based on BeatHit game rank and track prominence.,"{""culture_category"":""video_game_music"",""video_game"":""Baldur's Gate 3"",""game_rank"":138,""game_association_kind"":""khinsider_game_soundtrack"",""khinsider_album_url"":""https://downloads.khinsider.com/game-soundtracks/album/baldurs-gate-3-windows-gamerip-2023"",""khinsider_album_title"":""Baldur's Gate 3 (baldurs-gate-3-windows-gamerip-2023)"",""khinsider_album_kind"":""official_or_gamerip"",""khinsider_album_match_score"":100.0,""relevance_score_100"":100.0,""popularity_score_100"":41.76211598797836,""score_100"":76.70484639519134,""popularity_basis"":""BeatHit master-list game rank plus track position proxy""}"
392,The Brothel,Unknown credited artist,[],Baldur's Gate 3 (baldurs-gate-3-windows-gamerip-2023),,,"[""video game soundtrack""]","[""und""]",,,,Baldur's Gate 3,,,khinsider_track_prominence_proxy,41.76211598797836,score_0_100,,,,76.70484639519134,,,,https://downloads.khinsider.com/game-soundtracks/album/baldurs-gate-3-windows-gamerip-2023,2026-10-05,Track title is taken from KHInsider's soundtrack/gamerip album index. Popularity is an explicitly labelled proxy based on BeatHit game rank and track prominence.,"{""culture_category"":""video_game_music"",""video_game"":""Baldur's Gate 3"",""game_rank"":138,""game_association_kind"":""khinsider_game_soundtrack"",""khinsider_album_url"":""https://downloads.khinsider.com/game-soundtracks/album/baldurs-gate-3-windows-gamerip-2023"",""khinsider_album_title"":""Baldur's Gate 3 (baldurs-gate-3-windows-gamerip-2023)"",""khinsider_album_kind"":""official_or_gamerip"",""khinsider_album_match_score"":100.0,""relevance_score_100"":100.0,""popularity_score_100"":41.76211598797836,""score_100"":76.70484639519134,""popularity_basis"":""BeatHit master-list game rank plus track position proxy""}"
393,Unholy Purpose,Unknown credited artist,[],Baldur's Gate 3 (baldurs-gate-3-windows-gamerip-2023),,,"[""video game soundtrack""]","[""und""]",,,,Baldur's Gate 3,,,khinsider_track_prominence_proxy,41.76211598797836,score_0_100,,,,76.70484639519134,,,,https://downloads.khinsider.com/game-soundtracks/album/baldurs-gate-3-windows-gamerip-2023,2026-10-05,Track title is taken from KHInsider's soundtrack/gamerip album index. Popularity is an explicitly labelled proxy based on BeatHit game rank and track prominence.,"{""culture_category"":""video_game_music"",""video_game"":""Baldur's Gate 3"",""game_rank"":138,""game_association_kind"":""khinsider_game_soundtrack"",""khinsider_album_url"":""https://downloads.khinsider.com/game-soundtracks/album/baldurs-gate-3-windows-gamerip-2023"",""khinsider_album_title"":""Baldur's Gate 3 (baldurs-gate-3-windows-gamerip-2023)"",""khinsider_album_kind"":""official_or_gamerip"",""khinsider_album_match_score"":100.0,""relevance_score_100"":100.0,""popularity_score_100"":41.76211598797836,""score_100"":76.70484639519134,""popularity_basis"":""BeatHit master-list game rank plus track position proxy""}"
394,Dark Urge Reaches Temple of Bhaal,Unknown credited artist,[],Baldur's Gate 3 (baldurs-gate-3-windows-gamerip-2023),,,"[""video game soundtrack""]","[""und""]",,,,Baldur's Gate 3,,,khinsider_track_prominence_proxy,41.76211598797836,score_0_100,,,,76.70484639519134,,,,https://downloads.khinsider.com/game-soundtracks/album/baldurs-gate-3-windows-gamerip-2023,2026-10-05,Track title is taken from KHInsider's soundtrack/gamerip album index. Popularity is an explicitly labelled proxy based on BeatHit game rank and track prominence.,"{""culture_category"":""video_game_music"",""video_game"":""Baldur's Gate 3"",""game_rank"":138,""game_association_kind"":""khinsider_game_soundtrack"",""khinsider_album_url"":""https://downloads.khinsider.com/game-soundtracks/album/baldurs-gate-3-windows-gamerip-2023"",""khinsider_album_title"":""Baldur's Gate 3 (baldurs-gate-3-windows-gamerip-2023)"",""khinsider_album_kind"":""official_or_gamerip"",""khinsider_album_match_score"":100.0,""relevance_score_100"":100.0,""popularity_score_100"":41.76211598797836,""score_100"":76.70484639519134,""popularity_basis"":""BeatHit master-list game rank plus track position proxy""}"
395,Orthon's Lair (Act II),Unknown credited artist,[],Baldur's Gate 3 (baldurs-gate-3-windows-gamerip-2023),,,"[""video game soundtrack""]","[""und""]",,,,Baldur's Gate 3,,,khinsider_track_prominence_proxy,41.76211598797836,score_0_100,,,,76.70484639519134,,,,https://downloads.khinsider.com/game-soundtracks/album/baldurs-gate-3-windows-gamerip-2023,2026-10-05,Track title is taken from KHInsider's soundtrack/gamerip album index. Popularity is an explicitly labelled proxy based on BeatHit game rank and track prominence.,"{""culture_category"":""video_game_music"",""video_game"":""Baldur's Gate 3"",""game_rank"":138,""game_association_kind"":""khinsider_game_soundtrack"",""khinsider_album_url"":""https://downloads.khinsider.com/game-soundtracks/album/baldurs-gate-3-windows-gamerip-2023"",""khinsider_album_title"":""Baldur's Gate 3 (baldurs-gate-3-windows-gamerip-2023)"",""khinsider_album_kind"":""official_or_gamerip"",""khinsider_album_match_score"":100.0,""relevance_score_100"":100.0,""popularity_score_100"":41.76211598797836,""score_100"":76.70484639519134,""popularity_basis"":""BeatHit master-list game rank plus track position proxy""}"
396,Elder Brain Attacks Baldur's Gate (Act III),Unknown credited artist,[],Baldur's Gate 3 (baldurs-gate-3-windows-gamerip-2023),,,"[""video game soundtrack""]","[""und""]",,,,Baldur's Gate 3,,,khinsider_track_prominence_proxy,41.76211598797836,score_0_100,,,,76.70484639519134,,,,https://downloads.khinsider.com/game-soundtracks/album/baldurs-gate-3-windows-gamerip-2023,2026-10-05,Track title is taken from KHInsider's soundtrack/gamerip album index. Popularity is an explicitly labelled proxy based on BeatHit game rank and track prominence.,"{""culture_category"":""video_game_music"",""video_game"":""Baldur's Gate 3"",""game_rank"":138,""game_association_kind"":""khinsider_game_soundtrack"",""khinsider_album_url"":""https://downloads.khinsider.com/game-soundtracks/album/baldurs-gate-3-windows-gamerip-2023"",""khinsider_album_title"":""Baldur's Gate 3 (baldurs-gate-3-windows-gamerip-2023)"",""khinsider_album_kind"":""official_or_gamerip"",""khinsider_album_match_score"":100.0,""relevance_score_100"":100.0,""popularity_score_100"":41.76211598797836,""score_100"":76.70484639519134,""popularity_basis"":""BeatHit master-list game rank plus track position proxy""}"
397,Conversation with Ansur,Unknown credited artist,[],Baldur's Gate 3 (baldurs-gate-3-windows-gamerip-2023),,,"[""video game soundtrack""]","[""und""]",,,,Baldur's Gate 3,,,khinsider_track_prominence_proxy,41.76211598797836,score_0_100,,,,76.70484639519134,,,,https://downloads.khinsider.com/game-soundtracks/album/baldurs-gate-3-windows-gamerip-2023,2026-10-05,Track title is taken from KHInsider's soundtrack/gamerip album index. Popularity is an explicitly labelled proxy based on BeatHit game rank and track prominence.,"{""culture_category"":""video_game_music"",""video_game"":""Baldur's Gate 3"",""game_rank"":138,""game_association_kind"":""khinsider_game_soundtrack"",""khinsider_album_url"":""https://downloads.khinsider.com/game-soundtracks/album/baldurs-gate-3-windows-gamerip-2023"",""khinsider_album_title"":""Baldur's Gate 3 (baldurs-gate-3-windows-gamerip-2023)"",""khinsider_album_kind"":""official_or_gamerip"",""khinsider_album_match_score"":100.0,""relevance_score_100"":100.0,""popularity_score_100"":41.76211598797836,""score_100"":76.70484639519134,""popularity_basis"":""BeatHit master-list game rank plus track position proxy""}"
398,634421878,Unknown credited artist,[],Baldur's Gate 3 (baldurs-gate-3-windows-gamerip-2023),,,"[""video game soundtrack""]","[""und""]",,,,Baldur's Gate 3,,,khinsider_track_prominence_proxy,41.76211598797836,score_0_100,,,,76.70484639519134,,,,https://downloads.khinsider.com/game-soundtracks/album/baldurs-gate-3-windows-gamerip-2023,2026-10-05,Track title is taken from KHInsider's soundtrack/gamerip album index. Popularity is an explicitly labelled proxy based on BeatHit game rank and track prominence.,"{""culture_category"":""video_game_music"",""video_game"":""Baldur's Gate 3"",""game_rank"":138,""game_association_kind"":""khinsider_game_soundtrack"",""khinsider_album_url"":""https://downloads.khinsider.com/game-soundtracks/album/baldurs-gate-3-windows-gamerip-2023"",""khinsider_album_title"":""Baldur's Gate 3 (baldurs-gate-3-windows-gamerip-2023)"",""khinsider_album_kind"":""official_or_gamerip"",""khinsider_album_match_score"":100.0,""relevance_score_100"":100.0,""popularity_score_100"":41.76211598797836,""score_100"":76.70484639519134,""popularity_basis"":""BeatHit master-list game rank plus track position proxy""}"
399,638547722,Unknown credited artist,[],Baldur's Gate 3 (baldurs-gate-3-windows-gamerip-2023),,,"[""video game soundtrack""]","[""und""]",,,,Baldur's Gate 3,,,khinsider_track_prominence_proxy,41.76211598797836,score_0_100,,,,76.70484639519134,,,,https://downloads.khinsider.com/game-soundtracks/album/baldurs-gate-3-windows-gamerip-2023,2026-10-05,Track title is taken from KHInsider's soundtrack/gamerip album index. Popularity is an explicitly labelled proxy based on BeatHit game rank and track prominence.,"{""culture_category"":""video_game_music"",""video_game"":""Baldur's Gate 3"",""game_rank"":138,""game_association_kind"":""khinsider_game_soundtrack"",""khinsider_album_url"":""https://downloads.khinsider.com/game-soundtracks/album/baldurs-gate-3-windows-gamerip-2023"",""khinsider_album_title"":""Baldur's Gate 3 (baldurs-gate-3-windows-gamerip-2023)"",""khinsider_album_kind"":""official_or_gamerip"",""khinsider_album_match_score"":100.0,""relevance_score_100"":100.0,""popularity_score_100"":41.76211598797836,""score_100"":76.70484639519134,""popularity_basis"":""BeatHit master-list game rank plus track position proxy""}"
400,Hag's Swamp (Alternative),Unknown credited artist,[],Baldur's Gate 3 (baldurs-gate-3-windows-gamerip-2023),,,"[""video game soundtrack""]","[""und""]",,,,Baldur's Gate 3,,,khinsider_track_prominence_proxy,41.76211598797836,score_0_100,,,,76.70484639519134,,,,https://downloads.khinsider.com/game-soundtracks/album/baldurs-gate-3-windows-gamerip-2023,2026-10-05,Track title is taken from KHInsider's soundtrack/gamerip album index. Popularity is an explicitly labelled proxy based on BeatHit game rank and track prominence.,"{""culture_category"":""video_game_music"",""video_game"":""Baldur's Gate 3"",""game_rank"":138,""game_association_kind"":""khinsider_game_soundtrack"",""khinsider_album_url"":""https://downloads.khinsider.com/game-soundtracks/album/baldurs-gate-3-windows-gamerip-2023"",""khinsider_album_title"":""Baldur's Gate 3 (baldurs-gate-3-windows-gamerip-2023)"",""khinsider_album_kind"":""official_or_gamerip"",""khinsider_album_match_score"":100.0,""relevance_score_100"":100.0,""popularity_score_100"":41.76211598797836,""score_100"":76.70484639519134,""popularity_basis"":""BeatHit master-list game rank plus track position proxy""}"
401,Nine Blades (Ally Down),Unknown credited artist,[],Baldur's Gate 3 (baldurs-gate-3-windows-gamerip-2023),,,"[""video game soundtrack""]","[""und""]",,,,Baldur's Gate 3,,,khinsider_track_prominence_proxy,41.76211598797836,score_0_100,,,,76.70484639519134,,,,https://downloads.khinsider.com/game-soundtracks/album/baldurs-gate-3-windows-gamerip-2023,2026-10-05,Track title is taken from KHInsider's soundtrack/gamerip album index. Popularity is an explicitly labelled proxy based on BeatHit game rank and track prominence.,"{""culture_category"":""video_game_music"",""video_game"":""Baldur's Gate 3"",""game_rank"":138,""game_association_kind"":""khinsider_game_soundtrack"",""khinsider_album_url"":""https://downloads.khinsider.com/game-soundtracks/album/baldurs-gate-3-windows-gamerip-2023"",""khinsider_album_title"":""Baldur's Gate 3 (baldurs-gate-3-windows-gamerip-2023)"",""khinsider_album_kind"":""official_or_gamerip"",""khinsider_album_match_score"":100.0,""relevance_score_100"":100.0,""popularity_score_100"":41.76211598797836,""score_100"":76.70484639519134,""popularity_basis"":""BeatHit master-list game rank plus track position proxy""}"
402,Something in the Shadows (Act II),Unknown credited artist,[],Baldur's Gate 3 (baldurs-gate-3-windows-gamerip-2023),,,"[""video game soundtrack""]","[""und""]",,,,Baldur's Gate 3,,,khinsider_track_prominence_proxy,41.76211598797836,score_0_100,,,,76.70484639519134,,,,https://downloads.khinsider.com/game-soundtracks/album/baldurs-gate-3-windows-gamerip-2023,2026-10-05,Track title is taken from KHInsider's soundtrack/gamerip album index. Popularity is an explicitly labelled proxy based on BeatHit game rank and track prominence.,"{""culture_category"":""video_game_music"",""video_game"":""Baldur's Gate 3"",""game_rank"":138,""game_association_kind"":""khinsider_game_soundtrack"",""khinsider_album_url"":""https://downloads.khinsider.com/game-soundtracks/album/baldurs-gate-3-windows-gamerip-2023"",""khinsider_album_title"":""Baldur's Gate 3 (baldurs-gate-3-windows-gamerip-2023)"",""khinsider_album_kind"":""official_or_gamerip"",""khinsider_album_match_score"":100.0,""relevance_score_100"":100.0,""popularity_score_100"":41.76211598797836,""score_100"":76.70484639519134,""popularity_basis"":""BeatHit master-list game rank plus track position proxy""}"
403,Astarion's Ascension,Unknown credited artist,[],Baldur's Gate 3 (baldurs-gate-3-windows-gamerip-2023),,,"[""video game soundtrack""]","[""und""]",,,,Baldur's Gate 3,,,khinsider_track_prominence_proxy,41.76211598797836,score_0_100,,,,76.70484639519134,,,,https://downloads.khinsider.com/game-soundtracks/album/baldurs-gate-3-windows-gamerip-2023,2026-10-05,Track title is taken from KHInsider's soundtrack/gamerip album index. Popularity is an explicitly labelled proxy based on BeatHit game rank and track prominence.,"{""culture_category"":""video_game_music"",""video_game"":""Baldur's Gate 3"",""game_rank"":138,""game_association_kind"":""khinsider_game_soundtrack"",""khinsider_album_url"":""https://downloads.khinsider.com/game-soundtracks/album/baldurs-gate-3-windows-gamerip-2023"",""khinsider_album_title"":""Baldur's Gate 3 (baldurs-gate-3-windows-gamerip-2023)"",""khinsider_album_kind"":""official_or_gamerip"",""khinsider_album_match_score"":100.0,""relevance_score_100"":100.0,""popularity_score_100"":41.76211598797836,""score_100"":76.70484639519134,""popularity_basis"":""BeatHit master-list game rank plus track position proxy""}"
404,Lifting the Moonrise Curse,Unknown credited artist,[],Baldur's Gate 3 (baldurs-gate-3-windows-gamerip-2023),,,"[""video game soundtrack""]","[""und""]",,,,Baldur's Gate 3,,,khinsider_track_prominence_proxy,41.76211598797836,score_0_100,,,,76.70484639519134,,,,https://downloads.khinsider.com/game-soundtracks/album/baldurs-gate-3-windows-gamerip-2023,2026-10-05,Track title is taken from KHInsider's soundtrack/gamerip album index. Popularity is an explicitly labelled proxy based on BeatHit game rank and track prominence.,"{""culture_category"":""video_game_music"",""video_game"":""Baldur's Gate 3"",""game_rank"":138,""game_association_kind"":""khinsider_game_soundtrack"",""khinsider_album_url"":""https://downloads.khinsider.com/game-soundtracks/album/baldurs-gate-3-windows-gamerip-2023"",""khinsider_album_title"":""Baldur's Gate 3 (baldurs-gate-3-windows-gamerip-2023)"",""khinsider_album_kind"":""official_or_gamerip"",""khinsider_album_match_score"":100.0,""relevance_score_100"":100.0,""popularity_score_100"":41.76211598797836,""score_100"":76.70484639519134,""popularity_basis"":""BeatHit master-list game rank plus track position proxy""}"
405,Myconid Colony (Alternative) (Act I),Unknown credited artist,[],Baldur's Gate 3 (baldurs-gate-3-windows-gamerip-2023),,,"[""video game soundtrack""]","[""und""]",,,,Baldur's Gate 3,,,khinsider_track_prominence_proxy,41.76211598797836,score_0_100,,,,76.70484639519134,,,,https://downloads.khinsider.com/game-soundtracks/album/baldurs-gate-3-windows-gamerip-2023,2026-10-05,Track title is taken from KHInsider's soundtrack/gamerip album index. Popularity is an explicitly labelled proxy based on BeatHit game rank and track prominence.,"{""culture_category"":""video_game_music"",""video_game"":""Baldur's Gate 3"",""game_rank"":138,""game_association_kind"":""khinsider_game_soundtrack"",""khinsider_album_url"":""https://downloads.khinsider.com/game-soundtracks/album/baldurs-gate-3-windows-gamerip-2023"",""khinsider_album_title"":""Baldur's Gate 3 (baldurs-gate-3-windows-gamerip-2023)"",""khinsider_album_kind"":""official_or_gamerip"",""khinsider_album_match_score"":100.0,""relevance_score_100"":100.0,""popularity_score_100"":41.76211598797836,""score_100"":76.70484639519134,""popularity_basis"":""BeatHit master-list game rank plus track position proxy""}"
406,Approaching the Brain,Unknown credited artist,[],Baldur's Gate 3 (baldurs-gate-3-windows-gamerip-2023),,,"[""video game soundtrack""]","[""und""]",,,,Baldur's Gate 3,,,khinsider_track_prominence_proxy,41.76211598797836,score_0_100,,,,76.70484639519134,,,,https://downloads.khinsider.com/game-soundtracks/album/baldurs-gate-3-windows-gamerip-2023,2026-10-05,Track title is taken from KHInsider's soundtrack/gamerip album index. Popularity is an explicitly labelled proxy based on BeatHit game rank and track prominence.,"{""culture_category"":""video_game_music"",""video_game"":""Baldur's Gate 3"",""game_rank"":138,""game_association_kind"":""khinsider_game_soundtrack"",""khinsider_album_url"":""https://downloads.khinsider.com/game-soundtracks/album/baldurs-gate-3-windows-gamerip-2023"",""khinsider_album_title"":""Baldur's Gate 3 (baldurs-gate-3-windows-gamerip-2023)"",""khinsider_album_kind"":""official_or_gamerip"",""khinsider_album_match_score"":100.0,""relevance_score_100"":100.0,""popularity_score_100"":41.76211598797836,""score_100"":76.70484639519134,""popularity_basis"":""BeatHit master-list game rank plus track position proxy""}"
407,660219866,Unknown credited artist,[],Baldur's Gate 3 (baldurs-gate-3-windows-gamerip-2023),,,"[""video game soundtrack""]","[""und""]",,,,Baldur's Gate 3,,,khinsider_track_prominence_proxy,41.76211598797836,score_0_100,,,,76.70484639519134,,,,https://downloads.khinsider.com/game-soundtracks/album/baldurs-gate-3-windows-gamerip-2023,2026-10-05,Track title is taken from KHInsider's soundtrack/gamerip album index. Popularity is an explicitly labelled proxy based on BeatHit game rank and track prominence.,"{""culture_category"":""video_game_music"",""video_game"":""Baldur's Gate 3"",""game_rank"":138,""game_association_kind"":""khinsider_game_soundtrack"",""khinsider_album_url"":""https://downloads.khinsider.com/game-soundtracks/album/baldurs-gate-3-windows-gamerip-2023"",""khinsider_album_title"":""Baldur's Gate 3 (baldurs-gate-3-windows-gamerip-2023)"",""khinsider_album_kind"":""official_or_gamerip"",""khinsider_album_match_score"":100.0,""relevance_score_100"":100.0,""popularity_score_100"":41.76211598797836,""score_100"":76.70484639519134,""popularity_basis"":""BeatHit master-list game rank plus track position proxy""}"
408,Rivington (Alternative),Unknown credited artist,[],Baldur's Gate 3 (baldurs-gate-3-windows-gamerip-2023),,,"[""video game soundtrack""]","[""und""]",,,,Baldur's Gate 3,,,khinsider_track_prominence_proxy,41.76211598797836,score_0_100,,,,76.70484639519134,,,,https://downloads.khinsider.com/game-soundtracks/album/baldurs-gate-3-windows-gamerip-2023,2026-10-05,Track title is taken from KHInsider's soundtrack/gamerip album index. Popularity is an explicitly labelled proxy based on BeatHit game rank and track prominence.,"{""culture_category"":""video_game_music"",""video_game"":""Baldur's Gate 3"",""game_rank"":138,""game_association_kind"":""khinsider_game_soundtrack"",""khinsider_album_url"":""https://downloads.khinsider.com/game-soundtracks/album/baldurs-gate-3-windows-gamerip-2023"",""khinsider_album_title"":""Baldur's Gate 3 (baldurs-gate-3-windows-gamerip-2023)"",""khinsider_album_kind"":""official_or_gamerip"",""khinsider_album_match_score"":100.0,""relevance_score_100"":100.0,""popularity_score_100"":41.76211598797836,""score_100"":76.70484639519134,""popularity_basis"":""BeatHit master-list game rank plus track position proxy""}"
409,Keltheric Thorm Dialogue,Unknown credited artist,[],Baldur's Gate 3 (baldurs-gate-3-windows-gamerip-2023),,,"[""video game soundtrack""]","[""und""]",,,,Baldur's Gate 3,,,khinsider_track_prominence_proxy,41.76211598797836,score_0_100,,,,76.70484639519134,,,,https://downloads.khinsider.com/game-soundtracks/album/baldurs-gate-3-windows-gamerip-2023,2026-10-05,Track title is taken from KHInsider's soundtrack/gamerip album index. Popularity is an explicitly labelled proxy based on BeatHit game rank and track prominence.,"{""culture_category"":""video_game_music"",""video_game"":""Baldur's Gate 3"",""game_rank"":138,""game_association_kind"":""khinsider_game_soundtrack"",""khinsider_album_url"":""https://downloads.khinsider.com/game-soundtracks/album/baldurs-gate-3-windows-gamerip-2023"",""khinsider_album_title"":""Baldur's Gate 3 (baldurs-gate-3-windows-gamerip-2023)"",""khinsider_album_kind"":""official_or_gamerip"",""khinsider_album_match_score"":100.0,""relevance_score_100"":100.0,""popularity_score_100"":41.76211598797836,""score_100"":76.70484639519134,""popularity_basis"":""BeatHit master-list game rank plus track position proxy""}"
410,Shadow-Cursed Lands (Rosymorn Monastery),Unknown credited artist,[],Baldur's Gate 3 (baldurs-gate-3-windows-gamerip-2023),,,"[""video game soundtrack""]","[""und""]",,,,Baldur's Gate 3,,,khinsider_track_prominence_proxy,41.76211598797836,score_0_100,,,,76.70484639519134,,,,https://downloads.khinsider.com/game-soundtracks/album/baldurs-gate-3-windows-gamerip-2023,2026-10-05,Track title is taken from KHInsider's soundtrack/gamerip album index. Popularity is an explicitly labelled proxy based on BeatHit game rank and track prominence.,"{""culture_category"":""video_game_music"",""video_game"":""Baldur's Gate 3"",""game_rank"":138,""game_association_kind"":""khinsider_game_soundtrack"",""khinsider_album_url"":""https://downloads.khinsider.com/game-soundtracks/album/baldurs-gate-3-windows-gamerip-2023"",""khinsider_album_title"":""Baldur's Gate 3 (baldurs-gate-3-windows-gamerip-2023)"",""khinsider_album_kind"":""official_or_gamerip"",""khinsider_album_match_score"":100.0,""relevance_score_100"":100.0,""popularity_score_100"":41.76211598797836,""score_100"":76.70484639519134,""popularity_basis"":""BeatHit master-list game rank plus track position proxy""}"
411,Temple of Shar,Unknown credited artist,[],Baldur's Gate 3 (baldurs-gate-3-windows-gamerip-2023),,,"[""video game soundtrack""]","[""und""]",,,,Baldur's Gate 3,,,khinsider_track_prominence_proxy,41.76211598797836,score_0_100,,,,76.70484639519134,,,,https://downloads.khinsider.com/game-soundtracks/album/baldurs-gate-3-windows-gamerip-2023,2026-10-05,Track title is taken from KHInsider's soundtrack/gamerip album index. Popularity is an explicitly labelled proxy based on BeatHit game rank and track prominence.,"{""culture_category"":""video_game_music"",""video_game"":""Baldur's Gate 3"",""game_rank"":138,""game_association_kind"":""khinsider_game_soundtrack"",""khinsider_album_url"":""https://downloads.khinsider.com/game-soundtracks/album/baldurs-gate-3-windows-gamerip-2023"",""khinsider_album_title"":""Baldur's Gate 3 (baldurs-gate-3-windows-gamerip-2023)"",""khinsider_album_kind"":""official_or_gamerip"",""khinsider_album_match_score"":100.0,""relevance_score_100"":100.0,""popularity_score_100"":41.76211598797836,""score_100"":76.70484639519134,""popularity_basis"":""BeatHit master-list game rank plus track position proxy""}"
412,I Want to Live,Unknown credited artist,[],Baldur's Gate 3 (baldurs-gate-3-windows-gamerip-2023),,,"[""video game soundtrack""]","[""und""]",,,,Baldur's Gate 3,,,khinsider_track_prominence_proxy,41.76211598797836,score_0_100,,,,76.70484639519134,,,,https://downloads.khinsider.com/game-soundtracks/album/baldurs-gate-3-windows-gamerip-2023,2026-10-05,Track title is taken from KHInsider's soundtrack/gamerip album index. Popularity is an explicitly labelled proxy based on BeatHit game rank and track prominence.,"{""culture_category"":""video_game_music"",""video_game"":""Baldur's Gate 3"",""game_rank"":138,""game_association_kind"":""khinsider_game_soundtrack"",""khinsider_album_url"":""https://downloads.khinsider.com/game-soundtracks/album/baldurs-gate-3-windows-gamerip-2023"",""khinsider_album_title"":""Baldur's Gate 3 (baldurs-gate-3-windows-gamerip-2023)"",""khinsider_album_kind"":""official_or_gamerip"",""khinsider_album_match_score"":100.0,""relevance_score_100"":100.0,""popularity_score_100"":41.76211598797836,""score_100"":76.70484639519134,""popularity_basis"":""BeatHit master-list game rank plus track position proxy""}"
413,I Want to Live (Instrumental),Unknown credited artist,[],Baldur's Gate 3 (baldurs-gate-3-windows-gamerip-2023),,,"[""video game soundtrack""]","[""und""]",,,,Baldur's Gate 3,,,khinsider_track_prominence_proxy,41.76211598797836,score_0_100,,,,76.70484639519134,,,,https://downloads.khinsider.com/game-soundtracks/album/baldurs-gate-3-windows-gamerip-2023,2026-10-05,Track title is taken from KHInsider's soundtrack/gamerip album index. Popularity is an explicitly labelled proxy based on BeatHit game rank and track prominence.,"{""culture_category"":""video_game_music"",""video_game"":""Baldur's Gate 3"",""game_rank"":138,""game_association_kind"":""khinsider_game_soundtrack"",""khinsider_album_url"":""https://downloads.khinsider.com/game-soundtracks/album/baldurs-gate-3-windows-gamerip-2023"",""khinsider_album_title"":""Baldur's Gate 3 (baldurs-gate-3-windows-gamerip-2023)"",""khinsider_album_kind"":""official_or_gamerip"",""khinsider_album_match_score"":100.0,""relevance_score_100"":100.0,""popularity_score_100"":41.76211598797836,""score_100"":76.70484639519134,""popularity_basis"":""BeatHit master-list game rank plus track position proxy""}"
414,Raphael's Theme,Unknown credited artist,[],Baldur's Gate 3 (baldurs-gate-3-windows-gamerip-2023),,,"[""video game soundtrack""]","[""und""]",,,,Baldur's Gate 3,,,khinsider_track_prominence_proxy,41.76211598797836,score_0_100,,,,76.70484639519134,,,,https://downloads.khinsider.com/game-soundtracks/album/baldurs-gate-3-windows-gamerip-2023,2026-10-05,Track title is taken from KHInsider's soundtrack/gamerip album index. Popularity is an explicitly labelled proxy based on BeatHit game rank and track prominence.,"{""culture_category"":""video_game_music"",""video_game"":""Baldur's Gate 3"",""game_rank"":138,""game_association_kind"":""khinsider_game_soundtrack"",""khinsider_album_url"":""https://downloads.khinsider.com/game-soundtracks/album/baldurs-gate-3-windows-gamerip-2023"",""khinsider_album_title"":""Baldur's Gate 3 (baldurs-gate-3-windows-gamerip-2023)"",""khinsider_album_kind"":""official_or_gamerip"",""khinsider_album_match_score"":100.0,""relevance_score_100"":100.0,""popularity_score_100"":41.76211598797836,""score_100"":76.70484639519134,""popularity_basis"":""BeatHit master-list game rank plus track position proxy""}"
415,Freedom Flight,Unknown credited artist,[],Baldur's Gate 3 (baldurs-gate-3-windows-gamerip-2023),,,"[""video game soundtrack""]","[""und""]",,,,Baldur's Gate 3,,,khinsider_track_prominence_proxy,41.76211598797836,score_0_100,,,,76.70484639519134,,,,https://downloads.khinsider.com/game-soundtracks/album/baldurs-gate-3-windows-gamerip-2023,2026-10-05,Track title is taken from KHInsider's soundtrack/gamerip album index. Popularity is an explicitly labelled proxy based on BeatHit game rank and track prominence.,"{""culture_category"":""video_game_music"",""video_game"":""Baldur's Gate 3"",""game_rank"":138,""game_association_kind"":""khinsider_game_soundtrack"",""khinsider_album_url"":""https://downloads.khinsider.com/game-soundtracks/album/baldurs-gate-3-windows-gamerip-2023"",""khinsider_album_title"":""Baldur's Gate 3 (baldurs-gate-3-windows-gamerip-2023)"",""khinsider_album_kind"":""official_or_gamerip"",""khinsider_album_match_score"":100.0,""relevance_score_100"":100.0,""popularity_score_100"":41.76211598797836,""score_100"":76.70484639519134,""popularity_basis"":""BeatHit master-list game rank plus track position proxy""}"
416,Nautiloid Ship,Unknown credited artist,[],Baldur's Gate 3 (baldurs-gate-3-windows-gamerip-2023),,,"[""video game soundtrack""]","[""und""]",,,,Baldur's Gate 3,,,khinsider_track_prominence_proxy,41.76211598797836,score_0_100,,,,76.70484639519134,,,,https://downloads.khinsider.com/game-soundtracks/album/baldurs-gate-3-windows-gamerip-2023,2026-10-05,Track title is taken from KHInsider's soundtrack/gamerip album index. Popularity is an explicitly labelled proxy based on BeatHit game rank and track prominence.,"{""culture_category"":""video_game_music"",""video_game"":""Baldur's Gate 3"",""game_rank"":138,""game_association_kind"":""khinsider_game_soundtrack"",""khinsider_album_url"":""https://downloads.khinsider.com/game-soundtracks/album/baldurs-gate-3-windows-gamerip-2023"",""khinsider_album_title"":""Baldur's Gate 3 (baldurs-gate-3-windows-gamerip-2023)"",""khinsider_album_kind"":""official_or_gamerip"",""khinsider_album_match_score"":100.0,""relevance_score_100"":100.0,""popularity_score_100"":41.76211598797836,""score_100"":76.70484639519134,""popularity_basis"":""BeatHit master-list game rank plus track position proxy""}"
417,684360956,Unknown credited artist,[],Baldur's Gate 3 (baldurs-gate-3-windows-gamerip-2023),,,"[""video game soundtrack""]","[""und""]",,,,Baldur's Gate 3,,,khinsider_track_prominence_proxy,41.76211598797836,score_0_100,,,,76.70484639519134,,,,https://downloads.khinsider.com/game-soundtracks/album/baldurs-gate-3-windows-gamerip-2023,2026-10-05,Track title is taken from KHInsider's soundtrack/gamerip album index. Popularity is an explicitly labelled proxy based on BeatHit game rank and track prominence.,"{""culture_category"":""video_game_music"",""video_game"":""Baldur's Gate 3"",""game_rank"":138,""game_association_kind"":""khinsider_game_soundtrack"",""khinsider_album_url"":""https://downloads.khinsider.com/game-soundtracks/album/baldurs-gate-3-windows-gamerip-2023"",""khinsider_album_title"":""Baldur's Gate 3 (baldurs-gate-3-windows-gamerip-2023)"",""khinsider_album_kind"":""official_or_gamerip"",""khinsider_album_match_score"":100.0,""relevance_score_100"":100.0,""popularity_score_100"":41.76211598797836,""score_100"":76.70484639519134,""popularity_basis"":""BeatHit master-list game rank plus track position proxy""}"
418,685652932,Unknown credited artist,[],Baldur's Gate 3 (baldurs-gate-3-windows-gamerip-2023),,,"[""video game soundtrack""]","[""und""]",,,,Baldur's Gate 3,,,khinsider_track_prominence_proxy,41.76211598797836,score_0_100,,,,76.70484639519134,,,,https://downloads.khinsider.com/game-soundtracks/album/baldurs-gate-3-windows-gamerip-2023,2026-10-05,Track title is taken from KHInsider's soundtrack/gamerip album index. Popularity is an explicitly labelled proxy based on BeatHit game rank and track prominence.,"{""culture_category"":""video_game_music"",""video_game"":""Baldur's Gate 3"",""game_rank"":138,""game_association_kind"":""khinsider_game_soundtrack"",""khinsider_album_url"":""https://downloads.khinsider.com/game-soundtracks/album/baldurs-gate-3-windows-gamerip-2023"",""khinsider_album_title"":""Baldur's Gate 3 (baldurs-gate-3-windows-gamerip-2023)"",""khinsider_album_kind"":""official_or_gamerip"",""khinsider_album_match_score"":100.0,""relevance_score_100"":100.0,""popularity_score_100"":41.76211598797836,""score_100"":76.70484639519134,""popularity_basis"":""BeatHit master-list game rank plus track position proxy""}"
419,687534030,Unknown credited artist,[],Baldur's Gate 3 (baldurs-gate-3-windows-gamerip-2023),,,"[""video game soundtrack""]","[""und""]",,,,Baldur's Gate 3,,,khinsider_track_prominence_proxy,41.76211598797836,score_0_100,,,,76.70484639519134,,,,https://downloads.khinsider.com/game-soundtracks/album/baldurs-gate-3-windows-gamerip-2023,2026-10-05,Track title is taken from KHInsider's soundtrack/gamerip album index. Popularity is an explicitly labelled proxy based on BeatHit game rank and track prominence.,"{""culture_category"":""video_game_music"",""video_game"":""Baldur's Gate 3"",""game_rank"":138,""game_association_kind"":""khinsider_game_soundtrack"",""khinsider_album_url"":""https://downloads.khinsider.com/game-soundtracks/album/baldurs-gate-3-windows-gamerip-2023"",""khinsider_album_title"":""Baldur's Gate 3 (baldurs-gate-3-windows-gamerip-2023)"",""khinsider_album_kind"":""official_or_gamerip"",""khinsider_album_match_score"":100.0,""relevance_score_100"":100.0,""popularity_score_100"":41.76211598797836,""score_100"":76.70484639519134,""popularity_basis"":""BeatHit master-list game rank plus track position proxy""}"
420,692401804,Unknown credited artist,[],Baldur's Gate 3 (baldurs-gate-3-windows-gamerip-2023),,,"[""video game soundtrack""]","[""und""]",,,,Baldur's Gate 3,,,khinsider_track_prominence_proxy,41.76211598797836,score_0_100,,,,76.70484639519134,,,,https://downloads.khinsider.com/game-soundtracks/album/baldurs-gate-3-windows-gamerip-2023,2026-10-05,Track title is taken from KHInsider's soundtrack/gamerip album index. Popularity is an explicitly labelled proxy based on BeatHit game rank and track prominence.,"{""culture_category"":""video_game_music"",""video_game"":""Baldur's Gate 3"",""game_rank"":138,""game_association_kind"":""khinsider_game_soundtrack"",""khinsider_album_url"":""https://downloads.khinsider.com/game-soundtracks/album/baldurs-gate-3-windows-gamerip-2023"",""khinsider_album_title"":""Baldur's Gate 3 (baldurs-gate-3-windows-gamerip-2023)"",""khinsider_album_kind"":""official_or_gamerip"",""khinsider_album_match_score"":100.0,""relevance_score_100"":100.0,""popularity_score_100"":41.76211598797836,""score_100"":76.70484639519134,""popularity_basis"":""BeatHit master-list game rank plus track position proxy""}"
421,694906907,Unknown credited artist,[],Baldur's Gate 3 (baldurs-gate-3-windows-gamerip-2023),,,"[""video game soundtrack""]","[""und""]",,,,Baldur's Gate 3,,,khinsider_track_prominence_proxy,41.76211598797836,score_0_100,,,,76.70484639519134,,,,https://downloads.khinsider.com/game-soundtracks/album/baldurs-gate-3-windows-gamerip-2023,2026-10-05,Track title is taken from KHInsider's soundtrack/gamerip album index. Popularity is an explicitly labelled proxy based on BeatHit game rank and track prominence.,"{""culture_category"":""video_game_music"",""video_game"":""Baldur's Gate 3"",""game_rank"":138,""game_association_kind"":""khinsider_game_soundtrack"",""khinsider_album_url"":""https://downloads.khinsider.com/game-soundtracks/album/baldurs-gate-3-windows-gamerip-2023"",""khinsider_album_title"":""Baldur's Gate 3 (baldurs-gate-3-windows-gamerip-2023)"",""khinsider_album_kind"":""official_or_gamerip"",""khinsider_album_match_score"":100.0,""relevance_score_100"":100.0,""popularity_score_100"":41.76211598797836,""score_100"":76.70484639519134,""popularity_basis"":""BeatHit master-list game rank plus track position proxy""}"
422,Gortash's Audience,Unknown credited artist,[],Baldur's Gate 3 (baldurs-gate-3-windows-gamerip-2023),,,"[""video game soundtrack""]","[""und""]",,,,Baldur's Gate 3,,,khinsider_track_prominence_proxy,41.76211598797836,score_0_100,,,,76.70484639519134,,,,https://downloads.khinsider.com/game-soundtracks/album/baldurs-gate-3-windows-gamerip-2023,2026-10-05,Track title is taken from KHInsider's soundtrack/gamerip album index. Popularity is an explicitly labelled proxy based on BeatHit game rank and track prominence.,"{""culture_category"":""video_game_music"",""video_game"":""Baldur's Gate 3"",""game_rank"":138,""game_association_kind"":""khinsider_game_soundtrack"",""khinsider_album_url"":""https://downloads.khinsider.com/game-soundtracks/album/baldurs-gate-3-windows-gamerip-2023"",""khinsider_album_title"":""Baldur's Gate 3 (baldurs-gate-3-windows-gamerip-2023)"",""khinsider_album_kind"":""official_or_gamerip"",""khinsider_album_match_score"":100.0,""relevance_score_100"":100.0,""popularity_score_100"":41.76211598797836,""score_100"":76.70484639519134,""popularity_basis"":""BeatHit master-list game rank plus track position proxy""}"
423,Gortash's Audience (Short),Unknown credited artist,[],Baldur's Gate 3 (baldurs-gate-3-windows-gamerip-2023),,,"[""video game soundtrack""]","[""und""]",,,,Baldur's Gate 3,,,khinsider_track_prominence_proxy,41.76211598797836,score_0_100,,,,76.70484639519134,,,,https://downloads.khinsider.com/game-soundtracks/album/baldurs-gate-3-windows-gamerip-2023,2026-10-05,Track title is taken from KHInsider's soundtrack/gamerip album index. Popularity is an explicitly labelled proxy based on BeatHit game rank and track prominence.,"{""culture_category"":""video_game_music"",""video_game"":""Baldur's Gate 3"",""game_rank"":138,""game_association_kind"":""khinsider_game_soundtrack"",""khinsider_album_url"":""https://downloads.khinsider.com/game-soundtracks/album/baldurs-gate-3-windows-gamerip-2023"",""khinsider_album_title"":""Baldur's Gate 3 (baldurs-gate-3-windows-gamerip-2023)"",""khinsider_album_kind"":""official_or_gamerip"",""khinsider_album_match_score"":100.0,""relevance_score_100"":100.0,""popularity_score_100"":41.76211598797836,""score_100"":76.70484639519134,""popularity_basis"":""BeatHit master-list game rank plus track position proxy""}"
424,"Grym Boss Battle, Adamantine Forge (Ally Down)",Unknown credited artist,[],Baldur's Gate 3 (baldurs-gate-3-windows-gamerip-2023),,,"[""video game soundtrack""]","[""und""]",,,,Baldur's Gate 3,,,khinsider_track_prominence_proxy,41.76211598797836,score_0_100,,,,76.70484639519134,,,,https://downloads.khinsider.com/game-soundtracks/album/baldurs-gate-3-windows-gamerip-2023,2026-10-05,Track title is taken from KHInsider's soundtrack/gamerip album index. Popularity is an explicitly labelled proxy based on BeatHit game rank and track prominence.,"{""culture_category"":""video_game_music"",""video_game"":""Baldur's Gate 3"",""game_rank"":138,""game_association_kind"":""khinsider_game_soundtrack"",""khinsider_album_url"":""https://downloads.khinsider.com/game-soundtracks/album/baldurs-gate-3-windows-gamerip-2023"",""khinsider_album_title"":""Baldur's Gate 3 (baldurs-gate-3-windows-gamerip-2023)"",""khinsider_album_kind"":""official_or_gamerip"",""khinsider_album_match_score"":100.0,""relevance_score_100"":100.0,""popularity_score_100"":41.76211598797836,""score_100"":76.70484639519134,""popularity_basis"":""BeatHit master-list game rank plus track position proxy""}"
425,Steel Watch Foundry (Act III),Unknown credited artist,[],Baldur's Gate 3 (baldurs-gate-3-windows-gamerip-2023),,,"[""video game soundtrack""]","[""und""]",,,,Baldur's Gate 3,,,khinsider_track_prominence_proxy,41.76211598797836,score_0_100,,,,76.70484639519134,,,,https://downloads.khinsider.com/game-soundtracks/album/baldurs-gate-3-windows-gamerip-2023,2026-10-05,Track title is taken from KHInsider's soundtrack/gamerip album index. Popularity is an explicitly labelled proxy based on BeatHit game rank and track prominence.,"{""culture_category"":""video_game_music"",""video_game"":""Baldur's Gate 3"",""game_rank"":138,""game_association_kind"":""khinsider_game_soundtrack"",""khinsider_album_url"":""https://downloads.khinsider.com/game-soundtracks/album/baldurs-gate-3-windows-gamerip-2023"",""khinsider_album_title"":""Baldur's Gate 3 (baldurs-gate-3-windows-gamerip-2023)"",""khinsider_album_kind"":""official_or_gamerip"",""khinsider_album_match_score"":100.0,""relevance_score_100"":100.0,""popularity_score_100"":41.76211598797836,""score_100"":76.70484639519134,""popularity_basis"":""BeatHit master-list game rank plus track position proxy""}"
426,704578401,Unknown credited artist,[],Baldur's Gate 3 (baldurs-gate-3-windows-gamerip-2023),,,"[""video game soundtrack""]","[""und""]",,,,Baldur's Gate 3,,,khinsider_track_prominence_proxy,41.76211598797836,score_0_100,,,,76.70484639519134,,,,https://downloads.khinsider.com/game-soundtracks/album/baldurs-gate-3-windows-gamerip-2023,2026-10-05,Track title is taken from KHInsider's soundtrack/gamerip album index. Popularity is an explicitly labelled proxy based on BeatHit game rank and track prominence.,"{""culture_category"":""video_game_music"",""video_game"":""Baldur's Gate 3"",""game_rank"":138,""game_association_kind"":""khinsider_game_soundtrack"",""khinsider_album_url"":""https://downloads.khinsider.com/game-soundtracks/album/baldurs-gate-3-windows-gamerip-2023"",""khinsider_album_title"":""Baldur's Gate 3 (baldurs-gate-3-windows-gamerip-2023)"",""khinsider_album_kind"":""official_or_gamerip"",""khinsider_album_match_score"":100.0,""relevance_score_100"":100.0,""popularity_score_100"":41.76211598797836,""score_100"":76.70484639519134,""popularity_basis"":""BeatHit master-list game rank plus track position proxy""}"
427,Confronting the Netherbrain,Unknown credited artist,[],Baldur's Gate 3 (baldurs-gate-3-windows-gamerip-2023),,,"[""video game soundtrack""]","[""und""]",,,,Baldur's Gate 3,,,khinsider_track_prominence_proxy,41.76211598797836,score_0_100,,,,76.70484639519134,,,,https://downloads.khinsider.com/game-soundtracks/album/baldurs-gate-3-windows-gamerip-2023,2026-10-05,Track title is taken from KHInsider's soundtrack/gamerip album index. Popularity is an explicitly labelled proxy based on BeatHit game rank and track prominence.,"{""culture_category"":""video_game_music"",""video_game"":""Baldur's Gate 3"",""game_rank"":138,""game_association_kind"":""khinsider_game_soundtrack"",""khinsider_album_url"":""https://downloads.khinsider.com/game-soundtracks/album/baldurs-gate-3-windows-gamerip-2023"",""khinsider_album_title"":""Baldur's Gate 3 (baldurs-gate-3-windows-gamerip-2023)"",""khinsider_album_kind"":""official_or_gamerip"",""khinsider_album_match_score"":100.0,""relevance_score_100"":100.0,""popularity_score_100"":41.76211598797836,""score_100"":76.70484639519134,""popularity_basis"":""BeatHit master-list game rank plus track position proxy""}"
428,709123485,Unknown credited artist,[],Baldur's Gate 3 (baldurs-gate-3-windows-gamerip-2023),,,"[""video game soundtrack""]","[""und""]",,,,Baldur's Gate 3,,,khinsider_track_prominence_proxy,41.76211598797836,score_0_100,,,,76.70484639519134,,,,https://downloads.khinsider.com/game-soundtracks/album/baldurs-gate-3-windows-gamerip-2023,2026-10-05,Track title is taken from KHInsider's soundtrack/gamerip album index. Popularity is an explicitly labelled proxy based on BeatHit game rank and track prominence.,"{""culture_category"":""video_game_music"",""video_game"":""Baldur's Gate 3"",""game_rank"":138,""game_association_kind"":""khinsider_game_soundtrack"",""khinsider_album_url"":""https://downloads.khinsider.com/game-soundtracks/album/baldurs-gate-3-windows-gamerip-2023"",""khinsider_album_title"":""Baldur's Gate 3 (baldurs-gate-3-windows-gamerip-2023)"",""khinsider_album_kind"":""official_or_gamerip"",""khinsider_album_match_score"":100.0,""relevance_score_100"":100.0,""popularity_score_100"":41.76211598797836,""score_100"":76.70484639519134,""popularity_basis"":""BeatHit master-list game rank plus track position proxy""}"
429,The Queen's High Seas (Drums),Unknown credited artist,[],Baldur's Gate 3 (baldurs-gate-3-windows-gamerip-2023),,,"[""video game soundtrack""]","[""und""]",,,,Baldur's Gate 3,,,khinsider_track_prominence_proxy,41.76211598797836,score_0_100,,,,76.70484639519134,,,,https://downloads.khinsider.com/game-soundtracks/album/baldurs-gate-3-windows-gamerip-2023,2026-10-05,Track title is taken from KHInsider's soundtrack/gamerip album index. Popularity is an explicitly labelled proxy based on BeatHit game rank and track prominence.,"{""culture_category"":""video_game_music"",""video_game"":""Baldur's Gate 3"",""game_rank"":138,""game_association_kind"":""khinsider_game_soundtrack"",""khinsider_album_url"":""https://downloads.khinsider.com/game-soundtracks/album/baldurs-gate-3-windows-gamerip-2023"",""khinsider_album_title"":""Baldur's Gate 3 (baldurs-gate-3-windows-gamerip-2023)"",""khinsider_album_kind"":""official_or_gamerip"",""khinsider_album_match_score"":100.0,""relevance_score_100"":100.0,""popularity_score_100"":41.76211598797836,""score_100"":76.70484639519134,""popularity_basis"":""BeatHit master-list game rank plus track position proxy""}"
430,"Wash my Pain Away, Streets",Unknown credited artist,[],Baldur's Gate 3 (baldurs-gate-3-windows-gamerip-2023),,,"[""video game soundtrack""]","[""und""]",,,,Baldur's Gate 3,,,khinsider_track_prominence_proxy,41.76211598797836,score_0_100,,,,76.70484639519134,,,,https://downloads.khinsider.com/game-soundtracks/album/baldurs-gate-3-windows-gamerip-2023,2026-10-05,Track title is taken from KHInsider's soundtrack/gamerip album index. Popularity is an explicitly labelled proxy based on BeatHit game rank and track prominence.,"{""culture_category"":""video_game_music"",""video_game"":""Baldur's Gate 3"",""game_rank"":138,""game_association_kind"":""khinsider_game_soundtrack"",""khinsider_album_url"":""https://downloads.khinsider.com/game-soundtracks/album/baldurs-gate-3-windows-gamerip-2023"",""khinsider_album_title"":""Baldur's Gate 3 (baldurs-gate-3-windows-gamerip-2023)"",""khinsider_album_kind"":""official_or_gamerip"",""khinsider_album_match_score"":100.0,""relevance_score_100"":100.0,""popularity_score_100"":41.76211598797836,""score_100"":76.70484639519134,""popularity_basis"":""BeatHit master-list game rank plus track position proxy""}"
431,"Coronation of Enver Gortash, Black Hand of Bane",Unknown credited artist,[],Baldur's Gate 3 (baldurs-gate-3-windows-gamerip-2023),,,"[""video game soundtrack""]","[""und""]",,,,Baldur's Gate 3,,,khinsider_track_prominence_proxy,41.76211598797836,score_0_100,,,,76.70484639519134,,,,https://downloads.khinsider.com/game-soundtracks/album/baldurs-gate-3-windows-gamerip-2023,2026-10-05,Track title is taken from KHInsider's soundtrack/gamerip album index. Popularity is an explicitly labelled proxy based on BeatHit game rank and track prominence.,"{""culture_category"":""video_game_music"",""video_game"":""Baldur's Gate 3"",""game_rank"":138,""game_association_kind"":""khinsider_game_soundtrack"",""khinsider_album_url"":""https://downloads.khinsider.com/game-soundtracks/album/baldurs-gate-3-windows-gamerip-2023"",""khinsider_album_title"":""Baldur's Gate 3 (baldurs-gate-3-windows-gamerip-2023)"",""khinsider_album_kind"":""official_or_gamerip"",""khinsider_album_match_score"":100.0,""relevance_score_100"":100.0,""popularity_score_100"":41.76211598797836,""score_100"":76.70484639519134,""popularity_basis"":""BeatHit master-list game rank plus track position proxy""}"
432,Goblin Camp (Ally Down),Unknown credited artist,[],Baldur's Gate 3 (baldurs-gate-3-windows-gamerip-2023),,,"[""video game soundtrack""]","[""und""]",,,,Baldur's Gate 3,,,khinsider_track_prominence_proxy,41.76211598797836,score_0_100,,,,76.70484639519134,,,,https://downloads.khinsider.com/game-soundtracks/album/baldurs-gate-3-windows-gamerip-2023,2026-10-05,Track title is taken from KHInsider's soundtrack/gamerip album index. Popularity is an explicitly labelled proxy based on BeatHit game rank and track prominence.,"{""culture_category"":""video_game_music"",""video_game"":""Baldur's Gate 3"",""game_rank"":138,""game_association_kind"":""khinsider_game_soundtrack"",""khinsider_album_url"":""https://downloads.khinsider.com/game-soundtracks/album/baldurs-gate-3-windows-gamerip-2023"",""khinsider_album_title"":""Baldur's Gate 3 (baldurs-gate-3-windows-gamerip-2023)"",""khinsider_album_kind"":""official_or_gamerip"",""khinsider_album_match_score"":100.0,""relevance_score_100"":100.0,""popularity_score_100"":41.76211598797836,""score_100"":76.70484639519134,""popularity_basis"":""BeatHit master-list game rank plus track position proxy""}"
433,726319775,Unknown credited artist,[],Baldur's Gate 3 (baldurs-gate-3-windows-gamerip-2023),,,"[""video game soundtrack""]","[""und""]",,,,Baldur's Gate 3,,,khinsider_track_prominence_proxy,41.76211598797836,score_0_100,,,,76.70484639519134,,,,https://downloads.khinsider.com/game-soundtracks/album/baldurs-gate-3-windows-gamerip-2023,2026-10-05,Track title is taken from KHInsider's soundtrack/gamerip album index. Popularity is an explicitly labelled proxy based on BeatHit game rank and track prominence.,"{""culture_category"":""video_game_music"",""video_game"":""Baldur's Gate 3"",""game_rank"":138,""game_association_kind"":""khinsider_game_soundtrack"",""khinsider_album_url"":""https://downloads.khinsider.com/game-soundtracks/album/baldurs-gate-3-windows-gamerip-2023"",""khinsider_album_title"":""Baldur's Gate 3 (baldurs-gate-3-windows-gamerip-2023)"",""khinsider_album_kind"":""official_or_gamerip"",""khinsider_album_match_score"":100.0,""relevance_score_100"":100.0,""popularity_score_100"":41.76211598797836,""score_100"":76.70484639519134,""popularity_basis"":""BeatHit master-list game rank plus track position proxy""}"
434,Rivington (Short),Unknown credited artist,[],Baldur's Gate 3 (baldurs-gate-3-windows-gamerip-2023),,,"[""video game soundtrack""]","[""und""]",,,,Baldur's Gate 3,,,khinsider_track_prominence_proxy,41.76211598797836,score_0_100,,,,76.70484639519134,,,,https://downloads.khinsider.com/game-soundtracks/album/baldurs-gate-3-windows-gamerip-2023,2026-10-05,Track title is taken from KHInsider's soundtrack/gamerip album index. Popularity is an explicitly labelled proxy based on BeatHit game rank and track prominence.,"{""culture_category"":""video_game_music"",""video_game"":""Baldur's Gate 3"",""game_rank"":138,""game_association_kind"":""khinsider_game_soundtrack"",""khinsider_album_url"":""https://downloads.khinsider.com/game-soundtracks/album/baldurs-gate-3-windows-gamerip-2023"",""khinsider_album_title"":""Baldur's Gate 3 (baldurs-gate-3-windows-gamerip-2023)"",""khinsider_album_kind"":""official_or_gamerip"",""khinsider_album_match_score"":100.0,""relevance_score_100"":100.0,""popularity_score_100"":41.76211598797836,""score_100"":76.70484639519134,""popularity_basis"":""BeatHit master-list game rank plus track position proxy""}"
435,"Grym Boss Battle, Adamantine Forge",Unknown credited artist,[],Baldur's Gate 3 (baldurs-gate-3-windows-gamerip-2023),,,"[""video game soundtrack""]","[""und""]",,,,Baldur's Gate 3,,,khinsider_track_prominence_proxy,41.76211598797836,score_0_100,,,,76.70484639519134,,,,https://downloads.khinsider.com/game-soundtracks/album/baldurs-gate-3-windows-gamerip-2023,2026-10-05,Track title is taken from KHInsider's soundtrack/gamerip album index. Popularity is an explicitly labelled proxy based on BeatHit game rank and track prominence.,"{""culture_category"":""video_game_music"",""video_game"":""Baldur's Gate 3"",""game_rank"":138,""game_association_kind"":""khinsider_game_soundtrack"",""khinsider_album_url"":""https://downloads.khinsider.com/game-soundtracks/album/baldurs-gate-3-windows-gamerip-2023"",""khinsider_album_title"":""Baldur's Gate 3 (baldurs-gate-3-windows-gamerip-2023)"",""khinsider_album_kind"":""official_or_gamerip"",""khinsider_album_match_score"":100.0,""relevance_score_100"":100.0,""popularity_score_100"":41.76211598797836,""score_100"":76.70484639519134,""popularity_basis"":""BeatHit master-list game rank plus track position proxy""}"
436,731598410,Unknown credited artist,[],Baldur's Gate 3 (baldurs-gate-3-windows-gamerip-2023),,,"[""video game soundtrack""]","[""und""]",,,,Baldur's Gate 3,,,khinsider_track_prominence_proxy,41.76211598797836,score_0_100,,,,76.70484639519134,,,,https://downloads.khinsider.com/game-soundtracks/album/baldurs-gate-3-windows-gamerip-2023,2026-10-05,Track title is taken from KHInsider's soundtrack/gamerip album index. Popularity is an explicitly labelled proxy based on BeatHit game rank and track prominence.,"{""culture_category"":""video_game_music"",""video_game"":""Baldur's Gate 3"",""game_rank"":138,""game_association_kind"":""khinsider_game_soundtrack"",""khinsider_album_url"":""https://downloads.khinsider.com/game-soundtracks/album/baldurs-gate-3-windows-gamerip-2023"",""khinsider_album_title"":""Baldur's Gate 3 (baldurs-gate-3-windows-gamerip-2023)"",""khinsider_album_kind"":""official_or_gamerip"",""khinsider_album_match_score"":100.0,""relevance_score_100"":100.0,""popularity_score_100"":41.76211598797836,""score_100"":76.70484639519134,""popularity_basis"":""BeatHit master-list game rank plus track position proxy""}"
437,734606067,Unknown credited artist,[],Baldur's Gate 3 (baldurs-gate-3-windows-gamerip-2023),,,"[""video game soundtrack""]","[""und""]",,,,Baldur's Gate 3,,,khinsider_track_prominence_proxy,41.76211598797836,score_0_100,,,,76.70484639519134,,,,https://downloads.khinsider.com/game-soundtracks/album/baldurs-gate-3-windows-gamerip-2023,2026-10-05,Track title is taken from KHInsider's soundtrack/gamerip album index. Popularity is an explicitly labelled proxy based on BeatHit game rank and track prominence.,"{""culture_category"":""video_game_music"",""video_game"":""Baldur's Gate 3"",""game_rank"":138,""game_association_kind"":""khinsider_game_soundtrack"",""khinsider_album_url"":""https://downloads.khinsider.com/game-soundtracks/album/baldurs-gate-3-windows-gamerip-2023"",""khinsider_album_title"":""Baldur's Gate 3 (baldurs-gate-3-windows-gamerip-2023)"",""khinsider_album_kind"":""official_or_gamerip"",""khinsider_album_match_score"":100.0,""relevance_score_100"":100.0,""popularity_score_100"":41.76211598797836,""score_100"":76.70484639519134,""popularity_basis"":""BeatHit master-list game rank plus track position proxy""}"
438,Sing for Me (Flute),Unknown credited artist,[],Baldur's Gate 3 (baldurs-gate-3-windows-gamerip-2023),,,"[""video game soundtrack""]","[""und""]",,,,Baldur's Gate 3,,,khinsider_track_prominence_proxy,41.76211598797836,score_0_100,,,,76.70484639519134,,,,https://downloads.khinsider.com/game-soundtracks/album/baldurs-gate-3-windows-gamerip-2023,2026-10-05,Track title is taken from KHInsider's soundtrack/gamerip album index. Popularity is an explicitly labelled proxy based on BeatHit game rank and track prominence.,"{""culture_category"":""video_game_music"",""video_game"":""Baldur's Gate 3"",""game_rank"":138,""game_association_kind"":""khinsider_game_soundtrack"",""khinsider_album_url"":""https://downloads.khinsider.com/game-soundtracks/album/baldurs-gate-3-windows-gamerip-2023"",""khinsider_album_title"":""Baldur's Gate 3 (baldurs-gate-3-windows-gamerip-2023)"",""khinsider_album_kind"":""official_or_gamerip"",""khinsider_album_match_score"":100.0,""relevance_score_100"":100.0,""popularity_score_100"":41.76211598797836,""score_100"":76.70484639519134,""popularity_basis"":""BeatHit master-list game rank plus track position proxy""}"
439,Bhaalist Crypt,Unknown credited artist,[],Baldur's Gate 3 (baldurs-gate-3-windows-gamerip-2023),,,"[""video game soundtrack""]","[""und""]",,,,Baldur's Gate 3,,,khinsider_track_prominence_proxy,41.76211598797836,score_0_100,,,,76.70484639519134,,,,https://downloads.khinsider.com/game-soundtracks/album/baldurs-gate-3-windows-gamerip-2023,2026-10-05,Track title is taken from KHInsider's soundtrack/gamerip album index. Popularity is an explicitly labelled proxy based on BeatHit game rank and track prominence.,"{""culture_category"":""video_game_music"",""video_game"":""Baldur's Gate 3"",""game_rank"":138,""game_association_kind"":""khinsider_game_soundtrack"",""khinsider_album_url"":""https://downloads.khinsider.com/game-soundtracks/album/baldurs-gate-3-windows-gamerip-2023"",""khinsider_album_title"":""Baldur's Gate 3 (baldurs-gate-3-windows-gamerip-2023)"",""khinsider_album_kind"":""official_or_gamerip"",""khinsider_album_match_score"":100.0,""relevance_score_100"":100.0,""popularity_score_100"":41.76211598797836,""score_100"":76.70484639519134,""popularity_basis"":""BeatHit master-list game rank plus track position proxy""}"
440,Githyanki Honor Guard Battle (Astral Prism),Unknown credited artist,[],Baldur's Gate 3 (baldurs-gate-3-windows-gamerip-2023),,,"[""video game soundtrack""]","[""und""]",,,,Baldur's Gate 3,,,khinsider_track_prominence_proxy,41.76211598797836,score_0_100,,,,76.70484639519134,,,,https://downloads.khinsider.com/game-soundtracks/album/baldurs-gate-3-windows-gamerip-2023,2026-10-05,Track title is taken from KHInsider's soundtrack/gamerip album index. Popularity is an explicitly labelled proxy based on BeatHit game rank and track prominence.,"{""culture_category"":""video_game_music"",""video_game"":""Baldur's Gate 3"",""game_rank"":138,""game_association_kind"":""khinsider_game_soundtrack"",""khinsider_album_url"":""https://downloads.khinsider.com/game-soundtracks/album/baldurs-gate-3-windows-gamerip-2023"",""khinsider_album_title"":""Baldur's Gate 3 (baldurs-gate-3-windows-gamerip-2023)"",""khinsider_album_kind"":""official_or_gamerip"",""khinsider_album_match_score"":100.0,""relevance_score_100"":100.0,""popularity_score_100"":41.76211598797836,""score_100"":76.70484639519134,""popularity_basis"":""BeatHit master-list game rank plus track position proxy""}"
441,Mind Flayer Colony,Unknown credited artist,[],Baldur's Gate 3 (baldurs-gate-3-windows-gamerip-2023),,,"[""video game soundtrack""]","[""und""]",,,,Baldur's Gate 3,,,khinsider_track_prominence_proxy,41.76211598797836,score_0_100,,,,76.70484639519134,,,,https://downloads.khinsider.com/game-soundtracks/album/baldurs-gate-3-windows-gamerip-2023,2026-10-05,Track title is taken from KHInsider's soundtrack/gamerip album index. Popularity is an explicitly labelled proxy based on BeatHit game rank and track prominence.,"{""culture_category"":""video_game_music"",""video_game"":""Baldur's Gate 3"",""game_rank"":138,""game_association_kind"":""khinsider_game_soundtrack"",""khinsider_album_url"":""https://downloads.khinsider.com/game-soundtracks/album/baldurs-gate-3-windows-gamerip-2023"",""khinsider_album_title"":""Baldur's Gate 3 (baldurs-gate-3-windows-gamerip-2023)"",""khinsider_album_kind"":""official_or_gamerip"",""khinsider_album_match_score"":100.0,""relevance_score_100"":100.0,""popularity_score_100"":41.76211598797836,""score_100"":76.70484639519134,""popularity_basis"":""BeatHit master-list game rank plus track position proxy""}"
442,Campside,Unknown credited artist,[],Baldur's Gate 3 (baldurs-gate-3-windows-gamerip-2023),,,"[""video game soundtrack""]","[""und""]",,,,Baldur's Gate 3,,,khinsider_track_prominence_proxy,41.76211598797836,score_0_100,,,,76.70484639519134,,,,https://downloads.khinsider.com/game-soundtracks/album/baldurs-gate-3-windows-gamerip-2023,2026-10-05,Track title is taken from KHInsider's soundtrack/gamerip album index. Popularity is an explicitly labelled proxy based on BeatHit game rank and track prominence.,"{""culture_category"":""video_game_music"",""video_game"":""Baldur's Gate 3"",""game_rank"":138,""game_association_kind"":""khinsider_game_soundtrack"",""khinsider_album_url"":""https://downloads.khinsider.com/game-soundtracks/album/baldurs-gate-3-windows-gamerip-2023"",""khinsider_album_title"":""Baldur's Gate 3 (baldurs-gate-3-windows-gamerip-2023)"",""khinsider_album_kind"":""official_or_gamerip"",""khinsider_album_match_score"":100.0,""relevance_score_100"":100.0,""popularity_score_100"":41.76211598797836,""score_100"":76.70484639519134,""popularity_basis"":""BeatHit master-list game rank plus track position proxy""}"
443,Raphael's Organ (Act I),Unknown credited artist,[],Baldur's Gate 3 (baldurs-gate-3-windows-gamerip-2023),,,"[""video game soundtrack""]","[""und""]",,,,Baldur's Gate 3,,,khinsider_track_prominence_proxy,41.76211598797836,score_0_100,,,,76.70484639519134,,,,https://downloads.khinsider.com/game-soundtracks/album/baldurs-gate-3-windows-gamerip-2023,2026-10-05,Track title is taken from KHInsider's soundtrack/gamerip album index. Popularity is an explicitly labelled proxy based on BeatHit game rank and track prominence.,"{""culture_category"":""video_game_music"",""video_game"":""Baldur's Gate 3"",""game_rank"":138,""game_association_kind"":""khinsider_game_soundtrack"",""khinsider_album_url"":""https://downloads.khinsider.com/game-soundtracks/album/baldurs-gate-3-windows-gamerip-2023"",""khinsider_album_title"":""Baldur's Gate 3 (baldurs-gate-3-windows-gamerip-2023)"",""khinsider_album_kind"":""official_or_gamerip"",""khinsider_album_match_score"":100.0,""relevance_score_100"":100.0,""popularity_score_100"":41.76211598797836,""score_100"":76.70484639519134,""popularity_basis"":""BeatHit master-list game rank plus track position proxy""}"
444,Song of Balduran (Alternative) (Emperor Theme),Unknown credited artist,[],Baldur's Gate 3 (baldurs-gate-3-windows-gamerip-2023),,,"[""video game soundtrack""]","[""und""]",,,,Baldur's Gate 3,,,khinsider_track_prominence_proxy,41.76211598797836,score_0_100,,,,76.70484639519134,,,,https://downloads.khinsider.com/game-soundtracks/album/baldurs-gate-3-windows-gamerip-2023,2026-10-05,Track title is taken from KHInsider's soundtrack/gamerip album index. Popularity is an explicitly labelled proxy based on BeatHit game rank and track prominence.,"{""culture_category"":""video_game_music"",""video_game"":""Baldur's Gate 3"",""game_rank"":138,""game_association_kind"":""khinsider_game_soundtrack"",""khinsider_album_url"":""https://downloads.khinsider.com/game-soundtracks/album/baldurs-gate-3-windows-gamerip-2023"",""khinsider_album_title"":""Baldur's Gate 3 (baldurs-gate-3-windows-gamerip-2023)"",""khinsider_album_kind"":""official_or_gamerip"",""khinsider_album_match_score"":100.0,""relevance_score_100"":100.0,""popularity_score_100"":41.76211598797836,""score_100"":76.70484639519134,""popularity_basis"":""BeatHit master-list game rank plus track position proxy""}"
445,754400024,Unknown credited artist,[],Baldur's Gate 3 (baldurs-gate-3-windows-gamerip-2023),,,"[""video game soundtrack""]","[""und""]",,,,Baldur's Gate 3,,,khinsider_track_prominence_proxy,41.76211598797836,score_0_100,,,,76.70484639519134,,,,https://downloads.khinsider.com/game-soundtracks/album/baldurs-gate-3-windows-gamerip-2023,2026-10-05,Track title is taken from KHInsider's soundtrack/gamerip album index. Popularity is an explicitly labelled proxy based on BeatHit game rank and track prominence.,"{""culture_category"":""video_game_music"",""video_game"":""Baldur's Gate 3"",""game_rank"":138,""game_association_kind"":""khinsider_game_soundtrack"",""khinsider_album_url"":""https://downloads.khinsider.com/game-soundtracks/album/baldurs-gate-3-windows-gamerip-2023"",""khinsider_album_title"":""Baldur's Gate 3 (baldurs-gate-3-windows-gamerip-2023)"",""khinsider_album_kind"":""official_or_gamerip"",""khinsider_album_match_score"":100.0,""relevance_score_100"":100.0,""popularity_score_100"":41.76211598797836,""score_100"":76.70484639519134,""popularity_basis"":""BeatHit master-list game rank plus track position proxy""}"
446,Lorroakan's Vault,Unknown credited artist,[],Baldur's Gate 3 (baldurs-gate-3-windows-gamerip-2023),,,"[""video game soundtrack""]","[""und""]",,,,Baldur's Gate 3,,,khinsider_track_prominence_proxy,41.76211598797836,score_0_100,,,,76.70484639519134,,,,https://downloads.khinsider.com/game-soundtracks/album/baldurs-gate-3-windows-gamerip-2023,2026-10-05,Track title is taken from KHInsider's soundtrack/gamerip album index. Popularity is an explicitly labelled proxy based on BeatHit game rank and track prominence.,"{""culture_category"":""video_game_music"",""video_game"":""Baldur's Gate 3"",""game_rank"":138,""game_association_kind"":""khinsider_game_soundtrack"",""khinsider_album_url"":""https://downloads.khinsider.com/game-soundtracks/album/baldurs-gate-3-windows-gamerip-2023"",""khinsider_album_title"":""Baldur's Gate 3 (baldurs-gate-3-windows-gamerip-2023)"",""khinsider_album_kind"":""official_or_gamerip"",""khinsider_album_match_score"":100.0,""relevance_score_100"":100.0,""popularity_score_100"":41.76211598797836,""score_100"":76.70484639519134,""popularity_basis"":""BeatHit master-list game rank plus track position proxy""}"
447,Grymforge (Alternative),Unknown credited artist,[],Baldur's Gate 3 (baldurs-gate-3-windows-gamerip-2023),,,"[""video game soundtrack""]","[""und""]",,,,Baldur's Gate 3,,,khinsider_track_prominence_proxy,41.76211598797836,score_0_100,,,,76.70484639519134,,,,https://downloads.khinsider.com/game-soundtracks/album/baldurs-gate-3-windows-gamerip-2023,2026-10-05,Track title is taken from KHInsider's soundtrack/gamerip album index. Popularity is an explicitly labelled proxy based on BeatHit game rank and track prominence.,"{""culture_category"":""video_game_music"",""video_game"":""Baldur's Gate 3"",""game_rank"":138,""game_association_kind"":""khinsider_game_soundtrack"",""khinsider_album_url"":""https://downloads.khinsider.com/game-soundtracks/album/baldurs-gate-3-windows-gamerip-2023"",""khinsider_album_title"":""Baldur's Gate 3 (baldurs-gate-3-windows-gamerip-2023)"",""khinsider_album_kind"":""official_or_gamerip"",""khinsider_album_match_score"":100.0,""relevance_score_100"":100.0,""popularity_score_100"":41.76211598797836,""score_100"":76.70484639519134,""popularity_basis"":""BeatHit master-list game rank plus track position proxy""}"
448,771692109,Unknown credited artist,[],Baldur's Gate 3 (baldurs-gate-3-windows-gamerip-2023),,,"[""video game soundtrack""]","[""und""]",,,,Baldur's Gate 3,,,khinsider_track_prominence_proxy,41.76211598797836,score_0_100,,,,76.70484639519134,,,,https://downloads.khinsider.com/game-soundtracks/album/baldurs-gate-3-windows-gamerip-2023,2026-10-05,Track title is taken from KHInsider's soundtrack/gamerip album index. Popularity is an explicitly labelled proxy based on BeatHit game rank and track prominence.,"{""culture_category"":""video_game_music"",""video_game"":""Baldur's Gate 3"",""game_rank"":138,""game_association_kind"":""khinsider_game_soundtrack"",""khinsider_album_url"":""https://downloads.khinsider.com/game-soundtracks/album/baldurs-gate-3-windows-gamerip-2023"",""khinsider_album_title"":""Baldur's Gate 3 (baldurs-gate-3-windows-gamerip-2023)"",""khinsider_album_kind"":""official_or_gamerip"",""khinsider_album_match_score"":100.0,""relevance_score_100"":100.0,""popularity_score_100"":41.76211598797836,""score_100"":76.70484639519134,""popularity_basis"":""BeatHit master-list game rank plus track position proxy""}"
449,The Underdark,Unknown credited artist,[],Baldur's Gate 3 (baldurs-gate-3-windows-gamerip-2023),,,"[""video game soundtrack""]","[""und""]",,,,Baldur's Gate 3,,,khinsider_track_prominence_proxy,41.76211598797836,score_0_100,,,,76.70484639519134,,,,https://downloads.khinsider.com/game-soundtracks/album/baldurs-gate-3-windows-gamerip-2023,2026-10-05,Track title is taken from KHInsider's soundtrack/gamerip album index. Popularity is an explicitly labelled proxy based on BeatHit game rank and track prominence.,"{""culture_category"":""video_game_music"",""video_game"":""Baldur's Gate 3"",""game_rank"":138,""game_association_kind"":""khinsider_game_soundtrack"",""khinsider_album_url"":""https://downloads.khinsider.com/game-soundtracks/album/baldurs-gate-3-windows-gamerip-2023"",""khinsider_album_title"":""Baldur's Gate 3 (baldurs-gate-3-windows-gamerip-2023)"",""khinsider_album_kind"":""official_or_gamerip"",""khinsider_album_match_score"":100.0,""relevance_score_100"":100.0,""popularity_score_100"":41.76211598797836,""score_100"":76.70484639519134,""popularity_basis"":""BeatHit master-list game rank plus track position proxy""}"
450,Gauntlet of Shar,Unknown credited artist,[],Baldur's Gate 3 (baldurs-gate-3-windows-gamerip-2023),,,"[""video game soundtrack""]","[""und""]",,,,Baldur's Gate 3,,,khinsider_track_prominence_proxy,41.76211598797836,score_0_100,,,,76.70484639519134,,,,https://downloads.khinsider.com/game-soundtracks/album/baldurs-gate-3-windows-gamerip-2023,2026-10-05,Track title is taken from KHInsider's soundtrack/gamerip album index. Popularity is an explicitly labelled proxy based on BeatHit game rank and track prominence.,"{""culture_category"":""video_game_music"",""video_game"":""Baldur's Gate 3"",""game_rank"":138,""game_association_kind"":""khinsider_game_soundtrack"",""khinsider_album_url"":""https://downloads.khinsider.com/game-soundtracks/album/baldurs-gate-3-windows-gamerip-2023"",""khinsider_album_title"":""Baldur's Gate 3 (baldurs-gate-3-windows-gamerip-2023)"",""khinsider_album_kind"":""official_or_gamerip"",""khinsider_album_match_score"":100.0,""relevance_score_100"":100.0,""popularity_score_100"":41.76211598797836,""score_100"":76.70484639519134,""popularity_basis"":""BeatHit master-list game rank plus track position proxy""}"
451,Threat of the Nether Years,Unknown credited artist,[],Baldur's Gate 3 (baldurs-gate-3-windows-gamerip-2023),,,"[""video game soundtrack""]","[""und""]",,,,Baldur's Gate 3,,,khinsider_track_prominence_proxy,41.76211598797836,score_0_100,,,,76.70484639519134,,,,https://downloads.khinsider.com/game-soundtracks/album/baldurs-gate-3-windows-gamerip-2023,2026-10-05,Track title is taken from KHInsider's soundtrack/gamerip album index. Popularity is an explicitly labelled proxy based on BeatHit game rank and track prominence.,"{""culture_category"":""video_game_music"",""video_game"":""Baldur's Gate 3"",""game_rank"":138,""game_association_kind"":""khinsider_game_soundtrack"",""khinsider_album_url"":""https://downloads.khinsider.com/game-soundtracks/album/baldurs-gate-3-windows-gamerip-2023"",""khinsider_album_title"":""Baldur's Gate 3 (baldurs-gate-3-windows-gamerip-2023)"",""khinsider_album_kind"":""official_or_gamerip"",""khinsider_album_match_score"":100.0,""relevance_score_100"":100.0,""popularity_score_100"":41.76211598797836,""score_100"":76.70484639519134,""popularity_basis"":""BeatHit master-list game rank plus track position proxy""}"
452,Quell the Light,Unknown credited artist,[],Baldur's Gate 3 (baldurs-gate-3-windows-gamerip-2023),,,"[""video game soundtrack""]","[""und""]",,,,Baldur's Gate 3,,,khinsider_track_prominence_proxy,41.76211598797836,score_0_100,,,,76.70484639519134,,,,https://downloads.khinsider.com/game-soundtracks/album/baldurs-gate-3-windows-gamerip-2023,2026-10-05,Track title is taken from KHInsider's soundtrack/gamerip album index. Popularity is an explicitly labelled proxy based on BeatHit game rank and track prominence.,"{""culture_category"":""video_game_music"",""video_game"":""Baldur's Gate 3"",""game_rank"":138,""game_association_kind"":""khinsider_game_soundtrack"",""khinsider_album_url"":""https://downloads.khinsider.com/game-soundtracks/album/baldurs-gate-3-windows-gamerip-2023"",""khinsider_album_title"":""Baldur's Gate 3 (baldurs-gate-3-windows-gamerip-2023)"",""khinsider_album_kind"":""official_or_gamerip"",""khinsider_album_match_score"":100.0,""relevance_score_100"":100.0,""popularity_score_100"":41.76211598797836,""score_100"":76.70484639519134,""popularity_basis"":""BeatHit master-list game rank plus track position proxy""}"
453,792229736,Unknown credited artist,[],Baldur's Gate 3 (baldurs-gate-3-windows-gamerip-2023),,,"[""video game soundtrack""]","[""und""]",,,,Baldur's Gate 3,,,khinsider_track_prominence_proxy,41.76211598797836,score_0_100,,,,76.70484639519134,,,,https://downloads.khinsider.com/game-soundtracks/album/baldurs-gate-3-windows-gamerip-2023,2026-10-05,Track title is taken from KHInsider's soundtrack/gamerip album index. Popularity is an explicitly labelled proxy based on BeatHit game rank and track prominence.,"{""culture_category"":""video_game_music"",""video_game"":""Baldur's Gate 3"",""game_rank"":138,""game_association_kind"":""khinsider_game_soundtrack"",""khinsider_album_url"":""https://downloads.khinsider.com/game-soundtracks/album/baldurs-gate-3-windows-gamerip-2023"",""khinsider_album_title"":""Baldur's Gate 3 (baldurs-gate-3-windows-gamerip-2023)"",""khinsider_album_kind"":""official_or_gamerip"",""khinsider_album_match_score"":100.0,""relevance_score_100"":100.0,""popularity_score_100"":41.76211598797836,""score_100"":76.70484639519134,""popularity_basis"":""BeatHit master-list game rank plus track position proxy""}"
454,Twisted Force (Alternative) (Ragzlin Boss Fight) (Act I),Unknown credited artist,[],Baldur's Gate 3 (baldurs-gate-3-windows-gamerip-2023),,,"[""video game soundtrack""]","[""und""]",,,,Baldur's Gate 3,,,khinsider_track_prominence_proxy,41.76211598797836,score_0_100,,,,76.70484639519134,,,,https://downloads.khinsider.com/game-soundtracks/album/baldurs-gate-3-windows-gamerip-2023,2026-10-05,Track title is taken from KHInsider's soundtrack/gamerip album index. Popularity is an explicitly labelled proxy based on BeatHit game rank and track prominence.,"{""culture_category"":""video_game_music"",""video_game"":""Baldur's Gate 3"",""game_rank"":138,""game_association_kind"":""khinsider_game_soundtrack"",""khinsider_album_url"":""https://downloads.khinsider.com/game-soundtracks/album/baldurs-gate-3-windows-gamerip-2023"",""khinsider_album_title"":""Baldur's Gate 3 (baldurs-gate-3-windows-gamerip-2023)"",""khinsider_album_kind"":""official_or_gamerip"",""khinsider_album_match_score"":100.0,""relevance_score_100"":100.0,""popularity_score_100"":41.76211598797836,""score_100"":76.70484639519134,""popularity_basis"":""BeatHit master-list game rank plus track position proxy""}"
455,Into Act III,Unknown credited artist,[],Baldur's Gate 3 (baldurs-gate-3-windows-gamerip-2023),,,"[""video game soundtrack""]","[""und""]",,,,Baldur's Gate 3,,,khinsider_track_prominence_proxy,41.76211598797836,score_0_100,,,,76.70484639519134,,,,https://downloads.khinsider.com/game-soundtracks/album/baldurs-gate-3-windows-gamerip-2023,2026-10-05,Track title is taken from KHInsider's soundtrack/gamerip album index. Popularity is an explicitly labelled proxy based on BeatHit game rank and track prominence.,"{""culture_category"":""video_game_music"",""video_game"":""Baldur's Gate 3"",""game_rank"":138,""game_association_kind"":""khinsider_game_soundtrack"",""khinsider_album_url"":""https://downloads.khinsider.com/game-soundtracks/album/baldurs-gate-3-windows-gamerip-2023"",""khinsider_album_title"":""Baldur's Gate 3 (baldurs-gate-3-windows-gamerip-2023)"",""khinsider_album_kind"":""official_or_gamerip"",""khinsider_album_match_score"":100.0,""relevance_score_100"":100.0,""popularity_score_100"":41.76211598797836,""score_100"":76.70484639519134,""popularity_basis"":""BeatHit master-list game rank plus track position proxy""}"
456,The Queen's High Seas (Lute),Unknown credited artist,[],Baldur's Gate 3 (baldurs-gate-3-windows-gamerip-2023),,,"[""video game soundtrack""]","[""und""]",,,,Baldur's Gate 3,,,khinsider_track_prominence_proxy,41.76211598797836,score_0_100,,,,76.70484639519134,,,,https://downloads.khinsider.com/game-soundtracks/album/baldurs-gate-3-windows-gamerip-2023,2026-10-05,Track title is taken from KHInsider's soundtrack/gamerip album index. Popularity is an explicitly labelled proxy based on BeatHit game rank and track prominence.,"{""culture_category"":""video_game_music"",""video_game"":""Baldur's Gate 3"",""game_rank"":138,""game_association_kind"":""khinsider_game_soundtrack"",""khinsider_album_url"":""https://downloads.khinsider.com/game-soundtracks/album/baldurs-gate-3-windows-gamerip-2023"",""khinsider_album_title"":""Baldur's Gate 3 (baldurs-gate-3-windows-gamerip-2023)"",""khinsider_album_kind"":""official_or_gamerip"",""khinsider_album_match_score"":100.0,""relevance_score_100"":100.0,""popularity_score_100"":41.76211598797836,""score_100"":76.70484639519134,""popularity_basis"":""BeatHit master-list game rank plus track position proxy""}"
457,801899243,Unknown credited artist,[],Baldur's Gate 3 (baldurs-gate-3-windows-gamerip-2023),,,"[""video game soundtrack""]","[""und""]",,,,Baldur's Gate 3,,,khinsider_track_prominence_proxy,41.76211598797836,score_0_100,,,,76.70484639519134,,,,https://downloads.khinsider.com/game-soundtracks/album/baldurs-gate-3-windows-gamerip-2023,2026-10-05,Track title is taken from KHInsider's soundtrack/gamerip album index. Popularity is an explicitly labelled proxy based on BeatHit game rank and track prominence.,"{""culture_category"":""video_game_music"",""video_game"":""Baldur's Gate 3"",""game_rank"":138,""game_association_kind"":""khinsider_game_soundtrack"",""khinsider_album_url"":""https://downloads.khinsider.com/game-soundtracks/album/baldurs-gate-3-windows-gamerip-2023"",""khinsider_album_title"":""Baldur's Gate 3 (baldurs-gate-3-windows-gamerip-2023)"",""khinsider_album_kind"":""official_or_gamerip"",""khinsider_album_match_score"":100.0,""relevance_score_100"":100.0,""popularity_score_100"":41.76211598797836,""score_100"":76.70484639519134,""popularity_basis"":""BeatHit master-list game rank plus track position proxy""}"
458,804780227,Unknown credited artist,[],Baldur's Gate 3 (baldurs-gate-3-windows-gamerip-2023),,,"[""video game soundtrack""]","[""und""]",,,,Baldur's Gate 3,,,khinsider_track_prominence_proxy,41.76211598797836,score_0_100,,,,76.70484639519134,,,,https://downloads.khinsider.com/game-soundtracks/album/baldurs-gate-3-windows-gamerip-2023,2026-10-05,Track title is taken from KHInsider's soundtrack/gamerip album index. Popularity is an explicitly labelled proxy based on BeatHit game rank and track prominence.,"{""culture_category"":""video_game_music"",""video_game"":""Baldur's Gate 3"",""game_rank"":138,""game_association_kind"":""khinsider_game_soundtrack"",""khinsider_album_url"":""https://downloads.khinsider.com/game-soundtracks/album/baldurs-gate-3-windows-gamerip-2023"",""khinsider_album_title"":""Baldur's Gate 3 (baldurs-gate-3-windows-gamerip-2023)"",""khinsider_album_kind"":""official_or_gamerip"",""khinsider_album_match_score"":100.0,""relevance_score_100"":100.0,""popularity_score_100"":41.76211598797836,""score_100"":76.70484639519134,""popularity_basis"":""BeatHit master-list game rank plus track position proxy""}"
459,Assault Incoming on Emerald Grove,Unknown credited artist,[],Baldur's Gate 3 (baldurs-gate-3-windows-gamerip-2023),,,"[""video game soundtrack""]","[""und""]",,,,Baldur's Gate 3,,,khinsider_track_prominence_proxy,41.76211598797836,score_0_100,,,,76.70484639519134,,,,https://downloads.khinsider.com/game-soundtracks/album/baldurs-gate-3-windows-gamerip-2023,2026-10-05,Track title is taken from KHInsider's soundtrack/gamerip album index. Popularity is an explicitly labelled proxy based on BeatHit game rank and track prominence.,"{""culture_category"":""video_game_music"",""video_game"":""Baldur's Gate 3"",""game_rank"":138,""game_association_kind"":""khinsider_game_soundtrack"",""khinsider_album_url"":""https://downloads.khinsider.com/game-soundtracks/album/baldurs-gate-3-windows-gamerip-2023"",""khinsider_album_title"":""Baldur's Gate 3 (baldurs-gate-3-windows-gamerip-2023)"",""khinsider_album_kind"":""official_or_gamerip"",""khinsider_album_match_score"":100.0,""relevance_score_100"":100.0,""popularity_score_100"":41.76211598797836,""score_100"":76.70484639519134,""popularity_basis"":""BeatHit master-list game rank plus track position proxy""}"
460,Goblin Camp & Volo,Unknown credited artist,[],Baldur's Gate 3 (baldurs-gate-3-windows-gamerip-2023),,,"[""video game soundtrack""]","[""und""]",,,,Baldur's Gate 3,,,khinsider_track_prominence_proxy,41.76211598797836,score_0_100,,,,76.70484639519134,,,,https://downloads.khinsider.com/game-soundtracks/album/baldurs-gate-3-windows-gamerip-2023,2026-10-05,Track title is taken from KHInsider's soundtrack/gamerip album index. Popularity is an explicitly labelled proxy based on BeatHit game rank and track prominence.,"{""culture_category"":""video_game_music"",""video_game"":""Baldur's Gate 3"",""game_rank"":138,""game_association_kind"":""khinsider_game_soundtrack"",""khinsider_album_url"":""https://downloads.khinsider.com/game-soundtracks/album/baldurs-gate-3-windows-gamerip-2023"",""khinsider_album_title"":""Baldur's Gate 3 (baldurs-gate-3-windows-gamerip-2023)"",""khinsider_album_kind"":""official_or_gamerip"",""khinsider_album_match_score"":100.0,""relevance_score_100"":100.0,""popularity_score_100"":41.76211598797836,""score_100"":76.70484639519134,""popularity_basis"":""BeatHit master-list game rank plus track position proxy""}"
461,Kagha's Chamber,Unknown credited artist,[],Baldur's Gate 3 (baldurs-gate-3-windows-gamerip-2023),,,"[""video game soundtrack""]","[""und""]",,,,Baldur's Gate 3,,,khinsider_track_prominence_proxy,41.76211598797836,score_0_100,,,,76.70484639519134,,,,https://downloads.khinsider.com/game-soundtracks/album/baldurs-gate-3-windows-gamerip-2023,2026-10-05,Track title is taken from KHInsider's soundtrack/gamerip album index. Popularity is an explicitly labelled proxy based on BeatHit game rank and track prominence.,"{""culture_category"":""video_game_music"",""video_game"":""Baldur's Gate 3"",""game_rank"":138,""game_association_kind"":""khinsider_game_soundtrack"",""khinsider_album_url"":""https://downloads.khinsider.com/game-soundtracks/album/baldurs-gate-3-windows-gamerip-2023"",""khinsider_album_title"":""Baldur's Gate 3 (baldurs-gate-3-windows-gamerip-2023)"",""khinsider_album_kind"":""official_or_gamerip"",""khinsider_album_match_score"":100.0,""relevance_score_100"":100.0,""popularity_score_100"":41.76211598797836,""score_100"":76.70484639519134,""popularity_basis"":""BeatHit master-list game rank plus track position proxy""}"
462,816064046,Unknown credited artist,[],Baldur's Gate 3 (baldurs-gate-3-windows-gamerip-2023),,,"[""video game soundtrack""]","[""und""]",,,,Baldur's Gate 3,,,khinsider_track_prominence_proxy,41.76211598797836,score_0_100,,,,76.70484639519134,,,,https://downloads.khinsider.com/game-soundtracks/album/baldurs-gate-3-windows-gamerip-2023,2026-10-05,Track title is taken from KHInsider's soundtrack/gamerip album index. Popularity is an explicitly labelled proxy based on BeatHit game rank and track prominence.,"{""culture_category"":""video_game_music"",""video_game"":""Baldur's Gate 3"",""game_rank"":138,""game_association_kind"":""khinsider_game_soundtrack"",""khinsider_album_url"":""https://downloads.khinsider.com/game-soundtracks/album/baldurs-gate-3-windows-gamerip-2023"",""khinsider_album_title"":""Baldur's Gate 3 (baldurs-gate-3-windows-gamerip-2023)"",""khinsider_album_kind"":""official_or_gamerip"",""khinsider_album_match_score"":100.0,""relevance_score_100"":100.0,""popularity_score_100"":41.76211598797836,""score_100"":76.70484639519134,""popularity_basis"":""BeatHit master-list game rank plus track position proxy""}"
463,816750596,Unknown credited artist,[],Baldur's Gate 3 (baldurs-gate-3-windows-gamerip-2023),,,"[""video game soundtrack""]","[""und""]",,,,Baldur's Gate 3,,,khinsider_track_prominence_proxy,41.76211598797836,score_0_100,,,,76.70484639519134,,,,https://downloads.khinsider.com/game-soundtracks/album/baldurs-gate-3-windows-gamerip-2023,2026-10-05,Track title is taken from KHInsider's soundtrack/gamerip album index. Popularity is an explicitly labelled proxy based on BeatHit game rank and track prominence.,"{""culture_category"":""video_game_music"",""video_game"":""Baldur's Gate 3"",""game_rank"":138,""game_association_kind"":""khinsider_game_soundtrack"",""khinsider_album_url"":""https://downloads.khinsider.com/game-soundtracks/album/baldurs-gate-3-windows-gamerip-2023"",""khinsider_album_title"":""Baldur's Gate 3 (baldurs-gate-3-windows-gamerip-2023)"",""khinsider_album_kind"":""official_or_gamerip"",""khinsider_album_match_score"":100.0,""relevance_score_100"":100.0,""popularity_score_100"":41.76211598797836,""score_100"":76.70484639519134,""popularity_basis"":""BeatHit master-list game rank plus track position proxy""}"
464,Shar's Temple (Act I),Unknown credited artist,[],Baldur's Gate 3 (baldurs-gate-3-windows-gamerip-2023),,,"[""video game soundtrack""]","[""und""]",,,,Baldur's Gate 3,,,khinsider_track_prominence_proxy,41.76211598797836,score_0_100,,,,76.70484639519134,,,,https://downloads.khinsider.com/game-soundtracks/album/baldurs-gate-3-windows-gamerip-2023,2026-10-05,Track title is taken from KHInsider's soundtrack/gamerip album index. Popularity is an explicitly labelled proxy based on BeatHit game rank and track prominence.,"{""culture_category"":""video_game_music"",""video_game"":""Baldur's Gate 3"",""game_rank"":138,""game_association_kind"":""khinsider_game_soundtrack"",""khinsider_album_url"":""https://downloads.khinsider.com/game-soundtracks/album/baldurs-gate-3-windows-gamerip-2023"",""khinsider_album_title"":""Baldur's Gate 3 (baldurs-gate-3-windows-gamerip-2023)"",""khinsider_album_kind"":""official_or_gamerip"",""khinsider_album_match_score"":100.0,""relevance_score_100"":100.0,""popularity_score_100"":41.76211598797836,""score_100"":76.70484639519134,""popularity_basis"":""BeatHit master-list game rank plus track position proxy""}"
465,Camp (Short),Unknown credited artist,[],Baldur's Gate 3 (baldurs-gate-3-windows-gamerip-2023),,,"[""video game soundtrack""]","[""und""]",,,,Baldur's Gate 3,,,khinsider_track_prominence_proxy,41.76211598797836,score_0_100,,,,76.70484639519134,,,,https://downloads.khinsider.com/game-soundtracks/album/baldurs-gate-3-windows-gamerip-2023,2026-10-05,Track title is taken from KHInsider's soundtrack/gamerip album index. Popularity is an explicitly labelled proxy based on BeatHit game rank and track prominence.,"{""culture_category"":""video_game_music"",""video_game"":""Baldur's Gate 3"",""game_rank"":138,""game_association_kind"":""khinsider_game_soundtrack"",""khinsider_album_url"":""https://downloads.khinsider.com/game-soundtracks/album/baldurs-gate-3-windows-gamerip-2023"",""khinsider_album_title"":""Baldur's Gate 3 (baldurs-gate-3-windows-gamerip-2023)"",""khinsider_album_kind"":""official_or_gamerip"",""khinsider_album_match_score"":100.0,""relevance_score_100"":100.0,""popularity_score_100"":41.76211598797836,""score_100"":76.70484639519134,""popularity_basis"":""BeatHit master-list game rank plus track position proxy""}"
466,818540646,Unknown credited artist,[],Baldur's Gate 3 (baldurs-gate-3-windows-gamerip-2023),,,"[""video game soundtrack""]","[""und""]",,,,Baldur's Gate 3,,,khinsider_track_prominence_proxy,41.76211598797836,score_0_100,,,,76.70484639519134,,,,https://downloads.khinsider.com/game-soundtracks/album/baldurs-gate-3-windows-gamerip-2023,2026-10-05,Track title is taken from KHInsider's soundtrack/gamerip album index. Popularity is an explicitly labelled proxy based on BeatHit game rank and track prominence.,"{""culture_category"":""video_game_music"",""video_game"":""Baldur's Gate 3"",""game_rank"":138,""game_association_kind"":""khinsider_game_soundtrack"",""khinsider_album_url"":""https://downloads.khinsider.com/game-soundtracks/album/baldurs-gate-3-windows-gamerip-2023"",""khinsider_album_title"":""Baldur's Gate 3 (baldurs-gate-3-windows-gamerip-2023)"",""khinsider_album_kind"":""official_or_gamerip"",""khinsider_album_match_score"":100.0,""relevance_score_100"":100.0,""popularity_score_100"":41.76211598797836,""score_100"":76.70484639519134,""popularity_basis"":""BeatHit master-list game rank plus track position proxy""}"
467,Nautiloid,Unknown credited artist,[],Baldur's Gate 3 (baldurs-gate-3-windows-gamerip-2023),,,"[""video game soundtrack""]","[""und""]",,,,Baldur's Gate 3,,,khinsider_track_prominence_proxy,41.76211598797836,score_0_100,,,,76.70484639519134,,,,https://downloads.khinsider.com/game-soundtracks/album/baldurs-gate-3-windows-gamerip-2023,2026-10-05,Track title is taken from KHInsider's soundtrack/gamerip album index. Popularity is an explicitly labelled proxy based on BeatHit game rank and track prominence.,"{""culture_category"":""video_game_music"",""video_game"":""Baldur's Gate 3"",""game_rank"":138,""game_association_kind"":""khinsider_game_soundtrack"",""khinsider_album_url"":""https://downloads.khinsider.com/game-soundtracks/album/baldurs-gate-3-windows-gamerip-2023"",""khinsider_album_title"":""Baldur's Gate 3 (baldurs-gate-3-windows-gamerip-2023)"",""khinsider_album_kind"":""official_or_gamerip"",""khinsider_album_match_score"":100.0,""relevance_score_100"":100.0,""popularity_score_100"":41.76211598797836,""score_100"":76.70484639519134,""popularity_basis"":""BeatHit master-list game rank plus track position proxy""}"
468,821487521,Unknown credited artist,[],Baldur's Gate 3 (baldurs-gate-3-windows-gamerip-2023),,,"[""video game soundtrack""]","[""und""]",,,,Baldur's Gate 3,,,khinsider_track_prominence_proxy,41.76211598797836,score_0_100,,,,76.70484639519134,,,,https://downloads.khinsider.com/game-soundtracks/album/baldurs-gate-3-windows-gamerip-2023,2026-10-05,Track title is taken from KHInsider's soundtrack/gamerip album index. Popularity is an explicitly labelled proxy based on BeatHit game rank and track prominence.,"{""culture_category"":""video_game_music"",""video_game"":""Baldur's Gate 3"",""game_rank"":138,""game_association_kind"":""khinsider_game_soundtrack"",""khinsider_album_url"":""https://downloads.khinsider.com/game-soundtracks/album/baldurs-gate-3-windows-gamerip-2023"",""khinsider_album_title"":""Baldur's Gate 3 (baldurs-gate-3-windows-gamerip-2023)"",""khinsider_album_kind"":""official_or_gamerip"",""khinsider_album_match_score"":100.0,""relevance_score_100"":100.0,""popularity_score_100"":41.76211598797836,""score_100"":76.70484639519134,""popularity_basis"":""BeatHit master-list game rank plus track position proxy""}"
469,825601265,Unknown credited artist,[],Baldur's Gate 3 (baldurs-gate-3-windows-gamerip-2023),,,"[""video game soundtrack""]","[""und""]",,,,Baldur's Gate 3,,,khinsider_track_prominence_proxy,41.76211598797836,score_0_100,,,,76.70484639519134,,,,https://downloads.khinsider.com/game-soundtracks/album/baldurs-gate-3-windows-gamerip-2023,2026-10-05,Track title is taken from KHInsider's soundtrack/gamerip album index. Popularity is an explicitly labelled proxy based on BeatHit game rank and track prominence.,"{""culture_category"":""video_game_music"",""video_game"":""Baldur's Gate 3"",""game_rank"":138,""game_association_kind"":""khinsider_game_soundtrack"",""khinsider_album_url"":""https://downloads.khinsider.com/game-soundtracks/album/baldurs-gate-3-windows-gamerip-2023"",""khinsider_album_title"":""Baldur's Gate 3 (baldurs-gate-3-windows-gamerip-2023)"",""khinsider_album_kind"":""official_or_gamerip"",""khinsider_album_match_score"":100.0,""relevance_score_100"":100.0,""popularity_score_100"":41.76211598797836,""score_100"":76.70484639519134,""popularity_basis"":""BeatHit master-list game rank plus track position proxy""}"
470,825683369,Unknown credited artist,[],Baldur's Gate 3 (baldurs-gate-3-windows-gamerip-2023),,,"[""video game soundtrack""]","[""und""]",,,,Baldur's Gate 3,,,khinsider_track_prominence_proxy,41.76211598797836,score_0_100,,,,76.70484639519134,,,,https://downloads.khinsider.com/game-soundtracks/album/baldurs-gate-3-windows-gamerip-2023,2026-10-05,Track title is taken from KHInsider's soundtrack/gamerip album index. Popularity is an explicitly labelled proxy based on BeatHit game rank and track prominence.,"{""culture_category"":""video_game_music"",""video_game"":""Baldur's Gate 3"",""game_rank"":138,""game_association_kind"":""khinsider_game_soundtrack"",""khinsider_album_url"":""https://downloads.khinsider.com/game-soundtracks/album/baldurs-gate-3-windows-gamerip-2023"",""khinsider_album_title"":""Baldur's Gate 3 (baldurs-gate-3-windows-gamerip-2023)"",""khinsider_album_kind"":""official_or_gamerip"",""khinsider_album_match_score"":100.0,""relevance_score_100"":100.0,""popularity_score_100"":41.76211598797836,""score_100"":76.70484639519134,""popularity_basis"":""BeatHit master-list game rank plus track position proxy""}"
471,830826618,Unknown credited artist,[],Baldur's Gate 3 (baldurs-gate-3-windows-gamerip-2023),,,"[""video game soundtrack""]","[""und""]",,,,Baldur's Gate 3,,,khinsider_track_prominence_proxy,41.76211598797836,score_0_100,,,,76.70484639519134,,,,https://downloads.khinsider.com/game-soundtracks/album/baldurs-gate-3-windows-gamerip-2023,2026-10-05,Track title is taken from KHInsider's soundtrack/gamerip album index. Popularity is an explicitly labelled proxy based on BeatHit game rank and track prominence.,"{""culture_category"":""video_game_music"",""video_game"":""Baldur's Gate 3"",""game_rank"":138,""game_association_kind"":""khinsider_game_soundtrack"",""khinsider_album_url"":""https://downloads.khinsider.com/game-soundtracks/album/baldurs-gate-3-windows-gamerip-2023"",""khinsider_album_title"":""Baldur's Gate 3 (baldurs-gate-3-windows-gamerip-2023)"",""khinsider_album_kind"":""official_or_gamerip"",""khinsider_album_match_score"":100.0,""relevance_score_100"":100.0,""popularity_score_100"":41.76211598797836,""score_100"":76.70484639519134,""popularity_basis"":""BeatHit master-list game rank plus track position proxy""}"
472,832300272,Unknown credited artist,[],Baldur's Gate 3 (baldurs-gate-3-windows-gamerip-2023),,,"[""video game soundtrack""]","[""und""]",,,,Baldur's Gate 3,,,khinsider_track_prominence_proxy,41.76211598797836,score_0_100,,,,76.70484639519134,,,,https://downloads.khinsider.com/game-soundtracks/album/baldurs-gate-3-windows-gamerip-2023,2026-10-05,Track title is taken from KHInsider's soundtrack/gamerip album index. Popularity is an explicitly labelled proxy based on BeatHit game rank and track prominence.,"{""culture_category"":""video_game_music"",""video_game"":""Baldur's Gate 3"",""game_rank"":138,""game_association_kind"":""khinsider_game_soundtrack"",""khinsider_album_url"":""https://downloads.khinsider.com/game-soundtracks/album/baldurs-gate-3-windows-gamerip-2023"",""khinsider_album_title"":""Baldur's Gate 3 (baldurs-gate-3-windows-gamerip-2023)"",""khinsider_album_kind"":""official_or_gamerip"",""khinsider_album_match_score"":100.0,""relevance_score_100"":100.0,""popularity_score_100"":41.76211598797836,""score_100"":76.70484639519134,""popularity_basis"":""BeatHit master-list game rank plus track position proxy""}"
473,Zhentarim Outpost,Unknown credited artist,[],Baldur's Gate 3 (baldurs-gate-3-windows-gamerip-2023),,,"[""video game soundtrack""]","[""und""]",,,,Baldur's Gate 3,,,khinsider_track_prominence_proxy,41.76211598797836,score_0_100,,,,76.70484639519134,,,,https://downloads.khinsider.com/game-soundtracks/album/baldurs-gate-3-windows-gamerip-2023,2026-10-05,Track title is taken from KHInsider's soundtrack/gamerip album index. Popularity is an explicitly labelled proxy based on BeatHit game rank and track prominence.,"{""culture_category"":""video_game_music"",""video_game"":""Baldur's Gate 3"",""game_rank"":138,""game_association_kind"":""khinsider_game_soundtrack"",""khinsider_album_url"":""https://downloads.khinsider.com/game-soundtracks/album/baldurs-gate-3-windows-gamerip-2023"",""khinsider_album_title"":""Baldur's Gate 3 (baldurs-gate-3-windows-gamerip-2023)"",""khinsider_album_kind"":""official_or_gamerip"",""khinsider_album_match_score"":100.0,""relevance_score_100"":100.0,""popularity_score_100"":41.76211598797836,""score_100"":76.70484639519134,""popularity_basis"":""BeatHit master-list game rank plus track position proxy""}"
474,834648155,Unknown credited artist,[],Baldur's Gate 3 (baldurs-gate-3-windows-gamerip-2023),,,"[""video game soundtrack""]","[""und""]",,,,Baldur's Gate 3,,,khinsider_track_prominence_proxy,41.76211598797836,score_0_100,,,,76.70484639519134,,,,https://downloads.khinsider.com/game-soundtracks/album/baldurs-gate-3-windows-gamerip-2023,2026-10-05,Track title is taken from KHInsider's soundtrack/gamerip album index. Popularity is an explicitly labelled proxy based on BeatHit game rank and track prominence.,"{""culture_category"":""video_game_music"",""video_game"":""Baldur's Gate 3"",""game_rank"":138,""game_association_kind"":""khinsider_game_soundtrack"",""khinsider_album_url"":""https://downloads.khinsider.com/game-soundtracks/album/baldurs-gate-3-windows-gamerip-2023"",""khinsider_album_title"":""Baldur's Gate 3 (baldurs-gate-3-windows-gamerip-2023)"",""khinsider_album_kind"":""official_or_gamerip"",""khinsider_album_match_score"":100.0,""relevance_score_100"":100.0,""popularity_score_100"":41.76211598797836,""score_100"":76.70484639519134,""popularity_basis"":""BeatHit master-list game rank plus track position proxy""}"
475,836009011,Unknown credited artist,[],Baldur's Gate 3 (baldurs-gate-3-windows-gamerip-2023),,,"[""video game soundtrack""]","[""und""]",,,,Baldur's Gate 3,,,khinsider_track_prominence_proxy,41.76211598797836,score_0_100,,,,76.70484639519134,,,,https://downloads.khinsider.com/game-soundtracks/album/baldurs-gate-3-windows-gamerip-2023,2026-10-05,Track title is taken from KHInsider's soundtrack/gamerip album index. Popularity is an explicitly labelled proxy based on BeatHit game rank and track prominence.,"{""culture_category"":""video_game_music"",""video_game"":""Baldur's Gate 3"",""game_rank"":138,""game_association_kind"":""khinsider_game_soundtrack"",""khinsider_album_url"":""https://downloads.khinsider.com/game-soundtracks/album/baldurs-gate-3-windows-gamerip-2023"",""khinsider_album_title"":""Baldur's Gate 3 (baldurs-gate-3-windows-gamerip-2023)"",""khinsider_album_kind"":""official_or_gamerip"",""khinsider_album_match_score"":100.0,""relevance_score_100"":100.0,""popularity_score_100"":41.76211598797836,""score_100"":76.70484639519134,""popularity_basis"":""BeatHit master-list game rank plus track position proxy""}"
476,Lower City,Unknown credited artist,[],Baldur's Gate 3 (baldurs-gate-3-windows-gamerip-2023),,,"[""video game soundtrack""]","[""und""]",,,,Baldur's Gate 3,,,khinsider_track_prominence_proxy,41.76211598797836,score_0_100,,,,76.70484639519134,,,,https://downloads.khinsider.com/game-soundtracks/album/baldurs-gate-3-windows-gamerip-2023,2026-10-05,Track title is taken from KHInsider's soundtrack/gamerip album index. Popularity is an explicitly labelled proxy based on BeatHit game rank and track prominence.,"{""culture_category"":""video_game_music"",""video_game"":""Baldur's Gate 3"",""game_rank"":138,""game_association_kind"":""khinsider_game_soundtrack"",""khinsider_album_url"":""https://downloads.khinsider.com/game-soundtracks/album/baldurs-gate-3-windows-gamerip-2023"",""khinsider_album_title"":""Baldur's Gate 3 (baldurs-gate-3-windows-gamerip-2023)"",""khinsider_album_kind"":""official_or_gamerip"",""khinsider_album_match_score"":100.0,""relevance_score_100"":100.0,""popularity_score_100"":41.76211598797836,""score_100"":76.70484639519134,""popularity_basis"":""BeatHit master-list game rank plus track position proxy""}"
477,839486322,Unknown credited artist,[],Baldur's Gate 3 (baldurs-gate-3-windows-gamerip-2023),,,"[""video game soundtrack""]","[""und""]",,,,Baldur's Gate 3,,,khinsider_track_prominence_proxy,41.76211598797836,score_0_100,,,,76.70484639519134,,,,https://downloads.khinsider.com/game-soundtracks/album/baldurs-gate-3-windows-gamerip-2023,2026-10-05,Track title is taken from KHInsider's soundtrack/gamerip album index. Popularity is an explicitly labelled proxy based on BeatHit game rank and track prominence.,"{""culture_category"":""video_game_music"",""video_game"":""Baldur's Gate 3"",""game_rank"":138,""game_association_kind"":""khinsider_game_soundtrack"",""khinsider_album_url"":""https://downloads.khinsider.com/game-soundtracks/album/baldurs-gate-3-windows-gamerip-2023"",""khinsider_album_title"":""Baldur's Gate 3 (baldurs-gate-3-windows-gamerip-2023)"",""khinsider_album_kind"":""official_or_gamerip"",""khinsider_album_match_score"":100.0,""relevance_score_100"":100.0,""popularity_score_100"":41.76211598797836,""score_100"":76.70484639519134,""popularity_basis"":""BeatHit master-list game rank plus track position proxy""}"
478,Cazador Ritual,Unknown credited artist,[],Baldur's Gate 3 (baldurs-gate-3-windows-gamerip-2023),,,"[""video game soundtrack""]","[""und""]",,,,Baldur's Gate 3,,,khinsider_track_prominence_proxy,41.76211598797836,score_0_100,,,,76.70484639519134,,,,https://downloads.khinsider.com/game-soundtracks/album/baldurs-gate-3-windows-gamerip-2023,2026-10-05,Track title is taken from KHInsider's soundtrack/gamerip album index. Popularity is an explicitly labelled proxy based on BeatHit game rank and track prominence.,"{""culture_category"":""video_game_music"",""video_game"":""Baldur's Gate 3"",""game_rank"":138,""game_association_kind"":""khinsider_game_soundtrack"",""khinsider_album_url"":""https://downloads.khinsider.com/game-soundtracks/album/baldurs-gate-3-windows-gamerip-2023"",""khinsider_album_title"":""Baldur's Gate 3 (baldurs-gate-3-windows-gamerip-2023)"",""khinsider_album_kind"":""official_or_gamerip"",""khinsider_album_match_score"":100.0,""relevance_score_100"":100.0,""popularity_score_100"":41.76211598797836,""score_100"":76.70484639519134,""popularity_basis"":""BeatHit master-list game rank plus track position proxy""}"
479,Cazador's Palace,Unknown credited artist,[],Baldur's Gate 3 (baldurs-gate-3-windows-gamerip-2023),,,"[""video game soundtrack""]","[""und""]",,,,Baldur's Gate 3,,,khinsider_track_prominence_proxy,41.76211598797836,score_0_100,,,,76.70484639519134,,,,https://downloads.khinsider.com/game-soundtracks/album/baldurs-gate-3-windows-gamerip-2023,2026-10-05,Track title is taken from KHInsider's soundtrack/gamerip album index. Popularity is an explicitly labelled proxy based on BeatHit game rank and track prominence.,"{""culture_category"":""video_game_music"",""video_game"":""Baldur's Gate 3"",""game_rank"":138,""game_association_kind"":""khinsider_game_soundtrack"",""khinsider_album_url"":""https://downloads.khinsider.com/game-soundtracks/album/baldurs-gate-3-windows-gamerip-2023"",""khinsider_album_title"":""Baldur's Gate 3 (baldurs-gate-3-windows-gamerip-2023)"",""khinsider_album_kind"":""official_or_gamerip"",""khinsider_album_match_score"":100.0,""relevance_score_100"":100.0,""popularity_score_100"":41.76211598797836,""score_100"":76.70484639519134,""popularity_basis"":""BeatHit master-list game rank plus track position proxy""}"
480,Emerald Grove,Unknown credited artist,[],Baldur's Gate 3 (baldurs-gate-3-windows-gamerip-2023),,,"[""video game soundtrack""]","[""und""]",,,,Baldur's Gate 3,,,khinsider_track_prominence_proxy,41.76211598797836,score_0_100,,,,76.70484639519134,,,,https://downloads.khinsider.com/game-soundtracks/album/baldurs-gate-3-windows-gamerip-2023,2026-10-05,Track title is taken from KHInsider's soundtrack/gamerip album index. Popularity is an explicitly labelled proxy based on BeatHit game rank and track prominence.,"{""culture_category"":""video_game_music"",""video_game"":""Baldur's Gate 3"",""game_rank"":138,""game_association_kind"":""khinsider_game_soundtrack"",""khinsider_album_url"":""https://downloads.khinsider.com/game-soundtracks/album/baldurs-gate-3-windows-gamerip-2023"",""khinsider_album_title"":""Baldur's Gate 3 (baldurs-gate-3-windows-gamerip-2023)"",""khinsider_album_kind"":""official_or_gamerip"",""khinsider_album_match_score"":100.0,""relevance_score_100"":100.0,""popularity_score_100"":41.76211598797836,""score_100"":76.70484639519134,""popularity_basis"":""BeatHit master-list game rank plus track position proxy""}"
481,Mystic Carrion (Act III),Unknown credited artist,[],Baldur's Gate 3 (baldurs-gate-3-windows-gamerip-2023),,,"[""video game soundtrack""]","[""und""]",,,,Baldur's Gate 3,,,khinsider_track_prominence_proxy,41.76211598797836,score_0_100,,,,76.70484639519134,,,,https://downloads.khinsider.com/game-soundtracks/album/baldurs-gate-3-windows-gamerip-2023,2026-10-05,Track title is taken from KHInsider's soundtrack/gamerip album index. Popularity is an explicitly labelled proxy based on BeatHit game rank and track prominence.,"{""culture_category"":""video_game_music"",""video_game"":""Baldur's Gate 3"",""game_rank"":138,""game_association_kind"":""khinsider_game_soundtrack"",""khinsider_album_url"":""https://downloads.khinsider.com/game-soundtracks/album/baldurs-gate-3-windows-gamerip-2023"",""khinsider_album_title"":""Baldur's Gate 3 (baldurs-gate-3-windows-gamerip-2023)"",""khinsider_album_kind"":""official_or_gamerip"",""khinsider_album_match_score"":100.0,""relevance_score_100"":100.0,""popularity_score_100"":41.76211598797836,""score_100"":76.70484639519134,""popularity_basis"":""BeatHit master-list game rank plus track position proxy""}"
482,Shadow-Cursed Lands,Unknown credited artist,[],Baldur's Gate 3 (baldurs-gate-3-windows-gamerip-2023),,,"[""video game soundtrack""]","[""und""]",,,,Baldur's Gate 3,,,khinsider_track_prominence_proxy,41.76211598797836,score_0_100,,,,76.70484639519134,,,,https://downloads.khinsider.com/game-soundtracks/album/baldurs-gate-3-windows-gamerip-2023,2026-10-05,Track title is taken from KHInsider's soundtrack/gamerip album index. Popularity is an explicitly labelled proxy based on BeatHit game rank and track prominence.,"{""culture_category"":""video_game_music"",""video_game"":""Baldur's Gate 3"",""game_rank"":138,""game_association_kind"":""khinsider_game_soundtrack"",""khinsider_album_url"":""https://downloads.khinsider.com/game-soundtracks/album/baldurs-gate-3-windows-gamerip-2023"",""khinsider_album_title"":""Baldur's Gate 3 (baldurs-gate-3-windows-gamerip-2023)"",""khinsider_album_kind"":""official_or_gamerip"",""khinsider_album_match_score"":100.0,""relevance_score_100"":100.0,""popularity_score_100"":41.76211598797836,""score_100"":76.70484639519134,""popularity_basis"":""BeatHit master-list game rank plus track position proxy""}"
483,Character Creation,Unknown credited artist,[],Baldur's Gate 3 (baldurs-gate-3-windows-gamerip-2023),,,"[""video game soundtrack""]","[""und""]",,,,Baldur's Gate 3,,,khinsider_track_prominence_proxy,41.76211598797836,score_0_100,,,,76.70484639519134,,,,https://downloads.khinsider.com/game-soundtracks/album/baldurs-gate-3-windows-gamerip-2023,2026-10-05,Track title is taken from KHInsider's soundtrack/gamerip album index. Popularity is an explicitly labelled proxy based on BeatHit game rank and track prominence.,"{""culture_category"":""video_game_music"",""video_game"":""Baldur's Gate 3"",""game_rank"":138,""game_association_kind"":""khinsider_game_soundtrack"",""khinsider_album_url"":""https://downloads.khinsider.com/game-soundtracks/album/baldurs-gate-3-windows-gamerip-2023"",""khinsider_album_title"":""Baldur's Gate 3 (baldurs-gate-3-windows-gamerip-2023)"",""khinsider_album_kind"":""official_or_gamerip"",""khinsider_album_match_score"":100.0,""relevance_score_100"":100.0,""popularity_score_100"":41.76211598797836,""score_100"":76.70484639519134,""popularity_basis"":""BeatHit master-list game rank plus track position proxy""}"
484,Climbing Wrym's Lookout,Unknown credited artist,[],Baldur's Gate 3 (baldurs-gate-3-windows-gamerip-2023),,,"[""video game soundtrack""]","[""und""]",,,,Baldur's Gate 3,,,khinsider_track_prominence_proxy,41.76211598797836,score_0_100,,,,76.70484639519134,,,,https://downloads.khinsider.com/game-soundtracks/album/baldurs-gate-3-windows-gamerip-2023,2026-10-05,Track title is taken from KHInsider's soundtrack/gamerip album index. Popularity is an explicitly labelled proxy based on BeatHit game rank and track prominence.,"{""culture_category"":""video_game_music"",""video_game"":""Baldur's Gate 3"",""game_rank"":138,""game_association_kind"":""khinsider_game_soundtrack"",""khinsider_album_url"":""https://downloads.khinsider.com/game-soundtracks/album/baldurs-gate-3-windows-gamerip-2023"",""khinsider_album_title"":""Baldur's Gate 3 (baldurs-gate-3-windows-gamerip-2023)"",""khinsider_album_kind"":""official_or_gamerip"",""khinsider_album_match_score"":100.0,""relevance_score_100"":100.0,""popularity_score_100"":41.76211598797836,""score_100"":76.70484639519134,""popularity_basis"":""BeatHit master-list game rank plus track position proxy""}"
485,859528972,Unknown credited artist,[],Baldur's Gate 3 (baldurs-gate-3-windows-gamerip-2023),,,"[""video game soundtrack""]","[""und""]",,,,Baldur's Gate 3,,,khinsider_track_prominence_proxy,41.76211598797836,score_0_100,,,,76.70484639519134,,,,https://downloads.khinsider.com/game-soundtracks/album/baldurs-gate-3-windows-gamerip-2023,2026-10-05,Track title is taken from KHInsider's soundtrack/gamerip album index. Popularity is an explicitly labelled proxy based on BeatHit game rank and track prominence.,"{""culture_category"":""video_game_music"",""video_game"":""Baldur's Gate 3"",""game_rank"":138,""game_association_kind"":""khinsider_game_soundtrack"",""khinsider_album_url"":""https://downloads.khinsider.com/game-soundtracks/album/baldurs-gate-3-windows-gamerip-2023"",""khinsider_album_title"":""Baldur's Gate 3 (baldurs-gate-3-windows-gamerip-2023)"",""khinsider_album_kind"":""official_or_gamerip"",""khinsider_album_match_score"":100.0,""relevance_score_100"":100.0,""popularity_score_100"":41.76211598797836,""score_100"":76.70484639519134,""popularity_basis"":""BeatHit master-list game rank plus track position proxy""}"
486,Goblin Camp Ruins (Act I),Unknown credited artist,[],Baldur's Gate 3 (baldurs-gate-3-windows-gamerip-2023),,,"[""video game soundtrack""]","[""und""]",,,,Baldur's Gate 3,,,khinsider_track_prominence_proxy,41.76211598797836,score_0_100,,,,76.70484639519134,,,,https://downloads.khinsider.com/game-soundtracks/album/baldurs-gate-3-windows-gamerip-2023,2026-10-05,Track title is taken from KHInsider's soundtrack/gamerip album index. Popularity is an explicitly labelled proxy based on BeatHit game rank and track prominence.,"{""culture_category"":""video_game_music"",""video_game"":""Baldur's Gate 3"",""game_rank"":138,""game_association_kind"":""khinsider_game_soundtrack"",""khinsider_album_url"":""https://downloads.khinsider.com/game-soundtracks/album/baldurs-gate-3-windows-gamerip-2023"",""khinsider_album_title"":""Baldur's Gate 3 (baldurs-gate-3-windows-gamerip-2023)"",""khinsider_album_kind"":""official_or_gamerip"",""khinsider_album_match_score"":100.0,""relevance_score_100"":100.0,""popularity_score_100"":41.76211598797836,""score_100"":76.70484639519134,""popularity_basis"":""BeatHit master-list game rank plus track position proxy""}"
487,Druid Grove,Unknown credited artist,[],Baldur's Gate 3 (baldurs-gate-3-windows-gamerip-2023),,,"[""video game soundtrack""]","[""und""]",,,,Baldur's Gate 3,,,khinsider_track_prominence_proxy,41.76211598797836,score_0_100,,,,76.70484639519134,,,,https://downloads.khinsider.com/game-soundtracks/album/baldurs-gate-3-windows-gamerip-2023,2026-10-05,Track title is taken from KHInsider's soundtrack/gamerip album index. Popularity is an explicitly labelled proxy based on BeatHit game rank and track prominence.,"{""culture_category"":""video_game_music"",""video_game"":""Baldur's Gate 3"",""game_rank"":138,""game_association_kind"":""khinsider_game_soundtrack"",""khinsider_album_url"":""https://downloads.khinsider.com/game-soundtracks/album/baldurs-gate-3-windows-gamerip-2023"",""khinsider_album_title"":""Baldur's Gate 3 (baldurs-gate-3-windows-gamerip-2023)"",""khinsider_album_kind"":""official_or_gamerip"",""khinsider_album_match_score"":100.0,""relevance_score_100"":100.0,""popularity_score_100"":41.76211598797836,""score_100"":76.70484639519134,""popularity_basis"":""BeatHit master-list game rank plus track position proxy""}"
488,Bard Dance (Lute),Unknown credited artist,[],Baldur's Gate 3 (baldurs-gate-3-windows-gamerip-2023),,,"[""video game soundtrack""]","[""und""]",,,,Baldur's Gate 3,,,khinsider_track_prominence_proxy,41.76211598797836,score_0_100,,,,76.70484639519134,,,,https://downloads.khinsider.com/game-soundtracks/album/baldurs-gate-3-windows-gamerip-2023,2026-10-05,Track title is taken from KHInsider's soundtrack/gamerip album index. Popularity is an explicitly labelled proxy based on BeatHit game rank and track prominence.,"{""culture_category"":""video_game_music"",""video_game"":""Baldur's Gate 3"",""game_rank"":138,""game_association_kind"":""khinsider_game_soundtrack"",""khinsider_album_url"":""https://downloads.khinsider.com/game-soundtracks/album/baldurs-gate-3-windows-gamerip-2023"",""khinsider_album_title"":""Baldur's Gate 3 (baldurs-gate-3-windows-gamerip-2023)"",""khinsider_album_kind"":""official_or_gamerip"",""khinsider_album_match_score"":100.0,""relevance_score_100"":100.0,""popularity_score_100"":41.76211598797836,""score_100"":76.70484639519134,""popularity_basis"":""BeatHit master-list game rank plus track position proxy""}"
489,Keltheric Thorm,Unknown credited artist,[],Baldur's Gate 3 (baldurs-gate-3-windows-gamerip-2023),,,"[""video game soundtrack""]","[""und""]",,,,Baldur's Gate 3,,,khinsider_track_prominence_proxy,41.76211598797836,score_0_100,,,,76.70484639519134,,,,https://downloads.khinsider.com/game-soundtracks/album/baldurs-gate-3-windows-gamerip-2023,2026-10-05,Track title is taken from KHInsider's soundtrack/gamerip album index. Popularity is an explicitly labelled proxy based on BeatHit game rank and track prominence.,"{""culture_category"":""video_game_music"",""video_game"":""Baldur's Gate 3"",""game_rank"":138,""game_association_kind"":""khinsider_game_soundtrack"",""khinsider_album_url"":""https://downloads.khinsider.com/game-soundtracks/album/baldurs-gate-3-windows-gamerip-2023"",""khinsider_album_title"":""Baldur's Gate 3 (baldurs-gate-3-windows-gamerip-2023)"",""khinsider_album_kind"":""official_or_gamerip"",""khinsider_album_match_score"":100.0,""relevance_score_100"":100.0,""popularity_score_100"":41.76211598797836,""score_100"":76.70484639519134,""popularity_basis"":""BeatHit master-list game rank plus track position proxy""}"
490,873862217,Unknown credited artist,[],Baldur's Gate 3 (baldurs-gate-3-windows-gamerip-2023),,,"[""video game soundtrack""]","[""und""]",,,,Baldur's Gate 3,,,khinsider_track_prominence_proxy,41.76211598797836,score_0_100,,,,76.70484639519134,,,,https://downloads.khinsider.com/game-soundtracks/album/baldurs-gate-3-windows-gamerip-2023,2026-10-05,Track title is taken from KHInsider's soundtrack/gamerip album index. Popularity is an explicitly labelled proxy based on BeatHit game rank and track prominence.,"{""culture_category"":""video_game_music"",""video_game"":""Baldur's Gate 3"",""game_rank"":138,""game_association_kind"":""khinsider_game_soundtrack"",""khinsider_album_url"":""https://downloads.khinsider.com/game-soundtracks/album/baldurs-gate-3-windows-gamerip-2023"",""khinsider_album_title"":""Baldur's Gate 3 (baldurs-gate-3-windows-gamerip-2023)"",""khinsider_album_kind"":""official_or_gamerip"",""khinsider_album_match_score"":100.0,""relevance_score_100"":100.0,""popularity_score_100"":41.76211598797836,""score_100"":76.70484639519134,""popularity_basis"":""BeatHit master-list game rank plus track position proxy""}"
491,Raphael's Theme (Alternative),Unknown credited artist,[],Baldur's Gate 3 (baldurs-gate-3-windows-gamerip-2023),,,"[""video game soundtrack""]","[""und""]",,,,Baldur's Gate 3,,,khinsider_track_prominence_proxy,41.76211598797836,score_0_100,,,,76.70484639519134,,,,https://downloads.khinsider.com/game-soundtracks/album/baldurs-gate-3-windows-gamerip-2023,2026-10-05,Track title is taken from KHInsider's soundtrack/gamerip album index. Popularity is an explicitly labelled proxy based on BeatHit game rank and track prominence.,"{""culture_category"":""video_game_music"",""video_game"":""Baldur's Gate 3"",""game_rank"":138,""game_association_kind"":""khinsider_game_soundtrack"",""khinsider_album_url"":""https://downloads.khinsider.com/game-soundtracks/album/baldurs-gate-3-windows-gamerip-2023"",""khinsider_album_title"":""Baldur's Gate 3 (baldurs-gate-3-windows-gamerip-2023)"",""khinsider_album_kind"":""official_or_gamerip"",""khinsider_album_match_score"":100.0,""relevance_score_100"":100.0,""popularity_score_100"":41.76211598797836,""score_100"":76.70484639519134,""popularity_basis"":""BeatHit master-list game rank plus track position proxy""}"
492,884140357,Unknown credited artist,[],Baldur's Gate 3 (baldurs-gate-3-windows-gamerip-2023),,,"[""video game soundtrack""]","[""und""]",,,,Baldur's Gate 3,,,khinsider_track_prominence_proxy,41.76211598797836,score_0_100,,,,76.70484639519134,,,,https://downloads.khinsider.com/game-soundtracks/album/baldurs-gate-3-windows-gamerip-2023,2026-10-05,Track title is taken from KHInsider's soundtrack/gamerip album index. Popularity is an explicitly labelled proxy based on BeatHit game rank and track prominence.,"{""culture_category"":""video_game_music"",""video_game"":""Baldur's Gate 3"",""game_rank"":138,""game_association_kind"":""khinsider_game_soundtrack"",""khinsider_album_url"":""https://downloads.khinsider.com/game-soundtracks/album/baldurs-gate-3-windows-gamerip-2023"",""khinsider_album_title"":""Baldur's Gate 3 (baldurs-gate-3-windows-gamerip-2023)"",""khinsider_album_kind"":""official_or_gamerip"",""khinsider_album_match_score"":100.0,""relevance_score_100"":100.0,""popularity_score_100"":41.76211598797836,""score_100"":76.70484639519134,""popularity_basis"":""BeatHit master-list game rank plus track position proxy""}"
493,885246069,Unknown credited artist,[],Baldur's Gate 3 (baldurs-gate-3-windows-gamerip-2023),,,"[""video game soundtrack""]","[""und""]",,,,Baldur's Gate 3,,,khinsider_track_prominence_proxy,41.76211598797836,score_0_100,,,,76.70484639519134,,,,https://downloads.khinsider.com/game-soundtracks/album/baldurs-gate-3-windows-gamerip-2023,2026-10-05,Track title is taken from KHInsider's soundtrack/gamerip album index. Popularity is an explicitly labelled proxy based on BeatHit game rank and track prominence.,"{""culture_category"":""video_game_music"",""video_game"":""Baldur's Gate 3"",""game_rank"":138,""game_association_kind"":""khinsider_game_soundtrack"",""khinsider_album_url"":""https://downloads.khinsider.com/game-soundtracks/album/baldurs-gate-3-windows-gamerip-2023"",""khinsider_album_title"":""Baldur's Gate 3 (baldurs-gate-3-windows-gamerip-2023)"",""khinsider_album_kind"":""official_or_gamerip"",""khinsider_album_match_score"":100.0,""relevance_score_100"":100.0,""popularity_score_100"":41.76211598797836,""score_100"":76.70484639519134,""popularity_basis"":""BeatHit master-list game rank plus track position proxy""}"
494,886156620,Unknown credited artist,[],Baldur's Gate 3 (baldurs-gate-3-windows-gamerip-2023),,,"[""video game soundtrack""]","[""und""]",,,,Baldur's Gate 3,,,khinsider_track_prominence_proxy,41.76211598797836,score_0_100,,,,76.70484639519134,,,,https://downloads.khinsider.com/game-soundtracks/album/baldurs-gate-3-windows-gamerip-2023,2026-10-05,Track title is taken from KHInsider's soundtrack/gamerip album index. Popularity is an explicitly labelled proxy based on BeatHit game rank and track prominence.,"{""culture_category"":""video_game_music"",""video_game"":""Baldur's Gate 3"",""game_rank"":138,""game_association_kind"":""khinsider_game_soundtrack"",""khinsider_album_url"":""https://downloads.khinsider.com/game-soundtracks/album/baldurs-gate-3-windows-gamerip-2023"",""khinsider_album_title"":""Baldur's Gate 3 (baldurs-gate-3-windows-gamerip-2023)"",""khinsider_album_kind"":""official_or_gamerip"",""khinsider_album_match_score"":100.0,""relevance_score_100"":100.0,""popularity_score_100"":41.76211598797836,""score_100"":76.70484639519134,""popularity_basis"":""BeatHit master-list game rank plus track position proxy""}"
495,Ally Lost (Act I),Unknown credited artist,[],Baldur's Gate 3 (baldurs-gate-3-windows-gamerip-2023),,,"[""video game soundtrack""]","[""und""]",,,,Baldur's Gate 3,,,khinsider_track_prominence_proxy,41.76211598797836,score_0_100,,,,76.70484639519134,,,,https://downloads.khinsider.com/game-soundtracks/album/baldurs-gate-3-windows-gamerip-2023,2026-10-05,Track title is taken from KHInsider's soundtrack/gamerip album index. Popularity is an explicitly labelled proxy based on BeatHit game rank and track prominence.,"{""culture_category"":""video_game_music"",""video_game"":""Baldur's Gate 3"",""game_rank"":138,""game_association_kind"":""khinsider_game_soundtrack"",""khinsider_album_url"":""https://downloads.khinsider.com/game-soundtracks/album/baldurs-gate-3-windows-gamerip-2023"",""khinsider_album_title"":""Baldur's Gate 3 (baldurs-gate-3-windows-gamerip-2023)"",""khinsider_album_kind"":""official_or_gamerip"",""khinsider_album_match_score"":100.0,""relevance_score_100"":100.0,""popularity_score_100"":41.76211598797836,""score_100"":76.70484639519134,""popularity_basis"":""BeatHit master-list game rank plus track position proxy""}"
496,Goblin Camp Ambience,Unknown credited artist,[],Baldur's Gate 3 (baldurs-gate-3-windows-gamerip-2023),,,"[""video game soundtrack""]","[""und""]",,,,Baldur's Gate 3,,,khinsider_track_prominence_proxy,41.76211598797836,score_0_100,,,,76.70484639519134,,,,https://downloads.khinsider.com/game-soundtracks/album/baldurs-gate-3-windows-gamerip-2023,2026-10-05,Track title is taken from KHInsider's soundtrack/gamerip album index. Popularity is an explicitly labelled proxy based on BeatHit game rank and track prominence.,"{""culture_category"":""video_game_music"",""video_game"":""Baldur's Gate 3"",""game_rank"":138,""game_association_kind"":""khinsider_game_soundtrack"",""khinsider_album_url"":""https://downloads.khinsider.com/game-soundtracks/album/baldurs-gate-3-windows-gamerip-2023"",""khinsider_album_title"":""Baldur's Gate 3 (baldurs-gate-3-windows-gamerip-2023)"",""khinsider_album_kind"":""official_or_gamerip"",""khinsider_album_match_score"":100.0,""relevance_score_100"":100.0,""popularity_score_100"":41.76211598797836,""score_100"":76.70484639519134,""popularity_basis"":""BeatHit master-list game rank plus track position proxy""}"
497,Wyrm's Rock Prison,Unknown credited artist,[],Baldur's Gate 3 (baldurs-gate-3-windows-gamerip-2023),,,"[""video game soundtrack""]","[""und""]",,,,Baldur's Gate 3,,,khinsider_track_prominence_proxy,41.76211598797836,score_0_100,,,,76.70484639519134,,,,https://downloads.khinsider.com/game-soundtracks/album/baldurs-gate-3-windows-gamerip-2023,2026-10-05,Track title is taken from KHInsider's soundtrack/gamerip album index. Popularity is an explicitly labelled proxy based on BeatHit game rank and track prominence.,"{""culture_category"":""video_game_music"",""video_game"":""Baldur's Gate 3"",""game_rank"":138,""game_association_kind"":""khinsider_game_soundtrack"",""khinsider_album_url"":""https://downloads.khinsider.com/game-soundtracks/album/baldurs-gate-3-windows-gamerip-2023"",""khinsider_album_title"":""Baldur's Gate 3 (baldurs-gate-3-windows-gamerip-2023)"",""khinsider_album_kind"":""official_or_gamerip"",""khinsider_album_match_score"":100.0,""relevance_score_100"":100.0,""popularity_score_100"":41.76211598797836,""score_100"":76.70484639519134,""popularity_basis"":""BeatHit master-list game rank plus track position proxy""}"
498,Character CreationCamp,Unknown credited artist,[],Baldur's Gate 3 (baldurs-gate-3-windows-gamerip-2023),,,"[""video game soundtrack""]","[""und""]",,,,Baldur's Gate 3,,,khinsider_track_prominence_proxy,41.76211598797836,score_0_100,,,,76.70484639519134,,,,https://downloads.khinsider.com/game-soundtracks/album/baldurs-gate-3-windows-gamerip-2023,2026-10-05,Track title is taken from KHInsider's soundtrack/gamerip album index. Popularity is an explicitly labelled proxy based on BeatHit game rank and track prominence.,"{""culture_category"":""video_game_music"",""video_game"":""Baldur's Gate 3"",""game_rank"":138,""game_association_kind"":""khinsider_game_soundtrack"",""khinsider_album_url"":""https://downloads.khinsider.com/game-soundtracks/album/baldurs-gate-3-windows-gamerip-2023"",""khinsider_album_title"":""Baldur's Gate 3 (baldurs-gate-3-windows-gamerip-2023)"",""khinsider_album_kind"":""official_or_gamerip"",""khinsider_album_match_score"":100.0,""relevance_score_100"":100.0,""popularity_score_100"":41.76211598797836,""score_100"":76.70484639519134,""popularity_basis"":""BeatHit master-list game rank plus track position proxy""}"
499,First Dream,Unknown credited artist,[],Baldur's Gate 3 (baldurs-gate-3-windows-gamerip-2023),,,"[""video game soundtrack""]","[""und""]",,,,Baldur's Gate 3,,,khinsider_track_prominence_proxy,41.76211598797836,score_0_100,,,,76.70484639519134,,,,https://downloads.khinsider.com/game-soundtracks/album/baldurs-gate-3-windows-gamerip-2023,2026-10-05,Track title is taken from KHInsider's soundtrack/gamerip album index. Popularity is an explicitly labelled proxy based on BeatHit game rank and track prominence.,"{""culture_category"":""video_game_music"",""video_game"":""Baldur's Gate 3"",""game_rank"":138,""game_association_kind"":""khinsider_game_soundtrack"",""khinsider_album_url"":""https://downloads.khinsider.com/game-soundtracks/album/baldurs-gate-3-windows-gamerip-2023"",""khinsider_album_title"":""Baldur's Gate 3 (baldurs-gate-3-windows-gamerip-2023)"",""khinsider_album_kind"":""official_or_gamerip"",""khinsider_album_match_score"":100.0,""relevance_score_100"":100.0,""popularity_score_100"":41.76211598797836,""score_100"":76.70484639519134,""popularity_basis"":""BeatHit master-list game rank plus track position proxy""}"
500,Outside Moonrise,Unknown credited artist,[],Baldur's Gate 3 (baldurs-gate-3-windows-gamerip-2023),,,"[""video game soundtrack""]","[""und""]",,,,Baldur's Gate 3,,,khinsider_track_prominence_proxy,41.76211598797836,score_0_100,,,,76.70484639519134,,,,https://downloads.khinsider.com/game-soundtracks/album/baldurs-gate-3-windows-gamerip-2023,2026-10-05,Track title is taken from KHInsider's soundtrack/gamerip album index. Popularity is an explicitly labelled proxy based on BeatHit game rank and track prominence.,"{""culture_category"":""video_game_music"",""video_game"":""Baldur's Gate 3"",""game_rank"":138,""game_association_kind"":""khinsider_game_soundtrack"",""khinsider_album_url"":""https://downloads.khinsider.com/game-soundtracks/album/baldurs-gate-3-windows-gamerip-2023"",""khinsider_album_title"":""Baldur's Gate 3 (baldurs-gate-3-windows-gamerip-2023)"",""khinsider_album_kind"":""official_or_gamerip"",""khinsider_album_match_score"":100.0,""relevance_score_100"":100.0,""popularity_score_100"":41.76211598797836,""score_100"":76.70484639519134,""popularity_basis"":""BeatHit master-list game rank plus track position proxy""}"
501,902555801,Unknown credited artist,[],Baldur's Gate 3 (baldurs-gate-3-windows-gamerip-2023),,,"[""video game soundtrack""]","[""und""]",,,,Baldur's Gate 3,,,khinsider_track_prominence_proxy,41.76211598797836,score_0_100,,,,76.70484639519134,,,,https://downloads.khinsider.com/game-soundtracks/album/baldurs-gate-3-windows-gamerip-2023,2026-10-05,Track title is taken from KHInsider's soundtrack/gamerip album index. Popularity is an explicitly labelled proxy based on BeatHit game rank and track prominence.,"{""culture_category"":""video_game_music"",""video_game"":""Baldur's Gate 3"",""game_rank"":138,""game_association_kind"":""khinsider_game_soundtrack"",""khinsider_album_url"":""https://downloads.khinsider.com/game-soundtracks/album/baldurs-gate-3-windows-gamerip-2023"",""khinsider_album_title"":""Baldur's Gate 3 (baldurs-gate-3-windows-gamerip-2023)"",""khinsider_album_kind"":""official_or_gamerip"",""khinsider_album_match_score"":100.0,""relevance_score_100"":100.0,""popularity_score_100"":41.76211598797836,""score_100"":76.70484639519134,""popularity_basis"":""BeatHit master-list game rank plus track position proxy""}"
502,902685710,Unknown credited artist,[],Baldur's Gate 3 (baldurs-gate-3-windows-gamerip-2023),,,"[""video game soundtrack""]","[""und""]",,,,Baldur's Gate 3,,,khinsider_track_prominence_proxy,41.76211598797836,score_0_100,,,,76.70484639519134,,,,https://downloads.khinsider.com/game-soundtracks/album/baldurs-gate-3-windows-gamerip-2023,2026-10-05,Track title is taken from KHInsider's soundtrack/gamerip album index. Popularity is an explicitly labelled proxy based on BeatHit game rank and track prominence.,"{""culture_category"":""video_game_music"",""video_game"":""Baldur's Gate 3"",""game_rank"":138,""game_association_kind"":""khinsider_game_soundtrack"",""khinsider_album_url"":""https://downloads.khinsider.com/game-soundtracks/album/baldurs-gate-3-windows-gamerip-2023"",""khinsider_album_title"":""Baldur's Gate 3 (baldurs-gate-3-windows-gamerip-2023)"",""khinsider_album_kind"":""official_or_gamerip"",""khinsider_album_match_score"":100.0,""relevance_score_100"":100.0,""popularity_score_100"":41.76211598797836,""score_100"":76.70484639519134,""popularity_basis"":""BeatHit master-list game rank plus track position proxy""}"
503,"Druid's Grove, Blighted Village",Unknown credited artist,[],Baldur's Gate 3 (baldurs-gate-3-windows-gamerip-2023),,,"[""video game soundtrack""]","[""und""]",,,,Baldur's Gate 3,,,khinsider_track_prominence_proxy,41.76211598797836,score_0_100,,,,76.70484639519134,,,,https://downloads.khinsider.com/game-soundtracks/album/baldurs-gate-3-windows-gamerip-2023,2026-10-05,Track title is taken from KHInsider's soundtrack/gamerip album index. Popularity is an explicitly labelled proxy based on BeatHit game rank and track prominence.,"{""culture_category"":""video_game_music"",""video_game"":""Baldur's Gate 3"",""game_rank"":138,""game_association_kind"":""khinsider_game_soundtrack"",""khinsider_album_url"":""https://downloads.khinsider.com/game-soundtracks/album/baldurs-gate-3-windows-gamerip-2023"",""khinsider_album_title"":""Baldur's Gate 3 (baldurs-gate-3-windows-gamerip-2023)"",""khinsider_album_kind"":""official_or_gamerip"",""khinsider_album_match_score"":100.0,""relevance_score_100"":100.0,""popularity_score_100"":41.76211598797836,""score_100"":76.70484639519134,""popularity_basis"":""BeatHit master-list game rank plus track position proxy""}"
504,Lae'zel Romance (Act I),Unknown credited artist,[],Baldur's Gate 3 (baldurs-gate-3-windows-gamerip-2023),,,"[""video game soundtrack""]","[""und""]",,,,Baldur's Gate 3,,,khinsider_track_prominence_proxy,41.76211598797836,score_0_100,,,,76.70484639519134,,,,https://downloads.khinsider.com/game-soundtracks/album/baldurs-gate-3-windows-gamerip-2023,2026-10-05,Track title is taken from KHInsider's soundtrack/gamerip album index. Popularity is an explicitly labelled proxy based on BeatHit game rank and track prominence.,"{""culture_category"":""video_game_music"",""video_game"":""Baldur's Gate 3"",""game_rank"":138,""game_association_kind"":""khinsider_game_soundtrack"",""khinsider_album_url"":""https://downloads.khinsider.com/game-soundtracks/album/baldurs-gate-3-windows-gamerip-2023"",""khinsider_album_title"":""Baldur's Gate 3 (baldurs-gate-3-windows-gamerip-2023)"",""khinsider_album_kind"":""official_or_gamerip"",""khinsider_album_match_score"":100.0,""relevance_score_100"":100.0,""popularity_score_100"":41.76211598797836,""score_100"":76.70484639519134,""popularity_basis"":""BeatHit master-list game rank plus track position proxy""}"
505,Dark Corners,Unknown credited artist,[],Baldur's Gate 3 (baldurs-gate-3-windows-gamerip-2023),,,"[""video game soundtrack""]","[""und""]",,,,Baldur's Gate 3,,,khinsider_track_prominence_proxy,41.76211598797836,score_0_100,,,,76.70484639519134,,,,https://downloads.khinsider.com/game-soundtracks/album/baldurs-gate-3-windows-gamerip-2023,2026-10-05,Track title is taken from KHInsider's soundtrack/gamerip album index. Popularity is an explicitly labelled proxy based on BeatHit game rank and track prominence.,"{""culture_category"":""video_game_music"",""video_game"":""Baldur's Gate 3"",""game_rank"":138,""game_association_kind"":""khinsider_game_soundtrack"",""khinsider_album_url"":""https://downloads.khinsider.com/game-soundtracks/album/baldurs-gate-3-windows-gamerip-2023"",""khinsider_album_title"":""Baldur's Gate 3 (baldurs-gate-3-windows-gamerip-2023)"",""khinsider_album_kind"":""official_or_gamerip"",""khinsider_album_match_score"":100.0,""relevance_score_100"":100.0,""popularity_score_100"":41.76211598797836,""score_100"":76.70484639519134,""popularity_basis"":""BeatHit master-list game rank plus track position proxy""}"
506,Guardian Form Romance,Unknown credited artist,[],Baldur's Gate 3 (baldurs-gate-3-windows-gamerip-2023),,,"[""video game soundtrack""]","[""und""]",,,,Baldur's Gate 3,,,khinsider_track_prominence_proxy,41.76211598797836,score_0_100,,,,76.70484639519134,,,,https://downloads.khinsider.com/game-soundtracks/album/baldurs-gate-3-windows-gamerip-2023,2026-10-05,Track title is taken from KHInsider's soundtrack/gamerip album index. Popularity is an explicitly labelled proxy based on BeatHit game rank and track prominence.,"{""culture_category"":""video_game_music"",""video_game"":""Baldur's Gate 3"",""game_rank"":138,""game_association_kind"":""khinsider_game_soundtrack"",""khinsider_album_url"":""https://downloads.khinsider.com/game-soundtracks/album/baldurs-gate-3-windows-gamerip-2023"",""khinsider_album_title"":""Baldur's Gate 3 (baldurs-gate-3-windows-gamerip-2023)"",""khinsider_album_kind"":""official_or_gamerip"",""khinsider_album_match_score"":100.0,""relevance_score_100"":100.0,""popularity_score_100"":41.76211598797836,""score_100"":76.70484639519134,""popularity_basis"":""BeatHit master-list game rank plus track position proxy""}"
507,925660935,Unknown credited artist,[],Baldur's Gate 3 (baldurs-gate-3-windows-gamerip-2023),,,"[""video game soundtrack""]","[""und""]",,,,Baldur's Gate 3,,,khinsider_track_prominence_proxy,41.76211598797836,score_0_100,,,,76.70484639519134,,,,https://downloads.khinsider.com/game-soundtracks/album/baldurs-gate-3-windows-gamerip-2023,2026-10-05,Track title is taken from KHInsider's soundtrack/gamerip album index. Popularity is an explicitly labelled proxy based on BeatHit game rank and track prominence.,"{""culture_category"":""video_game_music"",""video_game"":""Baldur's Gate 3"",""game_rank"":138,""game_association_kind"":""khinsider_game_soundtrack"",""khinsider_album_url"":""https://downloads.khinsider.com/game-soundtracks/album/baldurs-gate-3-windows-gamerip-2023"",""khinsider_album_title"":""Baldur's Gate 3 (baldurs-gate-3-windows-gamerip-2023)"",""khinsider_album_kind"":""official_or_gamerip"",""khinsider_album_match_score"":100.0,""relevance_score_100"":100.0,""popularity_score_100"":41.76211598797836,""score_100"":76.70484639519134,""popularity_basis"":""BeatHit master-list game rank plus track position proxy""}"
508,Character Creation (Dark Urge),Unknown credited artist,[],Baldur's Gate 3 (baldurs-gate-3-windows-gamerip-2023),,,"[""video game soundtrack""]","[""und""]",,,,Baldur's Gate 3,,,khinsider_track_prominence_proxy,41.76211598797836,score_0_100,,,,76.70484639519134,,,,https://downloads.khinsider.com/game-soundtracks/album/baldurs-gate-3-windows-gamerip-2023,2026-10-05,Track title is taken from KHInsider's soundtrack/gamerip album index. Popularity is an explicitly labelled proxy based on BeatHit game rank and track prominence.,"{""culture_category"":""video_game_music"",""video_game"":""Baldur's Gate 3"",""game_rank"":138,""game_association_kind"":""khinsider_game_soundtrack"",""khinsider_album_url"":""https://downloads.khinsider.com/game-soundtracks/album/baldurs-gate-3-windows-gamerip-2023"",""khinsider_album_title"":""Baldur's Gate 3 (baldurs-gate-3-windows-gamerip-2023)"",""khinsider_album_kind"":""official_or_gamerip"",""khinsider_album_match_score"":100.0,""relevance_score_100"":100.0,""popularity_score_100"":41.76211598797836,""score_100"":76.70484639519134,""popularity_basis"":""BeatHit master-list game rank plus track position proxy""}"
509,933750591,Unknown credited artist,[],Baldur's Gate 3 (baldurs-gate-3-windows-gamerip-2023),,,"[""video game soundtrack""]","[""und""]",,,,Baldur's Gate 3,,,khinsider_track_prominence_proxy,41.76211598797836,score_0_100,,,,76.70484639519134,,,,https://downloads.khinsider.com/game-soundtracks/album/baldurs-gate-3-windows-gamerip-2023,2026-10-05,Track title is taken from KHInsider's soundtrack/gamerip album index. Popularity is an explicitly labelled proxy based on BeatHit game rank and track prominence.,"{""culture_category"":""video_game_music"",""video_game"":""Baldur's Gate 3"",""game_rank"":138,""game_association_kind"":""khinsider_game_soundtrack"",""khinsider_album_url"":""https://downloads.khinsider.com/game-soundtracks/album/baldurs-gate-3-windows-gamerip-2023"",""khinsider_album_title"":""Baldur's Gate 3 (baldurs-gate-3-windows-gamerip-2023)"",""khinsider_album_kind"":""official_or_gamerip"",""khinsider_album_match_score"":100.0,""relevance_score_100"":100.0,""popularity_score_100"":41.76211598797836,""score_100"":76.70484639519134,""popularity_basis"":""BeatHit master-list game rank plus track position proxy""}"
510,935102643,Unknown credited artist,[],Baldur's Gate 3 (baldurs-gate-3-windows-gamerip-2023),,,"[""video game soundtrack""]","[""und""]",,,,Baldur's Gate 3,,,khinsider_track_prominence_proxy,41.76211598797836,score_0_100,,,,76.70484639519134,,,,https://downloads.khinsider.com/game-soundtracks/album/baldurs-gate-3-windows-gamerip-2023,2026-10-05,Track title is taken from KHInsider's soundtrack/gamerip album index. Popularity is an explicitly labelled proxy based on BeatHit game rank and track prominence.,"{""culture_category"":""video_game_music"",""video_game"":""Baldur's Gate 3"",""game_rank"":138,""game_association_kind"":""khinsider_game_soundtrack"",""khinsider_album_url"":""https://downloads.khinsider.com/game-soundtracks/album/baldurs-gate-3-windows-gamerip-2023"",""khinsider_album_title"":""Baldur's Gate 3 (baldurs-gate-3-windows-gamerip-2023)"",""khinsider_album_kind"":""official_or_gamerip"",""khinsider_album_match_score"":100.0,""relevance_score_100"":100.0,""popularity_score_100"":41.76211598797836,""score_100"":76.70484639519134,""popularity_basis"":""BeatHit master-list game rank plus track position proxy""}"
511,935339346,Unknown credited artist,[],Baldur's Gate 3 (baldurs-gate-3-windows-gamerip-2023),,,"[""video game soundtrack""]","[""und""]",,,,Baldur's Gate 3,,,khinsider_track_prominence_proxy,41.76211598797836,score_0_100,,,,76.70484639519134,,,,https://downloads.khinsider.com/game-soundtracks/album/baldurs-gate-3-windows-gamerip-2023,2026-10-05,Track title is taken from KHInsider's soundtrack/gamerip album index. Popularity is an explicitly labelled proxy based on BeatHit game rank and track prominence.,"{""culture_category"":""video_game_music"",""video_game"":""Baldur's Gate 3"",""game_rank"":138,""game_association_kind"":""khinsider_game_soundtrack"",""khinsider_album_url"":""https://downloads.khinsider.com/game-soundtracks/album/baldurs-gate-3-windows-gamerip-2023"",""khinsider_album_title"":""Baldur's Gate 3 (baldurs-gate-3-windows-gamerip-2023)"",""khinsider_album_kind"":""official_or_gamerip"",""khinsider_album_match_score"":100.0,""relevance_score_100"":100.0,""popularity_score_100"":41.76211598797836,""score_100"":76.70484639519134,""popularity_basis"":""BeatHit master-list game rank plus track position proxy""}"
512,943035314,Unknown credited artist,[],Baldur's Gate 3 (baldurs-gate-3-windows-gamerip-2023),,,"[""video game soundtrack""]","[""und""]",,,,Baldur's Gate 3,,,khinsider_track_prominence_proxy,41.76211598797836,score_0_100,,,,76.70484639519134,,,,https://downloads.khinsider.com/game-soundtracks/album/baldurs-gate-3-windows-gamerip-2023,2026-10-05,Track title is taken from KHInsider's soundtrack/gamerip album index. Popularity is an explicitly labelled proxy based on BeatHit game rank and track prominence.,"{""culture_category"":""video_game_music"",""video_game"":""Baldur's Gate 3"",""game_rank"":138,""game_association_kind"":""khinsider_game_soundtrack"",""khinsider_album_url"":""https://downloads.khinsider.com/game-soundtracks/album/baldurs-gate-3-windows-gamerip-2023"",""khinsider_album_title"":""Baldur's Gate 3 (baldurs-gate-3-windows-gamerip-2023)"",""khinsider_album_kind"":""official_or_gamerip"",""khinsider_album_match_score"":100.0,""relevance_score_100"":100.0,""popularity_score_100"":41.76211598797836,""score_100"":76.70484639519134,""popularity_basis"":""BeatHit master-list game rank plus track position proxy""}"
513,Song of Balduran (Alternative) (Elfsong Tavern),Unknown credited artist,[],Baldur's Gate 3 (baldurs-gate-3-windows-gamerip-2023),,,"[""video game soundtrack""]","[""und""]",,,,Baldur's Gate 3,,,khinsider_track_prominence_proxy,41.76211598797836,score_0_100,,,,76.70484639519134,,,,https://downloads.khinsider.com/game-soundtracks/album/baldurs-gate-3-windows-gamerip-2023,2026-10-05,Track title is taken from KHInsider's soundtrack/gamerip album index. Popularity is an explicitly labelled proxy based on BeatHit game rank and track prominence.,"{""culture_category"":""video_game_music"",""video_game"":""Baldur's Gate 3"",""game_rank"":138,""game_association_kind"":""khinsider_game_soundtrack"",""khinsider_album_url"":""https://downloads.khinsider.com/game-soundtracks/album/baldurs-gate-3-windows-gamerip-2023"",""khinsider_album_title"":""Baldur's Gate 3 (baldurs-gate-3-windows-gamerip-2023)"",""khinsider_album_kind"":""official_or_gamerip"",""khinsider_album_match_score"":100.0,""relevance_score_100"":100.0,""popularity_score_100"":41.76211598797836,""score_100"":76.70484639519134,""popularity_basis"":""BeatHit master-list game rank plus track position proxy""}"
514,House of Hope,Unknown credited artist,[],Baldur's Gate 3 (baldurs-gate-3-windows-gamerip-2023),,,"[""video game soundtrack""]","[""und""]",,,,Baldur's Gate 3,,,khinsider_track_prominence_proxy,41.76211598797836,score_0_100,,,,76.70484639519134,,,,https://downloads.khinsider.com/game-soundtracks/album/baldurs-gate-3-windows-gamerip-2023,2026-10-05,Track title is taken from KHInsider's soundtrack/gamerip album index. Popularity is an explicitly labelled proxy based on BeatHit game rank and track prominence.,"{""culture_category"":""video_game_music"",""video_game"":""Baldur's Gate 3"",""game_rank"":138,""game_association_kind"":""khinsider_game_soundtrack"",""khinsider_album_url"":""https://downloads.khinsider.com/game-soundtracks/album/baldurs-gate-3-windows-gamerip-2023"",""khinsider_album_title"":""Baldur's Gate 3 (baldurs-gate-3-windows-gamerip-2023)"",""khinsider_album_kind"":""official_or_gamerip"",""khinsider_album_match_score"":100.0,""relevance_score_100"":100.0,""popularity_score_100"":41.76211598797836,""score_100"":76.70484639519134,""popularity_basis"":""BeatHit master-list game rank plus track position proxy""}"
515,953930906,Unknown credited artist,[],Baldur's Gate 3 (baldurs-gate-3-windows-gamerip-2023),,,"[""video game soundtrack""]","[""und""]",,,,Baldur's Gate 3,,,khinsider_track_prominence_proxy,41.76211598797836,score_0_100,,,,76.70484639519134,,,,https://downloads.khinsider.com/game-soundtracks/album/baldurs-gate-3-windows-gamerip-2023,2026-10-05,Track title is taken from KHInsider's soundtrack/gamerip album index. Popularity is an explicitly labelled proxy based on BeatHit game rank and track prominence.,"{""culture_category"":""video_game_music"",""video_game"":""Baldur's Gate 3"",""game_rank"":138,""game_association_kind"":""khinsider_game_soundtrack"",""khinsider_album_url"":""https://downloads.khinsider.com/game-soundtracks/album/baldurs-gate-3-windows-gamerip-2023"",""khinsider_album_title"":""Baldur's Gate 3 (baldurs-gate-3-windows-gamerip-2023)"",""khinsider_album_kind"":""official_or_gamerip"",""khinsider_album_match_score"":100.0,""relevance_score_100"":100.0,""popularity_score_100"":41.76211598797836,""score_100"":76.70484639519134,""popularity_basis"":""BeatHit master-list game rank plus track position proxy""}"
516,"Shar, Chamber of Loss (Act III)",Unknown credited artist,[],Baldur's Gate 3 (baldurs-gate-3-windows-gamerip-2023),,,"[""video game soundtrack""]","[""und""]",,,,Baldur's Gate 3,,,khinsider_track_prominence_proxy,41.76211598797836,score_0_100,,,,76.70484639519134,,,,https://downloads.khinsider.com/game-soundtracks/album/baldurs-gate-3-windows-gamerip-2023,2026-10-05,Track title is taken from KHInsider's soundtrack/gamerip album index. Popularity is an explicitly labelled proxy based on BeatHit game rank and track prominence.,"{""culture_category"":""video_game_music"",""video_game"":""Baldur's Gate 3"",""game_rank"":138,""game_association_kind"":""khinsider_game_soundtrack"",""khinsider_album_url"":""https://downloads.khinsider.com/game-soundtracks/album/baldurs-gate-3-windows-gamerip-2023"",""khinsider_album_title"":""Baldur's Gate 3 (baldurs-gate-3-windows-gamerip-2023)"",""khinsider_album_kind"":""official_or_gamerip"",""khinsider_album_match_score"":100.0,""relevance_score_100"":100.0,""popularity_score_100"":41.76211598797836,""score_100"":76.70484639519134,""popularity_basis"":""BeatHit master-list game rank plus track position proxy""}"
517,Jungles of Chult,Unknown credited artist,[],Baldur's Gate 3 (baldurs-gate-3-windows-gamerip-2023),,,"[""video game soundtrack""]","[""und""]",,,,Baldur's Gate 3,,,khinsider_track_prominence_proxy,41.76211598797836,score_0_100,,,,76.70484639519134,,,,https://downloads.khinsider.com/game-soundtracks/album/baldurs-gate-3-windows-gamerip-2023,2026-10-05,Track title is taken from KHInsider's soundtrack/gamerip album index. Popularity is an explicitly labelled proxy based on BeatHit game rank and track prominence.,"{""culture_category"":""video_game_music"",""video_game"":""Baldur's Gate 3"",""game_rank"":138,""game_association_kind"":""khinsider_game_soundtrack"",""khinsider_album_url"":""https://downloads.khinsider.com/game-soundtracks/album/baldurs-gate-3-windows-gamerip-2023"",""khinsider_album_title"":""Baldur's Gate 3 (baldurs-gate-3-windows-gamerip-2023)"",""khinsider_album_kind"":""official_or_gamerip"",""khinsider_album_match_score"":100.0,""relevance_score_100"":100.0,""popularity_score_100"":41.76211598797836,""score_100"":76.70484639519134,""popularity_basis"":""BeatHit master-list game rank plus track position proxy""}"
518,Before Mynthara and Grove Battle,Unknown credited artist,[],Baldur's Gate 3 (baldurs-gate-3-windows-gamerip-2023),,,"[""video game soundtrack""]","[""und""]",,,,Baldur's Gate 3,,,khinsider_track_prominence_proxy,41.76211598797836,score_0_100,,,,76.70484639519134,,,,https://downloads.khinsider.com/game-soundtracks/album/baldurs-gate-3-windows-gamerip-2023,2026-10-05,Track title is taken from KHInsider's soundtrack/gamerip album index. Popularity is an explicitly labelled proxy based on BeatHit game rank and track prominence.,"{""culture_category"":""video_game_music"",""video_game"":""Baldur's Gate 3"",""game_rank"":138,""game_association_kind"":""khinsider_game_soundtrack"",""khinsider_album_url"":""https://downloads.khinsider.com/game-soundtracks/album/baldurs-gate-3-windows-gamerip-2023"",""khinsider_album_title"":""Baldur's Gate 3 (baldurs-gate-3-windows-gamerip-2023)"",""khinsider_album_kind"":""official_or_gamerip"",""khinsider_album_match_score"":100.0,""relevance_score_100"":100.0,""popularity_score_100"":41.76211598797836,""score_100"":76.70484639519134,""popularity_basis"":""BeatHit master-list game rank plus track position proxy""}"
519,958540298,Unknown credited artist,[],Baldur's Gate 3 (baldurs-gate-3-windows-gamerip-2023),,,"[""video game soundtrack""]","[""und""]",,,,Baldur's Gate 3,,,khinsider_track_prominence_proxy,41.76211598797836,score_0_100,,,,76.70484639519134,,,,https://downloads.khinsider.com/game-soundtracks/album/baldurs-gate-3-windows-gamerip-2023,2026-10-05,Track title is taken from KHInsider's soundtrack/gamerip album index. Popularity is an explicitly labelled proxy based on BeatHit game rank and track prominence.,"{""culture_category"":""video_game_music"",""video_game"":""Baldur's Gate 3"",""game_rank"":138,""game_association_kind"":""khinsider_game_soundtrack"",""khinsider_album_url"":""https://downloads.khinsider.com/game-soundtracks/album/baldurs-gate-3-windows-gamerip-2023"",""khinsider_album_title"":""Baldur's Gate 3 (baldurs-gate-3-windows-gamerip-2023)"",""khinsider_album_kind"":""official_or_gamerip"",""khinsider_album_match_score"":100.0,""relevance_score_100"":100.0,""popularity_score_100"":41.76211598797836,""score_100"":76.70484639519134,""popularity_basis"":""BeatHit master-list game rank plus track position proxy""}"
520,959308227,Unknown credited artist,[],Baldur's Gate 3 (baldurs-gate-3-windows-gamerip-2023),,,"[""video game soundtrack""]","[""und""]",,,,Baldur's Gate 3,,,khinsider_track_prominence_proxy,41.76211598797836,score_0_100,,,,76.70484639519134,,,,https://downloads.khinsider.com/game-soundtracks/album/baldurs-gate-3-windows-gamerip-2023,2026-10-05,Track title is taken from KHInsider's soundtrack/gamerip album index. Popularity is an explicitly labelled proxy based on BeatHit game rank and track prominence.,"{""culture_category"":""video_game_music"",""video_game"":""Baldur's Gate 3"",""game_rank"":138,""game_association_kind"":""khinsider_game_soundtrack"",""khinsider_album_url"":""https://downloads.khinsider.com/game-soundtracks/album/baldurs-gate-3-windows-gamerip-2023"",""khinsider_album_title"":""Baldur's Gate 3 (baldurs-gate-3-windows-gamerip-2023)"",""khinsider_album_kind"":""official_or_gamerip"",""khinsider_album_match_score"":100.0,""relevance_score_100"":100.0,""popularity_score_100"":41.76211598797836,""score_100"":76.70484639519134,""popularity_basis"":""BeatHit master-list game rank plus track position proxy""}"
521,962193931,Unknown credited artist,[],Baldur's Gate 3 (baldurs-gate-3-windows-gamerip-2023),,,"[""video game soundtrack""]","[""und""]",,,,Baldur's Gate 3,,,khinsider_track_prominence_proxy,41.76211598797836,score_0_100,,,,76.70484639519134,,,,https://downloads.khinsider.com/game-soundtracks/album/baldurs-gate-3-windows-gamerip-2023,2026-10-05,Track title is taken from KHInsider's soundtrack/gamerip album index. Popularity is an explicitly labelled proxy based on BeatHit game rank and track prominence.,"{""culture_category"":""video_game_music"",""video_game"":""Baldur's Gate 3"",""game_rank"":138,""game_association_kind"":""khinsider_game_soundtrack"",""khinsider_album_url"":""https://downloads.khinsider.com/game-soundtracks/album/baldurs-gate-3-windows-gamerip-2023"",""khinsider_album_title"":""Baldur's Gate 3 (baldurs-gate-3-windows-gamerip-2023)"",""khinsider_album_kind"":""official_or_gamerip"",""khinsider_album_match_score"":100.0,""relevance_score_100"":100.0,""popularity_score_100"":41.76211598797836,""score_100"":76.70484639519134,""popularity_basis"":""BeatHit master-list game rank plus track position proxy""}"
522,House of Hope Escape,Unknown credited artist,[],Baldur's Gate 3 (baldurs-gate-3-windows-gamerip-2023),,,"[""video game soundtrack""]","[""und""]",,,,Baldur's Gate 3,,,khinsider_track_prominence_proxy,41.76211598797836,score_0_100,,,,76.70484639519134,,,,https://downloads.khinsider.com/game-soundtracks/album/baldurs-gate-3-windows-gamerip-2023,2026-10-05,Track title is taken from KHInsider's soundtrack/gamerip album index. Popularity is an explicitly labelled proxy based on BeatHit game rank and track prominence.,"{""culture_category"":""video_game_music"",""video_game"":""Baldur's Gate 3"",""game_rank"":138,""game_association_kind"":""khinsider_game_soundtrack"",""khinsider_album_url"":""https://downloads.khinsider.com/game-soundtracks/album/baldurs-gate-3-windows-gamerip-2023"",""khinsider_album_title"":""Baldur's Gate 3 (baldurs-gate-3-windows-gamerip-2023)"",""khinsider_album_kind"":""official_or_gamerip"",""khinsider_album_match_score"":100.0,""relevance_score_100"":100.0,""popularity_score_100"":41.76211598797836,""score_100"":76.70484639519134,""popularity_basis"":""BeatHit master-list game rank plus track position proxy""}"
523,House of Hope Victory,Unknown credited artist,[],Baldur's Gate 3 (baldurs-gate-3-windows-gamerip-2023),,,"[""video game soundtrack""]","[""und""]",,,,Baldur's Gate 3,,,khinsider_track_prominence_proxy,41.76211598797836,score_0_100,,,,76.70484639519134,,,,https://downloads.khinsider.com/game-soundtracks/album/baldurs-gate-3-windows-gamerip-2023,2026-10-05,Track title is taken from KHInsider's soundtrack/gamerip album index. Popularity is an explicitly labelled proxy based on BeatHit game rank and track prominence.,"{""culture_category"":""video_game_music"",""video_game"":""Baldur's Gate 3"",""game_rank"":138,""game_association_kind"":""khinsider_game_soundtrack"",""khinsider_album_url"":""https://downloads.khinsider.com/game-soundtracks/album/baldurs-gate-3-windows-gamerip-2023"",""khinsider_album_title"":""Baldur's Gate 3 (baldurs-gate-3-windows-gamerip-2023)"",""khinsider_album_kind"":""official_or_gamerip"",""khinsider_album_match_score"":100.0,""relevance_score_100"":100.0,""popularity_score_100"":41.76211598797836,""score_100"":76.70484639519134,""popularity_basis"":""BeatHit master-list game rank plus track position proxy""}"
524,Cazador's Ritual Stopped,Unknown credited artist,[],Baldur's Gate 3 (baldurs-gate-3-windows-gamerip-2023),,,"[""video game soundtrack""]","[""und""]",,,,Baldur's Gate 3,,,khinsider_track_prominence_proxy,41.76211598797836,score_0_100,,,,76.70484639519134,,,,https://downloads.khinsider.com/game-soundtracks/album/baldurs-gate-3-windows-gamerip-2023,2026-10-05,Track title is taken from KHInsider's soundtrack/gamerip album index. Popularity is an explicitly labelled proxy based on BeatHit game rank and track prominence.,"{""culture_category"":""video_game_music"",""video_game"":""Baldur's Gate 3"",""game_rank"":138,""game_association_kind"":""khinsider_game_soundtrack"",""khinsider_album_url"":""https://downloads.khinsider.com/game-soundtracks/album/baldurs-gate-3-windows-gamerip-2023"",""khinsider_album_title"":""Baldur's Gate 3 (baldurs-gate-3-windows-gamerip-2023)"",""khinsider_album_kind"":""official_or_gamerip"",""khinsider_album_match_score"":100.0,""relevance_score_100"":100.0,""popularity_score_100"":41.76211598797836,""score_100"":76.70484639519134,""popularity_basis"":""BeatHit master-list game rank plus track position proxy""}"
525,Malus Thorm (Act II),Unknown credited artist,[],Baldur's Gate 3 (baldurs-gate-3-windows-gamerip-2023),,,"[""video game soundtrack""]","[""und""]",,,,Baldur's Gate 3,,,khinsider_track_prominence_proxy,41.76211598797836,score_0_100,,,,76.70484639519134,,,,https://downloads.khinsider.com/game-soundtracks/album/baldurs-gate-3-windows-gamerip-2023,2026-10-05,Track title is taken from KHInsider's soundtrack/gamerip album index. Popularity is an explicitly labelled proxy based on BeatHit game rank and track prominence.,"{""culture_category"":""video_game_music"",""video_game"":""Baldur's Gate 3"",""game_rank"":138,""game_association_kind"":""khinsider_game_soundtrack"",""khinsider_album_url"":""https://downloads.khinsider.com/game-soundtracks/album/baldurs-gate-3-windows-gamerip-2023"",""khinsider_album_title"":""Baldur's Gate 3 (baldurs-gate-3-windows-gamerip-2023)"",""khinsider_album_kind"":""official_or_gamerip"",""khinsider_album_match_score"":100.0,""relevance_score_100"":100.0,""popularity_score_100"":41.76211598797836,""score_100"":76.70484639519134,""popularity_basis"":""BeatHit master-list game rank plus track position proxy""}"
526,969018135,Unknown credited artist,[],Baldur's Gate 3 (baldurs-gate-3-windows-gamerip-2023),,,"[""video game soundtrack""]","[""und""]",,,,Baldur's Gate 3,,,khinsider_track_prominence_proxy,41.76211598797836,score_0_100,,,,76.70484639519134,,,,https://downloads.khinsider.com/game-soundtracks/album/baldurs-gate-3-windows-gamerip-2023,2026-10-05,Track title is taken from KHInsider's soundtrack/gamerip album index. Popularity is an explicitly labelled proxy based on BeatHit game rank and track prominence.,"{""culture_category"":""video_game_music"",""video_game"":""Baldur's Gate 3"",""game_rank"":138,""game_association_kind"":""khinsider_game_soundtrack"",""khinsider_album_url"":""https://downloads.khinsider.com/game-soundtracks/album/baldurs-gate-3-windows-gamerip-2023"",""khinsider_album_title"":""Baldur's Gate 3 (baldurs-gate-3-windows-gamerip-2023)"",""khinsider_album_kind"":""official_or_gamerip"",""khinsider_album_match_score"":100.0,""relevance_score_100"":100.0,""popularity_score_100"":41.76211598797836,""score_100"":76.70484639519134,""popularity_basis"":""BeatHit master-list game rank plus track position proxy""}"
527,The Apostle of Myrkul,Unknown credited artist,[],Baldur's Gate 3 (baldurs-gate-3-windows-gamerip-2023),,,"[""video game soundtrack""]","[""und""]",,,,Baldur's Gate 3,,,khinsider_track_prominence_proxy,41.76211598797836,score_0_100,,,,76.70484639519134,,,,https://downloads.khinsider.com/game-soundtracks/album/baldurs-gate-3-windows-gamerip-2023,2026-10-05,Track title is taken from KHInsider's soundtrack/gamerip album index. Popularity is an explicitly labelled proxy based on BeatHit game rank and track prominence.,"{""culture_category"":""video_game_music"",""video_game"":""Baldur's Gate 3"",""game_rank"":138,""game_association_kind"":""khinsider_game_soundtrack"",""khinsider_album_url"":""https://downloads.khinsider.com/game-soundtracks/album/baldurs-gate-3-windows-gamerip-2023"",""khinsider_album_title"":""Baldur's Gate 3 (baldurs-gate-3-windows-gamerip-2023)"",""khinsider_album_kind"":""official_or_gamerip"",""khinsider_album_match_score"":100.0,""relevance_score_100"":100.0,""popularity_score_100"":41.76211598797836,""score_100"":76.70484639519134,""popularity_basis"":""BeatHit master-list game rank plus track position proxy""}"
528,978218755,Unknown credited artist,[],Baldur's Gate 3 (baldurs-gate-3-windows-gamerip-2023),,,"[""video game soundtrack""]","[""und""]",,,,Baldur's Gate 3,,,khinsider_track_prominence_proxy,41.76211598797836,score_0_100,,,,76.70484639519134,,,,https://downloads.khinsider.com/game-soundtracks/album/baldurs-gate-3-windows-gamerip-2023,2026-10-05,Track title is taken from KHInsider's soundtrack/gamerip album index. Popularity is an explicitly labelled proxy based on BeatHit game rank and track prominence.,"{""culture_category"":""video_game_music"",""video_game"":""Baldur's Gate 3"",""game_rank"":138,""game_association_kind"":""khinsider_game_soundtrack"",""khinsider_album_url"":""https://downloads.khinsider.com/game-soundtracks/album/baldurs-gate-3-windows-gamerip-2023"",""khinsider_album_title"":""Baldur's Gate 3 (baldurs-gate-3-windows-gamerip-2023)"",""khinsider_album_kind"":""official_or_gamerip"",""khinsider_album_match_score"":100.0,""relevance_score_100"":100.0,""popularity_score_100"":41.76211598797836,""score_100"":76.70484639519134,""popularity_basis"":""BeatHit master-list game rank plus track position proxy""}"
529,980736768,Unknown credited artist,[],Baldur's Gate 3 (baldurs-gate-3-windows-gamerip-2023),,,"[""video game soundtrack""]","[""und""]",,,,Baldur's Gate 3,,,khinsider_track_prominence_proxy,41.76211598797836,score_0_100,,,,76.70484639519134,,,,https://downloads.khinsider.com/game-soundtracks/album/baldurs-gate-3-windows-gamerip-2023,2026-10-05,Track title is taken from KHInsider's soundtrack/gamerip album index. Popularity is an explicitly labelled proxy based on BeatHit game rank and track prominence.,"{""culture_category"":""video_game_music"",""video_game"":""Baldur's Gate 3"",""game_rank"":138,""game_association_kind"":""khinsider_game_soundtrack"",""khinsider_album_url"":""https://downloads.khinsider.com/game-soundtracks/album/baldurs-gate-3-windows-gamerip-2023"",""khinsider_album_title"":""Baldur's Gate 3 (baldurs-gate-3-windows-gamerip-2023)"",""khinsider_album_kind"":""official_or_gamerip"",""khinsider_album_match_score"":100.0,""relevance_score_100"":100.0,""popularity_score_100"":41.76211598797836,""score_100"":76.70484639519134,""popularity_basis"":""BeatHit master-list game rank plus track position proxy""}"
530,984598351,Unknown credited artist,[],Baldur's Gate 3 (baldurs-gate-3-windows-gamerip-2023),,,"[""video game soundtrack""]","[""und""]",,,,Baldur's Gate 3,,,khinsider_track_prominence_proxy,41.76211598797836,score_0_100,,,,76.70484639519134,,,,https://downloads.khinsider.com/game-soundtracks/album/baldurs-gate-3-windows-gamerip-2023,2026-10-05,Track title is taken from KHInsider's soundtrack/gamerip album index. Popularity is an explicitly labelled proxy based on BeatHit game rank and track prominence.,"{""culture_category"":""video_game_music"",""video_game"":""Baldur's Gate 3"",""game_rank"":138,""game_association_kind"":""khinsider_game_soundtrack"",""khinsider_album_url"":""https://downloads.khinsider.com/game-soundtracks/album/baldurs-gate-3-windows-gamerip-2023"",""khinsider_album_title"":""Baldur's Gate 3 (baldurs-gate-3-windows-gamerip-2023)"",""khinsider_album_kind"":""official_or_gamerip"",""khinsider_album_match_score"":100.0,""relevance_score_100"":100.0,""popularity_score_100"":41.76211598797836,""score_100"":76.70484639519134,""popularity_basis"":""BeatHit master-list game rank plus track position proxy""}"
531,985694728,Unknown credited artist,[],Baldur's Gate 3 (baldurs-gate-3-windows-gamerip-2023),,,"[""video game soundtrack""]","[""und""]",,,,Baldur's Gate 3,,,khinsider_track_prominence_proxy,41.76211598797836,score_0_100,,,,76.70484639519134,,,,https://downloads.khinsider.com/game-soundtracks/album/baldurs-gate-3-windows-gamerip-2023,2026-10-05,Track title is taken from KHInsider's soundtrack/gamerip album index. Popularity is an explicitly labelled proxy based on BeatHit game rank and track prominence.,"{""culture_category"":""video_game_music"",""video_game"":""Baldur's Gate 3"",""game_rank"":138,""game_association_kind"":""khinsider_game_soundtrack"",""khinsider_album_url"":""https://downloads.khinsider.com/game-soundtracks/album/baldurs-gate-3-windows-gamerip-2023"",""khinsider_album_title"":""Baldur's Gate 3 (baldurs-gate-3-windows-gamerip-2023)"",""khinsider_album_kind"":""official_or_gamerip"",""khinsider_album_match_score"":100.0,""relevance_score_100"":100.0,""popularity_score_100"":41.76211598797836,""score_100"":76.70484639519134,""popularity_basis"":""BeatHit master-list game rank plus track position proxy""}"
532,Epilogue (Hero Ending),Unknown credited artist,[],Baldur's Gate 3 (baldurs-gate-3-windows-gamerip-2023),,,"[""video game soundtrack""]","[""und""]",,,,Baldur's Gate 3,,,khinsider_track_prominence_proxy,41.76211598797836,score_0_100,,,,76.70484639519134,,,,https://downloads.khinsider.com/game-soundtracks/album/baldurs-gate-3-windows-gamerip-2023,2026-10-05,Track title is taken from KHInsider's soundtrack/gamerip album index. Popularity is an explicitly labelled proxy based on BeatHit game rank and track prominence.,"{""culture_category"":""video_game_music"",""video_game"":""Baldur's Gate 3"",""game_rank"":138,""game_association_kind"":""khinsider_game_soundtrack"",""khinsider_album_url"":""https://downloads.khinsider.com/game-soundtracks/album/baldurs-gate-3-windows-gamerip-2023"",""khinsider_album_title"":""Baldur's Gate 3 (baldurs-gate-3-windows-gamerip-2023)"",""khinsider_album_kind"":""official_or_gamerip"",""khinsider_album_match_score"":100.0,""relevance_score_100"":100.0,""popularity_score_100"":41.76211598797836,""score_100"":76.70484639519134,""popularity_basis"":""BeatHit master-list game rank plus track position proxy""}"
533,993687569,Unknown credited artist,[],Baldur's Gate 3 (baldurs-gate-3-windows-gamerip-2023),,,"[""video game soundtrack""]","[""und""]",,,,Baldur's Gate 3,,,khinsider_track_prominence_proxy,41.76211598797836,score_0_100,,,,76.70484639519134,,,,https://downloads.khinsider.com/game-soundtracks/album/baldurs-gate-3-windows-gamerip-2023,2026-10-05,Track title is taken from KHInsider's soundtrack/gamerip album index. Popularity is an explicitly labelled proxy based on BeatHit game rank and track prominence.,"{""culture_category"":""video_game_music"",""video_game"":""Baldur's Gate 3"",""game_rank"":138,""game_association_kind"":""khinsider_game_soundtrack"",""khinsider_album_url"":""https://downloads.khinsider.com/game-soundtracks/album/baldurs-gate-3-windows-gamerip-2023"",""khinsider_album_title"":""Baldur's Gate 3 (baldurs-gate-3-windows-gamerip-2023)"",""khinsider_album_kind"":""official_or_gamerip"",""khinsider_album_match_score"":100.0,""relevance_score_100"":100.0,""popularity_score_100"":41.76211598797836,""score_100"":76.70484639519134,""popularity_basis"":""BeatHit master-list game rank plus track position proxy""}"
534,1005764460,Unknown credited artist,[],Baldur's Gate 3 (baldurs-gate-3-windows-gamerip-2023),,,"[""video game soundtrack""]","[""und""]",,,,Baldur's Gate 3,,,khinsider_track_prominence_proxy,41.76211598797836,score_0_100,,,,76.70484639519134,,,,https://downloads.khinsider.com/game-soundtracks/album/baldurs-gate-3-windows-gamerip-2023,2026-10-05,Track title is taken from KHInsider's soundtrack/gamerip album index. Popularity is an explicitly labelled proxy based on BeatHit game rank and track prominence.,"{""culture_category"":""video_game_music"",""video_game"":""Baldur's Gate 3"",""game_rank"":138,""game_association_kind"":""khinsider_game_soundtrack"",""khinsider_album_url"":""https://downloads.khinsider.com/game-soundtracks/album/baldurs-gate-3-windows-gamerip-2023"",""khinsider_album_title"":""Baldur's Gate 3 (baldurs-gate-3-windows-gamerip-2023)"",""khinsider_album_kind"":""official_or_gamerip"",""khinsider_album_match_score"":100.0,""relevance_score_100"":100.0,""popularity_score_100"":41.76211598797836,""score_100"":76.70484639519134,""popularity_basis"":""BeatHit master-list game rank plus track position proxy""}"
535,Of Divinity and Sin (Bard Song),Unknown credited artist,[],Baldur's Gate 3 (baldurs-gate-3-windows-gamerip-2023),,,"[""video game soundtrack""]","[""und""]",,,,Baldur's Gate 3,,,khinsider_track_prominence_proxy,41.76211598797836,score_0_100,,,,76.70484639519134,,,,https://downloads.khinsider.com/game-soundtracks/album/baldurs-gate-3-windows-gamerip-2023,2026-10-05,Track title is taken from KHInsider's soundtrack/gamerip album index. Popularity is an explicitly labelled proxy based on BeatHit game rank and track prominence.,"{""culture_category"":""video_game_music"",""video_game"":""Baldur's Gate 3"",""game_rank"":138,""game_association_kind"":""khinsider_game_soundtrack"",""khinsider_album_url"":""https://downloads.khinsider.com/game-soundtracks/album/baldurs-gate-3-windows-gamerip-2023"",""khinsider_album_title"":""Baldur's Gate 3 (baldurs-gate-3-windows-gamerip-2023)"",""khinsider_album_kind"":""official_or_gamerip"",""khinsider_album_match_score"":100.0,""relevance_score_100"":100.0,""popularity_score_100"":41.76211598797836,""score_100"":76.70484639519134,""popularity_basis"":""BeatHit master-list game rank plus track position proxy""}"
536,Mynthara Leading the Final Battle of the Grove (Alternative),Unknown credited artist,[],Baldur's Gate 3 (baldurs-gate-3-windows-gamerip-2023),,,"[""video game soundtrack""]","[""und""]",,,,Baldur's Gate 3,,,khinsider_track_prominence_proxy,41.76211598797836,score_0_100,,,,76.70484639519134,,,,https://downloads.khinsider.com/game-soundtracks/album/baldurs-gate-3-windows-gamerip-2023,2026-10-05,Track title is taken from KHInsider's soundtrack/gamerip album index. Popularity is an explicitly labelled proxy based on BeatHit game rank and track prominence.,"{""culture_category"":""video_game_music"",""video_game"":""Baldur's Gate 3"",""game_rank"":138,""game_association_kind"":""khinsider_game_soundtrack"",""khinsider_album_url"":""https://downloads.khinsider.com/game-soundtracks/album/baldurs-gate-3-windows-gamerip-2023"",""khinsider_album_title"":""Baldur's Gate 3 (baldurs-gate-3-windows-gamerip-2023)"",""khinsider_album_kind"":""official_or_gamerip"",""khinsider_album_match_score"":100.0,""relevance_score_100"":100.0,""popularity_score_100"":41.76211598797836,""score_100"":76.70484639519134,""popularity_basis"":""BeatHit master-list game rank plus track position proxy""}"
537,1016263322,Unknown credited artist,[],Baldur's Gate 3 (baldurs-gate-3-windows-gamerip-2023),,,"[""video game soundtrack""]","[""und""]",,,,Baldur's Gate 3,,,khinsider_track_prominence_proxy,41.76211598797836,score_0_100,,,,76.70484639519134,,,,https://downloads.khinsider.com/game-soundtracks/album/baldurs-gate-3-windows-gamerip-2023,2026-10-05,Track title is taken from KHInsider's soundtrack/gamerip album index. Popularity is an explicitly labelled proxy based on BeatHit game rank and track prominence.,"{""culture_category"":""video_game_music"",""video_game"":""Baldur's Gate 3"",""game_rank"":138,""game_association_kind"":""khinsider_game_soundtrack"",""khinsider_album_url"":""https://downloads.khinsider.com/game-soundtracks/album/baldurs-gate-3-windows-gamerip-2023"",""khinsider_album_title"":""Baldur's Gate 3 (baldurs-gate-3-windows-gamerip-2023)"",""khinsider_album_kind"":""official_or_gamerip"",""khinsider_album_match_score"":100.0,""relevance_score_100"":100.0,""popularity_score_100"":41.76211598797836,""score_100"":76.70484639519134,""popularity_basis"":""BeatHit master-list game rank plus track position proxy""}"
538,"The Emperor, Intimate Romance",Unknown credited artist,[],Baldur's Gate 3 (baldurs-gate-3-windows-gamerip-2023),,,"[""video game soundtrack""]","[""und""]",,,,Baldur's Gate 3,,,khinsider_track_prominence_proxy,41.76211598797836,score_0_100,,,,76.70484639519134,,,,https://downloads.khinsider.com/game-soundtracks/album/baldurs-gate-3-windows-gamerip-2023,2026-10-05,Track title is taken from KHInsider's soundtrack/gamerip album index. Popularity is an explicitly labelled proxy based on BeatHit game rank and track prominence.,"{""culture_category"":""video_game_music"",""video_game"":""Baldur's Gate 3"",""game_rank"":138,""game_association_kind"":""khinsider_game_soundtrack"",""khinsider_album_url"":""https://downloads.khinsider.com/game-soundtracks/album/baldurs-gate-3-windows-gamerip-2023"",""khinsider_album_title"":""Baldur's Gate 3 (baldurs-gate-3-windows-gamerip-2023)"",""khinsider_album_kind"":""official_or_gamerip"",""khinsider_album_match_score"":100.0,""relevance_score_100"":100.0,""popularity_score_100"":41.76211598797836,""score_100"":76.70484639519134,""popularity_basis"":""BeatHit master-list game rank plus track position proxy""}"
539,The Emperor's True Self,Unknown credited artist,[],Baldur's Gate 3 (baldurs-gate-3-windows-gamerip-2023),,,"[""video game soundtrack""]","[""und""]",,,,Baldur's Gate 3,,,khinsider_track_prominence_proxy,41.76211598797836,score_0_100,,,,76.70484639519134,,,,https://downloads.khinsider.com/game-soundtracks/album/baldurs-gate-3-windows-gamerip-2023,2026-10-05,Track title is taken from KHInsider's soundtrack/gamerip album index. Popularity is an explicitly labelled proxy based on BeatHit game rank and track prominence.,"{""culture_category"":""video_game_music"",""video_game"":""Baldur's Gate 3"",""game_rank"":138,""game_association_kind"":""khinsider_game_soundtrack"",""khinsider_album_url"":""https://downloads.khinsider.com/game-soundtracks/album/baldurs-gate-3-windows-gamerip-2023"",""khinsider_album_title"":""Baldur's Gate 3 (baldurs-gate-3-windows-gamerip-2023)"",""khinsider_album_kind"":""official_or_gamerip"",""khinsider_album_match_score"":100.0,""relevance_score_100"":100.0,""popularity_score_100"":41.76211598797836,""score_100"":76.70484639519134,""popularity_basis"":""BeatHit master-list game rank plus track position proxy""}"
540,Dark Urge Romance (Act II),Unknown credited artist,[],Baldur's Gate 3 (baldurs-gate-3-windows-gamerip-2023),,,"[""video game soundtrack""]","[""und""]",,,,Baldur's Gate 3,,,khinsider_track_prominence_proxy,41.76211598797836,score_0_100,,,,76.70484639519134,,,,https://downloads.khinsider.com/game-soundtracks/album/baldurs-gate-3-windows-gamerip-2023,2026-10-05,Track title is taken from KHInsider's soundtrack/gamerip album index. Popularity is an explicitly labelled proxy based on BeatHit game rank and track prominence.,"{""culture_category"":""video_game_music"",""video_game"":""Baldur's Gate 3"",""game_rank"":138,""game_association_kind"":""khinsider_game_soundtrack"",""khinsider_album_url"":""https://downloads.khinsider.com/game-soundtracks/album/baldurs-gate-3-windows-gamerip-2023"",""khinsider_album_title"":""Baldur's Gate 3 (baldurs-gate-3-windows-gamerip-2023)"",""khinsider_album_kind"":""official_or_gamerip"",""khinsider_album_match_score"":100.0,""relevance_score_100"":100.0,""popularity_score_100"":41.76211598797836,""score_100"":76.70484639519134,""popularity_basis"":""BeatHit master-list game rank plus track position proxy""}"
541,Battle Against the Shadows,Unknown credited artist,[],Baldur's Gate 3 (baldurs-gate-3-windows-gamerip-2023),,,"[""video game soundtrack""]","[""und""]",,,,Baldur's Gate 3,,,khinsider_track_prominence_proxy,41.76211598797836,score_0_100,,,,76.70484639519134,,,,https://downloads.khinsider.com/game-soundtracks/album/baldurs-gate-3-windows-gamerip-2023,2026-10-05,Track title is taken from KHInsider's soundtrack/gamerip album index. Popularity is an explicitly labelled proxy based on BeatHit game rank and track prominence.,"{""culture_category"":""video_game_music"",""video_game"":""Baldur's Gate 3"",""game_rank"":138,""game_association_kind"":""khinsider_game_soundtrack"",""khinsider_album_url"":""https://downloads.khinsider.com/game-soundtracks/album/baldurs-gate-3-windows-gamerip-2023"",""khinsider_album_title"":""Baldur's Gate 3 (baldurs-gate-3-windows-gamerip-2023)"",""khinsider_album_kind"":""official_or_gamerip"",""khinsider_album_match_score"":100.0,""relevance_score_100"":100.0,""popularity_score_100"":41.76211598797836,""score_100"":76.70484639519134,""popularity_basis"":""BeatHit master-list game rank plus track position proxy""}"
542,1032011443,Unknown credited artist,[],Baldur's Gate 3 (baldurs-gate-3-windows-gamerip-2023),,,"[""video game soundtrack""]","[""und""]",,,,Baldur's Gate 3,,,khinsider_track_prominence_proxy,41.76211598797836,score_0_100,,,,76.70484639519134,,,,https://downloads.khinsider.com/game-soundtracks/album/baldurs-gate-3-windows-gamerip-2023,2026-10-05,Track title is taken from KHInsider's soundtrack/gamerip album index. Popularity is an explicitly labelled proxy based on BeatHit game rank and track prominence.,"{""culture_category"":""video_game_music"",""video_game"":""Baldur's Gate 3"",""game_rank"":138,""game_association_kind"":""khinsider_game_soundtrack"",""khinsider_album_url"":""https://downloads.khinsider.com/game-soundtracks/album/baldurs-gate-3-windows-gamerip-2023"",""khinsider_album_title"":""Baldur's Gate 3 (baldurs-gate-3-windows-gamerip-2023)"",""khinsider_album_kind"":""official_or_gamerip"",""khinsider_album_match_score"":100.0,""relevance_score_100"":100.0,""popularity_score_100"":41.76211598797836,""score_100"":76.70484639519134,""popularity_basis"":""BeatHit master-list game rank plus track position proxy""}"
543,Dark Urge Meets Bhaal,Unknown credited artist,[],Baldur's Gate 3 (baldurs-gate-3-windows-gamerip-2023),,,"[""video game soundtrack""]","[""und""]",,,,Baldur's Gate 3,,,khinsider_track_prominence_proxy,41.76211598797836,score_0_100,,,,76.70484639519134,,,,https://downloads.khinsider.com/game-soundtracks/album/baldurs-gate-3-windows-gamerip-2023,2026-10-05,Track title is taken from KHInsider's soundtrack/gamerip album index. Popularity is an explicitly labelled proxy based on BeatHit game rank and track prominence.,"{""culture_category"":""video_game_music"",""video_game"":""Baldur's Gate 3"",""game_rank"":138,""game_association_kind"":""khinsider_game_soundtrack"",""khinsider_album_url"":""https://downloads.khinsider.com/game-soundtracks/album/baldurs-gate-3-windows-gamerip-2023"",""khinsider_album_title"":""Baldur's Gate 3 (baldurs-gate-3-windows-gamerip-2023)"",""khinsider_album_kind"":""official_or_gamerip"",""khinsider_album_match_score"":100.0,""relevance_score_100"":100.0,""popularity_score_100"":41.76211598797836,""score_100"":76.70484639519134,""popularity_basis"":""BeatHit master-list game rank plus track position proxy""}"
544,Gates of the Druid Grove,Unknown credited artist,[],Baldur's Gate 3 (baldurs-gate-3-windows-gamerip-2023),,,"[""video game soundtrack""]","[""und""]",,,,Baldur's Gate 3,,,khinsider_track_prominence_proxy,41.76211598797836,score_0_100,,,,76.70484639519134,,,,https://downloads.khinsider.com/game-soundtracks/album/baldurs-gate-3-windows-gamerip-2023,2026-10-05,Track title is taken from KHInsider's soundtrack/gamerip album index. Popularity is an explicitly labelled proxy based on BeatHit game rank and track prominence.,"{""culture_category"":""video_game_music"",""video_game"":""Baldur's Gate 3"",""game_rank"":138,""game_association_kind"":""khinsider_game_soundtrack"",""khinsider_album_url"":""https://downloads.khinsider.com/game-soundtracks/album/baldurs-gate-3-windows-gamerip-2023"",""khinsider_album_title"":""Baldur's Gate 3 (baldurs-gate-3-windows-gamerip-2023)"",""khinsider_album_kind"":""official_or_gamerip"",""khinsider_album_match_score"":100.0,""relevance_score_100"":100.0,""popularity_score_100"":41.76211598797836,""score_100"":76.70484639519134,""popularity_basis"":""BeatHit master-list game rank plus track position proxy""}"
545,1036338321,Unknown credited artist,[],Baldur's Gate 3 (baldurs-gate-3-windows-gamerip-2023),,,"[""video game soundtrack""]","[""und""]",,,,Baldur's Gate 3,,,khinsider_track_prominence_proxy,41.76211598797836,score_0_100,,,,76.70484639519134,,,,https://downloads.khinsider.com/game-soundtracks/album/baldurs-gate-3-windows-gamerip-2023,2026-10-05,Track title is taken from KHInsider's soundtrack/gamerip album index. Popularity is an explicitly labelled proxy based on BeatHit game rank and track prominence.,"{""culture_category"":""video_game_music"",""video_game"":""Baldur's Gate 3"",""game_rank"":138,""game_association_kind"":""khinsider_game_soundtrack"",""khinsider_album_url"":""https://downloads.khinsider.com/game-soundtracks/album/baldurs-gate-3-windows-gamerip-2023"",""khinsider_album_title"":""Baldur's Gate 3 (baldurs-gate-3-windows-gamerip-2023)"",""khinsider_album_kind"":""official_or_gamerip"",""khinsider_album_match_score"":100.0,""relevance_score_100"":100.0,""popularity_score_100"":41.76211598797836,""score_100"":76.70484639519134,""popularity_basis"":""BeatHit master-list game rank plus track position proxy""}"
546,"Wash My Pain Away, Mountain Pass",Unknown credited artist,[],Baldur's Gate 3 (baldurs-gate-3-windows-gamerip-2023),,,"[""video game soundtrack""]","[""und""]",,,,Baldur's Gate 3,,,khinsider_track_prominence_proxy,41.76211598797836,score_0_100,,,,76.70484639519134,,,,https://downloads.khinsider.com/game-soundtracks/album/baldurs-gate-3-windows-gamerip-2023,2026-10-05,Track title is taken from KHInsider's soundtrack/gamerip album index. Popularity is an explicitly labelled proxy based on BeatHit game rank and track prominence.,"{""culture_category"":""video_game_music"",""video_game"":""Baldur's Gate 3"",""game_rank"":138,""game_association_kind"":""khinsider_game_soundtrack"",""khinsider_album_url"":""https://downloads.khinsider.com/game-soundtracks/album/baldurs-gate-3-windows-gamerip-2023"",""khinsider_album_title"":""Baldur's Gate 3 (baldurs-gate-3-windows-gamerip-2023)"",""khinsider_album_kind"":""official_or_gamerip"",""khinsider_album_match_score"":100.0,""relevance_score_100"":100.0,""popularity_score_100"":41.76211598797836,""score_100"":76.70484639519134,""popularity_basis"":""BeatHit master-list game rank plus track position proxy""}"
547,Tiefling Celebration Party,Unknown credited artist,[],Baldur's Gate 3 (baldurs-gate-3-windows-gamerip-2023),,,"[""video game soundtrack""]","[""und""]",,,,Baldur's Gate 3,,,khinsider_track_prominence_proxy,41.76211598797836,score_0_100,,,,76.70484639519134,,,,https://downloads.khinsider.com/game-soundtracks/album/baldurs-gate-3-windows-gamerip-2023,2026-10-05,Track title is taken from KHInsider's soundtrack/gamerip album index. Popularity is an explicitly labelled proxy based on BeatHit game rank and track prominence.,"{""culture_category"":""video_game_music"",""video_game"":""Baldur's Gate 3"",""game_rank"":138,""game_association_kind"":""khinsider_game_soundtrack"",""khinsider_album_url"":""https://downloads.khinsider.com/game-soundtracks/album/baldurs-gate-3-windows-gamerip-2023"",""khinsider_album_title"":""Baldur's Gate 3 (baldurs-gate-3-windows-gamerip-2023)"",""khinsider_album_kind"":""official_or_gamerip"",""khinsider_album_match_score"":100.0,""relevance_score_100"":100.0,""popularity_score_100"":41.76211598797836,""score_100"":76.70484639519134,""popularity_basis"":""BeatHit master-list game rank plus track position proxy""}"
548,1058120055,Unknown credited artist,[],Baldur's Gate 3 (baldurs-gate-3-windows-gamerip-2023),,,"[""video game soundtrack""]","[""und""]",,,,Baldur's Gate 3,,,khinsider_track_prominence_proxy,41.76211598797836,score_0_100,,,,76.70484639519134,,,,https://downloads.khinsider.com/game-soundtracks/album/baldurs-gate-3-windows-gamerip-2023,2026-10-05,Track title is taken from KHInsider's soundtrack/gamerip album index. Popularity is an explicitly labelled proxy based on BeatHit game rank and track prominence.,"{""culture_category"":""video_game_music"",""video_game"":""Baldur's Gate 3"",""game_rank"":138,""game_association_kind"":""khinsider_game_soundtrack"",""khinsider_album_url"":""https://downloads.khinsider.com/game-soundtracks/album/baldurs-gate-3-windows-gamerip-2023"",""khinsider_album_title"":""Baldur's Gate 3 (baldurs-gate-3-windows-gamerip-2023)"",""khinsider_album_kind"":""official_or_gamerip"",""khinsider_album_match_score"":100.0,""relevance_score_100"":100.0,""popularity_score_100"":41.76211598797836,""score_100"":76.70484639519134,""popularity_basis"":""BeatHit master-list game rank plus track position proxy""}"
549,1062276868,Unknown credited artist,[],Baldur's Gate 3 (baldurs-gate-3-windows-gamerip-2023),,,"[""video game soundtrack""]","[""und""]",,,,Baldur's Gate 3,,,khinsider_track_prominence_proxy,41.76211598797836,score_0_100,,,,76.70484639519134,,,,https://downloads.khinsider.com/game-soundtracks/album/baldurs-gate-3-windows-gamerip-2023,2026-10-05,Track title is taken from KHInsider's soundtrack/gamerip album index. Popularity is an explicitly labelled proxy based on BeatHit game rank and track prominence.,"{""culture_category"":""video_game_music"",""video_game"":""Baldur's Gate 3"",""game_rank"":138,""game_association_kind"":""khinsider_game_soundtrack"",""khinsider_album_url"":""https://downloads.khinsider.com/game-soundtracks/album/baldurs-gate-3-windows-gamerip-2023"",""khinsider_album_title"":""Baldur's Gate 3 (baldurs-gate-3-windows-gamerip-2023)"",""khinsider_album_kind"":""official_or_gamerip"",""khinsider_album_match_score"":100.0,""relevance_score_100"":100.0,""popularity_score_100"":41.76211598797836,""score_100"":76.70484639519134,""popularity_basis"":""BeatHit master-list game rank plus track position proxy""}"
550,Wyrm's Rock Fortress Battle Theme,Unknown credited artist,[],Baldur's Gate 3 (baldurs-gate-3-windows-gamerip-2023),,,"[""video game soundtrack""]","[""und""]",,,,Baldur's Gate 3,,,khinsider_track_prominence_proxy,41.76211598797836,score_0_100,,,,76.70484639519134,,,,https://downloads.khinsider.com/game-soundtracks/album/baldurs-gate-3-windows-gamerip-2023,2026-10-05,Track title is taken from KHInsider's soundtrack/gamerip album index. Popularity is an explicitly labelled proxy based on BeatHit game rank and track prominence.,"{""culture_category"":""video_game_music"",""video_game"":""Baldur's Gate 3"",""game_rank"":138,""game_association_kind"":""khinsider_game_soundtrack"",""khinsider_album_url"":""https://downloads.khinsider.com/game-soundtracks/album/baldurs-gate-3-windows-gamerip-2023"",""khinsider_album_title"":""Baldur's Gate 3 (baldurs-gate-3-windows-gamerip-2023)"",""khinsider_album_kind"":""official_or_gamerip"",""khinsider_album_match_score"":100.0,""relevance_score_100"":100.0,""popularity_score_100"":41.76211598797836,""score_100"":76.70484639519134,""popularity_basis"":""BeatHit master-list game rank plus track position proxy""}"
551,Exploration,Unknown credited artist,[],Baldur's Gate 3 (baldurs-gate-3-windows-gamerip-2023),,,"[""video game soundtrack""]","[""und""]",,,,Baldur's Gate 3,,,khinsider_track_prominence_proxy,41.76211598797836,score_0_100,,,,76.70484639519134,,,,https://downloads.khinsider.com/game-soundtracks/album/baldurs-gate-3-windows-gamerip-2023,2026-10-05,Track title is taken from KHInsider's soundtrack/gamerip album index. Popularity is an explicitly labelled proxy based on BeatHit game rank and track prominence.,"{""culture_category"":""video_game_music"",""video_game"":""Baldur's Gate 3"",""game_rank"":138,""game_association_kind"":""khinsider_game_soundtrack"",""khinsider_album_url"":""https://downloads.khinsider.com/game-soundtracks/album/baldurs-gate-3-windows-gamerip-2023"",""khinsider_album_title"":""Baldur's Gate 3 (baldurs-gate-3-windows-gamerip-2023)"",""khinsider_album_kind"":""official_or_gamerip"",""khinsider_album_match_score"":100.0,""relevance_score_100"":100.0,""popularity_score_100"":41.76211598797836,""score_100"":76.70484639519134,""popularity_basis"":""BeatHit master-list game rank plus track position proxy""}"
552,Jungles of Chult (Short),Unknown credited artist,[],Baldur's Gate 3 (baldurs-gate-3-windows-gamerip-2023),,,"[""video game soundtrack""]","[""und""]",,,,Baldur's Gate 3,,,khinsider_track_prominence_proxy,41.76211598797836,score_0_100,,,,76.70484639519134,,,,https://downloads.khinsider.com/game-soundtracks/album/baldurs-gate-3-windows-gamerip-2023,2026-10-05,Track title is taken from KHInsider's soundtrack/gamerip album index. Popularity is an explicitly labelled proxy based on BeatHit game rank and track prominence.,"{""culture_category"":""video_game_music"",""video_game"":""Baldur's Gate 3"",""game_rank"":138,""game_association_kind"":""khinsider_game_soundtrack"",""khinsider_album_url"":""https://downloads.khinsider.com/game-soundtracks/album/baldurs-gate-3-windows-gamerip-2023"",""khinsider_album_title"":""Baldur's Gate 3 (baldurs-gate-3-windows-gamerip-2023)"",""khinsider_album_kind"":""official_or_gamerip"",""khinsider_album_match_score"":100.0,""relevance_score_100"":100.0,""popularity_score_100"":41.76211598797836,""score_100"":76.70484639519134,""popularity_basis"":""BeatHit master-list game rank plus track position proxy""}"
553,CGI Trailer Part I (With FX),Unknown credited artist,[],Baldur's Gate 3 (baldurs-gate-3-windows-gamerip-2023),,,"[""video game soundtrack""]","[""und""]",,,,Baldur's Gate 3,,,khinsider_track_prominence_proxy,41.76211598797836,score_0_100,,,,76.70484639519134,,,,https://downloads.khinsider.com/game-soundtracks/album/baldurs-gate-3-windows-gamerip-2023,2026-10-05,Track title is taken from KHInsider's soundtrack/gamerip album index. Popularity is an explicitly labelled proxy based on BeatHit game rank and track prominence.,"{""culture_category"":""video_game_music"",""video_game"":""Baldur's Gate 3"",""game_rank"":138,""game_association_kind"":""khinsider_game_soundtrack"",""khinsider_album_url"":""https://downloads.khinsider.com/game-soundtracks/album/baldurs-gate-3-windows-gamerip-2023"",""khinsider_album_title"":""Baldur's Gate 3 (baldurs-gate-3-windows-gamerip-2023)"",""khinsider_album_kind"":""official_or_gamerip"",""khinsider_album_match_score"":100.0,""relevance_score_100"":100.0,""popularity_score_100"":41.76211598797836,""score_100"":76.70484639519134,""popularity_basis"":""BeatHit master-list game rank plus track position proxy""}"
554,Harpy Song (Short),Unknown credited artist,[],Baldur's Gate 3 (baldurs-gate-3-windows-gamerip-2023),,,"[""video game soundtrack""]","[""und""]",,,,Baldur's Gate 3,,,khinsider_track_prominence_proxy,41.76211598797836,score_0_100,,,,76.70484639519134,,,,https://downloads.khinsider.com/game-soundtracks/album/baldurs-gate-3-windows-gamerip-2023,2026-10-05,Track title is taken from KHInsider's soundtrack/gamerip album index. Popularity is an explicitly labelled proxy based on BeatHit game rank and track prominence.,"{""culture_category"":""video_game_music"",""video_game"":""Baldur's Gate 3"",""game_rank"":138,""game_association_kind"":""khinsider_game_soundtrack"",""khinsider_album_url"":""https://downloads.khinsider.com/game-soundtracks/album/baldurs-gate-3-windows-gamerip-2023"",""khinsider_album_title"":""Baldur's Gate 3 (baldurs-gate-3-windows-gamerip-2023)"",""khinsider_album_kind"":""official_or_gamerip"",""khinsider_album_match_score"":100.0,""relevance_score_100"":100.0,""popularity_score_100"":41.76211598797836,""score_100"":76.70484639519134,""popularity_basis"":""BeatHit master-list game rank plus track position proxy""}"
555,Harpy Song (Vocal only),Unknown credited artist,[],Baldur's Gate 3 (baldurs-gate-3-windows-gamerip-2023),,,"[""video game soundtrack""]","[""und""]",,,,Baldur's Gate 3,,,khinsider_track_prominence_proxy,41.76211598797836,score_0_100,,,,76.70484639519134,,,,https://downloads.khinsider.com/game-soundtracks/album/baldurs-gate-3-windows-gamerip-2023,2026-10-05,Track title is taken from KHInsider's soundtrack/gamerip album index. Popularity is an explicitly labelled proxy based on BeatHit game rank and track prominence.,"{""culture_category"":""video_game_music"",""video_game"":""Baldur's Gate 3"",""game_rank"":138,""game_association_kind"":""khinsider_game_soundtrack"",""khinsider_album_url"":""https://downloads.khinsider.com/game-soundtracks/album/baldurs-gate-3-windows-gamerip-2023"",""khinsider_album_title"":""Baldur's Gate 3 (baldurs-gate-3-windows-gamerip-2023)"",""khinsider_album_kind"":""official_or_gamerip"",""khinsider_album_match_score"":100.0,""relevance_score_100"":100.0,""popularity_score_100"":41.76211598797836,""score_100"":76.70484639519134,""popularity_basis"":""BeatHit master-list game rank plus track position proxy""}"
556,Old Time Battles (Bard Version),Unknown credited artist,[],Baldur's Gate 3 (baldurs-gate-3-windows-gamerip-2023),,,"[""video game soundtrack""]","[""und""]",,,,Baldur's Gate 3,,,khinsider_track_prominence_proxy,41.76211598797836,score_0_100,,,,76.70484639519134,,,,https://downloads.khinsider.com/game-soundtracks/album/baldurs-gate-3-windows-gamerip-2023,2026-10-05,Track title is taken from KHInsider's soundtrack/gamerip album index. Popularity is an explicitly labelled proxy based on BeatHit game rank and track prominence.,"{""culture_category"":""video_game_music"",""video_game"":""Baldur's Gate 3"",""game_rank"":138,""game_association_kind"":""khinsider_game_soundtrack"",""khinsider_album_url"":""https://downloads.khinsider.com/game-soundtracks/album/baldurs-gate-3-windows-gamerip-2023"",""khinsider_album_title"":""Baldur's Gate 3 (baldurs-gate-3-windows-gamerip-2023)"",""khinsider_album_kind"":""official_or_gamerip"",""khinsider_album_match_score"":100.0,""relevance_score_100"":100.0,""popularity_score_100"":41.76211598797836,""score_100"":76.70484639519134,""popularity_basis"":""BeatHit master-list game rank plus track position proxy""}"
557,The Grand Design,Unknown credited artist,[],Baldur's Gate 3 (baldurs-gate-3-windows-gamerip-2023),,,"[""video game soundtrack""]","[""und""]",,,,Baldur's Gate 3,,,khinsider_track_prominence_proxy,41.76211598797836,score_0_100,,,,76.70484639519134,,,,https://downloads.khinsider.com/game-soundtracks/album/baldurs-gate-3-windows-gamerip-2023,2026-10-05,Track title is taken from KHInsider's soundtrack/gamerip album index. Popularity is an explicitly labelled proxy based on BeatHit game rank and track prominence.,"{""culture_category"":""video_game_music"",""video_game"":""Baldur's Gate 3"",""game_rank"":138,""game_association_kind"":""khinsider_game_soundtrack"",""khinsider_album_url"":""https://downloads.khinsider.com/game-soundtracks/album/baldurs-gate-3-windows-gamerip-2023"",""khinsider_album_title"":""Baldur's Gate 3 (baldurs-gate-3-windows-gamerip-2023)"",""khinsider_album_kind"":""official_or_gamerip"",""khinsider_album_match_score"":100.0,""relevance_score_100"":100.0,""popularity_score_100"":41.76211598797836,""score_100"":76.70484639519134,""popularity_basis"":""BeatHit master-list game rank plus track position proxy""}"
558,The Power (Orchestral),Unknown credited artist,[],Baldur's Gate 3 (baldurs-gate-3-windows-gamerip-2023),,,"[""video game soundtrack""]","[""und""]",,,,Baldur's Gate 3,,,khinsider_track_prominence_proxy,41.76211598797836,score_0_100,,,,76.70484639519134,,,,https://downloads.khinsider.com/game-soundtracks/album/baldurs-gate-3-windows-gamerip-2023,2026-10-05,Track title is taken from KHInsider's soundtrack/gamerip album index. Popularity is an explicitly labelled proxy based on BeatHit game rank and track prominence.,"{""culture_category"":""video_game_music"",""video_game"":""Baldur's Gate 3"",""game_rank"":138,""game_association_kind"":""khinsider_game_soundtrack"",""khinsider_album_url"":""https://downloads.khinsider.com/game-soundtracks/album/baldurs-gate-3-windows-gamerip-2023"",""khinsider_album_title"":""Baldur's Gate 3 (baldurs-gate-3-windows-gamerip-2023)"",""khinsider_album_kind"":""official_or_gamerip"",""khinsider_album_match_score"":100.0,""relevance_score_100"":100.0,""popularity_score_100"":41.76211598797836,""score_100"":76.70484639519134,""popularity_basis"":""BeatHit master-list game rank plus track position proxy""}"
559,The Power (Short),Unknown credited artist,[],Baldur's Gate 3 (baldurs-gate-3-windows-gamerip-2023),,,"[""video game soundtrack""]","[""und""]",,,,Baldur's Gate 3,,,khinsider_track_prominence_proxy,41.76211598797836,score_0_100,,,,76.70484639519134,,,,https://downloads.khinsider.com/game-soundtracks/album/baldurs-gate-3-windows-gamerip-2023,2026-10-05,Track title is taken from KHInsider's soundtrack/gamerip album index. Popularity is an explicitly labelled proxy based on BeatHit game rank and track prominence.,"{""culture_category"":""video_game_music"",""video_game"":""Baldur's Gate 3"",""game_rank"":138,""game_association_kind"":""khinsider_game_soundtrack"",""khinsider_album_url"":""https://downloads.khinsider.com/game-soundtracks/album/baldurs-gate-3-windows-gamerip-2023"",""khinsider_album_title"":""Baldur's Gate 3 (baldurs-gate-3-windows-gamerip-2023)"",""khinsider_album_kind"":""official_or_gamerip"",""khinsider_album_match_score"":100.0,""relevance_score_100"":100.0,""popularity_score_100"":41.76211598797836,""score_100"":76.70484639519134,""popularity_basis"":""BeatHit master-list game rank plus track position proxy""}"
560,The End is A Beginning,Unknown credited artist,[],Baldur's Gate 3 (baldurs-gate-3-windows-gamerip-2023),,,"[""video game soundtrack""]","[""und""]",,,,Baldur's Gate 3,,,khinsider_track_prominence_proxy,41.76211598797836,score_0_100,,,,76.70484639519134,,,,https://downloads.khinsider.com/game-soundtracks/album/baldurs-gate-3-windows-gamerip-2023,2026-10-05,Track title is taken from KHInsider's soundtrack/gamerip album index. Popularity is an explicitly labelled proxy based on BeatHit game rank and track prominence.,"{""culture_category"":""video_game_music"",""video_game"":""Baldur's Gate 3"",""game_rank"":138,""game_association_kind"":""khinsider_game_soundtrack"",""khinsider_album_url"":""https://downloads.khinsider.com/game-soundtracks/album/baldurs-gate-3-windows-gamerip-2023"",""khinsider_album_title"":""Baldur's Gate 3 (baldurs-gate-3-windows-gamerip-2023)"",""khinsider_album_kind"":""official_or_gamerip"",""khinsider_album_match_score"":100.0,""relevance_score_100"":100.0,""popularity_score_100"":41.76211598797836,""score_100"":76.70484639519134,""popularity_basis"":""BeatHit master-list game rank plus track position proxy""}"
561,Down by the River (Jingle Version),Unknown credited artist,[],Baldur's Gate 3 (baldurs-gate-3-windows-gamerip-2023),,,"[""video game soundtrack""]","[""und""]",,,,Baldur's Gate 3,,,khinsider_track_prominence_proxy,41.76211598797836,score_0_100,,,,76.70484639519134,,,,https://downloads.khinsider.com/game-soundtracks/album/baldurs-gate-3-windows-gamerip-2023,2026-10-05,Track title is taken from KHInsider's soundtrack/gamerip album index. Popularity is an explicitly labelled proxy based on BeatHit game rank and track prominence.,"{""culture_category"":""video_game_music"",""video_game"":""Baldur's Gate 3"",""game_rank"":138,""game_association_kind"":""khinsider_game_soundtrack"",""khinsider_album_url"":""https://downloads.khinsider.com/game-soundtracks/album/baldurs-gate-3-windows-gamerip-2023"",""khinsider_album_title"":""Baldur's Gate 3 (baldurs-gate-3-windows-gamerip-2023)"",""khinsider_album_kind"":""official_or_gamerip"",""khinsider_album_match_score"":100.0,""relevance_score_100"":100.0,""popularity_score_100"":41.76211598797836,""score_100"":76.70484639519134,""popularity_basis"":""BeatHit master-list game rank plus track position proxy""}"
562,Saradush Under Siege (ToB Unreleased),Unknown credited artist,[],Baldur's Gate II: Enhanced Edition Official Soundtrack (baldurs-gate-ii-enhanced-edition-official-soundtrack-2016),,,"[""video game soundtrack""]","[""und""]",,,,Baldur's Gate 3,,,khinsider_track_prominence_proxy,50.79211598797836,score_0_100,,,,76.6739892523342,,,,https://downloads.khinsider.com/game-soundtracks/album/baldurs-gate-ii-enhanced-edition-official-soundtrack-2016,2026-10-05,Track title is taken from KHInsider's soundtrack/gamerip album index. Popularity is an explicitly labelled proxy based on BeatHit game rank and track prominence.,"{""culture_category"":""video_game_music"",""video_game"":""Baldur's Gate 3"",""game_rank"":138,""game_association_kind"":""khinsider_game_soundtrack"",""khinsider_album_url"":""https://downloads.khinsider.com/game-soundtracks/album/baldurs-gate-ii-enhanced-edition-official-soundtrack-2016"",""khinsider_album_title"":""Baldur's Gate II: Enhanced Edition Official Soundtrack (baldurs-gate-ii-enhanced-edition-official-soundtrack-2016)"",""khinsider_album_kind"":""official_or_gamerip"",""khinsider_album_match_score"":92.85714285714286,""relevance_score_100"":93.92857142857143,""popularity_score_100"":50.79211598797836,""score_100"":76.6739892523342,""popularity_basis"":""BeatHit master-list game rank plus track position proxy""}"
563,Fire Giant March (ToB Unreleased),Unknown credited artist,[],Baldur's Gate II: Enhanced Edition Official Soundtrack (baldurs-gate-ii-enhanced-edition-official-soundtrack-2016),,,"[""video game soundtrack""]","[""und""]",,,,Baldur's Gate 3,,,khinsider_track_prominence_proxy,50.58211598797836,score_0_100,,,,76.58998925233419,,,,https://downloads.khinsider.com/game-soundtracks/album/baldurs-gate-ii-enhanced-edition-official-soundtrack-2016,2026-10-05,Track title is taken from KHInsider's soundtrack/gamerip album index. Popularity is an explicitly labelled proxy based on BeatHit game rank and track prominence.,"{""culture_category"":""video_game_music"",""video_game"":""Baldur's Gate 3"",""game_rank"":138,""game_association_kind"":""khinsider_game_soundtrack"",""khinsider_album_url"":""https://downloads.khinsider.com/game-soundtracks/album/baldurs-gate-ii-enhanced-edition-official-soundtrack-2016"",""khinsider_album_title"":""Baldur's Gate II: Enhanced Edition Official Soundtrack (baldurs-gate-ii-enhanced-edition-official-soundtrack-2016)"",""khinsider_album_kind"":""official_or_gamerip"",""khinsider_album_match_score"":92.85714285714286,""relevance_score_100"":93.92857142857143,""popularity_score_100"":50.58211598797836,""score_100"":76.58998925233419,""popularity_basis"":""BeatHit master-list game rank plus track position proxy""}"
564,Dream (ToB Unreleased),Unknown credited artist,[],Baldur's Gate II: Enhanced Edition Official Soundtrack (baldurs-gate-ii-enhanced-edition-official-soundtrack-2016),,,"[""video game soundtrack""]","[""und""]",,,,Baldur's Gate 3,,,khinsider_track_prominence_proxy,50.37211598797836,score_0_100,,,,76.5059892523342,,,,https://downloads.khinsider.com/game-soundtracks/album/baldurs-gate-ii-enhanced-edition-official-soundtrack-2016,2026-10-05,Track title is taken from KHInsider's soundtrack/gamerip album index. Popularity is an explicitly labelled proxy based on BeatHit game rank and track prominence.,"{""culture_category"":""video_game_music"",""video_game"":""Baldur's Gate 3"",""game_rank"":138,""game_association_kind"":""khinsider_game_soundtrack"",""khinsider_album_url"":""https://downloads.khinsider.com/game-soundtracks/album/baldurs-gate-ii-enhanced-edition-official-soundtrack-2016"",""khinsider_album_title"":""Baldur's Gate II: Enhanced Edition Official Soundtrack (baldurs-gate-ii-enhanced-edition-official-soundtrack-2016)"",""khinsider_album_kind"":""official_or_gamerip"",""khinsider_album_match_score"":92.85714285714286,""relevance_score_100"":93.92857142857143,""popularity_score_100"":50.37211598797836,""score_100"":76.5059892523342,""popularity_basis"":""BeatHit master-list game rank plus track position proxy""}"
565,Bhaal Spawn Battle (ToB Unreleased),Unknown credited artist,[],Baldur's Gate II: Enhanced Edition Official Soundtrack (baldurs-gate-ii-enhanced-edition-official-soundtrack-2016),,,"[""video game soundtrack""]","[""und""]",,,,Baldur's Gate 3,,,khinsider_track_prominence_proxy,50.16211598797836,score_0_100,,,,76.4219892523342,,,,https://downloads.khinsider.com/game-soundtracks/album/baldurs-gate-ii-enhanced-edition-official-soundtrack-2016,2026-10-05,Track title is taken from KHInsider's soundtrack/gamerip album index. Popularity is an explicitly labelled proxy based on BeatHit game rank and track prominence.,"{""culture_category"":""video_game_music"",""video_game"":""Baldur's Gate 3"",""game_rank"":138,""game_association_kind"":""khinsider_game_soundtrack"",""khinsider_album_url"":""https://downloads.khinsider.com/game-soundtracks/album/baldurs-gate-ii-enhanced-edition-official-soundtrack-2016"",""khinsider_album_title"":""Baldur's Gate II: Enhanced Edition Official Soundtrack (baldurs-gate-ii-enhanced-edition-official-soundtrack-2016)"",""khinsider_album_kind"":""official_or_gamerip"",""khinsider_album_match_score"":92.85714285714286,""relevance_score_100"":93.92857142857143,""popularity_score_100"":50.16211598797836,""score_100"":76.4219892523342,""popularity_basis"":""BeatHit master-list game rank plus track position proxy""}"
566,Amkethran (ToB Unreleased),Unknown credited artist,[],Baldur's Gate II: Enhanced Edition Official Soundtrack (baldurs-gate-ii-enhanced-edition-official-soundtrack-2016),,,"[""video game soundtrack""]","[""und""]",,,,Baldur's Gate 3,,,khinsider_track_prominence_proxy,49.95211598797836,score_0_100,,,,76.3379892523342,,,,https://downloads.khinsider.com/game-soundtracks/album/baldurs-gate-ii-enhanced-edition-official-soundtrack-2016,2026-10-05,Track title is taken from KHInsider's soundtrack/gamerip album index. Popularity is an explicitly labelled proxy based on BeatHit game rank and track prominence.,"{""culture_category"":""video_game_music"",""video_game"":""Baldur's Gate 3"",""game_rank"":138,""game_association_kind"":""khinsider_game_soundtrack"",""khinsider_album_url"":""https://downloads.khinsider.com/game-soundtracks/album/baldurs-gate-ii-enhanced-edition-official-soundtrack-2016"",""khinsider_album_title"":""Baldur's Gate II: Enhanced Edition Official Soundtrack (baldurs-gate-ii-enhanced-edition-official-soundtrack-2016)"",""khinsider_album_kind"":""official_or_gamerip"",""khinsider_album_match_score"":92.85714285714286,""relevance_score_100"":93.92857142857143,""popularity_score_100"":49.95211598797836,""score_100"":76.3379892523342,""popularity_basis"":""BeatHit master-list game rank plus track position proxy""}"
567,Abazigal's Enclave (ToB Unreleased),Unknown credited artist,[],Baldur's Gate II: Enhanced Edition Official Soundtrack (baldurs-gate-ii-enhanced-edition-official-soundtrack-2016),,,"[""video game soundtrack""]","[""und""]",,,,Baldur's Gate 3,,,khinsider_track_prominence_proxy,49.742115987978366,score_0_100,,,,76.25398925233421,,,,https://downloads.khinsider.com/game-soundtracks/album/baldurs-gate-ii-enhanced-edition-official-soundtrack-2016,2026-10-05,Track title is taken from KHInsider's soundtrack/gamerip album index. Popularity is an explicitly labelled proxy based on BeatHit game rank and track prominence.,"{""culture_category"":""video_game_music"",""video_game"":""Baldur's Gate 3"",""game_rank"":138,""game_association_kind"":""khinsider_game_soundtrack"",""khinsider_album_url"":""https://downloads.khinsider.com/game-soundtracks/album/baldurs-gate-ii-enhanced-edition-official-soundtrack-2016"",""khinsider_album_title"":""Baldur's Gate II: Enhanced Edition Official Soundtrack (baldurs-gate-ii-enhanced-edition-official-soundtrack-2016)"",""khinsider_album_kind"":""official_or_gamerip"",""khinsider_album_match_score"":92.85714285714286,""relevance_score_100"":93.92857142857143,""popularity_score_100"":49.742115987978366,""score_100"":76.25398925233421,""popularity_basis"":""BeatHit master-list game rank plus track position proxy""}"
568,Dreams of Bhaal (ToB Unreleased),Unknown credited artist,[],Baldur's Gate II: Enhanced Edition Official Soundtrack (baldurs-gate-ii-enhanced-edition-official-soundtrack-2016),,,"[""video game soundtrack""]","[""und""]",,,,Baldur's Gate 3,,,khinsider_track_prominence_proxy,49.53211598797836,score_0_100,,,,76.1699892523342,,,,https://downloads.khinsider.com/game-soundtracks/album/baldurs-gate-ii-enhanced-edition-official-soundtrack-2016,2026-10-05,Track title is taken from KHInsider's soundtrack/gamerip album index. Popularity is an explicitly labelled proxy based on BeatHit game rank and track prominence.,"{""culture_category"":""video_game_music"",""video_game"":""Baldur's Gate 3"",""game_rank"":138,""game_association_kind"":""khinsider_game_soundtrack"",""khinsider_album_url"":""https://downloads.khinsider.com/game-soundtracks/album/baldurs-gate-ii-enhanced-edition-official-soundtrack-2016"",""khinsider_album_title"":""Baldur's Gate II: Enhanced Edition Official Soundtrack (baldurs-gate-ii-enhanced-edition-official-soundtrack-2016)"",""khinsider_album_kind"":""official_or_gamerip"",""khinsider_album_match_score"":92.85714285714286,""relevance_score_100"":93.92857142857143,""popularity_score_100"":49.53211598797836,""score_100"":76.1699892523342,""popularity_basis"":""BeatHit master-list game rank plus track position proxy""}"
569,Sendai's Enclave (ToB Unreleased),Unknown credited artist,[],Baldur's Gate II: Enhanced Edition Official Soundtrack (baldurs-gate-ii-enhanced-edition-official-soundtrack-2016),,,"[""video game soundtrack""]","[""und""]",,,,Baldur's Gate 3,,,khinsider_track_prominence_proxy,49.322115987978364,score_0_100,,,,76.0859892523342,,,,https://downloads.khinsider.com/game-soundtracks/album/baldurs-gate-ii-enhanced-edition-official-soundtrack-2016,2026-10-05,Track title is taken from KHInsider's soundtrack/gamerip album index. Popularity is an explicitly labelled proxy based on BeatHit game rank and track prominence.,"{""culture_category"":""video_game_music"",""video_game"":""Baldur's Gate 3"",""game_rank"":138,""game_association_kind"":""khinsider_game_soundtrack"",""khinsider_album_url"":""https://downloads.khinsider.com/game-soundtracks/album/baldurs-gate-ii-enhanced-edition-official-soundtrack-2016"",""khinsider_album_title"":""Baldur's Gate II: Enhanced Edition Official Soundtrack (baldurs-gate-ii-enhanced-edition-official-soundtrack-2016)"",""khinsider_album_kind"":""official_or_gamerip"",""khinsider_album_match_score"":92.85714285714286,""relevance_score_100"":93.92857142857143,""popularity_score_100"":49.322115987978364,""score_100"":76.0859892523342,""popularity_basis"":""BeatHit master-list game rank plus track position proxy""}"
570,The Mana Forge (ToB Unreleased),Unknown credited artist,[],Baldur's Gate II: Enhanced Edition Official Soundtrack (baldurs-gate-ii-enhanced-edition-official-soundtrack-2016),,,"[""video game soundtrack""]","[""und""]",,,,Baldur's Gate 3,,,khinsider_track_prominence_proxy,49.112115987978356,score_0_100,,,,76.0019892523342,,,,https://downloads.khinsider.com/game-soundtracks/album/baldurs-gate-ii-enhanced-edition-official-soundtrack-2016,2026-10-05,Track title is taken from KHInsider's soundtrack/gamerip album index. Popularity is an explicitly labelled proxy based on BeatHit game rank and track prominence.,"{""culture_category"":""video_game_music"",""video_game"":""Baldur's Gate 3"",""game_rank"":138,""game_association_kind"":""khinsider_game_soundtrack"",""khinsider_album_url"":""https://downloads.khinsider.com/game-soundtracks/album/baldurs-gate-ii-enhanced-edition-official-soundtrack-2016"",""khinsider_album_title"":""Baldur's Gate II: Enhanced Edition Official Soundtrack (baldurs-gate-ii-enhanced-edition-official-soundtrack-2016)"",""khinsider_album_kind"":""official_or_gamerip"",""khinsider_album_match_score"":92.85714285714286,""relevance_score_100"":93.92857142857143,""popularity_score_100"":49.112115987978356,""score_100"":76.0019892523342,""popularity_basis"":""BeatHit master-list game rank plus track position proxy""}"
571,Melissan Battle (ToB Unreleased),Unknown credited artist,[],Baldur's Gate II: Enhanced Edition Official Soundtrack (baldurs-gate-ii-enhanced-edition-official-soundtrack-2016),,,"[""video game soundtrack""]","[""und""]",,,,Baldur's Gate 3,,,khinsider_track_prominence_proxy,48.90211598797836,score_0_100,,,,75.9179892523342,,,,https://downloads.khinsider.com/game-soundtracks/album/baldurs-gate-ii-enhanced-edition-official-soundtrack-2016,2026-10-05,Track title is taken from KHInsider's soundtrack/gamerip album index. Popularity is an explicitly labelled proxy based on BeatHit game rank and track prominence.,"{""culture_category"":""video_game_music"",""video_game"":""Baldur's Gate 3"",""game_rank"":138,""game_association_kind"":""khinsider_game_soundtrack"",""khinsider_album_url"":""https://downloads.khinsider.com/game-soundtracks/album/baldurs-gate-ii-enhanced-edition-official-soundtrack-2016"",""khinsider_album_title"":""Baldur's Gate II: Enhanced Edition Official Soundtrack (baldurs-gate-ii-enhanced-edition-official-soundtrack-2016)"",""khinsider_album_kind"":""official_or_gamerip"",""khinsider_album_match_score"":92.85714285714286,""relevance_score_100"":93.92857142857143,""popularity_score_100"":48.90211598797836,""score_100"":75.9179892523342,""popularity_basis"":""BeatHit master-list game rank plus track position proxy""}"
572,The Hidden Refuge (BGII -EE),Unknown credited artist,[],Baldur's Gate II: Enhanced Edition Official Soundtrack (baldurs-gate-ii-enhanced-edition-official-soundtrack-2016),,,"[""video game soundtrack""]","[""und""]",,,,Baldur's Gate 3,,,khinsider_track_prominence_proxy,48.69211598797836,score_0_100,,,,75.83398925233419,,,,https://downloads.khinsider.com/game-soundtracks/album/baldurs-gate-ii-enhanced-edition-official-soundtrack-2016,2026-10-05,Track title is taken from KHInsider's soundtrack/gamerip album index. Popularity is an explicitly labelled proxy based on BeatHit game rank and track prominence.,"{""culture_category"":""video_game_music"",""video_game"":""Baldur's Gate 3"",""game_rank"":138,""game_association_kind"":""khinsider_game_soundtrack"",""khinsider_album_url"":""https://downloads.khinsider.com/game-soundtracks/album/baldurs-gate-ii-enhanced-edition-official-soundtrack-2016"",""khinsider_album_title"":""Baldur's Gate II: Enhanced Edition Official Soundtrack (baldurs-gate-ii-enhanced-edition-official-soundtrack-2016)"",""khinsider_album_kind"":""official_or_gamerip"",""khinsider_album_match_score"":92.85714285714286,""relevance_score_100"":93.92857142857143,""popularity_score_100"":48.69211598797836,""score_100"":75.83398925233419,""popularity_basis"":""BeatHit master-list game rank plus track position proxy""}"
573,Raid on the Red Wizards (BGII -EE),Unknown credited artist,[],Baldur's Gate II: Enhanced Edition Official Soundtrack (baldurs-gate-ii-enhanced-edition-official-soundtrack-2016),,,"[""video game soundtrack""]","[""und""]",,,,Baldur's Gate 3,,,khinsider_track_prominence_proxy,48.48211598797836,score_0_100,,,,75.7499892523342,,,,https://downloads.khinsider.com/game-soundtracks/album/baldurs-gate-ii-enhanced-edition-official-soundtrack-2016,2026-10-05,Track title is taken from KHInsider's soundtrack/gamerip album index. Popularity is an explicitly labelled proxy based on BeatHit game rank and track prominence.,"{""culture_category"":""video_game_music"",""video_game"":""Baldur's Gate 3"",""game_rank"":138,""game_association_kind"":""khinsider_game_soundtrack"",""khinsider_album_url"":""https://downloads.khinsider.com/game-soundtracks/album/baldurs-gate-ii-enhanced-edition-official-soundtrack-2016"",""khinsider_album_title"":""Baldur's Gate II: Enhanced Edition Official Soundtrack (baldurs-gate-ii-enhanced-edition-official-soundtrack-2016)"",""khinsider_album_kind"":""official_or_gamerip"",""khinsider_album_match_score"":92.85714285714286,""relevance_score_100"":93.92857142857143,""popularity_score_100"":48.48211598797836,""score_100"":75.7499892523342,""popularity_basis"":""BeatHit master-list game rank plus track position proxy""}"
574,Our Haven is Lost (BGII -EE),Unknown credited artist,[],Baldur's Gate II: Enhanced Edition Official Soundtrack (baldurs-gate-ii-enhanced-edition-official-soundtrack-2016),,,"[""video game soundtrack""]","[""und""]",,,,Baldur's Gate 3,,,khinsider_track_prominence_proxy,48.27211598797836,score_0_100,,,,75.6659892523342,,,,https://downloads.khinsider.com/game-soundtracks/album/baldurs-gate-ii-enhanced-edition-official-soundtrack-2016,2026-10-05,Track title is taken from KHInsider's soundtrack/gamerip album index. Popularity is an explicitly labelled proxy based on BeatHit game rank and track prominence.,"{""culture_category"":""video_game_music"",""video_game"":""Baldur's Gate 3"",""game_rank"":138,""game_association_kind"":""khinsider_game_soundtrack"",""khinsider_album_url"":""https://downloads.khinsider.com/game-soundtracks/album/baldurs-gate-ii-enhanced-edition-official-soundtrack-2016"",""khinsider_album_title"":""Baldur's Gate II: Enhanced Edition Official Soundtrack (baldurs-gate-ii-enhanced-edition-official-soundtrack-2016)"",""khinsider_album_kind"":""official_or_gamerip"",""khinsider_album_match_score"":92.85714285714286,""relevance_score_100"":93.92857142857143,""popularity_score_100"":48.27211598797836,""score_100"":75.6659892523342,""popularity_basis"":""BeatHit master-list game rank plus track position proxy""}"
575,Neera's Final Confrontation (BGII -EE),Unknown credited artist,[],Baldur's Gate II: Enhanced Edition Official Soundtrack (baldurs-gate-ii-enhanced-edition-official-soundtrack-2016),,,"[""video game soundtrack""]","[""und""]",,,,Baldur's Gate 3,,,khinsider_track_prominence_proxy,48.06211598797836,score_0_100,,,,75.5819892523342,,,,https://downloads.khinsider.com/game-soundtracks/album/baldurs-gate-ii-enhanced-edition-official-soundtrack-2016,2026-10-05,Track title is taken from KHInsider's soundtrack/gamerip album index. Popularity is an explicitly labelled proxy based on BeatHit game rank and track prominence.,"{""culture_category"":""video_game_music"",""video_game"":""Baldur's Gate 3"",""game_rank"":138,""game_association_kind"":""khinsider_game_soundtrack"",""khinsider_album_url"":""https://downloads.khinsider.com/game-soundtracks/album/baldurs-gate-ii-enhanced-edition-official-soundtrack-2016"",""khinsider_album_title"":""Baldur's Gate II: Enhanced Edition Official Soundtrack (baldurs-gate-ii-enhanced-edition-official-soundtrack-2016)"",""khinsider_album_kind"":""official_or_gamerip"",""khinsider_album_match_score"":92.85714285714286,""relevance_score_100"":93.92857142857143,""popularity_score_100"":48.06211598797836,""score_100"":75.5819892523342,""popularity_basis"":""BeatHit master-list game rank plus track position proxy""}"
576,Rendezvous at Dusk (BGII -EE),Unknown credited artist,[],Baldur's Gate II: Enhanced Edition Official Soundtrack (baldurs-gate-ii-enhanced-edition-official-soundtrack-2016),,,"[""video game soundtrack""]","[""und""]",,,,Baldur's Gate 3,,,khinsider_track_prominence_proxy,47.85211598797836,score_0_100,,,,75.4979892523342,,,,https://downloads.khinsider.com/game-soundtracks/album/baldurs-gate-ii-enhanced-edition-official-soundtrack-2016,2026-10-05,Track title is taken from KHInsider's soundtrack/gamerip album index. Popularity is an explicitly labelled proxy based on BeatHit game rank and track prominence.,"{""culture_category"":""video_game_music"",""video_game"":""Baldur's Gate 3"",""game_rank"":138,""game_association_kind"":""khinsider_game_soundtrack"",""khinsider_album_url"":""https://downloads.khinsider.com/game-soundtracks/album/baldurs-gate-ii-enhanced-edition-official-soundtrack-2016"",""khinsider_album_title"":""Baldur's Gate II: Enhanced Edition Official Soundtrack (baldurs-gate-ii-enhanced-edition-official-soundtrack-2016)"",""khinsider_album_kind"":""official_or_gamerip"",""khinsider_album_match_score"":92.85714285714286,""relevance_score_100"":93.92857142857143,""popularity_score_100"":47.85211598797836,""score_100"":75.4979892523342,""popularity_basis"":""BeatHit master-list game rank plus track position proxy""}"
577,The Heretic Temple (BGII -EE),Unknown credited artist,[],Baldur's Gate II: Enhanced Edition Official Soundtrack (baldurs-gate-ii-enhanced-edition-official-soundtrack-2016),,,"[""video game soundtrack""]","[""und""]",,,,Baldur's Gate 3,,,khinsider_track_prominence_proxy,47.64211598797836,score_0_100,,,,75.4139892523342,,,,https://downloads.khinsider.com/game-soundtracks/album/baldurs-gate-ii-enhanced-edition-official-soundtrack-2016,2026-10-05,Track title is taken from KHInsider's soundtrack/gamerip album index. Popularity is an explicitly labelled proxy based on BeatHit game rank and track prominence.,"{""culture_category"":""video_game_music"",""video_game"":""Baldur's Gate 3"",""game_rank"":138,""game_association_kind"":""khinsider_game_soundtrack"",""khinsider_album_url"":""https://downloads.khinsider.com/game-soundtracks/album/baldurs-gate-ii-enhanced-edition-official-soundtrack-2016"",""khinsider_album_title"":""Baldur's Gate II: Enhanced Edition Official Soundtrack (baldurs-gate-ii-enhanced-edition-official-soundtrack-2016)"",""khinsider_album_kind"":""official_or_gamerip"",""khinsider_album_match_score"":92.85714285714286,""relevance_score_100"":93.92857142857143,""popularity_score_100"":47.64211598797836,""score_100"":75.4139892523342,""popularity_basis"":""BeatHit master-list game rank plus track position proxy""}"
578,The Mines of Clan Deepstone (BGII -EE),Unknown credited artist,[],Baldur's Gate II: Enhanced Edition Official Soundtrack (baldurs-gate-ii-enhanced-edition-official-soundtrack-2016),,,"[""video game soundtrack""]","[""und""]",,,,Baldur's Gate 3,,,khinsider_track_prominence_proxy,47.432115987978364,score_0_100,,,,75.3299892523342,,,,https://downloads.khinsider.com/game-soundtracks/album/baldurs-gate-ii-enhanced-edition-official-soundtrack-2016,2026-10-05,Track title is taken from KHInsider's soundtrack/gamerip album index. Popularity is an explicitly labelled proxy based on BeatHit game rank and track prominence.,"{""culture_category"":""video_game_music"",""video_game"":""Baldur's Gate 3"",""game_rank"":138,""game_association_kind"":""khinsider_game_soundtrack"",""khinsider_album_url"":""https://downloads.khinsider.com/game-soundtracks/album/baldurs-gate-ii-enhanced-edition-official-soundtrack-2016"",""khinsider_album_title"":""Baldur's Gate II: Enhanced Edition Official Soundtrack (baldurs-gate-ii-enhanced-edition-official-soundtrack-2016)"",""khinsider_album_kind"":""official_or_gamerip"",""khinsider_album_match_score"":92.85714285714286,""relevance_score_100"":93.92857142857143,""popularity_score_100"":47.432115987978364,""score_100"":75.3299892523342,""popularity_basis"":""BeatHit master-list game rank plus track position proxy""}"
579,Dorn the Punisher (BGII -EE),Unknown credited artist,[],Baldur's Gate II: Enhanced Edition Official Soundtrack (baldurs-gate-ii-enhanced-edition-official-soundtrack-2016),,,"[""video game soundtrack""]","[""und""]",,,,Baldur's Gate 3,,,khinsider_track_prominence_proxy,47.22211598797836,score_0_100,,,,75.2459892523342,,,,https://downloads.khinsider.com/game-soundtracks/album/baldurs-gate-ii-enhanced-edition-official-soundtrack-2016,2026-10-05,Track title is taken from KHInsider's soundtrack/gamerip album index. Popularity is an explicitly labelled proxy based on BeatHit game rank and track prominence.,"{""culture_category"":""video_game_music"",""video_game"":""Baldur's Gate 3"",""game_rank"":138,""game_association_kind"":""khinsider_game_soundtrack"",""khinsider_album_url"":""https://downloads.khinsider.com/game-soundtracks/album/baldurs-gate-ii-enhanced-edition-official-soundtrack-2016"",""khinsider_album_title"":""Baldur's Gate II: Enhanced Edition Official Soundtrack (baldurs-gate-ii-enhanced-edition-official-soundtrack-2016)"",""khinsider_album_kind"":""official_or_gamerip"",""khinsider_album_match_score"":92.85714285714286,""relevance_score_100"":93.92857142857143,""popularity_score_100"":47.22211598797836,""score_100"":75.2459892523342,""popularity_basis"":""BeatHit master-list game rank plus track position proxy""}"
580,Resurrection Gorge (BGII -EE),Unknown credited artist,[],Baldur's Gate II: Enhanced Edition Official Soundtrack (baldurs-gate-ii-enhanced-edition-official-soundtrack-2016),,,"[""video game soundtrack""]","[""und""]",,,,Baldur's Gate 3,,,khinsider_track_prominence_proxy,47.01211598797836,score_0_100,,,,75.1619892523342,,,,https://downloads.khinsider.com/game-soundtracks/album/baldurs-gate-ii-enhanced-edition-official-soundtrack-2016,2026-10-05,Track title is taken from KHInsider's soundtrack/gamerip album index. Popularity is an explicitly labelled proxy based on BeatHit game rank and track prominence.,"{""culture_category"":""video_game_music"",""video_game"":""Baldur's Gate 3"",""game_rank"":138,""game_association_kind"":""khinsider_game_soundtrack"",""khinsider_album_url"":""https://downloads.khinsider.com/game-soundtracks/album/baldurs-gate-ii-enhanced-edition-official-soundtrack-2016"",""khinsider_album_title"":""Baldur's Gate II: Enhanced Edition Official Soundtrack (baldurs-gate-ii-enhanced-edition-official-soundtrack-2016)"",""khinsider_album_kind"":""official_or_gamerip"",""khinsider_album_match_score"":92.85714285714286,""relevance_score_100"":93.92857142857143,""popularity_score_100"":47.01211598797836,""score_100"":75.1619892523342,""popularity_basis"":""BeatHit master-list game rank plus track position proxy""}"
581,The Great Tree (BGII -EE),Unknown credited artist,[],Baldur's Gate II: Enhanced Edition Official Soundtrack (baldurs-gate-ii-enhanced-edition-official-soundtrack-2016),,,"[""video game soundtrack""]","[""und""]",,,,Baldur's Gate 3,,,khinsider_track_prominence_proxy,46.80211598797836,score_0_100,,,,75.07798925233419,,,,https://downloads.khinsider.com/game-soundtracks/album/baldurs-gate-ii-enhanced-edition-official-soundtrack-2016,2026-10-05,Track title is taken from KHInsider's soundtrack/gamerip album index. Popularity is an explicitly labelled proxy based on BeatHit game rank and track prominence.,"{""culture_category"":""video_game_music"",""video_game"":""Baldur's Gate 3"",""game_rank"":138,""game_association_kind"":""khinsider_game_soundtrack"",""khinsider_album_url"":""https://downloads.khinsider.com/game-soundtracks/album/baldurs-gate-ii-enhanced-edition-official-soundtrack-2016"",""khinsider_album_title"":""Baldur's Gate II: Enhanced Edition Official Soundtrack (baldurs-gate-ii-enhanced-edition-official-soundtrack-2016)"",""khinsider_album_kind"":""official_or_gamerip"",""khinsider_album_match_score"":92.85714285714286,""relevance_score_100"":93.92857142857143,""popularity_score_100"":46.80211598797836,""score_100"":75.07798925233419,""popularity_basis"":""BeatHit master-list game rank plus track position proxy""}"
582,Storming the Silver Heaven (BGII -EE),Unknown credited artist,[],Baldur's Gate II: Enhanced Edition Official Soundtrack (baldurs-gate-ii-enhanced-edition-official-soundtrack-2016),,,"[""video game soundtrack""]","[""und""]",,,,Baldur's Gate 3,,,khinsider_track_prominence_proxy,46.59211598797836,score_0_100,,,,74.9939892523342,,,,https://downloads.khinsider.com/game-soundtracks/album/baldurs-gate-ii-enhanced-edition-official-soundtrack-2016,2026-10-05,Track title is taken from KHInsider's soundtrack/gamerip album index. Popularity is an explicitly labelled proxy based on BeatHit game rank and track prominence.,"{""culture_category"":""video_game_music"",""video_game"":""Baldur's Gate 3"",""game_rank"":138,""game_association_kind"":""khinsider_game_soundtrack"",""khinsider_album_url"":""https://downloads.khinsider.com/game-soundtracks/album/baldurs-gate-ii-enhanced-edition-official-soundtrack-2016"",""khinsider_album_title"":""Baldur's Gate II: Enhanced Edition Official Soundtrack (baldurs-gate-ii-enhanced-edition-official-soundtrack-2016)"",""khinsider_album_kind"":""official_or_gamerip"",""khinsider_album_match_score"":92.85714285714286,""relevance_score_100"":93.92857142857143,""popularity_score_100"":46.59211598797836,""score_100"":74.9939892523342,""popularity_basis"":""BeatHit master-list game rank plus track position proxy""}"
583,Korkorran's Lair (BGII -EE),Unknown credited artist,[],Baldur's Gate II: Enhanced Edition Official Soundtrack (baldurs-gate-ii-enhanced-edition-official-soundtrack-2016),,,"[""video game soundtrack""]","[""und""]",,,,Baldur's Gate 3,,,khinsider_track_prominence_proxy,46.38211598797836,score_0_100,,,,74.9099892523342,,,,https://downloads.khinsider.com/game-soundtracks/album/baldurs-gate-ii-enhanced-edition-official-soundtrack-2016,2026-10-05,Track title is taken from KHInsider's soundtrack/gamerip album index. Popularity is an explicitly labelled proxy based on BeatHit game rank and track prominence.,"{""culture_category"":""video_game_music"",""video_game"":""Baldur's Gate 3"",""game_rank"":138,""game_association_kind"":""khinsider_game_soundtrack"",""khinsider_album_url"":""https://downloads.khinsider.com/game-soundtracks/album/baldurs-gate-ii-enhanced-edition-official-soundtrack-2016"",""khinsider_album_title"":""Baldur's Gate II: Enhanced Edition Official Soundtrack (baldurs-gate-ii-enhanced-edition-official-soundtrack-2016)"",""khinsider_album_kind"":""official_or_gamerip"",""khinsider_album_match_score"":92.85714285714286,""relevance_score_100"":93.92857142857143,""popularity_score_100"":46.38211598797836,""score_100"":74.9099892523342,""popularity_basis"":""BeatHit master-list game rank plus track position proxy""}"
584,Tomb of the Unborn Prophet (BGII -EE),Unknown credited artist,[],Baldur's Gate II: Enhanced Edition Official Soundtrack (baldurs-gate-ii-enhanced-edition-official-soundtrack-2016),,,"[""video game soundtrack""]","[""und""]",,,,Baldur's Gate 3,,,khinsider_track_prominence_proxy,46.17211598797836,score_0_100,,,,74.8259892523342,,,,https://downloads.khinsider.com/game-soundtracks/album/baldurs-gate-ii-enhanced-edition-official-soundtrack-2016,2026-10-05,Track title is taken from KHInsider's soundtrack/gamerip album index. Popularity is an explicitly labelled proxy based on BeatHit game rank and track prominence.,"{""culture_category"":""video_game_music"",""video_game"":""Baldur's Gate 3"",""game_rank"":138,""game_association_kind"":""khinsider_game_soundtrack"",""khinsider_album_url"":""https://downloads.khinsider.com/game-soundtracks/album/baldurs-gate-ii-enhanced-edition-official-soundtrack-2016"",""khinsider_album_title"":""Baldur's Gate II: Enhanced Edition Official Soundtrack (baldurs-gate-ii-enhanced-edition-official-soundtrack-2016)"",""khinsider_album_kind"":""official_or_gamerip"",""khinsider_album_match_score"":92.85714285714286,""relevance_score_100"":93.92857142857143,""popularity_score_100"":46.17211598797836,""score_100"":74.8259892523342,""popularity_basis"":""BeatHit master-list game rank plus track position proxy""}"
585,Claw of the Black Leopard (BGII -EE),Unknown credited artist,[],Baldur's Gate II: Enhanced Edition Official Soundtrack (baldurs-gate-ii-enhanced-edition-official-soundtrack-2016),,,"[""video game soundtrack""]","[""und""]",,,,Baldur's Gate 3,,,khinsider_track_prominence_proxy,45.962115987978365,score_0_100,,,,74.7419892523342,,,,https://downloads.khinsider.com/game-soundtracks/album/baldurs-gate-ii-enhanced-edition-official-soundtrack-2016,2026-10-05,Track title is taken from KHInsider's soundtrack/gamerip album index. Popularity is an explicitly labelled proxy based on BeatHit game rank and track prominence.,"{""culture_category"":""video_game_music"",""video_game"":""Baldur's Gate 3"",""game_rank"":138,""game_association_kind"":""khinsider_game_soundtrack"",""khinsider_album_url"":""https://downloads.khinsider.com/game-soundtracks/album/baldurs-gate-ii-enhanced-edition-official-soundtrack-2016"",""khinsider_album_title"":""Baldur's Gate II: Enhanced Edition Official Soundtrack (baldurs-gate-ii-enhanced-edition-official-soundtrack-2016)"",""khinsider_album_kind"":""official_or_gamerip"",""khinsider_album_match_score"":92.85714285714286,""relevance_score_100"":93.92857142857143,""popularity_score_100"":45.962115987978365,""score_100"":74.7419892523342,""popularity_basis"":""BeatHit master-list game rank plus track position proxy""}"
586,Dragomir's Embrace (BGII -EE),Unknown credited artist,[],Baldur's Gate II: Enhanced Edition Official Soundtrack (baldurs-gate-ii-enhanced-edition-official-soundtrack-2016),,,"[""video game soundtrack""]","[""und""]",,,,Baldur's Gate 3,,,khinsider_track_prominence_proxy,45.75211598797836,score_0_100,,,,74.6579892523342,,,,https://downloads.khinsider.com/game-soundtracks/album/baldurs-gate-ii-enhanced-edition-official-soundtrack-2016,2026-10-05,Track title is taken from KHInsider's soundtrack/gamerip album index. Popularity is an explicitly labelled proxy based on BeatHit game rank and track prominence.,"{""culture_category"":""video_game_music"",""video_game"":""Baldur's Gate 3"",""game_rank"":138,""game_association_kind"":""khinsider_game_soundtrack"",""khinsider_album_url"":""https://downloads.khinsider.com/game-soundtracks/album/baldurs-gate-ii-enhanced-edition-official-soundtrack-2016"",""khinsider_album_title"":""Baldur's Gate II: Enhanced Edition Official Soundtrack (baldurs-gate-ii-enhanced-edition-official-soundtrack-2016)"",""khinsider_album_kind"":""official_or_gamerip"",""khinsider_album_match_score"":92.85714285714286,""relevance_score_100"":93.92857142857143,""popularity_score_100"":45.75211598797836,""score_100"":74.6579892523342,""popularity_basis"":""BeatHit master-list game rank plus track position proxy""}"
587,Jaheira Romance (Unreleased),Unknown credited artist,[],Baldur's Gate II: Enhanced Edition Official Soundtrack (baldurs-gate-ii-enhanced-edition-official-soundtrack-2016),,,"[""video game soundtrack""]","[""und""]",,,,Baldur's Gate 3,,,khinsider_track_prominence_proxy,45.54211598797836,score_0_100,,,,74.5739892523342,,,,https://downloads.khinsider.com/game-soundtracks/album/baldurs-gate-ii-enhanced-edition-official-soundtrack-2016,2026-10-05,Track title is taken from KHInsider's soundtrack/gamerip album index. Popularity is an explicitly labelled proxy based on BeatHit game rank and track prominence.,"{""culture_category"":""video_game_music"",""video_game"":""Baldur's Gate 3"",""game_rank"":138,""game_association_kind"":""khinsider_game_soundtrack"",""khinsider_album_url"":""https://downloads.khinsider.com/game-soundtracks/album/baldurs-gate-ii-enhanced-edition-official-soundtrack-2016"",""khinsider_album_title"":""Baldur's Gate II: Enhanced Edition Official Soundtrack (baldurs-gate-ii-enhanced-edition-official-soundtrack-2016)"",""khinsider_album_kind"":""official_or_gamerip"",""khinsider_album_match_score"":92.85714285714286,""relevance_score_100"":93.92857142857143,""popularity_score_100"":45.54211598797836,""score_100"":74.5739892523342,""popularity_basis"":""BeatHit master-list game rank plus track position proxy""}"
