rank,title,main_artist,featured_artists,album,release_date,release_year,genres,languages,composer,anime_title,anime_popularity,screen_work,vtuber,is_original,metric_name,metric_value,metric_unit,listen_count,listen_source,view_count,overall_popularity_score,spotify_track_id,musicbrainz_recording_mbid,isrc,source_url,retrieved_at,source_notes,extra
1,Main Title - Legends of Azeroth,"Tracy W. Bush, Derek Duke, Glenn Stafford",[],World of Warcraft Soundtrack (world-of-warcraft-soundtrack),,,"[""video game soundtrack""]","[""und""]",,,,World of Warcraft: Cataclysm,,,khinsider_track_prominence_proxy,61.4755503243921,score_0_100,,,,84.59022012975684,,,,https://downloads.khinsider.com/game-soundtracks/album/world-of-warcraft-soundtrack,2026-10-05,Track title is taken from KHInsider's soundtrack/gamerip album index. Popularity is an explicitly labelled proxy based on BeatHit game rank and track prominence.,"{""culture_category"":""video_game_music"",""video_game"":""World of Warcraft: Cataclysm"",""game_rank"":159,""game_association_kind"":""khinsider_game_soundtrack"",""khinsider_album_url"":""https://downloads.khinsider.com/game-soundtracks/album/world-of-warcraft-soundtrack"",""khinsider_album_title"":""World of Warcraft Soundtrack (world-of-warcraft-soundtrack)"",""khinsider_album_kind"":""official_or_gamerip"",""khinsider_album_match_score"":100.0,""relevance_score_100"":100.0,""popularity_score_100"":61.4755503243921,""score_100"":84.59022012975684,""popularity_basis"":""BeatHit master-list game rank plus track position proxy""}"
2,The Shattering,Unknown credited artist,[],World of Warcraft: Cataclysm Soundtrack (world-of-warcraft-cataclysm-soundtrack),,,"[""video game soundtrack""]","[""und""]",,,,World of Warcraft: Cataclysm,,,khinsider_track_prominence_proxy,61.4755503243921,score_0_100,,,,84.59022012975684,,,,https://downloads.khinsider.com/game-soundtracks/album/world-of-warcraft-cataclysm-soundtrack,2026-10-05,Track title is taken from KHInsider's soundtrack/gamerip album index. Popularity is an explicitly labelled proxy based on BeatHit game rank and track prominence.,"{""culture_category"":""video_game_music"",""video_game"":""World of Warcraft: Cataclysm"",""game_rank"":159,""game_association_kind"":""khinsider_game_soundtrack"",""khinsider_album_url"":""https://downloads.khinsider.com/game-soundtracks/album/world-of-warcraft-cataclysm-soundtrack"",""khinsider_album_title"":""World of Warcraft: Cataclysm Soundtrack (world-of-warcraft-cataclysm-soundtrack)"",""khinsider_album_kind"":""official_or_gamerip"",""khinsider_album_match_score"":100.0,""relevance_score_100"":100.0,""popularity_score_100"":61.4755503243921,""score_100"":84.59022012975684,""popularity_basis"":""BeatHit master-list game rank plus track position proxy""}"
3,Exclusive Track - The Shaping of the World,"Tracy W. Bush, Derek Duke, Glenn Stafford",[],World of Warcraft Soundtrack (world-of-warcraft-soundtrack),,,"[""video game soundtrack""]","[""und""]",,,,World of Warcraft: Cataclysm,,,khinsider_track_prominence_proxy,61.265550324392095,score_0_100,,,,84.50622012975684,,,,https://downloads.khinsider.com/game-soundtracks/album/world-of-warcraft-soundtrack,2026-10-05,Track title is taken from KHInsider's soundtrack/gamerip album index. Popularity is an explicitly labelled proxy based on BeatHit game rank and track prominence.,"{""culture_category"":""video_game_music"",""video_game"":""World of Warcraft: Cataclysm"",""game_rank"":159,""game_association_kind"":""khinsider_game_soundtrack"",""khinsider_album_url"":""https://downloads.khinsider.com/game-soundtracks/album/world-of-warcraft-soundtrack"",""khinsider_album_title"":""World of Warcraft Soundtrack (world-of-warcraft-soundtrack)"",""khinsider_album_kind"":""official_or_gamerip"",""khinsider_album_match_score"":100.0,""relevance_score_100"":100.0,""popularity_score_100"":61.265550324392095,""score_100"":84.50622012975684,""popularity_basis"":""BeatHit master-list game rank plus track position proxy""}"
4,Xaxas,Unknown credited artist,[],World of Warcraft: Cataclysm Soundtrack (world-of-warcraft-cataclysm-soundtrack),,,"[""video game soundtrack""]","[""und""]",,,,World of Warcraft: Cataclysm,,,khinsider_track_prominence_proxy,61.265550324392095,score_0_100,,,,84.50622012975684,,,,https://downloads.khinsider.com/game-soundtracks/album/world-of-warcraft-cataclysm-soundtrack,2026-10-05,Track title is taken from KHInsider's soundtrack/gamerip album index. Popularity is an explicitly labelled proxy based on BeatHit game rank and track prominence.,"{""culture_category"":""video_game_music"",""video_game"":""World of Warcraft: Cataclysm"",""game_rank"":159,""game_association_kind"":""khinsider_game_soundtrack"",""khinsider_album_url"":""https://downloads.khinsider.com/game-soundtracks/album/world-of-warcraft-cataclysm-soundtrack"",""khinsider_album_title"":""World of Warcraft: Cataclysm Soundtrack (world-of-warcraft-cataclysm-soundtrack)"",""khinsider_album_kind"":""official_or_gamerip"",""khinsider_album_match_score"":100.0,""relevance_score_100"":100.0,""popularity_score_100"":61.265550324392095,""score_100"":84.50622012975684,""popularity_basis"":""BeatHit master-list game rank plus track position proxy""}"
5,Exclusive Track - Legacy,"Tracy W. Bush, Derek Duke, Glenn Stafford",[],World of Warcraft Soundtrack (world-of-warcraft-soundtrack),,,"[""video game soundtrack""]","[""und""]",,,,World of Warcraft: Cataclysm,,,khinsider_track_prominence_proxy,61.0555503243921,score_0_100,,,,84.42222012975684,,,,https://downloads.khinsider.com/game-soundtracks/album/world-of-warcraft-soundtrack,2026-10-05,Track title is taken from KHInsider's soundtrack/gamerip album index. Popularity is an explicitly labelled proxy based on BeatHit game rank and track prominence.,"{""culture_category"":""video_game_music"",""video_game"":""World of Warcraft: Cataclysm"",""game_rank"":159,""game_association_kind"":""khinsider_game_soundtrack"",""khinsider_album_url"":""https://downloads.khinsider.com/game-soundtracks/album/world-of-warcraft-soundtrack"",""khinsider_album_title"":""World of Warcraft Soundtrack (world-of-warcraft-soundtrack)"",""khinsider_album_kind"":""official_or_gamerip"",""khinsider_album_match_score"":100.0,""relevance_score_100"":100.0,""popularity_score_100"":61.0555503243921,""score_100"":84.42222012975684,""popularity_basis"":""BeatHit master-list game rank plus track position proxy""}"
6,Tempest's Wake,Unknown credited artist,[],World of Warcraft: Cataclysm Soundtrack (world-of-warcraft-cataclysm-soundtrack),,,"[""video game soundtrack""]","[""und""]",,,,World of Warcraft: Cataclysm,,,khinsider_track_prominence_proxy,61.0555503243921,score_0_100,,,,84.42222012975684,,,,https://downloads.khinsider.com/game-soundtracks/album/world-of-warcraft-cataclysm-soundtrack,2026-10-05,Track title is taken from KHInsider's soundtrack/gamerip album index. Popularity is an explicitly labelled proxy based on BeatHit game rank and track prominence.,"{""culture_category"":""video_game_music"",""video_game"":""World of Warcraft: Cataclysm"",""game_rank"":159,""game_association_kind"":""khinsider_game_soundtrack"",""khinsider_album_url"":""https://downloads.khinsider.com/game-soundtracks/album/world-of-warcraft-cataclysm-soundtrack"",""khinsider_album_title"":""World of Warcraft: Cataclysm Soundtrack (world-of-warcraft-cataclysm-soundtrack)"",""khinsider_album_kind"":""official_or_gamerip"",""khinsider_album_match_score"":100.0,""relevance_score_100"":100.0,""popularity_score_100"":61.0555503243921,""score_100"":84.42222012975684,""popularity_basis"":""BeatHit master-list game rank plus track position proxy""}"
7,Exclusive Track - Song of Elune,"Tracy W. Bush, Derek Duke, Glenn Stafford",[],World of Warcraft Soundtrack (world-of-warcraft-soundtrack),,,"[""video game soundtrack""]","[""und""]",,,,World of Warcraft: Cataclysm,,,khinsider_track_prominence_proxy,60.8455503243921,score_0_100,,,,84.33822012975685,,,,https://downloads.khinsider.com/game-soundtracks/album/world-of-warcraft-soundtrack,2026-10-05,Track title is taken from KHInsider's soundtrack/gamerip album index. Popularity is an explicitly labelled proxy based on BeatHit game rank and track prominence.,"{""culture_category"":""video_game_music"",""video_game"":""World of Warcraft: Cataclysm"",""game_rank"":159,""game_association_kind"":""khinsider_game_soundtrack"",""khinsider_album_url"":""https://downloads.khinsider.com/game-soundtracks/album/world-of-warcraft-soundtrack"",""khinsider_album_title"":""World of Warcraft Soundtrack (world-of-warcraft-soundtrack)"",""khinsider_album_kind"":""official_or_gamerip"",""khinsider_album_match_score"":100.0,""relevance_score_100"":100.0,""popularity_score_100"":60.8455503243921,""score_100"":84.33822012975685,""popularity_basis"":""BeatHit master-list game rank plus track position proxy""}"
8,Depths of Vashj'ir,Unknown credited artist,[],World of Warcraft: Cataclysm Soundtrack (world-of-warcraft-cataclysm-soundtrack),,,"[""video game soundtrack""]","[""und""]",,,,World of Warcraft: Cataclysm,,,khinsider_track_prominence_proxy,60.8455503243921,score_0_100,,,,84.33822012975685,,,,https://downloads.khinsider.com/game-soundtracks/album/world-of-warcraft-cataclysm-soundtrack,2026-10-05,Track title is taken from KHInsider's soundtrack/gamerip album index. Popularity is an explicitly labelled proxy based on BeatHit game rank and track prominence.,"{""culture_category"":""video_game_music"",""video_game"":""World of Warcraft: Cataclysm"",""game_rank"":159,""game_association_kind"":""khinsider_game_soundtrack"",""khinsider_album_url"":""https://downloads.khinsider.com/game-soundtracks/album/world-of-warcraft-cataclysm-soundtrack"",""khinsider_album_title"":""World of Warcraft: Cataclysm Soundtrack (world-of-warcraft-cataclysm-soundtrack)"",""khinsider_album_kind"":""official_or_gamerip"",""khinsider_album_match_score"":100.0,""relevance_score_100"":100.0,""popularity_score_100"":60.8455503243921,""score_100"":84.33822012975685,""popularity_basis"":""BeatHit master-list game rank plus track position proxy""}"
9,Exclusive Track - Echoes of the Past,"Tracy W. Bush, Derek Duke, Glenn Stafford",[],World of Warcraft Soundtrack (world-of-warcraft-soundtrack),,,"[""video game soundtrack""]","[""und""]",,,,World of Warcraft: Cataclysm,,,khinsider_track_prominence_proxy,60.6355503243921,score_0_100,,,,84.25422012975685,,,,https://downloads.khinsider.com/game-soundtracks/album/world-of-warcraft-soundtrack,2026-10-05,Track title is taken from KHInsider's soundtrack/gamerip album index. Popularity is an explicitly labelled proxy based on BeatHit game rank and track prominence.,"{""culture_category"":""video_game_music"",""video_game"":""World of Warcraft: Cataclysm"",""game_rank"":159,""game_association_kind"":""khinsider_game_soundtrack"",""khinsider_album_url"":""https://downloads.khinsider.com/game-soundtracks/album/world-of-warcraft-soundtrack"",""khinsider_album_title"":""World of Warcraft Soundtrack (world-of-warcraft-soundtrack)"",""khinsider_album_kind"":""official_or_gamerip"",""khinsider_album_match_score"":100.0,""relevance_score_100"":100.0,""popularity_score_100"":60.6355503243921,""score_100"":84.25422012975685,""popularity_basis"":""BeatHit master-list game rank plus track position proxy""}"
10,Castaways,Unknown credited artist,[],World of Warcraft: Cataclysm Soundtrack (world-of-warcraft-cataclysm-soundtrack),,,"[""video game soundtrack""]","[""und""]",,,,World of Warcraft: Cataclysm,,,khinsider_track_prominence_proxy,60.6355503243921,score_0_100,,,,84.25422012975685,,,,https://downloads.khinsider.com/game-soundtracks/album/world-of-warcraft-cataclysm-soundtrack,2026-10-05,Track title is taken from KHInsider's soundtrack/gamerip album index. Popularity is an explicitly labelled proxy based on BeatHit game rank and track prominence.,"{""culture_category"":""video_game_music"",""video_game"":""World of Warcraft: Cataclysm"",""game_rank"":159,""game_association_kind"":""khinsider_game_soundtrack"",""khinsider_album_url"":""https://downloads.khinsider.com/game-soundtracks/album/world-of-warcraft-cataclysm-soundtrack"",""khinsider_album_title"":""World of Warcraft: Cataclysm Soundtrack (world-of-warcraft-cataclysm-soundtrack)"",""khinsider_album_kind"":""official_or_gamerip"",""khinsider_album_match_score"":100.0,""relevance_score_100"":100.0,""popularity_score_100"":60.6355503243921,""score_100"":84.25422012975685,""popularity_basis"":""BeatHit master-list game rank plus track position proxy""}"
11,A Call to Arms,"Tracy W. Bush, Derek Duke, Glenn Stafford",[],World of Warcraft Soundtrack (world-of-warcraft-soundtrack),,,"[""video game soundtrack""]","[""und""]",,,,World of Warcraft: Cataclysm,,,khinsider_track_prominence_proxy,60.4255503243921,score_0_100,,,,84.17022012975684,,,,https://downloads.khinsider.com/game-soundtracks/album/world-of-warcraft-soundtrack,2026-10-05,Track title is taken from KHInsider's soundtrack/gamerip album index. Popularity is an explicitly labelled proxy based on BeatHit game rank and track prominence.,"{""culture_category"":""video_game_music"",""video_game"":""World of Warcraft: Cataclysm"",""game_rank"":159,""game_association_kind"":""khinsider_game_soundtrack"",""khinsider_album_url"":""https://downloads.khinsider.com/game-soundtracks/album/world-of-warcraft-soundtrack"",""khinsider_album_title"":""World of Warcraft Soundtrack (world-of-warcraft-soundtrack)"",""khinsider_album_kind"":""official_or_gamerip"",""khinsider_album_match_score"":100.0,""relevance_score_100"":100.0,""popularity_score_100"":60.4255503243921,""score_100"":84.17022012975684,""popularity_basis"":""BeatHit master-list game rank plus track position proxy""}"
12,Reforged,Unknown credited artist,[],World of Warcraft: Cataclysm Soundtrack (world-of-warcraft-cataclysm-soundtrack),,,"[""video game soundtrack""]","[""und""]",,,,World of Warcraft: Cataclysm,,,khinsider_track_prominence_proxy,60.4255503243921,score_0_100,,,,84.17022012975684,,,,https://downloads.khinsider.com/game-soundtracks/album/world-of-warcraft-cataclysm-soundtrack,2026-10-05,Track title is taken from KHInsider's soundtrack/gamerip album index. Popularity is an explicitly labelled proxy based on BeatHit game rank and track prominence.,"{""culture_category"":""video_game_music"",""video_game"":""World of Warcraft: Cataclysm"",""game_rank"":159,""game_association_kind"":""khinsider_game_soundtrack"",""khinsider_album_url"":""https://downloads.khinsider.com/game-soundtracks/album/world-of-warcraft-cataclysm-soundtrack"",""khinsider_album_title"":""World of Warcraft: Cataclysm Soundtrack (world-of-warcraft-cataclysm-soundtrack)"",""khinsider_album_kind"":""official_or_gamerip"",""khinsider_album_match_score"":100.0,""relevance_score_100"":100.0,""popularity_score_100"":60.4255503243921,""score_100"":84.17022012975684,""popularity_basis"":""BeatHit master-list game rank plus track position proxy""}"
13,Intro Movie - Seasons of War,"Tracy W. Bush, Derek Duke, Glenn Stafford",[],World of Warcraft Soundtrack (world-of-warcraft-soundtrack),,,"[""video game soundtrack""]","[""und""]",,,,World of Warcraft: Cataclysm,,,khinsider_track_prominence_proxy,60.2155503243921,score_0_100,,,,84.08622012975684,,,,https://downloads.khinsider.com/game-soundtracks/album/world-of-warcraft-soundtrack,2026-10-05,Track title is taken from KHInsider's soundtrack/gamerip album index. Popularity is an explicitly labelled proxy based on BeatHit game rank and track prominence.,"{""culture_category"":""video_game_music"",""video_game"":""World of Warcraft: Cataclysm"",""game_rank"":159,""game_association_kind"":""khinsider_game_soundtrack"",""khinsider_album_url"":""https://downloads.khinsider.com/game-soundtracks/album/world-of-warcraft-soundtrack"",""khinsider_album_title"":""World of Warcraft Soundtrack (world-of-warcraft-soundtrack)"",""khinsider_album_kind"":""official_or_gamerip"",""khinsider_album_match_score"":100.0,""relevance_score_100"":100.0,""popularity_score_100"":60.2155503243921,""score_100"":84.08622012975684,""popularity_basis"":""BeatHit master-list game rank plus track position proxy""}"
14,Restoring the Balance,Unknown credited artist,[],World of Warcraft: Cataclysm Soundtrack (world-of-warcraft-cataclysm-soundtrack),,,"[""video game soundtrack""]","[""und""]",,,,World of Warcraft: Cataclysm,,,khinsider_track_prominence_proxy,60.2155503243921,score_0_100,,,,84.08622012975684,,,,https://downloads.khinsider.com/game-soundtracks/album/world-of-warcraft-cataclysm-soundtrack,2026-10-05,Track title is taken from KHInsider's soundtrack/gamerip album index. Popularity is an explicitly labelled proxy based on BeatHit game rank and track prominence.,"{""culture_category"":""video_game_music"",""video_game"":""World of Warcraft: Cataclysm"",""game_rank"":159,""game_association_kind"":""khinsider_game_soundtrack"",""khinsider_album_url"":""https://downloads.khinsider.com/game-soundtracks/album/world-of-warcraft-cataclysm-soundtrack"",""khinsider_album_title"":""World of Warcraft: Cataclysm Soundtrack (world-of-warcraft-cataclysm-soundtrack)"",""khinsider_album_kind"":""official_or_gamerip"",""khinsider_album_match_score"":100.0,""relevance_score_100"":100.0,""popularity_score_100"":60.2155503243921,""score_100"":84.08622012975684,""popularity_basis"":""BeatHit master-list game rank plus track position proxy""}"
15,Stormwind,"Tracy W. Bush, Derek Duke, Glenn Stafford",[],World of Warcraft Soundtrack (world-of-warcraft-soundtrack),,,"[""video game soundtrack""]","[""und""]",,,,World of Warcraft: Cataclysm,,,khinsider_track_prominence_proxy,60.0055503243921,score_0_100,,,,84.00222012975684,,,,https://downloads.khinsider.com/game-soundtracks/album/world-of-warcraft-soundtrack,2026-10-05,Track title is taken from KHInsider's soundtrack/gamerip album index. Popularity is an explicitly labelled proxy based on BeatHit game rank and track prominence.,"{""culture_category"":""video_game_music"",""video_game"":""World of Warcraft: Cataclysm"",""game_rank"":159,""game_association_kind"":""khinsider_game_soundtrack"",""khinsider_album_url"":""https://downloads.khinsider.com/game-soundtracks/album/world-of-warcraft-soundtrack"",""khinsider_album_title"":""World of Warcraft Soundtrack (world-of-warcraft-soundtrack)"",""khinsider_album_kind"":""official_or_gamerip"",""khinsider_album_match_score"":100.0,""relevance_score_100"":100.0,""popularity_score_100"":60.0055503243921,""score_100"":84.00222012975684,""popularity_basis"":""BeatHit master-list game rank plus track position proxy""}"
16,Curse of the Worgen,Unknown credited artist,[],World of Warcraft: Cataclysm Soundtrack (world-of-warcraft-cataclysm-soundtrack),,,"[""video game soundtrack""]","[""und""]",,,,World of Warcraft: Cataclysm,,,khinsider_track_prominence_proxy,60.0055503243921,score_0_100,,,,84.00222012975684,,,,https://downloads.khinsider.com/game-soundtracks/album/world-of-warcraft-cataclysm-soundtrack,2026-10-05,Track title is taken from KHInsider's soundtrack/gamerip album index. Popularity is an explicitly labelled proxy based on BeatHit game rank and track prominence.,"{""culture_category"":""video_game_music"",""video_game"":""World of Warcraft: Cataclysm"",""game_rank"":159,""game_association_kind"":""khinsider_game_soundtrack"",""khinsider_album_url"":""https://downloads.khinsider.com/game-soundtracks/album/world-of-warcraft-cataclysm-soundtrack"",""khinsider_album_title"":""World of Warcraft: Cataclysm Soundtrack (world-of-warcraft-cataclysm-soundtrack)"",""khinsider_album_kind"":""official_or_gamerip"",""khinsider_album_match_score"":100.0,""relevance_score_100"":100.0,""popularity_score_100"":60.0055503243921,""score_100"":84.00222012975684,""popularity_basis"":""BeatHit master-list game rank plus track position proxy""}"
17,Orgrimmar,"Tracy W. Bush, Derek Duke, Glenn Stafford",[],World of Warcraft Soundtrack (world-of-warcraft-soundtrack),,,"[""video game soundtrack""]","[""und""]",,,,World of Warcraft: Cataclysm,,,khinsider_track_prominence_proxy,59.795550324392096,score_0_100,,,,83.91822012975683,,,,https://downloads.khinsider.com/game-soundtracks/album/world-of-warcraft-soundtrack,2026-10-05,Track title is taken from KHInsider's soundtrack/gamerip album index. Popularity is an explicitly labelled proxy based on BeatHit game rank and track prominence.,"{""culture_category"":""video_game_music"",""video_game"":""World of Warcraft: Cataclysm"",""game_rank"":159,""game_association_kind"":""khinsider_game_soundtrack"",""khinsider_album_url"":""https://downloads.khinsider.com/game-soundtracks/album/world-of-warcraft-soundtrack"",""khinsider_album_title"":""World of Warcraft Soundtrack (world-of-warcraft-soundtrack)"",""khinsider_album_kind"":""official_or_gamerip"",""khinsider_album_match_score"":100.0,""relevance_score_100"":100.0,""popularity_score_100"":59.795550324392096,""score_100"":83.91822012975683,""popularity_basis"":""BeatHit master-list game rank plus track position proxy""}"
18,Defenders of Azeroth,Unknown credited artist,[],World of Warcraft: Cataclysm Soundtrack (world-of-warcraft-cataclysm-soundtrack),,,"[""video game soundtrack""]","[""und""]",,,,World of Warcraft: Cataclysm,,,khinsider_track_prominence_proxy,59.795550324392096,score_0_100,,,,83.91822012975683,,,,https://downloads.khinsider.com/game-soundtracks/album/world-of-warcraft-cataclysm-soundtrack,2026-10-05,Track title is taken from KHInsider's soundtrack/gamerip album index. Popularity is an explicitly labelled proxy based on BeatHit game rank and track prominence.,"{""culture_category"":""video_game_music"",""video_game"":""World of Warcraft: Cataclysm"",""game_rank"":159,""game_association_kind"":""khinsider_game_soundtrack"",""khinsider_album_url"":""https://downloads.khinsider.com/game-soundtracks/album/world-of-warcraft-cataclysm-soundtrack"",""khinsider_album_title"":""World of Warcraft: Cataclysm Soundtrack (world-of-warcraft-cataclysm-soundtrack)"",""khinsider_album_kind"":""official_or_gamerip"",""khinsider_album_match_score"":100.0,""relevance_score_100"":100.0,""popularity_score_100"":59.795550324392096,""score_100"":83.91822012975683,""popularity_basis"":""BeatHit master-list game rank plus track position proxy""}"
19,The Undercity,"Tracy W. Bush, Derek Duke, Glenn Stafford",[],World of Warcraft Soundtrack (world-of-warcraft-soundtrack),,,"[""video game soundtrack""]","[""und""]",,,,World of Warcraft: Cataclysm,,,khinsider_track_prominence_proxy,59.5855503243921,score_0_100,,,,83.83422012975684,,,,https://downloads.khinsider.com/game-soundtracks/album/world-of-warcraft-soundtrack,2026-10-05,Track title is taken from KHInsider's soundtrack/gamerip album index. Popularity is an explicitly labelled proxy based on BeatHit game rank and track prominence.,"{""culture_category"":""video_game_music"",""video_game"":""World of Warcraft: Cataclysm"",""game_rank"":159,""game_association_kind"":""khinsider_game_soundtrack"",""khinsider_album_url"":""https://downloads.khinsider.com/game-soundtracks/album/world-of-warcraft-soundtrack"",""khinsider_album_title"":""World of Warcraft Soundtrack (world-of-warcraft-soundtrack)"",""khinsider_album_kind"":""official_or_gamerip"",""khinsider_album_match_score"":100.0,""relevance_score_100"":100.0,""popularity_score_100"":59.5855503243921,""score_100"":83.83422012975684,""popularity_basis"":""BeatHit master-list game rank plus track position proxy""}"
20,Eventide,Unknown credited artist,[],World of Warcraft: Cataclysm Soundtrack (world-of-warcraft-cataclysm-soundtrack),,,"[""video game soundtrack""]","[""und""]",,,,World of Warcraft: Cataclysm,,,khinsider_track_prominence_proxy,59.5855503243921,score_0_100,,,,83.83422012975684,,,,https://downloads.khinsider.com/game-soundtracks/album/world-of-warcraft-cataclysm-soundtrack,2026-10-05,Track title is taken from KHInsider's soundtrack/gamerip album index. Popularity is an explicitly labelled proxy based on BeatHit game rank and track prominence.,"{""culture_category"":""video_game_music"",""video_game"":""World of Warcraft: Cataclysm"",""game_rank"":159,""game_association_kind"":""khinsider_game_soundtrack"",""khinsider_album_url"":""https://downloads.khinsider.com/game-soundtracks/album/world-of-warcraft-cataclysm-soundtrack"",""khinsider_album_title"":""World of Warcraft: Cataclysm Soundtrack (world-of-warcraft-cataclysm-soundtrack)"",""khinsider_album_kind"":""official_or_gamerip"",""khinsider_album_match_score"":100.0,""relevance_score_100"":100.0,""popularity_score_100"":59.5855503243921,""score_100"":83.83422012975684,""popularity_basis"":""BeatHit master-list game rank plus track position proxy""}"
21,Thunder Bluff,"Tracy W. Bush, Derek Duke, Glenn Stafford",[],World of Warcraft Soundtrack (world-of-warcraft-soundtrack),,,"[""video game soundtrack""]","[""und""]",,,,World of Warcraft: Cataclysm,,,khinsider_track_prominence_proxy,59.375550324392094,score_0_100,,,,83.75022012975684,,,,https://downloads.khinsider.com/game-soundtracks/album/world-of-warcraft-soundtrack,2026-10-05,Track title is taken from KHInsider's soundtrack/gamerip album index. Popularity is an explicitly labelled proxy based on BeatHit game rank and track prominence.,"{""culture_category"":""video_game_music"",""video_game"":""World of Warcraft: Cataclysm"",""game_rank"":159,""game_association_kind"":""khinsider_game_soundtrack"",""khinsider_album_url"":""https://downloads.khinsider.com/game-soundtracks/album/world-of-warcraft-soundtrack"",""khinsider_album_title"":""World of Warcraft Soundtrack (world-of-warcraft-soundtrack)"",""khinsider_album_kind"":""official_or_gamerip"",""khinsider_album_match_score"":100.0,""relevance_score_100"":100.0,""popularity_score_100"":59.375550324392094,""score_100"":83.75022012975684,""popularity_basis"":""BeatHit master-list game rank plus track position proxy""}"
22,Thaurissan's Reach,Unknown credited artist,[],World of Warcraft: Cataclysm Soundtrack (world-of-warcraft-cataclysm-soundtrack),,,"[""video game soundtrack""]","[""und""]",,,,World of Warcraft: Cataclysm,,,khinsider_track_prominence_proxy,59.375550324392094,score_0_100,,,,83.75022012975684,,,,https://downloads.khinsider.com/game-soundtracks/album/world-of-warcraft-cataclysm-soundtrack,2026-10-05,Track title is taken from KHInsider's soundtrack/gamerip album index. Popularity is an explicitly labelled proxy based on BeatHit game rank and track prominence.,"{""culture_category"":""video_game_music"",""video_game"":""World of Warcraft: Cataclysm"",""game_rank"":159,""game_association_kind"":""khinsider_game_soundtrack"",""khinsider_album_url"":""https://downloads.khinsider.com/game-soundtracks/album/world-of-warcraft-cataclysm-soundtrack"",""khinsider_album_title"":""World of Warcraft: Cataclysm Soundtrack (world-of-warcraft-cataclysm-soundtrack)"",""khinsider_album_kind"":""official_or_gamerip"",""khinsider_album_match_score"":100.0,""relevance_score_100"":100.0,""popularity_score_100"":59.375550324392094,""score_100"":83.75022012975684,""popularity_basis"":""BeatHit master-list game rank plus track position proxy""}"
23,Darnassus,"Tracy W. Bush, Derek Duke, Glenn Stafford",[],World of Warcraft Soundtrack (world-of-warcraft-soundtrack),,,"[""video game soundtrack""]","[""und""]",,,,World of Warcraft: Cataclysm,,,khinsider_track_prominence_proxy,59.1655503243921,score_0_100,,,,83.66622012975684,,,,https://downloads.khinsider.com/game-soundtracks/album/world-of-warcraft-soundtrack,2026-10-05,Track title is taken from KHInsider's soundtrack/gamerip album index. Popularity is an explicitly labelled proxy based on BeatHit game rank and track prominence.,"{""culture_category"":""video_game_music"",""video_game"":""World of Warcraft: Cataclysm"",""game_rank"":159,""game_association_kind"":""khinsider_game_soundtrack"",""khinsider_album_url"":""https://downloads.khinsider.com/game-soundtracks/album/world-of-warcraft-soundtrack"",""khinsider_album_title"":""World of Warcraft Soundtrack (world-of-warcraft-soundtrack)"",""khinsider_album_kind"":""official_or_gamerip"",""khinsider_album_match_score"":100.0,""relevance_score_100"":100.0,""popularity_score_100"":59.1655503243921,""score_100"":83.66622012975684,""popularity_basis"":""BeatHit master-list game rank plus track position proxy""}"
24,Uldum,Unknown credited artist,[],World of Warcraft: Cataclysm Soundtrack (world-of-warcraft-cataclysm-soundtrack),,,"[""video game soundtrack""]","[""und""]",,,,World of Warcraft: Cataclysm,,,khinsider_track_prominence_proxy,59.1655503243921,score_0_100,,,,83.66622012975684,,,,https://downloads.khinsider.com/game-soundtracks/album/world-of-warcraft-cataclysm-soundtrack,2026-10-05,Track title is taken from KHInsider's soundtrack/gamerip album index. Popularity is an explicitly labelled proxy based on BeatHit game rank and track prominence.,"{""culture_category"":""video_game_music"",""video_game"":""World of Warcraft: Cataclysm"",""game_rank"":159,""game_association_kind"":""khinsider_game_soundtrack"",""khinsider_album_url"":""https://downloads.khinsider.com/game-soundtracks/album/world-of-warcraft-cataclysm-soundtrack"",""khinsider_album_title"":""World of Warcraft: Cataclysm Soundtrack (world-of-warcraft-cataclysm-soundtrack)"",""khinsider_album_kind"":""official_or_gamerip"",""khinsider_album_match_score"":100.0,""relevance_score_100"":100.0,""popularity_score_100"":59.1655503243921,""score_100"":83.66622012975684,""popularity_basis"":""BeatHit master-list game rank plus track position proxy""}"
25,Ironforge,"Tracy W. Bush, Derek Duke, Glenn Stafford",[],World of Warcraft Soundtrack (world-of-warcraft-soundtrack),,,"[""video game soundtrack""]","[""und""]",,,,World of Warcraft: Cataclysm,,,khinsider_track_prominence_proxy,58.95555032439209,score_0_100,,,,83.58222012975683,,,,https://downloads.khinsider.com/game-soundtracks/album/world-of-warcraft-soundtrack,2026-10-05,Track title is taken from KHInsider's soundtrack/gamerip album index. Popularity is an explicitly labelled proxy based on BeatHit game rank and track prominence.,"{""culture_category"":""video_game_music"",""video_game"":""World of Warcraft: Cataclysm"",""game_rank"":159,""game_association_kind"":""khinsider_game_soundtrack"",""khinsider_album_url"":""https://downloads.khinsider.com/game-soundtracks/album/world-of-warcraft-soundtrack"",""khinsider_album_title"":""World of Warcraft Soundtrack (world-of-warcraft-soundtrack)"",""khinsider_album_kind"":""official_or_gamerip"",""khinsider_album_match_score"":100.0,""relevance_score_100"":100.0,""popularity_score_100"":58.95555032439209,""score_100"":83.58222012975683,""popularity_basis"":""BeatHit master-list game rank plus track position proxy""}"
26,Breath of Al'Akir,Unknown credited artist,[],World of Warcraft: Cataclysm Soundtrack (world-of-warcraft-cataclysm-soundtrack),,,"[""video game soundtrack""]","[""und""]",,,,World of Warcraft: Cataclysm,,,khinsider_track_prominence_proxy,58.95555032439209,score_0_100,,,,83.58222012975683,,,,https://downloads.khinsider.com/game-soundtracks/album/world-of-warcraft-cataclysm-soundtrack,2026-10-05,Track title is taken from KHInsider's soundtrack/gamerip album index. Popularity is an explicitly labelled proxy based on BeatHit game rank and track prominence.,"{""culture_category"":""video_game_music"",""video_game"":""World of Warcraft: Cataclysm"",""game_rank"":159,""game_association_kind"":""khinsider_game_soundtrack"",""khinsider_album_url"":""https://downloads.khinsider.com/game-soundtracks/album/world-of-warcraft-cataclysm-soundtrack"",""khinsider_album_title"":""World of Warcraft: Cataclysm Soundtrack (world-of-warcraft-cataclysm-soundtrack)"",""khinsider_album_kind"":""official_or_gamerip"",""khinsider_album_match_score"":100.0,""relevance_score_100"":100.0,""popularity_score_100"":58.95555032439209,""score_100"":83.58222012975683,""popularity_basis"":""BeatHit master-list game rank plus track position proxy""}"
27,Elwynn Forest,"Tracy W. Bush, Derek Duke, Glenn Stafford",[],World of Warcraft Soundtrack (world-of-warcraft-soundtrack),,,"[""video game soundtrack""]","[""und""]",,,,World of Warcraft: Cataclysm,,,khinsider_track_prominence_proxy,58.7455503243921,score_0_100,,,,83.49822012975685,,,,https://downloads.khinsider.com/game-soundtracks/album/world-of-warcraft-soundtrack,2026-10-05,Track title is taken from KHInsider's soundtrack/gamerip album index. Popularity is an explicitly labelled proxy based on BeatHit game rank and track prominence.,"{""culture_category"":""video_game_music"",""video_game"":""World of Warcraft: Cataclysm"",""game_rank"":159,""game_association_kind"":""khinsider_game_soundtrack"",""khinsider_album_url"":""https://downloads.khinsider.com/game-soundtracks/album/world-of-warcraft-soundtrack"",""khinsider_album_title"":""World of Warcraft Soundtrack (world-of-warcraft-soundtrack)"",""khinsider_album_kind"":""official_or_gamerip"",""khinsider_album_match_score"":100.0,""relevance_score_100"":100.0,""popularity_score_100"":58.7455503243921,""score_100"":83.49822012975685,""popularity_basis"":""BeatHit master-list game rank plus track position proxy""}"
28,Call of the Elements,Unknown credited artist,[],World of Warcraft: Cataclysm Soundtrack (world-of-warcraft-cataclysm-soundtrack),,,"[""video game soundtrack""]","[""und""]",,,,World of Warcraft: Cataclysm,,,khinsider_track_prominence_proxy,58.7455503243921,score_0_100,,,,83.49822012975685,,,,https://downloads.khinsider.com/game-soundtracks/album/world-of-warcraft-cataclysm-soundtrack,2026-10-05,Track title is taken from KHInsider's soundtrack/gamerip album index. Popularity is an explicitly labelled proxy based on BeatHit game rank and track prominence.,"{""culture_category"":""video_game_music"",""video_game"":""World of Warcraft: Cataclysm"",""game_rank"":159,""game_association_kind"":""khinsider_game_soundtrack"",""khinsider_album_url"":""https://downloads.khinsider.com/game-soundtracks/album/world-of-warcraft-cataclysm-soundtrack"",""khinsider_album_title"":""World of Warcraft: Cataclysm Soundtrack (world-of-warcraft-cataclysm-soundtrack)"",""khinsider_album_kind"":""official_or_gamerip"",""khinsider_album_match_score"":100.0,""relevance_score_100"":100.0,""popularity_score_100"":58.7455503243921,""score_100"":83.49822012975685,""popularity_basis"":""BeatHit master-list game rank plus track position proxy""}"
29,Duskwood,"Tracy W. Bush, Derek Duke, Glenn Stafford",[],World of Warcraft Soundtrack (world-of-warcraft-soundtrack),,,"[""video game soundtrack""]","[""und""]",,,,World of Warcraft: Cataclysm,,,khinsider_track_prominence_proxy,58.5355503243921,score_0_100,,,,83.41422012975684,,,,https://downloads.khinsider.com/game-soundtracks/album/world-of-warcraft-soundtrack,2026-10-05,Track title is taken from KHInsider's soundtrack/gamerip album index. Popularity is an explicitly labelled proxy based on BeatHit game rank and track prominence.,"{""culture_category"":""video_game_music"",""video_game"":""World of Warcraft: Cataclysm"",""game_rank"":159,""game_association_kind"":""khinsider_game_soundtrack"",""khinsider_album_url"":""https://downloads.khinsider.com/game-soundtracks/album/world-of-warcraft-soundtrack"",""khinsider_album_title"":""World of Warcraft Soundtrack (world-of-warcraft-soundtrack)"",""khinsider_album_kind"":""official_or_gamerip"",""khinsider_album_match_score"":100.0,""relevance_score_100"":100.0,""popularity_score_100"":58.5355503243921,""score_100"":83.41422012975684,""popularity_basis"":""BeatHit master-list game rank plus track position proxy""}"
30,Guardians of Nordrassil,Unknown credited artist,[],World of Warcraft: Cataclysm Soundtrack (world-of-warcraft-cataclysm-soundtrack),,,"[""video game soundtrack""]","[""und""]",,,,World of Warcraft: Cataclysm,,,khinsider_track_prominence_proxy,58.5355503243921,score_0_100,,,,83.41422012975684,,,,https://downloads.khinsider.com/game-soundtracks/album/world-of-warcraft-cataclysm-soundtrack,2026-10-05,Track title is taken from KHInsider's soundtrack/gamerip album index. Popularity is an explicitly labelled proxy based on BeatHit game rank and track prominence.,"{""culture_category"":""video_game_music"",""video_game"":""World of Warcraft: Cataclysm"",""game_rank"":159,""game_association_kind"":""khinsider_game_soundtrack"",""khinsider_album_url"":""https://downloads.khinsider.com/game-soundtracks/album/world-of-warcraft-cataclysm-soundtrack"",""khinsider_album_title"":""World of Warcraft: Cataclysm Soundtrack (world-of-warcraft-cataclysm-soundtrack)"",""khinsider_album_kind"":""official_or_gamerip"",""khinsider_album_match_score"":100.0,""relevance_score_100"":100.0,""popularity_score_100"":58.5355503243921,""score_100"":83.41422012975684,""popularity_basis"":""BeatHit master-list game rank plus track position proxy""}"
31,Dun Morogh,"Tracy W. Bush, Derek Duke, Glenn Stafford",[],World of Warcraft Soundtrack (world-of-warcraft-soundtrack),,,"[""video game soundtrack""]","[""und""]",,,,World of Warcraft: Cataclysm,,,khinsider_track_prominence_proxy,58.3255503243921,score_0_100,,,,83.33022012975684,,,,https://downloads.khinsider.com/game-soundtracks/album/world-of-warcraft-soundtrack,2026-10-05,Track title is taken from KHInsider's soundtrack/gamerip album index. Popularity is an explicitly labelled proxy based on BeatHit game rank and track prominence.,"{""culture_category"":""video_game_music"",""video_game"":""World of Warcraft: Cataclysm"",""game_rank"":159,""game_association_kind"":""khinsider_game_soundtrack"",""khinsider_album_url"":""https://downloads.khinsider.com/game-soundtracks/album/world-of-warcraft-soundtrack"",""khinsider_album_title"":""World of Warcraft Soundtrack (world-of-warcraft-soundtrack)"",""khinsider_album_kind"":""official_or_gamerip"",""khinsider_album_match_score"":100.0,""relevance_score_100"":100.0,""popularity_score_100"":58.3255503243921,""score_100"":83.33022012975684,""popularity_basis"":""BeatHit master-list game rank plus track position proxy""}"
32,Dominion of the Stonemother,Unknown credited artist,[],World of Warcraft: Cataclysm Soundtrack (world-of-warcraft-cataclysm-soundtrack),,,"[""video game soundtrack""]","[""und""]",,,,World of Warcraft: Cataclysm,,,khinsider_track_prominence_proxy,58.3255503243921,score_0_100,,,,83.33022012975684,,,,https://downloads.khinsider.com/game-soundtracks/album/world-of-warcraft-cataclysm-soundtrack,2026-10-05,Track title is taken from KHInsider's soundtrack/gamerip album index. Popularity is an explicitly labelled proxy based on BeatHit game rank and track prominence.,"{""culture_category"":""video_game_music"",""video_game"":""World of Warcraft: Cataclysm"",""game_rank"":159,""game_association_kind"":""khinsider_game_soundtrack"",""khinsider_album_url"":""https://downloads.khinsider.com/game-soundtracks/album/world-of-warcraft-cataclysm-soundtrack"",""khinsider_album_title"":""World of Warcraft: Cataclysm Soundtrack (world-of-warcraft-cataclysm-soundtrack)"",""khinsider_album_kind"":""official_or_gamerip"",""khinsider_album_match_score"":100.0,""relevance_score_100"":100.0,""popularity_score_100"":58.3255503243921,""score_100"":83.33022012975684,""popularity_basis"":""BeatHit master-list game rank plus track position proxy""}"
33,Burning Steppes,"Tracy W. Bush, Derek Duke, Glenn Stafford",[],World of Warcraft Soundtrack (world-of-warcraft-soundtrack),,,"[""video game soundtrack""]","[""und""]",,,,World of Warcraft: Cataclysm,,,khinsider_track_prominence_proxy,58.115550324392096,score_0_100,,,,83.24622012975684,,,,https://downloads.khinsider.com/game-soundtracks/album/world-of-warcraft-soundtrack,2026-10-05,Track title is taken from KHInsider's soundtrack/gamerip album index. Popularity is an explicitly labelled proxy based on BeatHit game rank and track prominence.,"{""culture_category"":""video_game_music"",""video_game"":""World of Warcraft: Cataclysm"",""game_rank"":159,""game_association_kind"":""khinsider_game_soundtrack"",""khinsider_album_url"":""https://downloads.khinsider.com/game-soundtracks/album/world-of-warcraft-soundtrack"",""khinsider_album_title"":""World of Warcraft Soundtrack (world-of-warcraft-soundtrack)"",""khinsider_album_kind"":""official_or_gamerip"",""khinsider_album_match_score"":100.0,""relevance_score_100"":100.0,""popularity_score_100"":58.115550324392096,""score_100"":83.24622012975684,""popularity_basis"":""BeatHit master-list game rank plus track position proxy""}"
34,Nightsong,Unknown credited artist,[],World of Warcraft: Cataclysm Soundtrack (world-of-warcraft-cataclysm-soundtrack),,,"[""video game soundtrack""]","[""und""]",,,,World of Warcraft: Cataclysm,,,khinsider_track_prominence_proxy,58.115550324392096,score_0_100,,,,83.24622012975684,,,,https://downloads.khinsider.com/game-soundtracks/album/world-of-warcraft-cataclysm-soundtrack,2026-10-05,Track title is taken from KHInsider's soundtrack/gamerip album index. Popularity is an explicitly labelled proxy based on BeatHit game rank and track prominence.,"{""culture_category"":""video_game_music"",""video_game"":""World of Warcraft: Cataclysm"",""game_rank"":159,""game_association_kind"":""khinsider_game_soundtrack"",""khinsider_album_url"":""https://downloads.khinsider.com/game-soundtracks/album/world-of-warcraft-cataclysm-soundtrack"",""khinsider_album_title"":""World of Warcraft: Cataclysm Soundtrack (world-of-warcraft-cataclysm-soundtrack)"",""khinsider_album_kind"":""official_or_gamerip"",""khinsider_album_match_score"":100.0,""relevance_score_100"":100.0,""popularity_score_100"":58.115550324392096,""score_100"":83.24622012975684,""popularity_basis"":""BeatHit master-list game rank plus track position proxy""}"
35,Shimmering Flats,"Tracy W. Bush, Derek Duke, Glenn Stafford",[],World of Warcraft Soundtrack (world-of-warcraft-soundtrack),,,"[""video game soundtrack""]","[""und""]",,,,World of Warcraft: Cataclysm,,,khinsider_track_prominence_proxy,57.905550324392095,score_0_100,,,,83.16222012975683,,,,https://downloads.khinsider.com/game-soundtracks/album/world-of-warcraft-soundtrack,2026-10-05,Track title is taken from KHInsider's soundtrack/gamerip album index. Popularity is an explicitly labelled proxy based on BeatHit game rank and track prominence.,"{""culture_category"":""video_game_music"",""video_game"":""World of Warcraft: Cataclysm"",""game_rank"":159,""game_association_kind"":""khinsider_game_soundtrack"",""khinsider_album_url"":""https://downloads.khinsider.com/game-soundtracks/album/world-of-warcraft-soundtrack"",""khinsider_album_title"":""World of Warcraft Soundtrack (world-of-warcraft-soundtrack)"",""khinsider_album_kind"":""official_or_gamerip"",""khinsider_album_match_score"":100.0,""relevance_score_100"":100.0,""popularity_score_100"":57.905550324392095,""score_100"":83.16222012975683,""popularity_basis"":""BeatHit master-list game rank plus track position proxy""}"
36,Felwood,"Tracy W. Bush, Derek Duke, Glenn Stafford",[],World of Warcraft Soundtrack (world-of-warcraft-soundtrack),,,"[""video game soundtrack""]","[""und""]",,,,World of Warcraft: Cataclysm,,,khinsider_track_prominence_proxy,57.6955503243921,score_0_100,,,,83.07822012975684,,,,https://downloads.khinsider.com/game-soundtracks/album/world-of-warcraft-soundtrack,2026-10-05,Track title is taken from KHInsider's soundtrack/gamerip album index. Popularity is an explicitly labelled proxy based on BeatHit game rank and track prominence.,"{""culture_category"":""video_game_music"",""video_game"":""World of Warcraft: Cataclysm"",""game_rank"":159,""game_association_kind"":""khinsider_game_soundtrack"",""khinsider_album_url"":""https://downloads.khinsider.com/game-soundtracks/album/world-of-warcraft-soundtrack"",""khinsider_album_title"":""World of Warcraft Soundtrack (world-of-warcraft-soundtrack)"",""khinsider_album_kind"":""official_or_gamerip"",""khinsider_album_match_score"":100.0,""relevance_score_100"":100.0,""popularity_score_100"":57.6955503243921,""score_100"":83.07822012975684,""popularity_basis"":""BeatHit master-list game rank plus track position proxy""}"
37,Stranglethorn Vale,"Tracy W. Bush, Derek Duke, Glenn Stafford",[],World of Warcraft Soundtrack (world-of-warcraft-soundtrack),,,"[""video game soundtrack""]","[""und""]",,,,World of Warcraft: Cataclysm,,,khinsider_track_prominence_proxy,57.4855503243921,score_0_100,,,,82.99422012975684,,,,https://downloads.khinsider.com/game-soundtracks/album/world-of-warcraft-soundtrack,2026-10-05,Track title is taken from KHInsider's soundtrack/gamerip album index. Popularity is an explicitly labelled proxy based on BeatHit game rank and track prominence.,"{""culture_category"":""video_game_music"",""video_game"":""World of Warcraft: Cataclysm"",""game_rank"":159,""game_association_kind"":""khinsider_game_soundtrack"",""khinsider_album_url"":""https://downloads.khinsider.com/game-soundtracks/album/world-of-warcraft-soundtrack"",""khinsider_album_title"":""World of Warcraft Soundtrack (world-of-warcraft-soundtrack)"",""khinsider_album_kind"":""official_or_gamerip"",""khinsider_album_match_score"":100.0,""relevance_score_100"":100.0,""popularity_score_100"":57.4855503243921,""score_100"":82.99422012975684,""popularity_basis"":""BeatHit master-list game rank plus track position proxy""}"
38,Tanaris,"Tracy W. Bush, Derek Duke, Glenn Stafford",[],World of Warcraft Soundtrack (world-of-warcraft-soundtrack),,,"[""video game soundtrack""]","[""und""]",,,,World of Warcraft: Cataclysm,,,khinsider_track_prominence_proxy,57.2755503243921,score_0_100,,,,82.91022012975684,,,,https://downloads.khinsider.com/game-soundtracks/album/world-of-warcraft-soundtrack,2026-10-05,Track title is taken from KHInsider's soundtrack/gamerip album index. Popularity is an explicitly labelled proxy based on BeatHit game rank and track prominence.,"{""culture_category"":""video_game_music"",""video_game"":""World of Warcraft: Cataclysm"",""game_rank"":159,""game_association_kind"":""khinsider_game_soundtrack"",""khinsider_album_url"":""https://downloads.khinsider.com/game-soundtracks/album/world-of-warcraft-soundtrack"",""khinsider_album_title"":""World of Warcraft Soundtrack (world-of-warcraft-soundtrack)"",""khinsider_album_kind"":""official_or_gamerip"",""khinsider_album_match_score"":100.0,""relevance_score_100"":100.0,""popularity_score_100"":57.2755503243921,""score_100"":82.91022012975684,""popularity_basis"":""BeatHit master-list game rank plus track position proxy""}"
39,Teldrassil,"Tracy W. Bush, Derek Duke, Glenn Stafford",[],World of Warcraft Soundtrack (world-of-warcraft-soundtrack),,,"[""video game soundtrack""]","[""und""]",,,,World of Warcraft: Cataclysm,,,khinsider_track_prominence_proxy,57.0655503243921,score_0_100,,,,82.82622012975685,,,,https://downloads.khinsider.com/game-soundtracks/album/world-of-warcraft-soundtrack,2026-10-05,Track title is taken from KHInsider's soundtrack/gamerip album index. Popularity is an explicitly labelled proxy based on BeatHit game rank and track prominence.,"{""culture_category"":""video_game_music"",""video_game"":""World of Warcraft: Cataclysm"",""game_rank"":159,""game_association_kind"":""khinsider_game_soundtrack"",""khinsider_album_url"":""https://downloads.khinsider.com/game-soundtracks/album/world-of-warcraft-soundtrack"",""khinsider_album_title"":""World of Warcraft Soundtrack (world-of-warcraft-soundtrack)"",""khinsider_album_kind"":""official_or_gamerip"",""khinsider_album_match_score"":100.0,""relevance_score_100"":100.0,""popularity_score_100"":57.0655503243921,""score_100"":82.82622012975685,""popularity_basis"":""BeatHit master-list game rank plus track position proxy""}"
40,Cold Mountain,Unknown credited artist,[],World of Warcraft 4 (Cataclysm) (world-of-warcraft-4-cataclysm-complete),,,"[""video game soundtrack""]","[""und""]",,,,World of Warcraft: Cataclysm,,,khinsider_track_prominence_proxy,61.4755503243921,score_0_100,,,,82.79022012975685,,,,https://downloads.khinsider.com/game-soundtracks/album/world-of-warcraft-4-cataclysm-complete,2026-10-05,Track title is taken from KHInsider's soundtrack/gamerip album index. Popularity is an explicitly labelled proxy based on BeatHit game rank and track prominence.,"{""culture_category"":""video_game_music"",""video_game"":""World of Warcraft: Cataclysm"",""game_rank"":159,""game_association_kind"":""khinsider_game_soundtrack"",""khinsider_album_url"":""https://downloads.khinsider.com/game-soundtracks/album/world-of-warcraft-4-cataclysm-complete"",""khinsider_album_title"":""World of Warcraft 4 (Cataclysm) (world-of-warcraft-4-cataclysm-complete)"",""khinsider_album_kind"":""unclassified_game_album"",""khinsider_album_match_score"":100.0,""relevance_score_100"":97.0,""popularity_score_100"":61.4755503243921,""score_100"":82.79022012975685,""popularity_basis"":""BeatHit master-list game rank plus track position proxy""}"
41,Tavern,"Tracy W. Bush, Derek Duke, Glenn Stafford",[],World of Warcraft Soundtrack (world-of-warcraft-soundtrack),,,"[""video game soundtrack""]","[""und""]",,,,World of Warcraft: Cataclysm,,,khinsider_track_prominence_proxy,56.8555503243921,score_0_100,,,,82.74222012975684,,,,https://downloads.khinsider.com/game-soundtracks/album/world-of-warcraft-soundtrack,2026-10-05,Track title is taken from KHInsider's soundtrack/gamerip album index. Popularity is an explicitly labelled proxy based on BeatHit game rank and track prominence.,"{""culture_category"":""video_game_music"",""video_game"":""World of Warcraft: Cataclysm"",""game_rank"":159,""game_association_kind"":""khinsider_game_soundtrack"",""khinsider_album_url"":""https://downloads.khinsider.com/game-soundtracks/album/world-of-warcraft-soundtrack"",""khinsider_album_title"":""World of Warcraft Soundtrack (world-of-warcraft-soundtrack)"",""khinsider_album_kind"":""official_or_gamerip"",""khinsider_album_match_score"":100.0,""relevance_score_100"":100.0,""popularity_score_100"":56.8555503243921,""score_100"":82.74222012975684,""popularity_basis"":""BeatHit master-list game rank plus track position proxy""}"
42,Winterspring,Unknown credited artist,[],World of Warcraft 4 (Cataclysm) (world-of-warcraft-4-cataclysm-complete),,,"[""video game soundtrack""]","[""und""]",,,,World of Warcraft: Cataclysm,,,khinsider_track_prominence_proxy,61.265550324392095,score_0_100,,,,82.70622012975684,,,,https://downloads.khinsider.com/game-soundtracks/album/world-of-warcraft-4-cataclysm-complete,2026-10-05,Track title is taken from KHInsider's soundtrack/gamerip album index. Popularity is an explicitly labelled proxy based on BeatHit game rank and track prominence.,"{""culture_category"":""video_game_music"",""video_game"":""World of Warcraft: Cataclysm"",""game_rank"":159,""game_association_kind"":""khinsider_game_soundtrack"",""khinsider_album_url"":""https://downloads.khinsider.com/game-soundtracks/album/world-of-warcraft-4-cataclysm-complete"",""khinsider_album_title"":""World of Warcraft 4 (Cataclysm) (world-of-warcraft-4-cataclysm-complete)"",""khinsider_album_kind"":""unclassified_game_album"",""khinsider_album_match_score"":100.0,""relevance_score_100"":97.0,""popularity_score_100"":61.265550324392095,""score_100"":82.70622012975684,""popularity_basis"":""BeatHit master-list game rank plus track position proxy""}"
43,Moonfall,"Tracy W. Bush, Derek Duke, Glenn Stafford",[],World of Warcraft Soundtrack (world-of-warcraft-soundtrack),,,"[""video game soundtrack""]","[""und""]",,,,World of Warcraft: Cataclysm,,,khinsider_track_prominence_proxy,56.645550324392104,score_0_100,,,,82.65822012975684,,,,https://downloads.khinsider.com/game-soundtracks/album/world-of-warcraft-soundtrack,2026-10-05,Track title is taken from KHInsider's soundtrack/gamerip album index. Popularity is an explicitly labelled proxy based on BeatHit game rank and track prominence.,"{""culture_category"":""video_game_music"",""video_game"":""World of Warcraft: Cataclysm"",""game_rank"":159,""game_association_kind"":""khinsider_game_soundtrack"",""khinsider_album_url"":""https://downloads.khinsider.com/game-soundtracks/album/world-of-warcraft-soundtrack"",""khinsider_album_title"":""World of Warcraft Soundtrack (world-of-warcraft-soundtrack)"",""khinsider_album_kind"":""official_or_gamerip"",""khinsider_album_match_score"":100.0,""relevance_score_100"":100.0,""popularity_score_100"":56.645550324392104,""score_100"":82.65822012975684,""popularity_basis"":""BeatHit master-list game rank plus track position proxy""}"
44,Marsh,Unknown credited artist,[],World of Warcraft 4 (Cataclysm) (world-of-warcraft-4-cataclysm-complete),,,"[""video game soundtrack""]","[""und""]",,,,World of Warcraft: Cataclysm,,,khinsider_track_prominence_proxy,61.0555503243921,score_0_100,,,,82.62222012975684,,,,https://downloads.khinsider.com/game-soundtracks/album/world-of-warcraft-4-cataclysm-complete,2026-10-05,Track title is taken from KHInsider's soundtrack/gamerip album index. Popularity is an explicitly labelled proxy based on BeatHit game rank and track prominence.,"{""culture_category"":""video_game_music"",""video_game"":""World of Warcraft: Cataclysm"",""game_rank"":159,""game_association_kind"":""khinsider_game_soundtrack"",""khinsider_album_url"":""https://downloads.khinsider.com/game-soundtracks/album/world-of-warcraft-4-cataclysm-complete"",""khinsider_album_title"":""World of Warcraft 4 (Cataclysm) (world-of-warcraft-4-cataclysm-complete)"",""khinsider_album_kind"":""unclassified_game_album"",""khinsider_album_match_score"":100.0,""relevance_score_100"":97.0,""popularity_score_100"":61.0555503243921,""score_100"":82.62222012975684,""popularity_basis"":""BeatHit master-list game rank plus track position proxy""}"
45,Ruins,"Tracy W. Bush, Derek Duke, Glenn Stafford",[],World of Warcraft Soundtrack (world-of-warcraft-soundtrack),,,"[""video game soundtrack""]","[""und""]",,,,World of Warcraft: Cataclysm,,,khinsider_track_prominence_proxy,56.435550324392096,score_0_100,,,,82.57422012975684,,,,https://downloads.khinsider.com/game-soundtracks/album/world-of-warcraft-soundtrack,2026-10-05,Track title is taken from KHInsider's soundtrack/gamerip album index. Popularity is an explicitly labelled proxy based on BeatHit game rank and track prominence.,"{""culture_category"":""video_game_music"",""video_game"":""World of Warcraft: Cataclysm"",""game_rank"":159,""game_association_kind"":""khinsider_game_soundtrack"",""khinsider_album_url"":""https://downloads.khinsider.com/game-soundtracks/album/world-of-warcraft-soundtrack"",""khinsider_album_title"":""World of Warcraft Soundtrack (world-of-warcraft-soundtrack)"",""khinsider_album_kind"":""official_or_gamerip"",""khinsider_album_match_score"":100.0,""relevance_score_100"":100.0,""popularity_score_100"":56.435550324392096,""score_100"":82.57422012975684,""popularity_basis"":""BeatHit master-list game rank plus track position proxy""}"
46,Lost in the Jungle,Unknown credited artist,[],World of Warcraft 4 (Cataclysm) (world-of-warcraft-4-cataclysm-complete),,,"[""video game soundtrack""]","[""und""]",,,,World of Warcraft: Cataclysm,,,khinsider_track_prominence_proxy,60.8455503243921,score_0_100,,,,82.53822012975684,,,,https://downloads.khinsider.com/game-soundtracks/album/world-of-warcraft-4-cataclysm-complete,2026-10-05,Track title is taken from KHInsider's soundtrack/gamerip album index. Popularity is an explicitly labelled proxy based on BeatHit game rank and track prominence.,"{""culture_category"":""video_game_music"",""video_game"":""World of Warcraft: Cataclysm"",""game_rank"":159,""game_association_kind"":""khinsider_game_soundtrack"",""khinsider_album_url"":""https://downloads.khinsider.com/game-soundtracks/album/world-of-warcraft-4-cataclysm-complete"",""khinsider_album_title"":""World of Warcraft 4 (Cataclysm) (world-of-warcraft-4-cataclysm-complete)"",""khinsider_album_kind"":""unclassified_game_album"",""khinsider_album_match_score"":100.0,""relevance_score_100"":97.0,""popularity_score_100"":60.8455503243921,""score_100"":82.53822012975684,""popularity_basis"":""BeatHit master-list game rank plus track position proxy""}"
47,Temple,"Tracy W. Bush, Derek Duke, Glenn Stafford",[],World of Warcraft Soundtrack (world-of-warcraft-soundtrack),,,"[""video game soundtrack""]","[""und""]",,,,World of Warcraft: Cataclysm,,,khinsider_track_prominence_proxy,56.2255503243921,score_0_100,,,,82.49022012975684,,,,https://downloads.khinsider.com/game-soundtracks/album/world-of-warcraft-soundtrack,2026-10-05,Track title is taken from KHInsider's soundtrack/gamerip album index. Popularity is an explicitly labelled proxy based on BeatHit game rank and track prominence.,"{""culture_category"":""video_game_music"",""video_game"":""World of Warcraft: Cataclysm"",""game_rank"":159,""game_association_kind"":""khinsider_game_soundtrack"",""khinsider_album_url"":""https://downloads.khinsider.com/game-soundtracks/album/world-of-warcraft-soundtrack"",""khinsider_album_title"":""World of Warcraft Soundtrack (world-of-warcraft-soundtrack)"",""khinsider_album_kind"":""official_or_gamerip"",""khinsider_album_match_score"":100.0,""relevance_score_100"":100.0,""popularity_score_100"":56.2255503243921,""score_100"":82.49022012975684,""popularity_basis"":""BeatHit master-list game rank plus track position proxy""}"
48,Wetlands,Unknown credited artist,[],World of Warcraft 4 (Cataclysm) (world-of-warcraft-4-cataclysm-complete),,,"[""video game soundtrack""]","[""und""]",,,,World of Warcraft: Cataclysm,,,khinsider_track_prominence_proxy,60.6355503243921,score_0_100,,,,82.45422012975683,,,,https://downloads.khinsider.com/game-soundtracks/album/world-of-warcraft-4-cataclysm-complete,2026-10-05,Track title is taken from KHInsider's soundtrack/gamerip album index. Popularity is an explicitly labelled proxy based on BeatHit game rank and track prominence.,"{""culture_category"":""video_game_music"",""video_game"":""World of Warcraft: Cataclysm"",""game_rank"":159,""game_association_kind"":""khinsider_game_soundtrack"",""khinsider_album_url"":""https://downloads.khinsider.com/game-soundtracks/album/world-of-warcraft-4-cataclysm-complete"",""khinsider_album_title"":""World of Warcraft 4 (Cataclysm) (world-of-warcraft-4-cataclysm-complete)"",""khinsider_album_kind"":""unclassified_game_album"",""khinsider_album_match_score"":100.0,""relevance_score_100"":97.0,""popularity_score_100"":60.6355503243921,""score_100"":82.45422012975683,""popularity_basis"":""BeatHit master-list game rank plus track position proxy""}"
49,Lurking,"Tracy W. Bush, Derek Duke, Glenn Stafford",[],World of Warcraft Soundtrack (world-of-warcraft-soundtrack),,,"[""video game soundtrack""]","[""und""]",,,,World of Warcraft: Cataclysm,,,khinsider_track_prominence_proxy,56.015550324392095,score_0_100,,,,82.40622012975683,,,,https://downloads.khinsider.com/game-soundtracks/album/world-of-warcraft-soundtrack,2026-10-05,Track title is taken from KHInsider's soundtrack/gamerip album index. Popularity is an explicitly labelled proxy based on BeatHit game rank and track prominence.,"{""culture_category"":""video_game_music"",""video_game"":""World of Warcraft: Cataclysm"",""game_rank"":159,""game_association_kind"":""khinsider_game_soundtrack"",""khinsider_album_url"":""https://downloads.khinsider.com/game-soundtracks/album/world-of-warcraft-soundtrack"",""khinsider_album_title"":""World of Warcraft Soundtrack (world-of-warcraft-soundtrack)"",""khinsider_album_kind"":""official_or_gamerip"",""khinsider_album_match_score"":100.0,""relevance_score_100"":100.0,""popularity_score_100"":56.015550324392095,""score_100"":82.40622012975683,""popularity_basis"":""BeatHit master-list game rank plus track position proxy""}"
50,Stranglethorn Jungle,Unknown credited artist,[],World of Warcraft 4 (Cataclysm) (world-of-warcraft-4-cataclysm-complete),,,"[""video game soundtrack""]","[""und""]",,,,World of Warcraft: Cataclysm,,,khinsider_track_prominence_proxy,60.4255503243921,score_0_100,,,,82.37022012975683,,,,https://downloads.khinsider.com/game-soundtracks/album/world-of-warcraft-4-cataclysm-complete,2026-10-05,Track title is taken from KHInsider's soundtrack/gamerip album index. Popularity is an explicitly labelled proxy based on BeatHit game rank and track prominence.,"{""culture_category"":""video_game_music"",""video_game"":""World of Warcraft: Cataclysm"",""game_rank"":159,""game_association_kind"":""khinsider_game_soundtrack"",""khinsider_album_url"":""https://downloads.khinsider.com/game-soundtracks/album/world-of-warcraft-4-cataclysm-complete"",""khinsider_album_title"":""World of Warcraft 4 (Cataclysm) (world-of-warcraft-4-cataclysm-complete)"",""khinsider_album_kind"":""unclassified_game_album"",""khinsider_album_match_score"":100.0,""relevance_score_100"":97.0,""popularity_score_100"":60.4255503243921,""score_100"":82.37022012975683,""popularity_basis"":""BeatHit master-list game rank plus track position proxy""}"
51,Sacred,"Tracy W. Bush, Derek Duke, Glenn Stafford",[],World of Warcraft Soundtrack (world-of-warcraft-soundtrack),,,"[""video game soundtrack""]","[""und""]",,,,World of Warcraft: Cataclysm,,,khinsider_track_prominence_proxy,55.8055503243921,score_0_100,,,,82.32222012975684,,,,https://downloads.khinsider.com/game-soundtracks/album/world-of-warcraft-soundtrack,2026-10-05,Track title is taken from KHInsider's soundtrack/gamerip album index. Popularity is an explicitly labelled proxy based on BeatHit game rank and track prominence.,"{""culture_category"":""video_game_music"",""video_game"":""World of Warcraft: Cataclysm"",""game_rank"":159,""game_association_kind"":""khinsider_game_soundtrack"",""khinsider_album_url"":""https://downloads.khinsider.com/game-soundtracks/album/world-of-warcraft-soundtrack"",""khinsider_album_title"":""World of Warcraft Soundtrack (world-of-warcraft-soundtrack)"",""khinsider_album_kind"":""official_or_gamerip"",""khinsider_album_match_score"":100.0,""relevance_score_100"":100.0,""popularity_score_100"":55.8055503243921,""score_100"":82.32222012975684,""popularity_basis"":""BeatHit master-list game rank plus track position proxy""}"
52,Swamp,Unknown credited artist,[],World of Warcraft 4 (Cataclysm) (world-of-warcraft-4-cataclysm-complete),,,"[""video game soundtrack""]","[""und""]",,,,World of Warcraft: Cataclysm,,,khinsider_track_prominence_proxy,60.2155503243921,score_0_100,,,,82.28622012975683,,,,https://downloads.khinsider.com/game-soundtracks/album/world-of-warcraft-4-cataclysm-complete,2026-10-05,Track title is taken from KHInsider's soundtrack/gamerip album index. Popularity is an explicitly labelled proxy based on BeatHit game rank and track prominence.,"{""culture_category"":""video_game_music"",""video_game"":""World of Warcraft: Cataclysm"",""game_rank"":159,""game_association_kind"":""khinsider_game_soundtrack"",""khinsider_album_url"":""https://downloads.khinsider.com/game-soundtracks/album/world-of-warcraft-4-cataclysm-complete"",""khinsider_album_title"":""World of Warcraft 4 (Cataclysm) (world-of-warcraft-4-cataclysm-complete)"",""khinsider_album_kind"":""unclassified_game_album"",""khinsider_album_match_score"":100.0,""relevance_score_100"":97.0,""popularity_score_100"":60.2155503243921,""score_100"":82.28622012975683,""popularity_basis"":""BeatHit master-list game rank plus track position proxy""}"
53,Graveyard,"Tracy W. Bush, Derek Duke, Glenn Stafford",[],World of Warcraft Soundtrack (world-of-warcraft-soundtrack),,,"[""video game soundtrack""]","[""und""]",,,,World of Warcraft: Cataclysm,,,khinsider_track_prominence_proxy,55.5955503243921,score_0_100,,,,82.23822012975684,,,,https://downloads.khinsider.com/game-soundtracks/album/world-of-warcraft-soundtrack,2026-10-05,Track title is taken from KHInsider's soundtrack/gamerip album index. Popularity is an explicitly labelled proxy based on BeatHit game rank and track prominence.,"{""culture_category"":""video_game_music"",""video_game"":""World of Warcraft: Cataclysm"",""game_rank"":159,""game_association_kind"":""khinsider_game_soundtrack"",""khinsider_album_url"":""https://downloads.khinsider.com/game-soundtracks/album/world-of-warcraft-soundtrack"",""khinsider_album_title"":""World of Warcraft Soundtrack (world-of-warcraft-soundtrack)"",""khinsider_album_kind"":""official_or_gamerip"",""khinsider_album_match_score"":100.0,""relevance_score_100"":100.0,""popularity_score_100"":55.5955503243921,""score_100"":82.23822012975684,""popularity_basis"":""BeatHit master-list game rank plus track position proxy""}"
54,War,"Tracy W. Bush, Derek Duke, Glenn Stafford",[],World of Warcraft Soundtrack (world-of-warcraft-soundtrack),,,"[""video game soundtrack""]","[""und""]",,,,World of Warcraft: Cataclysm,,,khinsider_track_prominence_proxy,55.3855503243921,score_0_100,,,,82.15422012975684,,,,https://downloads.khinsider.com/game-soundtracks/album/world-of-warcraft-soundtrack,2026-10-05,Track title is taken from KHInsider's soundtrack/gamerip album index. Popularity is an explicitly labelled proxy based on BeatHit game rank and track prominence.,"{""culture_category"":""video_game_music"",""video_game"":""World of Warcraft: Cataclysm"",""game_rank"":159,""game_association_kind"":""khinsider_game_soundtrack"",""khinsider_album_url"":""https://downloads.khinsider.com/game-soundtracks/album/world-of-warcraft-soundtrack"",""khinsider_album_title"":""World of Warcraft Soundtrack (world-of-warcraft-soundtrack)"",""khinsider_album_kind"":""official_or_gamerip"",""khinsider_album_match_score"":100.0,""relevance_score_100"":100.0,""popularity_score_100"":55.3855503243921,""score_100"":82.15422012975684,""popularity_basis"":""BeatHit master-list game rank plus track position proxy""}"
55,Arid Land,Unknown credited artist,[],World of Warcraft 4 (Cataclysm) (world-of-warcraft-4-cataclysm-complete),,,"[""video game soundtrack""]","[""und""]",,,,World of Warcraft: Cataclysm,,,khinsider_track_prominence_proxy,59.795550324392096,score_0_100,,,,82.11822012975684,,,,https://downloads.khinsider.com/game-soundtracks/album/world-of-warcraft-4-cataclysm-complete,2026-10-05,Track title is taken from KHInsider's soundtrack/gamerip album index. Popularity is an explicitly labelled proxy based on BeatHit game rank and track prominence.,"{""culture_category"":""video_game_music"",""video_game"":""World of Warcraft: Cataclysm"",""game_rank"":159,""game_association_kind"":""khinsider_game_soundtrack"",""khinsider_album_url"":""https://downloads.khinsider.com/game-soundtracks/album/world-of-warcraft-4-cataclysm-complete"",""khinsider_album_title"":""World of Warcraft 4 (Cataclysm) (world-of-warcraft-4-cataclysm-complete)"",""khinsider_album_kind"":""unclassified_game_album"",""khinsider_album_match_score"":100.0,""relevance_score_100"":97.0,""popularity_score_100"":59.795550324392096,""score_100"":82.11822012975684,""popularity_basis"":""BeatHit master-list game rank plus track position proxy""}"
56,Arathi Highlands,Unknown credited artist,[],World of Warcraft 4 (Cataclysm) (world-of-warcraft-4-cataclysm-complete),,,"[""video game soundtrack""]","[""und""]",,,,World of Warcraft: Cataclysm,,,khinsider_track_prominence_proxy,59.5855503243921,score_0_100,,,,82.03422012975685,,,,https://downloads.khinsider.com/game-soundtracks/album/world-of-warcraft-4-cataclysm-complete,2026-10-05,Track title is taken from KHInsider's soundtrack/gamerip album index. Popularity is an explicitly labelled proxy based on BeatHit game rank and track prominence.,"{""culture_category"":""video_game_music"",""video_game"":""World of Warcraft: Cataclysm"",""game_rank"":159,""game_association_kind"":""khinsider_game_soundtrack"",""khinsider_album_url"":""https://downloads.khinsider.com/game-soundtracks/album/world-of-warcraft-4-cataclysm-complete"",""khinsider_album_title"":""World of Warcraft 4 (Cataclysm) (world-of-warcraft-4-cataclysm-complete)"",""khinsider_album_kind"":""unclassified_game_album"",""khinsider_album_match_score"":100.0,""relevance_score_100"":97.0,""popularity_score_100"":59.5855503243921,""score_100"":82.03422012975685,""popularity_basis"":""BeatHit master-list game rank plus track position proxy""}"
57,Lost in the Sand,Unknown credited artist,[],World of Warcraft 4 (Cataclysm) (world-of-warcraft-4-cataclysm-complete),,,"[""video game soundtrack""]","[""und""]",,,,World of Warcraft: Cataclysm,,,khinsider_track_prominence_proxy,59.375550324392094,score_0_100,,,,81.95022012975684,,,,https://downloads.khinsider.com/game-soundtracks/album/world-of-warcraft-4-cataclysm-complete,2026-10-05,Track title is taken from KHInsider's soundtrack/gamerip album index. Popularity is an explicitly labelled proxy based on BeatHit game rank and track prominence.,"{""culture_category"":""video_game_music"",""video_game"":""World of Warcraft: Cataclysm"",""game_rank"":159,""game_association_kind"":""khinsider_game_soundtrack"",""khinsider_album_url"":""https://downloads.khinsider.com/game-soundtracks/album/world-of-warcraft-4-cataclysm-complete"",""khinsider_album_title"":""World of Warcraft 4 (Cataclysm) (world-of-warcraft-4-cataclysm-complete)"",""khinsider_album_kind"":""unclassified_game_album"",""khinsider_album_match_score"":100.0,""relevance_score_100"":97.0,""popularity_score_100"":59.375550324392094,""score_100"":81.95022012975684,""popularity_basis"":""BeatHit master-list game rank plus track position proxy""}"
58,Thoradin's Wall,Unknown credited artist,[],World of Warcraft 4 (Cataclysm) (world-of-warcraft-4-cataclysm-complete),,,"[""video game soundtrack""]","[""und""]",,,,World of Warcraft: Cataclysm,,,khinsider_track_prominence_proxy,59.1655503243921,score_0_100,,,,81.86622012975684,,,,https://downloads.khinsider.com/game-soundtracks/album/world-of-warcraft-4-cataclysm-complete,2026-10-05,Track title is taken from KHInsider's soundtrack/gamerip album index. Popularity is an explicitly labelled proxy based on BeatHit game rank and track prominence.,"{""culture_category"":""video_game_music"",""video_game"":""World of Warcraft: Cataclysm"",""game_rank"":159,""game_association_kind"":""khinsider_game_soundtrack"",""khinsider_album_url"":""https://downloads.khinsider.com/game-soundtracks/album/world-of-warcraft-4-cataclysm-complete"",""khinsider_album_title"":""World of Warcraft 4 (Cataclysm) (world-of-warcraft-4-cataclysm-complete)"",""khinsider_album_kind"":""unclassified_game_album"",""khinsider_album_match_score"":100.0,""relevance_score_100"":97.0,""popularity_score_100"":59.1655503243921,""score_100"":81.86622012975684,""popularity_basis"":""BeatHit master-list game rank plus track position proxy""}"
59,The Tanaris Desert,Unknown credited artist,[],World of Warcraft 4 (Cataclysm) (world-of-warcraft-4-cataclysm-complete),,,"[""video game soundtrack""]","[""und""]",,,,World of Warcraft: Cataclysm,,,khinsider_track_prominence_proxy,58.95555032439209,score_0_100,,,,81.78222012975684,,,,https://downloads.khinsider.com/game-soundtracks/album/world-of-warcraft-4-cataclysm-complete,2026-10-05,Track title is taken from KHInsider's soundtrack/gamerip album index. Popularity is an explicitly labelled proxy based on BeatHit game rank and track prominence.,"{""culture_category"":""video_game_music"",""video_game"":""World of Warcraft: Cataclysm"",""game_rank"":159,""game_association_kind"":""khinsider_game_soundtrack"",""khinsider_album_url"":""https://downloads.khinsider.com/game-soundtracks/album/world-of-warcraft-4-cataclysm-complete"",""khinsider_album_title"":""World of Warcraft 4 (Cataclysm) (world-of-warcraft-4-cataclysm-complete)"",""khinsider_album_kind"":""unclassified_game_album"",""khinsider_album_match_score"":100.0,""relevance_score_100"":97.0,""popularity_score_100"":58.95555032439209,""score_100"":81.78222012975684,""popularity_basis"":""BeatHit master-list game rank plus track position proxy""}"
60,Whitebark Village,Unknown credited artist,[],World of Warcraft 4 (Cataclysm) (world-of-warcraft-4-cataclysm-complete),,,"[""video game soundtrack""]","[""und""]",,,,World of Warcraft: Cataclysm,,,khinsider_track_prominence_proxy,58.7455503243921,score_0_100,,,,81.69822012975683,,,,https://downloads.khinsider.com/game-soundtracks/album/world-of-warcraft-4-cataclysm-complete,2026-10-05,Track title is taken from KHInsider's soundtrack/gamerip album index. Popularity is an explicitly labelled proxy based on BeatHit game rank and track prominence.,"{""culture_category"":""video_game_music"",""video_game"":""World of Warcraft: Cataclysm"",""game_rank"":159,""game_association_kind"":""khinsider_game_soundtrack"",""khinsider_album_url"":""https://downloads.khinsider.com/game-soundtracks/album/world-of-warcraft-4-cataclysm-complete"",""khinsider_album_title"":""World of Warcraft 4 (Cataclysm) (world-of-warcraft-4-cataclysm-complete)"",""khinsider_album_kind"":""unclassified_game_album"",""khinsider_album_match_score"":100.0,""relevance_score_100"":97.0,""popularity_score_100"":58.7455503243921,""score_100"":81.69822012975683,""popularity_basis"":""BeatHit master-list game rank plus track position proxy""}"
61,Cursed Lands,Unknown credited artist,[],World of Warcraft 4 (Cataclysm) (world-of-warcraft-4-cataclysm-complete),,,"[""video game soundtrack""]","[""und""]",,,,World of Warcraft: Cataclysm,,,khinsider_track_prominence_proxy,58.5355503243921,score_0_100,,,,81.61422012975683,,,,https://downloads.khinsider.com/game-soundtracks/album/world-of-warcraft-4-cataclysm-complete,2026-10-05,Track title is taken from KHInsider's soundtrack/gamerip album index. Popularity is an explicitly labelled proxy based on BeatHit game rank and track prominence.,"{""culture_category"":""video_game_music"",""video_game"":""World of Warcraft: Cataclysm"",""game_rank"":159,""game_association_kind"":""khinsider_game_soundtrack"",""khinsider_album_url"":""https://downloads.khinsider.com/game-soundtracks/album/world-of-warcraft-4-cataclysm-complete"",""khinsider_album_title"":""World of Warcraft 4 (Cataclysm) (world-of-warcraft-4-cataclysm-complete)"",""khinsider_album_kind"":""unclassified_game_album"",""khinsider_album_match_score"":100.0,""relevance_score_100"":97.0,""popularity_score_100"":58.5355503243921,""score_100"":81.61422012975683,""popularity_basis"":""BeatHit master-list game rank plus track position proxy""}"
62,Gallywix Docks,Unknown credited artist,[],World of Warcraft 4 (Cataclysm) (world-of-warcraft-4-cataclysm-complete),,,"[""video game soundtrack""]","[""und""]",,,,World of Warcraft: Cataclysm,,,khinsider_track_prominence_proxy,58.3255503243921,score_0_100,,,,81.53022012975683,,,,https://downloads.khinsider.com/game-soundtracks/album/world-of-warcraft-4-cataclysm-complete,2026-10-05,Track title is taken from KHInsider's soundtrack/gamerip album index. Popularity is an explicitly labelled proxy based on BeatHit game rank and track prominence.,"{""culture_category"":""video_game_music"",""video_game"":""World of Warcraft: Cataclysm"",""game_rank"":159,""game_association_kind"":""khinsider_game_soundtrack"",""khinsider_album_url"":""https://downloads.khinsider.com/game-soundtracks/album/world-of-warcraft-4-cataclysm-complete"",""khinsider_album_title"":""World of Warcraft 4 (Cataclysm) (world-of-warcraft-4-cataclysm-complete)"",""khinsider_album_kind"":""unclassified_game_album"",""khinsider_album_match_score"":100.0,""relevance_score_100"":97.0,""popularity_score_100"":58.3255503243921,""score_100"":81.53022012975683,""popularity_basis"":""BeatHit master-list game rank plus track position proxy""}"
63,Shadowglen,Unknown credited artist,[],World of Warcraft 4 (Cataclysm) (world-of-warcraft-4-cataclysm-complete),,,"[""video game soundtrack""]","[""und""]",,,,World of Warcraft: Cataclysm,,,khinsider_track_prominence_proxy,58.115550324392096,score_0_100,,,,81.44622012975684,,,,https://downloads.khinsider.com/game-soundtracks/album/world-of-warcraft-4-cataclysm-complete,2026-10-05,Track title is taken from KHInsider's soundtrack/gamerip album index. Popularity is an explicitly labelled proxy based on BeatHit game rank and track prominence.,"{""culture_category"":""video_game_music"",""video_game"":""World of Warcraft: Cataclysm"",""game_rank"":159,""game_association_kind"":""khinsider_game_soundtrack"",""khinsider_album_url"":""https://downloads.khinsider.com/game-soundtracks/album/world-of-warcraft-4-cataclysm-complete"",""khinsider_album_title"":""World of Warcraft 4 (Cataclysm) (world-of-warcraft-4-cataclysm-complete)"",""khinsider_album_kind"":""unclassified_game_album"",""khinsider_album_match_score"":100.0,""relevance_score_100"":97.0,""popularity_score_100"":58.115550324392096,""score_100"":81.44622012975684,""popularity_basis"":""BeatHit master-list game rank plus track position proxy""}"
64,Scarred,Unknown credited artist,[],World of Warcraft 4 (Cataclysm) (world-of-warcraft-4-cataclysm-complete),,,"[""video game soundtrack""]","[""und""]",,,,World of Warcraft: Cataclysm,,,khinsider_track_prominence_proxy,57.905550324392095,score_0_100,,,,81.36222012975684,,,,https://downloads.khinsider.com/game-soundtracks/album/world-of-warcraft-4-cataclysm-complete,2026-10-05,Track title is taken from KHInsider's soundtrack/gamerip album index. Popularity is an explicitly labelled proxy based on BeatHit game rank and track prominence.,"{""culture_category"":""video_game_music"",""video_game"":""World of Warcraft: Cataclysm"",""game_rank"":159,""game_association_kind"":""khinsider_game_soundtrack"",""khinsider_album_url"":""https://downloads.khinsider.com/game-soundtracks/album/world-of-warcraft-4-cataclysm-complete"",""khinsider_album_title"":""World of Warcraft 4 (Cataclysm) (world-of-warcraft-4-cataclysm-complete)"",""khinsider_album_kind"":""unclassified_game_album"",""khinsider_album_match_score"":100.0,""relevance_score_100"":97.0,""popularity_score_100"":57.905550324392095,""score_100"":81.36222012975684,""popularity_basis"":""BeatHit master-list game rank plus track position proxy""}"
65,Undead,Unknown credited artist,[],World of Warcraft 4 (Cataclysm) (world-of-warcraft-4-cataclysm-complete),,,"[""video game soundtrack""]","[""und""]",,,,World of Warcraft: Cataclysm,,,khinsider_track_prominence_proxy,57.6955503243921,score_0_100,,,,81.27822012975685,,,,https://downloads.khinsider.com/game-soundtracks/album/world-of-warcraft-4-cataclysm-complete,2026-10-05,Track title is taken from KHInsider's soundtrack/gamerip album index. Popularity is an explicitly labelled proxy based on BeatHit game rank and track prominence.,"{""culture_category"":""video_game_music"",""video_game"":""World of Warcraft: Cataclysm"",""game_rank"":159,""game_association_kind"":""khinsider_game_soundtrack"",""khinsider_album_url"":""https://downloads.khinsider.com/game-soundtracks/album/world-of-warcraft-4-cataclysm-complete"",""khinsider_album_title"":""World of Warcraft 4 (Cataclysm) (world-of-warcraft-4-cataclysm-complete)"",""khinsider_album_kind"":""unclassified_game_album"",""khinsider_album_match_score"":100.0,""relevance_score_100"":97.0,""popularity_score_100"":57.6955503243921,""score_100"":81.27822012975685,""popularity_basis"":""BeatHit master-list game rank plus track position proxy""}"
66,Thunder Bluff Rises,Unknown credited artist,[],World of Warcraft 4 (Cataclysm) (world-of-warcraft-4-cataclysm-complete),,,"[""video game soundtrack""]","[""und""]",,,,World of Warcraft: Cataclysm,,,khinsider_track_prominence_proxy,57.4855503243921,score_0_100,,,,81.19422012975684,,,,https://downloads.khinsider.com/game-soundtracks/album/world-of-warcraft-4-cataclysm-complete,2026-10-05,Track title is taken from KHInsider's soundtrack/gamerip album index. Popularity is an explicitly labelled proxy based on BeatHit game rank and track prominence.,"{""culture_category"":""video_game_music"",""video_game"":""World of Warcraft: Cataclysm"",""game_rank"":159,""game_association_kind"":""khinsider_game_soundtrack"",""khinsider_album_url"":""https://downloads.khinsider.com/game-soundtracks/album/world-of-warcraft-4-cataclysm-complete"",""khinsider_album_title"":""World of Warcraft 4 (Cataclysm) (world-of-warcraft-4-cataclysm-complete)"",""khinsider_album_kind"":""unclassified_game_album"",""khinsider_album_match_score"":100.0,""relevance_score_100"":97.0,""popularity_score_100"":57.4855503243921,""score_100"":81.19422012975684,""popularity_basis"":""BeatHit master-list game rank plus track position proxy""}"
67,Grimtotem,Unknown credited artist,[],World of Warcraft 4 (Cataclysm) (world-of-warcraft-4-cataclysm-complete),,,"[""video game soundtrack""]","[""und""]",,,,World of Warcraft: Cataclysm,,,khinsider_track_prominence_proxy,57.2755503243921,score_0_100,,,,81.11022012975684,,,,https://downloads.khinsider.com/game-soundtracks/album/world-of-warcraft-4-cataclysm-complete,2026-10-05,Track title is taken from KHInsider's soundtrack/gamerip album index. Popularity is an explicitly labelled proxy based on BeatHit game rank and track prominence.,"{""culture_category"":""video_game_music"",""video_game"":""World of Warcraft: Cataclysm"",""game_rank"":159,""game_association_kind"":""khinsider_game_soundtrack"",""khinsider_album_url"":""https://downloads.khinsider.com/game-soundtracks/album/world-of-warcraft-4-cataclysm-complete"",""khinsider_album_title"":""World of Warcraft 4 (Cataclysm) (world-of-warcraft-4-cataclysm-complete)"",""khinsider_album_kind"":""unclassified_game_album"",""khinsider_album_match_score"":100.0,""relevance_score_100"":97.0,""popularity_score_100"":57.2755503243921,""score_100"":81.11022012975684,""popularity_basis"":""BeatHit master-list game rank plus track position proxy""}"
68,The Tauren,Unknown credited artist,[],World of Warcraft 4 (Cataclysm) (world-of-warcraft-4-cataclysm-complete),,,"[""video game soundtrack""]","[""und""]",,,,World of Warcraft: Cataclysm,,,khinsider_track_prominence_proxy,57.0655503243921,score_0_100,,,,81.02622012975684,,,,https://downloads.khinsider.com/game-soundtracks/album/world-of-warcraft-4-cataclysm-complete,2026-10-05,Track title is taken from KHInsider's soundtrack/gamerip album index. Popularity is an explicitly labelled proxy based on BeatHit game rank and track prominence.,"{""culture_category"":""video_game_music"",""video_game"":""World of Warcraft: Cataclysm"",""game_rank"":159,""game_association_kind"":""khinsider_game_soundtrack"",""khinsider_album_url"":""https://downloads.khinsider.com/game-soundtracks/album/world-of-warcraft-4-cataclysm-complete"",""khinsider_album_title"":""World of Warcraft 4 (Cataclysm) (world-of-warcraft-4-cataclysm-complete)"",""khinsider_album_kind"":""unclassified_game_album"",""khinsider_album_match_score"":100.0,""relevance_score_100"":97.0,""popularity_score_100"":57.0655503243921,""score_100"":81.02622012975684,""popularity_basis"":""BeatHit master-list game rank plus track position proxy""}"
69,Mount Hyjal,Unknown credited artist,[],World of Warcraft 4 (Cataclysm) (world-of-warcraft-4-cataclysm-complete),,,"[""video game soundtrack""]","[""und""]",,,,World of Warcraft: Cataclysm,,,khinsider_track_prominence_proxy,56.8555503243921,score_0_100,,,,80.94222012975683,,,,https://downloads.khinsider.com/game-soundtracks/album/world-of-warcraft-4-cataclysm-complete,2026-10-05,Track title is taken from KHInsider's soundtrack/gamerip album index. Popularity is an explicitly labelled proxy based on BeatHit game rank and track prominence.,"{""culture_category"":""video_game_music"",""video_game"":""World of Warcraft: Cataclysm"",""game_rank"":159,""game_association_kind"":""khinsider_game_soundtrack"",""khinsider_album_url"":""https://downloads.khinsider.com/game-soundtracks/album/world-of-warcraft-4-cataclysm-complete"",""khinsider_album_title"":""World of Warcraft 4 (Cataclysm) (world-of-warcraft-4-cataclysm-complete)"",""khinsider_album_kind"":""unclassified_game_album"",""khinsider_album_match_score"":100.0,""relevance_score_100"":97.0,""popularity_score_100"":56.8555503243921,""score_100"":80.94222012975683,""popularity_basis"":""BeatHit master-list game rank plus track position proxy""}"
70,Nordrassil,Unknown credited artist,[],World of Warcraft 4 (Cataclysm) (world-of-warcraft-4-cataclysm-complete),,,"[""video game soundtrack""]","[""und""]",,,,World of Warcraft: Cataclysm,,,khinsider_track_prominence_proxy,56.645550324392104,score_0_100,,,,80.85822012975683,,,,https://downloads.khinsider.com/game-soundtracks/album/world-of-warcraft-4-cataclysm-complete,2026-10-05,Track title is taken from KHInsider's soundtrack/gamerip album index. Popularity is an explicitly labelled proxy based on BeatHit game rank and track prominence.,"{""culture_category"":""video_game_music"",""video_game"":""World of Warcraft: Cataclysm"",""game_rank"":159,""game_association_kind"":""khinsider_game_soundtrack"",""khinsider_album_url"":""https://downloads.khinsider.com/game-soundtracks/album/world-of-warcraft-4-cataclysm-complete"",""khinsider_album_title"":""World of Warcraft 4 (Cataclysm) (world-of-warcraft-4-cataclysm-complete)"",""khinsider_album_kind"":""unclassified_game_album"",""khinsider_album_match_score"":100.0,""relevance_score_100"":97.0,""popularity_score_100"":56.645550324392104,""score_100"":80.85822012975683,""popularity_basis"":""BeatHit master-list game rank plus track position proxy""}"
71,Grove of the Ancients,Unknown credited artist,[],World of Warcraft 4 (Cataclysm) (world-of-warcraft-4-cataclysm-complete),,,"[""video game soundtrack""]","[""und""]",,,,World of Warcraft: Cataclysm,,,khinsider_track_prominence_proxy,56.435550324392096,score_0_100,,,,80.77422012975683,,,,https://downloads.khinsider.com/game-soundtracks/album/world-of-warcraft-4-cataclysm-complete,2026-10-05,Track title is taken from KHInsider's soundtrack/gamerip album index. Popularity is an explicitly labelled proxy based on BeatHit game rank and track prominence.,"{""culture_category"":""video_game_music"",""video_game"":""World of Warcraft: Cataclysm"",""game_rank"":159,""game_association_kind"":""khinsider_game_soundtrack"",""khinsider_album_url"":""https://downloads.khinsider.com/game-soundtracks/album/world-of-warcraft-4-cataclysm-complete"",""khinsider_album_title"":""World of Warcraft 4 (Cataclysm) (world-of-warcraft-4-cataclysm-complete)"",""khinsider_album_kind"":""unclassified_game_album"",""khinsider_album_match_score"":100.0,""relevance_score_100"":97.0,""popularity_score_100"":56.435550324392096,""score_100"":80.77422012975683,""popularity_basis"":""BeatHit master-list game rank plus track position proxy""}"
72,Words and Music by...,Unknown credited artist,[],World of Warcraft 4 (Cataclysm) (world-of-warcraft-4-cataclysm-complete),,,"[""video game soundtrack""]","[""und""]",,,,World of Warcraft: Cataclysm,,,khinsider_track_prominence_proxy,56.2255503243921,score_0_100,,,,80.69022012975684,,,,https://downloads.khinsider.com/game-soundtracks/album/world-of-warcraft-4-cataclysm-complete,2026-10-05,Track title is taken from KHInsider's soundtrack/gamerip album index. Popularity is an explicitly labelled proxy based on BeatHit game rank and track prominence.,"{""culture_category"":""video_game_music"",""video_game"":""World of Warcraft: Cataclysm"",""game_rank"":159,""game_association_kind"":""khinsider_game_soundtrack"",""khinsider_album_url"":""https://downloads.khinsider.com/game-soundtracks/album/world-of-warcraft-4-cataclysm-complete"",""khinsider_album_title"":""World of Warcraft 4 (Cataclysm) (world-of-warcraft-4-cataclysm-complete)"",""khinsider_album_kind"":""unclassified_game_album"",""khinsider_album_match_score"":100.0,""relevance_score_100"":97.0,""popularity_score_100"":56.2255503243921,""score_100"":80.69022012975684,""popularity_basis"":""BeatHit master-list game rank plus track position proxy""}"
73,Guardians of Hyjal,Unknown credited artist,[],World of Warcraft 4 (Cataclysm) (world-of-warcraft-4-cataclysm-complete),,,"[""video game soundtrack""]","[""und""]",,,,World of Warcraft: Cataclysm,,,khinsider_track_prominence_proxy,56.015550324392095,score_0_100,,,,80.60622012975684,,,,https://downloads.khinsider.com/game-soundtracks/album/world-of-warcraft-4-cataclysm-complete,2026-10-05,Track title is taken from KHInsider's soundtrack/gamerip album index. Popularity is an explicitly labelled proxy based on BeatHit game rank and track prominence.,"{""culture_category"":""video_game_music"",""video_game"":""World of Warcraft: Cataclysm"",""game_rank"":159,""game_association_kind"":""khinsider_game_soundtrack"",""khinsider_album_url"":""https://downloads.khinsider.com/game-soundtracks/album/world-of-warcraft-4-cataclysm-complete"",""khinsider_album_title"":""World of Warcraft 4 (Cataclysm) (world-of-warcraft-4-cataclysm-complete)"",""khinsider_album_kind"":""unclassified_game_album"",""khinsider_album_match_score"":100.0,""relevance_score_100"":97.0,""popularity_score_100"":56.015550324392095,""score_100"":80.60622012975684,""popularity_basis"":""BeatHit master-list game rank plus track position proxy""}"
74,Hyjal Summit,Unknown credited artist,[],World of Warcraft 4 (Cataclysm) (world-of-warcraft-4-cataclysm-complete),,,"[""video game soundtrack""]","[""und""]",,,,World of Warcraft: Cataclysm,,,khinsider_track_prominence_proxy,55.8055503243921,score_0_100,,,,80.52222012975685,,,,https://downloads.khinsider.com/game-soundtracks/album/world-of-warcraft-4-cataclysm-complete,2026-10-05,Track title is taken from KHInsider's soundtrack/gamerip album index. Popularity is an explicitly labelled proxy based on BeatHit game rank and track prominence.,"{""culture_category"":""video_game_music"",""video_game"":""World of Warcraft: Cataclysm"",""game_rank"":159,""game_association_kind"":""khinsider_game_soundtrack"",""khinsider_album_url"":""https://downloads.khinsider.com/game-soundtracks/album/world-of-warcraft-4-cataclysm-complete"",""khinsider_album_title"":""World of Warcraft 4 (Cataclysm) (world-of-warcraft-4-cataclysm-complete)"",""khinsider_album_kind"":""unclassified_game_album"",""khinsider_album_match_score"":100.0,""relevance_score_100"":97.0,""popularity_score_100"":55.8055503243921,""score_100"":80.52222012975685,""popularity_basis"":""BeatHit master-list game rank plus track position proxy""}"
75,Moonglade,Unknown credited artist,[],World of Warcraft 4 (Cataclysm) (world-of-warcraft-4-cataclysm-complete),,,"[""video game soundtrack""]","[""und""]",,,,World of Warcraft: Cataclysm,,,khinsider_track_prominence_proxy,55.5955503243921,score_0_100,,,,80.43822012975684,,,,https://downloads.khinsider.com/game-soundtracks/album/world-of-warcraft-4-cataclysm-complete,2026-10-05,Track title is taken from KHInsider's soundtrack/gamerip album index. Popularity is an explicitly labelled proxy based on BeatHit game rank and track prominence.,"{""culture_category"":""video_game_music"",""video_game"":""World of Warcraft: Cataclysm"",""game_rank"":159,""game_association_kind"":""khinsider_game_soundtrack"",""khinsider_album_url"":""https://downloads.khinsider.com/game-soundtracks/album/world-of-warcraft-4-cataclysm-complete"",""khinsider_album_title"":""World of Warcraft 4 (Cataclysm) (world-of-warcraft-4-cataclysm-complete)"",""khinsider_album_kind"":""unclassified_game_album"",""khinsider_album_match_score"":100.0,""relevance_score_100"":97.0,""popularity_score_100"":55.5955503243921,""score_100"":80.43822012975684,""popularity_basis"":""BeatHit master-list game rank plus track position proxy""}"
76,Druid Protectors,Unknown credited artist,[],World of Warcraft 4 (Cataclysm) (world-of-warcraft-4-cataclysm-complete),,,"[""video game soundtrack""]","[""und""]",,,,World of Warcraft: Cataclysm,,,khinsider_track_prominence_proxy,55.3855503243921,score_0_100,,,,80.35422012975684,,,,https://downloads.khinsider.com/game-soundtracks/album/world-of-warcraft-4-cataclysm-complete,2026-10-05,Track title is taken from KHInsider's soundtrack/gamerip album index. Popularity is an explicitly labelled proxy based on BeatHit game rank and track prominence.,"{""culture_category"":""video_game_music"",""video_game"":""World of Warcraft: Cataclysm"",""game_rank"":159,""game_association_kind"":""khinsider_game_soundtrack"",""khinsider_album_url"":""https://downloads.khinsider.com/game-soundtracks/album/world-of-warcraft-4-cataclysm-complete"",""khinsider_album_title"":""World of Warcraft 4 (Cataclysm) (world-of-warcraft-4-cataclysm-complete)"",""khinsider_album_kind"":""unclassified_game_album"",""khinsider_album_match_score"":100.0,""relevance_score_100"":97.0,""popularity_score_100"":55.3855503243921,""score_100"":80.35422012975684,""popularity_basis"":""BeatHit master-list game rank plus track position proxy""}"
77,Lush Rainforest,Unknown credited artist,[],World of Warcraft 4 (Cataclysm) (world-of-warcraft-4-cataclysm-complete),,,"[""video game soundtrack""]","[""und""]",,,,World of Warcraft: Cataclysm,,,khinsider_track_prominence_proxy,55.1755503243921,score_0_100,,,,80.27022012975684,,,,https://downloads.khinsider.com/game-soundtracks/album/world-of-warcraft-4-cataclysm-complete,2026-10-05,Track title is taken from KHInsider's soundtrack/gamerip album index. Popularity is an explicitly labelled proxy based on BeatHit game rank and track prominence.,"{""culture_category"":""video_game_music"",""video_game"":""World of Warcraft: Cataclysm"",""game_rank"":159,""game_association_kind"":""khinsider_game_soundtrack"",""khinsider_album_url"":""https://downloads.khinsider.com/game-soundtracks/album/world-of-warcraft-4-cataclysm-complete"",""khinsider_album_title"":""World of Warcraft 4 (Cataclysm) (world-of-warcraft-4-cataclysm-complete)"",""khinsider_album_kind"":""unclassified_game_album"",""khinsider_album_match_score"":100.0,""relevance_score_100"":97.0,""popularity_score_100"":55.1755503243921,""score_100"":80.27022012975684,""popularity_basis"":""BeatHit master-list game rank plus track position proxy""}"
78,Forgotten Oasis,Unknown credited artist,[],World of Warcraft 4 (Cataclysm) (world-of-warcraft-4-cataclysm-complete),,,"[""video game soundtrack""]","[""und""]",,,,World of Warcraft: Cataclysm,,,khinsider_track_prominence_proxy,54.9655503243921,score_0_100,,,,80.18622012975683,,,,https://downloads.khinsider.com/game-soundtracks/album/world-of-warcraft-4-cataclysm-complete,2026-10-05,Track title is taken from KHInsider's soundtrack/gamerip album index. Popularity is an explicitly labelled proxy based on BeatHit game rank and track prominence.,"{""culture_category"":""video_game_music"",""video_game"":""World of Warcraft: Cataclysm"",""game_rank"":159,""game_association_kind"":""khinsider_game_soundtrack"",""khinsider_album_url"":""https://downloads.khinsider.com/game-soundtracks/album/world-of-warcraft-4-cataclysm-complete"",""khinsider_album_title"":""World of Warcraft 4 (Cataclysm) (world-of-warcraft-4-cataclysm-complete)"",""khinsider_album_kind"":""unclassified_game_album"",""khinsider_album_match_score"":100.0,""relevance_score_100"":97.0,""popularity_score_100"":54.9655503243921,""score_100"":80.18622012975683,""popularity_basis"":""BeatHit master-list game rank plus track position proxy""}"
79,Eastern Plaguelands,Unknown credited artist,[],World of Warcraft 4 (Cataclysm) (world-of-warcraft-4-cataclysm-complete),,,"[""video game soundtrack""]","[""und""]",,,,World of Warcraft: Cataclysm,,,khinsider_track_prominence_proxy,54.7555503243921,score_0_100,,,,80.10222012975683,,,,https://downloads.khinsider.com/game-soundtracks/album/world-of-warcraft-4-cataclysm-complete,2026-10-05,Track title is taken from KHInsider's soundtrack/gamerip album index. Popularity is an explicitly labelled proxy based on BeatHit game rank and track prominence.,"{""culture_category"":""video_game_music"",""video_game"":""World of Warcraft: Cataclysm"",""game_rank"":159,""game_association_kind"":""khinsider_game_soundtrack"",""khinsider_album_url"":""https://downloads.khinsider.com/game-soundtracks/album/world-of-warcraft-4-cataclysm-complete"",""khinsider_album_title"":""World of Warcraft 4 (Cataclysm) (world-of-warcraft-4-cataclysm-complete)"",""khinsider_album_kind"":""unclassified_game_album"",""khinsider_album_match_score"":100.0,""relevance_score_100"":97.0,""popularity_score_100"":54.7555503243921,""score_100"":80.10222012975683,""popularity_basis"":""BeatHit master-list game rank plus track position proxy""}"
80,Durotar,Unknown credited artist,[],World of Warcraft 4 (Cataclysm) (world-of-warcraft-4-cataclysm-complete),,,"[""video game soundtrack""]","[""und""]",,,,World of Warcraft: Cataclysm,,,khinsider_track_prominence_proxy,54.545550324392096,score_0_100,,,,80.01822012975683,,,,https://downloads.khinsider.com/game-soundtracks/album/world-of-warcraft-4-cataclysm-complete,2026-10-05,Track title is taken from KHInsider's soundtrack/gamerip album index. Popularity is an explicitly labelled proxy based on BeatHit game rank and track prominence.,"{""culture_category"":""video_game_music"",""video_game"":""World of Warcraft: Cataclysm"",""game_rank"":159,""game_association_kind"":""khinsider_game_soundtrack"",""khinsider_album_url"":""https://downloads.khinsider.com/game-soundtracks/album/world-of-warcraft-4-cataclysm-complete"",""khinsider_album_title"":""World of Warcraft 4 (Cataclysm) (world-of-warcraft-4-cataclysm-complete)"",""khinsider_album_kind"":""unclassified_game_album"",""khinsider_album_match_score"":100.0,""relevance_score_100"":97.0,""popularity_score_100"":54.545550324392096,""score_100"":80.01822012975683,""popularity_basis"":""BeatHit master-list game rank plus track position proxy""}"
81,Felwood Forest,Unknown credited artist,[],World of Warcraft 4 (Cataclysm) (world-of-warcraft-4-cataclysm-complete),,,"[""video game soundtrack""]","[""und""]",,,,World of Warcraft: Cataclysm,,,khinsider_track_prominence_proxy,54.3355503243921,score_0_100,,,,79.93422012975684,,,,https://downloads.khinsider.com/game-soundtracks/album/world-of-warcraft-4-cataclysm-complete,2026-10-05,Track title is taken from KHInsider's soundtrack/gamerip album index. Popularity is an explicitly labelled proxy based on BeatHit game rank and track prominence.,"{""culture_category"":""video_game_music"",""video_game"":""World of Warcraft: Cataclysm"",""game_rank"":159,""game_association_kind"":""khinsider_game_soundtrack"",""khinsider_album_url"":""https://downloads.khinsider.com/game-soundtracks/album/world-of-warcraft-4-cataclysm-complete"",""khinsider_album_title"":""World of Warcraft 4 (Cataclysm) (world-of-warcraft-4-cataclysm-complete)"",""khinsider_album_kind"":""unclassified_game_album"",""khinsider_album_match_score"":100.0,""relevance_score_100"":97.0,""popularity_score_100"":54.3355503243921,""score_100"":79.93422012975684,""popularity_basis"":""BeatHit master-list game rank plus track position proxy""}"
82,Desolace,Unknown credited artist,[],World of Warcraft 4 (Cataclysm) (world-of-warcraft-4-cataclysm-complete),,,"[""video game soundtrack""]","[""und""]",,,,World of Warcraft: Cataclysm,,,khinsider_track_prominence_proxy,54.125550324392094,score_0_100,,,,79.85022012975683,,,,https://downloads.khinsider.com/game-soundtracks/album/world-of-warcraft-4-cataclysm-complete,2026-10-05,Track title is taken from KHInsider's soundtrack/gamerip album index. Popularity is an explicitly labelled proxy based on BeatHit game rank and track prominence.,"{""culture_category"":""video_game_music"",""video_game"":""World of Warcraft: Cataclysm"",""game_rank"":159,""game_association_kind"":""khinsider_game_soundtrack"",""khinsider_album_url"":""https://downloads.khinsider.com/game-soundtracks/album/world-of-warcraft-4-cataclysm-complete"",""khinsider_album_title"":""World of Warcraft 4 (Cataclysm) (world-of-warcraft-4-cataclysm-complete)"",""khinsider_album_kind"":""unclassified_game_album"",""khinsider_album_match_score"":100.0,""relevance_score_100"":97.0,""popularity_score_100"":54.125550324392094,""score_100"":79.85022012975683,""popularity_basis"":""BeatHit master-list game rank plus track position proxy""}"
83,Orgrimmar Legacy,Unknown credited artist,[],World of Warcraft 4 (Cataclysm) (world-of-warcraft-4-cataclysm-complete),,,"[""video game soundtrack""]","[""und""]",,,,World of Warcraft: Cataclysm,,,khinsider_track_prominence_proxy,53.9155503243921,score_0_100,,,,79.76622012975685,,,,https://downloads.khinsider.com/game-soundtracks/album/world-of-warcraft-4-cataclysm-complete,2026-10-05,Track title is taken from KHInsider's soundtrack/gamerip album index. Popularity is an explicitly labelled proxy based on BeatHit game rank and track prominence.,"{""culture_category"":""video_game_music"",""video_game"":""World of Warcraft: Cataclysm"",""game_rank"":159,""game_association_kind"":""khinsider_game_soundtrack"",""khinsider_album_url"":""https://downloads.khinsider.com/game-soundtracks/album/world-of-warcraft-4-cataclysm-complete"",""khinsider_album_title"":""World of Warcraft 4 (Cataclysm) (world-of-warcraft-4-cataclysm-complete)"",""khinsider_album_kind"":""unclassified_game_album"",""khinsider_album_match_score"":100.0,""relevance_score_100"":97.0,""popularity_score_100"":53.9155503243921,""score_100"":79.76622012975685,""popularity_basis"":""BeatHit master-list game rank plus track position proxy""}"
84,Jaggedswine Farm,Unknown credited artist,[],World of Warcraft 4 (Cataclysm) (world-of-warcraft-4-cataclysm-complete),,,"[""video game soundtrack""]","[""und""]",,,,World of Warcraft: Cataclysm,,,khinsider_track_prominence_proxy,53.70555032439209,score_0_100,,,,79.68222012975684,,,,https://downloads.khinsider.com/game-soundtracks/album/world-of-warcraft-4-cataclysm-complete,2026-10-05,Track title is taken from KHInsider's soundtrack/gamerip album index. Popularity is an explicitly labelled proxy based on BeatHit game rank and track prominence.,"{""culture_category"":""video_game_music"",""video_game"":""World of Warcraft: Cataclysm"",""game_rank"":159,""game_association_kind"":""khinsider_game_soundtrack"",""khinsider_album_url"":""https://downloads.khinsider.com/game-soundtracks/album/world-of-warcraft-4-cataclysm-complete"",""khinsider_album_title"":""World of Warcraft 4 (Cataclysm) (world-of-warcraft-4-cataclysm-complete)"",""khinsider_album_kind"":""unclassified_game_album"",""khinsider_album_match_score"":100.0,""relevance_score_100"":97.0,""popularity_score_100"":53.70555032439209,""score_100"":79.68222012975684,""popularity_basis"":""BeatHit master-list game rank plus track position proxy""}"
85,The Firelands,Unknown credited artist,[],World of Warcraft 4 (Cataclysm) (world-of-warcraft-4-cataclysm-complete),,,"[""video game soundtrack""]","[""und""]",,,,World of Warcraft: Cataclysm,,,khinsider_track_prominence_proxy,53.4955503243921,score_0_100,,,,79.59822012975684,,,,https://downloads.khinsider.com/game-soundtracks/album/world-of-warcraft-4-cataclysm-complete,2026-10-05,Track title is taken from KHInsider's soundtrack/gamerip album index. Popularity is an explicitly labelled proxy based on BeatHit game rank and track prominence.,"{""culture_category"":""video_game_music"",""video_game"":""World of Warcraft: Cataclysm"",""game_rank"":159,""game_association_kind"":""khinsider_game_soundtrack"",""khinsider_album_url"":""https://downloads.khinsider.com/game-soundtracks/album/world-of-warcraft-4-cataclysm-complete"",""khinsider_album_title"":""World of Warcraft 4 (Cataclysm) (world-of-warcraft-4-cataclysm-complete)"",""khinsider_album_kind"":""unclassified_game_album"",""khinsider_album_match_score"":100.0,""relevance_score_100"":97.0,""popularity_score_100"":53.4955503243921,""score_100"":79.59822012975684,""popularity_basis"":""BeatHit master-list game rank plus track position proxy""}"
86,Drygulch Ravine,Unknown credited artist,[],World of Warcraft 4 (Cataclysm) (world-of-warcraft-4-cataclysm-complete),,,"[""video game soundtrack""]","[""und""]",,,,World of Warcraft: Cataclysm,,,khinsider_track_prominence_proxy,53.2855503243921,score_0_100,,,,79.51422012975684,,,,https://downloads.khinsider.com/game-soundtracks/album/world-of-warcraft-4-cataclysm-complete,2026-10-05,Track title is taken from KHInsider's soundtrack/gamerip album index. Popularity is an explicitly labelled proxy based on BeatHit game rank and track prominence.,"{""culture_category"":""video_game_music"",""video_game"":""World of Warcraft: Cataclysm"",""game_rank"":159,""game_association_kind"":""khinsider_game_soundtrack"",""khinsider_album_url"":""https://downloads.khinsider.com/game-soundtracks/album/world-of-warcraft-4-cataclysm-complete"",""khinsider_album_title"":""World of Warcraft 4 (Cataclysm) (world-of-warcraft-4-cataclysm-complete)"",""khinsider_album_kind"":""unclassified_game_album"",""khinsider_album_match_score"":100.0,""relevance_score_100"":97.0,""popularity_score_100"":53.2855503243921,""score_100"":79.51422012975684,""popularity_basis"":""BeatHit master-list game rank plus track position proxy""}"
87,The Burning Steppes,Unknown credited artist,[],World of Warcraft 4 (Cataclysm) (world-of-warcraft-4-cataclysm-complete),,,"[""video game soundtrack""]","[""und""]",,,,World of Warcraft: Cataclysm,,,khinsider_track_prominence_proxy,53.0755503243921,score_0_100,,,,79.43022012975683,,,,https://downloads.khinsider.com/game-soundtracks/album/world-of-warcraft-4-cataclysm-complete,2026-10-05,Track title is taken from KHInsider's soundtrack/gamerip album index. Popularity is an explicitly labelled proxy based on BeatHit game rank and track prominence.,"{""culture_category"":""video_game_music"",""video_game"":""World of Warcraft: Cataclysm"",""game_rank"":159,""game_association_kind"":""khinsider_game_soundtrack"",""khinsider_album_url"":""https://downloads.khinsider.com/game-soundtracks/album/world-of-warcraft-4-cataclysm-complete"",""khinsider_album_title"":""World of Warcraft 4 (Cataclysm) (world-of-warcraft-4-cataclysm-complete)"",""khinsider_album_kind"":""unclassified_game_album"",""khinsider_album_match_score"":100.0,""relevance_score_100"":97.0,""popularity_score_100"":53.0755503243921,""score_100"":79.43022012975683,""popularity_basis"":""BeatHit master-list game rank plus track position proxy""}"
88,Temple of Earth,Unknown credited artist,[],World of Warcraft 4 (Cataclysm) (world-of-warcraft-4-cataclysm-complete),,,"[""video game soundtrack""]","[""und""]",,,,World of Warcraft: Cataclysm,,,khinsider_track_prominence_proxy,52.865550324392096,score_0_100,,,,79.34622012975683,,,,https://downloads.khinsider.com/game-soundtracks/album/world-of-warcraft-4-cataclysm-complete,2026-10-05,Track title is taken from KHInsider's soundtrack/gamerip album index. Popularity is an explicitly labelled proxy based on BeatHit game rank and track prominence.,"{""culture_category"":""video_game_music"",""video_game"":""World of Warcraft: Cataclysm"",""game_rank"":159,""game_association_kind"":""khinsider_game_soundtrack"",""khinsider_album_url"":""https://downloads.khinsider.com/game-soundtracks/album/world-of-warcraft-4-cataclysm-complete"",""khinsider_album_title"":""World of Warcraft 4 (Cataclysm) (world-of-warcraft-4-cataclysm-complete)"",""khinsider_album_kind"":""unclassified_game_album"",""khinsider_album_match_score"":100.0,""relevance_score_100"":97.0,""popularity_score_100"":52.865550324392096,""score_100"":79.34622012975683,""popularity_basis"":""BeatHit master-list game rank plus track position proxy""}"
89,Elemental,Unknown credited artist,[],World of Warcraft 4 (Cataclysm) (world-of-warcraft-4-cataclysm-complete),,,"[""video game soundtrack""]","[""und""]",,,,World of Warcraft: Cataclysm,,,khinsider_track_prominence_proxy,52.655550324392095,score_0_100,,,,79.26222012975683,,,,https://downloads.khinsider.com/game-soundtracks/album/world-of-warcraft-4-cataclysm-complete,2026-10-05,Track title is taken from KHInsider's soundtrack/gamerip album index. Popularity is an explicitly labelled proxy based on BeatHit game rank and track prominence.,"{""culture_category"":""video_game_music"",""video_game"":""World of Warcraft: Cataclysm"",""game_rank"":159,""game_association_kind"":""khinsider_game_soundtrack"",""khinsider_album_url"":""https://downloads.khinsider.com/game-soundtracks/album/world-of-warcraft-4-cataclysm-complete"",""khinsider_album_title"":""World of Warcraft 4 (Cataclysm) (world-of-warcraft-4-cataclysm-complete)"",""khinsider_album_kind"":""unclassified_game_album"",""khinsider_album_match_score"":100.0,""relevance_score_100"":97.0,""popularity_score_100"":52.655550324392095,""score_100"":79.26222012975683,""popularity_basis"":""BeatHit master-list game rank plus track position proxy""}"
90,Gilneas Shadows,Unknown credited artist,[],World of Warcraft 4 (Cataclysm) (world-of-warcraft-4-cataclysm-complete),,,"[""video game soundtrack""]","[""und""]",,,,World of Warcraft: Cataclysm,,,khinsider_track_prominence_proxy,52.4455503243921,score_0_100,,,,79.17822012975684,,,,https://downloads.khinsider.com/game-soundtracks/album/world-of-warcraft-4-cataclysm-complete,2026-10-05,Track title is taken from KHInsider's soundtrack/gamerip album index. Popularity is an explicitly labelled proxy based on BeatHit game rank and track prominence.,"{""culture_category"":""video_game_music"",""video_game"":""World of Warcraft: Cataclysm"",""game_rank"":159,""game_association_kind"":""khinsider_game_soundtrack"",""khinsider_album_url"":""https://downloads.khinsider.com/game-soundtracks/album/world-of-warcraft-4-cataclysm-complete"",""khinsider_album_title"":""World of Warcraft 4 (Cataclysm) (world-of-warcraft-4-cataclysm-complete)"",""khinsider_album_kind"":""unclassified_game_album"",""khinsider_album_match_score"":100.0,""relevance_score_100"":97.0,""popularity_score_100"":52.4455503243921,""score_100"":79.17822012975684,""popularity_basis"":""BeatHit master-list game rank plus track position proxy""}"
91,Ruins of Gilneas,Unknown credited artist,[],World of Warcraft 4 (Cataclysm) (world-of-warcraft-4-cataclysm-complete),,,"[""video game soundtrack""]","[""und""]",,,,World of Warcraft: Cataclysm,,,khinsider_track_prominence_proxy,52.2355503243921,score_0_100,,,,79.09422012975683,,,,https://downloads.khinsider.com/game-soundtracks/album/world-of-warcraft-4-cataclysm-complete,2026-10-05,Track title is taken from KHInsider's soundtrack/gamerip album index. Popularity is an explicitly labelled proxy based on BeatHit game rank and track prominence.,"{""culture_category"":""video_game_music"",""video_game"":""World of Warcraft: Cataclysm"",""game_rank"":159,""game_association_kind"":""khinsider_game_soundtrack"",""khinsider_album_url"":""https://downloads.khinsider.com/game-soundtracks/album/world-of-warcraft-4-cataclysm-complete"",""khinsider_album_title"":""World of Warcraft 4 (Cataclysm) (world-of-warcraft-4-cataclysm-complete)"",""khinsider_album_kind"":""unclassified_game_album"",""khinsider_album_match_score"":100.0,""relevance_score_100"":97.0,""popularity_score_100"":52.2355503243921,""score_100"":79.09422012975683,""popularity_basis"":""BeatHit master-list game rank plus track position proxy""}"
92,Past Glory,Unknown credited artist,[],World of Warcraft 4 (Cataclysm) (world-of-warcraft-4-cataclysm-complete),,,"[""video game soundtrack""]","[""und""]",,,,World of Warcraft: Cataclysm,,,khinsider_track_prominence_proxy,51.815550324392106,score_0_100,,,,78.92622012975684,,,,https://downloads.khinsider.com/game-soundtracks/album/world-of-warcraft-4-cataclysm-complete,2026-10-05,Track title is taken from KHInsider's soundtrack/gamerip album index. Popularity is an explicitly labelled proxy based on BeatHit game rank and track prominence.,"{""culture_category"":""video_game_music"",""video_game"":""World of Warcraft: Cataclysm"",""game_rank"":159,""game_association_kind"":""khinsider_game_soundtrack"",""khinsider_album_url"":""https://downloads.khinsider.com/game-soundtracks/album/world-of-warcraft-4-cataclysm-complete"",""khinsider_album_title"":""World of Warcraft 4 (Cataclysm) (world-of-warcraft-4-cataclysm-complete)"",""khinsider_album_kind"":""unclassified_game_album"",""khinsider_album_match_score"":100.0,""relevance_score_100"":97.0,""popularity_score_100"":51.815550324392106,""score_100"":78.92622012975684,""popularity_basis"":""BeatHit master-list game rank plus track position proxy""}"
93,Fire in the Sky,Unknown credited artist,[],World of Warcraft 4 (Cataclysm) (world-of-warcraft-4-cataclysm-complete),,,"[""video game soundtrack""]","[""und""]",,,,World of Warcraft: Cataclysm,,,khinsider_track_prominence_proxy,51.6055503243921,score_0_100,,,,78.84222012975684,,,,https://downloads.khinsider.com/game-soundtracks/album/world-of-warcraft-4-cataclysm-complete,2026-10-05,Track title is taken from KHInsider's soundtrack/gamerip album index. Popularity is an explicitly labelled proxy based on BeatHit game rank and track prominence.,"{""culture_category"":""video_game_music"",""video_game"":""World of Warcraft: Cataclysm"",""game_rank"":159,""game_association_kind"":""khinsider_game_soundtrack"",""khinsider_album_url"":""https://downloads.khinsider.com/game-soundtracks/album/world-of-warcraft-4-cataclysm-complete"",""khinsider_album_title"":""World of Warcraft 4 (Cataclysm) (world-of-warcraft-4-cataclysm-complete)"",""khinsider_album_kind"":""unclassified_game_album"",""khinsider_album_match_score"":100.0,""relevance_score_100"":97.0,""popularity_score_100"":51.6055503243921,""score_100"":78.84222012975684,""popularity_basis"":""BeatHit master-list game rank plus track position proxy""}"
94,Haunted,Unknown credited artist,[],World of Warcraft 4 (Cataclysm) (world-of-warcraft-4-cataclysm-complete),,,"[""video game soundtrack""]","[""und""]",,,,World of Warcraft: Cataclysm,,,khinsider_track_prominence_proxy,51.395550324392104,score_0_100,,,,78.75822012975684,,,,https://downloads.khinsider.com/game-soundtracks/album/world-of-warcraft-4-cataclysm-complete,2026-10-05,Track title is taken from KHInsider's soundtrack/gamerip album index. Popularity is an explicitly labelled proxy based on BeatHit game rank and track prominence.,"{""culture_category"":""video_game_music"",""video_game"":""World of Warcraft: Cataclysm"",""game_rank"":159,""game_association_kind"":""khinsider_game_soundtrack"",""khinsider_album_url"":""https://downloads.khinsider.com/game-soundtracks/album/world-of-warcraft-4-cataclysm-complete"",""khinsider_album_title"":""World of Warcraft 4 (Cataclysm) (world-of-warcraft-4-cataclysm-complete)"",""khinsider_album_kind"":""unclassified_game_album"",""khinsider_album_match_score"":100.0,""relevance_score_100"":97.0,""popularity_score_100"":51.395550324392104,""score_100"":78.75822012975684,""popularity_basis"":""BeatHit master-list game rank plus track position proxy""}"
95,Darkwhisper Gorge,Unknown credited artist,[],World of Warcraft 4 (Cataclysm) (world-of-warcraft-4-cataclysm-complete),,,"[""video game soundtrack""]","[""und""]",,,,World of Warcraft: Cataclysm,,,khinsider_track_prominence_proxy,51.185550324392096,score_0_100,,,,78.67422012975683,,,,https://downloads.khinsider.com/game-soundtracks/album/world-of-warcraft-4-cataclysm-complete,2026-10-05,Track title is taken from KHInsider's soundtrack/gamerip album index. Popularity is an explicitly labelled proxy based on BeatHit game rank and track prominence.,"{""culture_category"":""video_game_music"",""video_game"":""World of Warcraft: Cataclysm"",""game_rank"":159,""game_association_kind"":""khinsider_game_soundtrack"",""khinsider_album_url"":""https://downloads.khinsider.com/game-soundtracks/album/world-of-warcraft-4-cataclysm-complete"",""khinsider_album_title"":""World of Warcraft 4 (Cataclysm) (world-of-warcraft-4-cataclysm-complete)"",""khinsider_album_kind"":""unclassified_game_album"",""khinsider_album_match_score"":100.0,""relevance_score_100"":97.0,""popularity_score_100"":51.185550324392096,""score_100"":78.67422012975683,""popularity_basis"":""BeatHit master-list game rank plus track position proxy""}"
96,Ghosts,Unknown credited artist,[],World of Warcraft 4 (Cataclysm) (world-of-warcraft-4-cataclysm-complete),,,"[""video game soundtrack""]","[""und""]",,,,World of Warcraft: Cataclysm,,,khinsider_track_prominence_proxy,50.7655503243921,score_0_100,,,,78.50622012975684,,,,https://downloads.khinsider.com/game-soundtracks/album/world-of-warcraft-4-cataclysm-complete,2026-10-05,Track title is taken from KHInsider's soundtrack/gamerip album index. Popularity is an explicitly labelled proxy based on BeatHit game rank and track prominence.,"{""culture_category"":""video_game_music"",""video_game"":""World of Warcraft: Cataclysm"",""game_rank"":159,""game_association_kind"":""khinsider_game_soundtrack"",""khinsider_album_url"":""https://downloads.khinsider.com/game-soundtracks/album/world-of-warcraft-4-cataclysm-complete"",""khinsider_album_title"":""World of Warcraft 4 (Cataclysm) (world-of-warcraft-4-cataclysm-complete)"",""khinsider_album_kind"":""unclassified_game_album"",""khinsider_album_match_score"":100.0,""relevance_score_100"":97.0,""popularity_score_100"":50.7655503243921,""score_100"":78.50622012975684,""popularity_basis"":""BeatHit master-list game rank plus track position proxy""}"
97,Mysterious,Unknown credited artist,[],World of Warcraft 4 (Cataclysm) (world-of-warcraft-4-cataclysm-complete),,,"[""video game soundtrack""]","[""und""]",,,,World of Warcraft: Cataclysm,,,khinsider_track_prominence_proxy,50.5555503243921,score_0_100,,,,78.42222012975684,,,,https://downloads.khinsider.com/game-soundtracks/album/world-of-warcraft-4-cataclysm-complete,2026-10-05,Track title is taken from KHInsider's soundtrack/gamerip album index. Popularity is an explicitly labelled proxy based on BeatHit game rank and track prominence.,"{""culture_category"":""video_game_music"",""video_game"":""World of Warcraft: Cataclysm"",""game_rank"":159,""game_association_kind"":""khinsider_game_soundtrack"",""khinsider_album_url"":""https://downloads.khinsider.com/game-soundtracks/album/world-of-warcraft-4-cataclysm-complete"",""khinsider_album_title"":""World of Warcraft 4 (Cataclysm) (world-of-warcraft-4-cataclysm-complete)"",""khinsider_album_kind"":""unclassified_game_album"",""khinsider_album_match_score"":100.0,""relevance_score_100"":97.0,""popularity_score_100"":50.5555503243921,""score_100"":78.42222012975684,""popularity_basis"":""BeatHit master-list game rank plus track position proxy""}"
98,Night Elves,Unknown credited artist,[],World of Warcraft 4 (Cataclysm) (world-of-warcraft-4-cataclysm-complete),,,"[""video game soundtrack""]","[""und""]",,,,World of Warcraft: Cataclysm,,,khinsider_track_prominence_proxy,50.3455503243921,score_0_100,,,,78.33822012975683,,,,https://downloads.khinsider.com/game-soundtracks/album/world-of-warcraft-4-cataclysm-complete,2026-10-05,Track title is taken from KHInsider's soundtrack/gamerip album index. Popularity is an explicitly labelled proxy based on BeatHit game rank and track prominence.,"{""culture_category"":""video_game_music"",""video_game"":""World of Warcraft: Cataclysm"",""game_rank"":159,""game_association_kind"":""khinsider_game_soundtrack"",""khinsider_album_url"":""https://downloads.khinsider.com/game-soundtracks/album/world-of-warcraft-4-cataclysm-complete"",""khinsider_album_title"":""World of Warcraft 4 (Cataclysm) (world-of-warcraft-4-cataclysm-complete)"",""khinsider_album_kind"":""unclassified_game_album"",""khinsider_album_match_score"":100.0,""relevance_score_100"":97.0,""popularity_score_100"":50.3455503243921,""score_100"":78.33822012975683,""popularity_basis"":""BeatHit master-list game rank plus track position proxy""}"
99,Deepholm,Unknown credited artist,[],World of Warcraft 4 (Cataclysm) (world-of-warcraft-4-cataclysm-complete),,,"[""video game soundtrack""]","[""und""]",,,,World of Warcraft: Cataclysm,,,khinsider_track_prominence_proxy,50.1355503243921,score_0_100,,,,78.25422012975685,,,,https://downloads.khinsider.com/game-soundtracks/album/world-of-warcraft-4-cataclysm-complete,2026-10-05,Track title is taken from KHInsider's soundtrack/gamerip album index. Popularity is an explicitly labelled proxy based on BeatHit game rank and track prominence.,"{""culture_category"":""video_game_music"",""video_game"":""World of Warcraft: Cataclysm"",""game_rank"":159,""game_association_kind"":""khinsider_game_soundtrack"",""khinsider_album_url"":""https://downloads.khinsider.com/game-soundtracks/album/world-of-warcraft-4-cataclysm-complete"",""khinsider_album_title"":""World of Warcraft 4 (Cataclysm) (world-of-warcraft-4-cataclysm-complete)"",""khinsider_album_kind"":""unclassified_game_album"",""khinsider_album_match_score"":100.0,""relevance_score_100"":97.0,""popularity_score_100"":50.1355503243921,""score_100"":78.25422012975685,""popularity_basis"":""BeatHit master-list game rank plus track position proxy""}"
100,Ancient Treasure,Unknown credited artist,[],World of Warcraft 4 (Cataclysm) (world-of-warcraft-4-cataclysm-complete),,,"[""video game soundtrack""]","[""und""]",,,,World of Warcraft: Cataclysm,,,khinsider_track_prominence_proxy,49.9255503243921,score_0_100,,,,78.17022012975684,,,,https://downloads.khinsider.com/game-soundtracks/album/world-of-warcraft-4-cataclysm-complete,2026-10-05,Track title is taken from KHInsider's soundtrack/gamerip album index. Popularity is an explicitly labelled proxy based on BeatHit game rank and track prominence.,"{""culture_category"":""video_game_music"",""video_game"":""World of Warcraft: Cataclysm"",""game_rank"":159,""game_association_kind"":""khinsider_game_soundtrack"",""khinsider_album_url"":""https://downloads.khinsider.com/game-soundtracks/album/world-of-warcraft-4-cataclysm-complete"",""khinsider_album_title"":""World of Warcraft 4 (Cataclysm) (world-of-warcraft-4-cataclysm-complete)"",""khinsider_album_kind"":""unclassified_game_album"",""khinsider_album_match_score"":100.0,""relevance_score_100"":97.0,""popularity_score_100"":49.9255503243921,""score_100"":78.17022012975684,""popularity_basis"":""BeatHit master-list game rank plus track position proxy""}"
101,Goblin Mayhem I,Unknown credited artist,[],World of Warcraft 4 (Cataclysm) (world-of-warcraft-4-cataclysm-complete),,,"[""video game soundtrack""]","[""und""]",,,,World of Warcraft: Cataclysm,,,khinsider_track_prominence_proxy,49.7155503243921,score_0_100,,,,78.08622012975684,,,,https://downloads.khinsider.com/game-soundtracks/album/world-of-warcraft-4-cataclysm-complete,2026-10-05,Track title is taken from KHInsider's soundtrack/gamerip album index. Popularity is an explicitly labelled proxy based on BeatHit game rank and track prominence.,"{""culture_category"":""video_game_music"",""video_game"":""World of Warcraft: Cataclysm"",""game_rank"":159,""game_association_kind"":""khinsider_game_soundtrack"",""khinsider_album_url"":""https://downloads.khinsider.com/game-soundtracks/album/world-of-warcraft-4-cataclysm-complete"",""khinsider_album_title"":""World of Warcraft 4 (Cataclysm) (world-of-warcraft-4-cataclysm-complete)"",""khinsider_album_kind"":""unclassified_game_album"",""khinsider_album_match_score"":100.0,""relevance_score_100"":97.0,""popularity_score_100"":49.7155503243921,""score_100"":78.08622012975684,""popularity_basis"":""BeatHit master-list game rank plus track position proxy""}"
102,Goblin Mayhem II,Unknown credited artist,[],World of Warcraft 4 (Cataclysm) (world-of-warcraft-4-cataclysm-complete),,,"[""video game soundtrack""]","[""und""]",,,,World of Warcraft: Cataclysm,,,khinsider_track_prominence_proxy,49.505550324392104,score_0_100,,,,78.00222012975684,,,,https://downloads.khinsider.com/game-soundtracks/album/world-of-warcraft-4-cataclysm-complete,2026-10-05,Track title is taken from KHInsider's soundtrack/gamerip album index. Popularity is an explicitly labelled proxy based on BeatHit game rank and track prominence.,"{""culture_category"":""video_game_music"",""video_game"":""World of Warcraft: Cataclysm"",""game_rank"":159,""game_association_kind"":""khinsider_game_soundtrack"",""khinsider_album_url"":""https://downloads.khinsider.com/game-soundtracks/album/world-of-warcraft-4-cataclysm-complete"",""khinsider_album_title"":""World of Warcraft 4 (Cataclysm) (world-of-warcraft-4-cataclysm-complete)"",""khinsider_album_kind"":""unclassified_game_album"",""khinsider_album_match_score"":100.0,""relevance_score_100"":97.0,""popularity_score_100"":49.505550324392104,""score_100"":78.00222012975684,""popularity_basis"":""BeatHit master-list game rank plus track position proxy""}"
103,Goblin Mayhem III,Unknown credited artist,[],World of Warcraft 4 (Cataclysm) (world-of-warcraft-4-cataclysm-complete),,,"[""video game soundtrack""]","[""und""]",,,,World of Warcraft: Cataclysm,,,khinsider_track_prominence_proxy,49.295550324392096,score_0_100,,,,77.91822012975683,,,,https://downloads.khinsider.com/game-soundtracks/album/world-of-warcraft-4-cataclysm-complete,2026-10-05,Track title is taken from KHInsider's soundtrack/gamerip album index. Popularity is an explicitly labelled proxy based on BeatHit game rank and track prominence.,"{""culture_category"":""video_game_music"",""video_game"":""World of Warcraft: Cataclysm"",""game_rank"":159,""game_association_kind"":""khinsider_game_soundtrack"",""khinsider_album_url"":""https://downloads.khinsider.com/game-soundtracks/album/world-of-warcraft-4-cataclysm-complete"",""khinsider_album_title"":""World of Warcraft 4 (Cataclysm) (world-of-warcraft-4-cataclysm-complete)"",""khinsider_album_kind"":""unclassified_game_album"",""khinsider_album_match_score"":100.0,""relevance_score_100"":97.0,""popularity_score_100"":49.295550324392096,""score_100"":77.91822012975683,""popularity_basis"":""BeatHit master-list game rank plus track position proxy""}"
104,Goblin Mayhem IV,Unknown credited artist,[],World of Warcraft 4 (Cataclysm) (world-of-warcraft-4-cataclysm-complete),,,"[""video game soundtrack""]","[""und""]",,,,World of Warcraft: Cataclysm,,,khinsider_track_prominence_proxy,49.0855503243921,score_0_100,,,,77.83422012975683,,,,https://downloads.khinsider.com/game-soundtracks/album/world-of-warcraft-4-cataclysm-complete,2026-10-05,Track title is taken from KHInsider's soundtrack/gamerip album index. Popularity is an explicitly labelled proxy based on BeatHit game rank and track prominence.,"{""culture_category"":""video_game_music"",""video_game"":""World of Warcraft: Cataclysm"",""game_rank"":159,""game_association_kind"":""khinsider_game_soundtrack"",""khinsider_album_url"":""https://downloads.khinsider.com/game-soundtracks/album/world-of-warcraft-4-cataclysm-complete"",""khinsider_album_title"":""World of Warcraft 4 (Cataclysm) (world-of-warcraft-4-cataclysm-complete)"",""khinsider_album_kind"":""unclassified_game_album"",""khinsider_album_match_score"":100.0,""relevance_score_100"":97.0,""popularity_score_100"":49.0855503243921,""score_100"":77.83422012975683,""popularity_basis"":""BeatHit master-list game rank plus track position proxy""}"
105,Goblin Mayhem V,Unknown credited artist,[],World of Warcraft 4 (Cataclysm) (world-of-warcraft-4-cataclysm-complete),,,"[""video game soundtrack""]","[""und""]",,,,World of Warcraft: Cataclysm,,,khinsider_track_prominence_proxy,48.875550324392094,score_0_100,,,,77.75022012975683,,,,https://downloads.khinsider.com/game-soundtracks/album/world-of-warcraft-4-cataclysm-complete,2026-10-05,Track title is taken from KHInsider's soundtrack/gamerip album index. Popularity is an explicitly labelled proxy based on BeatHit game rank and track prominence.,"{""culture_category"":""video_game_music"",""video_game"":""World of Warcraft: Cataclysm"",""game_rank"":159,""game_association_kind"":""khinsider_game_soundtrack"",""khinsider_album_url"":""https://downloads.khinsider.com/game-soundtracks/album/world-of-warcraft-4-cataclysm-complete"",""khinsider_album_title"":""World of Warcraft 4 (Cataclysm) (world-of-warcraft-4-cataclysm-complete)"",""khinsider_album_kind"":""unclassified_game_album"",""khinsider_album_match_score"":100.0,""relevance_score_100"":97.0,""popularity_score_100"":48.875550324392094,""score_100"":77.75022012975683,""popularity_basis"":""BeatHit master-list game rank plus track position proxy""}"
106,Goblin Mayhem VI,Unknown credited artist,[],World of Warcraft 4 (Cataclysm) (world-of-warcraft-4-cataclysm-complete),,,"[""video game soundtrack""]","[""und""]",,,,World of Warcraft: Cataclysm,,,khinsider_track_prominence_proxy,48.6655503243921,score_0_100,,,,77.66622012975684,,,,https://downloads.khinsider.com/game-soundtracks/album/world-of-warcraft-4-cataclysm-complete,2026-10-05,Track title is taken from KHInsider's soundtrack/gamerip album index. Popularity is an explicitly labelled proxy based on BeatHit game rank and track prominence.,"{""culture_category"":""video_game_music"",""video_game"":""World of Warcraft: Cataclysm"",""game_rank"":159,""game_association_kind"":""khinsider_game_soundtrack"",""khinsider_album_url"":""https://downloads.khinsider.com/game-soundtracks/album/world-of-warcraft-4-cataclysm-complete"",""khinsider_album_title"":""World of Warcraft 4 (Cataclysm) (world-of-warcraft-4-cataclysm-complete)"",""khinsider_album_kind"":""unclassified_game_album"",""khinsider_album_match_score"":100.0,""relevance_score_100"":97.0,""popularity_score_100"":48.6655503243921,""score_100"":77.66622012975684,""popularity_basis"":""BeatHit master-list game rank plus track position proxy""}"
107,Grim Batol,Unknown credited artist,[],World of Warcraft 4 (Cataclysm) (world-of-warcraft-4-cataclysm-complete),,,"[""video game soundtrack""]","[""und""]",,,,World of Warcraft: Cataclysm,,,khinsider_track_prominence_proxy,48.4555503243921,score_0_100,,,,77.58222012975683,,,,https://downloads.khinsider.com/game-soundtracks/album/world-of-warcraft-4-cataclysm-complete,2026-10-05,Track title is taken from KHInsider's soundtrack/gamerip album index. Popularity is an explicitly labelled proxy based on BeatHit game rank and track prominence.,"{""culture_category"":""video_game_music"",""video_game"":""World of Warcraft: Cataclysm"",""game_rank"":159,""game_association_kind"":""khinsider_game_soundtrack"",""khinsider_album_url"":""https://downloads.khinsider.com/game-soundtracks/album/world-of-warcraft-4-cataclysm-complete"",""khinsider_album_title"":""World of Warcraft 4 (Cataclysm) (world-of-warcraft-4-cataclysm-complete)"",""khinsider_album_kind"":""unclassified_game_album"",""khinsider_album_match_score"":100.0,""relevance_score_100"":97.0,""popularity_score_100"":48.4555503243921,""score_100"":77.58222012975683,""popularity_basis"":""BeatHit master-list game rank plus track position proxy""}"
108,Lost Isles Rescue,Unknown credited artist,[],World of Warcraft 4 (Cataclysm) (world-of-warcraft-4-cataclysm-complete),,,"[""video game soundtrack""]","[""und""]",,,,World of Warcraft: Cataclysm,,,khinsider_track_prominence_proxy,48.2455503243921,score_0_100,,,,77.49822012975685,,,,https://downloads.khinsider.com/game-soundtracks/album/world-of-warcraft-4-cataclysm-complete,2026-10-05,Track title is taken from KHInsider's soundtrack/gamerip album index. Popularity is an explicitly labelled proxy based on BeatHit game rank and track prominence.,"{""culture_category"":""video_game_music"",""video_game"":""World of Warcraft: Cataclysm"",""game_rank"":159,""game_association_kind"":""khinsider_game_soundtrack"",""khinsider_album_url"":""https://downloads.khinsider.com/game-soundtracks/album/world-of-warcraft-4-cataclysm-complete"",""khinsider_album_title"":""World of Warcraft 4 (Cataclysm) (world-of-warcraft-4-cataclysm-complete)"",""khinsider_album_kind"":""unclassified_game_album"",""khinsider_album_match_score"":100.0,""relevance_score_100"":97.0,""popularity_score_100"":48.2455503243921,""score_100"":77.49822012975685,""popularity_basis"":""BeatHit master-list game rank plus track position proxy""}"
109,Goblin Mayhem VII,Unknown credited artist,[],World of Warcraft 4 (Cataclysm) (world-of-warcraft-4-cataclysm-complete),,,"[""video game soundtrack""]","[""und""]",,,,World of Warcraft: Cataclysm,,,khinsider_track_prominence_proxy,48.0355503243921,score_0_100,,,,77.41422012975684,,,,https://downloads.khinsider.com/game-soundtracks/album/world-of-warcraft-4-cataclysm-complete,2026-10-05,Track title is taken from KHInsider's soundtrack/gamerip album index. Popularity is an explicitly labelled proxy based on BeatHit game rank and track prominence.,"{""culture_category"":""video_game_music"",""video_game"":""World of Warcraft: Cataclysm"",""game_rank"":159,""game_association_kind"":""khinsider_game_soundtrack"",""khinsider_album_url"":""https://downloads.khinsider.com/game-soundtracks/album/world-of-warcraft-4-cataclysm-complete"",""khinsider_album_title"":""World of Warcraft 4 (Cataclysm) (world-of-warcraft-4-cataclysm-complete)"",""khinsider_album_kind"":""unclassified_game_album"",""khinsider_album_match_score"":100.0,""relevance_score_100"":97.0,""popularity_score_100"":48.0355503243921,""score_100"":77.41422012975684,""popularity_basis"":""BeatHit master-list game rank plus track position proxy""}"
110,Goblin Mayhem VIII,Unknown credited artist,[],World of Warcraft 4 (Cataclysm) (world-of-warcraft-4-cataclysm-complete),,,"[""video game soundtrack""]","[""und""]",,,,World of Warcraft: Cataclysm,,,khinsider_track_prominence_proxy,47.8255503243921,score_0_100,,,,77.33022012975684,,,,https://downloads.khinsider.com/game-soundtracks/album/world-of-warcraft-4-cataclysm-complete,2026-10-05,Track title is taken from KHInsider's soundtrack/gamerip album index. Popularity is an explicitly labelled proxy based on BeatHit game rank and track prominence.,"{""culture_category"":""video_game_music"",""video_game"":""World of Warcraft: Cataclysm"",""game_rank"":159,""game_association_kind"":""khinsider_game_soundtrack"",""khinsider_album_url"":""https://downloads.khinsider.com/game-soundtracks/album/world-of-warcraft-4-cataclysm-complete"",""khinsider_album_title"":""World of Warcraft 4 (Cataclysm) (world-of-warcraft-4-cataclysm-complete)"",""khinsider_album_kind"":""unclassified_game_album"",""khinsider_album_match_score"":100.0,""relevance_score_100"":97.0,""popularity_score_100"":47.8255503243921,""score_100"":77.33022012975684,""popularity_basis"":""BeatHit master-list game rank plus track position proxy""}"
111,Twilight Vale,Unknown credited artist,[],World of Warcraft 4 (Cataclysm) (world-of-warcraft-4-cataclysm-complete),,,"[""video game soundtrack""]","[""und""]",,,,World of Warcraft: Cataclysm,,,khinsider_track_prominence_proxy,47.6155503243921,score_0_100,,,,77.24622012975684,,,,https://downloads.khinsider.com/game-soundtracks/album/world-of-warcraft-4-cataclysm-complete,2026-10-05,Track title is taken from KHInsider's soundtrack/gamerip album index. Popularity is an explicitly labelled proxy based on BeatHit game rank and track prominence.,"{""culture_category"":""video_game_music"",""video_game"":""World of Warcraft: Cataclysm"",""game_rank"":159,""game_association_kind"":""khinsider_game_soundtrack"",""khinsider_album_url"":""https://downloads.khinsider.com/game-soundtracks/album/world-of-warcraft-4-cataclysm-complete"",""khinsider_album_title"":""World of Warcraft 4 (Cataclysm) (world-of-warcraft-4-cataclysm-complete)"",""khinsider_album_kind"":""unclassified_game_album"",""khinsider_album_match_score"":100.0,""relevance_score_100"":97.0,""popularity_score_100"":47.6155503243921,""score_100"":77.24622012975684,""popularity_basis"":""BeatHit master-list game rank plus track position proxy""}"
112,Siren Quest,Unknown credited artist,[],World of Warcraft 4 (Cataclysm) (world-of-warcraft-4-cataclysm-complete),,,"[""video game soundtrack""]","[""und""]",,,,World of Warcraft: Cataclysm,,,khinsider_track_prominence_proxy,47.405550324392095,score_0_100,,,,77.16222012975683,,,,https://downloads.khinsider.com/game-soundtracks/album/world-of-warcraft-4-cataclysm-complete,2026-10-05,Track title is taken from KHInsider's soundtrack/gamerip album index. Popularity is an explicitly labelled proxy based on BeatHit game rank and track prominence.,"{""culture_category"":""video_game_music"",""video_game"":""World of Warcraft: Cataclysm"",""game_rank"":159,""game_association_kind"":""khinsider_game_soundtrack"",""khinsider_album_url"":""https://downloads.khinsider.com/game-soundtracks/album/world-of-warcraft-4-cataclysm-complete"",""khinsider_album_title"":""World of Warcraft 4 (Cataclysm) (world-of-warcraft-4-cataclysm-complete)"",""khinsider_album_kind"":""unclassified_game_album"",""khinsider_album_match_score"":100.0,""relevance_score_100"":97.0,""popularity_score_100"":47.405550324392095,""score_100"":77.16222012975683,""popularity_basis"":""BeatHit master-list game rank plus track position proxy""}"
113,Throne of Tides,Unknown credited artist,[],World of Warcraft 4 (Cataclysm) (world-of-warcraft-4-cataclysm-complete),,,"[""video game soundtrack""]","[""und""]",,,,World of Warcraft: Cataclysm,,,khinsider_track_prominence_proxy,47.1955503243921,score_0_100,,,,77.07822012975683,,,,https://downloads.khinsider.com/game-soundtracks/album/world-of-warcraft-4-cataclysm-complete,2026-10-05,Track title is taken from KHInsider's soundtrack/gamerip album index. Popularity is an explicitly labelled proxy based on BeatHit game rank and track prominence.,"{""culture_category"":""video_game_music"",""video_game"":""World of Warcraft: Cataclysm"",""game_rank"":159,""game_association_kind"":""khinsider_game_soundtrack"",""khinsider_album_url"":""https://downloads.khinsider.com/game-soundtracks/album/world-of-warcraft-4-cataclysm-complete"",""khinsider_album_title"":""World of Warcraft 4 (Cataclysm) (world-of-warcraft-4-cataclysm-complete)"",""khinsider_album_kind"":""unclassified_game_album"",""khinsider_album_match_score"":100.0,""relevance_score_100"":97.0,""popularity_score_100"":47.1955503243921,""score_100"":77.07822012975683,""popularity_basis"":""BeatHit master-list game rank plus track position proxy""}"
114,Vashj'ir,Unknown credited artist,[],World of Warcraft 4 (Cataclysm) (world-of-warcraft-4-cataclysm-complete),,,"[""video game soundtrack""]","[""und""]",,,,World of Warcraft: Cataclysm,,,khinsider_track_prominence_proxy,46.9855503243921,score_0_100,,,,76.99422012975684,,,,https://downloads.khinsider.com/game-soundtracks/album/world-of-warcraft-4-cataclysm-complete,2026-10-05,Track title is taken from KHInsider's soundtrack/gamerip album index. Popularity is an explicitly labelled proxy based on BeatHit game rank and track prominence.,"{""culture_category"":""video_game_music"",""video_game"":""World of Warcraft: Cataclysm"",""game_rank"":159,""game_association_kind"":""khinsider_game_soundtrack"",""khinsider_album_url"":""https://downloads.khinsider.com/game-soundtracks/album/world-of-warcraft-4-cataclysm-complete"",""khinsider_album_title"":""World of Warcraft 4 (Cataclysm) (world-of-warcraft-4-cataclysm-complete)"",""khinsider_album_kind"":""unclassified_game_album"",""khinsider_album_match_score"":100.0,""relevance_score_100"":97.0,""popularity_score_100"":46.9855503243921,""score_100"":76.99422012975684,""popularity_basis"":""BeatHit master-list game rank plus track position proxy""}"
115,Naga,Unknown credited artist,[],World of Warcraft 4 (Cataclysm) (world-of-warcraft-4-cataclysm-complete),,,"[""video game soundtrack""]","[""und""]",,,,World of Warcraft: Cataclysm,,,khinsider_track_prominence_proxy,46.7755503243921,score_0_100,,,,76.91022012975684,,,,https://downloads.khinsider.com/game-soundtracks/album/world-of-warcraft-4-cataclysm-complete,2026-10-05,Track title is taken from KHInsider's soundtrack/gamerip album index. Popularity is an explicitly labelled proxy based on BeatHit game rank and track prominence.,"{""culture_category"":""video_game_music"",""video_game"":""World of Warcraft: Cataclysm"",""game_rank"":159,""game_association_kind"":""khinsider_game_soundtrack"",""khinsider_album_url"":""https://downloads.khinsider.com/game-soundtracks/album/world-of-warcraft-4-cataclysm-complete"",""khinsider_album_title"":""World of Warcraft 4 (Cataclysm) (world-of-warcraft-4-cataclysm-complete)"",""khinsider_album_kind"":""unclassified_game_album"",""khinsider_album_match_score"":100.0,""relevance_score_100"":97.0,""popularity_score_100"":46.7755503243921,""score_100"":76.91022012975684,""popularity_basis"":""BeatHit master-list game rank plus track position proxy""}"
116,Xaxas (Unreleased Version),Unknown credited artist,[],World of Warcraft 4 (Cataclysm) (world-of-warcraft-4-cataclysm-complete),,,"[""video game soundtrack""]","[""und""]",,,,World of Warcraft: Cataclysm,,,khinsider_track_prominence_proxy,46.5655503243921,score_0_100,,,,76.82622012975683,,,,https://downloads.khinsider.com/game-soundtracks/album/world-of-warcraft-4-cataclysm-complete,2026-10-05,Track title is taken from KHInsider's soundtrack/gamerip album index. Popularity is an explicitly labelled proxy based on BeatHit game rank and track prominence.,"{""culture_category"":""video_game_music"",""video_game"":""World of Warcraft: Cataclysm"",""game_rank"":159,""game_association_kind"":""khinsider_game_soundtrack"",""khinsider_album_url"":""https://downloads.khinsider.com/game-soundtracks/album/world-of-warcraft-4-cataclysm-complete"",""khinsider_album_title"":""World of Warcraft 4 (Cataclysm) (world-of-warcraft-4-cataclysm-complete)"",""khinsider_album_kind"":""unclassified_game_album"",""khinsider_album_match_score"":100.0,""relevance_score_100"":97.0,""popularity_score_100"":46.5655503243921,""score_100"":76.82622012975683,""popularity_basis"":""BeatHit master-list game rank plus track position proxy""}"
117,Abyssal Depths,Unknown credited artist,[],World of Warcraft 4 (Cataclysm) (world-of-warcraft-4-cataclysm-complete),,,"[""video game soundtrack""]","[""und""]",,,,World of Warcraft: Cataclysm,,,khinsider_track_prominence_proxy,46.3555503243921,score_0_100,,,,76.74222012975683,,,,https://downloads.khinsider.com/game-soundtracks/album/world-of-warcraft-4-cataclysm-complete,2026-10-05,Track title is taken from KHInsider's soundtrack/gamerip album index. Popularity is an explicitly labelled proxy based on BeatHit game rank and track prominence.,"{""culture_category"":""video_game_music"",""video_game"":""World of Warcraft: Cataclysm"",""game_rank"":159,""game_association_kind"":""khinsider_game_soundtrack"",""khinsider_album_url"":""https://downloads.khinsider.com/game-soundtracks/album/world-of-warcraft-4-cataclysm-complete"",""khinsider_album_title"":""World of Warcraft 4 (Cataclysm) (world-of-warcraft-4-cataclysm-complete)"",""khinsider_album_kind"":""unclassified_game_album"",""khinsider_album_match_score"":100.0,""relevance_score_100"":97.0,""popularity_score_100"":46.3555503243921,""score_100"":76.74222012975683,""popularity_basis"":""BeatHit master-list game rank plus track position proxy""}"
118,Azshara,Unknown credited artist,[],World of Warcraft 4 (Cataclysm) (world-of-warcraft-4-cataclysm-complete),,,"[""video game soundtrack""]","[""und""]",,,,World of Warcraft: Cataclysm,,,khinsider_track_prominence_proxy,46.145550324392104,score_0_100,,,,76.65822012975684,,,,https://downloads.khinsider.com/game-soundtracks/album/world-of-warcraft-4-cataclysm-complete,2026-10-05,Track title is taken from KHInsider's soundtrack/gamerip album index. Popularity is an explicitly labelled proxy based on BeatHit game rank and track prominence.,"{""culture_category"":""video_game_music"",""video_game"":""World of Warcraft: Cataclysm"",""game_rank"":159,""game_association_kind"":""khinsider_game_soundtrack"",""khinsider_album_url"":""https://downloads.khinsider.com/game-soundtracks/album/world-of-warcraft-4-cataclysm-complete"",""khinsider_album_title"":""World of Warcraft 4 (Cataclysm) (world-of-warcraft-4-cataclysm-complete)"",""khinsider_album_kind"":""unclassified_game_album"",""khinsider_album_match_score"":100.0,""relevance_score_100"":97.0,""popularity_score_100"":46.145550324392104,""score_100"":76.65822012975684,""popularity_basis"":""BeatHit master-list game rank plus track position proxy""}"
119,Coral Garden Fight,Unknown credited artist,[],World of Warcraft 4 (Cataclysm) (world-of-warcraft-4-cataclysm-complete),,,"[""video game soundtrack""]","[""und""]",,,,World of Warcraft: Cataclysm,,,khinsider_track_prominence_proxy,45.935550324392096,score_0_100,,,,76.57422012975684,,,,https://downloads.khinsider.com/game-soundtracks/album/world-of-warcraft-4-cataclysm-complete,2026-10-05,Track title is taken from KHInsider's soundtrack/gamerip album index. Popularity is an explicitly labelled proxy based on BeatHit game rank and track prominence.,"{""culture_category"":""video_game_music"",""video_game"":""World of Warcraft: Cataclysm"",""game_rank"":159,""game_association_kind"":""khinsider_game_soundtrack"",""khinsider_album_url"":""https://downloads.khinsider.com/game-soundtracks/album/world-of-warcraft-4-cataclysm-complete"",""khinsider_album_title"":""World of Warcraft 4 (Cataclysm) (world-of-warcraft-4-cataclysm-complete)"",""khinsider_album_kind"":""unclassified_game_album"",""khinsider_album_match_score"":100.0,""relevance_score_100"":97.0,""popularity_score_100"":45.935550324392096,""score_100"":76.57422012975684,""popularity_basis"":""BeatHit master-list game rank plus track position proxy""}"
120,Air Elementals,Unknown credited artist,[],World of Warcraft 4 (Cataclysm) (world-of-warcraft-4-cataclysm-complete),,,"[""video game soundtrack""]","[""und""]",,,,World of Warcraft: Cataclysm,,,khinsider_track_prominence_proxy,45.7255503243921,score_0_100,,,,76.49022012975684,,,,https://downloads.khinsider.com/game-soundtracks/album/world-of-warcraft-4-cataclysm-complete,2026-10-05,Track title is taken from KHInsider's soundtrack/gamerip album index. Popularity is an explicitly labelled proxy based on BeatHit game rank and track prominence.,"{""culture_category"":""video_game_music"",""video_game"":""World of Warcraft: Cataclysm"",""game_rank"":159,""game_association_kind"":""khinsider_game_soundtrack"",""khinsider_album_url"":""https://downloads.khinsider.com/game-soundtracks/album/world-of-warcraft-4-cataclysm-complete"",""khinsider_album_title"":""World of Warcraft 4 (Cataclysm) (world-of-warcraft-4-cataclysm-complete)"",""khinsider_album_kind"":""unclassified_game_album"",""khinsider_album_match_score"":100.0,""relevance_score_100"":97.0,""popularity_score_100"":45.7255503243921,""score_100"":76.49022012975684,""popularity_basis"":""BeatHit master-list game rank plus track position proxy""}"
121,Silithus,Unknown credited artist,[],World of Warcraft 4 (Cataclysm) (world-of-warcraft-4-cataclysm-complete),,,"[""video game soundtrack""]","[""und""]",,,,World of Warcraft: Cataclysm,,,khinsider_track_prominence_proxy,45.5155503243921,score_0_100,,,,76.40622012975683,,,,https://downloads.khinsider.com/game-soundtracks/album/world-of-warcraft-4-cataclysm-complete,2026-10-05,Track title is taken from KHInsider's soundtrack/gamerip album index. Popularity is an explicitly labelled proxy based on BeatHit game rank and track prominence.,"{""culture_category"":""video_game_music"",""video_game"":""World of Warcraft: Cataclysm"",""game_rank"":159,""game_association_kind"":""khinsider_game_soundtrack"",""khinsider_album_url"":""https://downloads.khinsider.com/game-soundtracks/album/world-of-warcraft-4-cataclysm-complete"",""khinsider_album_title"":""World of Warcraft 4 (Cataclysm) (world-of-warcraft-4-cataclysm-complete)"",""khinsider_album_kind"":""unclassified_game_album"",""khinsider_album_match_score"":100.0,""relevance_score_100"":97.0,""popularity_score_100"":45.5155503243921,""score_100"":76.40622012975683,""popularity_basis"":""BeatHit master-list game rank plus track position proxy""}"
122,Goblin Mayhem IX,Unknown credited artist,[],World of Warcraft 4 (Cataclysm) (world-of-warcraft-4-cataclysm-complete),,,"[""video game soundtrack""]","[""und""]",,,,World of Warcraft: Cataclysm,,,khinsider_track_prominence_proxy,45.3055503243921,score_0_100,,,,76.32222012975683,,,,https://downloads.khinsider.com/game-soundtracks/album/world-of-warcraft-4-cataclysm-complete,2026-10-05,Track title is taken from KHInsider's soundtrack/gamerip album index. Popularity is an explicitly labelled proxy based on BeatHit game rank and track prominence.,"{""culture_category"":""video_game_music"",""video_game"":""World of Warcraft: Cataclysm"",""game_rank"":159,""game_association_kind"":""khinsider_game_soundtrack"",""khinsider_album_url"":""https://downloads.khinsider.com/game-soundtracks/album/world-of-warcraft-4-cataclysm-complete"",""khinsider_album_title"":""World of Warcraft 4 (Cataclysm) (world-of-warcraft-4-cataclysm-complete)"",""khinsider_album_kind"":""unclassified_game_album"",""khinsider_album_match_score"":100.0,""relevance_score_100"":97.0,""popularity_score_100"":45.3055503243921,""score_100"":76.32222012975683,""popularity_basis"":""BeatHit master-list game rank plus track position proxy""}"
123,Goblin Mayhem X,Unknown credited artist,[],World of Warcraft 4 (Cataclysm) (world-of-warcraft-4-cataclysm-complete),,,"[""video game soundtrack""]","[""und""]",,,,World of Warcraft: Cataclysm,,,khinsider_track_prominence_proxy,45.0955503243921,score_0_100,,,,76.23822012975684,,,,https://downloads.khinsider.com/game-soundtracks/album/world-of-warcraft-4-cataclysm-complete,2026-10-05,Track title is taken from KHInsider's soundtrack/gamerip album index. Popularity is an explicitly labelled proxy based on BeatHit game rank and track prominence.,"{""culture_category"":""video_game_music"",""video_game"":""World of Warcraft: Cataclysm"",""game_rank"":159,""game_association_kind"":""khinsider_game_soundtrack"",""khinsider_album_url"":""https://downloads.khinsider.com/game-soundtracks/album/world-of-warcraft-4-cataclysm-complete"",""khinsider_album_title"":""World of Warcraft 4 (Cataclysm) (world-of-warcraft-4-cataclysm-complete)"",""khinsider_album_kind"":""unclassified_game_album"",""khinsider_album_match_score"":100.0,""relevance_score_100"":97.0,""popularity_score_100"":45.0955503243921,""score_100"":76.23822012975684,""popularity_basis"":""BeatHit master-list game rank plus track position proxy""}"
124,Goblin Mayhem XI,Unknown credited artist,[],World of Warcraft 4 (Cataclysm) (world-of-warcraft-4-cataclysm-complete),,,"[""video game soundtrack""]","[""und""]",,,,World of Warcraft: Cataclysm,,,khinsider_track_prominence_proxy,44.8855503243921,score_0_100,,,,76.15422012975684,,,,https://downloads.khinsider.com/game-soundtracks/album/world-of-warcraft-4-cataclysm-complete,2026-10-05,Track title is taken from KHInsider's soundtrack/gamerip album index. Popularity is an explicitly labelled proxy based on BeatHit game rank and track prominence.,"{""culture_category"":""video_game_music"",""video_game"":""World of Warcraft: Cataclysm"",""game_rank"":159,""game_association_kind"":""khinsider_game_soundtrack"",""khinsider_album_url"":""https://downloads.khinsider.com/game-soundtracks/album/world-of-warcraft-4-cataclysm-complete"",""khinsider_album_title"":""World of Warcraft 4 (Cataclysm) (world-of-warcraft-4-cataclysm-complete)"",""khinsider_album_kind"":""unclassified_game_album"",""khinsider_album_match_score"":100.0,""relevance_score_100"":97.0,""popularity_score_100"":44.8855503243921,""score_100"":76.15422012975684,""popularity_basis"":""BeatHit master-list game rank plus track position proxy""}"
125,Goblin Mayhem XII,Unknown credited artist,[],World of Warcraft 4 (Cataclysm) (world-of-warcraft-4-cataclysm-complete),,,"[""video game soundtrack""]","[""und""]",,,,World of Warcraft: Cataclysm,,,khinsider_track_prominence_proxy,44.6755503243921,score_0_100,,,,76.07022012975683,,,,https://downloads.khinsider.com/game-soundtracks/album/world-of-warcraft-4-cataclysm-complete,2026-10-05,Track title is taken from KHInsider's soundtrack/gamerip album index. Popularity is an explicitly labelled proxy based on BeatHit game rank and track prominence.,"{""culture_category"":""video_game_music"",""video_game"":""World of Warcraft: Cataclysm"",""game_rank"":159,""game_association_kind"":""khinsider_game_soundtrack"",""khinsider_album_url"":""https://downloads.khinsider.com/game-soundtracks/album/world-of-warcraft-4-cataclysm-complete"",""khinsider_album_title"":""World of Warcraft 4 (Cataclysm) (world-of-warcraft-4-cataclysm-complete)"",""khinsider_album_kind"":""unclassified_game_album"",""khinsider_album_match_score"":100.0,""relevance_score_100"":97.0,""popularity_score_100"":44.6755503243921,""score_100"":76.07022012975683,""popularity_basis"":""BeatHit master-list game rank plus track position proxy""}"
126,Surrender the Booty,Unknown credited artist,[],World of Warcraft 4 (Cataclysm) (world-of-warcraft-4-cataclysm-complete),,,"[""video game soundtrack""]","[""und""]",,,,World of Warcraft: Cataclysm,,,khinsider_track_prominence_proxy,44.4655503243921,score_0_100,,,,75.98622012975683,,,,https://downloads.khinsider.com/game-soundtracks/album/world-of-warcraft-4-cataclysm-complete,2026-10-05,Track title is taken from KHInsider's soundtrack/gamerip album index. Popularity is an explicitly labelled proxy based on BeatHit game rank and track prominence.,"{""culture_category"":""video_game_music"",""video_game"":""World of Warcraft: Cataclysm"",""game_rank"":159,""game_association_kind"":""khinsider_game_soundtrack"",""khinsider_album_url"":""https://downloads.khinsider.com/game-soundtracks/album/world-of-warcraft-4-cataclysm-complete"",""khinsider_album_title"":""World of Warcraft 4 (Cataclysm) (world-of-warcraft-4-cataclysm-complete)"",""khinsider_album_kind"":""unclassified_game_album"",""khinsider_album_match_score"":100.0,""relevance_score_100"":97.0,""popularity_score_100"":44.4655503243921,""score_100"":75.98622012975683,""popularity_basis"":""BeatHit master-list game rank plus track position proxy""}"
127,Stormwind Variation,Unknown credited artist,[],World of Warcraft 4 (Cataclysm) (world-of-warcraft-4-cataclysm-complete),,,"[""video game soundtrack""]","[""und""]",,,,World of Warcraft: Cataclysm,,,khinsider_track_prominence_proxy,44.2555503243921,score_0_100,,,,75.90222012975684,,,,https://downloads.khinsider.com/game-soundtracks/album/world-of-warcraft-4-cataclysm-complete,2026-10-05,Track title is taken from KHInsider's soundtrack/gamerip album index. Popularity is an explicitly labelled proxy based on BeatHit game rank and track prominence.,"{""culture_category"":""video_game_music"",""video_game"":""World of Warcraft: Cataclysm"",""game_rank"":159,""game_association_kind"":""khinsider_game_soundtrack"",""khinsider_album_url"":""https://downloads.khinsider.com/game-soundtracks/album/world-of-warcraft-4-cataclysm-complete"",""khinsider_album_title"":""World of Warcraft 4 (Cataclysm) (world-of-warcraft-4-cataclysm-complete)"",""khinsider_album_kind"":""unclassified_game_album"",""khinsider_album_match_score"":100.0,""relevance_score_100"":97.0,""popularity_score_100"":44.2555503243921,""score_100"":75.90222012975684,""popularity_basis"":""BeatHit master-list game rank plus track position proxy""}"
128,Dark Ironforge,Unknown credited artist,[],World of Warcraft 4 (Cataclysm) (world-of-warcraft-4-cataclysm-complete),,,"[""video game soundtrack""]","[""und""]",,,,World of Warcraft: Cataclysm,,,khinsider_track_prominence_proxy,44.0455503243921,score_0_100,,,,75.81822012975684,,,,https://downloads.khinsider.com/game-soundtracks/album/world-of-warcraft-4-cataclysm-complete,2026-10-05,Track title is taken from KHInsider's soundtrack/gamerip album index. Popularity is an explicitly labelled proxy based on BeatHit game rank and track prominence.,"{""culture_category"":""video_game_music"",""video_game"":""World of Warcraft: Cataclysm"",""game_rank"":159,""game_association_kind"":""khinsider_game_soundtrack"",""khinsider_album_url"":""https://downloads.khinsider.com/game-soundtracks/album/world-of-warcraft-4-cataclysm-complete"",""khinsider_album_title"":""World of Warcraft 4 (Cataclysm) (world-of-warcraft-4-cataclysm-complete)"",""khinsider_album_kind"":""unclassified_game_album"",""khinsider_album_match_score"":100.0,""relevance_score_100"":97.0,""popularity_score_100"":44.0455503243921,""score_100"":75.81822012975684,""popularity_basis"":""BeatHit master-list game rank plus track position proxy""}"
129,Cho'Gall,Unknown credited artist,[],World of Warcraft 4 (Cataclysm) (world-of-warcraft-4-cataclysm-complete),,,"[""video game soundtrack""]","[""und""]",,,,World of Warcraft: Cataclysm,,,khinsider_track_prominence_proxy,43.8355503243921,score_0_100,,,,75.73422012975684,,,,https://downloads.khinsider.com/game-soundtracks/album/world-of-warcraft-4-cataclysm-complete,2026-10-05,Track title is taken from KHInsider's soundtrack/gamerip album index. Popularity is an explicitly labelled proxy based on BeatHit game rank and track prominence.,"{""culture_category"":""video_game_music"",""video_game"":""World of Warcraft: Cataclysm"",""game_rank"":159,""game_association_kind"":""khinsider_game_soundtrack"",""khinsider_album_url"":""https://downloads.khinsider.com/game-soundtracks/album/world-of-warcraft-4-cataclysm-complete"",""khinsider_album_title"":""World of Warcraft 4 (Cataclysm) (world-of-warcraft-4-cataclysm-complete)"",""khinsider_album_kind"":""unclassified_game_album"",""khinsider_album_match_score"":100.0,""relevance_score_100"":97.0,""popularity_score_100"":43.8355503243921,""score_100"":75.73422012975684,""popularity_basis"":""BeatHit master-list game rank plus track position proxy""}"
130,Fire,Unknown credited artist,[],World of Warcraft 4 (Cataclysm) (world-of-warcraft-4-cataclysm-complete),,,"[""video game soundtrack""]","[""und""]",,,,World of Warcraft: Cataclysm,,,khinsider_track_prominence_proxy,43.6255503243921,score_0_100,,,,75.65022012975683,,,,https://downloads.khinsider.com/game-soundtracks/album/world-of-warcraft-4-cataclysm-complete,2026-10-05,Track title is taken from KHInsider's soundtrack/gamerip album index. Popularity is an explicitly labelled proxy based on BeatHit game rank and track prominence.,"{""culture_category"":""video_game_music"",""video_game"":""World of Warcraft: Cataclysm"",""game_rank"":159,""game_association_kind"":""khinsider_game_soundtrack"",""khinsider_album_url"":""https://downloads.khinsider.com/game-soundtracks/album/world-of-warcraft-4-cataclysm-complete"",""khinsider_album_title"":""World of Warcraft 4 (Cataclysm) (world-of-warcraft-4-cataclysm-complete)"",""khinsider_album_kind"":""unclassified_game_album"",""khinsider_album_match_score"":100.0,""relevance_score_100"":97.0,""popularity_score_100"":43.6255503243921,""score_100"":75.65022012975683,""popularity_basis"":""BeatHit master-list game rank plus track position proxy""}"
131,Rift of Aln,Unknown credited artist,[],World of Warcraft 4 (Cataclysm) (world-of-warcraft-4-cataclysm-complete),,,"[""video game soundtrack""]","[""und""]",,,,World of Warcraft: Cataclysm,,,khinsider_track_prominence_proxy,43.4155503243921,score_0_100,,,,75.56622012975683,,,,https://downloads.khinsider.com/game-soundtracks/album/world-of-warcraft-4-cataclysm-complete,2026-10-05,Track title is taken from KHInsider's soundtrack/gamerip album index. Popularity is an explicitly labelled proxy based on BeatHit game rank and track prominence.,"{""culture_category"":""video_game_music"",""video_game"":""World of Warcraft: Cataclysm"",""game_rank"":159,""game_association_kind"":""khinsider_game_soundtrack"",""khinsider_album_url"":""https://downloads.khinsider.com/game-soundtracks/album/world-of-warcraft-4-cataclysm-complete"",""khinsider_album_title"":""World of Warcraft 4 (Cataclysm) (world-of-warcraft-4-cataclysm-complete)"",""khinsider_album_kind"":""unclassified_game_album"",""khinsider_album_match_score"":100.0,""relevance_score_100"":97.0,""popularity_score_100"":43.4155503243921,""score_100"":75.56622012975683,""popularity_basis"":""BeatHit master-list game rank plus track position proxy""}"
132,Hammer Clan,Unknown credited artist,[],World of Warcraft 4 (Cataclysm) (world-of-warcraft-4-cataclysm-complete),,,"[""video game soundtrack""]","[""und""]",,,,World of Warcraft: Cataclysm,,,khinsider_track_prominence_proxy,43.2055503243921,score_0_100,,,,75.48222012975684,,,,https://downloads.khinsider.com/game-soundtracks/album/world-of-warcraft-4-cataclysm-complete,2026-10-05,Track title is taken from KHInsider's soundtrack/gamerip album index. Popularity is an explicitly labelled proxy based on BeatHit game rank and track prominence.,"{""culture_category"":""video_game_music"",""video_game"":""World of Warcraft: Cataclysm"",""game_rank"":159,""game_association_kind"":""khinsider_game_soundtrack"",""khinsider_album_url"":""https://downloads.khinsider.com/game-soundtracks/album/world-of-warcraft-4-cataclysm-complete"",""khinsider_album_title"":""World of Warcraft 4 (Cataclysm) (world-of-warcraft-4-cataclysm-complete)"",""khinsider_album_kind"":""unclassified_game_album"",""khinsider_album_match_score"":100.0,""relevance_score_100"":97.0,""popularity_score_100"":43.2055503243921,""score_100"":75.48222012975684,""popularity_basis"":""BeatHit master-list game rank plus track position proxy""}"
133,The Invasion of Gilneas,Unknown credited artist,[],World of Warcraft 4 (Cataclysm) (world-of-warcraft-4-cataclysm-complete),,,"[""video game soundtrack""]","[""und""]",,,,World of Warcraft: Cataclysm,,,khinsider_track_prominence_proxy,42.9955503243921,score_0_100,,,,75.39822012975684,,,,https://downloads.khinsider.com/game-soundtracks/album/world-of-warcraft-4-cataclysm-complete,2026-10-05,Track title is taken from KHInsider's soundtrack/gamerip album index. Popularity is an explicitly labelled proxy based on BeatHit game rank and track prominence.,"{""culture_category"":""video_game_music"",""video_game"":""World of Warcraft: Cataclysm"",""game_rank"":159,""game_association_kind"":""khinsider_game_soundtrack"",""khinsider_album_url"":""https://downloads.khinsider.com/game-soundtracks/album/world-of-warcraft-4-cataclysm-complete"",""khinsider_album_title"":""World of Warcraft 4 (Cataclysm) (world-of-warcraft-4-cataclysm-complete)"",""khinsider_album_kind"":""unclassified_game_album"",""khinsider_album_match_score"":100.0,""relevance_score_100"":97.0,""popularity_score_100"":42.9955503243921,""score_100"":75.39822012975684,""popularity_basis"":""BeatHit master-list game rank plus track position proxy""}"
134,The Ruins of Auberdine,Unknown credited artist,[],World of Warcraft 4 (Cataclysm) (world-of-warcraft-4-cataclysm-complete),,,"[""video game soundtrack""]","[""und""]",,,,World of Warcraft: Cataclysm,,,khinsider_track_prominence_proxy,42.7855503243921,score_0_100,,,,75.31422012975683,,,,https://downloads.khinsider.com/game-soundtracks/album/world-of-warcraft-4-cataclysm-complete,2026-10-05,Track title is taken from KHInsider's soundtrack/gamerip album index. Popularity is an explicitly labelled proxy based on BeatHit game rank and track prominence.,"{""culture_category"":""video_game_music"",""video_game"":""World of Warcraft: Cataclysm"",""game_rank"":159,""game_association_kind"":""khinsider_game_soundtrack"",""khinsider_album_url"":""https://downloads.khinsider.com/game-soundtracks/album/world-of-warcraft-4-cataclysm-complete"",""khinsider_album_title"":""World of Warcraft 4 (Cataclysm) (world-of-warcraft-4-cataclysm-complete)"",""khinsider_album_kind"":""unclassified_game_album"",""khinsider_album_match_score"":100.0,""relevance_score_100"":97.0,""popularity_score_100"":42.7855503243921,""score_100"":75.31422012975683,""popularity_basis"":""BeatHit master-list game rank plus track position proxy""}"
135,Land of the Titans,Unknown credited artist,[],World of Warcraft 4 (Cataclysm) (world-of-warcraft-4-cataclysm-complete),,,"[""video game soundtrack""]","[""und""]",,,,World of Warcraft: Cataclysm,,,khinsider_track_prominence_proxy,42.5755503243921,score_0_100,,,,75.23022012975683,,,,https://downloads.khinsider.com/game-soundtracks/album/world-of-warcraft-4-cataclysm-complete,2026-10-05,Track title is taken from KHInsider's soundtrack/gamerip album index. Popularity is an explicitly labelled proxy based on BeatHit game rank and track prominence.,"{""culture_category"":""video_game_music"",""video_game"":""World of Warcraft: Cataclysm"",""game_rank"":159,""game_association_kind"":""khinsider_game_soundtrack"",""khinsider_album_url"":""https://downloads.khinsider.com/game-soundtracks/album/world-of-warcraft-4-cataclysm-complete"",""khinsider_album_title"":""World of Warcraft 4 (Cataclysm) (world-of-warcraft-4-cataclysm-complete)"",""khinsider_album_kind"":""unclassified_game_album"",""khinsider_album_match_score"":100.0,""relevance_score_100"":97.0,""popularity_score_100"":42.5755503243921,""score_100"":75.23022012975683,""popularity_basis"":""BeatHit master-list game rank plus track position proxy""}"
136,Eye of the Vortex,Unknown credited artist,[],World of Warcraft 4 (Cataclysm) (world-of-warcraft-4-cataclysm-complete),,,"[""video game soundtrack""]","[""und""]",,,,World of Warcraft: Cataclysm,,,khinsider_track_prominence_proxy,42.3655503243921,score_0_100,,,,75.14622012975684,,,,https://downloads.khinsider.com/game-soundtracks/album/world-of-warcraft-4-cataclysm-complete,2026-10-05,Track title is taken from KHInsider's soundtrack/gamerip album index. Popularity is an explicitly labelled proxy based on BeatHit game rank and track prominence.,"{""culture_category"":""video_game_music"",""video_game"":""World of Warcraft: Cataclysm"",""game_rank"":159,""game_association_kind"":""khinsider_game_soundtrack"",""khinsider_album_url"":""https://downloads.khinsider.com/game-soundtracks/album/world-of-warcraft-4-cataclysm-complete"",""khinsider_album_title"":""World of Warcraft 4 (Cataclysm) (world-of-warcraft-4-cataclysm-complete)"",""khinsider_album_kind"":""unclassified_game_album"",""khinsider_album_match_score"":100.0,""relevance_score_100"":97.0,""popularity_score_100"":42.3655503243921,""score_100"":75.14622012975684,""popularity_basis"":""BeatHit master-list game rank plus track position proxy""}"
137,Crypt,Unknown credited artist,[],World of Warcraft 4 (Cataclysm) (world-of-warcraft-4-cataclysm-complete),,,"[""video game soundtrack""]","[""und""]",,,,World of Warcraft: Cataclysm,,,khinsider_track_prominence_proxy,42.1555503243921,score_0_100,,,,75.06222012975684,,,,https://downloads.khinsider.com/game-soundtracks/album/world-of-warcraft-4-cataclysm-complete,2026-10-05,Track title is taken from KHInsider's soundtrack/gamerip album index. Popularity is an explicitly labelled proxy based on BeatHit game rank and track prominence.,"{""culture_category"":""video_game_music"",""video_game"":""World of Warcraft: Cataclysm"",""game_rank"":159,""game_association_kind"":""khinsider_game_soundtrack"",""khinsider_album_url"":""https://downloads.khinsider.com/game-soundtracks/album/world-of-warcraft-4-cataclysm-complete"",""khinsider_album_title"":""World of Warcraft 4 (Cataclysm) (world-of-warcraft-4-cataclysm-complete)"",""khinsider_album_kind"":""unclassified_game_album"",""khinsider_album_match_score"":100.0,""relevance_score_100"":97.0,""popularity_score_100"":42.1555503243921,""score_100"":75.06222012975684,""popularity_basis"":""BeatHit master-list game rank plus track position proxy""}"
138,Twilight Highlands,Unknown credited artist,[],World of Warcraft 4 (Cataclysm) (world-of-warcraft-4-cataclysm-complete),,,"[""video game soundtrack""]","[""und""]",,,,World of Warcraft: Cataclysm,,,khinsider_track_prominence_proxy,41.9455503243921,score_0_100,,,,74.97822012975683,,,,https://downloads.khinsider.com/game-soundtracks/album/world-of-warcraft-4-cataclysm-complete,2026-10-05,Track title is taken from KHInsider's soundtrack/gamerip album index. Popularity is an explicitly labelled proxy based on BeatHit game rank and track prominence.,"{""culture_category"":""video_game_music"",""video_game"":""World of Warcraft: Cataclysm"",""game_rank"":159,""game_association_kind"":""khinsider_game_soundtrack"",""khinsider_album_url"":""https://downloads.khinsider.com/game-soundtracks/album/world-of-warcraft-4-cataclysm-complete"",""khinsider_album_title"":""World of Warcraft 4 (Cataclysm) (world-of-warcraft-4-cataclysm-complete)"",""khinsider_album_kind"":""unclassified_game_album"",""khinsider_album_match_score"":100.0,""relevance_score_100"":97.0,""popularity_score_100"":41.9455503243921,""score_100"":74.97822012975683,""popularity_basis"":""BeatHit master-list game rank plus track position proxy""}"
139,Twilight's Hammer,Unknown credited artist,[],World of Warcraft 4 (Cataclysm) (world-of-warcraft-4-cataclysm-complete),,,"[""video game soundtrack""]","[""und""]",,,,World of Warcraft: Cataclysm,,,khinsider_track_prominence_proxy,41.7355503243921,score_0_100,,,,74.89422012975683,,,,https://downloads.khinsider.com/game-soundtracks/album/world-of-warcraft-4-cataclysm-complete,2026-10-05,Track title is taken from KHInsider's soundtrack/gamerip album index. Popularity is an explicitly labelled proxy based on BeatHit game rank and track prominence.,"{""culture_category"":""video_game_music"",""video_game"":""World of Warcraft: Cataclysm"",""game_rank"":159,""game_association_kind"":""khinsider_game_soundtrack"",""khinsider_album_url"":""https://downloads.khinsider.com/game-soundtracks/album/world-of-warcraft-4-cataclysm-complete"",""khinsider_album_title"":""World of Warcraft 4 (Cataclysm) (world-of-warcraft-4-cataclysm-complete)"",""khinsider_album_kind"":""unclassified_game_album"",""khinsider_album_match_score"":100.0,""relevance_score_100"":97.0,""popularity_score_100"":41.7355503243921,""score_100"":74.89422012975683,""popularity_basis"":""BeatHit master-list game rank plus track position proxy""}"
140,Shadowglen (Composer's Mix),Unknown credited artist,[],World of Warcraft 4 (Cataclysm) (world-of-warcraft-4-cataclysm-complete),,,"[""video game soundtrack""]","[""und""]",,,,World of Warcraft: Cataclysm,,,khinsider_track_prominence_proxy,41.5255503243921,score_0_100,,,,74.81022012975683,,,,https://downloads.khinsider.com/game-soundtracks/album/world-of-warcraft-4-cataclysm-complete,2026-10-05,Track title is taken from KHInsider's soundtrack/gamerip album index. Popularity is an explicitly labelled proxy based on BeatHit game rank and track prominence.,"{""culture_category"":""video_game_music"",""video_game"":""World of Warcraft: Cataclysm"",""game_rank"":159,""game_association_kind"":""khinsider_game_soundtrack"",""khinsider_album_url"":""https://downloads.khinsider.com/game-soundtracks/album/world-of-warcraft-4-cataclysm-complete"",""khinsider_album_title"":""World of Warcraft 4 (Cataclysm) (world-of-warcraft-4-cataclysm-complete)"",""khinsider_album_kind"":""unclassified_game_album"",""khinsider_album_match_score"":100.0,""relevance_score_100"":97.0,""popularity_score_100"":41.5255503243921,""score_100"":74.81022012975683,""popularity_basis"":""BeatHit master-list game rank plus track position proxy""}"
141,Cataclysmic Highlands,Unknown credited artist,[],World of Warcraft 4 (Cataclysm) (world-of-warcraft-4-cataclysm-complete),,,"[""video game soundtrack""]","[""und""]",,,,World of Warcraft: Cataclysm,,,khinsider_track_prominence_proxy,41.315550324392106,score_0_100,,,,74.72622012975684,,,,https://downloads.khinsider.com/game-soundtracks/album/world-of-warcraft-4-cataclysm-complete,2026-10-05,Track title is taken from KHInsider's soundtrack/gamerip album index. Popularity is an explicitly labelled proxy based on BeatHit game rank and track prominence.,"{""culture_category"":""video_game_music"",""video_game"":""World of Warcraft: Cataclysm"",""game_rank"":159,""game_association_kind"":""khinsider_game_soundtrack"",""khinsider_album_url"":""https://downloads.khinsider.com/game-soundtracks/album/world-of-warcraft-4-cataclysm-complete"",""khinsider_album_title"":""World of Warcraft 4 (Cataclysm) (world-of-warcraft-4-cataclysm-complete)"",""khinsider_album_kind"":""unclassified_game_album"",""khinsider_album_match_score"":100.0,""relevance_score_100"":97.0,""popularity_score_100"":41.315550324392106,""score_100"":74.72622012975684,""popularity_basis"":""BeatHit master-list game rank plus track position proxy""}"
142,Stonetalon Mountains,Unknown credited artist,[],World of Warcraft 4 (Cataclysm) (world-of-warcraft-4-cataclysm-complete),,,"[""video game soundtrack""]","[""und""]",,,,World of Warcraft: Cataclysm,,,khinsider_track_prominence_proxy,41.1055503243921,score_0_100,,,,74.64222012975684,,,,https://downloads.khinsider.com/game-soundtracks/album/world-of-warcraft-4-cataclysm-complete,2026-10-05,Track title is taken from KHInsider's soundtrack/gamerip album index. Popularity is an explicitly labelled proxy based on BeatHit game rank and track prominence.,"{""culture_category"":""video_game_music"",""video_game"":""World of Warcraft: Cataclysm"",""game_rank"":159,""game_association_kind"":""khinsider_game_soundtrack"",""khinsider_album_url"":""https://downloads.khinsider.com/game-soundtracks/album/world-of-warcraft-4-cataclysm-complete"",""khinsider_album_title"":""World of Warcraft 4 (Cataclysm) (world-of-warcraft-4-cataclysm-complete)"",""khinsider_album_kind"":""unclassified_game_album"",""khinsider_album_match_score"":100.0,""relevance_score_100"":97.0,""popularity_score_100"":41.1055503243921,""score_100"":74.64222012975684,""popularity_basis"":""BeatHit master-list game rank plus track position proxy""}"
143,Skywall,Unknown credited artist,[],World of Warcraft 4 (Cataclysm) (world-of-warcraft-4-cataclysm-complete),,,"[""video game soundtrack""]","[""und""]",,,,World of Warcraft: Cataclysm,,,khinsider_track_prominence_proxy,40.895550324392104,score_0_100,,,,74.55822012975683,,,,https://downloads.khinsider.com/game-soundtracks/album/world-of-warcraft-4-cataclysm-complete,2026-10-05,Track title is taken from KHInsider's soundtrack/gamerip album index. Popularity is an explicitly labelled proxy based on BeatHit game rank and track prominence.,"{""culture_category"":""video_game_music"",""video_game"":""World of Warcraft: Cataclysm"",""game_rank"":159,""game_association_kind"":""khinsider_game_soundtrack"",""khinsider_album_url"":""https://downloads.khinsider.com/game-soundtracks/album/world-of-warcraft-4-cataclysm-complete"",""khinsider_album_title"":""World of Warcraft 4 (Cataclysm) (world-of-warcraft-4-cataclysm-complete)"",""khinsider_album_kind"":""unclassified_game_album"",""khinsider_album_match_score"":100.0,""relevance_score_100"":97.0,""popularity_score_100"":40.895550324392104,""score_100"":74.55822012975683,""popularity_basis"":""BeatHit master-list game rank plus track position proxy""}"
144,Westfall,Unknown credited artist,[],World of Warcraft 4 (Cataclysm) (world-of-warcraft-4-cataclysm-complete),,,"[""video game soundtrack""]","[""und""]",,,,World of Warcraft: Cataclysm,,,khinsider_track_prominence_proxy,40.685550324392096,score_0_100,,,,74.47422012975683,,,,https://downloads.khinsider.com/game-soundtracks/album/world-of-warcraft-4-cataclysm-complete,2026-10-05,Track title is taken from KHInsider's soundtrack/gamerip album index. Popularity is an explicitly labelled proxy based on BeatHit game rank and track prominence.,"{""culture_category"":""video_game_music"",""video_game"":""World of Warcraft: Cataclysm"",""game_rank"":159,""game_association_kind"":""khinsider_game_soundtrack"",""khinsider_album_url"":""https://downloads.khinsider.com/game-soundtracks/album/world-of-warcraft-4-cataclysm-complete"",""khinsider_album_title"":""World of Warcraft 4 (Cataclysm) (world-of-warcraft-4-cataclysm-complete)"",""khinsider_album_kind"":""unclassified_game_album"",""khinsider_album_match_score"":100.0,""relevance_score_100"":97.0,""popularity_score_100"":40.685550324392096,""score_100"":74.47422012975683,""popularity_basis"":""BeatHit master-list game rank plus track position proxy""}"
145,Aftermath,Unknown credited artist,[],World of Warcraft 4 (Cataclysm) (world-of-warcraft-4-cataclysm-complete),,,"[""video game soundtrack""]","[""und""]",,,,World of Warcraft: Cataclysm,,,khinsider_track_prominence_proxy,40.685550324392096,score_0_100,,,,74.47422012975683,,,,https://downloads.khinsider.com/game-soundtracks/album/world-of-warcraft-4-cataclysm-complete,2026-10-05,Track title is taken from KHInsider's soundtrack/gamerip album index. Popularity is an explicitly labelled proxy based on BeatHit game rank and track prominence.,"{""culture_category"":""video_game_music"",""video_game"":""World of Warcraft: Cataclysm"",""game_rank"":159,""game_association_kind"":""khinsider_game_soundtrack"",""khinsider_album_url"":""https://downloads.khinsider.com/game-soundtracks/album/world-of-warcraft-4-cataclysm-complete"",""khinsider_album_title"":""World of Warcraft 4 (Cataclysm) (world-of-warcraft-4-cataclysm-complete)"",""khinsider_album_kind"":""unclassified_game_album"",""khinsider_album_match_score"":100.0,""relevance_score_100"":97.0,""popularity_score_100"":40.685550324392096,""score_100"":74.47422012975683,""popularity_basis"":""BeatHit master-list game rank plus track position proxy""}"
146,Southern Barrens,Unknown credited artist,[],World of Warcraft 4 (Cataclysm) (world-of-warcraft-4-cataclysm-complete),,,"[""video game soundtrack""]","[""und""]",,,,World of Warcraft: Cataclysm,,,khinsider_track_prominence_proxy,40.685550324392096,score_0_100,,,,74.47422012975683,,,,https://downloads.khinsider.com/game-soundtracks/album/world-of-warcraft-4-cataclysm-complete,2026-10-05,Track title is taken from KHInsider's soundtrack/gamerip album index. Popularity is an explicitly labelled proxy based on BeatHit game rank and track prominence.,"{""culture_category"":""video_game_music"",""video_game"":""World of Warcraft: Cataclysm"",""game_rank"":159,""game_association_kind"":""khinsider_game_soundtrack"",""khinsider_album_url"":""https://downloads.khinsider.com/game-soundtracks/album/world-of-warcraft-4-cataclysm-complete"",""khinsider_album_title"":""World of Warcraft 4 (Cataclysm) (world-of-warcraft-4-cataclysm-complete)"",""khinsider_album_kind"":""unclassified_game_album"",""khinsider_album_match_score"":100.0,""relevance_score_100"":97.0,""popularity_score_100"":40.685550324392096,""score_100"":74.47422012975683,""popularity_basis"":""BeatHit master-list game rank plus track position proxy""}"
147,The Halls of Origination,Unknown credited artist,[],World of Warcraft 4 (Cataclysm) (world-of-warcraft-4-cataclysm-complete),,,"[""video game soundtrack""]","[""und""]",,,,World of Warcraft: Cataclysm,,,khinsider_track_prominence_proxy,40.685550324392096,score_0_100,,,,74.47422012975683,,,,https://downloads.khinsider.com/game-soundtracks/album/world-of-warcraft-4-cataclysm-complete,2026-10-05,Track title is taken from KHInsider's soundtrack/gamerip album index. Popularity is an explicitly labelled proxy based on BeatHit game rank and track prominence.,"{""culture_category"":""video_game_music"",""video_game"":""World of Warcraft: Cataclysm"",""game_rank"":159,""game_association_kind"":""khinsider_game_soundtrack"",""khinsider_album_url"":""https://downloads.khinsider.com/game-soundtracks/album/world-of-warcraft-4-cataclysm-complete"",""khinsider_album_title"":""World of Warcraft 4 (Cataclysm) (world-of-warcraft-4-cataclysm-complete)"",""khinsider_album_kind"":""unclassified_game_album"",""khinsider_album_match_score"":100.0,""relevance_score_100"":97.0,""popularity_score_100"":40.685550324392096,""score_100"":74.47422012975683,""popularity_basis"":""BeatHit master-list game rank plus track position proxy""}"
148,Barrow Dens,Unknown credited artist,[],World of Warcraft 4 (Cataclysm) (world-of-warcraft-4-cataclysm-complete),,,"[""video game soundtrack""]","[""und""]",,,,World of Warcraft: Cataclysm,,,khinsider_track_prominence_proxy,40.685550324392096,score_0_100,,,,74.47422012975683,,,,https://downloads.khinsider.com/game-soundtracks/album/world-of-warcraft-4-cataclysm-complete,2026-10-05,Track title is taken from KHInsider's soundtrack/gamerip album index. Popularity is an explicitly labelled proxy based on BeatHit game rank and track prominence.,"{""culture_category"":""video_game_music"",""video_game"":""World of Warcraft: Cataclysm"",""game_rank"":159,""game_association_kind"":""khinsider_game_soundtrack"",""khinsider_album_url"":""https://downloads.khinsider.com/game-soundtracks/album/world-of-warcraft-4-cataclysm-complete"",""khinsider_album_title"":""World of Warcraft 4 (Cataclysm) (world-of-warcraft-4-cataclysm-complete)"",""khinsider_album_kind"":""unclassified_game_album"",""khinsider_album_match_score"":100.0,""relevance_score_100"":97.0,""popularity_score_100"":40.685550324392096,""score_100"":74.47422012975683,""popularity_basis"":""BeatHit master-list game rank plus track position proxy""}"
149,Throne of the Four Winds,Unknown credited artist,[],World of Warcraft 4 (Cataclysm) (world-of-warcraft-4-cataclysm-complete),,,"[""video game soundtrack""]","[""und""]",,,,World of Warcraft: Cataclysm,,,khinsider_track_prominence_proxy,40.685550324392096,score_0_100,,,,74.47422012975683,,,,https://downloads.khinsider.com/game-soundtracks/album/world-of-warcraft-4-cataclysm-complete,2026-10-05,Track title is taken from KHInsider's soundtrack/gamerip album index. Popularity is an explicitly labelled proxy based on BeatHit game rank and track prominence.,"{""culture_category"":""video_game_music"",""video_game"":""World of Warcraft: Cataclysm"",""game_rank"":159,""game_association_kind"":""khinsider_game_soundtrack"",""khinsider_album_url"":""https://downloads.khinsider.com/game-soundtracks/album/world-of-warcraft-4-cataclysm-complete"",""khinsider_album_title"":""World of Warcraft 4 (Cataclysm) (world-of-warcraft-4-cataclysm-complete)"",""khinsider_album_kind"":""unclassified_game_album"",""khinsider_album_match_score"":100.0,""relevance_score_100"":97.0,""popularity_score_100"":40.685550324392096,""score_100"":74.47422012975683,""popularity_basis"":""BeatHit master-list game rank plus track position proxy""}"
150,Western Plaguelands,Unknown credited artist,[],World of Warcraft 4 (Cataclysm) (world-of-warcraft-4-cataclysm-complete),,,"[""video game soundtrack""]","[""und""]",,,,World of Warcraft: Cataclysm,,,khinsider_track_prominence_proxy,40.685550324392096,score_0_100,,,,74.47422012975683,,,,https://downloads.khinsider.com/game-soundtracks/album/world-of-warcraft-4-cataclysm-complete,2026-10-05,Track title is taken from KHInsider's soundtrack/gamerip album index. Popularity is an explicitly labelled proxy based on BeatHit game rank and track prominence.,"{""culture_category"":""video_game_music"",""video_game"":""World of Warcraft: Cataclysm"",""game_rank"":159,""game_association_kind"":""khinsider_game_soundtrack"",""khinsider_album_url"":""https://downloads.khinsider.com/game-soundtracks/album/world-of-warcraft-4-cataclysm-complete"",""khinsider_album_title"":""World of Warcraft 4 (Cataclysm) (world-of-warcraft-4-cataclysm-complete)"",""khinsider_album_kind"":""unclassified_game_album"",""khinsider_album_match_score"":100.0,""relevance_score_100"":97.0,""popularity_score_100"":40.685550324392096,""score_100"":74.47422012975683,""popularity_basis"":""BeatHit master-list game rank plus track position proxy""}"
151,Mulgore,Unknown credited artist,[],World of Warcraft 4 (Cataclysm) (world-of-warcraft-4-cataclysm-complete),,,"[""video game soundtrack""]","[""und""]",,,,World of Warcraft: Cataclysm,,,khinsider_track_prominence_proxy,40.685550324392096,score_0_100,,,,74.47422012975683,,,,https://downloads.khinsider.com/game-soundtracks/album/world-of-warcraft-4-cataclysm-complete,2026-10-05,Track title is taken from KHInsider's soundtrack/gamerip album index. Popularity is an explicitly labelled proxy based on BeatHit game rank and track prominence.,"{""culture_category"":""video_game_music"",""video_game"":""World of Warcraft: Cataclysm"",""game_rank"":159,""game_association_kind"":""khinsider_game_soundtrack"",""khinsider_album_url"":""https://downloads.khinsider.com/game-soundtracks/album/world-of-warcraft-4-cataclysm-complete"",""khinsider_album_title"":""World of Warcraft 4 (Cataclysm) (world-of-warcraft-4-cataclysm-complete)"",""khinsider_album_kind"":""unclassified_game_album"",""khinsider_album_match_score"":100.0,""relevance_score_100"":97.0,""popularity_score_100"":40.685550324392096,""score_100"":74.47422012975683,""popularity_basis"":""BeatHit master-list game rank plus track position proxy""}"
152,The Golden Plains,Unknown credited artist,[],World of Warcraft 4 (Cataclysm) (world-of-warcraft-4-cataclysm-complete),,,"[""video game soundtrack""]","[""und""]",,,,World of Warcraft: Cataclysm,,,khinsider_track_prominence_proxy,40.685550324392096,score_0_100,,,,74.47422012975683,,,,https://downloads.khinsider.com/game-soundtracks/album/world-of-warcraft-4-cataclysm-complete,2026-10-05,Track title is taken from KHInsider's soundtrack/gamerip album index. Popularity is an explicitly labelled proxy based on BeatHit game rank and track prominence.,"{""culture_category"":""video_game_music"",""video_game"":""World of Warcraft: Cataclysm"",""game_rank"":159,""game_association_kind"":""khinsider_game_soundtrack"",""khinsider_album_url"":""https://downloads.khinsider.com/game-soundtracks/album/world-of-warcraft-4-cataclysm-complete"",""khinsider_album_title"":""World of Warcraft 4 (Cataclysm) (world-of-warcraft-4-cataclysm-complete)"",""khinsider_album_kind"":""unclassified_game_album"",""khinsider_album_match_score"":100.0,""relevance_score_100"":97.0,""popularity_score_100"":40.685550324392096,""score_100"":74.47422012975683,""popularity_basis"":""BeatHit master-list game rank plus track position proxy""}"
153,Grove of Aessina,Unknown credited artist,[],World of Warcraft 4 (Cataclysm) (world-of-warcraft-4-cataclysm-complete),,,"[""video game soundtrack""]","[""und""]",,,,World of Warcraft: Cataclysm,,,khinsider_track_prominence_proxy,40.685550324392096,score_0_100,,,,74.47422012975683,,,,https://downloads.khinsider.com/game-soundtracks/album/world-of-warcraft-4-cataclysm-complete,2026-10-05,Track title is taken from KHInsider's soundtrack/gamerip album index. Popularity is an explicitly labelled proxy based on BeatHit game rank and track prominence.,"{""culture_category"":""video_game_music"",""video_game"":""World of Warcraft: Cataclysm"",""game_rank"":159,""game_association_kind"":""khinsider_game_soundtrack"",""khinsider_album_url"":""https://downloads.khinsider.com/game-soundtracks/album/world-of-warcraft-4-cataclysm-complete"",""khinsider_album_title"":""World of Warcraft 4 (Cataclysm) (world-of-warcraft-4-cataclysm-complete)"",""khinsider_album_kind"":""unclassified_game_album"",""khinsider_album_match_score"":100.0,""relevance_score_100"":97.0,""popularity_score_100"":40.685550324392096,""score_100"":74.47422012975683,""popularity_basis"":""BeatHit master-list game rank plus track position proxy""}"
154,Charred Outpost,Unknown credited artist,[],World of Warcraft 4 (Cataclysm) (world-of-warcraft-4-cataclysm-complete),,,"[""video game soundtrack""]","[""und""]",,,,World of Warcraft: Cataclysm,,,khinsider_track_prominence_proxy,40.685550324392096,score_0_100,,,,74.47422012975683,,,,https://downloads.khinsider.com/game-soundtracks/album/world-of-warcraft-4-cataclysm-complete,2026-10-05,Track title is taken from KHInsider's soundtrack/gamerip album index. Popularity is an explicitly labelled proxy based on BeatHit game rank and track prominence.,"{""culture_category"":""video_game_music"",""video_game"":""World of Warcraft: Cataclysm"",""game_rank"":159,""game_association_kind"":""khinsider_game_soundtrack"",""khinsider_album_url"":""https://downloads.khinsider.com/game-soundtracks/album/world-of-warcraft-4-cataclysm-complete"",""khinsider_album_title"":""World of Warcraft 4 (Cataclysm) (world-of-warcraft-4-cataclysm-complete)"",""khinsider_album_kind"":""unclassified_game_album"",""khinsider_album_match_score"":100.0,""relevance_score_100"":97.0,""popularity_score_100"":40.685550324392096,""score_100"":74.47422012975683,""popularity_basis"":""BeatHit master-list game rank plus track position proxy""}"
155,Vortex Pinnacle,Unknown credited artist,[],World of Warcraft 4 (Cataclysm) (world-of-warcraft-4-cataclysm-complete),,,"[""video game soundtrack""]","[""und""]",,,,World of Warcraft: Cataclysm,,,khinsider_track_prominence_proxy,40.685550324392096,score_0_100,,,,74.47422012975683,,,,https://downloads.khinsider.com/game-soundtracks/album/world-of-warcraft-4-cataclysm-complete,2026-10-05,Track title is taken from KHInsider's soundtrack/gamerip album index. Popularity is an explicitly labelled proxy based on BeatHit game rank and track prominence.,"{""culture_category"":""video_game_music"",""video_game"":""World of Warcraft: Cataclysm"",""game_rank"":159,""game_association_kind"":""khinsider_game_soundtrack"",""khinsider_album_url"":""https://downloads.khinsider.com/game-soundtracks/album/world-of-warcraft-4-cataclysm-complete"",""khinsider_album_title"":""World of Warcraft 4 (Cataclysm) (world-of-warcraft-4-cataclysm-complete)"",""khinsider_album_kind"":""unclassified_game_album"",""khinsider_album_match_score"":100.0,""relevance_score_100"":97.0,""popularity_score_100"":40.685550324392096,""score_100"":74.47422012975683,""popularity_basis"":""BeatHit master-list game rank plus track position proxy""}"
156,Feralas,Unknown credited artist,[],World of Warcraft 4 (Cataclysm) (world-of-warcraft-4-cataclysm-complete),,,"[""video game soundtrack""]","[""und""]",,,,World of Warcraft: Cataclysm,,,khinsider_track_prominence_proxy,40.685550324392096,score_0_100,,,,74.47422012975683,,,,https://downloads.khinsider.com/game-soundtracks/album/world-of-warcraft-4-cataclysm-complete,2026-10-05,Track title is taken from KHInsider's soundtrack/gamerip album index. Popularity is an explicitly labelled proxy based on BeatHit game rank and track prominence.,"{""culture_category"":""video_game_music"",""video_game"":""World of Warcraft: Cataclysm"",""game_rank"":159,""game_association_kind"":""khinsider_game_soundtrack"",""khinsider_album_url"":""https://downloads.khinsider.com/game-soundtracks/album/world-of-warcraft-4-cataclysm-complete"",""khinsider_album_title"":""World of Warcraft 4 (Cataclysm) (world-of-warcraft-4-cataclysm-complete)"",""khinsider_album_kind"":""unclassified_game_album"",""khinsider_album_match_score"":100.0,""relevance_score_100"":97.0,""popularity_score_100"":40.685550324392096,""score_100"":74.47422012975683,""popularity_basis"":""BeatHit master-list game rank plus track position proxy""}"
157,Flower Aura,Unknown credited artist,[],World of Warcraft 4 (Cataclysm) (world-of-warcraft-4-cataclysm-complete),,,"[""video game soundtrack""]","[""und""]",,,,World of Warcraft: Cataclysm,,,khinsider_track_prominence_proxy,40.685550324392096,score_0_100,,,,74.47422012975683,,,,https://downloads.khinsider.com/game-soundtracks/album/world-of-warcraft-4-cataclysm-complete,2026-10-05,Track title is taken from KHInsider's soundtrack/gamerip album index. Popularity is an explicitly labelled proxy based on BeatHit game rank and track prominence.,"{""culture_category"":""video_game_music"",""video_game"":""World of Warcraft: Cataclysm"",""game_rank"":159,""game_association_kind"":""khinsider_game_soundtrack"",""khinsider_album_url"":""https://downloads.khinsider.com/game-soundtracks/album/world-of-warcraft-4-cataclysm-complete"",""khinsider_album_title"":""World of Warcraft 4 (Cataclysm) (world-of-warcraft-4-cataclysm-complete)"",""khinsider_album_kind"":""unclassified_game_album"",""khinsider_album_match_score"":100.0,""relevance_score_100"":97.0,""popularity_score_100"":40.685550324392096,""score_100"":74.47422012975683,""popularity_basis"":""BeatHit master-list game rank plus track position proxy""}"
158,The Land Will Weep,Unknown credited artist,[],World of Warcraft 4 (Cataclysm) (world-of-warcraft-4-cataclysm-complete),,,"[""video game soundtrack""]","[""und""]",,,,World of Warcraft: Cataclysm,,,khinsider_track_prominence_proxy,40.685550324392096,score_0_100,,,,74.47422012975683,,,,https://downloads.khinsider.com/game-soundtracks/album/world-of-warcraft-4-cataclysm-complete,2026-10-05,Track title is taken from KHInsider's soundtrack/gamerip album index. Popularity is an explicitly labelled proxy based on BeatHit game rank and track prominence.,"{""culture_category"":""video_game_music"",""video_game"":""World of Warcraft: Cataclysm"",""game_rank"":159,""game_association_kind"":""khinsider_game_soundtrack"",""khinsider_album_url"":""https://downloads.khinsider.com/game-soundtracks/album/world-of-warcraft-4-cataclysm-complete"",""khinsider_album_title"":""World of Warcraft 4 (Cataclysm) (world-of-warcraft-4-cataclysm-complete)"",""khinsider_album_kind"":""unclassified_game_album"",""khinsider_album_match_score"":100.0,""relevance_score_100"":97.0,""popularity_score_100"":40.685550324392096,""score_100"":74.47422012975683,""popularity_basis"":""BeatHit master-list game rank plus track position proxy""}"
159,Darnassus Intro,Unknown credited artist,[],World of Warcraft 4 (Cataclysm) (world-of-warcraft-4-cataclysm-complete),,,"[""video game soundtrack""]","[""und""]",,,,World of Warcraft: Cataclysm,,,khinsider_track_prominence_proxy,40.685550324392096,score_0_100,,,,74.47422012975683,,,,https://downloads.khinsider.com/game-soundtracks/album/world-of-warcraft-4-cataclysm-complete,2026-10-05,Track title is taken from KHInsider's soundtrack/gamerip album index. Popularity is an explicitly labelled proxy based on BeatHit game rank and track prominence.,"{""culture_category"":""video_game_music"",""video_game"":""World of Warcraft: Cataclysm"",""game_rank"":159,""game_association_kind"":""khinsider_game_soundtrack"",""khinsider_album_url"":""https://downloads.khinsider.com/game-soundtracks/album/world-of-warcraft-4-cataclysm-complete"",""khinsider_album_title"":""World of Warcraft 4 (Cataclysm) (world-of-warcraft-4-cataclysm-complete)"",""khinsider_album_kind"":""unclassified_game_album"",""khinsider_album_match_score"":100.0,""relevance_score_100"":97.0,""popularity_score_100"":40.685550324392096,""score_100"":74.47422012975683,""popularity_basis"":""BeatHit master-list game rank plus track position proxy""}"
160,Ruins of Andorhal,Unknown credited artist,[],World of Warcraft 4 (Cataclysm) (world-of-warcraft-4-cataclysm-complete),,,"[""video game soundtrack""]","[""und""]",,,,World of Warcraft: Cataclysm,,,khinsider_track_prominence_proxy,40.685550324392096,score_0_100,,,,74.47422012975683,,,,https://downloads.khinsider.com/game-soundtracks/album/world-of-warcraft-4-cataclysm-complete,2026-10-05,Track title is taken from KHInsider's soundtrack/gamerip album index. Popularity is an explicitly labelled proxy based on BeatHit game rank and track prominence.,"{""culture_category"":""video_game_music"",""video_game"":""World of Warcraft: Cataclysm"",""game_rank"":159,""game_association_kind"":""khinsider_game_soundtrack"",""khinsider_album_url"":""https://downloads.khinsider.com/game-soundtracks/album/world-of-warcraft-4-cataclysm-complete"",""khinsider_album_title"":""World of Warcraft 4 (Cataclysm) (world-of-warcraft-4-cataclysm-complete)"",""khinsider_album_kind"":""unclassified_game_album"",""khinsider_album_match_score"":100.0,""relevance_score_100"":97.0,""popularity_score_100"":40.685550324392096,""score_100"":74.47422012975683,""popularity_basis"":""BeatHit master-list game rank plus track position proxy""}"
161,War March,Unknown credited artist,[],World of Warcraft 4 (Cataclysm) (world-of-warcraft-4-cataclysm-complete),,,"[""video game soundtrack""]","[""und""]",,,,World of Warcraft: Cataclysm,,,khinsider_track_prominence_proxy,40.685550324392096,score_0_100,,,,74.47422012975683,,,,https://downloads.khinsider.com/game-soundtracks/album/world-of-warcraft-4-cataclysm-complete,2026-10-05,Track title is taken from KHInsider's soundtrack/gamerip album index. Popularity is an explicitly labelled proxy based on BeatHit game rank and track prominence.,"{""culture_category"":""video_game_music"",""video_game"":""World of Warcraft: Cataclysm"",""game_rank"":159,""game_association_kind"":""khinsider_game_soundtrack"",""khinsider_album_url"":""https://downloads.khinsider.com/game-soundtracks/album/world-of-warcraft-4-cataclysm-complete"",""khinsider_album_title"":""World of Warcraft 4 (Cataclysm) (world-of-warcraft-4-cataclysm-complete)"",""khinsider_album_kind"":""unclassified_game_album"",""khinsider_album_match_score"":100.0,""relevance_score_100"":97.0,""popularity_score_100"":40.685550324392096,""score_100"":74.47422012975683,""popularity_basis"":""BeatHit master-list game rank plus track position proxy""}"
162,The Rise of Men,Unknown credited artist,[],World of Warcraft 4 (Cataclysm) (world-of-warcraft-4-cataclysm-complete),,,"[""video game soundtrack""]","[""und""]",,,,World of Warcraft: Cataclysm,,,khinsider_track_prominence_proxy,40.685550324392096,score_0_100,,,,74.47422012975683,,,,https://downloads.khinsider.com/game-soundtracks/album/world-of-warcraft-4-cataclysm-complete,2026-10-05,Track title is taken from KHInsider's soundtrack/gamerip album index. Popularity is an explicitly labelled proxy based on BeatHit game rank and track prominence.,"{""culture_category"":""video_game_music"",""video_game"":""World of Warcraft: Cataclysm"",""game_rank"":159,""game_association_kind"":""khinsider_game_soundtrack"",""khinsider_album_url"":""https://downloads.khinsider.com/game-soundtracks/album/world-of-warcraft-4-cataclysm-complete"",""khinsider_album_title"":""World of Warcraft 4 (Cataclysm) (world-of-warcraft-4-cataclysm-complete)"",""khinsider_album_kind"":""unclassified_game_album"",""khinsider_album_match_score"":100.0,""relevance_score_100"":97.0,""popularity_score_100"":40.685550324392096,""score_100"":74.47422012975683,""popularity_basis"":""BeatHit master-list game rank plus track position proxy""}"
163,Xaxas (Intro Cinematic),Unknown credited artist,[],World of Warcraft 4 (Cataclysm) (world-of-warcraft-4-cataclysm-complete),,,"[""video game soundtrack""]","[""und""]",,,,World of Warcraft: Cataclysm,,,khinsider_track_prominence_proxy,40.685550324392096,score_0_100,,,,74.47422012975683,,,,https://downloads.khinsider.com/game-soundtracks/album/world-of-warcraft-4-cataclysm-complete,2026-10-05,Track title is taken from KHInsider's soundtrack/gamerip album index. Popularity is an explicitly labelled proxy based on BeatHit game rank and track prominence.,"{""culture_category"":""video_game_music"",""video_game"":""World of Warcraft: Cataclysm"",""game_rank"":159,""game_association_kind"":""khinsider_game_soundtrack"",""khinsider_album_url"":""https://downloads.khinsider.com/game-soundtracks/album/world-of-warcraft-4-cataclysm-complete"",""khinsider_album_title"":""World of Warcraft 4 (Cataclysm) (world-of-warcraft-4-cataclysm-complete)"",""khinsider_album_kind"":""unclassified_game_album"",""khinsider_album_match_score"":100.0,""relevance_score_100"":97.0,""popularity_score_100"":40.685550324392096,""score_100"":74.47422012975683,""popularity_basis"":""BeatHit master-list game rank plus track position proxy""}"
164,Lost City of the Tol'vir,Unknown credited artist,[],World of Warcraft 4 (Cataclysm) (world-of-warcraft-4-cataclysm-complete),,,"[""video game soundtrack""]","[""und""]",,,,World of Warcraft: Cataclysm,,,khinsider_track_prominence_proxy,40.685550324392096,score_0_100,,,,74.47422012975683,,,,https://downloads.khinsider.com/game-soundtracks/album/world-of-warcraft-4-cataclysm-complete,2026-10-05,Track title is taken from KHInsider's soundtrack/gamerip album index. Popularity is an explicitly labelled proxy based on BeatHit game rank and track prominence.,"{""culture_category"":""video_game_music"",""video_game"":""World of Warcraft: Cataclysm"",""game_rank"":159,""game_association_kind"":""khinsider_game_soundtrack"",""khinsider_album_url"":""https://downloads.khinsider.com/game-soundtracks/album/world-of-warcraft-4-cataclysm-complete"",""khinsider_album_title"":""World of Warcraft 4 (Cataclysm) (world-of-warcraft-4-cataclysm-complete)"",""khinsider_album_kind"":""unclassified_game_album"",""khinsider_album_match_score"":100.0,""relevance_score_100"":97.0,""popularity_score_100"":40.685550324392096,""score_100"":74.47422012975683,""popularity_basis"":""BeatHit master-list game rank plus track position proxy""}"
165,Ghosts in the Wind,Unknown credited artist,[],World of Warcraft 4 (Cataclysm) (world-of-warcraft-4-cataclysm-complete),,,"[""video game soundtrack""]","[""und""]",,,,World of Warcraft: Cataclysm,,,khinsider_track_prominence_proxy,40.685550324392096,score_0_100,,,,74.47422012975683,,,,https://downloads.khinsider.com/game-soundtracks/album/world-of-warcraft-4-cataclysm-complete,2026-10-05,Track title is taken from KHInsider's soundtrack/gamerip album index. Popularity is an explicitly labelled proxy based on BeatHit game rank and track prominence.,"{""culture_category"":""video_game_music"",""video_game"":""World of Warcraft: Cataclysm"",""game_rank"":159,""game_association_kind"":""khinsider_game_soundtrack"",""khinsider_album_url"":""https://downloads.khinsider.com/game-soundtracks/album/world-of-warcraft-4-cataclysm-complete"",""khinsider_album_title"":""World of Warcraft 4 (Cataclysm) (world-of-warcraft-4-cataclysm-complete)"",""khinsider_album_kind"":""unclassified_game_album"",""khinsider_album_match_score"":100.0,""relevance_score_100"":97.0,""popularity_score_100"":40.685550324392096,""score_100"":74.47422012975683,""popularity_basis"":""BeatHit master-list game rank plus track position proxy""}"
166,Halls of Origination,Unknown credited artist,[],World of Warcraft 4 (Cataclysm) (world-of-warcraft-4-cataclysm-complete),,,"[""video game soundtrack""]","[""und""]",,,,World of Warcraft: Cataclysm,,,khinsider_track_prominence_proxy,40.685550324392096,score_0_100,,,,74.47422012975683,,,,https://downloads.khinsider.com/game-soundtracks/album/world-of-warcraft-4-cataclysm-complete,2026-10-05,Track title is taken from KHInsider's soundtrack/gamerip album index. Popularity is an explicitly labelled proxy based on BeatHit game rank and track prominence.,"{""culture_category"":""video_game_music"",""video_game"":""World of Warcraft: Cataclysm"",""game_rank"":159,""game_association_kind"":""khinsider_game_soundtrack"",""khinsider_album_url"":""https://downloads.khinsider.com/game-soundtracks/album/world-of-warcraft-4-cataclysm-complete"",""khinsider_album_title"":""World of Warcraft 4 (Cataclysm) (world-of-warcraft-4-cataclysm-complete)"",""khinsider_album_kind"":""unclassified_game_album"",""khinsider_album_match_score"":100.0,""relevance_score_100"":97.0,""popularity_score_100"":40.685550324392096,""score_100"":74.47422012975683,""popularity_basis"":""BeatHit master-list game rank plus track position proxy""}"
167,Land of the Silithid,Unknown credited artist,[],World of Warcraft 4 (Cataclysm) (world-of-warcraft-4-cataclysm-complete),,,"[""video game soundtrack""]","[""und""]",,,,World of Warcraft: Cataclysm,,,khinsider_track_prominence_proxy,40.685550324392096,score_0_100,,,,74.47422012975683,,,,https://downloads.khinsider.com/game-soundtracks/album/world-of-warcraft-4-cataclysm-complete,2026-10-05,Track title is taken from KHInsider's soundtrack/gamerip album index. Popularity is an explicitly labelled proxy based on BeatHit game rank and track prominence.,"{""culture_category"":""video_game_music"",""video_game"":""World of Warcraft: Cataclysm"",""game_rank"":159,""game_association_kind"":""khinsider_game_soundtrack"",""khinsider_album_url"":""https://downloads.khinsider.com/game-soundtracks/album/world-of-warcraft-4-cataclysm-complete"",""khinsider_album_title"":""World of Warcraft 4 (Cataclysm) (world-of-warcraft-4-cataclysm-complete)"",""khinsider_album_kind"":""unclassified_game_album"",""khinsider_album_match_score"":100.0,""relevance_score_100"":97.0,""popularity_score_100"":40.685550324392096,""score_100"":74.47422012975683,""popularity_basis"":""BeatHit master-list game rank plus track position proxy""}"
168,Razor Hill,Unknown credited artist,[],World of Warcraft 4 (Cataclysm) (world-of-warcraft-4-cataclysm-complete),,,"[""video game soundtrack""]","[""und""]",,,,World of Warcraft: Cataclysm,,,khinsider_track_prominence_proxy,40.685550324392096,score_0_100,,,,74.47422012975683,,,,https://downloads.khinsider.com/game-soundtracks/album/world-of-warcraft-4-cataclysm-complete,2026-10-05,Track title is taken from KHInsider's soundtrack/gamerip album index. Popularity is an explicitly labelled proxy based on BeatHit game rank and track prominence.,"{""culture_category"":""video_game_music"",""video_game"":""World of Warcraft: Cataclysm"",""game_rank"":159,""game_association_kind"":""khinsider_game_soundtrack"",""khinsider_album_url"":""https://downloads.khinsider.com/game-soundtracks/album/world-of-warcraft-4-cataclysm-complete"",""khinsider_album_title"":""World of Warcraft 4 (Cataclysm) (world-of-warcraft-4-cataclysm-complete)"",""khinsider_album_kind"":""unclassified_game_album"",""khinsider_album_match_score"":100.0,""relevance_score_100"":97.0,""popularity_score_100"":40.685550324392096,""score_100"":74.47422012975683,""popularity_basis"":""BeatHit master-list game rank plus track position proxy""}"
169,The Charred Vale,Unknown credited artist,[],World of Warcraft 4 (Cataclysm) (world-of-warcraft-4-cataclysm-complete),,,"[""video game soundtrack""]","[""und""]",,,,World of Warcraft: Cataclysm,,,khinsider_track_prominence_proxy,40.685550324392096,score_0_100,,,,74.47422012975683,,,,https://downloads.khinsider.com/game-soundtracks/album/world-of-warcraft-4-cataclysm-complete,2026-10-05,Track title is taken from KHInsider's soundtrack/gamerip album index. Popularity is an explicitly labelled proxy based on BeatHit game rank and track prominence.,"{""culture_category"":""video_game_music"",""video_game"":""World of Warcraft: Cataclysm"",""game_rank"":159,""game_association_kind"":""khinsider_game_soundtrack"",""khinsider_album_url"":""https://downloads.khinsider.com/game-soundtracks/album/world-of-warcraft-4-cataclysm-complete"",""khinsider_album_title"":""World of Warcraft 4 (Cataclysm) (world-of-warcraft-4-cataclysm-complete)"",""khinsider_album_kind"":""unclassified_game_album"",""khinsider_album_match_score"":100.0,""relevance_score_100"":97.0,""popularity_score_100"":40.685550324392096,""score_100"":74.47422012975683,""popularity_basis"":""BeatHit master-list game rank plus track position proxy""}"
170,Shatter Scar Vale,Unknown credited artist,[],World of Warcraft 4 (Cataclysm) (world-of-warcraft-4-cataclysm-complete),,,"[""video game soundtrack""]","[""und""]",,,,World of Warcraft: Cataclysm,,,khinsider_track_prominence_proxy,40.685550324392096,score_0_100,,,,74.47422012975683,,,,https://downloads.khinsider.com/game-soundtracks/album/world-of-warcraft-4-cataclysm-complete,2026-10-05,Track title is taken from KHInsider's soundtrack/gamerip album index. Popularity is an explicitly labelled proxy based on BeatHit game rank and track prominence.,"{""culture_category"":""video_game_music"",""video_game"":""World of Warcraft: Cataclysm"",""game_rank"":159,""game_association_kind"":""khinsider_game_soundtrack"",""khinsider_album_url"":""https://downloads.khinsider.com/game-soundtracks/album/world-of-warcraft-4-cataclysm-complete"",""khinsider_album_title"":""World of Warcraft 4 (Cataclysm) (world-of-warcraft-4-cataclysm-complete)"",""khinsider_album_kind"":""unclassified_game_album"",""khinsider_album_match_score"":100.0,""relevance_score_100"":97.0,""popularity_score_100"":40.685550324392096,""score_100"":74.47422012975683,""popularity_basis"":""BeatHit master-list game rank plus track position proxy""}"
171,Altar of Twilight,Unknown credited artist,[],World of Warcraft 4 (Cataclysm) (world-of-warcraft-4-cataclysm-complete),,,"[""video game soundtrack""]","[""und""]",,,,World of Warcraft: Cataclysm,,,khinsider_track_prominence_proxy,40.685550324392096,score_0_100,,,,74.47422012975683,,,,https://downloads.khinsider.com/game-soundtracks/album/world-of-warcraft-4-cataclysm-complete,2026-10-05,Track title is taken from KHInsider's soundtrack/gamerip album index. Popularity is an explicitly labelled proxy based on BeatHit game rank and track prominence.,"{""culture_category"":""video_game_music"",""video_game"":""World of Warcraft: Cataclysm"",""game_rank"":159,""game_association_kind"":""khinsider_game_soundtrack"",""khinsider_album_url"":""https://downloads.khinsider.com/game-soundtracks/album/world-of-warcraft-4-cataclysm-complete"",""khinsider_album_title"":""World of Warcraft 4 (Cataclysm) (world-of-warcraft-4-cataclysm-complete)"",""khinsider_album_kind"":""unclassified_game_album"",""khinsider_album_match_score"":100.0,""relevance_score_100"":97.0,""popularity_score_100"":40.685550324392096,""score_100"":74.47422012975683,""popularity_basis"":""BeatHit master-list game rank plus track position proxy""}"
172,Blackrock Mountain,Unknown credited artist,[],World of Warcraft 4 (Cataclysm) (world-of-warcraft-4-cataclysm-complete),,,"[""video game soundtrack""]","[""und""]",,,,World of Warcraft: Cataclysm,,,khinsider_track_prominence_proxy,40.685550324392096,score_0_100,,,,74.47422012975683,,,,https://downloads.khinsider.com/game-soundtracks/album/world-of-warcraft-4-cataclysm-complete,2026-10-05,Track title is taken from KHInsider's soundtrack/gamerip album index. Popularity is an explicitly labelled proxy based on BeatHit game rank and track prominence.,"{""culture_category"":""video_game_music"",""video_game"":""World of Warcraft: Cataclysm"",""game_rank"":159,""game_association_kind"":""khinsider_game_soundtrack"",""khinsider_album_url"":""https://downloads.khinsider.com/game-soundtracks/album/world-of-warcraft-4-cataclysm-complete"",""khinsider_album_title"":""World of Warcraft 4 (Cataclysm) (world-of-warcraft-4-cataclysm-complete)"",""khinsider_album_kind"":""unclassified_game_album"",""khinsider_album_match_score"":100.0,""relevance_score_100"":97.0,""popularity_score_100"":40.685550324392096,""score_100"":74.47422012975683,""popularity_basis"":""BeatHit master-list game rank plus track position proxy""}"
173,Northridge Lumber Camp,Unknown credited artist,[],World of Warcraft 4 (Cataclysm) (world-of-warcraft-4-cataclysm-complete),,,"[""video game soundtrack""]","[""und""]",,,,World of Warcraft: Cataclysm,,,khinsider_track_prominence_proxy,40.685550324392096,score_0_100,,,,74.47422012975683,,,,https://downloads.khinsider.com/game-soundtracks/album/world-of-warcraft-4-cataclysm-complete,2026-10-05,Track title is taken from KHInsider's soundtrack/gamerip album index. Popularity is an explicitly labelled proxy based on BeatHit game rank and track prominence.,"{""culture_category"":""video_game_music"",""video_game"":""World of Warcraft: Cataclysm"",""game_rank"":159,""game_association_kind"":""khinsider_game_soundtrack"",""khinsider_album_url"":""https://downloads.khinsider.com/game-soundtracks/album/world-of-warcraft-4-cataclysm-complete"",""khinsider_album_title"":""World of Warcraft 4 (Cataclysm) (world-of-warcraft-4-cataclysm-complete)"",""khinsider_album_kind"":""unclassified_game_album"",""khinsider_album_match_score"":100.0,""relevance_score_100"":97.0,""popularity_score_100"":40.685550324392096,""score_100"":74.47422012975683,""popularity_basis"":""BeatHit master-list game rank plus track position proxy""}"
174,Nighthaven,Unknown credited artist,[],World of Warcraft 4 (Cataclysm) (world-of-warcraft-4-cataclysm-complete),,,"[""video game soundtrack""]","[""und""]",,,,World of Warcraft: Cataclysm,,,khinsider_track_prominence_proxy,40.685550324392096,score_0_100,,,,74.47422012975683,,,,https://downloads.khinsider.com/game-soundtracks/album/world-of-warcraft-4-cataclysm-complete,2026-10-05,Track title is taken from KHInsider's soundtrack/gamerip album index. Popularity is an explicitly labelled proxy based on BeatHit game rank and track prominence.,"{""culture_category"":""video_game_music"",""video_game"":""World of Warcraft: Cataclysm"",""game_rank"":159,""game_association_kind"":""khinsider_game_soundtrack"",""khinsider_album_url"":""https://downloads.khinsider.com/game-soundtracks/album/world-of-warcraft-4-cataclysm-complete"",""khinsider_album_title"":""World of Warcraft 4 (Cataclysm) (world-of-warcraft-4-cataclysm-complete)"",""khinsider_album_kind"":""unclassified_game_album"",""khinsider_album_match_score"":100.0,""relevance_score_100"":97.0,""popularity_score_100"":40.685550324392096,""score_100"":74.47422012975683,""popularity_basis"":""BeatHit master-list game rank plus track position proxy""}"
175,Shimmering Expanse,Unknown credited artist,[],World of Warcraft 4 (Cataclysm) (world-of-warcraft-4-cataclysm-complete),,,"[""video game soundtrack""]","[""und""]",,,,World of Warcraft: Cataclysm,,,khinsider_track_prominence_proxy,40.685550324392096,score_0_100,,,,74.47422012975683,,,,https://downloads.khinsider.com/game-soundtracks/album/world-of-warcraft-4-cataclysm-complete,2026-10-05,Track title is taken from KHInsider's soundtrack/gamerip album index. Popularity is an explicitly labelled proxy based on BeatHit game rank and track prominence.,"{""culture_category"":""video_game_music"",""video_game"":""World of Warcraft: Cataclysm"",""game_rank"":159,""game_association_kind"":""khinsider_game_soundtrack"",""khinsider_album_url"":""https://downloads.khinsider.com/game-soundtracks/album/world-of-warcraft-4-cataclysm-complete"",""khinsider_album_title"":""World of Warcraft 4 (Cataclysm) (world-of-warcraft-4-cataclysm-complete)"",""khinsider_album_kind"":""unclassified_game_album"",""khinsider_album_match_score"":100.0,""relevance_score_100"":97.0,""popularity_score_100"":40.685550324392096,""score_100"":74.47422012975683,""popularity_basis"":""BeatHit master-list game rank plus track position proxy""}"
176,Lord Greymane,Unknown credited artist,[],World of Warcraft 4 (Cataclysm) (world-of-warcraft-4-cataclysm-complete),,,"[""video game soundtrack""]","[""und""]",,,,World of Warcraft: Cataclysm,,,khinsider_track_prominence_proxy,40.685550324392096,score_0_100,,,,74.47422012975683,,,,https://downloads.khinsider.com/game-soundtracks/album/world-of-warcraft-4-cataclysm-complete,2026-10-05,Track title is taken from KHInsider's soundtrack/gamerip album index. Popularity is an explicitly labelled proxy based on BeatHit game rank and track prominence.,"{""culture_category"":""video_game_music"",""video_game"":""World of Warcraft: Cataclysm"",""game_rank"":159,""game_association_kind"":""khinsider_game_soundtrack"",""khinsider_album_url"":""https://downloads.khinsider.com/game-soundtracks/album/world-of-warcraft-4-cataclysm-complete"",""khinsider_album_title"":""World of Warcraft 4 (Cataclysm) (world-of-warcraft-4-cataclysm-complete)"",""khinsider_album_kind"":""unclassified_game_album"",""khinsider_album_match_score"":100.0,""relevance_score_100"":97.0,""popularity_score_100"":40.685550324392096,""score_100"":74.47422012975683,""popularity_basis"":""BeatHit master-list game rank plus track position proxy""}"
177,The Cenarion Circle,Unknown credited artist,[],World of Warcraft 4 (Cataclysm) (world-of-warcraft-4-cataclysm-complete),,,"[""video game soundtrack""]","[""und""]",,,,World of Warcraft: Cataclysm,,,khinsider_track_prominence_proxy,40.685550324392096,score_0_100,,,,74.47422012975683,,,,https://downloads.khinsider.com/game-soundtracks/album/world-of-warcraft-4-cataclysm-complete,2026-10-05,Track title is taken from KHInsider's soundtrack/gamerip album index. Popularity is an explicitly labelled proxy based on BeatHit game rank and track prominence.,"{""culture_category"":""video_game_music"",""video_game"":""World of Warcraft: Cataclysm"",""game_rank"":159,""game_association_kind"":""khinsider_game_soundtrack"",""khinsider_album_url"":""https://downloads.khinsider.com/game-soundtracks/album/world-of-warcraft-4-cataclysm-complete"",""khinsider_album_title"":""World of Warcraft 4 (Cataclysm) (world-of-warcraft-4-cataclysm-complete)"",""khinsider_album_kind"":""unclassified_game_album"",""khinsider_album_match_score"":100.0,""relevance_score_100"":97.0,""popularity_score_100"":40.685550324392096,""score_100"":74.47422012975683,""popularity_basis"":""BeatHit master-list game rank plus track position proxy""}"
178,Moonbrook,Unknown credited artist,[],World of Warcraft 4 (Cataclysm) (world-of-warcraft-4-cataclysm-complete),,,"[""video game soundtrack""]","[""und""]",,,,World of Warcraft: Cataclysm,,,khinsider_track_prominence_proxy,40.685550324392096,score_0_100,,,,74.47422012975683,,,,https://downloads.khinsider.com/game-soundtracks/album/world-of-warcraft-4-cataclysm-complete,2026-10-05,Track title is taken from KHInsider's soundtrack/gamerip album index. Popularity is an explicitly labelled proxy based on BeatHit game rank and track prominence.,"{""culture_category"":""video_game_music"",""video_game"":""World of Warcraft: Cataclysm"",""game_rank"":159,""game_association_kind"":""khinsider_game_soundtrack"",""khinsider_album_url"":""https://downloads.khinsider.com/game-soundtracks/album/world-of-warcraft-4-cataclysm-complete"",""khinsider_album_title"":""World of Warcraft 4 (Cataclysm) (world-of-warcraft-4-cataclysm-complete)"",""khinsider_album_kind"":""unclassified_game_album"",""khinsider_album_match_score"":100.0,""relevance_score_100"":97.0,""popularity_score_100"":40.685550324392096,""score_100"":74.47422012975683,""popularity_basis"":""BeatHit master-list game rank plus track position proxy""}"
179,Arcane Reforging,Unknown credited artist,[],World of Warcraft 4 (Cataclysm) (world-of-warcraft-4-cataclysm-complete),,,"[""video game soundtrack""]","[""und""]",,,,World of Warcraft: Cataclysm,,,khinsider_track_prominence_proxy,40.685550324392096,score_0_100,,,,74.47422012975683,,,,https://downloads.khinsider.com/game-soundtracks/album/world-of-warcraft-4-cataclysm-complete,2026-10-05,Track title is taken from KHInsider's soundtrack/gamerip album index. Popularity is an explicitly labelled proxy based on BeatHit game rank and track prominence.,"{""culture_category"":""video_game_music"",""video_game"":""World of Warcraft: Cataclysm"",""game_rank"":159,""game_association_kind"":""khinsider_game_soundtrack"",""khinsider_album_url"":""https://downloads.khinsider.com/game-soundtracks/album/world-of-warcraft-4-cataclysm-complete"",""khinsider_album_title"":""World of Warcraft 4 (Cataclysm) (world-of-warcraft-4-cataclysm-complete)"",""khinsider_album_kind"":""unclassified_game_album"",""khinsider_album_match_score"":100.0,""relevance_score_100"":97.0,""popularity_score_100"":40.685550324392096,""score_100"":74.47422012975683,""popularity_basis"":""BeatHit master-list game rank plus track position proxy""}"
180,Thaumaturgy,Unknown credited artist,[],World of Warcraft 4 (Cataclysm) (world-of-warcraft-4-cataclysm-complete),,,"[""video game soundtrack""]","[""und""]",,,,World of Warcraft: Cataclysm,,,khinsider_track_prominence_proxy,40.685550324392096,score_0_100,,,,74.47422012975683,,,,https://downloads.khinsider.com/game-soundtracks/album/world-of-warcraft-4-cataclysm-complete,2026-10-05,Track title is taken from KHInsider's soundtrack/gamerip album index. Popularity is an explicitly labelled proxy based on BeatHit game rank and track prominence.,"{""culture_category"":""video_game_music"",""video_game"":""World of Warcraft: Cataclysm"",""game_rank"":159,""game_association_kind"":""khinsider_game_soundtrack"",""khinsider_album_url"":""https://downloads.khinsider.com/game-soundtracks/album/world-of-warcraft-4-cataclysm-complete"",""khinsider_album_title"":""World of Warcraft 4 (Cataclysm) (world-of-warcraft-4-cataclysm-complete)"",""khinsider_album_kind"":""unclassified_game_album"",""khinsider_album_match_score"":100.0,""relevance_score_100"":97.0,""popularity_score_100"":40.685550324392096,""score_100"":74.47422012975683,""popularity_basis"":""BeatHit master-list game rank plus track position proxy""}"
181,The Shattering (Main Title),Unknown credited artist,[],World of Warcraft 4 (Cataclysm) (world-of-warcraft-4-cataclysm-complete),,,"[""video game soundtrack""]","[""und""]",,,,World of Warcraft: Cataclysm,,,khinsider_track_prominence_proxy,40.685550324392096,score_0_100,,,,74.47422012975683,,,,https://downloads.khinsider.com/game-soundtracks/album/world-of-warcraft-4-cataclysm-complete,2026-10-05,Track title is taken from KHInsider's soundtrack/gamerip album index. Popularity is an explicitly labelled proxy based on BeatHit game rank and track prominence.,"{""culture_category"":""video_game_music"",""video_game"":""World of Warcraft: Cataclysm"",""game_rank"":159,""game_association_kind"":""khinsider_game_soundtrack"",""khinsider_album_url"":""https://downloads.khinsider.com/game-soundtracks/album/world-of-warcraft-4-cataclysm-complete"",""khinsider_album_title"":""World of Warcraft 4 (Cataclysm) (world-of-warcraft-4-cataclysm-complete)"",""khinsider_album_kind"":""unclassified_game_album"",""khinsider_album_match_score"":100.0,""relevance_score_100"":97.0,""popularity_score_100"":40.685550324392096,""score_100"":74.47422012975683,""popularity_basis"":""BeatHit master-list game rank plus track position proxy""}"
