rank,title,main_artist,featured_artists,album,release_date,release_year,genres,languages,composer,anime_title,anime_popularity,screen_work,vtuber,is_original,metric_name,metric_value,metric_unit,listen_count,listen_source,view_count,overall_popularity_score,spotify_track_id,musicbrainz_recording_mbid,isrc,source_url,retrieved_at,source_notes,extra
1,Track 1,Unknown credited artist,[],Diablo (diablo-1997-pc-gamerip),,,"[""video game soundtrack""]","[""und""]",,,,Diablo II,,,khinsider_track_prominence_proxy,61.102461754917286,score_0_100,,,,84.44098470196691,,,,https://downloads.khinsider.com/game-soundtracks/album/diablo-1997-pc-gamerip,2026-10-05,Track title is taken from KHInsider's soundtrack/gamerip album index. Popularity is an explicitly labelled proxy based on BeatHit game rank and track prominence.,"{""culture_category"":""video_game_music"",""video_game"":""Diablo II"",""game_rank"":167,""game_association_kind"":""khinsider_game_soundtrack"",""khinsider_album_url"":""https://downloads.khinsider.com/game-soundtracks/album/diablo-1997-pc-gamerip"",""khinsider_album_title"":""Diablo (diablo-1997-pc-gamerip)"",""khinsider_album_kind"":""official_or_gamerip"",""khinsider_album_match_score"":100.0,""relevance_score_100"":100.0,""popularity_score_100"":61.102461754917286,""score_100"":84.44098470196691,""popularity_basis"":""BeatHit master-list game rank plus track position proxy""}"
2,Andariel Action,Unknown credited artist,[],Diablo II (diablo-ii-2000-pc-gamerip),,,"[""video game soundtrack""]","[""und""]",,,,Diablo II,,,khinsider_track_prominence_proxy,61.102461754917286,score_0_100,,,,84.44098470196691,,,,https://downloads.khinsider.com/game-soundtracks/album/diablo-ii-2000-pc-gamerip,2026-10-05,Track title is taken from KHInsider's soundtrack/gamerip album index. Popularity is an explicitly labelled proxy based on BeatHit game rank and track prominence.,"{""culture_category"":""video_game_music"",""video_game"":""Diablo II"",""game_rank"":167,""game_association_kind"":""khinsider_game_soundtrack"",""khinsider_album_url"":""https://downloads.khinsider.com/game-soundtracks/album/diablo-ii-2000-pc-gamerip"",""khinsider_album_title"":""Diablo II (diablo-ii-2000-pc-gamerip)"",""khinsider_album_kind"":""official_or_gamerip"",""khinsider_album_match_score"":100.0,""relevance_score_100"":100.0,""popularity_score_100"":61.102461754917286,""score_100"":84.44098470196691,""popularity_basis"":""BeatHit master-list game rank plus track position proxy""}"
3,Act 0 - Intro,Unknown credited artist,[],Diablo II + Lord Of Destruction (diablo-ii-original-soundtrack),,,"[""video game soundtrack""]","[""und""]",,,,Diablo II,,,khinsider_track_prominence_proxy,61.102461754917286,score_0_100,,,,84.44098470196691,,,,https://downloads.khinsider.com/game-soundtracks/album/diablo-ii-original-soundtrack,2026-10-05,Track title is taken from KHInsider's soundtrack/gamerip album index. Popularity is an explicitly labelled proxy based on BeatHit game rank and track prominence.,"{""culture_category"":""video_game_music"",""video_game"":""Diablo II"",""game_rank"":167,""game_association_kind"":""khinsider_game_soundtrack"",""khinsider_album_url"":""https://downloads.khinsider.com/game-soundtracks/album/diablo-ii-original-soundtrack"",""khinsider_album_title"":""Diablo II + Lord Of Destruction (diablo-ii-original-soundtrack)"",""khinsider_album_kind"":""official_or_gamerip"",""khinsider_album_match_score"":100.0,""relevance_score_100"":100.0,""popularity_score_100"":61.102461754917286,""score_100"":84.44098470196691,""popularity_basis"":""BeatHit master-list game rank plus track position proxy""}"
4,Baal,Unknown credited artist,[],Diablo II - Lord of Destruction (diablo-ii-lord-of-destruction-2001-pc-gamerip),,,"[""video game soundtrack""]","[""und""]",,,,Diablo II,,,khinsider_track_prominence_proxy,61.102461754917286,score_0_100,,,,84.44098470196691,,,,https://downloads.khinsider.com/game-soundtracks/album/diablo-ii-lord-of-destruction-2001-pc-gamerip,2026-10-05,Track title is taken from KHInsider's soundtrack/gamerip album index. Popularity is an explicitly labelled proxy based on BeatHit game rank and track prominence.,"{""culture_category"":""video_game_music"",""video_game"":""Diablo II"",""game_rank"":167,""game_association_kind"":""khinsider_game_soundtrack"",""khinsider_album_url"":""https://downloads.khinsider.com/game-soundtracks/album/diablo-ii-lord-of-destruction-2001-pc-gamerip"",""khinsider_album_title"":""Diablo II - Lord of Destruction (diablo-ii-lord-of-destruction-2001-pc-gamerip)"",""khinsider_album_kind"":""official_or_gamerip"",""khinsider_album_match_score"":100.0,""relevance_score_100"":100.0,""popularity_score_100"":61.102461754917286,""score_100"":84.44098470196691,""popularity_basis"":""BeatHit master-list game rank plus track position proxy""}"
5,Fortress,Unknown credited artist,[],Diablo II Expansion Set: Lord of Destruction Soundtrack Audio CD (diablo-ii-expansion-set-lord-of-destruction-soundtrack-audio-cd-2001),,,"[""video game soundtrack""]","[""und""]",,,,Diablo II,,,khinsider_track_prominence_proxy,61.102461754917286,score_0_100,,,,84.44098470196691,,,,https://downloads.khinsider.com/game-soundtracks/album/diablo-ii-expansion-set-lord-of-destruction-soundtrack-audio-cd-2001,2026-10-05,Track title is taken from KHInsider's soundtrack/gamerip album index. Popularity is an explicitly labelled proxy based on BeatHit game rank and track prominence.,"{""culture_category"":""video_game_music"",""video_game"":""Diablo II"",""game_rank"":167,""game_association_kind"":""khinsider_game_soundtrack"",""khinsider_album_url"":""https://downloads.khinsider.com/game-soundtracks/album/diablo-ii-expansion-set-lord-of-destruction-soundtrack-audio-cd-2001"",""khinsider_album_title"":""Diablo II Expansion Set: Lord of Destruction Soundtrack Audio CD (diablo-ii-expansion-set-lord-of-destruction-soundtrack-audio-cd-2001)"",""khinsider_album_kind"":""official_or_gamerip"",""khinsider_album_match_score"":100.0,""relevance_score_100"":100.0,""popularity_score_100"":61.102461754917286,""score_100"":84.44098470196691,""popularity_basis"":""BeatHit master-list game rank plus track position proxy""}"
6,Wilderness,Unknown credited artist,[],Diablo II Soundtrack (diablo-ii-soundtrack-2000),,,"[""video game soundtrack""]","[""und""]",,,,Diablo II,,,khinsider_track_prominence_proxy,61.102461754917286,score_0_100,,,,84.44098470196691,,,,https://downloads.khinsider.com/game-soundtracks/album/diablo-ii-soundtrack-2000,2026-10-05,Track title is taken from KHInsider's soundtrack/gamerip album index. Popularity is an explicitly labelled proxy based on BeatHit game rank and track prominence.,"{""culture_category"":""video_game_music"",""video_game"":""Diablo II"",""game_rank"":167,""game_association_kind"":""khinsider_game_soundtrack"",""khinsider_album_url"":""https://downloads.khinsider.com/game-soundtracks/album/diablo-ii-soundtrack-2000"",""khinsider_album_title"":""Diablo II Soundtrack (diablo-ii-soundtrack-2000)"",""khinsider_album_kind"":""official_or_gamerip"",""khinsider_album_match_score"":100.0,""relevance_score_100"":100.0,""popularity_score_100"":61.102461754917286,""score_100"":84.44098470196691,""popularity_basis"":""BeatHit master-list game rank plus track position proxy""}"
7,Track 2,Unknown credited artist,[],Diablo (diablo-1997-pc-gamerip),,,"[""video game soundtrack""]","[""und""]",,,,Diablo II,,,khinsider_track_prominence_proxy,60.89246175491729,score_0_100,,,,84.35698470196692,,,,https://downloads.khinsider.com/game-soundtracks/album/diablo-1997-pc-gamerip,2026-10-05,Track title is taken from KHInsider's soundtrack/gamerip album index. Popularity is an explicitly labelled proxy based on BeatHit game rank and track prominence.,"{""culture_category"":""video_game_music"",""video_game"":""Diablo II"",""game_rank"":167,""game_association_kind"":""khinsider_game_soundtrack"",""khinsider_album_url"":""https://downloads.khinsider.com/game-soundtracks/album/diablo-1997-pc-gamerip"",""khinsider_album_title"":""Diablo (diablo-1997-pc-gamerip)"",""khinsider_album_kind"":""official_or_gamerip"",""khinsider_album_match_score"":100.0,""relevance_score_100"":100.0,""popularity_score_100"":60.89246175491729,""score_100"":84.35698470196692,""popularity_basis"":""BeatHit master-list game rank plus track position proxy""}"
8,Blood Raven Resolution,Unknown credited artist,[],Diablo II (diablo-ii-2000-pc-gamerip),,,"[""video game soundtrack""]","[""und""]",,,,Diablo II,,,khinsider_track_prominence_proxy,60.89246175491729,score_0_100,,,,84.35698470196692,,,,https://downloads.khinsider.com/game-soundtracks/album/diablo-ii-2000-pc-gamerip,2026-10-05,Track title is taken from KHInsider's soundtrack/gamerip album index. Popularity is an explicitly labelled proxy based on BeatHit game rank and track prominence.,"{""culture_category"":""video_game_music"",""video_game"":""Diablo II"",""game_rank"":167,""game_association_kind"":""khinsider_game_soundtrack"",""khinsider_album_url"":""https://downloads.khinsider.com/game-soundtracks/album/diablo-ii-2000-pc-gamerip"",""khinsider_album_title"":""Diablo II (diablo-ii-2000-pc-gamerip)"",""khinsider_album_kind"":""official_or_gamerip"",""khinsider_album_match_score"":100.0,""relevance_score_100"":100.0,""popularity_score_100"":60.89246175491729,""score_100"":84.35698470196692,""popularity_basis"":""BeatHit master-list game rank plus track position proxy""}"
9,Act 1 - Caves,Unknown credited artist,[],Diablo II + Lord Of Destruction (diablo-ii-original-soundtrack),,,"[""video game soundtrack""]","[""und""]",,,,Diablo II,,,khinsider_track_prominence_proxy,60.89246175491729,score_0_100,,,,84.35698470196692,,,,https://downloads.khinsider.com/game-soundtracks/album/diablo-ii-original-soundtrack,2026-10-05,Track title is taken from KHInsider's soundtrack/gamerip album index. Popularity is an explicitly labelled proxy based on BeatHit game rank and track prominence.,"{""culture_category"":""video_game_music"",""video_game"":""Diablo II"",""game_rank"":167,""game_association_kind"":""khinsider_game_soundtrack"",""khinsider_album_url"":""https://downloads.khinsider.com/game-soundtracks/album/diablo-ii-original-soundtrack"",""khinsider_album_title"":""Diablo II + Lord Of Destruction (diablo-ii-original-soundtrack)"",""khinsider_album_kind"":""official_or_gamerip"",""khinsider_album_match_score"":100.0,""relevance_score_100"":100.0,""popularity_score_100"":60.89246175491729,""score_100"":84.35698470196692,""popularity_basis"":""BeatHit master-list game rank plus track position proxy""}"
10,Baal Music,Unknown credited artist,[],Diablo II - Lord of Destruction (diablo-ii-lord-of-destruction-2001-pc-gamerip),,,"[""video game soundtrack""]","[""und""]",,,,Diablo II,,,khinsider_track_prominence_proxy,60.89246175491729,score_0_100,,,,84.35698470196692,,,,https://downloads.khinsider.com/game-soundtracks/album/diablo-ii-lord-of-destruction-2001-pc-gamerip,2026-10-05,Track title is taken from KHInsider's soundtrack/gamerip album index. Popularity is an explicitly labelled proxy based on BeatHit game rank and track prominence.,"{""culture_category"":""video_game_music"",""video_game"":""Diablo II"",""game_rank"":167,""game_association_kind"":""khinsider_game_soundtrack"",""khinsider_album_url"":""https://downloads.khinsider.com/game-soundtracks/album/diablo-ii-lord-of-destruction-2001-pc-gamerip"",""khinsider_album_title"":""Diablo II - Lord of Destruction (diablo-ii-lord-of-destruction-2001-pc-gamerip)"",""khinsider_album_kind"":""official_or_gamerip"",""khinsider_album_match_score"":100.0,""relevance_score_100"":100.0,""popularity_score_100"":60.89246175491729,""score_100"":84.35698470196692,""popularity_basis"":""BeatHit master-list game rank plus track position proxy""}"
11,Halls,Unknown credited artist,[],Diablo II Expansion Set: Lord of Destruction Soundtrack Audio CD (diablo-ii-expansion-set-lord-of-destruction-soundtrack-audio-cd-2001),,,"[""video game soundtrack""]","[""und""]",,,,Diablo II,,,khinsider_track_prominence_proxy,60.89246175491729,score_0_100,,,,84.35698470196692,,,,https://downloads.khinsider.com/game-soundtracks/album/diablo-ii-expansion-set-lord-of-destruction-soundtrack-audio-cd-2001,2026-10-05,Track title is taken from KHInsider's soundtrack/gamerip album index. Popularity is an explicitly labelled proxy based on BeatHit game rank and track prominence.,"{""culture_category"":""video_game_music"",""video_game"":""Diablo II"",""game_rank"":167,""game_association_kind"":""khinsider_game_soundtrack"",""khinsider_album_url"":""https://downloads.khinsider.com/game-soundtracks/album/diablo-ii-expansion-set-lord-of-destruction-soundtrack-audio-cd-2001"",""khinsider_album_title"":""Diablo II Expansion Set: Lord of Destruction Soundtrack Audio CD (diablo-ii-expansion-set-lord-of-destruction-soundtrack-audio-cd-2001)"",""khinsider_album_kind"":""official_or_gamerip"",""khinsider_album_match_score"":100.0,""relevance_score_100"":100.0,""popularity_score_100"":60.89246175491729,""score_100"":84.35698470196692,""popularity_basis"":""BeatHit master-list game rank plus track position proxy""}"
12,Rogue,Unknown credited artist,[],Diablo II Soundtrack (diablo-ii-soundtrack-2000),,,"[""video game soundtrack""]","[""und""]",,,,Diablo II,,,khinsider_track_prominence_proxy,60.89246175491729,score_0_100,,,,84.35698470196692,,,,https://downloads.khinsider.com/game-soundtracks/album/diablo-ii-soundtrack-2000,2026-10-05,Track title is taken from KHInsider's soundtrack/gamerip album index. Popularity is an explicitly labelled proxy based on BeatHit game rank and track prominence.,"{""culture_category"":""video_game_music"",""video_game"":""Diablo II"",""game_rank"":167,""game_association_kind"":""khinsider_game_soundtrack"",""khinsider_album_url"":""https://downloads.khinsider.com/game-soundtracks/album/diablo-ii-soundtrack-2000"",""khinsider_album_title"":""Diablo II Soundtrack (diablo-ii-soundtrack-2000)"",""khinsider_album_kind"":""official_or_gamerip"",""khinsider_album_match_score"":100.0,""relevance_score_100"":100.0,""popularity_score_100"":60.89246175491729,""score_100"":84.35698470196692,""popularity_basis"":""BeatHit master-list game rank plus track position proxy""}"
13,Track 3,Unknown credited artist,[],Diablo (diablo-1997-pc-gamerip),,,"[""video game soundtrack""]","[""und""]",,,,Diablo II,,,khinsider_track_prominence_proxy,60.682461754917284,score_0_100,,,,84.27298470196692,,,,https://downloads.khinsider.com/game-soundtracks/album/diablo-1997-pc-gamerip,2026-10-05,Track title is taken from KHInsider's soundtrack/gamerip album index. Popularity is an explicitly labelled proxy based on BeatHit game rank and track prominence.,"{""culture_category"":""video_game_music"",""video_game"":""Diablo II"",""game_rank"":167,""game_association_kind"":""khinsider_game_soundtrack"",""khinsider_album_url"":""https://downloads.khinsider.com/game-soundtracks/album/diablo-1997-pc-gamerip"",""khinsider_album_title"":""Diablo (diablo-1997-pc-gamerip)"",""khinsider_album_kind"":""official_or_gamerip"",""khinsider_album_match_score"":100.0,""relevance_score_100"":100.0,""popularity_score_100"":60.682461754917284,""score_100"":84.27298470196692,""popularity_basis"":""BeatHit master-list game rank plus track position proxy""}"
14,Caves,Unknown credited artist,[],Diablo II (diablo-ii-2000-pc-gamerip),,,"[""video game soundtrack""]","[""und""]",,,,Diablo II,,,khinsider_track_prominence_proxy,60.682461754917284,score_0_100,,,,84.27298470196692,,,,https://downloads.khinsider.com/game-soundtracks/album/diablo-ii-2000-pc-gamerip,2026-10-05,Track title is taken from KHInsider's soundtrack/gamerip album index. Popularity is an explicitly labelled proxy based on BeatHit game rank and track prominence.,"{""culture_category"":""video_game_music"",""video_game"":""Diablo II"",""game_rank"":167,""game_association_kind"":""khinsider_game_soundtrack"",""khinsider_album_url"":""https://downloads.khinsider.com/game-soundtracks/album/diablo-ii-2000-pc-gamerip"",""khinsider_album_title"":""Diablo II (diablo-ii-2000-pc-gamerip)"",""khinsider_album_kind"":""official_or_gamerip"",""khinsider_album_match_score"":100.0,""relevance_score_100"":100.0,""popularity_score_100"":60.682461754917284,""score_100"":84.27298470196692,""popularity_basis"":""BeatHit master-list game rank plus track position proxy""}"
15,Act 1 - Crypt,Unknown credited artist,[],Diablo II + Lord Of Destruction (diablo-ii-original-soundtrack),,,"[""video game soundtrack""]","[""und""]",,,,Diablo II,,,khinsider_track_prominence_proxy,60.682461754917284,score_0_100,,,,84.27298470196692,,,,https://downloads.khinsider.com/game-soundtracks/album/diablo-ii-original-soundtrack,2026-10-05,Track title is taken from KHInsider's soundtrack/gamerip album index. Popularity is an explicitly labelled proxy based on BeatHit game rank and track prominence.,"{""culture_category"":""video_game_music"",""video_game"":""Diablo II"",""game_rank"":167,""game_association_kind"":""khinsider_game_soundtrack"",""khinsider_album_url"":""https://downloads.khinsider.com/game-soundtracks/album/diablo-ii-original-soundtrack"",""khinsider_album_title"":""Diablo II + Lord Of Destruction (diablo-ii-original-soundtrack)"",""khinsider_album_kind"":""official_or_gamerip"",""khinsider_album_match_score"":100.0,""relevance_score_100"":100.0,""popularity_score_100"":60.682461754917284,""score_100"":84.27298470196692,""popularity_basis"":""BeatHit master-list game rank plus track position proxy""}"
16,Diablo Action,Unknown credited artist,[],Diablo II - Lord of Destruction (diablo-ii-lord-of-destruction-2001-pc-gamerip),,,"[""video game soundtrack""]","[""und""]",,,,Diablo II,,,khinsider_track_prominence_proxy,60.682461754917284,score_0_100,,,,84.27298470196692,,,,https://downloads.khinsider.com/game-soundtracks/album/diablo-ii-lord-of-destruction-2001-pc-gamerip,2026-10-05,Track title is taken from KHInsider's soundtrack/gamerip album index. Popularity is an explicitly labelled proxy based on BeatHit game rank and track prominence.,"{""culture_category"":""video_game_music"",""video_game"":""Diablo II"",""game_rank"":167,""game_association_kind"":""khinsider_game_soundtrack"",""khinsider_album_url"":""https://downloads.khinsider.com/game-soundtracks/album/diablo-ii-lord-of-destruction-2001-pc-gamerip"",""khinsider_album_title"":""Diablo II - Lord of Destruction (diablo-ii-lord-of-destruction-2001-pc-gamerip)"",""khinsider_album_kind"":""official_or_gamerip"",""khinsider_album_match_score"":100.0,""relevance_score_100"":100.0,""popularity_score_100"":60.682461754917284,""score_100"":84.27298470196692,""popularity_basis"":""BeatHit master-list game rank plus track position proxy""}"
17,The Ancients,Unknown credited artist,[],Diablo II Expansion Set: Lord of Destruction Soundtrack Audio CD (diablo-ii-expansion-set-lord-of-destruction-soundtrack-audio-cd-2001),,,"[""video game soundtrack""]","[""und""]",,,,Diablo II,,,khinsider_track_prominence_proxy,60.682461754917284,score_0_100,,,,84.27298470196692,,,,https://downloads.khinsider.com/game-soundtracks/album/diablo-ii-expansion-set-lord-of-destruction-soundtrack-audio-cd-2001,2026-10-05,Track title is taken from KHInsider's soundtrack/gamerip album index. Popularity is an explicitly labelled proxy based on BeatHit game rank and track prominence.,"{""culture_category"":""video_game_music"",""video_game"":""Diablo II"",""game_rank"":167,""game_association_kind"":""khinsider_game_soundtrack"",""khinsider_album_url"":""https://downloads.khinsider.com/game-soundtracks/album/diablo-ii-expansion-set-lord-of-destruction-soundtrack-audio-cd-2001"",""khinsider_album_title"":""Diablo II Expansion Set: Lord of Destruction Soundtrack Audio CD (diablo-ii-expansion-set-lord-of-destruction-soundtrack-audio-cd-2001)"",""khinsider_album_kind"":""official_or_gamerip"",""khinsider_album_match_score"":100.0,""relevance_score_100"":100.0,""popularity_score_100"":60.682461754917284,""score_100"":84.27298470196692,""popularity_basis"":""BeatHit master-list game rank plus track position proxy""}"
18,Sisters,Unknown credited artist,[],Diablo II Soundtrack (diablo-ii-soundtrack-2000),,,"[""video game soundtrack""]","[""und""]",,,,Diablo II,,,khinsider_track_prominence_proxy,60.682461754917284,score_0_100,,,,84.27298470196692,,,,https://downloads.khinsider.com/game-soundtracks/album/diablo-ii-soundtrack-2000,2026-10-05,Track title is taken from KHInsider's soundtrack/gamerip album index. Popularity is an explicitly labelled proxy based on BeatHit game rank and track prominence.,"{""culture_category"":""video_game_music"",""video_game"":""Diablo II"",""game_rank"":167,""game_association_kind"":""khinsider_game_soundtrack"",""khinsider_album_url"":""https://downloads.khinsider.com/game-soundtracks/album/diablo-ii-soundtrack-2000"",""khinsider_album_title"":""Diablo II Soundtrack (diablo-ii-soundtrack-2000)"",""khinsider_album_kind"":""official_or_gamerip"",""khinsider_album_match_score"":100.0,""relevance_score_100"":100.0,""popularity_score_100"":60.682461754917284,""score_100"":84.27298470196692,""popularity_basis"":""BeatHit master-list game rank plus track position proxy""}"
19,Track 4,Unknown credited artist,[],Diablo (diablo-1997-pc-gamerip),,,"[""video game soundtrack""]","[""und""]",,,,Diablo II,,,khinsider_track_prominence_proxy,60.47246175491729,score_0_100,,,,84.18898470196692,,,,https://downloads.khinsider.com/game-soundtracks/album/diablo-1997-pc-gamerip,2026-10-05,Track title is taken from KHInsider's soundtrack/gamerip album index. Popularity is an explicitly labelled proxy based on BeatHit game rank and track prominence.,"{""culture_category"":""video_game_music"",""video_game"":""Diablo II"",""game_rank"":167,""game_association_kind"":""khinsider_game_soundtrack"",""khinsider_album_url"":""https://downloads.khinsider.com/game-soundtracks/album/diablo-1997-pc-gamerip"",""khinsider_album_title"":""Diablo (diablo-1997-pc-gamerip)"",""khinsider_album_kind"":""official_or_gamerip"",""khinsider_album_match_score"":100.0,""relevance_score_100"":100.0,""popularity_score_100"":60.47246175491729,""score_100"":84.18898470196692,""popularity_basis"":""BeatHit master-list game rank plus track position proxy""}"
20,Crypt,Unknown credited artist,[],Diablo II (diablo-ii-2000-pc-gamerip),,,"[""video game soundtrack""]","[""und""]",,,,Diablo II,,,khinsider_track_prominence_proxy,60.47246175491729,score_0_100,,,,84.18898470196692,,,,https://downloads.khinsider.com/game-soundtracks/album/diablo-ii-2000-pc-gamerip,2026-10-05,Track title is taken from KHInsider's soundtrack/gamerip album index. Popularity is an explicitly labelled proxy based on BeatHit game rank and track prominence.,"{""culture_category"":""video_game_music"",""video_game"":""Diablo II"",""game_rank"":167,""game_association_kind"":""khinsider_game_soundtrack"",""khinsider_album_url"":""https://downloads.khinsider.com/game-soundtracks/album/diablo-ii-2000-pc-gamerip"",""khinsider_album_title"":""Diablo II (diablo-ii-2000-pc-gamerip)"",""khinsider_album_kind"":""official_or_gamerip"",""khinsider_album_match_score"":100.0,""relevance_score_100"":100.0,""popularity_score_100"":60.47246175491729,""score_100"":84.18898470196692,""popularity_basis"":""BeatHit master-list game rank plus track position proxy""}"
21,Act 1 - Monastery,Unknown credited artist,[],Diablo II + Lord Of Destruction (diablo-ii-original-soundtrack),,,"[""video game soundtrack""]","[""und""]",,,,Diablo II,,,khinsider_track_prominence_proxy,60.47246175491729,score_0_100,,,,84.18898470196692,,,,https://downloads.khinsider.com/game-soundtracks/album/diablo-ii-original-soundtrack,2026-10-05,Track title is taken from KHInsider's soundtrack/gamerip album index. Popularity is an explicitly labelled proxy based on BeatHit game rank and track prominence.,"{""culture_category"":""video_game_music"",""video_game"":""Diablo II"",""game_rank"":167,""game_association_kind"":""khinsider_game_soundtrack"",""khinsider_album_url"":""https://downloads.khinsider.com/game-soundtracks/album/diablo-ii-original-soundtrack"",""khinsider_album_title"":""Diablo II + Lord Of Destruction (diablo-ii-original-soundtrack)"",""khinsider_album_kind"":""official_or_gamerip"",""khinsider_album_match_score"":100.0,""relevance_score_100"":100.0,""popularity_score_100"":60.47246175491729,""score_100"":84.18898470196692,""popularity_basis"":""BeatHit master-list game rank plus track position proxy""}"
22,Ice Caves,Unknown credited artist,[],Diablo II - Lord of Destruction (diablo-ii-lord-of-destruction-2001-pc-gamerip),,,"[""video game soundtrack""]","[""und""]",,,,Diablo II,,,khinsider_track_prominence_proxy,60.47246175491729,score_0_100,,,,84.18898470196692,,,,https://downloads.khinsider.com/game-soundtracks/album/diablo-ii-lord-of-destruction-2001-pc-gamerip,2026-10-05,Track title is taken from KHInsider's soundtrack/gamerip album index. Popularity is an explicitly labelled proxy based on BeatHit game rank and track prominence.,"{""culture_category"":""video_game_music"",""video_game"":""Diablo II"",""game_rank"":167,""game_association_kind"":""khinsider_game_soundtrack"",""khinsider_album_url"":""https://downloads.khinsider.com/game-soundtracks/album/diablo-ii-lord-of-destruction-2001-pc-gamerip"",""khinsider_album_title"":""Diablo II - Lord of Destruction (diablo-ii-lord-of-destruction-2001-pc-gamerip)"",""khinsider_album_kind"":""official_or_gamerip"",""khinsider_album_match_score"":100.0,""relevance_score_100"":100.0,""popularity_score_100"":60.47246175491729,""score_100"":84.18898470196692,""popularity_basis"":""BeatHit master-list game rank plus track position proxy""}"
23,Track 5,Unknown credited artist,[],Diablo (diablo-1997-pc-gamerip),,,"[""video game soundtrack""]","[""und""]",,,,Diablo II,,,khinsider_track_prominence_proxy,60.26246175491729,score_0_100,,,,84.10498470196691,,,,https://downloads.khinsider.com/game-soundtracks/album/diablo-1997-pc-gamerip,2026-10-05,Track title is taken from KHInsider's soundtrack/gamerip album index. Popularity is an explicitly labelled proxy based on BeatHit game rank and track prominence.,"{""culture_category"":""video_game_music"",""video_game"":""Diablo II"",""game_rank"":167,""game_association_kind"":""khinsider_game_soundtrack"",""khinsider_album_url"":""https://downloads.khinsider.com/game-soundtracks/album/diablo-1997-pc-gamerip"",""khinsider_album_title"":""Diablo (diablo-1997-pc-gamerip)"",""khinsider_album_kind"":""official_or_gamerip"",""khinsider_album_match_score"":100.0,""relevance_score_100"":100.0,""popularity_score_100"":60.26246175491729,""score_100"":84.10498470196691,""popularity_basis"":""BeatHit master-list game rank plus track position proxy""}"
24,Den Of Evil Action,Unknown credited artist,[],Diablo II (diablo-ii-2000-pc-gamerip),,,"[""video game soundtrack""]","[""und""]",,,,Diablo II,,,khinsider_track_prominence_proxy,60.26246175491729,score_0_100,,,,84.10498470196691,,,,https://downloads.khinsider.com/game-soundtracks/album/diablo-ii-2000-pc-gamerip,2026-10-05,Track title is taken from KHInsider's soundtrack/gamerip album index. Popularity is an explicitly labelled proxy based on BeatHit game rank and track prominence.,"{""culture_category"":""video_game_music"",""video_game"":""Diablo II"",""game_rank"":167,""game_association_kind"":""khinsider_game_soundtrack"",""khinsider_album_url"":""https://downloads.khinsider.com/game-soundtracks/album/diablo-ii-2000-pc-gamerip"",""khinsider_album_title"":""Diablo II (diablo-ii-2000-pc-gamerip)"",""khinsider_album_kind"":""official_or_gamerip"",""khinsider_album_match_score"":100.0,""relevance_score_100"":100.0,""popularity_score_100"":60.26246175491729,""score_100"":84.10498470196691,""popularity_basis"":""BeatHit master-list game rank plus track position proxy""}"
25,Act 1 - Town1,Unknown credited artist,[],Diablo II + Lord Of Destruction (diablo-ii-original-soundtrack),,,"[""video game soundtrack""]","[""und""]",,,,Diablo II,,,khinsider_track_prominence_proxy,60.26246175491729,score_0_100,,,,84.10498470196691,,,,https://downloads.khinsider.com/game-soundtracks/album/diablo-ii-original-soundtrack,2026-10-05,Track title is taken from KHInsider's soundtrack/gamerip album index. Popularity is an explicitly labelled proxy based on BeatHit game rank and track prominence.,"{""culture_category"":""video_game_music"",""video_game"":""Diablo II"",""game_rank"":167,""game_association_kind"":""khinsider_game_soundtrack"",""khinsider_album_url"":""https://downloads.khinsider.com/game-soundtracks/album/diablo-ii-original-soundtrack"",""khinsider_album_title"":""Diablo II + Lord Of Destruction (diablo-ii-original-soundtrack)"",""khinsider_album_kind"":""official_or_gamerip"",""khinsider_album_match_score"":100.0,""relevance_score_100"":100.0,""popularity_score_100"":60.26246175491729,""score_100"":84.10498470196691,""popularity_basis"":""BeatHit master-list game rank plus track position proxy""}"
26,Intro Edit,Unknown credited artist,[],Diablo II - Lord of Destruction (diablo-ii-lord-of-destruction-2001-pc-gamerip),,,"[""video game soundtrack""]","[""und""]",,,,Diablo II,,,khinsider_track_prominence_proxy,60.26246175491729,score_0_100,,,,84.10498470196691,,,,https://downloads.khinsider.com/game-soundtracks/album/diablo-ii-lord-of-destruction-2001-pc-gamerip,2026-10-05,Track title is taken from KHInsider's soundtrack/gamerip album index. Popularity is an explicitly labelled proxy based on BeatHit game rank and track prominence.,"{""culture_category"":""video_game_music"",""video_game"":""Diablo II"",""game_rank"":167,""game_association_kind"":""khinsider_game_soundtrack"",""khinsider_album_url"":""https://downloads.khinsider.com/game-soundtracks/album/diablo-ii-lord-of-destruction-2001-pc-gamerip"",""khinsider_album_title"":""Diablo II - Lord of Destruction (diablo-ii-lord-of-destruction-2001-pc-gamerip)"",""khinsider_album_kind"":""official_or_gamerip"",""khinsider_album_match_score"":100.0,""relevance_score_100"":100.0,""popularity_score_100"":60.26246175491729,""score_100"":84.10498470196691,""popularity_basis"":""BeatHit master-list game rank plus track position proxy""}"
27,Ice,Unknown credited artist,[],Diablo II Expansion Set: Lord of Destruction Soundtrack Audio CD (diablo-ii-expansion-set-lord-of-destruction-soundtrack-audio-cd-2001),,,"[""video game soundtrack""]","[""und""]",,,,Diablo II,,,khinsider_track_prominence_proxy,60.26246175491729,score_0_100,,,,84.10498470196691,,,,https://downloads.khinsider.com/game-soundtracks/album/diablo-ii-expansion-set-lord-of-destruction-soundtrack-audio-cd-2001,2026-10-05,Track title is taken from KHInsider's soundtrack/gamerip album index. Popularity is an explicitly labelled proxy based on BeatHit game rank and track prominence.,"{""culture_category"":""video_game_music"",""video_game"":""Diablo II"",""game_rank"":167,""game_association_kind"":""khinsider_game_soundtrack"",""khinsider_album_url"":""https://downloads.khinsider.com/game-soundtracks/album/diablo-ii-expansion-set-lord-of-destruction-soundtrack-audio-cd-2001"",""khinsider_album_title"":""Diablo II Expansion Set: Lord of Destruction Soundtrack Audio CD (diablo-ii-expansion-set-lord-of-destruction-soundtrack-audio-cd-2001)"",""khinsider_album_kind"":""official_or_gamerip"",""khinsider_album_match_score"":100.0,""relevance_score_100"":100.0,""popularity_score_100"":60.26246175491729,""score_100"":84.10498470196691,""popularity_basis"":""BeatHit master-list game rank plus track position proxy""}"
28,Track 6,Unknown credited artist,[],Diablo (diablo-1997-pc-gamerip),,,"[""video game soundtrack""]","[""und""]",,,,Diablo II,,,khinsider_track_prominence_proxy,60.05246175491729,score_0_100,,,,84.02098470196691,,,,https://downloads.khinsider.com/game-soundtracks/album/diablo-1997-pc-gamerip,2026-10-05,Track title is taken from KHInsider's soundtrack/gamerip album index. Popularity is an explicitly labelled proxy based on BeatHit game rank and track prominence.,"{""culture_category"":""video_game_music"",""video_game"":""Diablo II"",""game_rank"":167,""game_association_kind"":""khinsider_game_soundtrack"",""khinsider_album_url"":""https://downloads.khinsider.com/game-soundtracks/album/diablo-1997-pc-gamerip"",""khinsider_album_title"":""Diablo (diablo-1997-pc-gamerip)"",""khinsider_album_kind"":""official_or_gamerip"",""khinsider_album_match_score"":100.0,""relevance_score_100"":100.0,""popularity_score_100"":60.05246175491729,""score_100"":84.02098470196691,""popularity_basis"":""BeatHit master-list game rank plus track position proxy""}"
29,Desert,Unknown credited artist,[],Diablo II (diablo-ii-2000-pc-gamerip),,,"[""video game soundtrack""]","[""und""]",,,,Diablo II,,,khinsider_track_prominence_proxy,60.05246175491729,score_0_100,,,,84.02098470196691,,,,https://downloads.khinsider.com/game-soundtracks/album/diablo-ii-2000-pc-gamerip,2026-10-05,Track title is taken from KHInsider's soundtrack/gamerip album index. Popularity is an explicitly labelled proxy based on BeatHit game rank and track prominence.,"{""culture_category"":""video_game_music"",""video_game"":""Diablo II"",""game_rank"":167,""game_association_kind"":""khinsider_game_soundtrack"",""khinsider_album_url"":""https://downloads.khinsider.com/game-soundtracks/album/diablo-ii-2000-pc-gamerip"",""khinsider_album_title"":""Diablo II (diablo-ii-2000-pc-gamerip)"",""khinsider_album_kind"":""official_or_gamerip"",""khinsider_album_match_score"":100.0,""relevance_score_100"":100.0,""popularity_score_100"":60.05246175491729,""score_100"":84.02098470196691,""popularity_basis"":""BeatHit master-list game rank plus track position proxy""}"
30,Act 1 - Tristram,Unknown credited artist,[],Diablo II + Lord Of Destruction (diablo-ii-original-soundtrack),,,"[""video game soundtrack""]","[""und""]",,,,Diablo II,,,khinsider_track_prominence_proxy,60.05246175491729,score_0_100,,,,84.02098470196691,,,,https://downloads.khinsider.com/game-soundtracks/album/diablo-ii-original-soundtrack,2026-10-05,Track title is taken from KHInsider's soundtrack/gamerip album index. Popularity is an explicitly labelled proxy based on BeatHit game rank and track prominence.,"{""culture_category"":""video_game_music"",""video_game"":""Diablo II"",""game_rank"":167,""game_association_kind"":""khinsider_game_soundtrack"",""khinsider_album_url"":""https://downloads.khinsider.com/game-soundtracks/album/diablo-ii-original-soundtrack"",""khinsider_album_title"":""Diablo II + Lord Of Destruction (diablo-ii-original-soundtrack)"",""khinsider_album_kind"":""official_or_gamerip"",""khinsider_album_match_score"":100.0,""relevance_score_100"":100.0,""popularity_score_100"":60.05246175491729,""score_100"":84.02098470196691,""popularity_basis"":""BeatHit master-list game rank plus track position proxy""}"
31,Nihlatha Kmusic,Unknown credited artist,[],Diablo II - Lord of Destruction (diablo-ii-lord-of-destruction-2001-pc-gamerip),,,"[""video game soundtrack""]","[""und""]",,,,Diablo II,,,khinsider_track_prominence_proxy,60.05246175491729,score_0_100,,,,84.02098470196691,,,,https://downloads.khinsider.com/game-soundtracks/album/diablo-ii-lord-of-destruction-2001-pc-gamerip,2026-10-05,Track title is taken from KHInsider's soundtrack/gamerip album index. Popularity is an explicitly labelled proxy based on BeatHit game rank and track prominence.,"{""culture_category"":""video_game_music"",""video_game"":""Diablo II"",""game_rank"":167,""game_association_kind"":""khinsider_game_soundtrack"",""khinsider_album_url"":""https://downloads.khinsider.com/game-soundtracks/album/diablo-ii-lord-of-destruction-2001-pc-gamerip"",""khinsider_album_title"":""Diablo II - Lord of Destruction (diablo-ii-lord-of-destruction-2001-pc-gamerip)"",""khinsider_album_kind"":""official_or_gamerip"",""khinsider_album_match_score"":100.0,""relevance_score_100"":100.0,""popularity_score_100"":60.05246175491729,""score_100"":84.02098470196691,""popularity_basis"":""BeatHit master-list game rank plus track position proxy""}"
32,Zakarum,Unknown credited artist,[],Diablo II Soundtrack (diablo-ii-soundtrack-2000),,,"[""video game soundtrack""]","[""und""]",,,,Diablo II,,,khinsider_track_prominence_proxy,60.05246175491729,score_0_100,,,,84.02098470196691,,,,https://downloads.khinsider.com/game-soundtracks/album/diablo-ii-soundtrack-2000,2026-10-05,Track title is taken from KHInsider's soundtrack/gamerip album index. Popularity is an explicitly labelled proxy based on BeatHit game rank and track prominence.,"{""culture_category"":""video_game_music"",""video_game"":""Diablo II"",""game_rank"":167,""game_association_kind"":""khinsider_game_soundtrack"",""khinsider_album_url"":""https://downloads.khinsider.com/game-soundtracks/album/diablo-ii-soundtrack-2000"",""khinsider_album_title"":""Diablo II Soundtrack (diablo-ii-soundtrack-2000)"",""khinsider_album_kind"":""official_or_gamerip"",""khinsider_album_match_score"":100.0,""relevance_score_100"":100.0,""popularity_score_100"":60.05246175491729,""score_100"":84.02098470196691,""popularity_basis"":""BeatHit master-list game rank plus track position proxy""}"
33,Hellfire 01,Unknown credited artist,[],Diablo (diablo-1997-pc-gamerip),,,"[""video game soundtrack""]","[""und""]",,,,Diablo II,,,khinsider_track_prominence_proxy,59.84246175491729,score_0_100,,,,83.93698470196692,,,,https://downloads.khinsider.com/game-soundtracks/album/diablo-1997-pc-gamerip,2026-10-05,Track title is taken from KHInsider's soundtrack/gamerip album index. Popularity is an explicitly labelled proxy based on BeatHit game rank and track prominence.,"{""culture_category"":""video_game_music"",""video_game"":""Diablo II"",""game_rank"":167,""game_association_kind"":""khinsider_game_soundtrack"",""khinsider_album_url"":""https://downloads.khinsider.com/game-soundtracks/album/diablo-1997-pc-gamerip"",""khinsider_album_title"":""Diablo (diablo-1997-pc-gamerip)"",""khinsider_album_kind"":""official_or_gamerip"",""khinsider_album_match_score"":100.0,""relevance_score_100"":100.0,""popularity_score_100"":59.84246175491729,""score_100"":83.93698470196692,""popularity_basis"":""BeatHit master-list game rank plus track position proxy""}"
34,Track 7,Unknown credited artist,[],Diablo (diablo-1998-psx-gamerip),,,"[""video game soundtrack""]","[""und""]",,,,Diablo II,,,khinsider_track_prominence_proxy,59.84246175491729,score_0_100,,,,83.93698470196692,,,,https://downloads.khinsider.com/game-soundtracks/album/diablo-1998-psx-gamerip,2026-10-05,Track title is taken from KHInsider's soundtrack/gamerip album index. Popularity is an explicitly labelled proxy based on BeatHit game rank and track prominence.,"{""culture_category"":""video_game_music"",""video_game"":""Diablo II"",""game_rank"":167,""game_association_kind"":""khinsider_game_soundtrack"",""khinsider_album_url"":""https://downloads.khinsider.com/game-soundtracks/album/diablo-1998-psx-gamerip"",""khinsider_album_title"":""Diablo (diablo-1998-psx-gamerip)"",""khinsider_album_kind"":""official_or_gamerip"",""khinsider_album_match_score"":100.0,""relevance_score_100"":100.0,""popularity_score_100"":59.84246175491729,""score_100"":83.93698470196692,""popularity_basis"":""BeatHit master-list game rank plus track position proxy""}"
35,Diablo,Unknown credited artist,[],Diablo II (diablo-ii-2000-pc-gamerip),,,"[""video game soundtrack""]","[""und""]",,,,Diablo II,,,khinsider_track_prominence_proxy,59.84246175491729,score_0_100,,,,83.93698470196692,,,,https://downloads.khinsider.com/game-soundtracks/album/diablo-ii-2000-pc-gamerip,2026-10-05,Track title is taken from KHInsider's soundtrack/gamerip album index. Popularity is an explicitly labelled proxy based on BeatHit game rank and track prominence.,"{""culture_category"":""video_game_music"",""video_game"":""Diablo II"",""game_rank"":167,""game_association_kind"":""khinsider_game_soundtrack"",""khinsider_album_url"":""https://downloads.khinsider.com/game-soundtracks/album/diablo-ii-2000-pc-gamerip"",""khinsider_album_title"":""Diablo II (diablo-ii-2000-pc-gamerip)"",""khinsider_album_kind"":""official_or_gamerip"",""khinsider_album_match_score"":100.0,""relevance_score_100"":100.0,""popularity_score_100"":59.84246175491729,""score_100"":83.93698470196692,""popularity_basis"":""BeatHit master-list game rank plus track position proxy""}"
36,Act 1 - Wild,Unknown credited artist,[],Diablo II + Lord Of Destruction (diablo-ii-original-soundtrack),,,"[""video game soundtrack""]","[""und""]",,,,Diablo II,,,khinsider_track_prominence_proxy,59.84246175491729,score_0_100,,,,83.93698470196692,,,,https://downloads.khinsider.com/game-soundtracks/album/diablo-ii-original-soundtrack,2026-10-05,Track title is taken from KHInsider's soundtrack/gamerip album index. Popularity is an explicitly labelled proxy based on BeatHit game rank and track prominence.,"{""culture_category"":""video_game_music"",""video_game"":""Diablo II"",""game_rank"":167,""game_association_kind"":""khinsider_game_soundtrack"",""khinsider_album_url"":""https://downloads.khinsider.com/game-soundtracks/album/diablo-ii-original-soundtrack"",""khinsider_album_title"":""Diablo II + Lord Of Destruction (diablo-ii-original-soundtrack)"",""khinsider_album_kind"":""official_or_gamerip"",""khinsider_album_match_score"":100.0,""relevance_score_100"":100.0,""popularity_score_100"":59.84246175491729,""score_100"":83.93698470196692,""popularity_basis"":""BeatHit master-list game rank plus track position proxy""}"
37,Shenk Music,Unknown credited artist,[],Diablo II - Lord of Destruction (diablo-ii-lord-of-destruction-2001-pc-gamerip),,,"[""video game soundtrack""]","[""und""]",,,,Diablo II,,,khinsider_track_prominence_proxy,59.84246175491729,score_0_100,,,,83.93698470196692,,,,https://downloads.khinsider.com/game-soundtracks/album/diablo-ii-lord-of-destruction-2001-pc-gamerip,2026-10-05,Track title is taken from KHInsider's soundtrack/gamerip album index. Popularity is an explicitly labelled proxy based on BeatHit game rank and track prominence.,"{""culture_category"":""video_game_music"",""video_game"":""Diablo II"",""game_rank"":167,""game_association_kind"":""khinsider_game_soundtrack"",""khinsider_album_url"":""https://downloads.khinsider.com/game-soundtracks/album/diablo-ii-lord-of-destruction-2001-pc-gamerip"",""khinsider_album_title"":""Diablo II - Lord of Destruction (diablo-ii-lord-of-destruction-2001-pc-gamerip)"",""khinsider_album_kind"":""official_or_gamerip"",""khinsider_album_match_score"":100.0,""relevance_score_100"":100.0,""popularity_score_100"":59.84246175491729,""score_100"":83.93698470196692,""popularity_basis"":""BeatHit master-list game rank plus track position proxy""}"
38,Hellfire 02,Unknown credited artist,[],Diablo (diablo-1997-pc-gamerip),,,"[""video game soundtrack""]","[""und""]",,,,Diablo II,,,khinsider_track_prominence_proxy,59.63246175491729,score_0_100,,,,83.85298470196692,,,,https://downloads.khinsider.com/game-soundtracks/album/diablo-1997-pc-gamerip,2026-10-05,Track title is taken from KHInsider's soundtrack/gamerip album index. Popularity is an explicitly labelled proxy based on BeatHit game rank and track prominence.,"{""culture_category"":""video_game_music"",""video_game"":""Diablo II"",""game_rank"":167,""game_association_kind"":""khinsider_game_soundtrack"",""khinsider_album_url"":""https://downloads.khinsider.com/game-soundtracks/album/diablo-1997-pc-gamerip"",""khinsider_album_title"":""Diablo (diablo-1997-pc-gamerip)"",""khinsider_album_kind"":""official_or_gamerip"",""khinsider_album_match_score"":100.0,""relevance_score_100"":100.0,""popularity_score_100"":59.63246175491729,""score_100"":83.85298470196692,""popularity_basis"":""BeatHit master-list game rank plus track position proxy""}"
39,Track 8,Unknown credited artist,[],Diablo (diablo-1998-psx-gamerip),,,"[""video game soundtrack""]","[""und""]",,,,Diablo II,,,khinsider_track_prominence_proxy,59.63246175491729,score_0_100,,,,83.85298470196692,,,,https://downloads.khinsider.com/game-soundtracks/album/diablo-1998-psx-gamerip,2026-10-05,Track title is taken from KHInsider's soundtrack/gamerip album index. Popularity is an explicitly labelled proxy based on BeatHit game rank and track prominence.,"{""culture_category"":""video_game_music"",""video_game"":""Diablo II"",""game_rank"":167,""game_association_kind"":""khinsider_game_soundtrack"",""khinsider_album_url"":""https://downloads.khinsider.com/game-soundtracks/album/diablo-1998-psx-gamerip"",""khinsider_album_title"":""Diablo (diablo-1998-psx-gamerip)"",""khinsider_album_kind"":""official_or_gamerip"",""khinsider_album_match_score"":100.0,""relevance_score_100"":100.0,""popularity_score_100"":59.63246175491729,""score_100"":83.85298470196692,""popularity_basis"":""BeatHit master-list game rank plus track position proxy""}"
40,Forge Action,Unknown credited artist,[],Diablo II (diablo-ii-2000-pc-gamerip),,,"[""video game soundtrack""]","[""und""]",,,,Diablo II,,,khinsider_track_prominence_proxy,59.63246175491729,score_0_100,,,,83.85298470196692,,,,https://downloads.khinsider.com/game-soundtracks/album/diablo-ii-2000-pc-gamerip,2026-10-05,Track title is taken from KHInsider's soundtrack/gamerip album index. Popularity is an explicitly labelled proxy based on BeatHit game rank and track prominence.,"{""culture_category"":""video_game_music"",""video_game"":""Diablo II"",""game_rank"":167,""game_association_kind"":""khinsider_game_soundtrack"",""khinsider_album_url"":""https://downloads.khinsider.com/game-soundtracks/album/diablo-ii-2000-pc-gamerip"",""khinsider_album_title"":""Diablo II (diablo-ii-2000-pc-gamerip)"",""khinsider_album_kind"":""official_or_gamerip"",""khinsider_album_match_score"":100.0,""relevance_score_100"":100.0,""popularity_score_100"":59.63246175491729,""score_100"":83.85298470196692,""popularity_basis"":""BeatHit master-list game rank plus track position proxy""}"
41,Act 2 - Desert,Unknown credited artist,[],Diablo II + Lord Of Destruction (diablo-ii-original-soundtrack),,,"[""video game soundtrack""]","[""und""]",,,,Diablo II,,,khinsider_track_prominence_proxy,59.63246175491729,score_0_100,,,,83.85298470196692,,,,https://downloads.khinsider.com/game-soundtracks/album/diablo-ii-original-soundtrack,2026-10-05,Track title is taken from KHInsider's soundtrack/gamerip album index. Popularity is an explicitly labelled proxy based on BeatHit game rank and track prominence.,"{""culture_category"":""video_game_music"",""video_game"":""Diablo II"",""game_rank"":167,""game_association_kind"":""khinsider_game_soundtrack"",""khinsider_album_url"":""https://downloads.khinsider.com/game-soundtracks/album/diablo-ii-original-soundtrack"",""khinsider_album_title"":""Diablo II + Lord Of Destruction (diablo-ii-original-soundtrack)"",""khinsider_album_kind"":""official_or_gamerip"",""khinsider_album_match_score"":100.0,""relevance_score_100"":100.0,""popularity_score_100"":59.63246175491729,""score_100"":83.85298470196692,""popularity_basis"":""BeatHit master-list game rank plus track position proxy""}"
42,Siege,Unknown credited artist,[],Diablo II - Lord of Destruction (diablo-ii-lord-of-destruction-2001-pc-gamerip),,,"[""video game soundtrack""]","[""und""]",,,,Diablo II,,,khinsider_track_prominence_proxy,59.63246175491729,score_0_100,,,,83.85298470196692,,,,https://downloads.khinsider.com/game-soundtracks/album/diablo-ii-lord-of-destruction-2001-pc-gamerip,2026-10-05,Track title is taken from KHInsider's soundtrack/gamerip album index. Popularity is an explicitly labelled proxy based on BeatHit game rank and track prominence.,"{""culture_category"":""video_game_music"",""video_game"":""Diablo II"",""game_rank"":167,""game_association_kind"":""khinsider_game_soundtrack"",""khinsider_album_url"":""https://downloads.khinsider.com/game-soundtracks/album/diablo-ii-lord-of-destruction-2001-pc-gamerip"",""khinsider_album_title"":""Diablo II - Lord of Destruction (diablo-ii-lord-of-destruction-2001-pc-gamerip)"",""khinsider_album_kind"":""official_or_gamerip"",""khinsider_album_match_score"":100.0,""relevance_score_100"":100.0,""popularity_score_100"":59.63246175491729,""score_100"":83.85298470196692,""popularity_basis"":""BeatHit master-list game rank plus track position proxy""}"
43,Toru,Unknown credited artist,[],Diablo II Soundtrack (diablo-ii-soundtrack-2000),,,"[""video game soundtrack""]","[""und""]",,,,Diablo II,,,khinsider_track_prominence_proxy,59.63246175491729,score_0_100,,,,83.85298470196692,,,,https://downloads.khinsider.com/game-soundtracks/album/diablo-ii-soundtrack-2000,2026-10-05,Track title is taken from KHInsider's soundtrack/gamerip album index. Popularity is an explicitly labelled proxy based on BeatHit game rank and track prominence.,"{""culture_category"":""video_game_music"",""video_game"":""Diablo II"",""game_rank"":167,""game_association_kind"":""khinsider_game_soundtrack"",""khinsider_album_url"":""https://downloads.khinsider.com/game-soundtracks/album/diablo-ii-soundtrack-2000"",""khinsider_album_title"":""Diablo II Soundtrack (diablo-ii-soundtrack-2000)"",""khinsider_album_kind"":""official_or_gamerip"",""khinsider_album_match_score"":100.0,""relevance_score_100"":100.0,""popularity_score_100"":59.63246175491729,""score_100"":83.85298470196692,""popularity_basis"":""BeatHit master-list game rank plus track position proxy""}"
44,Track 9,Unknown credited artist,[],Diablo (diablo-1998-psx-gamerip),,,"[""video game soundtrack""]","[""und""]",,,,Diablo II,,,khinsider_track_prominence_proxy,59.42246175491729,score_0_100,,,,83.76898470196691,,,,https://downloads.khinsider.com/game-soundtracks/album/diablo-1998-psx-gamerip,2026-10-05,Track title is taken from KHInsider's soundtrack/gamerip album index. Popularity is an explicitly labelled proxy based on BeatHit game rank and track prominence.,"{""culture_category"":""video_game_music"",""video_game"":""Diablo II"",""game_rank"":167,""game_association_kind"":""khinsider_game_soundtrack"",""khinsider_album_url"":""https://downloads.khinsider.com/game-soundtracks/album/diablo-1998-psx-gamerip"",""khinsider_album_title"":""Diablo (diablo-1998-psx-gamerip)"",""khinsider_album_kind"":""official_or_gamerip"",""khinsider_album_match_score"":100.0,""relevance_score_100"":100.0,""popularity_score_100"":59.42246175491729,""score_100"":83.76898470196691,""popularity_basis"":""BeatHit master-list game rank plus track position proxy""}"
45,Harem,Unknown credited artist,[],Diablo II (diablo-ii-2000-pc-gamerip),,,"[""video game soundtrack""]","[""und""]",,,,Diablo II,,,khinsider_track_prominence_proxy,59.42246175491729,score_0_100,,,,83.76898470196691,,,,https://downloads.khinsider.com/game-soundtracks/album/diablo-ii-2000-pc-gamerip,2026-10-05,Track title is taken from KHInsider's soundtrack/gamerip album index. Popularity is an explicitly labelled proxy based on BeatHit game rank and track prominence.,"{""culture_category"":""video_game_music"",""video_game"":""Diablo II"",""game_rank"":167,""game_association_kind"":""khinsider_game_soundtrack"",""khinsider_album_url"":""https://downloads.khinsider.com/game-soundtracks/album/diablo-ii-2000-pc-gamerip"",""khinsider_album_title"":""Diablo II (diablo-ii-2000-pc-gamerip)"",""khinsider_album_kind"":""official_or_gamerip"",""khinsider_album_match_score"":100.0,""relevance_score_100"":100.0,""popularity_score_100"":59.42246175491729,""score_100"":83.76898470196691,""popularity_basis"":""BeatHit master-list game rank plus track position proxy""}"
46,Act 2 - Harem,Unknown credited artist,[],Diablo II + Lord Of Destruction (diablo-ii-original-soundtrack),,,"[""video game soundtrack""]","[""und""]",,,,Diablo II,,,khinsider_track_prominence_proxy,59.42246175491729,score_0_100,,,,83.76898470196691,,,,https://downloads.khinsider.com/game-soundtracks/album/diablo-ii-original-soundtrack,2026-10-05,Track title is taken from KHInsider's soundtrack/gamerip album index. Popularity is an explicitly labelled proxy based on BeatHit game rank and track prominence.,"{""culture_category"":""video_game_music"",""video_game"":""Diablo II"",""game_rank"":167,""game_association_kind"":""khinsider_game_soundtrack"",""khinsider_album_url"":""https://downloads.khinsider.com/game-soundtracks/album/diablo-ii-original-soundtrack"",""khinsider_album_title"":""Diablo II + Lord Of Destruction (diablo-ii-original-soundtrack)"",""khinsider_album_kind"":""official_or_gamerip"",""khinsider_album_match_score"":100.0,""relevance_score_100"":100.0,""popularity_score_100"":59.42246175491729,""score_100"":83.76898470196691,""popularity_basis"":""BeatHit master-list game rank plus track position proxy""}"
47,Xtemple,Unknown credited artist,[],Diablo II - Lord of Destruction (diablo-ii-lord-of-destruction-2001-pc-gamerip),,,"[""video game soundtrack""]","[""und""]",,,,Diablo II,,,khinsider_track_prominence_proxy,59.42246175491729,score_0_100,,,,83.76898470196691,,,,https://downloads.khinsider.com/game-soundtracks/album/diablo-ii-lord-of-destruction-2001-pc-gamerip,2026-10-05,Track title is taken from KHInsider's soundtrack/gamerip album index. Popularity is an explicitly labelled proxy based on BeatHit game rank and track prominence.,"{""culture_category"":""video_game_music"",""video_game"":""Diablo II"",""game_rank"":167,""game_association_kind"":""khinsider_game_soundtrack"",""khinsider_album_url"":""https://downloads.khinsider.com/game-soundtracks/album/diablo-ii-lord-of-destruction-2001-pc-gamerip"",""khinsider_album_title"":""Diablo II - Lord of Destruction (diablo-ii-lord-of-destruction-2001-pc-gamerip)"",""khinsider_album_kind"":""official_or_gamerip"",""khinsider_album_match_score"":100.0,""relevance_score_100"":100.0,""popularity_score_100"":59.42246175491729,""score_100"":83.76898470196691,""popularity_basis"":""BeatHit master-list game rank plus track position proxy""}"
48,Track 10,Unknown credited artist,[],Diablo (diablo-1998-psx-gamerip),,,"[""video game soundtrack""]","[""und""]",,,,Diablo II,,,khinsider_track_prominence_proxy,59.212461754917285,score_0_100,,,,83.68498470196691,,,,https://downloads.khinsider.com/game-soundtracks/album/diablo-1998-psx-gamerip,2026-10-05,Track title is taken from KHInsider's soundtrack/gamerip album index. Popularity is an explicitly labelled proxy based on BeatHit game rank and track prominence.,"{""culture_category"":""video_game_music"",""video_game"":""Diablo II"",""game_rank"":167,""game_association_kind"":""khinsider_game_soundtrack"",""khinsider_album_url"":""https://downloads.khinsider.com/game-soundtracks/album/diablo-1998-psx-gamerip"",""khinsider_album_title"":""Diablo (diablo-1998-psx-gamerip)"",""khinsider_album_kind"":""official_or_gamerip"",""khinsider_album_match_score"":100.0,""relevance_score_100"":100.0,""popularity_score_100"":59.212461754917285,""score_100"":83.68498470196691,""popularity_basis"":""BeatHit master-list game rank plus track position proxy""}"
49,Horadric Action,Unknown credited artist,[],Diablo II (diablo-ii-2000-pc-gamerip),,,"[""video game soundtrack""]","[""und""]",,,,Diablo II,,,khinsider_track_prominence_proxy,59.212461754917285,score_0_100,,,,83.68498470196691,,,,https://downloads.khinsider.com/game-soundtracks/album/diablo-ii-2000-pc-gamerip,2026-10-05,Track title is taken from KHInsider's soundtrack/gamerip album index. Popularity is an explicitly labelled proxy based on BeatHit game rank and track prominence.,"{""culture_category"":""video_game_music"",""video_game"":""Diablo II"",""game_rank"":167,""game_association_kind"":""khinsider_game_soundtrack"",""khinsider_album_url"":""https://downloads.khinsider.com/game-soundtracks/album/diablo-ii-2000-pc-gamerip"",""khinsider_album_title"":""Diablo II (diablo-ii-2000-pc-gamerip)"",""khinsider_album_kind"":""official_or_gamerip"",""khinsider_album_match_score"":100.0,""relevance_score_100"":100.0,""popularity_score_100"":59.212461754917285,""score_100"":83.68498470196691,""popularity_basis"":""BeatHit master-list game rank plus track position proxy""}"
50,Act 2 - Lair,Unknown credited artist,[],Diablo II + Lord Of Destruction (diablo-ii-original-soundtrack),,,"[""video game soundtrack""]","[""und""]",,,,Diablo II,,,khinsider_track_prominence_proxy,59.212461754917285,score_0_100,,,,83.68498470196691,,,,https://downloads.khinsider.com/game-soundtracks/album/diablo-ii-original-soundtrack,2026-10-05,Track title is taken from KHInsider's soundtrack/gamerip album index. Popularity is an explicitly labelled proxy based on BeatHit game rank and track prominence.,"{""culture_category"":""video_game_music"",""video_game"":""Diablo II"",""game_rank"":167,""game_association_kind"":""khinsider_game_soundtrack"",""khinsider_album_url"":""https://downloads.khinsider.com/game-soundtracks/album/diablo-ii-original-soundtrack"",""khinsider_album_title"":""Diablo II + Lord Of Destruction (diablo-ii-original-soundtrack)"",""khinsider_album_kind"":""official_or_gamerip"",""khinsider_album_match_score"":100.0,""relevance_score_100"":100.0,""popularity_score_100"":59.212461754917285,""score_100"":83.68498470196691,""popularity_basis"":""BeatHit master-list game rank plus track position proxy""}"
51,Xtown,Unknown credited artist,[],Diablo II - Lord of Destruction (diablo-ii-lord-of-destruction-2001-pc-gamerip),,,"[""video game soundtrack""]","[""und""]",,,,Diablo II,,,khinsider_track_prominence_proxy,59.212461754917285,score_0_100,,,,83.68498470196691,,,,https://downloads.khinsider.com/game-soundtracks/album/diablo-ii-lord-of-destruction-2001-pc-gamerip,2026-10-05,Track title is taken from KHInsider's soundtrack/gamerip album index. Popularity is an explicitly labelled proxy based on BeatHit game rank and track prominence.,"{""culture_category"":""video_game_music"",""video_game"":""Diablo II"",""game_rank"":167,""game_association_kind"":""khinsider_game_soundtrack"",""khinsider_album_url"":""https://downloads.khinsider.com/game-soundtracks/album/diablo-ii-lord-of-destruction-2001-pc-gamerip"",""khinsider_album_title"":""Diablo II - Lord of Destruction (diablo-ii-lord-of-destruction-2001-pc-gamerip)"",""khinsider_album_kind"":""official_or_gamerip"",""khinsider_album_match_score"":100.0,""relevance_score_100"":100.0,""popularity_score_100"":59.212461754917285,""score_100"":83.68498470196691,""popularity_basis"":""BeatHit master-list game rank plus track position proxy""}"
52,Track 11,Unknown credited artist,[],Diablo (diablo-1998-psx-gamerip),,,"[""video game soundtrack""]","[""und""]",,,,Diablo II,,,khinsider_track_prominence_proxy,59.00246175491729,score_0_100,,,,83.60098470196692,,,,https://downloads.khinsider.com/game-soundtracks/album/diablo-1998-psx-gamerip,2026-10-05,Track title is taken from KHInsider's soundtrack/gamerip album index. Popularity is an explicitly labelled proxy based on BeatHit game rank and track prominence.,"{""culture_category"":""video_game_music"",""video_game"":""Diablo II"",""game_rank"":167,""game_association_kind"":""khinsider_game_soundtrack"",""khinsider_album_url"":""https://downloads.khinsider.com/game-soundtracks/album/diablo-1998-psx-gamerip"",""khinsider_album_title"":""Diablo (diablo-1998-psx-gamerip)"",""khinsider_album_kind"":""official_or_gamerip"",""khinsider_album_match_score"":100.0,""relevance_score_100"":100.0,""popularity_score_100"":59.00246175491729,""score_100"":83.60098470196692,""popularity_basis"":""BeatHit master-list game rank plus track position proxy""}"
53,Izual Action,Unknown credited artist,[],Diablo II (diablo-ii-2000-pc-gamerip),,,"[""video game soundtrack""]","[""und""]",,,,Diablo II,,,khinsider_track_prominence_proxy,59.00246175491729,score_0_100,,,,83.60098470196692,,,,https://downloads.khinsider.com/game-soundtracks/album/diablo-ii-2000-pc-gamerip,2026-10-05,Track title is taken from KHInsider's soundtrack/gamerip album index. Popularity is an explicitly labelled proxy based on BeatHit game rank and track prominence.,"{""culture_category"":""video_game_music"",""video_game"":""Diablo II"",""game_rank"":167,""game_association_kind"":""khinsider_game_soundtrack"",""khinsider_album_url"":""https://downloads.khinsider.com/game-soundtracks/album/diablo-ii-2000-pc-gamerip"",""khinsider_album_title"":""Diablo II (diablo-ii-2000-pc-gamerip)"",""khinsider_album_kind"":""official_or_gamerip"",""khinsider_album_match_score"":100.0,""relevance_score_100"":100.0,""popularity_score_100"":59.00246175491729,""score_100"":83.60098470196692,""popularity_basis"":""BeatHit master-list game rank plus track position proxy""}"
54,Act 2 - Sanctuary,Unknown credited artist,[],Diablo II + Lord Of Destruction (diablo-ii-original-soundtrack),,,"[""video game soundtrack""]","[""und""]",,,,Diablo II,,,khinsider_track_prominence_proxy,59.00246175491729,score_0_100,,,,83.60098470196692,,,,https://downloads.khinsider.com/game-soundtracks/album/diablo-ii-original-soundtrack,2026-10-05,Track title is taken from KHInsider's soundtrack/gamerip album index. Popularity is an explicitly labelled proxy based on BeatHit game rank and track prominence.,"{""culture_category"":""video_game_music"",""video_game"":""Diablo II"",""game_rank"":167,""game_association_kind"":""khinsider_game_soundtrack"",""khinsider_album_url"":""https://downloads.khinsider.com/game-soundtracks/album/diablo-ii-original-soundtrack"",""khinsider_album_title"":""Diablo II + Lord Of Destruction (diablo-ii-original-soundtrack)"",""khinsider_album_kind"":""official_or_gamerip"",""khinsider_album_match_score"":100.0,""relevance_score_100"":100.0,""popularity_score_100"":59.00246175491729,""score_100"":83.60098470196692,""popularity_basis"":""BeatHit master-list game rank plus track position proxy""}"
55,Movie - Blizzard,Unknown credited artist,[],Diablo (diablo-1998-psx-gamerip),,,"[""video game soundtrack""]","[""und""]",,,,Diablo II,,,khinsider_track_prominence_proxy,58.792461754917284,score_0_100,,,,83.51698470196692,,,,https://downloads.khinsider.com/game-soundtracks/album/diablo-1998-psx-gamerip,2026-10-05,Track title is taken from KHInsider's soundtrack/gamerip album index. Popularity is an explicitly labelled proxy based on BeatHit game rank and track prominence.,"{""culture_category"":""video_game_music"",""video_game"":""Diablo II"",""game_rank"":167,""game_association_kind"":""khinsider_game_soundtrack"",""khinsider_album_url"":""https://downloads.khinsider.com/game-soundtracks/album/diablo-1998-psx-gamerip"",""khinsider_album_title"":""Diablo (diablo-1998-psx-gamerip)"",""khinsider_album_kind"":""official_or_gamerip"",""khinsider_album_match_score"":100.0,""relevance_score_100"":100.0,""popularity_score_100"":58.792461754917284,""score_100"":83.51698470196692,""popularity_basis"":""BeatHit master-list game rank plus track position proxy""}"
56,Jungle,Unknown credited artist,[],Diablo II (diablo-ii-2000-pc-gamerip),,,"[""video game soundtrack""]","[""und""]",,,,Diablo II,,,khinsider_track_prominence_proxy,58.792461754917284,score_0_100,,,,83.51698470196692,,,,https://downloads.khinsider.com/game-soundtracks/album/diablo-ii-2000-pc-gamerip,2026-10-05,Track title is taken from KHInsider's soundtrack/gamerip album index. Popularity is an explicitly labelled proxy based on BeatHit game rank and track prominence.,"{""culture_category"":""video_game_music"",""video_game"":""Diablo II"",""game_rank"":167,""game_association_kind"":""khinsider_game_soundtrack"",""khinsider_album_url"":""https://downloads.khinsider.com/game-soundtracks/album/diablo-ii-2000-pc-gamerip"",""khinsider_album_title"":""Diablo II (diablo-ii-2000-pc-gamerip)"",""khinsider_album_kind"":""official_or_gamerip"",""khinsider_album_match_score"":100.0,""relevance_score_100"":100.0,""popularity_score_100"":58.792461754917284,""score_100"":83.51698470196692,""popularity_basis"":""BeatHit master-list game rank plus track position proxy""}"
57,Act 2 - Sewer,Unknown credited artist,[],Diablo II + Lord Of Destruction (diablo-ii-original-soundtrack),,,"[""video game soundtrack""]","[""und""]",,,,Diablo II,,,khinsider_track_prominence_proxy,58.792461754917284,score_0_100,,,,83.51698470196692,,,,https://downloads.khinsider.com/game-soundtracks/album/diablo-ii-original-soundtrack,2026-10-05,Track title is taken from KHInsider's soundtrack/gamerip album index. Popularity is an explicitly labelled proxy based on BeatHit game rank and track prominence.,"{""culture_category"":""video_game_music"",""video_game"":""Diablo II"",""game_rank"":167,""game_association_kind"":""khinsider_game_soundtrack"",""khinsider_album_url"":""https://downloads.khinsider.com/game-soundtracks/album/diablo-ii-original-soundtrack"",""khinsider_album_title"":""Diablo II + Lord Of Destruction (diablo-ii-original-soundtrack)"",""khinsider_album_kind"":""official_or_gamerip"",""khinsider_album_match_score"":100.0,""relevance_score_100"":100.0,""popularity_score_100"":58.792461754917284,""score_100"":83.51698470196692,""popularity_basis"":""BeatHit master-list game rank plus track position proxy""}"
58,Movie - Diablo,Unknown credited artist,[],Diablo (diablo-1998-psx-gamerip),,,"[""video game soundtrack""]","[""und""]",,,,Diablo II,,,khinsider_track_prominence_proxy,58.58246175491729,score_0_100,,,,83.43298470196692,,,,https://downloads.khinsider.com/game-soundtracks/album/diablo-1998-psx-gamerip,2026-10-05,Track title is taken from KHInsider's soundtrack/gamerip album index. Popularity is an explicitly labelled proxy based on BeatHit game rank and track prominence.,"{""culture_category"":""video_game_music"",""video_game"":""Diablo II"",""game_rank"":167,""game_association_kind"":""khinsider_game_soundtrack"",""khinsider_album_url"":""https://downloads.khinsider.com/game-soundtracks/album/diablo-1998-psx-gamerip"",""khinsider_album_title"":""Diablo (diablo-1998-psx-gamerip)"",""khinsider_album_kind"":""official_or_gamerip"",""khinsider_album_match_score"":100.0,""relevance_score_100"":100.0,""popularity_score_100"":58.58246175491729,""score_100"":83.43298470196692,""popularity_basis"":""BeatHit master-list game rank plus track position proxy""}"
59,Kurast,Unknown credited artist,[],Diablo II (diablo-ii-2000-pc-gamerip),,,"[""video game soundtrack""]","[""und""]",,,,Diablo II,,,khinsider_track_prominence_proxy,58.58246175491729,score_0_100,,,,83.43298470196692,,,,https://downloads.khinsider.com/game-soundtracks/album/diablo-ii-2000-pc-gamerip,2026-10-05,Track title is taken from KHInsider's soundtrack/gamerip album index. Popularity is an explicitly labelled proxy based on BeatHit game rank and track prominence.,"{""culture_category"":""video_game_music"",""video_game"":""Diablo II"",""game_rank"":167,""game_association_kind"":""khinsider_game_soundtrack"",""khinsider_album_url"":""https://downloads.khinsider.com/game-soundtracks/album/diablo-ii-2000-pc-gamerip"",""khinsider_album_title"":""Diablo II (diablo-ii-2000-pc-gamerip)"",""khinsider_album_kind"":""official_or_gamerip"",""khinsider_album_match_score"":100.0,""relevance_score_100"":100.0,""popularity_score_100"":58.58246175491729,""score_100"":83.43298470196692,""popularity_basis"":""BeatHit master-list game rank plus track position proxy""}"
60,Act 2 - Tombs,Unknown credited artist,[],Diablo II + Lord Of Destruction (diablo-ii-original-soundtrack),,,"[""video game soundtrack""]","[""und""]",,,,Diablo II,,,khinsider_track_prominence_proxy,58.58246175491729,score_0_100,,,,83.43298470196692,,,,https://downloads.khinsider.com/game-soundtracks/album/diablo-ii-original-soundtrack,2026-10-05,Track title is taken from KHInsider's soundtrack/gamerip album index. Popularity is an explicitly labelled proxy based on BeatHit game rank and track prominence.,"{""culture_category"":""video_game_music"",""video_game"":""Diablo II"",""game_rank"":167,""game_association_kind"":""khinsider_game_soundtrack"",""khinsider_album_url"":""https://downloads.khinsider.com/game-soundtracks/album/diablo-ii-original-soundtrack"",""khinsider_album_title"":""Diablo II + Lord Of Destruction (diablo-ii-original-soundtrack)"",""khinsider_album_kind"":""official_or_gamerip"",""khinsider_album_match_score"":100.0,""relevance_score_100"":100.0,""popularity_score_100"":58.58246175491729,""score_100"":83.43298470196692,""popularity_basis"":""BeatHit master-list game rank plus track position proxy""}"
61,Cave,Unknown credited artist,[],Diablo II Soundtrack (diablo-ii-soundtrack-2000),,,"[""video game soundtrack""]","[""und""]",,,,Diablo II,,,khinsider_track_prominence_proxy,58.58246175491729,score_0_100,,,,83.43298470196692,,,,https://downloads.khinsider.com/game-soundtracks/album/diablo-ii-soundtrack-2000,2026-10-05,Track title is taken from KHInsider's soundtrack/gamerip album index. Popularity is an explicitly labelled proxy based on BeatHit game rank and track prominence.,"{""culture_category"":""video_game_music"",""video_game"":""Diablo II"",""game_rank"":167,""game_association_kind"":""khinsider_game_soundtrack"",""khinsider_album_url"":""https://downloads.khinsider.com/game-soundtracks/album/diablo-ii-soundtrack-2000"",""khinsider_album_title"":""Diablo II Soundtrack (diablo-ii-soundtrack-2000)"",""khinsider_album_kind"":""official_or_gamerip"",""khinsider_album_match_score"":100.0,""relevance_score_100"":100.0,""popularity_score_100"":58.58246175491729,""score_100"":83.43298470196692,""popularity_basis"":""BeatHit master-list game rank plus track position proxy""}"
62,Movie - Eac Logo,Unknown credited artist,[],Diablo (diablo-1998-psx-gamerip),,,"[""video game soundtrack""]","[""und""]",,,,Diablo II,,,khinsider_track_prominence_proxy,58.37246175491729,score_0_100,,,,83.34898470196691,,,,https://downloads.khinsider.com/game-soundtracks/album/diablo-1998-psx-gamerip,2026-10-05,Track title is taken from KHInsider's soundtrack/gamerip album index. Popularity is an explicitly labelled proxy based on BeatHit game rank and track prominence.,"{""culture_category"":""video_game_music"",""video_game"":""Diablo II"",""game_rank"":167,""game_association_kind"":""khinsider_game_soundtrack"",""khinsider_album_url"":""https://downloads.khinsider.com/game-soundtracks/album/diablo-1998-psx-gamerip"",""khinsider_album_title"":""Diablo (diablo-1998-psx-gamerip)"",""khinsider_album_kind"":""official_or_gamerip"",""khinsider_album_match_score"":100.0,""relevance_score_100"":100.0,""popularity_score_100"":58.37246175491729,""score_100"":83.34898470196691,""popularity_basis"":""BeatHit master-list game rank plus track position proxy""}"
63,Kurast Sewer,Unknown credited artist,[],Diablo II (diablo-ii-2000-pc-gamerip),,,"[""video game soundtrack""]","[""und""]",,,,Diablo II,,,khinsider_track_prominence_proxy,58.37246175491729,score_0_100,,,,83.34898470196691,,,,https://downloads.khinsider.com/game-soundtracks/album/diablo-ii-2000-pc-gamerip,2026-10-05,Track title is taken from KHInsider's soundtrack/gamerip album index. Popularity is an explicitly labelled proxy based on BeatHit game rank and track prominence.,"{""culture_category"":""video_game_music"",""video_game"":""Diablo II"",""game_rank"":167,""game_association_kind"":""khinsider_game_soundtrack"",""khinsider_album_url"":""https://downloads.khinsider.com/game-soundtracks/album/diablo-ii-2000-pc-gamerip"",""khinsider_album_title"":""Diablo II (diablo-ii-2000-pc-gamerip)"",""khinsider_album_kind"":""official_or_gamerip"",""khinsider_album_match_score"":100.0,""relevance_score_100"":100.0,""popularity_score_100"":58.37246175491729,""score_100"":83.34898470196691,""popularity_basis"":""BeatHit master-list game rank plus track position proxy""}"
64,Act 2 - Town2,Unknown credited artist,[],Diablo II + Lord Of Destruction (diablo-ii-original-soundtrack),,,"[""video game soundtrack""]","[""und""]",,,,Diablo II,,,khinsider_track_prominence_proxy,58.37246175491729,score_0_100,,,,83.34898470196691,,,,https://downloads.khinsider.com/game-soundtracks/album/diablo-ii-original-soundtrack,2026-10-05,Track title is taken from KHInsider's soundtrack/gamerip album index. Popularity is an explicitly labelled proxy based on BeatHit game rank and track prominence.,"{""culture_category"":""video_game_music"",""video_game"":""Diablo II"",""game_rank"":167,""game_association_kind"":""khinsider_game_soundtrack"",""khinsider_album_url"":""https://downloads.khinsider.com/game-soundtracks/album/diablo-ii-original-soundtrack"",""khinsider_album_title"":""Diablo II + Lord Of Destruction (diablo-ii-original-soundtrack)"",""khinsider_album_kind"":""official_or_gamerip"",""khinsider_album_match_score"":100.0,""relevance_score_100"":100.0,""popularity_score_100"":58.37246175491729,""score_100"":83.34898470196691,""popularity_basis"":""BeatHit master-list game rank plus track position proxy""}"
65,Movie - End,Unknown credited artist,[],Diablo (diablo-1998-psx-gamerip),,,"[""video game soundtrack""]","[""und""]",,,,Diablo II,,,khinsider_track_prominence_proxy,58.16246175491729,score_0_100,,,,83.26498470196691,,,,https://downloads.khinsider.com/game-soundtracks/album/diablo-1998-psx-gamerip,2026-10-05,Track title is taken from KHInsider's soundtrack/gamerip album index. Popularity is an explicitly labelled proxy based on BeatHit game rank and track prominence.,"{""culture_category"":""video_game_music"",""video_game"":""Diablo II"",""game_rank"":167,""game_association_kind"":""khinsider_game_soundtrack"",""khinsider_album_url"":""https://downloads.khinsider.com/game-soundtracks/album/diablo-1998-psx-gamerip"",""khinsider_album_title"":""Diablo (diablo-1998-psx-gamerip)"",""khinsider_album_kind"":""official_or_gamerip"",""khinsider_album_match_score"":100.0,""relevance_score_100"":100.0,""popularity_score_100"":58.16246175491729,""score_100"":83.26498470196691,""popularity_basis"":""BeatHit master-list game rank plus track position proxy""}"
66,Lair,Unknown credited artist,[],Diablo II (diablo-ii-2000-pc-gamerip),,,"[""video game soundtrack""]","[""und""]",,,,Diablo II,,,khinsider_track_prominence_proxy,58.16246175491729,score_0_100,,,,83.26498470196691,,,,https://downloads.khinsider.com/game-soundtracks/album/diablo-ii-2000-pc-gamerip,2026-10-05,Track title is taken from KHInsider's soundtrack/gamerip album index. Popularity is an explicitly labelled proxy based on BeatHit game rank and track prominence.,"{""culture_category"":""video_game_music"",""video_game"":""Diablo II"",""game_rank"":167,""game_association_kind"":""khinsider_game_soundtrack"",""khinsider_album_url"":""https://downloads.khinsider.com/game-soundtracks/album/diablo-ii-2000-pc-gamerip"",""khinsider_album_title"":""Diablo II (diablo-ii-2000-pc-gamerip)"",""khinsider_album_kind"":""official_or_gamerip"",""khinsider_album_match_score"":100.0,""relevance_score_100"":100.0,""popularity_score_100"":58.16246175491729,""score_100"":83.26498470196691,""popularity_basis"":""BeatHit master-list game rank plus track position proxy""}"
67,Act 3 - Jungle,Unknown credited artist,[],Diablo II + Lord Of Destruction (diablo-ii-original-soundtrack),,,"[""video game soundtrack""]","[""und""]",,,,Diablo II,,,khinsider_track_prominence_proxy,58.16246175491729,score_0_100,,,,83.26498470196691,,,,https://downloads.khinsider.com/game-soundtracks/album/diablo-ii-original-soundtrack,2026-10-05,Track title is taken from KHInsider's soundtrack/gamerip album index. Popularity is an explicitly labelled proxy based on BeatHit game rank and track prominence.,"{""culture_category"":""video_game_music"",""video_game"":""Diablo II"",""game_rank"":167,""game_association_kind"":""khinsider_game_soundtrack"",""khinsider_album_url"":""https://downloads.khinsider.com/game-soundtracks/album/diablo-ii-original-soundtrack"",""khinsider_album_title"":""Diablo II + Lord Of Destruction (diablo-ii-original-soundtrack)"",""khinsider_album_kind"":""official_or_gamerip"",""khinsider_album_match_score"":100.0,""relevance_score_100"":100.0,""popularity_score_100"":58.16246175491729,""score_100"":83.26498470196691,""popularity_basis"":""BeatHit master-list game rank plus track position proxy""}"
68,Leoric,Unknown credited artist,[],Diablo II Soundtrack (diablo-ii-soundtrack-2000),,,"[""video game soundtrack""]","[""und""]",,,,Diablo II,,,khinsider_track_prominence_proxy,58.16246175491729,score_0_100,,,,83.26498470196691,,,,https://downloads.khinsider.com/game-soundtracks/album/diablo-ii-soundtrack-2000,2026-10-05,Track title is taken from KHInsider's soundtrack/gamerip album index. Popularity is an explicitly labelled proxy based on BeatHit game rank and track prominence.,"{""culture_category"":""video_game_music"",""video_game"":""Diablo II"",""game_rank"":167,""game_association_kind"":""khinsider_game_soundtrack"",""khinsider_album_url"":""https://downloads.khinsider.com/game-soundtracks/album/diablo-ii-soundtrack-2000"",""khinsider_album_title"":""Diablo II Soundtrack (diablo-ii-soundtrack-2000)"",""khinsider_album_kind"":""official_or_gamerip"",""khinsider_album_match_score"":100.0,""relevance_score_100"":100.0,""popularity_score_100"":58.16246175491729,""score_100"":83.26498470196691,""popularity_basis"":""BeatHit master-list game rank plus track position proxy""}"
69,Movie - Fprst3,Unknown credited artist,[],Diablo (diablo-1998-psx-gamerip),,,"[""video game soundtrack""]","[""und""]",,,,Diablo II,,,khinsider_track_prominence_proxy,57.95246175491729,score_0_100,,,,83.18098470196692,,,,https://downloads.khinsider.com/game-soundtracks/album/diablo-1998-psx-gamerip,2026-10-05,Track title is taken from KHInsider's soundtrack/gamerip album index. Popularity is an explicitly labelled proxy based on BeatHit game rank and track prominence.,"{""culture_category"":""video_game_music"",""video_game"":""Diablo II"",""game_rank"":167,""game_association_kind"":""khinsider_game_soundtrack"",""khinsider_album_url"":""https://downloads.khinsider.com/game-soundtracks/album/diablo-1998-psx-gamerip"",""khinsider_album_title"":""Diablo (diablo-1998-psx-gamerip)"",""khinsider_album_kind"":""official_or_gamerip"",""khinsider_album_match_score"":100.0,""relevance_score_100"":100.0,""popularity_score_100"":57.95246175491729,""score_100"":83.18098470196692,""popularity_basis"":""BeatHit master-list game rank plus track position proxy""}"
70,LOD 01,Unknown credited artist,[],Diablo II (diablo-ii-2000-pc-gamerip),,,"[""video game soundtrack""]","[""und""]",,,,Diablo II,,,khinsider_track_prominence_proxy,57.95246175491729,score_0_100,,,,83.18098470196692,,,,https://downloads.khinsider.com/game-soundtracks/album/diablo-ii-2000-pc-gamerip,2026-10-05,Track title is taken from KHInsider's soundtrack/gamerip album index. Popularity is an explicitly labelled proxy based on BeatHit game rank and track prominence.,"{""culture_category"":""video_game_music"",""video_game"":""Diablo II"",""game_rank"":167,""game_association_kind"":""khinsider_game_soundtrack"",""khinsider_album_url"":""https://downloads.khinsider.com/game-soundtracks/album/diablo-ii-2000-pc-gamerip"",""khinsider_album_title"":""Diablo II (diablo-ii-2000-pc-gamerip)"",""khinsider_album_kind"":""official_or_gamerip"",""khinsider_album_match_score"":100.0,""relevance_score_100"":100.0,""popularity_score_100"":57.95246175491729,""score_100"":83.18098470196692,""popularity_basis"":""BeatHit master-list game rank plus track position proxy""}"
71,Act 3 - Kurast,Unknown credited artist,[],Diablo II + Lord Of Destruction (diablo-ii-original-soundtrack),,,"[""video game soundtrack""]","[""und""]",,,,Diablo II,,,khinsider_track_prominence_proxy,57.95246175491729,score_0_100,,,,83.18098470196692,,,,https://downloads.khinsider.com/game-soundtracks/album/diablo-ii-original-soundtrack,2026-10-05,Track title is taken from KHInsider's soundtrack/gamerip album index. Popularity is an explicitly labelled proxy based on BeatHit game rank and track prominence.,"{""culture_category"":""video_game_music"",""video_game"":""Diablo II"",""game_rank"":167,""game_association_kind"":""khinsider_game_soundtrack"",""khinsider_album_url"":""https://downloads.khinsider.com/game-soundtracks/album/diablo-ii-original-soundtrack"",""khinsider_album_title"":""Diablo II + Lord Of Destruction (diablo-ii-original-soundtrack)"",""khinsider_album_kind"":""official_or_gamerip"",""khinsider_album_match_score"":100.0,""relevance_score_100"":100.0,""popularity_score_100"":57.95246175491729,""score_100"":83.18098470196692,""popularity_basis"":""BeatHit master-list game rank plus track position proxy""}"
72,Coda,Unknown credited artist,[],Diablo II Soundtrack (diablo-ii-soundtrack-2000),,,"[""video game soundtrack""]","[""und""]",,,,Diablo II,,,khinsider_track_prominence_proxy,57.95246175491729,score_0_100,,,,83.18098470196692,,,,https://downloads.khinsider.com/game-soundtracks/album/diablo-ii-soundtrack-2000,2026-10-05,Track title is taken from KHInsider's soundtrack/gamerip album index. Popularity is an explicitly labelled proxy based on BeatHit game rank and track prominence.,"{""culture_category"":""video_game_music"",""video_game"":""Diablo II"",""game_rank"":167,""game_association_kind"":""khinsider_game_soundtrack"",""khinsider_album_url"":""https://downloads.khinsider.com/game-soundtracks/album/diablo-ii-soundtrack-2000"",""khinsider_album_title"":""Diablo II Soundtrack (diablo-ii-soundtrack-2000)"",""khinsider_album_kind"":""official_or_gamerip"",""khinsider_album_match_score"":100.0,""relevance_score_100"":100.0,""popularity_score_100"":57.95246175491729,""score_100"":83.18098470196692,""popularity_basis"":""BeatHit master-list game rank plus track position proxy""}"
73,Movie - Vic 1,Unknown credited artist,[],Diablo (diablo-1998-psx-gamerip),,,"[""video game soundtrack""]","[""und""]",,,,Diablo II,,,khinsider_track_prominence_proxy,57.74246175491729,score_0_100,,,,83.09698470196692,,,,https://downloads.khinsider.com/game-soundtracks/album/diablo-1998-psx-gamerip,2026-10-05,Track title is taken from KHInsider's soundtrack/gamerip album index. Popularity is an explicitly labelled proxy based on BeatHit game rank and track prominence.,"{""culture_category"":""video_game_music"",""video_game"":""Diablo II"",""game_rank"":167,""game_association_kind"":""khinsider_game_soundtrack"",""khinsider_album_url"":""https://downloads.khinsider.com/game-soundtracks/album/diablo-1998-psx-gamerip"",""khinsider_album_title"":""Diablo (diablo-1998-psx-gamerip)"",""khinsider_album_kind"":""official_or_gamerip"",""khinsider_album_match_score"":100.0,""relevance_score_100"":100.0,""popularity_score_100"":57.74246175491729,""score_100"":83.09698470196692,""popularity_basis"":""BeatHit master-list game rank plus track position proxy""}"
74,LOD 02,Unknown credited artist,[],Diablo II (diablo-ii-2000-pc-gamerip),,,"[""video game soundtrack""]","[""und""]",,,,Diablo II,,,khinsider_track_prominence_proxy,57.74246175491729,score_0_100,,,,83.09698470196692,,,,https://downloads.khinsider.com/game-soundtracks/album/diablo-ii-2000-pc-gamerip,2026-10-05,Track title is taken from KHInsider's soundtrack/gamerip album index. Popularity is an explicitly labelled proxy based on BeatHit game rank and track prominence.,"{""culture_category"":""video_game_music"",""video_game"":""Diablo II"",""game_rank"":167,""game_association_kind"":""khinsider_game_soundtrack"",""khinsider_album_url"":""https://downloads.khinsider.com/game-soundtracks/album/diablo-ii-2000-pc-gamerip"",""khinsider_album_title"":""Diablo II (diablo-ii-2000-pc-gamerip)"",""khinsider_album_kind"":""official_or_gamerip"",""khinsider_album_match_score"":100.0,""relevance_score_100"":100.0,""popularity_score_100"":57.74246175491729,""score_100"":83.09698470196692,""popularity_basis"":""BeatHit master-list game rank plus track position proxy""}"
75,Act 3 - Kurastsewer,Unknown credited artist,[],Diablo II + Lord Of Destruction (diablo-ii-original-soundtrack),,,"[""video game soundtrack""]","[""und""]",,,,Diablo II,,,khinsider_track_prominence_proxy,57.74246175491729,score_0_100,,,,83.09698470196692,,,,https://downloads.khinsider.com/game-soundtracks/album/diablo-ii-original-soundtrack,2026-10-05,Track title is taken from KHInsider's soundtrack/gamerip album index. Popularity is an explicitly labelled proxy based on BeatHit game rank and track prominence.,"{""culture_category"":""video_game_music"",""video_game"":""Diablo II"",""game_rank"":167,""game_association_kind"":""khinsider_game_soundtrack"",""khinsider_album_url"":""https://downloads.khinsider.com/game-soundtracks/album/diablo-ii-original-soundtrack"",""khinsider_album_title"":""Diablo II + Lord Of Destruction (diablo-ii-original-soundtrack)"",""khinsider_album_kind"":""official_or_gamerip"",""khinsider_album_match_score"":100.0,""relevance_score_100"":100.0,""popularity_score_100"":57.74246175491729,""score_100"":83.09698470196692,""popularity_basis"":""BeatHit master-list game rank plus track position proxy""}"
76,Roger and Me,Unknown credited artist,[],Diablo II Soundtrack (diablo-ii-soundtrack-2000),,,"[""video game soundtrack""]","[""und""]",,,,Diablo II,,,khinsider_track_prominence_proxy,57.74246175491729,score_0_100,,,,83.09698470196692,,,,https://downloads.khinsider.com/game-soundtracks/album/diablo-ii-soundtrack-2000,2026-10-05,Track title is taken from KHInsider's soundtrack/gamerip album index. Popularity is an explicitly labelled proxy based on BeatHit game rank and track prominence.,"{""culture_category"":""video_game_music"",""video_game"":""Diablo II"",""game_rank"":167,""game_association_kind"":""khinsider_game_soundtrack"",""khinsider_album_url"":""https://downloads.khinsider.com/game-soundtracks/album/diablo-ii-soundtrack-2000"",""khinsider_album_title"":""Diablo II Soundtrack (diablo-ii-soundtrack-2000)"",""khinsider_album_kind"":""official_or_gamerip"",""khinsider_album_match_score"":100.0,""relevance_score_100"":100.0,""popularity_score_100"":57.74246175491729,""score_100"":83.09698470196692,""popularity_basis"":""BeatHit master-list game rank plus track position proxy""}"
77,Movie - Vic 2,Unknown credited artist,[],Diablo (diablo-1998-psx-gamerip),,,"[""video game soundtrack""]","[""und""]",,,,Diablo II,,,khinsider_track_prominence_proxy,57.532461754917286,score_0_100,,,,83.01298470196691,,,,https://downloads.khinsider.com/game-soundtracks/album/diablo-1998-psx-gamerip,2026-10-05,Track title is taken from KHInsider's soundtrack/gamerip album index. Popularity is an explicitly labelled proxy based on BeatHit game rank and track prominence.,"{""culture_category"":""video_game_music"",""video_game"":""Diablo II"",""game_rank"":167,""game_association_kind"":""khinsider_game_soundtrack"",""khinsider_album_url"":""https://downloads.khinsider.com/game-soundtracks/album/diablo-1998-psx-gamerip"",""khinsider_album_title"":""Diablo (diablo-1998-psx-gamerip)"",""khinsider_album_kind"":""official_or_gamerip"",""khinsider_album_match_score"":100.0,""relevance_score_100"":100.0,""popularity_score_100"":57.532461754917286,""score_100"":83.01298470196691,""popularity_basis"":""BeatHit master-list game rank plus track position proxy""}"
78,LOD 03,Unknown credited artist,[],Diablo II (diablo-ii-2000-pc-gamerip),,,"[""video game soundtrack""]","[""und""]",,,,Diablo II,,,khinsider_track_prominence_proxy,57.532461754917286,score_0_100,,,,83.01298470196691,,,,https://downloads.khinsider.com/game-soundtracks/album/diablo-ii-2000-pc-gamerip,2026-10-05,Track title is taken from KHInsider's soundtrack/gamerip album index. Popularity is an explicitly labelled proxy based on BeatHit game rank and track prominence.,"{""culture_category"":""video_game_music"",""video_game"":""Diablo II"",""game_rank"":167,""game_association_kind"":""khinsider_game_soundtrack"",""khinsider_album_url"":""https://downloads.khinsider.com/game-soundtracks/album/diablo-ii-2000-pc-gamerip"",""khinsider_album_title"":""Diablo II (diablo-ii-2000-pc-gamerip)"",""khinsider_album_kind"":""official_or_gamerip"",""khinsider_album_match_score"":100.0,""relevance_score_100"":100.0,""popularity_score_100"":57.532461754917286,""score_100"":83.01298470196691,""popularity_basis"":""BeatHit master-list game rank plus track position proxy""}"
79,Act 3 - Spider,Unknown credited artist,[],Diablo II + Lord Of Destruction (diablo-ii-original-soundtrack),,,"[""video game soundtrack""]","[""und""]",,,,Diablo II,,,khinsider_track_prominence_proxy,57.532461754917286,score_0_100,,,,83.01298470196691,,,,https://downloads.khinsider.com/game-soundtracks/album/diablo-ii-original-soundtrack,2026-10-05,Track title is taken from KHInsider's soundtrack/gamerip album index. Popularity is an explicitly labelled proxy based on BeatHit game rank and track prominence.,"{""culture_category"":""video_game_music"",""video_game"":""Diablo II"",""game_rank"":167,""game_association_kind"":""khinsider_game_soundtrack"",""khinsider_album_url"":""https://downloads.khinsider.com/game-soundtracks/album/diablo-ii-original-soundtrack"",""khinsider_album_title"":""Diablo II + Lord Of Destruction (diablo-ii-original-soundtrack)"",""khinsider_album_kind"":""official_or_gamerip"",""khinsider_album_match_score"":100.0,""relevance_score_100"":100.0,""popularity_score_100"":57.532461754917286,""score_100"":83.01298470196691,""popularity_basis"":""BeatHit master-list game rank plus track position proxy""}"
80,LOD 04,Unknown credited artist,[],Diablo II (diablo-ii-2000-pc-gamerip),,,"[""video game soundtrack""]","[""und""]",,,,Diablo II,,,khinsider_track_prominence_proxy,57.32246175491729,score_0_100,,,,82.92898470196693,,,,https://downloads.khinsider.com/game-soundtracks/album/diablo-ii-2000-pc-gamerip,2026-10-05,Track title is taken from KHInsider's soundtrack/gamerip album index. Popularity is an explicitly labelled proxy based on BeatHit game rank and track prominence.,"{""culture_category"":""video_game_music"",""video_game"":""Diablo II"",""game_rank"":167,""game_association_kind"":""khinsider_game_soundtrack"",""khinsider_album_url"":""https://downloads.khinsider.com/game-soundtracks/album/diablo-ii-2000-pc-gamerip"",""khinsider_album_title"":""Diablo II (diablo-ii-2000-pc-gamerip)"",""khinsider_album_kind"":""official_or_gamerip"",""khinsider_album_match_score"":100.0,""relevance_score_100"":100.0,""popularity_score_100"":57.32246175491729,""score_100"":82.92898470196693,""popularity_basis"":""BeatHit master-list game rank plus track position proxy""}"
81,Act 3 - Town3,Unknown credited artist,[],Diablo II + Lord Of Destruction (diablo-ii-original-soundtrack),,,"[""video game soundtrack""]","[""und""]",,,,Diablo II,,,khinsider_track_prominence_proxy,57.32246175491729,score_0_100,,,,82.92898470196693,,,,https://downloads.khinsider.com/game-soundtracks/album/diablo-ii-original-soundtrack,2026-10-05,Track title is taken from KHInsider's soundtrack/gamerip album index. Popularity is an explicitly labelled proxy based on BeatHit game rank and track prominence.,"{""culture_category"":""video_game_music"",""video_game"":""Diablo II"",""game_rank"":167,""game_association_kind"":""khinsider_game_soundtrack"",""khinsider_album_url"":""https://downloads.khinsider.com/game-soundtracks/album/diablo-ii-original-soundtrack"",""khinsider_album_title"":""Diablo II + Lord Of Destruction (diablo-ii-original-soundtrack)"",""khinsider_album_kind"":""official_or_gamerip"",""khinsider_album_match_score"":100.0,""relevance_score_100"":100.0,""popularity_score_100"":57.32246175491729,""score_100"":82.92898470196693,""popularity_basis"":""BeatHit master-list game rank plus track position proxy""}"
82,LOD 05,Unknown credited artist,[],Diablo II (diablo-ii-2000-pc-gamerip),,,"[""video game soundtrack""]","[""und""]",,,,Diablo II,,,khinsider_track_prominence_proxy,57.11246175491729,score_0_100,,,,82.84498470196692,,,,https://downloads.khinsider.com/game-soundtracks/album/diablo-ii-2000-pc-gamerip,2026-10-05,Track title is taken from KHInsider's soundtrack/gamerip album index. Popularity is an explicitly labelled proxy based on BeatHit game rank and track prominence.,"{""culture_category"":""video_game_music"",""video_game"":""Diablo II"",""game_rank"":167,""game_association_kind"":""khinsider_game_soundtrack"",""khinsider_album_url"":""https://downloads.khinsider.com/game-soundtracks/album/diablo-ii-2000-pc-gamerip"",""khinsider_album_title"":""Diablo II (diablo-ii-2000-pc-gamerip)"",""khinsider_album_kind"":""official_or_gamerip"",""khinsider_album_match_score"":100.0,""relevance_score_100"":100.0,""popularity_score_100"":57.11246175491729,""score_100"":82.84498470196692,""popularity_basis"":""BeatHit master-list game rank plus track position proxy""}"
83,Act 4 - Diablo,Unknown credited artist,[],Diablo II + Lord Of Destruction (diablo-ii-original-soundtrack),,,"[""video game soundtrack""]","[""und""]",,,,Diablo II,,,khinsider_track_prominence_proxy,57.11246175491729,score_0_100,,,,82.84498470196692,,,,https://downloads.khinsider.com/game-soundtracks/album/diablo-ii-original-soundtrack,2026-10-05,Track title is taken from KHInsider's soundtrack/gamerip album index. Popularity is an explicitly labelled proxy based on BeatHit game rank and track prominence.,"{""culture_category"":""video_game_music"",""video_game"":""Diablo II"",""game_rank"":167,""game_association_kind"":""khinsider_game_soundtrack"",""khinsider_album_url"":""https://downloads.khinsider.com/game-soundtracks/album/diablo-ii-original-soundtrack"",""khinsider_album_title"":""Diablo II + Lord Of Destruction (diablo-ii-original-soundtrack)"",""khinsider_album_kind"":""official_or_gamerip"",""khinsider_album_match_score"":100.0,""relevance_score_100"":100.0,""popularity_score_100"":57.11246175491729,""score_100"":82.84498470196692,""popularity_basis"":""BeatHit master-list game rank plus track position proxy""}"
84,LOD 06,Unknown credited artist,[],Diablo II (diablo-ii-2000-pc-gamerip),,,"[""video game soundtrack""]","[""und""]",,,,Diablo II,,,khinsider_track_prominence_proxy,56.90246175491729,score_0_100,,,,82.76098470196692,,,,https://downloads.khinsider.com/game-soundtracks/album/diablo-ii-2000-pc-gamerip,2026-10-05,Track title is taken from KHInsider's soundtrack/gamerip album index. Popularity is an explicitly labelled proxy based on BeatHit game rank and track prominence.,"{""culture_category"":""video_game_music"",""video_game"":""Diablo II"",""game_rank"":167,""game_association_kind"":""khinsider_game_soundtrack"",""khinsider_album_url"":""https://downloads.khinsider.com/game-soundtracks/album/diablo-ii-2000-pc-gamerip"",""khinsider_album_title"":""Diablo II (diablo-ii-2000-pc-gamerip)"",""khinsider_album_kind"":""official_or_gamerip"",""khinsider_album_match_score"":100.0,""relevance_score_100"":100.0,""popularity_score_100"":56.90246175491729,""score_100"":82.76098470196692,""popularity_basis"":""BeatHit master-list game rank plus track position proxy""}"
85,Act 4 - Mesa,Unknown credited artist,[],Diablo II + Lord Of Destruction (diablo-ii-original-soundtrack),,,"[""video game soundtrack""]","[""und""]",,,,Diablo II,,,khinsider_track_prominence_proxy,56.90246175491729,score_0_100,,,,82.76098470196692,,,,https://downloads.khinsider.com/game-soundtracks/album/diablo-ii-original-soundtrack,2026-10-05,Track title is taken from KHInsider's soundtrack/gamerip album index. Popularity is an explicitly labelled proxy based on BeatHit game rank and track prominence.,"{""culture_category"":""video_game_music"",""video_game"":""Diablo II"",""game_rank"":167,""game_association_kind"":""khinsider_game_soundtrack"",""khinsider_album_url"":""https://downloads.khinsider.com/game-soundtracks/album/diablo-ii-original-soundtrack"",""khinsider_album_title"":""Diablo II + Lord Of Destruction (diablo-ii-original-soundtrack)"",""khinsider_album_kind"":""official_or_gamerip"",""khinsider_album_match_score"":100.0,""relevance_score_100"":100.0,""popularity_score_100"":56.90246175491729,""score_100"":82.76098470196692,""popularity_basis"":""BeatHit master-list game rank plus track position proxy""}"
86,LOD 07,Unknown credited artist,[],Diablo II (diablo-ii-2000-pc-gamerip),,,"[""video game soundtrack""]","[""und""]",,,,Diablo II,,,khinsider_track_prominence_proxy,56.69246175491729,score_0_100,,,,82.67698470196692,,,,https://downloads.khinsider.com/game-soundtracks/album/diablo-ii-2000-pc-gamerip,2026-10-05,Track title is taken from KHInsider's soundtrack/gamerip album index. Popularity is an explicitly labelled proxy based on BeatHit game rank and track prominence.,"{""culture_category"":""video_game_music"",""video_game"":""Diablo II"",""game_rank"":167,""game_association_kind"":""khinsider_game_soundtrack"",""khinsider_album_url"":""https://downloads.khinsider.com/game-soundtracks/album/diablo-ii-2000-pc-gamerip"",""khinsider_album_title"":""Diablo II (diablo-ii-2000-pc-gamerip)"",""khinsider_album_kind"":""official_or_gamerip"",""khinsider_album_match_score"":100.0,""relevance_score_100"":100.0,""popularity_score_100"":56.69246175491729,""score_100"":82.67698470196692,""popularity_basis"":""BeatHit master-list game rank plus track position proxy""}"
87,Act 4 - Town4,Unknown credited artist,[],Diablo II + Lord Of Destruction (diablo-ii-original-soundtrack),,,"[""video game soundtrack""]","[""und""]",,,,Diablo II,,,khinsider_track_prominence_proxy,56.69246175491729,score_0_100,,,,82.67698470196692,,,,https://downloads.khinsider.com/game-soundtracks/album/diablo-ii-original-soundtrack,2026-10-05,Track title is taken from KHInsider's soundtrack/gamerip album index. Popularity is an explicitly labelled proxy based on BeatHit game rank and track prominence.,"{""culture_category"":""video_game_music"",""video_game"":""Diablo II"",""game_rank"":167,""game_association_kind"":""khinsider_game_soundtrack"",""khinsider_album_url"":""https://downloads.khinsider.com/game-soundtracks/album/diablo-ii-original-soundtrack"",""khinsider_album_title"":""Diablo II + Lord Of Destruction (diablo-ii-original-soundtrack)"",""khinsider_album_kind"":""official_or_gamerip"",""khinsider_album_match_score"":100.0,""relevance_score_100"":100.0,""popularity_score_100"":56.69246175491729,""score_100"":82.67698470196692,""popularity_basis"":""BeatHit master-list game rank plus track position proxy""}"
88,diablo 2 - intro,Unknown credited artist,[],Diablo II - Lord of Destruction (Cinematics) (diablo-2-lord-of-destruction-cinematics),,,"[""video game soundtrack""]","[""und""]",,,,Diablo II,,,khinsider_track_prominence_proxy,61.102461754917286,score_0_100,,,,82.64098470196691,,,,https://downloads.khinsider.com/game-soundtracks/album/diablo-2-lord-of-destruction-cinematics,2026-10-05,Track title is taken from KHInsider's soundtrack/gamerip album index. Popularity is an explicitly labelled proxy based on BeatHit game rank and track prominence.,"{""culture_category"":""video_game_music"",""video_game"":""Diablo II"",""game_rank"":167,""game_association_kind"":""khinsider_game_soundtrack"",""khinsider_album_url"":""https://downloads.khinsider.com/game-soundtracks/album/diablo-2-lord-of-destruction-cinematics"",""khinsider_album_title"":""Diablo II - Lord of Destruction (Cinematics) (diablo-2-lord-of-destruction-cinematics)"",""khinsider_album_kind"":""unclassified_game_album"",""khinsider_album_match_score"":100.0,""relevance_score_100"":97.0,""popularity_score_100"":61.102461754917286,""score_100"":82.64098470196691,""popularity_basis"":""BeatHit master-list game rank plus track position proxy""}"
89,Title Theme,Unknown credited artist,[],Flare Bring diablo II back (flare-bring-diablo-ii-back-android),,,"[""video game soundtrack""]","[""und""]",,,,Diablo II,,,khinsider_track_prominence_proxy,61.102461754917286,score_0_100,,,,82.64098470196691,,,,https://downloads.khinsider.com/game-soundtracks/album/flare-bring-diablo-ii-back-android,2026-10-05,Track title is taken from KHInsider's soundtrack/gamerip album index. Popularity is an explicitly labelled proxy based on BeatHit game rank and track prominence.,"{""culture_category"":""video_game_music"",""video_game"":""Diablo II"",""game_rank"":167,""game_association_kind"":""khinsider_game_soundtrack"",""khinsider_album_url"":""https://downloads.khinsider.com/game-soundtracks/album/flare-bring-diablo-ii-back-android"",""khinsider_album_title"":""Flare Bring diablo II back (flare-bring-diablo-ii-back-android)"",""khinsider_album_kind"":""unclassified_game_album"",""khinsider_album_match_score"":100.0,""relevance_score_100"":97.0,""popularity_score_100"":61.102461754917286,""score_100"":82.64098470196691,""popularity_basis"":""BeatHit master-list game rank plus track position proxy""}"
90,LOD 08,Unknown credited artist,[],Diablo II (diablo-ii-2000-pc-gamerip),,,"[""video game soundtrack""]","[""und""]",,,,Diablo II,,,khinsider_track_prominence_proxy,56.48246175491729,score_0_100,,,,82.59298470196691,,,,https://downloads.khinsider.com/game-soundtracks/album/diablo-ii-2000-pc-gamerip,2026-10-05,Track title is taken from KHInsider's soundtrack/gamerip album index. Popularity is an explicitly labelled proxy based on BeatHit game rank and track prominence.,"{""culture_category"":""video_game_music"",""video_game"":""Diablo II"",""game_rank"":167,""game_association_kind"":""khinsider_game_soundtrack"",""khinsider_album_url"":""https://downloads.khinsider.com/game-soundtracks/album/diablo-ii-2000-pc-gamerip"",""khinsider_album_title"":""Diablo II (diablo-ii-2000-pc-gamerip)"",""khinsider_album_kind"":""official_or_gamerip"",""khinsider_album_match_score"":100.0,""relevance_score_100"":100.0,""popularity_score_100"":56.48246175491729,""score_100"":82.59298470196691,""popularity_basis"":""BeatHit master-list game rank plus track position proxy""}"
91,Act 5 - Baal,Unknown credited artist,[],Diablo II + Lord Of Destruction (diablo-ii-original-soundtrack),,,"[""video game soundtrack""]","[""und""]",,,,Diablo II,,,khinsider_track_prominence_proxy,56.48246175491729,score_0_100,,,,82.59298470196691,,,,https://downloads.khinsider.com/game-soundtracks/album/diablo-ii-original-soundtrack,2026-10-05,Track title is taken from KHInsider's soundtrack/gamerip album index. Popularity is an explicitly labelled proxy based on BeatHit game rank and track prominence.,"{""culture_category"":""video_game_music"",""video_game"":""Diablo II"",""game_rank"":167,""game_association_kind"":""khinsider_game_soundtrack"",""khinsider_album_url"":""https://downloads.khinsider.com/game-soundtracks/album/diablo-ii-original-soundtrack"",""khinsider_album_title"":""Diablo II + Lord Of Destruction (diablo-ii-original-soundtrack)"",""khinsider_album_kind"":""official_or_gamerip"",""khinsider_album_match_score"":100.0,""relevance_score_100"":100.0,""popularity_score_100"":56.48246175491729,""score_100"":82.59298470196691,""popularity_basis"":""BeatHit master-list game rank plus track position proxy""}"
92,diablo 2 - the story of diablo,Unknown credited artist,[],Diablo II - Lord of Destruction (Cinematics) (diablo-2-lord-of-destruction-cinematics),,,"[""video game soundtrack""]","[""und""]",,,,Diablo II,,,khinsider_track_prominence_proxy,60.89246175491729,score_0_100,,,,82.55698470196691,,,,https://downloads.khinsider.com/game-soundtracks/album/diablo-2-lord-of-destruction-cinematics,2026-10-05,Track title is taken from KHInsider's soundtrack/gamerip album index. Popularity is an explicitly labelled proxy based on BeatHit game rank and track prominence.,"{""culture_category"":""video_game_music"",""video_game"":""Diablo II"",""game_rank"":167,""game_association_kind"":""khinsider_game_soundtrack"",""khinsider_album_url"":""https://downloads.khinsider.com/game-soundtracks/album/diablo-2-lord-of-destruction-cinematics"",""khinsider_album_title"":""Diablo II - Lord of Destruction (Cinematics) (diablo-2-lord-of-destruction-cinematics)"",""khinsider_album_kind"":""unclassified_game_album"",""khinsider_album_match_score"":100.0,""relevance_score_100"":97.0,""popularity_score_100"":60.89246175491729,""score_100"":82.55698470196691,""popularity_basis"":""BeatHit master-list game rank plus track position proxy""}"
93,Town Theme,Unknown credited artist,[],Flare Bring diablo II back (flare-bring-diablo-ii-back-android),,,"[""video game soundtrack""]","[""und""]",,,,Diablo II,,,khinsider_track_prominence_proxy,60.89246175491729,score_0_100,,,,82.55698470196691,,,,https://downloads.khinsider.com/game-soundtracks/album/flare-bring-diablo-ii-back-android,2026-10-05,Track title is taken from KHInsider's soundtrack/gamerip album index. Popularity is an explicitly labelled proxy based on BeatHit game rank and track prominence.,"{""culture_category"":""video_game_music"",""video_game"":""Diablo II"",""game_rank"":167,""game_association_kind"":""khinsider_game_soundtrack"",""khinsider_album_url"":""https://downloads.khinsider.com/game-soundtracks/album/flare-bring-diablo-ii-back-android"",""khinsider_album_title"":""Flare Bring diablo II back (flare-bring-diablo-ii-back-android)"",""khinsider_album_kind"":""unclassified_game_album"",""khinsider_album_match_score"":100.0,""relevance_score_100"":97.0,""popularity_score_100"":60.89246175491729,""score_100"":82.55698470196691,""popularity_basis"":""BeatHit master-list game rank plus track position proxy""}"
94,LOD 09,Unknown credited artist,[],Diablo II (diablo-ii-2000-pc-gamerip),,,"[""video game soundtrack""]","[""und""]",,,,Diablo II,,,khinsider_track_prominence_proxy,56.27246175491729,score_0_100,,,,82.50898470196691,,,,https://downloads.khinsider.com/game-soundtracks/album/diablo-ii-2000-pc-gamerip,2026-10-05,Track title is taken from KHInsider's soundtrack/gamerip album index. Popularity is an explicitly labelled proxy based on BeatHit game rank and track prominence.,"{""culture_category"":""video_game_music"",""video_game"":""Diablo II"",""game_rank"":167,""game_association_kind"":""khinsider_game_soundtrack"",""khinsider_album_url"":""https://downloads.khinsider.com/game-soundtracks/album/diablo-ii-2000-pc-gamerip"",""khinsider_album_title"":""Diablo II (diablo-ii-2000-pc-gamerip)"",""khinsider_album_kind"":""official_or_gamerip"",""khinsider_album_match_score"":100.0,""relevance_score_100"":100.0,""popularity_score_100"":56.27246175491729,""score_100"":82.50898470196691,""popularity_basis"":""BeatHit master-list game rank plus track position proxy""}"
95,Act 5 - Icecaves,Unknown credited artist,[],Diablo II + Lord Of Destruction (diablo-ii-original-soundtrack),,,"[""video game soundtrack""]","[""und""]",,,,Diablo II,,,khinsider_track_prominence_proxy,56.27246175491729,score_0_100,,,,82.50898470196691,,,,https://downloads.khinsider.com/game-soundtracks/album/diablo-ii-original-soundtrack,2026-10-05,Track title is taken from KHInsider's soundtrack/gamerip album index. Popularity is an explicitly labelled proxy based on BeatHit game rank and track prominence.,"{""culture_category"":""video_game_music"",""video_game"":""Diablo II"",""game_rank"":167,""game_association_kind"":""khinsider_game_soundtrack"",""khinsider_album_url"":""https://downloads.khinsider.com/game-soundtracks/album/diablo-ii-original-soundtrack"",""khinsider_album_title"":""Diablo II + Lord Of Destruction (diablo-ii-original-soundtrack)"",""khinsider_album_kind"":""official_or_gamerip"",""khinsider_album_match_score"":100.0,""relevance_score_100"":100.0,""popularity_score_100"":56.27246175491729,""score_100"":82.50898470196691,""popularity_basis"":""BeatHit master-list game rank plus track position proxy""}"
96,diablo 2 - diablo 2 ending,Unknown credited artist,[],Diablo II - Lord of Destruction (Cinematics) (diablo-2-lord-of-destruction-cinematics),,,"[""video game soundtrack""]","[""und""]",,,,Diablo II,,,khinsider_track_prominence_proxy,60.682461754917284,score_0_100,,,,82.47298470196691,,,,https://downloads.khinsider.com/game-soundtracks/album/diablo-2-lord-of-destruction-cinematics,2026-10-05,Track title is taken from KHInsider's soundtrack/gamerip album index. Popularity is an explicitly labelled proxy based on BeatHit game rank and track prominence.,"{""culture_category"":""video_game_music"",""video_game"":""Diablo II"",""game_rank"":167,""game_association_kind"":""khinsider_game_soundtrack"",""khinsider_album_url"":""https://downloads.khinsider.com/game-soundtracks/album/diablo-2-lord-of-destruction-cinematics"",""khinsider_album_title"":""Diablo II - Lord of Destruction (Cinematics) (diablo-2-lord-of-destruction-cinematics)"",""khinsider_album_kind"":""unclassified_game_album"",""khinsider_album_match_score"":100.0,""relevance_score_100"":97.0,""popularity_score_100"":60.682461754917284,""score_100"":82.47298470196691,""popularity_basis"":""BeatHit master-list game rank plus track position proxy""}"
97,Ancients,Unknown credited artist,[],Diablo II: Lord Of Destruction (diablo-ii-lord-of-destruction-2001),,,"[""video game soundtrack""]","[""und""]",,,,Diablo II,,,khinsider_track_prominence_proxy,60.682461754917284,score_0_100,,,,82.47298470196691,,,,https://downloads.khinsider.com/game-soundtracks/album/diablo-ii-lord-of-destruction-2001,2026-10-05,Track title is taken from KHInsider's soundtrack/gamerip album index. Popularity is an explicitly labelled proxy based on BeatHit game rank and track prominence.,"{""culture_category"":""video_game_music"",""video_game"":""Diablo II"",""game_rank"":167,""game_association_kind"":""khinsider_game_soundtrack"",""khinsider_album_url"":""https://downloads.khinsider.com/game-soundtracks/album/diablo-ii-lord-of-destruction-2001"",""khinsider_album_title"":""Diablo II: Lord Of Destruction (diablo-ii-lord-of-destruction-2001)"",""khinsider_album_kind"":""unclassified_game_album"",""khinsider_album_match_score"":100.0,""relevance_score_100"":97.0,""popularity_score_100"":60.682461754917284,""score_100"":82.47298470196691,""popularity_basis"":""BeatHit master-list game rank plus track position proxy""}"
98,Overworld Theme,Unknown credited artist,[],Flare Bring diablo II back (flare-bring-diablo-ii-back-android),,,"[""video game soundtrack""]","[""und""]",,,,Diablo II,,,khinsider_track_prominence_proxy,60.682461754917284,score_0_100,,,,82.47298470196691,,,,https://downloads.khinsider.com/game-soundtracks/album/flare-bring-diablo-ii-back-android,2026-10-05,Track title is taken from KHInsider's soundtrack/gamerip album index. Popularity is an explicitly labelled proxy based on BeatHit game rank and track prominence.,"{""culture_category"":""video_game_music"",""video_game"":""Diablo II"",""game_rank"":167,""game_association_kind"":""khinsider_game_soundtrack"",""khinsider_album_url"":""https://downloads.khinsider.com/game-soundtracks/album/flare-bring-diablo-ii-back-android"",""khinsider_album_title"":""Flare Bring diablo II back (flare-bring-diablo-ii-back-android)"",""khinsider_album_kind"":""unclassified_game_album"",""khinsider_album_match_score"":100.0,""relevance_score_100"":97.0,""popularity_score_100"":60.682461754917284,""score_100"":82.47298470196691,""popularity_basis"":""BeatHit master-list game rank plus track position proxy""}"
99,LOD 10,Unknown credited artist,[],Diablo II (diablo-ii-2000-pc-gamerip),,,"[""video game soundtrack""]","[""und""]",,,,Diablo II,,,khinsider_track_prominence_proxy,56.062461754917294,score_0_100,,,,82.42498470196692,,,,https://downloads.khinsider.com/game-soundtracks/album/diablo-ii-2000-pc-gamerip,2026-10-05,Track title is taken from KHInsider's soundtrack/gamerip album index. Popularity is an explicitly labelled proxy based on BeatHit game rank and track prominence.,"{""culture_category"":""video_game_music"",""video_game"":""Diablo II"",""game_rank"":167,""game_association_kind"":""khinsider_game_soundtrack"",""khinsider_album_url"":""https://downloads.khinsider.com/game-soundtracks/album/diablo-ii-2000-pc-gamerip"",""khinsider_album_title"":""Diablo II (diablo-ii-2000-pc-gamerip)"",""khinsider_album_kind"":""official_or_gamerip"",""khinsider_album_match_score"":100.0,""relevance_score_100"":100.0,""popularity_score_100"":56.062461754917294,""score_100"":82.42498470196692,""popularity_basis"":""BeatHit master-list game rank plus track position proxy""}"
100,Act 5 - Siege,Unknown credited artist,[],Diablo II + Lord Of Destruction (diablo-ii-original-soundtrack),,,"[""video game soundtrack""]","[""und""]",,,,Diablo II,,,khinsider_track_prominence_proxy,56.062461754917294,score_0_100,,,,82.42498470196692,,,,https://downloads.khinsider.com/game-soundtracks/album/diablo-ii-original-soundtrack,2026-10-05,Track title is taken from KHInsider's soundtrack/gamerip album index. Popularity is an explicitly labelled proxy based on BeatHit game rank and track prominence.,"{""culture_category"":""video_game_music"",""video_game"":""Diablo II"",""game_rank"":167,""game_association_kind"":""khinsider_game_soundtrack"",""khinsider_album_url"":""https://downloads.khinsider.com/game-soundtracks/album/diablo-ii-original-soundtrack"",""khinsider_album_title"":""Diablo II + Lord Of Destruction (diablo-ii-original-soundtrack)"",""khinsider_album_kind"":""official_or_gamerip"",""khinsider_album_match_score"":100.0,""relevance_score_100"":100.0,""popularity_score_100"":56.062461754917294,""score_100"":82.42498470196692,""popularity_basis"":""BeatHit master-list game rank plus track position proxy""}"
101,diablo 2 lord of destruction - intro,Unknown credited artist,[],Diablo II - Lord of Destruction (Cinematics) (diablo-2-lord-of-destruction-cinematics),,,"[""video game soundtrack""]","[""und""]",,,,Diablo II,,,khinsider_track_prominence_proxy,60.47246175491729,score_0_100,,,,82.3889847019669,,,,https://downloads.khinsider.com/game-soundtracks/album/diablo-2-lord-of-destruction-cinematics,2026-10-05,Track title is taken from KHInsider's soundtrack/gamerip album index. Popularity is an explicitly labelled proxy based on BeatHit game rank and track prominence.,"{""culture_category"":""video_game_music"",""video_game"":""Diablo II"",""game_rank"":167,""game_association_kind"":""khinsider_game_soundtrack"",""khinsider_album_url"":""https://downloads.khinsider.com/game-soundtracks/album/diablo-2-lord-of-destruction-cinematics"",""khinsider_album_title"":""Diablo II - Lord of Destruction (Cinematics) (diablo-2-lord-of-destruction-cinematics)"",""khinsider_album_kind"":""unclassified_game_album"",""khinsider_album_match_score"":100.0,""relevance_score_100"":97.0,""popularity_score_100"":60.47246175491729,""score_100"":82.3889847019669,""popularity_basis"":""BeatHit master-list game rank plus track position proxy""}"
102,Magical Theme,Unknown credited artist,[],Flare Bring diablo II back (flare-bring-diablo-ii-back-android),,,"[""video game soundtrack""]","[""und""]",,,,Diablo II,,,khinsider_track_prominence_proxy,60.47246175491729,score_0_100,,,,82.3889847019669,,,,https://downloads.khinsider.com/game-soundtracks/album/flare-bring-diablo-ii-back-android,2026-10-05,Track title is taken from KHInsider's soundtrack/gamerip album index. Popularity is an explicitly labelled proxy based on BeatHit game rank and track prominence.,"{""culture_category"":""video_game_music"",""video_game"":""Diablo II"",""game_rank"":167,""game_association_kind"":""khinsider_game_soundtrack"",""khinsider_album_url"":""https://downloads.khinsider.com/game-soundtracks/album/flare-bring-diablo-ii-back-android"",""khinsider_album_title"":""Flare Bring diablo II back (flare-bring-diablo-ii-back-android)"",""khinsider_album_kind"":""unclassified_game_album"",""khinsider_album_match_score"":100.0,""relevance_score_100"":97.0,""popularity_score_100"":60.47246175491729,""score_100"":82.3889847019669,""popularity_basis"":""BeatHit master-list game rank plus track position proxy""}"
103,Mef Death Action,Unknown credited artist,[],Diablo II (diablo-ii-2000-pc-gamerip),,,"[""video game soundtrack""]","[""und""]",,,,Diablo II,,,khinsider_track_prominence_proxy,55.852461754917286,score_0_100,,,,82.34098470196692,,,,https://downloads.khinsider.com/game-soundtracks/album/diablo-ii-2000-pc-gamerip,2026-10-05,Track title is taken from KHInsider's soundtrack/gamerip album index. Popularity is an explicitly labelled proxy based on BeatHit game rank and track prominence.,"{""culture_category"":""video_game_music"",""video_game"":""Diablo II"",""game_rank"":167,""game_association_kind"":""khinsider_game_soundtrack"",""khinsider_album_url"":""https://downloads.khinsider.com/game-soundtracks/album/diablo-ii-2000-pc-gamerip"",""khinsider_album_title"":""Diablo II (diablo-ii-2000-pc-gamerip)"",""khinsider_album_kind"":""official_or_gamerip"",""khinsider_album_match_score"":100.0,""relevance_score_100"":100.0,""popularity_score_100"":55.852461754917286,""score_100"":82.34098470196692,""popularity_basis"":""BeatHit master-list game rank plus track position proxy""}"
104,Act 5 - Xtemple,Unknown credited artist,[],Diablo II + Lord Of Destruction (diablo-ii-original-soundtrack),,,"[""video game soundtrack""]","[""und""]",,,,Diablo II,,,khinsider_track_prominence_proxy,55.852461754917286,score_0_100,,,,82.34098470196692,,,,https://downloads.khinsider.com/game-soundtracks/album/diablo-ii-original-soundtrack,2026-10-05,Track title is taken from KHInsider's soundtrack/gamerip album index. Popularity is an explicitly labelled proxy based on BeatHit game rank and track prominence.,"{""culture_category"":""video_game_music"",""video_game"":""Diablo II"",""game_rank"":167,""game_association_kind"":""khinsider_game_soundtrack"",""khinsider_album_url"":""https://downloads.khinsider.com/game-soundtracks/album/diablo-ii-original-soundtrack"",""khinsider_album_title"":""Diablo II + Lord Of Destruction (diablo-ii-original-soundtrack)"",""khinsider_album_kind"":""official_or_gamerip"",""khinsider_album_match_score"":100.0,""relevance_score_100"":100.0,""popularity_score_100"":55.852461754917286,""score_100"":82.34098470196692,""popularity_basis"":""BeatHit master-list game rank plus track position proxy""}"
105,diablo 2 lord of destruction - outro,Unknown credited artist,[],Diablo II - Lord of Destruction (Cinematics) (diablo-2-lord-of-destruction-cinematics),,,"[""video game soundtrack""]","[""und""]",,,,Diablo II,,,khinsider_track_prominence_proxy,60.26246175491729,score_0_100,,,,82.30498470196692,,,,https://downloads.khinsider.com/game-soundtracks/album/diablo-2-lord-of-destruction-cinematics,2026-10-05,Track title is taken from KHInsider's soundtrack/gamerip album index. Popularity is an explicitly labelled proxy based on BeatHit game rank and track prominence.,"{""culture_category"":""video_game_music"",""video_game"":""Diablo II"",""game_rank"":167,""game_association_kind"":""khinsider_game_soundtrack"",""khinsider_album_url"":""https://downloads.khinsider.com/game-soundtracks/album/diablo-2-lord-of-destruction-cinematics"",""khinsider_album_title"":""Diablo II - Lord of Destruction (Cinematics) (diablo-2-lord-of-destruction-cinematics)"",""khinsider_album_kind"":""unclassified_game_album"",""khinsider_album_match_score"":100.0,""relevance_score_100"":97.0,""popularity_score_100"":60.26246175491729,""score_100"":82.30498470196692,""popularity_basis"":""BeatHit master-list game rank plus track position proxy""}"
106,Forest Theme,Unknown credited artist,[],Flare Bring diablo II back (flare-bring-diablo-ii-back-android),,,"[""video game soundtrack""]","[""und""]",,,,Diablo II,,,khinsider_track_prominence_proxy,60.26246175491729,score_0_100,,,,82.30498470196692,,,,https://downloads.khinsider.com/game-soundtracks/album/flare-bring-diablo-ii-back-android,2026-10-05,Track title is taken from KHInsider's soundtrack/gamerip album index. Popularity is an explicitly labelled proxy based on BeatHit game rank and track prominence.,"{""culture_category"":""video_game_music"",""video_game"":""Diablo II"",""game_rank"":167,""game_association_kind"":""khinsider_game_soundtrack"",""khinsider_album_url"":""https://downloads.khinsider.com/game-soundtracks/album/flare-bring-diablo-ii-back-android"",""khinsider_album_title"":""Flare Bring diablo II back (flare-bring-diablo-ii-back-android)"",""khinsider_album_kind"":""unclassified_game_album"",""khinsider_album_match_score"":100.0,""relevance_score_100"":97.0,""popularity_score_100"":60.26246175491729,""score_100"":82.30498470196692,""popularity_basis"":""BeatHit master-list game rank plus track position proxy""}"
107,Mesa,Unknown credited artist,[],Diablo II (diablo-ii-2000-pc-gamerip),,,"[""video game soundtrack""]","[""und""]",,,,Diablo II,,,khinsider_track_prominence_proxy,55.64246175491729,score_0_100,,,,82.25698470196691,,,,https://downloads.khinsider.com/game-soundtracks/album/diablo-ii-2000-pc-gamerip,2026-10-05,Track title is taken from KHInsider's soundtrack/gamerip album index. Popularity is an explicitly labelled proxy based on BeatHit game rank and track prominence.,"{""culture_category"":""video_game_music"",""video_game"":""Diablo II"",""game_rank"":167,""game_association_kind"":""khinsider_game_soundtrack"",""khinsider_album_url"":""https://downloads.khinsider.com/game-soundtracks/album/diablo-ii-2000-pc-gamerip"",""khinsider_album_title"":""Diablo II (diablo-ii-2000-pc-gamerip)"",""khinsider_album_kind"":""official_or_gamerip"",""khinsider_album_match_score"":100.0,""relevance_score_100"":100.0,""popularity_score_100"":55.64246175491729,""score_100"":82.25698470196691,""popularity_basis"":""BeatHit master-list game rank plus track position proxy""}"
108,Act 5 - Xtown,Unknown credited artist,[],Diablo II + Lord Of Destruction (diablo-ii-original-soundtrack),,,"[""video game soundtrack""]","[""und""]",,,,Diablo II,,,khinsider_track_prominence_proxy,55.64246175491729,score_0_100,,,,82.25698470196691,,,,https://downloads.khinsider.com/game-soundtracks/album/diablo-ii-original-soundtrack,2026-10-05,Track title is taken from KHInsider's soundtrack/gamerip album index. Popularity is an explicitly labelled proxy based on BeatHit game rank and track prominence.,"{""culture_category"":""video_game_music"",""video_game"":""Diablo II"",""game_rank"":167,""game_association_kind"":""khinsider_game_soundtrack"",""khinsider_album_url"":""https://downloads.khinsider.com/game-soundtracks/album/diablo-ii-original-soundtrack"",""khinsider_album_title"":""Diablo II + Lord Of Destruction (diablo-ii-original-soundtrack)"",""khinsider_album_kind"":""official_or_gamerip"",""khinsider_album_match_score"":100.0,""relevance_score_100"":100.0,""popularity_score_100"":55.64246175491729,""score_100"":82.25698470196691,""popularity_basis"":""BeatHit master-list game rank plus track position proxy""}"
109,bonus - diablo 2 intro mix,Unknown credited artist,[],Diablo II - Lord of Destruction (Cinematics) (diablo-2-lord-of-destruction-cinematics),,,"[""video game soundtrack""]","[""und""]",,,,Diablo II,,,khinsider_track_prominence_proxy,60.05246175491729,score_0_100,,,,82.22098470196691,,,,https://downloads.khinsider.com/game-soundtracks/album/diablo-2-lord-of-destruction-cinematics,2026-10-05,Track title is taken from KHInsider's soundtrack/gamerip album index. Popularity is an explicitly labelled proxy based on BeatHit game rank and track prominence.,"{""culture_category"":""video_game_music"",""video_game"":""Diablo II"",""game_rank"":167,""game_association_kind"":""khinsider_game_soundtrack"",""khinsider_album_url"":""https://downloads.khinsider.com/game-soundtracks/album/diablo-2-lord-of-destruction-cinematics"",""khinsider_album_title"":""Diablo II - Lord of Destruction (Cinematics) (diablo-2-lord-of-destruction-cinematics)"",""khinsider_album_kind"":""unclassified_game_album"",""khinsider_album_match_score"":100.0,""relevance_score_100"":97.0,""popularity_score_100"":60.05246175491729,""score_100"":82.22098470196691,""popularity_basis"":""BeatHit master-list game rank plus track position proxy""}"
110,Cave Theme,Unknown credited artist,[],Flare Bring diablo II back (flare-bring-diablo-ii-back-android),,,"[""video game soundtrack""]","[""und""]",,,,Diablo II,,,khinsider_track_prominence_proxy,60.05246175491729,score_0_100,,,,82.22098470196691,,,,https://downloads.khinsider.com/game-soundtracks/album/flare-bring-diablo-ii-back-android,2026-10-05,Track title is taken from KHInsider's soundtrack/gamerip album index. Popularity is an explicitly labelled proxy based on BeatHit game rank and track prominence.,"{""culture_category"":""video_game_music"",""video_game"":""Diablo II"",""game_rank"":167,""game_association_kind"":""khinsider_game_soundtrack"",""khinsider_album_url"":""https://downloads.khinsider.com/game-soundtracks/album/flare-bring-diablo-ii-back-android"",""khinsider_album_title"":""Flare Bring diablo II back (flare-bring-diablo-ii-back-android)"",""khinsider_album_kind"":""unclassified_game_album"",""khinsider_album_match_score"":100.0,""relevance_score_100"":97.0,""popularity_score_100"":60.05246175491729,""score_100"":82.22098470196691,""popularity_basis"":""BeatHit master-list game rank plus track position proxy""}"
111,Monastery,Unknown credited artist,[],Diablo II (diablo-ii-2000-pc-gamerip),,,"[""video game soundtrack""]","[""und""]",,,,Diablo II,,,khinsider_track_prominence_proxy,55.432461754917284,score_0_100,,,,82.17298470196691,,,,https://downloads.khinsider.com/game-soundtracks/album/diablo-ii-2000-pc-gamerip,2026-10-05,Track title is taken from KHInsider's soundtrack/gamerip album index. Popularity is an explicitly labelled proxy based on BeatHit game rank and track prominence.,"{""culture_category"":""video_game_music"",""video_game"":""Diablo II"",""game_rank"":167,""game_association_kind"":""khinsider_game_soundtrack"",""khinsider_album_url"":""https://downloads.khinsider.com/game-soundtracks/album/diablo-ii-2000-pc-gamerip"",""khinsider_album_title"":""Diablo II (diablo-ii-2000-pc-gamerip)"",""khinsider_album_kind"":""official_or_gamerip"",""khinsider_album_match_score"":100.0,""relevance_score_100"":100.0,""popularity_score_100"":55.432461754917284,""score_100"":82.17298470196691,""popularity_basis"":""BeatHit master-list game rank plus track position proxy""}"
112,bonus - blizzard logo 1,Unknown credited artist,[],Diablo II - Lord of Destruction (Cinematics) (diablo-2-lord-of-destruction-cinematics),,,"[""video game soundtrack""]","[""und""]",,,,Diablo II,,,khinsider_track_prominence_proxy,59.84246175491729,score_0_100,,,,82.13698470196691,,,,https://downloads.khinsider.com/game-soundtracks/album/diablo-2-lord-of-destruction-cinematics,2026-10-05,Track title is taken from KHInsider's soundtrack/gamerip album index. Popularity is an explicitly labelled proxy based on BeatHit game rank and track prominence.,"{""culture_category"":""video_game_music"",""video_game"":""Diablo II"",""game_rank"":167,""game_association_kind"":""khinsider_game_soundtrack"",""khinsider_album_url"":""https://downloads.khinsider.com/game-soundtracks/album/diablo-2-lord-of-destruction-cinematics"",""khinsider_album_title"":""Diablo II - Lord of Destruction (Cinematics) (diablo-2-lord-of-destruction-cinematics)"",""khinsider_album_kind"":""unclassified_game_album"",""khinsider_album_match_score"":100.0,""relevance_score_100"":97.0,""popularity_score_100"":59.84246175491729,""score_100"":82.13698470196691,""popularity_basis"":""BeatHit master-list game rank plus track position proxy""}"
113,Dungeon Theme,Unknown credited artist,[],Flare Bring diablo II back (flare-bring-diablo-ii-back-android),,,"[""video game soundtrack""]","[""und""]",,,,Diablo II,,,khinsider_track_prominence_proxy,59.84246175491729,score_0_100,,,,82.13698470196691,,,,https://downloads.khinsider.com/game-soundtracks/album/flare-bring-diablo-ii-back-android,2026-10-05,Track title is taken from KHInsider's soundtrack/gamerip album index. Popularity is an explicitly labelled proxy based on BeatHit game rank and track prominence.,"{""culture_category"":""video_game_music"",""video_game"":""Diablo II"",""game_rank"":167,""game_association_kind"":""khinsider_game_soundtrack"",""khinsider_album_url"":""https://downloads.khinsider.com/game-soundtracks/album/flare-bring-diablo-ii-back-android"",""khinsider_album_title"":""Flare Bring diablo II back (flare-bring-diablo-ii-back-android)"",""khinsider_album_kind"":""unclassified_game_album"",""khinsider_album_match_score"":100.0,""relevance_score_100"":97.0,""popularity_score_100"":59.84246175491729,""score_100"":82.13698470196691,""popularity_basis"":""BeatHit master-list game rank plus track position proxy""}"
114,Options,Unknown credited artist,[],Diablo II (diablo-ii-2000-pc-gamerip),,,"[""video game soundtrack""]","[""und""]",,,,Diablo II,,,khinsider_track_prominence_proxy,55.22246175491729,score_0_100,,,,82.08898470196692,,,,https://downloads.khinsider.com/game-soundtracks/album/diablo-ii-2000-pc-gamerip,2026-10-05,Track title is taken from KHInsider's soundtrack/gamerip album index. Popularity is an explicitly labelled proxy based on BeatHit game rank and track prominence.,"{""culture_category"":""video_game_music"",""video_game"":""Diablo II"",""game_rank"":167,""game_association_kind"":""khinsider_game_soundtrack"",""khinsider_album_url"":""https://downloads.khinsider.com/game-soundtracks/album/diablo-ii-2000-pc-gamerip"",""khinsider_album_title"":""Diablo II (diablo-ii-2000-pc-gamerip)"",""khinsider_album_kind"":""official_or_gamerip"",""khinsider_album_match_score"":100.0,""relevance_score_100"":100.0,""popularity_score_100"":55.22246175491729,""score_100"":82.08898470196692,""popularity_basis"":""BeatHit master-list game rank plus track position proxy""}"
115,bonus - blizzard logo 2,Unknown credited artist,[],Diablo II - Lord of Destruction (Cinematics) (diablo-2-lord-of-destruction-cinematics),,,"[""video game soundtrack""]","[""und""]",,,,Diablo II,,,khinsider_track_prominence_proxy,59.63246175491729,score_0_100,,,,82.05298470196692,,,,https://downloads.khinsider.com/game-soundtracks/album/diablo-2-lord-of-destruction-cinematics,2026-10-05,Track title is taken from KHInsider's soundtrack/gamerip album index. Popularity is an explicitly labelled proxy based on BeatHit game rank and track prominence.,"{""culture_category"":""video_game_music"",""video_game"":""Diablo II"",""game_rank"":167,""game_association_kind"":""khinsider_game_soundtrack"",""khinsider_album_url"":""https://downloads.khinsider.com/game-soundtracks/album/diablo-2-lord-of-destruction-cinematics"",""khinsider_album_title"":""Diablo II - Lord of Destruction (Cinematics) (diablo-2-lord-of-destruction-cinematics)"",""khinsider_album_kind"":""unclassified_game_album"",""khinsider_album_match_score"":100.0,""relevance_score_100"":97.0,""popularity_score_100"":59.63246175491729,""score_100"":82.05298470196692,""popularity_basis"":""BeatHit master-list game rank plus track position proxy""}"
116,Battle Theme,Unknown credited artist,[],Flare Bring diablo II back (flare-bring-diablo-ii-back-android),,,"[""video game soundtrack""]","[""und""]",,,,Diablo II,,,khinsider_track_prominence_proxy,59.63246175491729,score_0_100,,,,82.05298470196692,,,,https://downloads.khinsider.com/game-soundtracks/album/flare-bring-diablo-ii-back-android,2026-10-05,Track title is taken from KHInsider's soundtrack/gamerip album index. Popularity is an explicitly labelled proxy based on BeatHit game rank and track prominence.,"{""culture_category"":""video_game_music"",""video_game"":""Diablo II"",""game_rank"":167,""game_association_kind"":""khinsider_game_soundtrack"",""khinsider_album_url"":""https://downloads.khinsider.com/game-soundtracks/album/flare-bring-diablo-ii-back-android"",""khinsider_album_title"":""Flare Bring diablo II back (flare-bring-diablo-ii-back-android)"",""khinsider_album_kind"":""unclassified_game_album"",""khinsider_album_match_score"":100.0,""relevance_score_100"":97.0,""popularity_score_100"":59.63246175491729,""score_100"":82.05298470196692,""popularity_basis"":""BeatHit master-list game rank plus track position proxy""}"
117,Orb Action,Unknown credited artist,[],Diablo II (diablo-ii-2000-pc-gamerip),,,"[""video game soundtrack""]","[""und""]",,,,Diablo II,,,khinsider_track_prominence_proxy,55.01246175491729,score_0_100,,,,82.00498470196692,,,,https://downloads.khinsider.com/game-soundtracks/album/diablo-ii-2000-pc-gamerip,2026-10-05,Track title is taken from KHInsider's soundtrack/gamerip album index. Popularity is an explicitly labelled proxy based on BeatHit game rank and track prominence.,"{""culture_category"":""video_game_music"",""video_game"":""Diablo II"",""game_rank"":167,""game_association_kind"":""khinsider_game_soundtrack"",""khinsider_album_url"":""https://downloads.khinsider.com/game-soundtracks/album/diablo-ii-2000-pc-gamerip"",""khinsider_album_title"":""Diablo II (diablo-ii-2000-pc-gamerip)"",""khinsider_album_kind"":""official_or_gamerip"",""khinsider_album_match_score"":100.0,""relevance_score_100"":100.0,""popularity_score_100"":55.01246175491729,""score_100"":82.00498470196692,""popularity_basis"":""BeatHit master-list game rank plus track position proxy""}"
118,Boss Theme,Unknown credited artist,[],Flare Bring diablo II back (flare-bring-diablo-ii-back-android),,,"[""video game soundtrack""]","[""und""]",,,,Diablo II,,,khinsider_track_prominence_proxy,59.42246175491729,score_0_100,,,,81.96898470196692,,,,https://downloads.khinsider.com/game-soundtracks/album/flare-bring-diablo-ii-back-android,2026-10-05,Track title is taken from KHInsider's soundtrack/gamerip album index. Popularity is an explicitly labelled proxy based on BeatHit game rank and track prominence.,"{""culture_category"":""video_game_music"",""video_game"":""Diablo II"",""game_rank"":167,""game_association_kind"":""khinsider_game_soundtrack"",""khinsider_album_url"":""https://downloads.khinsider.com/game-soundtracks/album/flare-bring-diablo-ii-back-android"",""khinsider_album_title"":""Flare Bring diablo II back (flare-bring-diablo-ii-back-android)"",""khinsider_album_kind"":""unclassified_game_album"",""khinsider_album_match_score"":100.0,""relevance_score_100"":97.0,""popularity_score_100"":59.42246175491729,""score_100"":81.96898470196692,""popularity_basis"":""BeatHit master-list game rank plus track position proxy""}"
119,Radament Resolution,Unknown credited artist,[],Diablo II (diablo-ii-2000-pc-gamerip),,,"[""video game soundtrack""]","[""und""]",,,,Diablo II,,,khinsider_track_prominence_proxy,54.80246175491729,score_0_100,,,,81.92098470196692,,,,https://downloads.khinsider.com/game-soundtracks/album/diablo-ii-2000-pc-gamerip,2026-10-05,Track title is taken from KHInsider's soundtrack/gamerip album index. Popularity is an explicitly labelled proxy based on BeatHit game rank and track prominence.,"{""culture_category"":""video_game_music"",""video_game"":""Diablo II"",""game_rank"":167,""game_association_kind"":""khinsider_game_soundtrack"",""khinsider_album_url"":""https://downloads.khinsider.com/game-soundtracks/album/diablo-ii-2000-pc-gamerip"",""khinsider_album_title"":""Diablo II (diablo-ii-2000-pc-gamerip)"",""khinsider_album_kind"":""official_or_gamerip"",""khinsider_album_match_score"":100.0,""relevance_score_100"":100.0,""popularity_score_100"":54.80246175491729,""score_100"":81.92098470196692,""popularity_basis"":""BeatHit master-list game rank plus track position proxy""}"
120,Unrest Theme,Unknown credited artist,[],Flare Bring diablo II back (flare-bring-diablo-ii-back-android),,,"[""video game soundtrack""]","[""und""]",,,,Diablo II,,,khinsider_track_prominence_proxy,59.212461754917285,score_0_100,,,,81.88498470196691,,,,https://downloads.khinsider.com/game-soundtracks/album/flare-bring-diablo-ii-back-android,2026-10-05,Track title is taken from KHInsider's soundtrack/gamerip album index. Popularity is an explicitly labelled proxy based on BeatHit game rank and track prominence.,"{""culture_category"":""video_game_music"",""video_game"":""Diablo II"",""game_rank"":167,""game_association_kind"":""khinsider_game_soundtrack"",""khinsider_album_url"":""https://downloads.khinsider.com/game-soundtracks/album/flare-bring-diablo-ii-back-android"",""khinsider_album_title"":""Flare Bring diablo II back (flare-bring-diablo-ii-back-android)"",""khinsider_album_kind"":""unclassified_game_album"",""khinsider_album_match_score"":100.0,""relevance_score_100"":97.0,""popularity_score_100"":59.212461754917285,""score_100"":81.88498470196691,""popularity_basis"":""BeatHit master-list game rank plus track position proxy""}"
121,Sanctuary,Unknown credited artist,[],Diablo II (diablo-ii-2000-pc-gamerip),,,"[""video game soundtrack""]","[""und""]",,,,Diablo II,,,khinsider_track_prominence_proxy,54.59246175491729,score_0_100,,,,81.83698470196691,,,,https://downloads.khinsider.com/game-soundtracks/album/diablo-ii-2000-pc-gamerip,2026-10-05,Track title is taken from KHInsider's soundtrack/gamerip album index. Popularity is an explicitly labelled proxy based on BeatHit game rank and track prominence.,"{""culture_category"":""video_game_music"",""video_game"":""Diablo II"",""game_rank"":167,""game_association_kind"":""khinsider_game_soundtrack"",""khinsider_album_url"":""https://downloads.khinsider.com/game-soundtracks/album/diablo-ii-2000-pc-gamerip"",""khinsider_album_title"":""Diablo II (diablo-ii-2000-pc-gamerip)"",""khinsider_album_kind"":""official_or_gamerip"",""khinsider_album_match_score"":100.0,""relevance_score_100"":100.0,""popularity_score_100"":54.59246175491729,""score_100"":81.83698470196691,""popularity_basis"":""BeatHit master-list game rank plus track position proxy""}"
122,Safe Room Theme,Unknown credited artist,[],Flare Bring diablo II back (flare-bring-diablo-ii-back-android),,,"[""video game soundtrack""]","[""und""]",,,,Diablo II,,,khinsider_track_prominence_proxy,59.00246175491729,score_0_100,,,,81.80098470196691,,,,https://downloads.khinsider.com/game-soundtracks/album/flare-bring-diablo-ii-back-android,2026-10-05,Track title is taken from KHInsider's soundtrack/gamerip album index. Popularity is an explicitly labelled proxy based on BeatHit game rank and track prominence.,"{""culture_category"":""video_game_music"",""video_game"":""Diablo II"",""game_rank"":167,""game_association_kind"":""khinsider_game_soundtrack"",""khinsider_album_url"":""https://downloads.khinsider.com/game-soundtracks/album/flare-bring-diablo-ii-back-android"",""khinsider_album_title"":""Flare Bring diablo II back (flare-bring-diablo-ii-back-android)"",""khinsider_album_kind"":""unclassified_game_album"",""khinsider_album_match_score"":100.0,""relevance_score_100"":97.0,""popularity_score_100"":59.00246175491729,""score_100"":81.80098470196691,""popularity_basis"":""BeatHit master-list game rank plus track position proxy""}"
123,Main Title,Unknown credited artist,[],Diablo III (diablo-iii-expanded-soundtrack-macos-ps3-windows-xbox-360-gamerip-2012),,,"[""video game soundtrack""]","[""und""]",,,,Diablo II,,,khinsider_track_prominence_proxy,61.102461754917286,score_0_100,,,,81.75677417565113,,,,https://downloads.khinsider.com/game-soundtracks/album/diablo-iii-expanded-soundtrack-macos-ps3-windows-xbox-360-gamerip-2012,2026-10-05,Track title is taken from KHInsider's soundtrack/gamerip album index. Popularity is an explicitly labelled proxy based on BeatHit game rank and track prominence.,"{""culture_category"":""video_game_music"",""video_game"":""Diablo II"",""game_rank"":167,""game_association_kind"":""khinsider_game_soundtrack"",""khinsider_album_url"":""https://downloads.khinsider.com/game-soundtracks/album/diablo-iii-expanded-soundtrack-macos-ps3-windows-xbox-360-gamerip-2012"",""khinsider_album_title"":""Diablo III (diablo-iii-expanded-soundtrack-macos-ps3-windows-xbox-360-gamerip-2012)"",""khinsider_album_kind"":""official_or_gamerip"",""khinsider_album_match_score"":94.73684210526316,""relevance_score_100"":95.52631578947368,""popularity_score_100"":61.102461754917286,""score_100"":81.75677417565113,""popularity_basis"":""BeatHit master-list game rank plus track position proxy""}"
124,Sewer,Unknown credited artist,[],Diablo II (diablo-ii-2000-pc-gamerip),,,"[""video game soundtrack""]","[""und""]",,,,Diablo II,,,khinsider_track_prominence_proxy,54.38246175491729,score_0_100,,,,81.75298470196691,,,,https://downloads.khinsider.com/game-soundtracks/album/diablo-ii-2000-pc-gamerip,2026-10-05,Track title is taken from KHInsider's soundtrack/gamerip album index. Popularity is an explicitly labelled proxy based on BeatHit game rank and track prominence.,"{""culture_category"":""video_game_music"",""video_game"":""Diablo II"",""game_rank"":167,""game_association_kind"":""khinsider_game_soundtrack"",""khinsider_album_url"":""https://downloads.khinsider.com/game-soundtracks/album/diablo-ii-2000-pc-gamerip"",""khinsider_album_title"":""Diablo II (diablo-ii-2000-pc-gamerip)"",""khinsider_album_kind"":""official_or_gamerip"",""khinsider_album_match_score"":100.0,""relevance_score_100"":100.0,""popularity_score_100"":54.38246175491729,""score_100"":81.75298470196691,""popularity_basis"":""BeatHit master-list game rank plus track position proxy""}"
125,Wind Ambient,Unknown credited artist,[],Flare Bring diablo II back (flare-bring-diablo-ii-back-android),,,"[""video game soundtrack""]","[""und""]",,,,Diablo II,,,khinsider_track_prominence_proxy,58.792461754917284,score_0_100,,,,81.71698470196691,,,,https://downloads.khinsider.com/game-soundtracks/album/flare-bring-diablo-ii-back-android,2026-10-05,Track title is taken from KHInsider's soundtrack/gamerip album index. Popularity is an explicitly labelled proxy based on BeatHit game rank and track prominence.,"{""culture_category"":""video_game_music"",""video_game"":""Diablo II"",""game_rank"":167,""game_association_kind"":""khinsider_game_soundtrack"",""khinsider_album_url"":""https://downloads.khinsider.com/game-soundtracks/album/flare-bring-diablo-ii-back-android"",""khinsider_album_title"":""Flare Bring diablo II back (flare-bring-diablo-ii-back-android)"",""khinsider_album_kind"":""unclassified_game_album"",""khinsider_album_match_score"":100.0,""relevance_score_100"":97.0,""popularity_score_100"":58.792461754917284,""score_100"":81.71698470196691,""popularity_basis"":""BeatHit master-list game rank plus track position proxy""}"
126,The End of Days,Unknown credited artist,[],Diablo III (diablo-iii-expanded-soundtrack-macos-ps3-windows-xbox-360-gamerip-2012),,,"[""video game soundtrack""]","[""und""]",,,,Diablo II,,,khinsider_track_prominence_proxy,60.89246175491729,score_0_100,,,,81.67277417565113,,,,https://downloads.khinsider.com/game-soundtracks/album/diablo-iii-expanded-soundtrack-macos-ps3-windows-xbox-360-gamerip-2012,2026-10-05,Track title is taken from KHInsider's soundtrack/gamerip album index. Popularity is an explicitly labelled proxy based on BeatHit game rank and track prominence.,"{""culture_category"":""video_game_music"",""video_game"":""Diablo II"",""game_rank"":167,""game_association_kind"":""khinsider_game_soundtrack"",""khinsider_album_url"":""https://downloads.khinsider.com/game-soundtracks/album/diablo-iii-expanded-soundtrack-macos-ps3-windows-xbox-360-gamerip-2012"",""khinsider_album_title"":""Diablo III (diablo-iii-expanded-soundtrack-macos-ps3-windows-xbox-360-gamerip-2012)"",""khinsider_album_kind"":""official_or_gamerip"",""khinsider_album_match_score"":94.73684210526316,""relevance_score_100"":95.52631578947368,""popularity_score_100"":60.89246175491729,""score_100"":81.67277417565113,""popularity_basis"":""BeatHit master-list game rank plus track position proxy""}"
127,Spider,Unknown credited artist,[],Diablo II (diablo-ii-2000-pc-gamerip),,,"[""video game soundtrack""]","[""und""]",,,,Diablo II,,,khinsider_track_prominence_proxy,54.17246175491729,score_0_100,,,,81.66898470196692,,,,https://downloads.khinsider.com/game-soundtracks/album/diablo-ii-2000-pc-gamerip,2026-10-05,Track title is taken from KHInsider's soundtrack/gamerip album index. Popularity is an explicitly labelled proxy based on BeatHit game rank and track prominence.,"{""culture_category"":""video_game_music"",""video_game"":""Diablo II"",""game_rank"":167,""game_association_kind"":""khinsider_game_soundtrack"",""khinsider_album_url"":""https://downloads.khinsider.com/game-soundtracks/album/diablo-ii-2000-pc-gamerip"",""khinsider_album_title"":""Diablo II (diablo-ii-2000-pc-gamerip)"",""khinsider_album_kind"":""official_or_gamerip"",""khinsider_album_match_score"":100.0,""relevance_score_100"":100.0,""popularity_score_100"":54.17246175491729,""score_100"":81.66898470196692,""popularity_basis"":""BeatHit master-list game rank plus track position proxy""}"
128,Act 1 Introduction,Unknown credited artist,[],Diablo III (diablo-iii-expanded-soundtrack-macos-ps3-windows-xbox-360-gamerip-2012),,,"[""video game soundtrack""]","[""und""]",,,,Diablo II,,,khinsider_track_prominence_proxy,60.682461754917284,score_0_100,,,,81.58877417565112,,,,https://downloads.khinsider.com/game-soundtracks/album/diablo-iii-expanded-soundtrack-macos-ps3-windows-xbox-360-gamerip-2012,2026-10-05,Track title is taken from KHInsider's soundtrack/gamerip album index. Popularity is an explicitly labelled proxy based on BeatHit game rank and track prominence.,"{""culture_category"":""video_game_music"",""video_game"":""Diablo II"",""game_rank"":167,""game_association_kind"":""khinsider_game_soundtrack"",""khinsider_album_url"":""https://downloads.khinsider.com/game-soundtracks/album/diablo-iii-expanded-soundtrack-macos-ps3-windows-xbox-360-gamerip-2012"",""khinsider_album_title"":""Diablo III (diablo-iii-expanded-soundtrack-macos-ps3-windows-xbox-360-gamerip-2012)"",""khinsider_album_kind"":""official_or_gamerip"",""khinsider_album_match_score"":94.73684210526316,""relevance_score_100"":95.52631578947368,""popularity_score_100"":60.682461754917284,""score_100"":81.58877417565112,""popularity_basis"":""BeatHit master-list game rank plus track position proxy""}"
129,Tainted Sun Action,Unknown credited artist,[],Diablo II (diablo-ii-2000-pc-gamerip),,,"[""video game soundtrack""]","[""und""]",,,,Diablo II,,,khinsider_track_prominence_proxy,53.962461754917285,score_0_100,,,,81.58498470196692,,,,https://downloads.khinsider.com/game-soundtracks/album/diablo-ii-2000-pc-gamerip,2026-10-05,Track title is taken from KHInsider's soundtrack/gamerip album index. Popularity is an explicitly labelled proxy based on BeatHit game rank and track prominence.,"{""culture_category"":""video_game_music"",""video_game"":""Diablo II"",""game_rank"":167,""game_association_kind"":""khinsider_game_soundtrack"",""khinsider_album_url"":""https://downloads.khinsider.com/game-soundtracks/album/diablo-ii-2000-pc-gamerip"",""khinsider_album_title"":""Diablo II (diablo-ii-2000-pc-gamerip)"",""khinsider_album_kind"":""official_or_gamerip"",""khinsider_album_match_score"":100.0,""relevance_score_100"":100.0,""popularity_score_100"":53.962461754917285,""score_100"":81.58498470196692,""popularity_basis"":""BeatHit master-list game rank plus track position proxy""}"
130,Overlook Road,Unknown credited artist,[],Diablo III (diablo-iii-expanded-soundtrack-macos-ps3-windows-xbox-360-gamerip-2012),,,"[""video game soundtrack""]","[""und""]",,,,Diablo II,,,khinsider_track_prominence_proxy,60.47246175491729,score_0_100,,,,81.50477417565114,,,,https://downloads.khinsider.com/game-soundtracks/album/diablo-iii-expanded-soundtrack-macos-ps3-windows-xbox-360-gamerip-2012,2026-10-05,Track title is taken from KHInsider's soundtrack/gamerip album index. Popularity is an explicitly labelled proxy based on BeatHit game rank and track prominence.,"{""culture_category"":""video_game_music"",""video_game"":""Diablo II"",""game_rank"":167,""game_association_kind"":""khinsider_game_soundtrack"",""khinsider_album_url"":""https://downloads.khinsider.com/game-soundtracks/album/diablo-iii-expanded-soundtrack-macos-ps3-windows-xbox-360-gamerip-2012"",""khinsider_album_title"":""Diablo III (diablo-iii-expanded-soundtrack-macos-ps3-windows-xbox-360-gamerip-2012)"",""khinsider_album_kind"":""official_or_gamerip"",""khinsider_album_match_score"":94.73684210526316,""relevance_score_100"":95.52631578947368,""popularity_score_100"":60.47246175491729,""score_100"":81.50477417565114,""popularity_basis"":""BeatHit master-list game rank plus track position proxy""}"
131,Tombs,Unknown credited artist,[],Diablo II (diablo-ii-2000-pc-gamerip),,,"[""video game soundtrack""]","[""und""]",,,,Diablo II,,,khinsider_track_prominence_proxy,53.75246175491729,score_0_100,,,,81.50098470196691,,,,https://downloads.khinsider.com/game-soundtracks/album/diablo-ii-2000-pc-gamerip,2026-10-05,Track title is taken from KHInsider's soundtrack/gamerip album index. Popularity is an explicitly labelled proxy based on BeatHit game rank and track prominence.,"{""culture_category"":""video_game_music"",""video_game"":""Diablo II"",""game_rank"":167,""game_association_kind"":""khinsider_game_soundtrack"",""khinsider_album_url"":""https://downloads.khinsider.com/game-soundtracks/album/diablo-ii-2000-pc-gamerip"",""khinsider_album_title"":""Diablo II (diablo-ii-2000-pc-gamerip)"",""khinsider_album_kind"":""official_or_gamerip"",""khinsider_album_match_score"":100.0,""relevance_score_100"":100.0,""popularity_score_100"":53.75246175491729,""score_100"":81.50098470196691,""popularity_basis"":""BeatHit master-list game rank plus track position proxy""}"
132,New Tristram,Unknown credited artist,[],Diablo III (diablo-iii-expanded-soundtrack-macos-ps3-windows-xbox-360-gamerip-2012),,,"[""video game soundtrack""]","[""und""]",,,,Diablo II,,,khinsider_track_prominence_proxy,60.26246175491729,score_0_100,,,,81.42077417565113,,,,https://downloads.khinsider.com/game-soundtracks/album/diablo-iii-expanded-soundtrack-macos-ps3-windows-xbox-360-gamerip-2012,2026-10-05,Track title is taken from KHInsider's soundtrack/gamerip album index. Popularity is an explicitly labelled proxy based on BeatHit game rank and track prominence.,"{""culture_category"":""video_game_music"",""video_game"":""Diablo II"",""game_rank"":167,""game_association_kind"":""khinsider_game_soundtrack"",""khinsider_album_url"":""https://downloads.khinsider.com/game-soundtracks/album/diablo-iii-expanded-soundtrack-macos-ps3-windows-xbox-360-gamerip-2012"",""khinsider_album_title"":""Diablo III (diablo-iii-expanded-soundtrack-macos-ps3-windows-xbox-360-gamerip-2012)"",""khinsider_album_kind"":""official_or_gamerip"",""khinsider_album_match_score"":94.73684210526316,""relevance_score_100"":95.52631578947368,""popularity_score_100"":60.26246175491729,""score_100"":81.42077417565113,""popularity_basis"":""BeatHit master-list game rank plus track position proxy""}"
133,Town1,Unknown credited artist,[],Diablo II (diablo-ii-2000-pc-gamerip),,,"[""video game soundtrack""]","[""und""]",,,,Diablo II,,,khinsider_track_prominence_proxy,53.542461754917284,score_0_100,,,,81.41698470196691,,,,https://downloads.khinsider.com/game-soundtracks/album/diablo-ii-2000-pc-gamerip,2026-10-05,Track title is taken from KHInsider's soundtrack/gamerip album index. Popularity is an explicitly labelled proxy based on BeatHit game rank and track prominence.,"{""culture_category"":""video_game_music"",""video_game"":""Diablo II"",""game_rank"":167,""game_association_kind"":""khinsider_game_soundtrack"",""khinsider_album_url"":""https://downloads.khinsider.com/game-soundtracks/album/diablo-ii-2000-pc-gamerip"",""khinsider_album_title"":""Diablo II (diablo-ii-2000-pc-gamerip)"",""khinsider_album_kind"":""official_or_gamerip"",""khinsider_album_match_score"":100.0,""relevance_score_100"":100.0,""popularity_score_100"":53.542461754917284,""score_100"":81.41698470196691,""popularity_basis"":""BeatHit master-list game rank plus track position proxy""}"
134,The Slaughtered Calf Inn,Unknown credited artist,[],Diablo III (diablo-iii-expanded-soundtrack-macos-ps3-windows-xbox-360-gamerip-2012),,,"[""video game soundtrack""]","[""und""]",,,,Diablo II,,,khinsider_track_prominence_proxy,60.05246175491729,score_0_100,,,,81.33677417565113,,,,https://downloads.khinsider.com/game-soundtracks/album/diablo-iii-expanded-soundtrack-macos-ps3-windows-xbox-360-gamerip-2012,2026-10-05,Track title is taken from KHInsider's soundtrack/gamerip album index. Popularity is an explicitly labelled proxy based on BeatHit game rank and track prominence.,"{""culture_category"":""video_game_music"",""video_game"":""Diablo II"",""game_rank"":167,""game_association_kind"":""khinsider_game_soundtrack"",""khinsider_album_url"":""https://downloads.khinsider.com/game-soundtracks/album/diablo-iii-expanded-soundtrack-macos-ps3-windows-xbox-360-gamerip-2012"",""khinsider_album_title"":""Diablo III (diablo-iii-expanded-soundtrack-macos-ps3-windows-xbox-360-gamerip-2012)"",""khinsider_album_kind"":""official_or_gamerip"",""khinsider_album_match_score"":94.73684210526316,""relevance_score_100"":95.52631578947368,""popularity_score_100"":60.05246175491729,""score_100"":81.33677417565113,""popularity_basis"":""BeatHit master-list game rank plus track position proxy""}"
135,Town2,Unknown credited artist,[],Diablo II (diablo-ii-2000-pc-gamerip),,,"[""video game soundtrack""]","[""und""]",,,,Diablo II,,,khinsider_track_prominence_proxy,53.33246175491729,score_0_100,,,,81.33298470196692,,,,https://downloads.khinsider.com/game-soundtracks/album/diablo-ii-2000-pc-gamerip,2026-10-05,Track title is taken from KHInsider's soundtrack/gamerip album index. Popularity is an explicitly labelled proxy based on BeatHit game rank and track prominence.,"{""culture_category"":""video_game_music"",""video_game"":""Diablo II"",""game_rank"":167,""game_association_kind"":""khinsider_game_soundtrack"",""khinsider_album_url"":""https://downloads.khinsider.com/game-soundtracks/album/diablo-ii-2000-pc-gamerip"",""khinsider_album_title"":""Diablo II (diablo-ii-2000-pc-gamerip)"",""khinsider_album_kind"":""official_or_gamerip"",""khinsider_album_match_score"":100.0,""relevance_score_100"":100.0,""popularity_score_100"":53.33246175491729,""score_100"":81.33298470196692,""popularity_basis"":""BeatHit master-list game rank plus track position proxy""}"
136,Leah,Unknown credited artist,[],Diablo III (diablo-iii-expanded-soundtrack-macos-ps3-windows-xbox-360-gamerip-2012),,,"[""video game soundtrack""]","[""und""]",,,,Diablo II,,,khinsider_track_prominence_proxy,59.84246175491729,score_0_100,,,,81.25277417565113,,,,https://downloads.khinsider.com/game-soundtracks/album/diablo-iii-expanded-soundtrack-macos-ps3-windows-xbox-360-gamerip-2012,2026-10-05,Track title is taken from KHInsider's soundtrack/gamerip album index. Popularity is an explicitly labelled proxy based on BeatHit game rank and track prominence.,"{""culture_category"":""video_game_music"",""video_game"":""Diablo II"",""game_rank"":167,""game_association_kind"":""khinsider_game_soundtrack"",""khinsider_album_url"":""https://downloads.khinsider.com/game-soundtracks/album/diablo-iii-expanded-soundtrack-macos-ps3-windows-xbox-360-gamerip-2012"",""khinsider_album_title"":""Diablo III (diablo-iii-expanded-soundtrack-macos-ps3-windows-xbox-360-gamerip-2012)"",""khinsider_album_kind"":""official_or_gamerip"",""khinsider_album_match_score"":94.73684210526316,""relevance_score_100"":95.52631578947368,""popularity_score_100"":59.84246175491729,""score_100"":81.25277417565113,""popularity_basis"":""BeatHit master-list game rank plus track position proxy""}"
137,Town3,Unknown credited artist,[],Diablo II (diablo-ii-2000-pc-gamerip),,,"[""video game soundtrack""]","[""und""]",,,,Diablo II,,,khinsider_track_prominence_proxy,53.12246175491729,score_0_100,,,,81.24898470196692,,,,https://downloads.khinsider.com/game-soundtracks/album/diablo-ii-2000-pc-gamerip,2026-10-05,Track title is taken from KHInsider's soundtrack/gamerip album index. Popularity is an explicitly labelled proxy based on BeatHit game rank and track prominence.,"{""culture_category"":""video_game_music"",""video_game"":""Diablo II"",""game_rank"":167,""game_association_kind"":""khinsider_game_soundtrack"",""khinsider_album_url"":""https://downloads.khinsider.com/game-soundtracks/album/diablo-ii-2000-pc-gamerip"",""khinsider_album_title"":""Diablo II (diablo-ii-2000-pc-gamerip)"",""khinsider_album_kind"":""official_or_gamerip"",""khinsider_album_match_score"":100.0,""relevance_score_100"":100.0,""popularity_score_100"":53.12246175491729,""score_100"":81.24898470196692,""popularity_basis"":""BeatHit master-list game rank plus track position proxy""}"
138,Old Tristram Road,Unknown credited artist,[],Diablo III (diablo-iii-expanded-soundtrack-macos-ps3-windows-xbox-360-gamerip-2012),,,"[""video game soundtrack""]","[""und""]",,,,Diablo II,,,khinsider_track_prominence_proxy,59.63246175491729,score_0_100,,,,81.16877417565112,,,,https://downloads.khinsider.com/game-soundtracks/album/diablo-iii-expanded-soundtrack-macos-ps3-windows-xbox-360-gamerip-2012,2026-10-05,Track title is taken from KHInsider's soundtrack/gamerip album index. Popularity is an explicitly labelled proxy based on BeatHit game rank and track prominence.,"{""culture_category"":""video_game_music"",""video_game"":""Diablo II"",""game_rank"":167,""game_association_kind"":""khinsider_game_soundtrack"",""khinsider_album_url"":""https://downloads.khinsider.com/game-soundtracks/album/diablo-iii-expanded-soundtrack-macos-ps3-windows-xbox-360-gamerip-2012"",""khinsider_album_title"":""Diablo III (diablo-iii-expanded-soundtrack-macos-ps3-windows-xbox-360-gamerip-2012)"",""khinsider_album_kind"":""official_or_gamerip"",""khinsider_album_match_score"":94.73684210526316,""relevance_score_100"":95.52631578947368,""popularity_score_100"":59.63246175491729,""score_100"":81.16877417565112,""popularity_basis"":""BeatHit master-list game rank plus track position proxy""}"
139,Town4,Unknown credited artist,[],Diablo II (diablo-ii-2000-pc-gamerip),,,"[""video game soundtrack""]","[""und""]",,,,Diablo II,,,khinsider_track_prominence_proxy,52.91246175491729,score_0_100,,,,81.16498470196692,,,,https://downloads.khinsider.com/game-soundtracks/album/diablo-ii-2000-pc-gamerip,2026-10-05,Track title is taken from KHInsider's soundtrack/gamerip album index. Popularity is an explicitly labelled proxy based on BeatHit game rank and track prominence.,"{""culture_category"":""video_game_music"",""video_game"":""Diablo II"",""game_rank"":167,""game_association_kind"":""khinsider_game_soundtrack"",""khinsider_album_url"":""https://downloads.khinsider.com/game-soundtracks/album/diablo-ii-2000-pc-gamerip"",""khinsider_album_title"":""Diablo II (diablo-ii-2000-pc-gamerip)"",""khinsider_album_kind"":""official_or_gamerip"",""khinsider_album_match_score"":100.0,""relevance_score_100"":100.0,""popularity_score_100"":52.91246175491729,""score_100"":81.16498470196692,""popularity_basis"":""BeatHit master-list game rank plus track position proxy""}"
140,Old Tristram,Unknown credited artist,[],Diablo III (diablo-iii-expanded-soundtrack-macos-ps3-windows-xbox-360-gamerip-2012),,,"[""video game soundtrack""]","[""und""]",,,,Diablo II,,,khinsider_track_prominence_proxy,59.42246175491729,score_0_100,,,,81.08477417565113,,,,https://downloads.khinsider.com/game-soundtracks/album/diablo-iii-expanded-soundtrack-macos-ps3-windows-xbox-360-gamerip-2012,2026-10-05,Track title is taken from KHInsider's soundtrack/gamerip album index. Popularity is an explicitly labelled proxy based on BeatHit game rank and track prominence.,"{""culture_category"":""video_game_music"",""video_game"":""Diablo II"",""game_rank"":167,""game_association_kind"":""khinsider_game_soundtrack"",""khinsider_album_url"":""https://downloads.khinsider.com/game-soundtracks/album/diablo-iii-expanded-soundtrack-macos-ps3-windows-xbox-360-gamerip-2012"",""khinsider_album_title"":""Diablo III (diablo-iii-expanded-soundtrack-macos-ps3-windows-xbox-360-gamerip-2012)"",""khinsider_album_kind"":""official_or_gamerip"",""khinsider_album_match_score"":94.73684210526316,""relevance_score_100"":95.52631578947368,""popularity_score_100"":59.42246175491729,""score_100"":81.08477417565113,""popularity_basis"":""BeatHit master-list game rank plus track position proxy""}"
141,Tristram,Unknown credited artist,[],Diablo II (diablo-ii-2000-pc-gamerip),,,"[""video game soundtrack""]","[""und""]",,,,Diablo II,,,khinsider_track_prominence_proxy,52.70246175491729,score_0_100,,,,81.08098470196691,,,,https://downloads.khinsider.com/game-soundtracks/album/diablo-ii-2000-pc-gamerip,2026-10-05,Track title is taken from KHInsider's soundtrack/gamerip album index. Popularity is an explicitly labelled proxy based on BeatHit game rank and track prominence.,"{""culture_category"":""video_game_music"",""video_game"":""Diablo II"",""game_rank"":167,""game_association_kind"":""khinsider_game_soundtrack"",""khinsider_album_url"":""https://downloads.khinsider.com/game-soundtracks/album/diablo-ii-2000-pc-gamerip"",""khinsider_album_title"":""Diablo II (diablo-ii-2000-pc-gamerip)"",""khinsider_album_kind"":""official_or_gamerip"",""khinsider_album_match_score"":100.0,""relevance_score_100"":100.0,""popularity_score_100"":52.70246175491729,""score_100"":81.08098470196691,""popularity_basis"":""BeatHit master-list game rank plus track position proxy""}"
142,Cathedral of Tristram,Unknown credited artist,[],Diablo III (diablo-iii-expanded-soundtrack-macos-ps3-windows-xbox-360-gamerip-2012),,,"[""video game soundtrack""]","[""und""]",,,,Diablo II,,,khinsider_track_prominence_proxy,59.212461754917285,score_0_100,,,,81.00077417565113,,,,https://downloads.khinsider.com/game-soundtracks/album/diablo-iii-expanded-soundtrack-macos-ps3-windows-xbox-360-gamerip-2012,2026-10-05,Track title is taken from KHInsider's soundtrack/gamerip album index. Popularity is an explicitly labelled proxy based on BeatHit game rank and track prominence.,"{""culture_category"":""video_game_music"",""video_game"":""Diablo II"",""game_rank"":167,""game_association_kind"":""khinsider_game_soundtrack"",""khinsider_album_url"":""https://downloads.khinsider.com/game-soundtracks/album/diablo-iii-expanded-soundtrack-macos-ps3-windows-xbox-360-gamerip-2012"",""khinsider_album_title"":""Diablo III (diablo-iii-expanded-soundtrack-macos-ps3-windows-xbox-360-gamerip-2012)"",""khinsider_album_kind"":""official_or_gamerip"",""khinsider_album_match_score"":94.73684210526316,""relevance_score_100"":95.52631578947368,""popularity_score_100"":59.212461754917285,""score_100"":81.00077417565113,""popularity_basis"":""BeatHit master-list game rank plus track position proxy""}"
143,Unknown,Unknown credited artist,[],Diablo II (diablo-ii-2000-pc-gamerip),,,"[""video game soundtrack""]","[""und""]",,,,Diablo II,,,khinsider_track_prominence_proxy,52.49246175491729,score_0_100,,,,80.99698470196691,,,,https://downloads.khinsider.com/game-soundtracks/album/diablo-ii-2000-pc-gamerip,2026-10-05,Track title is taken from KHInsider's soundtrack/gamerip album index. Popularity is an explicitly labelled proxy based on BeatHit game rank and track prominence.,"{""culture_category"":""video_game_music"",""video_game"":""Diablo II"",""game_rank"":167,""game_association_kind"":""khinsider_game_soundtrack"",""khinsider_album_url"":""https://downloads.khinsider.com/game-soundtracks/album/diablo-ii-2000-pc-gamerip"",""khinsider_album_title"":""Diablo II (diablo-ii-2000-pc-gamerip)"",""khinsider_album_kind"":""official_or_gamerip"",""khinsider_album_match_score"":100.0,""relevance_score_100"":100.0,""popularity_score_100"":52.49246175491729,""score_100"":80.99698470196691,""popularity_basis"":""BeatHit master-list game rank plus track position proxy""}"
144,Deckard Cain,Unknown credited artist,[],Diablo III (diablo-iii-expanded-soundtrack-macos-ps3-windows-xbox-360-gamerip-2012),,,"[""video game soundtrack""]","[""und""]",,,,Diablo II,,,khinsider_track_prominence_proxy,59.00246175491729,score_0_100,,,,80.91677417565113,,,,https://downloads.khinsider.com/game-soundtracks/album/diablo-iii-expanded-soundtrack-macos-ps3-windows-xbox-360-gamerip-2012,2026-10-05,Track title is taken from KHInsider's soundtrack/gamerip album index. Popularity is an explicitly labelled proxy based on BeatHit game rank and track prominence.,"{""culture_category"":""video_game_music"",""video_game"":""Diablo II"",""game_rank"":167,""game_association_kind"":""khinsider_game_soundtrack"",""khinsider_album_url"":""https://downloads.khinsider.com/game-soundtracks/album/diablo-iii-expanded-soundtrack-macos-ps3-windows-xbox-360-gamerip-2012"",""khinsider_album_title"":""Diablo III (diablo-iii-expanded-soundtrack-macos-ps3-windows-xbox-360-gamerip-2012)"",""khinsider_album_kind"":""official_or_gamerip"",""khinsider_album_match_score"":94.73684210526316,""relevance_score_100"":95.52631578947368,""popularity_score_100"":59.00246175491729,""score_100"":80.91677417565113,""popularity_basis"":""BeatHit master-list game rank plus track position proxy""}"
145,Valley,Unknown credited artist,[],Diablo II (diablo-ii-2000-pc-gamerip),,,"[""video game soundtrack""]","[""und""]",,,,Diablo II,,,khinsider_track_prominence_proxy,52.282461754917286,score_0_100,,,,80.91298470196692,,,,https://downloads.khinsider.com/game-soundtracks/album/diablo-ii-2000-pc-gamerip,2026-10-05,Track title is taken from KHInsider's soundtrack/gamerip album index. Popularity is an explicitly labelled proxy based on BeatHit game rank and track prominence.,"{""culture_category"":""video_game_music"",""video_game"":""Diablo II"",""game_rank"":167,""game_association_kind"":""khinsider_game_soundtrack"",""khinsider_album_url"":""https://downloads.khinsider.com/game-soundtracks/album/diablo-ii-2000-pc-gamerip"",""khinsider_album_title"":""Diablo II (diablo-ii-2000-pc-gamerip)"",""khinsider_album_kind"":""official_or_gamerip"",""khinsider_album_match_score"":100.0,""relevance_score_100"":100.0,""popularity_score_100"":52.282461754917286,""score_100"":80.91298470196692,""popularity_basis"":""BeatHit master-list game rank plus track position proxy""}"
146,King Leoric,Unknown credited artist,[],Diablo III (diablo-iii-expanded-soundtrack-macos-ps3-windows-xbox-360-gamerip-2012),,,"[""video game soundtrack""]","[""und""]",,,,Diablo II,,,khinsider_track_prominence_proxy,58.792461754917284,score_0_100,,,,80.83277417565112,,,,https://downloads.khinsider.com/game-soundtracks/album/diablo-iii-expanded-soundtrack-macos-ps3-windows-xbox-360-gamerip-2012,2026-10-05,Track title is taken from KHInsider's soundtrack/gamerip album index. Popularity is an explicitly labelled proxy based on BeatHit game rank and track prominence.,"{""culture_category"":""video_game_music"",""video_game"":""Diablo II"",""game_rank"":167,""game_association_kind"":""khinsider_game_soundtrack"",""khinsider_album_url"":""https://downloads.khinsider.com/game-soundtracks/album/diablo-iii-expanded-soundtrack-macos-ps3-windows-xbox-360-gamerip-2012"",""khinsider_album_title"":""Diablo III (diablo-iii-expanded-soundtrack-macos-ps3-windows-xbox-360-gamerip-2012)"",""khinsider_album_kind"":""official_or_gamerip"",""khinsider_album_match_score"":94.73684210526316,""relevance_score_100"":95.52631578947368,""popularity_score_100"":58.792461754917284,""score_100"":80.83277417565112,""popularity_basis"":""BeatHit master-list game rank plus track position proxy""}"
147,Wild,Unknown credited artist,[],Diablo II (diablo-ii-2000-pc-gamerip),,,"[""video game soundtrack""]","[""und""]",,,,Diablo II,,,khinsider_track_prominence_proxy,52.07246175491729,score_0_100,,,,80.82898470196692,,,,https://downloads.khinsider.com/game-soundtracks/album/diablo-ii-2000-pc-gamerip,2026-10-05,Track title is taken from KHInsider's soundtrack/gamerip album index. Popularity is an explicitly labelled proxy based on BeatHit game rank and track prominence.,"{""culture_category"":""video_game_music"",""video_game"":""Diablo II"",""game_rank"":167,""game_association_kind"":""khinsider_game_soundtrack"",""khinsider_album_url"":""https://downloads.khinsider.com/game-soundtracks/album/diablo-ii-2000-pc-gamerip"",""khinsider_album_title"":""Diablo II (diablo-ii-2000-pc-gamerip)"",""khinsider_album_kind"":""official_or_gamerip"",""khinsider_album_match_score"":100.0,""relevance_score_100"":100.0,""popularity_score_100"":52.07246175491729,""score_100"":80.82898470196692,""popularity_basis"":""BeatHit master-list game rank plus track position proxy""}"
148,Cemetery of the Forsaken,Unknown credited artist,[],Diablo III (diablo-iii-expanded-soundtrack-macos-ps3-windows-xbox-360-gamerip-2012),,,"[""video game soundtrack""]","[""und""]",,,,Diablo II,,,khinsider_track_prominence_proxy,58.58246175491729,score_0_100,,,,80.74877417565114,,,,https://downloads.khinsider.com/game-soundtracks/album/diablo-iii-expanded-soundtrack-macos-ps3-windows-xbox-360-gamerip-2012,2026-10-05,Track title is taken from KHInsider's soundtrack/gamerip album index. Popularity is an explicitly labelled proxy based on BeatHit game rank and track prominence.,"{""culture_category"":""video_game_music"",""video_game"":""Diablo II"",""game_rank"":167,""game_association_kind"":""khinsider_game_soundtrack"",""khinsider_album_url"":""https://downloads.khinsider.com/game-soundtracks/album/diablo-iii-expanded-soundtrack-macos-ps3-windows-xbox-360-gamerip-2012"",""khinsider_album_title"":""Diablo III (diablo-iii-expanded-soundtrack-macos-ps3-windows-xbox-360-gamerip-2012)"",""khinsider_album_kind"":""official_or_gamerip"",""khinsider_album_match_score"":94.73684210526316,""relevance_score_100"":95.52631578947368,""popularity_score_100"":58.58246175491729,""score_100"":80.74877417565114,""popularity_basis"":""BeatHit master-list game rank plus track position proxy""}"
149,Defiled Crypt,Unknown credited artist,[],Diablo III (diablo-iii-expanded-soundtrack-macos-ps3-windows-xbox-360-gamerip-2012),,,"[""video game soundtrack""]","[""und""]",,,,Diablo II,,,khinsider_track_prominence_proxy,58.37246175491729,score_0_100,,,,80.66477417565113,,,,https://downloads.khinsider.com/game-soundtracks/album/diablo-iii-expanded-soundtrack-macos-ps3-windows-xbox-360-gamerip-2012,2026-10-05,Track title is taken from KHInsider's soundtrack/gamerip album index. Popularity is an explicitly labelled proxy based on BeatHit game rank and track prominence.,"{""culture_category"":""video_game_music"",""video_game"":""Diablo II"",""game_rank"":167,""game_association_kind"":""khinsider_game_soundtrack"",""khinsider_album_url"":""https://downloads.khinsider.com/game-soundtracks/album/diablo-iii-expanded-soundtrack-macos-ps3-windows-xbox-360-gamerip-2012"",""khinsider_album_title"":""Diablo III (diablo-iii-expanded-soundtrack-macos-ps3-windows-xbox-360-gamerip-2012)"",""khinsider_album_kind"":""official_or_gamerip"",""khinsider_album_match_score"":94.73684210526316,""relevance_score_100"":95.52631578947368,""popularity_score_100"":58.37246175491729,""score_100"":80.66477417565113,""popularity_basis"":""BeatHit master-list game rank plus track position proxy""}"
150,"Manglemaw, Horror of the Crypt",Unknown credited artist,[],Diablo III (diablo-iii-expanded-soundtrack-macos-ps3-windows-xbox-360-gamerip-2012),,,"[""video game soundtrack""]","[""und""]",,,,Diablo II,,,khinsider_track_prominence_proxy,58.16246175491729,score_0_100,,,,80.58077417565113,,,,https://downloads.khinsider.com/game-soundtracks/album/diablo-iii-expanded-soundtrack-macos-ps3-windows-xbox-360-gamerip-2012,2026-10-05,Track title is taken from KHInsider's soundtrack/gamerip album index. Popularity is an explicitly labelled proxy based on BeatHit game rank and track prominence.,"{""culture_category"":""video_game_music"",""video_game"":""Diablo II"",""game_rank"":167,""game_association_kind"":""khinsider_game_soundtrack"",""khinsider_album_url"":""https://downloads.khinsider.com/game-soundtracks/album/diablo-iii-expanded-soundtrack-macos-ps3-windows-xbox-360-gamerip-2012"",""khinsider_album_title"":""Diablo III (diablo-iii-expanded-soundtrack-macos-ps3-windows-xbox-360-gamerip-2012)"",""khinsider_album_kind"":""official_or_gamerip"",""khinsider_album_match_score"":94.73684210526316,""relevance_score_100"":95.52631578947368,""popularity_score_100"":58.16246175491729,""score_100"":80.58077417565113,""popularity_basis"":""BeatHit master-list game rank plus track position proxy""}"
151,"The Skeleton King, Mad King of Tristram",Unknown credited artist,[],Diablo III (diablo-iii-expanded-soundtrack-macos-ps3-windows-xbox-360-gamerip-2012),,,"[""video game soundtrack""]","[""und""]",,,,Diablo II,,,khinsider_track_prominence_proxy,57.95246175491729,score_0_100,,,,80.49677417565113,,,,https://downloads.khinsider.com/game-soundtracks/album/diablo-iii-expanded-soundtrack-macos-ps3-windows-xbox-360-gamerip-2012,2026-10-05,Track title is taken from KHInsider's soundtrack/gamerip album index. Popularity is an explicitly labelled proxy based on BeatHit game rank and track prominence.,"{""culture_category"":""video_game_music"",""video_game"":""Diablo II"",""game_rank"":167,""game_association_kind"":""khinsider_game_soundtrack"",""khinsider_album_url"":""https://downloads.khinsider.com/game-soundtracks/album/diablo-iii-expanded-soundtrack-macos-ps3-windows-xbox-360-gamerip-2012"",""khinsider_album_title"":""Diablo III (diablo-iii-expanded-soundtrack-macos-ps3-windows-xbox-360-gamerip-2012)"",""khinsider_album_kind"":""official_or_gamerip"",""khinsider_album_match_score"":94.73684210526316,""relevance_score_100"":95.52631578947368,""popularity_score_100"":57.95246175491729,""score_100"":80.49677417565113,""popularity_basis"":""BeatHit master-list game rank plus track position proxy""}"
152,The Fallen Star,Unknown credited artist,[],Diablo III (diablo-iii-expanded-soundtrack-macos-ps3-windows-xbox-360-gamerip-2012),,,"[""video game soundtrack""]","[""und""]",,,,Diablo II,,,khinsider_track_prominence_proxy,57.74246175491729,score_0_100,,,,80.41277417565112,,,,https://downloads.khinsider.com/game-soundtracks/album/diablo-iii-expanded-soundtrack-macos-ps3-windows-xbox-360-gamerip-2012,2026-10-05,Track title is taken from KHInsider's soundtrack/gamerip album index. Popularity is an explicitly labelled proxy based on BeatHit game rank and track prominence.,"{""culture_category"":""video_game_music"",""video_game"":""Diablo II"",""game_rank"":167,""game_association_kind"":""khinsider_game_soundtrack"",""khinsider_album_url"":""https://downloads.khinsider.com/game-soundtracks/album/diablo-iii-expanded-soundtrack-macos-ps3-windows-xbox-360-gamerip-2012"",""khinsider_album_title"":""Diablo III (diablo-iii-expanded-soundtrack-macos-ps3-windows-xbox-360-gamerip-2012)"",""khinsider_album_kind"":""official_or_gamerip"",""khinsider_album_match_score"":94.73684210526316,""relevance_score_100"":95.52631578947368,""popularity_score_100"":57.74246175491729,""score_100"":80.41277417565112,""popularity_basis"":""BeatHit master-list game rank plus track position proxy""}"
153,Fields of Misery,Unknown credited artist,[],Diablo III (diablo-iii-expanded-soundtrack-macos-ps3-windows-xbox-360-gamerip-2012),,,"[""video game soundtrack""]","[""und""]",,,,Diablo II,,,khinsider_track_prominence_proxy,57.532461754917286,score_0_100,,,,80.32877417565112,,,,https://downloads.khinsider.com/game-soundtracks/album/diablo-iii-expanded-soundtrack-macos-ps3-windows-xbox-360-gamerip-2012,2026-10-05,Track title is taken from KHInsider's soundtrack/gamerip album index. Popularity is an explicitly labelled proxy based on BeatHit game rank and track prominence.,"{""culture_category"":""video_game_music"",""video_game"":""Diablo II"",""game_rank"":167,""game_association_kind"":""khinsider_game_soundtrack"",""khinsider_album_url"":""https://downloads.khinsider.com/game-soundtracks/album/diablo-iii-expanded-soundtrack-macos-ps3-windows-xbox-360-gamerip-2012"",""khinsider_album_title"":""Diablo III (diablo-iii-expanded-soundtrack-macos-ps3-windows-xbox-360-gamerip-2012)"",""khinsider_album_kind"":""official_or_gamerip"",""khinsider_album_match_score"":94.73684210526316,""relevance_score_100"":95.52631578947368,""popularity_score_100"":57.532461754917286,""score_100"":80.32877417565112,""popularity_basis"":""BeatHit master-list game rank plus track position proxy""}"
154,Khazra Den,Unknown credited artist,[],Diablo III (diablo-iii-expanded-soundtrack-macos-ps3-windows-xbox-360-gamerip-2012),,,"[""video game soundtrack""]","[""und""]",,,,Diablo II,,,khinsider_track_prominence_proxy,57.32246175491729,score_0_100,,,,80.24477417565113,,,,https://downloads.khinsider.com/game-soundtracks/album/diablo-iii-expanded-soundtrack-macos-ps3-windows-xbox-360-gamerip-2012,2026-10-05,Track title is taken from KHInsider's soundtrack/gamerip album index. Popularity is an explicitly labelled proxy based on BeatHit game rank and track prominence.,"{""culture_category"":""video_game_music"",""video_game"":""Diablo II"",""game_rank"":167,""game_association_kind"":""khinsider_game_soundtrack"",""khinsider_album_url"":""https://downloads.khinsider.com/game-soundtracks/album/diablo-iii-expanded-soundtrack-macos-ps3-windows-xbox-360-gamerip-2012"",""khinsider_album_title"":""Diablo III (diablo-iii-expanded-soundtrack-macos-ps3-windows-xbox-360-gamerip-2012)"",""khinsider_album_kind"":""official_or_gamerip"",""khinsider_album_match_score"":94.73684210526316,""relevance_score_100"":95.52631578947368,""popularity_score_100"":57.32246175491729,""score_100"":80.24477417565113,""popularity_basis"":""BeatHit master-list game rank plus track position proxy""}"
155,Drowned Temple,Unknown credited artist,[],Diablo III (diablo-iii-expanded-soundtrack-macos-ps3-windows-xbox-360-gamerip-2012),,,"[""video game soundtrack""]","[""und""]",,,,Diablo II,,,khinsider_track_prominence_proxy,57.11246175491729,score_0_100,,,,80.16077417565113,,,,https://downloads.khinsider.com/game-soundtracks/album/diablo-iii-expanded-soundtrack-macos-ps3-windows-xbox-360-gamerip-2012,2026-10-05,Track title is taken from KHInsider's soundtrack/gamerip album index. Popularity is an explicitly labelled proxy based on BeatHit game rank and track prominence.,"{""culture_category"":""video_game_music"",""video_game"":""Diablo II"",""game_rank"":167,""game_association_kind"":""khinsider_game_soundtrack"",""khinsider_album_url"":""https://downloads.khinsider.com/game-soundtracks/album/diablo-iii-expanded-soundtrack-macos-ps3-windows-xbox-360-gamerip-2012"",""khinsider_album_title"":""Diablo III (diablo-iii-expanded-soundtrack-macos-ps3-windows-xbox-360-gamerip-2012)"",""khinsider_album_kind"":""official_or_gamerip"",""khinsider_album_match_score"":94.73684210526316,""relevance_score_100"":95.52631578947368,""popularity_score_100"":57.11246175491729,""score_100"":80.16077417565113,""popularity_basis"":""BeatHit master-list game rank plus track position proxy""}"
156,Festering Woods,Unknown credited artist,[],Diablo III (diablo-iii-expanded-soundtrack-macos-ps3-windows-xbox-360-gamerip-2012),,,"[""video game soundtrack""]","[""und""]",,,,Diablo II,,,khinsider_track_prominence_proxy,56.90246175491729,score_0_100,,,,80.07677417565114,,,,https://downloads.khinsider.com/game-soundtracks/album/diablo-iii-expanded-soundtrack-macos-ps3-windows-xbox-360-gamerip-2012,2026-10-05,Track title is taken from KHInsider's soundtrack/gamerip album index. Popularity is an explicitly labelled proxy based on BeatHit game rank and track prominence.,"{""culture_category"":""video_game_music"",""video_game"":""Diablo II"",""game_rank"":167,""game_association_kind"":""khinsider_game_soundtrack"",""khinsider_album_url"":""https://downloads.khinsider.com/game-soundtracks/album/diablo-iii-expanded-soundtrack-macos-ps3-windows-xbox-360-gamerip-2012"",""khinsider_album_title"":""Diablo III (diablo-iii-expanded-soundtrack-macos-ps3-windows-xbox-360-gamerip-2012)"",""khinsider_album_kind"":""official_or_gamerip"",""khinsider_album_match_score"":94.73684210526316,""relevance_score_100"":95.52631578947368,""popularity_score_100"":56.90246175491729,""score_100"":80.07677417565114,""popularity_basis"":""BeatHit master-list game rank plus track position proxy""}"
157,Beacon,Unknown credited artist,[],Diablo III (diablo-iii-expanded-soundtrack-macos-ps3-windows-xbox-360-gamerip-2012),,,"[""video game soundtrack""]","[""und""]",,,,Diablo II,,,khinsider_track_prominence_proxy,56.69246175491729,score_0_100,,,,79.99277417565114,,,,https://downloads.khinsider.com/game-soundtracks/album/diablo-iii-expanded-soundtrack-macos-ps3-windows-xbox-360-gamerip-2012,2026-10-05,Track title is taken from KHInsider's soundtrack/gamerip album index. Popularity is an explicitly labelled proxy based on BeatHit game rank and track prominence.,"{""culture_category"":""video_game_music"",""video_game"":""Diablo II"",""game_rank"":167,""game_association_kind"":""khinsider_game_soundtrack"",""khinsider_album_url"":""https://downloads.khinsider.com/game-soundtracks/album/diablo-iii-expanded-soundtrack-macos-ps3-windows-xbox-360-gamerip-2012"",""khinsider_album_title"":""Diablo III (diablo-iii-expanded-soundtrack-macos-ps3-windows-xbox-360-gamerip-2012)"",""khinsider_album_kind"":""official_or_gamerip"",""khinsider_album_match_score"":94.73684210526316,""relevance_score_100"":95.52631578947368,""popularity_score_100"":56.69246175491729,""score_100"":79.99277417565114,""popularity_basis"":""BeatHit master-list game rank plus track position proxy""}"
158,The Nephalem,Unknown credited artist,[],Diablo III (diablo-iii-expanded-soundtrack-macos-ps3-windows-xbox-360-gamerip-2012),,,"[""video game soundtrack""]","[""und""]",,,,Diablo II,,,khinsider_track_prominence_proxy,56.48246175491729,score_0_100,,,,79.90877417565113,,,,https://downloads.khinsider.com/game-soundtracks/album/diablo-iii-expanded-soundtrack-macos-ps3-windows-xbox-360-gamerip-2012,2026-10-05,Track title is taken from KHInsider's soundtrack/gamerip album index. Popularity is an explicitly labelled proxy based on BeatHit game rank and track prominence.,"{""culture_category"":""video_game_music"",""video_game"":""Diablo II"",""game_rank"":167,""game_association_kind"":""khinsider_game_soundtrack"",""khinsider_album_url"":""https://downloads.khinsider.com/game-soundtracks/album/diablo-iii-expanded-soundtrack-macos-ps3-windows-xbox-360-gamerip-2012"",""khinsider_album_title"":""Diablo III (diablo-iii-expanded-soundtrack-macos-ps3-windows-xbox-360-gamerip-2012)"",""khinsider_album_kind"":""official_or_gamerip"",""khinsider_album_match_score"":94.73684210526316,""relevance_score_100"":95.52631578947368,""popularity_score_100"":56.48246175491729,""score_100"":79.90877417565113,""popularity_basis"":""BeatHit master-list game rank plus track position proxy""}"
159,Wortham,Unknown credited artist,[],Diablo III (diablo-iii-expanded-soundtrack-macos-ps3-windows-xbox-360-gamerip-2012),,,"[""video game soundtrack""]","[""und""]",,,,Diablo II,,,khinsider_track_prominence_proxy,56.27246175491729,score_0_100,,,,79.82477417565113,,,,https://downloads.khinsider.com/game-soundtracks/album/diablo-iii-expanded-soundtrack-macos-ps3-windows-xbox-360-gamerip-2012,2026-10-05,Track title is taken from KHInsider's soundtrack/gamerip album index. Popularity is an explicitly labelled proxy based on BeatHit game rank and track prominence.,"{""culture_category"":""video_game_music"",""video_game"":""Diablo II"",""game_rank"":167,""game_association_kind"":""khinsider_game_soundtrack"",""khinsider_album_url"":""https://downloads.khinsider.com/game-soundtracks/album/diablo-iii-expanded-soundtrack-macos-ps3-windows-xbox-360-gamerip-2012"",""khinsider_album_title"":""Diablo III (diablo-iii-expanded-soundtrack-macos-ps3-windows-xbox-360-gamerip-2012)"",""khinsider_album_kind"":""official_or_gamerip"",""khinsider_album_match_score"":94.73684210526316,""relevance_score_100"":95.52631578947368,""popularity_score_100"":56.27246175491729,""score_100"":79.82477417565113,""popularity_basis"":""BeatHit master-list game rank plus track position proxy""}"
160,The Coven,Unknown credited artist,[],Diablo III (diablo-iii-expanded-soundtrack-macos-ps3-windows-xbox-360-gamerip-2012),,,"[""video game soundtrack""]","[""und""]",,,,Diablo II,,,khinsider_track_prominence_proxy,56.062461754917294,score_0_100,,,,79.74077417565113,,,,https://downloads.khinsider.com/game-soundtracks/album/diablo-iii-expanded-soundtrack-macos-ps3-windows-xbox-360-gamerip-2012,2026-10-05,Track title is taken from KHInsider's soundtrack/gamerip album index. Popularity is an explicitly labelled proxy based on BeatHit game rank and track prominence.,"{""culture_category"":""video_game_music"",""video_game"":""Diablo II"",""game_rank"":167,""game_association_kind"":""khinsider_game_soundtrack"",""khinsider_album_url"":""https://downloads.khinsider.com/game-soundtracks/album/diablo-iii-expanded-soundtrack-macos-ps3-windows-xbox-360-gamerip-2012"",""khinsider_album_title"":""Diablo III (diablo-iii-expanded-soundtrack-macos-ps3-windows-xbox-360-gamerip-2012)"",""khinsider_album_kind"":""official_or_gamerip"",""khinsider_album_match_score"":94.73684210526316,""relevance_score_100"":95.52631578947368,""popularity_score_100"":56.062461754917294,""score_100"":79.74077417565113,""popularity_basis"":""BeatHit master-list game rank plus track position proxy""}"
161,Caverns of Araneae,Unknown credited artist,[],Diablo III (diablo-iii-expanded-soundtrack-macos-ps3-windows-xbox-360-gamerip-2012),,,"[""video game soundtrack""]","[""und""]",,,,Diablo II,,,khinsider_track_prominence_proxy,55.852461754917286,score_0_100,,,,79.65677417565112,,,,https://downloads.khinsider.com/game-soundtracks/album/diablo-iii-expanded-soundtrack-macos-ps3-windows-xbox-360-gamerip-2012,2026-10-05,Track title is taken from KHInsider's soundtrack/gamerip album index. Popularity is an explicitly labelled proxy based on BeatHit game rank and track prominence.,"{""culture_category"":""video_game_music"",""video_game"":""Diablo II"",""game_rank"":167,""game_association_kind"":""khinsider_game_soundtrack"",""khinsider_album_url"":""https://downloads.khinsider.com/game-soundtracks/album/diablo-iii-expanded-soundtrack-macos-ps3-windows-xbox-360-gamerip-2012"",""khinsider_album_title"":""Diablo III (diablo-iii-expanded-soundtrack-macos-ps3-windows-xbox-360-gamerip-2012)"",""khinsider_album_kind"":""official_or_gamerip"",""khinsider_album_match_score"":94.73684210526316,""relevance_score_100"":95.52631578947368,""popularity_score_100"":55.852461754917286,""score_100"":79.65677417565112,""popularity_basis"":""BeatHit master-list game rank plus track position proxy""}"
162,"Queen Araneae, The Shadow Weaver",Unknown credited artist,[],Diablo III (diablo-iii-expanded-soundtrack-macos-ps3-windows-xbox-360-gamerip-2012),,,"[""video game soundtrack""]","[""und""]",,,,Diablo II,,,khinsider_track_prominence_proxy,55.64246175491729,score_0_100,,,,79.57277417565113,,,,https://downloads.khinsider.com/game-soundtracks/album/diablo-iii-expanded-soundtrack-macos-ps3-windows-xbox-360-gamerip-2012,2026-10-05,Track title is taken from KHInsider's soundtrack/gamerip album index. Popularity is an explicitly labelled proxy based on BeatHit game rank and track prominence.,"{""culture_category"":""video_game_music"",""video_game"":""Diablo II"",""game_rank"":167,""game_association_kind"":""khinsider_game_soundtrack"",""khinsider_album_url"":""https://downloads.khinsider.com/game-soundtracks/album/diablo-iii-expanded-soundtrack-macos-ps3-windows-xbox-360-gamerip-2012"",""khinsider_album_title"":""Diablo III (diablo-iii-expanded-soundtrack-macos-ps3-windows-xbox-360-gamerip-2012)"",""khinsider_album_kind"":""official_or_gamerip"",""khinsider_album_match_score"":94.73684210526316,""relevance_score_100"":95.52631578947368,""popularity_score_100"":55.64246175491729,""score_100"":79.57277417565113,""popularity_basis"":""BeatHit master-list game rank plus track position proxy""}"
163,The Highlands,Unknown credited artist,[],Diablo III (diablo-iii-expanded-soundtrack-macos-ps3-windows-xbox-360-gamerip-2012),,,"[""video game soundtrack""]","[""und""]",,,,Diablo II,,,khinsider_track_prominence_proxy,55.432461754917284,score_0_100,,,,79.48877417565113,,,,https://downloads.khinsider.com/game-soundtracks/album/diablo-iii-expanded-soundtrack-macos-ps3-windows-xbox-360-gamerip-2012,2026-10-05,Track title is taken from KHInsider's soundtrack/gamerip album index. Popularity is an explicitly labelled proxy based on BeatHit game rank and track prominence.,"{""culture_category"":""video_game_music"",""video_game"":""Diablo II"",""game_rank"":167,""game_association_kind"":""khinsider_game_soundtrack"",""khinsider_album_url"":""https://downloads.khinsider.com/game-soundtracks/album/diablo-iii-expanded-soundtrack-macos-ps3-windows-xbox-360-gamerip-2012"",""khinsider_album_title"":""Diablo III (diablo-iii-expanded-soundtrack-macos-ps3-windows-xbox-360-gamerip-2012)"",""khinsider_album_kind"":""official_or_gamerip"",""khinsider_album_match_score"":94.73684210526316,""relevance_score_100"":95.52631578947368,""popularity_score_100"":55.432461754917284,""score_100"":79.48877417565113,""popularity_basis"":""BeatHit master-list game rank plus track position proxy""}"
164,Leoric's Manor,Unknown credited artist,[],Diablo III (diablo-iii-expanded-soundtrack-macos-ps3-windows-xbox-360-gamerip-2012),,,"[""video game soundtrack""]","[""und""]",,,,Diablo II,,,khinsider_track_prominence_proxy,55.22246175491729,score_0_100,,,,79.40477417565113,,,,https://downloads.khinsider.com/game-soundtracks/album/diablo-iii-expanded-soundtrack-macos-ps3-windows-xbox-360-gamerip-2012,2026-10-05,Track title is taken from KHInsider's soundtrack/gamerip album index. Popularity is an explicitly labelled proxy based on BeatHit game rank and track prominence.,"{""culture_category"":""video_game_music"",""video_game"":""Diablo II"",""game_rank"":167,""game_association_kind"":""khinsider_game_soundtrack"",""khinsider_album_url"":""https://downloads.khinsider.com/game-soundtracks/album/diablo-iii-expanded-soundtrack-macos-ps3-windows-xbox-360-gamerip-2012"",""khinsider_album_title"":""Diablo III (diablo-iii-expanded-soundtrack-macos-ps3-windows-xbox-360-gamerip-2012)"",""khinsider_album_kind"":""official_or_gamerip"",""khinsider_album_match_score"":94.73684210526316,""relevance_score_100"":95.52631578947368,""popularity_score_100"":55.22246175491729,""score_100"":79.40477417565113,""popularity_basis"":""BeatHit master-list game rank plus track position proxy""}"
165,Halls of Agony,Unknown credited artist,[],Diablo III (diablo-iii-expanded-soundtrack-macos-ps3-windows-xbox-360-gamerip-2012),,,"[""video game soundtrack""]","[""und""]",,,,Diablo II,,,khinsider_track_prominence_proxy,55.01246175491729,score_0_100,,,,79.32077417565114,,,,https://downloads.khinsider.com/game-soundtracks/album/diablo-iii-expanded-soundtrack-macos-ps3-windows-xbox-360-gamerip-2012,2026-10-05,Track title is taken from KHInsider's soundtrack/gamerip album index. Popularity is an explicitly labelled proxy based on BeatHit game rank and track prominence.,"{""culture_category"":""video_game_music"",""video_game"":""Diablo II"",""game_rank"":167,""game_association_kind"":""khinsider_game_soundtrack"",""khinsider_album_url"":""https://downloads.khinsider.com/game-soundtracks/album/diablo-iii-expanded-soundtrack-macos-ps3-windows-xbox-360-gamerip-2012"",""khinsider_album_title"":""Diablo III (diablo-iii-expanded-soundtrack-macos-ps3-windows-xbox-360-gamerip-2012)"",""khinsider_album_kind"":""official_or_gamerip"",""khinsider_album_match_score"":94.73684210526316,""relevance_score_100"":95.52631578947368,""popularity_score_100"":55.01246175491729,""score_100"":79.32077417565114,""popularity_basis"":""BeatHit master-list game rank plus track position proxy""}"
166,Cursed Hold,Unknown credited artist,[],Diablo III (diablo-iii-expanded-soundtrack-macos-ps3-windows-xbox-360-gamerip-2012),,,"[""video game soundtrack""]","[""und""]",,,,Diablo II,,,khinsider_track_prominence_proxy,54.80246175491729,score_0_100,,,,79.23677417565114,,,,https://downloads.khinsider.com/game-soundtracks/album/diablo-iii-expanded-soundtrack-macos-ps3-windows-xbox-360-gamerip-2012,2026-10-05,Track title is taken from KHInsider's soundtrack/gamerip album index. Popularity is an explicitly labelled proxy based on BeatHit game rank and track prominence.,"{""culture_category"":""video_game_music"",""video_game"":""Diablo II"",""game_rank"":167,""game_association_kind"":""khinsider_game_soundtrack"",""khinsider_album_url"":""https://downloads.khinsider.com/game-soundtracks/album/diablo-iii-expanded-soundtrack-macos-ps3-windows-xbox-360-gamerip-2012"",""khinsider_album_title"":""Diablo III (diablo-iii-expanded-soundtrack-macos-ps3-windows-xbox-360-gamerip-2012)"",""khinsider_album_kind"":""official_or_gamerip"",""khinsider_album_match_score"":94.73684210526316,""relevance_score_100"":95.52631578947368,""popularity_score_100"":54.80246175491729,""score_100"":79.23677417565114,""popularity_basis"":""BeatHit master-list game rank plus track position proxy""}"
167,Queen Asylla,Unknown credited artist,[],Diablo III (diablo-iii-expanded-soundtrack-macos-ps3-windows-xbox-360-gamerip-2012),,,"[""video game soundtrack""]","[""und""]",,,,Diablo II,,,khinsider_track_prominence_proxy,54.59246175491729,score_0_100,,,,79.15277417565113,,,,https://downloads.khinsider.com/game-soundtracks/album/diablo-iii-expanded-soundtrack-macos-ps3-windows-xbox-360-gamerip-2012,2026-10-05,Track title is taken from KHInsider's soundtrack/gamerip album index. Popularity is an explicitly labelled proxy based on BeatHit game rank and track prominence.,"{""culture_category"":""video_game_music"",""video_game"":""Diablo II"",""game_rank"":167,""game_association_kind"":""khinsider_game_soundtrack"",""khinsider_album_url"":""https://downloads.khinsider.com/game-soundtracks/album/diablo-iii-expanded-soundtrack-macos-ps3-windows-xbox-360-gamerip-2012"",""khinsider_album_title"":""Diablo III (diablo-iii-expanded-soundtrack-macos-ps3-windows-xbox-360-gamerip-2012)"",""khinsider_album_kind"":""official_or_gamerip"",""khinsider_album_match_score"":94.73684210526316,""relevance_score_100"":95.52631578947368,""popularity_score_100"":54.59246175491729,""score_100"":79.15277417565113,""popularity_basis"":""BeatHit master-list game rank plus track position proxy""}"
168,The Dungeons,Unknown credited artist,[],Diablo III (diablo-iii-expanded-soundtrack-macos-ps3-windows-xbox-360-gamerip-2012),,,"[""video game soundtrack""]","[""und""]",,,,Diablo II,,,khinsider_track_prominence_proxy,54.38246175491729,score_0_100,,,,79.06877417565113,,,,https://downloads.khinsider.com/game-soundtracks/album/diablo-iii-expanded-soundtrack-macos-ps3-windows-xbox-360-gamerip-2012,2026-10-05,Track title is taken from KHInsider's soundtrack/gamerip album index. Popularity is an explicitly labelled proxy based on BeatHit game rank and track prominence.,"{""culture_category"":""video_game_music"",""video_game"":""Diablo II"",""game_rank"":167,""game_association_kind"":""khinsider_game_soundtrack"",""khinsider_album_url"":""https://downloads.khinsider.com/game-soundtracks/album/diablo-iii-expanded-soundtrack-macos-ps3-windows-xbox-360-gamerip-2012"",""khinsider_album_title"":""Diablo III (diablo-iii-expanded-soundtrack-macos-ps3-windows-xbox-360-gamerip-2012)"",""khinsider_album_kind"":""official_or_gamerip"",""khinsider_album_match_score"":94.73684210526316,""relevance_score_100"":95.52631578947368,""popularity_score_100"":54.38246175491729,""score_100"":79.06877417565113,""popularity_basis"":""BeatHit master-list game rank plus track position proxy""}"
169,The Warden,Unknown credited artist,[],Diablo III (diablo-iii-expanded-soundtrack-macos-ps3-windows-xbox-360-gamerip-2012),,,"[""video game soundtrack""]","[""und""]",,,,Diablo II,,,khinsider_track_prominence_proxy,54.17246175491729,score_0_100,,,,78.98477417565113,,,,https://downloads.khinsider.com/game-soundtracks/album/diablo-iii-expanded-soundtrack-macos-ps3-windows-xbox-360-gamerip-2012,2026-10-05,Track title is taken from KHInsider's soundtrack/gamerip album index. Popularity is an explicitly labelled proxy based on BeatHit game rank and track prominence.,"{""culture_category"":""video_game_music"",""video_game"":""Diablo II"",""game_rank"":167,""game_association_kind"":""khinsider_game_soundtrack"",""khinsider_album_url"":""https://downloads.khinsider.com/game-soundtracks/album/diablo-iii-expanded-soundtrack-macos-ps3-windows-xbox-360-gamerip-2012"",""khinsider_album_title"":""Diablo III (diablo-iii-expanded-soundtrack-macos-ps3-windows-xbox-360-gamerip-2012)"",""khinsider_album_kind"":""official_or_gamerip"",""khinsider_album_match_score"":94.73684210526316,""relevance_score_100"":95.52631578947368,""popularity_score_100"":54.17246175491729,""score_100"":78.98477417565113,""popularity_basis"":""BeatHit master-list game rank plus track position proxy""}"
170,"The Butcher, Flesh Carver",Unknown credited artist,[],Diablo III (diablo-iii-expanded-soundtrack-macos-ps3-windows-xbox-360-gamerip-2012),,,"[""video game soundtrack""]","[""und""]",,,,Diablo II,,,khinsider_track_prominence_proxy,53.962461754917285,score_0_100,,,,78.90077417565112,,,,https://downloads.khinsider.com/game-soundtracks/album/diablo-iii-expanded-soundtrack-macos-ps3-windows-xbox-360-gamerip-2012,2026-10-05,Track title is taken from KHInsider's soundtrack/gamerip album index. Popularity is an explicitly labelled proxy based on BeatHit game rank and track prominence.,"{""culture_category"":""video_game_music"",""video_game"":""Diablo II"",""game_rank"":167,""game_association_kind"":""khinsider_game_soundtrack"",""khinsider_album_url"":""https://downloads.khinsider.com/game-soundtracks/album/diablo-iii-expanded-soundtrack-macos-ps3-windows-xbox-360-gamerip-2012"",""khinsider_album_title"":""Diablo III (diablo-iii-expanded-soundtrack-macos-ps3-windows-xbox-360-gamerip-2012)"",""khinsider_album_kind"":""official_or_gamerip"",""khinsider_album_match_score"":94.73684210526316,""relevance_score_100"":95.52631578947368,""popularity_score_100"":53.962461754917285,""score_100"":78.90077417565112,""popularity_basis"":""BeatHit master-list game rank plus track position proxy""}"
171,Altar,Unknown credited artist,[],Diablo III (diablo-iii-expanded-soundtrack-macos-ps3-windows-xbox-360-gamerip-2012),,,"[""video game soundtrack""]","[""und""]",,,,Diablo II,,,khinsider_track_prominence_proxy,53.75246175491729,score_0_100,,,,78.81677417565113,,,,https://downloads.khinsider.com/game-soundtracks/album/diablo-iii-expanded-soundtrack-macos-ps3-windows-xbox-360-gamerip-2012,2026-10-05,Track title is taken from KHInsider's soundtrack/gamerip album index. Popularity is an explicitly labelled proxy based on BeatHit game rank and track prominence.,"{""culture_category"":""video_game_music"",""video_game"":""Diablo II"",""game_rank"":167,""game_association_kind"":""khinsider_game_soundtrack"",""khinsider_album_url"":""https://downloads.khinsider.com/game-soundtracks/album/diablo-iii-expanded-soundtrack-macos-ps3-windows-xbox-360-gamerip-2012"",""khinsider_album_title"":""Diablo III (diablo-iii-expanded-soundtrack-macos-ps3-windows-xbox-360-gamerip-2012)"",""khinsider_album_kind"":""official_or_gamerip"",""khinsider_album_match_score"":94.73684210526316,""relevance_score_100"":95.52631578947368,""popularity_score_100"":53.75246175491729,""score_100"":78.81677417565113,""popularity_basis"":""BeatHit master-list game rank plus track position proxy""}"
172,"Tyrael, Archangel of Justice",Unknown credited artist,[],Diablo III (diablo-iii-expanded-soundtrack-macos-ps3-windows-xbox-360-gamerip-2012),,,"[""video game soundtrack""]","[""und""]",,,,Diablo II,,,khinsider_track_prominence_proxy,53.542461754917284,score_0_100,,,,78.73277417565113,,,,https://downloads.khinsider.com/game-soundtracks/album/diablo-iii-expanded-soundtrack-macos-ps3-windows-xbox-360-gamerip-2012,2026-10-05,Track title is taken from KHInsider's soundtrack/gamerip album index. Popularity is an explicitly labelled proxy based on BeatHit game rank and track prominence.,"{""culture_category"":""video_game_music"",""video_game"":""Diablo II"",""game_rank"":167,""game_association_kind"":""khinsider_game_soundtrack"",""khinsider_album_url"":""https://downloads.khinsider.com/game-soundtracks/album/diablo-iii-expanded-soundtrack-macos-ps3-windows-xbox-360-gamerip-2012"",""khinsider_album_title"":""Diablo III (diablo-iii-expanded-soundtrack-macos-ps3-windows-xbox-360-gamerip-2012)"",""khinsider_album_kind"":""official_or_gamerip"",""khinsider_album_match_score"":94.73684210526316,""relevance_score_100"":95.52631578947368,""popularity_score_100"":53.542461754917284,""score_100"":78.73277417565113,""popularity_basis"":""BeatHit master-list game rank plus track position proxy""}"
173,Shadow of the Future,Unknown credited artist,[],Diablo III (diablo-iii-expanded-soundtrack-macos-ps3-windows-xbox-360-gamerip-2012),,,"[""video game soundtrack""]","[""und""]",,,,Diablo II,,,khinsider_track_prominence_proxy,53.33246175491729,score_0_100,,,,78.64877417565113,,,,https://downloads.khinsider.com/game-soundtracks/album/diablo-iii-expanded-soundtrack-macos-ps3-windows-xbox-360-gamerip-2012,2026-10-05,Track title is taken from KHInsider's soundtrack/gamerip album index. Popularity is an explicitly labelled proxy based on BeatHit game rank and track prominence.,"{""culture_category"":""video_game_music"",""video_game"":""Diablo II"",""game_rank"":167,""game_association_kind"":""khinsider_game_soundtrack"",""khinsider_album_url"":""https://downloads.khinsider.com/game-soundtracks/album/diablo-iii-expanded-soundtrack-macos-ps3-windows-xbox-360-gamerip-2012"",""khinsider_album_title"":""Diablo III (diablo-iii-expanded-soundtrack-macos-ps3-windows-xbox-360-gamerip-2012)"",""khinsider_album_kind"":""official_or_gamerip"",""khinsider_album_match_score"":94.73684210526316,""relevance_score_100"":95.52631578947368,""popularity_score_100"":53.33246175491729,""score_100"":78.64877417565113,""popularity_basis"":""BeatHit master-list game rank plus track position proxy""}"
174,The Funeral of Deckard Cain,Unknown credited artist,[],Diablo III (diablo-iii-expanded-soundtrack-macos-ps3-windows-xbox-360-gamerip-2012),,,"[""video game soundtrack""]","[""und""]",,,,Diablo II,,,khinsider_track_prominence_proxy,53.12246175491729,score_0_100,,,,78.56477417565114,,,,https://downloads.khinsider.com/game-soundtracks/album/diablo-iii-expanded-soundtrack-macos-ps3-windows-xbox-360-gamerip-2012,2026-10-05,Track title is taken from KHInsider's soundtrack/gamerip album index. Popularity is an explicitly labelled proxy based on BeatHit game rank and track prominence.,"{""culture_category"":""video_game_music"",""video_game"":""Diablo II"",""game_rank"":167,""game_association_kind"":""khinsider_game_soundtrack"",""khinsider_album_url"":""https://downloads.khinsider.com/game-soundtracks/album/diablo-iii-expanded-soundtrack-macos-ps3-windows-xbox-360-gamerip-2012"",""khinsider_album_title"":""Diablo III (diablo-iii-expanded-soundtrack-macos-ps3-windows-xbox-360-gamerip-2012)"",""khinsider_album_kind"":""official_or_gamerip"",""khinsider_album_match_score"":94.73684210526316,""relevance_score_100"":95.52631578947368,""popularity_score_100"":53.12246175491729,""score_100"":78.56477417565114,""popularity_basis"":""BeatHit master-list game rank plus track position proxy""}"
175,Sacrifice,Unknown credited artist,[],Diablo III (diablo-iii-expanded-soundtrack-macos-ps3-windows-xbox-360-gamerip-2012),,,"[""video game soundtrack""]","[""und""]",,,,Diablo II,,,khinsider_track_prominence_proxy,52.91246175491729,score_0_100,,,,78.48077417565113,,,,https://downloads.khinsider.com/game-soundtracks/album/diablo-iii-expanded-soundtrack-macos-ps3-windows-xbox-360-gamerip-2012,2026-10-05,Track title is taken from KHInsider's soundtrack/gamerip album index. Popularity is an explicitly labelled proxy based on BeatHit game rank and track prominence.,"{""culture_category"":""video_game_music"",""video_game"":""Diablo II"",""game_rank"":167,""game_association_kind"":""khinsider_game_soundtrack"",""khinsider_album_url"":""https://downloads.khinsider.com/game-soundtracks/album/diablo-iii-expanded-soundtrack-macos-ps3-windows-xbox-360-gamerip-2012"",""khinsider_album_title"":""Diablo III (diablo-iii-expanded-soundtrack-macos-ps3-windows-xbox-360-gamerip-2012)"",""khinsider_album_kind"":""official_or_gamerip"",""khinsider_album_match_score"":94.73684210526316,""relevance_score_100"":95.52631578947368,""popularity_score_100"":52.91246175491729,""score_100"":78.48077417565113,""popularity_basis"":""BeatHit master-list game rank plus track position proxy""}"
176,Act 2 Introduction,Unknown credited artist,[],Diablo III (diablo-iii-expanded-soundtrack-macos-ps3-windows-xbox-360-gamerip-2012),,,"[""video game soundtrack""]","[""und""]",,,,Diablo II,,,khinsider_track_prominence_proxy,52.70246175491729,score_0_100,,,,78.39677417565113,,,,https://downloads.khinsider.com/game-soundtracks/album/diablo-iii-expanded-soundtrack-macos-ps3-windows-xbox-360-gamerip-2012,2026-10-05,Track title is taken from KHInsider's soundtrack/gamerip album index. Popularity is an explicitly labelled proxy based on BeatHit game rank and track prominence.,"{""culture_category"":""video_game_music"",""video_game"":""Diablo II"",""game_rank"":167,""game_association_kind"":""khinsider_game_soundtrack"",""khinsider_album_url"":""https://downloads.khinsider.com/game-soundtracks/album/diablo-iii-expanded-soundtrack-macos-ps3-windows-xbox-360-gamerip-2012"",""khinsider_album_title"":""Diablo III (diablo-iii-expanded-soundtrack-macos-ps3-windows-xbox-360-gamerip-2012)"",""khinsider_album_kind"":""official_or_gamerip"",""khinsider_album_match_score"":94.73684210526316,""relevance_score_100"":95.52631578947368,""popularity_score_100"":52.70246175491729,""score_100"":78.39677417565113,""popularity_basis"":""BeatHit master-list game rank plus track position proxy""}"
177,The Hidden Camp,Unknown credited artist,[],Diablo III (diablo-iii-expanded-soundtrack-macos-ps3-windows-xbox-360-gamerip-2012),,,"[""video game soundtrack""]","[""und""]",,,,Diablo II,,,khinsider_track_prominence_proxy,52.49246175491729,score_0_100,,,,78.31277417565113,,,,https://downloads.khinsider.com/game-soundtracks/album/diablo-iii-expanded-soundtrack-macos-ps3-windows-xbox-360-gamerip-2012,2026-10-05,Track title is taken from KHInsider's soundtrack/gamerip album index. Popularity is an explicitly labelled proxy based on BeatHit game rank and track prominence.,"{""culture_category"":""video_game_music"",""video_game"":""Diablo II"",""game_rank"":167,""game_association_kind"":""khinsider_game_soundtrack"",""khinsider_album_url"":""https://downloads.khinsider.com/game-soundtracks/album/diablo-iii-expanded-soundtrack-macos-ps3-windows-xbox-360-gamerip-2012"",""khinsider_album_title"":""Diablo III (diablo-iii-expanded-soundtrack-macos-ps3-windows-xbox-360-gamerip-2012)"",""khinsider_album_kind"":""official_or_gamerip"",""khinsider_album_match_score"":94.73684210526316,""relevance_score_100"":95.52631578947368,""popularity_score_100"":52.49246175491729,""score_100"":78.31277417565113,""popularity_basis"":""BeatHit master-list game rank plus track position proxy""}"
178,The City of Caldeum,Unknown credited artist,[],Diablo III (diablo-iii-expanded-soundtrack-macos-ps3-windows-xbox-360-gamerip-2012),,,"[""video game soundtrack""]","[""und""]",,,,Diablo II,,,khinsider_track_prominence_proxy,52.282461754917286,score_0_100,,,,78.22877417565113,,,,https://downloads.khinsider.com/game-soundtracks/album/diablo-iii-expanded-soundtrack-macos-ps3-windows-xbox-360-gamerip-2012,2026-10-05,Track title is taken from KHInsider's soundtrack/gamerip album index. Popularity is an explicitly labelled proxy based on BeatHit game rank and track prominence.,"{""culture_category"":""video_game_music"",""video_game"":""Diablo II"",""game_rank"":167,""game_association_kind"":""khinsider_game_soundtrack"",""khinsider_album_url"":""https://downloads.khinsider.com/game-soundtracks/album/diablo-iii-expanded-soundtrack-macos-ps3-windows-xbox-360-gamerip-2012"",""khinsider_album_title"":""Diablo III (diablo-iii-expanded-soundtrack-macos-ps3-windows-xbox-360-gamerip-2012)"",""khinsider_album_kind"":""official_or_gamerip"",""khinsider_album_match_score"":94.73684210526316,""relevance_score_100"":95.52631578947368,""popularity_score_100"":52.282461754917286,""score_100"":78.22877417565113,""popularity_basis"":""BeatHit master-list game rank plus track position proxy""}"
179,Stinging Winds,Unknown credited artist,[],Diablo III (diablo-iii-expanded-soundtrack-macos-ps3-windows-xbox-360-gamerip-2012),,,"[""video game soundtrack""]","[""und""]",,,,Diablo II,,,khinsider_track_prominence_proxy,52.07246175491729,score_0_100,,,,78.14477417565112,,,,https://downloads.khinsider.com/game-soundtracks/album/diablo-iii-expanded-soundtrack-macos-ps3-windows-xbox-360-gamerip-2012,2026-10-05,Track title is taken from KHInsider's soundtrack/gamerip album index. Popularity is an explicitly labelled proxy based on BeatHit game rank and track prominence.,"{""culture_category"":""video_game_music"",""video_game"":""Diablo II"",""game_rank"":167,""game_association_kind"":""khinsider_game_soundtrack"",""khinsider_album_url"":""https://downloads.khinsider.com/game-soundtracks/album/diablo-iii-expanded-soundtrack-macos-ps3-windows-xbox-360-gamerip-2012"",""khinsider_album_title"":""Diablo III (diablo-iii-expanded-soundtrack-macos-ps3-windows-xbox-360-gamerip-2012)"",""khinsider_album_kind"":""official_or_gamerip"",""khinsider_album_match_score"":94.73684210526316,""relevance_score_100"":95.52631578947368,""popularity_score_100"":52.07246175491729,""score_100"":78.14477417565112,""popularity_basis"":""BeatHit master-list game rank plus track position proxy""}"
180,Sundered Canyon,Unknown credited artist,[],Diablo III (diablo-iii-expanded-soundtrack-macos-ps3-windows-xbox-360-gamerip-2012),,,"[""video game soundtrack""]","[""und""]",,,,Diablo II,,,khinsider_track_prominence_proxy,51.86246175491729,score_0_100,,,,78.06077417565113,,,,https://downloads.khinsider.com/game-soundtracks/album/diablo-iii-expanded-soundtrack-macos-ps3-windows-xbox-360-gamerip-2012,2026-10-05,Track title is taken from KHInsider's soundtrack/gamerip album index. Popularity is an explicitly labelled proxy based on BeatHit game rank and track prominence.,"{""culture_category"":""video_game_music"",""video_game"":""Diablo II"",""game_rank"":167,""game_association_kind"":""khinsider_game_soundtrack"",""khinsider_album_url"":""https://downloads.khinsider.com/game-soundtracks/album/diablo-iii-expanded-soundtrack-macos-ps3-windows-xbox-360-gamerip-2012"",""khinsider_album_title"":""Diablo III (diablo-iii-expanded-soundtrack-macos-ps3-windows-xbox-360-gamerip-2012)"",""khinsider_album_kind"":""official_or_gamerip"",""khinsider_album_match_score"":94.73684210526316,""relevance_score_100"":95.52631578947368,""popularity_score_100"":51.86246175491729,""score_100"":78.06077417565113,""popularity_basis"":""BeatHit master-list game rank plus track position proxy""}"
181,Howling Plateau,Unknown credited artist,[],Diablo III (diablo-iii-expanded-soundtrack-macos-ps3-windows-xbox-360-gamerip-2012),,,"[""video game soundtrack""]","[""und""]",,,,Diablo II,,,khinsider_track_prominence_proxy,51.65246175491729,score_0_100,,,,77.97677417565113,,,,https://downloads.khinsider.com/game-soundtracks/album/diablo-iii-expanded-soundtrack-macos-ps3-windows-xbox-360-gamerip-2012,2026-10-05,Track title is taken from KHInsider's soundtrack/gamerip album index. Popularity is an explicitly labelled proxy based on BeatHit game rank and track prominence.,"{""culture_category"":""video_game_music"",""video_game"":""Diablo II"",""game_rank"":167,""game_association_kind"":""khinsider_game_soundtrack"",""khinsider_album_url"":""https://downloads.khinsider.com/game-soundtracks/album/diablo-iii-expanded-soundtrack-macos-ps3-windows-xbox-360-gamerip-2012"",""khinsider_album_title"":""Diablo III (diablo-iii-expanded-soundtrack-macos-ps3-windows-xbox-360-gamerip-2012)"",""khinsider_album_kind"":""official_or_gamerip"",""khinsider_album_match_score"":94.73684210526316,""relevance_score_100"":95.52631578947368,""popularity_score_100"":51.65246175491729,""score_100"":77.97677417565113,""popularity_basis"":""BeatHit master-list game rank plus track position proxy""}"
182,Desert Mirages,Unknown credited artist,[],Diablo III (diablo-iii-expanded-soundtrack-macos-ps3-windows-xbox-360-gamerip-2012),,,"[""video game soundtrack""]","[""und""]",,,,Diablo II,,,khinsider_track_prominence_proxy,51.44246175491729,score_0_100,,,,77.89277417565113,,,,https://downloads.khinsider.com/game-soundtracks/album/diablo-iii-expanded-soundtrack-macos-ps3-windows-xbox-360-gamerip-2012,2026-10-05,Track title is taken from KHInsider's soundtrack/gamerip album index. Popularity is an explicitly labelled proxy based on BeatHit game rank and track prominence.,"{""culture_category"":""video_game_music"",""video_game"":""Diablo II"",""game_rank"":167,""game_association_kind"":""khinsider_game_soundtrack"",""khinsider_album_url"":""https://downloads.khinsider.com/game-soundtracks/album/diablo-iii-expanded-soundtrack-macos-ps3-windows-xbox-360-gamerip-2012"",""khinsider_album_title"":""Diablo III (diablo-iii-expanded-soundtrack-macos-ps3-windows-xbox-360-gamerip-2012)"",""khinsider_album_kind"":""official_or_gamerip"",""khinsider_album_match_score"":94.73684210526316,""relevance_score_100"":95.52631578947368,""popularity_score_100"":51.44246175491729,""score_100"":77.89277417565113,""popularity_basis"":""BeatHit master-list game rank plus track position proxy""}"
183,Alcarnus,Unknown credited artist,[],Diablo III (diablo-iii-expanded-soundtrack-macos-ps3-windows-xbox-360-gamerip-2012),,,"[""video game soundtrack""]","[""und""]",,,,Diablo II,,,khinsider_track_prominence_proxy,51.23246175491729,score_0_100,,,,77.80877417565114,,,,https://downloads.khinsider.com/game-soundtracks/album/diablo-iii-expanded-soundtrack-macos-ps3-windows-xbox-360-gamerip-2012,2026-10-05,Track title is taken from KHInsider's soundtrack/gamerip album index. Popularity is an explicitly labelled proxy based on BeatHit game rank and track prominence.,"{""culture_category"":""video_game_music"",""video_game"":""Diablo II"",""game_rank"":167,""game_association_kind"":""khinsider_game_soundtrack"",""khinsider_album_url"":""https://downloads.khinsider.com/game-soundtracks/album/diablo-iii-expanded-soundtrack-macos-ps3-windows-xbox-360-gamerip-2012"",""khinsider_album_title"":""Diablo III (diablo-iii-expanded-soundtrack-macos-ps3-windows-xbox-360-gamerip-2012)"",""khinsider_album_kind"":""official_or_gamerip"",""khinsider_album_match_score"":94.73684210526316,""relevance_score_100"":95.52631578947368,""popularity_score_100"":51.23246175491729,""score_100"":77.80877417565114,""popularity_basis"":""BeatHit master-list game rank plus track position proxy""}"
184,"Maghda, Leader of the Coven",Unknown credited artist,[],Diablo III (diablo-iii-expanded-soundtrack-macos-ps3-windows-xbox-360-gamerip-2012),,,"[""video game soundtrack""]","[""und""]",,,,Diablo II,,,khinsider_track_prominence_proxy,51.02246175491729,score_0_100,,,,77.72477417565113,,,,https://downloads.khinsider.com/game-soundtracks/album/diablo-iii-expanded-soundtrack-macos-ps3-windows-xbox-360-gamerip-2012,2026-10-05,Track title is taken from KHInsider's soundtrack/gamerip album index. Popularity is an explicitly labelled proxy based on BeatHit game rank and track prominence.,"{""culture_category"":""video_game_music"",""video_game"":""Diablo II"",""game_rank"":167,""game_association_kind"":""khinsider_game_soundtrack"",""khinsider_album_url"":""https://downloads.khinsider.com/game-soundtracks/album/diablo-iii-expanded-soundtrack-macos-ps3-windows-xbox-360-gamerip-2012"",""khinsider_album_title"":""Diablo III (diablo-iii-expanded-soundtrack-macos-ps3-windows-xbox-360-gamerip-2012)"",""khinsider_album_kind"":""official_or_gamerip"",""khinsider_album_match_score"":94.73684210526316,""relevance_score_100"":95.52631578947368,""popularity_score_100"":51.02246175491729,""score_100"":77.72477417565113,""popularity_basis"":""BeatHit master-list game rank plus track position proxy""}"
185,The Imperial Palace,Unknown credited artist,[],Diablo III (diablo-iii-expanded-soundtrack-macos-ps3-windows-xbox-360-gamerip-2012),,,"[""video game soundtrack""]","[""und""]",,,,Diablo II,,,khinsider_track_prominence_proxy,50.812461754917294,score_0_100,,,,77.64077417565113,,,,https://downloads.khinsider.com/game-soundtracks/album/diablo-iii-expanded-soundtrack-macos-ps3-windows-xbox-360-gamerip-2012,2026-10-05,Track title is taken from KHInsider's soundtrack/gamerip album index. Popularity is an explicitly labelled proxy based on BeatHit game rank and track prominence.,"{""culture_category"":""video_game_music"",""video_game"":""Diablo II"",""game_rank"":167,""game_association_kind"":""khinsider_game_soundtrack"",""khinsider_album_url"":""https://downloads.khinsider.com/game-soundtracks/album/diablo-iii-expanded-soundtrack-macos-ps3-windows-xbox-360-gamerip-2012"",""khinsider_album_title"":""Diablo III (diablo-iii-expanded-soundtrack-macos-ps3-windows-xbox-360-gamerip-2012)"",""khinsider_album_kind"":""official_or_gamerip"",""khinsider_album_match_score"":94.73684210526316,""relevance_score_100"":95.52631578947368,""popularity_score_100"":50.812461754917294,""score_100"":77.64077417565113,""popularity_basis"":""BeatHit master-list game rank plus track position proxy""}"
186,Sewers of Caldeum,Unknown credited artist,[],Diablo III (diablo-iii-expanded-soundtrack-macos-ps3-windows-xbox-360-gamerip-2012),,,"[""video game soundtrack""]","[""und""]",,,,Diablo II,,,khinsider_track_prominence_proxy,50.602461754917286,score_0_100,,,,77.55677417565113,,,,https://downloads.khinsider.com/game-soundtracks/album/diablo-iii-expanded-soundtrack-macos-ps3-windows-xbox-360-gamerip-2012,2026-10-05,Track title is taken from KHInsider's soundtrack/gamerip album index. Popularity is an explicitly labelled proxy based on BeatHit game rank and track prominence.,"{""culture_category"":""video_game_music"",""video_game"":""Diablo II"",""game_rank"":167,""game_association_kind"":""khinsider_game_soundtrack"",""khinsider_album_url"":""https://downloads.khinsider.com/game-soundtracks/album/diablo-iii-expanded-soundtrack-macos-ps3-windows-xbox-360-gamerip-2012"",""khinsider_album_title"":""Diablo III (diablo-iii-expanded-soundtrack-macos-ps3-windows-xbox-360-gamerip-2012)"",""khinsider_album_kind"":""official_or_gamerip"",""khinsider_album_match_score"":94.73684210526316,""relevance_score_100"":95.52631578947368,""popularity_score_100"":50.602461754917286,""score_100"":77.55677417565113,""popularity_basis"":""BeatHit master-list game rank plus track position proxy""}"
187,Adria the Witch,Unknown credited artist,[],Diablo III (diablo-iii-expanded-soundtrack-macos-ps3-windows-xbox-360-gamerip-2012),,,"[""video game soundtrack""]","[""und""]",,,,Diablo II,,,khinsider_track_prominence_proxy,50.39246175491729,score_0_100,,,,77.47277417565113,,,,https://downloads.khinsider.com/game-soundtracks/album/diablo-iii-expanded-soundtrack-macos-ps3-windows-xbox-360-gamerip-2012,2026-10-05,Track title is taken from KHInsider's soundtrack/gamerip album index. Popularity is an explicitly labelled proxy based on BeatHit game rank and track prominence.,"{""culture_category"":""video_game_music"",""video_game"":""Diablo II"",""game_rank"":167,""game_association_kind"":""khinsider_game_soundtrack"",""khinsider_album_url"":""https://downloads.khinsider.com/game-soundtracks/album/diablo-iii-expanded-soundtrack-macos-ps3-windows-xbox-360-gamerip-2012"",""khinsider_album_title"":""Diablo III (diablo-iii-expanded-soundtrack-macos-ps3-windows-xbox-360-gamerip-2012)"",""khinsider_album_kind"":""official_or_gamerip"",""khinsider_album_match_score"":94.73684210526316,""relevance_score_100"":95.52631578947368,""popularity_score_100"":50.39246175491729,""score_100"":77.47277417565113,""popularity_basis"":""BeatHit master-list game rank plus track position proxy""}"
188,Flooded Causeway,Unknown credited artist,[],Diablo III (diablo-iii-expanded-soundtrack-macos-ps3-windows-xbox-360-gamerip-2012),,,"[""video game soundtrack""]","[""und""]",,,,Diablo II,,,khinsider_track_prominence_proxy,50.182461754917284,score_0_100,,,,77.38877417565112,,,,https://downloads.khinsider.com/game-soundtracks/album/diablo-iii-expanded-soundtrack-macos-ps3-windows-xbox-360-gamerip-2012,2026-10-05,Track title is taken from KHInsider's soundtrack/gamerip album index. Popularity is an explicitly labelled proxy based on BeatHit game rank and track prominence.,"{""culture_category"":""video_game_music"",""video_game"":""Diablo II"",""game_rank"":167,""game_association_kind"":""khinsider_game_soundtrack"",""khinsider_album_url"":""https://downloads.khinsider.com/game-soundtracks/album/diablo-iii-expanded-soundtrack-macos-ps3-windows-xbox-360-gamerip-2012"",""khinsider_album_title"":""Diablo III (diablo-iii-expanded-soundtrack-macos-ps3-windows-xbox-360-gamerip-2012)"",""khinsider_album_kind"":""official_or_gamerip"",""khinsider_album_match_score"":94.73684210526316,""relevance_score_100"":95.52631578947368,""popularity_score_100"":50.182461754917284,""score_100"":77.38877417565112,""popularity_basis"":""BeatHit master-list game rank plus track position proxy""}"
189,Path to the Oasis,Unknown credited artist,[],Diablo III (diablo-iii-expanded-soundtrack-macos-ps3-windows-xbox-360-gamerip-2012),,,"[""video game soundtrack""]","[""und""]",,,,Diablo II,,,khinsider_track_prominence_proxy,49.97246175491729,score_0_100,,,,77.30477417565113,,,,https://downloads.khinsider.com/game-soundtracks/album/diablo-iii-expanded-soundtrack-macos-ps3-windows-xbox-360-gamerip-2012,2026-10-05,Track title is taken from KHInsider's soundtrack/gamerip album index. Popularity is an explicitly labelled proxy based on BeatHit game rank and track prominence.,"{""culture_category"":""video_game_music"",""video_game"":""Diablo II"",""game_rank"":167,""game_association_kind"":""khinsider_game_soundtrack"",""khinsider_album_url"":""https://downloads.khinsider.com/game-soundtracks/album/diablo-iii-expanded-soundtrack-macos-ps3-windows-xbox-360-gamerip-2012"",""khinsider_album_title"":""Diablo III (diablo-iii-expanded-soundtrack-macos-ps3-windows-xbox-360-gamerip-2012)"",""khinsider_album_kind"":""official_or_gamerip"",""khinsider_album_match_score"":94.73684210526316,""relevance_score_100"":95.52631578947368,""popularity_score_100"":49.97246175491729,""score_100"":77.30477417565113,""popularity_basis"":""BeatHit master-list game rank plus track position proxy""}"
190,Dahlgur Oasis,Unknown credited artist,[],Diablo III (diablo-iii-expanded-soundtrack-macos-ps3-windows-xbox-360-gamerip-2012),,,"[""video game soundtrack""]","[""und""]",,,,Diablo II,,,khinsider_track_prominence_proxy,49.76246175491729,score_0_100,,,,77.22077417565113,,,,https://downloads.khinsider.com/game-soundtracks/album/diablo-iii-expanded-soundtrack-macos-ps3-windows-xbox-360-gamerip-2012,2026-10-05,Track title is taken from KHInsider's soundtrack/gamerip album index. Popularity is an explicitly labelled proxy based on BeatHit game rank and track prominence.,"{""culture_category"":""video_game_music"",""video_game"":""Diablo II"",""game_rank"":167,""game_association_kind"":""khinsider_game_soundtrack"",""khinsider_album_url"":""https://downloads.khinsider.com/game-soundtracks/album/diablo-iii-expanded-soundtrack-macos-ps3-windows-xbox-360-gamerip-2012"",""khinsider_album_title"":""Diablo III (diablo-iii-expanded-soundtrack-macos-ps3-windows-xbox-360-gamerip-2012)"",""khinsider_album_kind"":""official_or_gamerip"",""khinsider_album_match_score"":94.73684210526316,""relevance_score_100"":95.52631578947368,""popularity_score_100"":49.76246175491729,""score_100"":77.22077417565113,""popularity_basis"":""BeatHit master-list game rank plus track position proxy""}"
191,Forgotten Ruins,Unknown credited artist,[],Diablo III (diablo-iii-expanded-soundtrack-macos-ps3-windows-xbox-360-gamerip-2012),,,"[""video game soundtrack""]","[""und""]",,,,Diablo II,,,khinsider_track_prominence_proxy,49.55246175491729,score_0_100,,,,77.13677417565113,,,,https://downloads.khinsider.com/game-soundtracks/album/diablo-iii-expanded-soundtrack-macos-ps3-windows-xbox-360-gamerip-2012,2026-10-05,Track title is taken from KHInsider's soundtrack/gamerip album index. Popularity is an explicitly labelled proxy based on BeatHit game rank and track prominence.,"{""culture_category"":""video_game_music"",""video_game"":""Diablo II"",""game_rank"":167,""game_association_kind"":""khinsider_game_soundtrack"",""khinsider_album_url"":""https://downloads.khinsider.com/game-soundtracks/album/diablo-iii-expanded-soundtrack-macos-ps3-windows-xbox-360-gamerip-2012"",""khinsider_album_title"":""Diablo III (diablo-iii-expanded-soundtrack-macos-ps3-windows-xbox-360-gamerip-2012)"",""khinsider_album_kind"":""official_or_gamerip"",""khinsider_album_match_score"":94.73684210526316,""relevance_score_100"":95.52631578947368,""popularity_score_100"":49.55246175491729,""score_100"":77.13677417565113,""popularity_basis"":""BeatHit master-list game rank plus track position proxy""}"
192,Ancient Waterway,Unknown credited artist,[],Diablo III (diablo-iii-expanded-soundtrack-macos-ps3-windows-xbox-360-gamerip-2012),,,"[""video game soundtrack""]","[""und""]",,,,Diablo II,,,khinsider_track_prominence_proxy,49.342461754917295,score_0_100,,,,77.05277417565114,,,,https://downloads.khinsider.com/game-soundtracks/album/diablo-iii-expanded-soundtrack-macos-ps3-windows-xbox-360-gamerip-2012,2026-10-05,Track title is taken from KHInsider's soundtrack/gamerip album index. Popularity is an explicitly labelled proxy based on BeatHit game rank and track prominence.,"{""culture_category"":""video_game_music"",""video_game"":""Diablo II"",""game_rank"":167,""game_association_kind"":""khinsider_game_soundtrack"",""khinsider_album_url"":""https://downloads.khinsider.com/game-soundtracks/album/diablo-iii-expanded-soundtrack-macos-ps3-windows-xbox-360-gamerip-2012"",""khinsider_album_title"":""Diablo III (diablo-iii-expanded-soundtrack-macos-ps3-windows-xbox-360-gamerip-2012)"",""khinsider_album_kind"":""official_or_gamerip"",""khinsider_album_match_score"":94.73684210526316,""relevance_score_100"":95.52631578947368,""popularity_score_100"":49.342461754917295,""score_100"":77.05277417565114,""popularity_basis"":""BeatHit master-list game rank plus track position proxy""}"
193,Desolate Sands,Unknown credited artist,[],Diablo III (diablo-iii-expanded-soundtrack-macos-ps3-windows-xbox-360-gamerip-2012),,,"[""video game soundtrack""]","[""und""]",,,,Diablo II,,,khinsider_track_prominence_proxy,49.13246175491729,score_0_100,,,,76.96877417565113,,,,https://downloads.khinsider.com/game-soundtracks/album/diablo-iii-expanded-soundtrack-macos-ps3-windows-xbox-360-gamerip-2012,2026-10-05,Track title is taken from KHInsider's soundtrack/gamerip album index. Popularity is an explicitly labelled proxy based on BeatHit game rank and track prominence.,"{""culture_category"":""video_game_music"",""video_game"":""Diablo II"",""game_rank"":167,""game_association_kind"":""khinsider_game_soundtrack"",""khinsider_album_url"":""https://downloads.khinsider.com/game-soundtracks/album/diablo-iii-expanded-soundtrack-macos-ps3-windows-xbox-360-gamerip-2012"",""khinsider_album_title"":""Diablo III (diablo-iii-expanded-soundtrack-macos-ps3-windows-xbox-360-gamerip-2012)"",""khinsider_album_kind"":""official_or_gamerip"",""khinsider_album_match_score"":94.73684210526316,""relevance_score_100"":95.52631578947368,""popularity_score_100"":49.13246175491729,""score_100"":76.96877417565113,""popularity_basis"":""BeatHit master-list game rank plus track position proxy""}"
194,The Terminus,Unknown credited artist,[],Diablo III (diablo-iii-expanded-soundtrack-macos-ps3-windows-xbox-360-gamerip-2012),,,"[""video game soundtrack""]","[""und""]",,,,Diablo II,,,khinsider_track_prominence_proxy,48.92246175491729,score_0_100,,,,76.88477417565113,,,,https://downloads.khinsider.com/game-soundtracks/album/diablo-iii-expanded-soundtrack-macos-ps3-windows-xbox-360-gamerip-2012,2026-10-05,Track title is taken from KHInsider's soundtrack/gamerip album index. Popularity is an explicitly labelled proxy based on BeatHit game rank and track prominence.,"{""culture_category"":""video_game_music"",""video_game"":""Diablo II"",""game_rank"":167,""game_association_kind"":""khinsider_game_soundtrack"",""khinsider_album_url"":""https://downloads.khinsider.com/game-soundtracks/album/diablo-iii-expanded-soundtrack-macos-ps3-windows-xbox-360-gamerip-2012"",""khinsider_album_title"":""Diablo III (diablo-iii-expanded-soundtrack-macos-ps3-windows-xbox-360-gamerip-2012)"",""khinsider_album_kind"":""official_or_gamerip"",""khinsider_album_match_score"":94.73684210526316,""relevance_score_100"":95.52631578947368,""popularity_score_100"":48.92246175491729,""score_100"":76.88477417565113,""popularity_basis"":""BeatHit master-list game rank plus track position proxy""}"
195,Archives of Zoltun Kulle,Unknown credited artist,[],Diablo III (diablo-iii-expanded-soundtrack-macos-ps3-windows-xbox-360-gamerip-2012),,,"[""video game soundtrack""]","[""und""]",,,,Diablo II,,,khinsider_track_prominence_proxy,48.712461754917285,score_0_100,,,,76.80077417565113,,,,https://downloads.khinsider.com/game-soundtracks/album/diablo-iii-expanded-soundtrack-macos-ps3-windows-xbox-360-gamerip-2012,2026-10-05,Track title is taken from KHInsider's soundtrack/gamerip album index. Popularity is an explicitly labelled proxy based on BeatHit game rank and track prominence.,"{""culture_category"":""video_game_music"",""video_game"":""Diablo II"",""game_rank"":167,""game_association_kind"":""khinsider_game_soundtrack"",""khinsider_album_url"":""https://downloads.khinsider.com/game-soundtracks/album/diablo-iii-expanded-soundtrack-macos-ps3-windows-xbox-360-gamerip-2012"",""khinsider_album_title"":""Diablo III (diablo-iii-expanded-soundtrack-macos-ps3-windows-xbox-360-gamerip-2012)"",""khinsider_album_kind"":""official_or_gamerip"",""khinsider_album_match_score"":94.73684210526316,""relevance_score_100"":95.52631578947368,""popularity_score_100"":48.712461754917285,""score_100"":76.80077417565113,""popularity_basis"":""BeatHit master-list game rank plus track position proxy""}"
196,"Zoltun Kulle, Dark Horadrim",Unknown credited artist,[],Diablo III (diablo-iii-expanded-soundtrack-macos-ps3-windows-xbox-360-gamerip-2012),,,"[""video game soundtrack""]","[""und""]",,,,Diablo II,,,khinsider_track_prominence_proxy,48.50246175491729,score_0_100,,,,76.71677417565112,,,,https://downloads.khinsider.com/game-soundtracks/album/diablo-iii-expanded-soundtrack-macos-ps3-windows-xbox-360-gamerip-2012,2026-10-05,Track title is taken from KHInsider's soundtrack/gamerip album index. Popularity is an explicitly labelled proxy based on BeatHit game rank and track prominence.,"{""culture_category"":""video_game_music"",""video_game"":""Diablo II"",""game_rank"":167,""game_association_kind"":""khinsider_game_soundtrack"",""khinsider_album_url"":""https://downloads.khinsider.com/game-soundtracks/album/diablo-iii-expanded-soundtrack-macos-ps3-windows-xbox-360-gamerip-2012"",""khinsider_album_title"":""Diablo III (diablo-iii-expanded-soundtrack-macos-ps3-windows-xbox-360-gamerip-2012)"",""khinsider_album_kind"":""official_or_gamerip"",""khinsider_album_match_score"":94.73684210526316,""relevance_score_100"":95.52631578947368,""popularity_score_100"":48.50246175491729,""score_100"":76.71677417565112,""popularity_basis"":""BeatHit master-list game rank plus track position proxy""}"
197,Leah's Rage,Unknown credited artist,[],Diablo III (diablo-iii-expanded-soundtrack-macos-ps3-windows-xbox-360-gamerip-2012),,,"[""video game soundtrack""]","[""und""]",,,,Diablo II,,,khinsider_track_prominence_proxy,48.29246175491729,score_0_100,,,,76.63277417565112,,,,https://downloads.khinsider.com/game-soundtracks/album/diablo-iii-expanded-soundtrack-macos-ps3-windows-xbox-360-gamerip-2012,2026-10-05,Track title is taken from KHInsider's soundtrack/gamerip album index. Popularity is an explicitly labelled proxy based on BeatHit game rank and track prominence.,"{""culture_category"":""video_game_music"",""video_game"":""Diablo II"",""game_rank"":167,""game_association_kind"":""khinsider_game_soundtrack"",""khinsider_album_url"":""https://downloads.khinsider.com/game-soundtracks/album/diablo-iii-expanded-soundtrack-macos-ps3-windows-xbox-360-gamerip-2012"",""khinsider_album_title"":""Diablo III (diablo-iii-expanded-soundtrack-macos-ps3-windows-xbox-360-gamerip-2012)"",""khinsider_album_kind"":""official_or_gamerip"",""khinsider_album_match_score"":94.73684210526316,""relevance_score_100"":95.52631578947368,""popularity_score_100"":48.29246175491729,""score_100"":76.63277417565112,""popularity_basis"":""BeatHit master-list game rank plus track position proxy""}"
198,"Belial, Lord of Lies",Unknown credited artist,[],Diablo III (diablo-iii-expanded-soundtrack-macos-ps3-windows-xbox-360-gamerip-2012),,,"[""video game soundtrack""]","[""und""]",,,,Diablo II,,,khinsider_track_prominence_proxy,48.08246175491729,score_0_100,,,,76.54877417565113,,,,https://downloads.khinsider.com/game-soundtracks/album/diablo-iii-expanded-soundtrack-macos-ps3-windows-xbox-360-gamerip-2012,2026-10-05,Track title is taken from KHInsider's soundtrack/gamerip album index. Popularity is an explicitly labelled proxy based on BeatHit game rank and track prominence.,"{""culture_category"":""video_game_music"",""video_game"":""Diablo II"",""game_rank"":167,""game_association_kind"":""khinsider_game_soundtrack"",""khinsider_album_url"":""https://downloads.khinsider.com/game-soundtracks/album/diablo-iii-expanded-soundtrack-macos-ps3-windows-xbox-360-gamerip-2012"",""khinsider_album_title"":""Diablo III (diablo-iii-expanded-soundtrack-macos-ps3-windows-xbox-360-gamerip-2012)"",""khinsider_album_kind"":""official_or_gamerip"",""khinsider_album_match_score"":94.73684210526316,""relevance_score_100"":95.52631578947368,""popularity_score_100"":48.08246175491729,""score_100"":76.54877417565113,""popularity_basis"":""BeatHit master-list game rank plus track position proxy""}"
199,Doom,Unknown credited artist,[],Diablo III (diablo-iii-expanded-soundtrack-macos-ps3-windows-xbox-360-gamerip-2012),,,"[""video game soundtrack""]","[""und""]",,,,Diablo II,,,khinsider_track_prominence_proxy,47.87246175491729,score_0_100,,,,76.46477417565113,,,,https://downloads.khinsider.com/game-soundtracks/album/diablo-iii-expanded-soundtrack-macos-ps3-windows-xbox-360-gamerip-2012,2026-10-05,Track title is taken from KHInsider's soundtrack/gamerip album index. Popularity is an explicitly labelled proxy based on BeatHit game rank and track prominence.,"{""culture_category"":""video_game_music"",""video_game"":""Diablo II"",""game_rank"":167,""game_association_kind"":""khinsider_game_soundtrack"",""khinsider_album_url"":""https://downloads.khinsider.com/game-soundtracks/album/diablo-iii-expanded-soundtrack-macos-ps3-windows-xbox-360-gamerip-2012"",""khinsider_album_title"":""Diablo III (diablo-iii-expanded-soundtrack-macos-ps3-windows-xbox-360-gamerip-2012)"",""khinsider_album_kind"":""official_or_gamerip"",""khinsider_album_match_score"":94.73684210526316,""relevance_score_100"":95.52631578947368,""popularity_score_100"":47.87246175491729,""score_100"":76.46477417565113,""popularity_basis"":""BeatHit master-list game rank plus track position proxy""}"
200,Act 3 Introduction,Unknown credited artist,[],Diablo III (diablo-iii-expanded-soundtrack-macos-ps3-windows-xbox-360-gamerip-2012),,,"[""video game soundtrack""]","[""und""]",,,,Diablo II,,,khinsider_track_prominence_proxy,47.66246175491729,score_0_100,,,,76.38077417565113,,,,https://downloads.khinsider.com/game-soundtracks/album/diablo-iii-expanded-soundtrack-macos-ps3-windows-xbox-360-gamerip-2012,2026-10-05,Track title is taken from KHInsider's soundtrack/gamerip album index. Popularity is an explicitly labelled proxy based on BeatHit game rank and track prominence.,"{""culture_category"":""video_game_music"",""video_game"":""Diablo II"",""game_rank"":167,""game_association_kind"":""khinsider_game_soundtrack"",""khinsider_album_url"":""https://downloads.khinsider.com/game-soundtracks/album/diablo-iii-expanded-soundtrack-macos-ps3-windows-xbox-360-gamerip-2012"",""khinsider_album_title"":""Diablo III (diablo-iii-expanded-soundtrack-macos-ps3-windows-xbox-360-gamerip-2012)"",""khinsider_album_kind"":""official_or_gamerip"",""khinsider_album_match_score"":94.73684210526316,""relevance_score_100"":95.52631578947368,""popularity_score_100"":47.66246175491729,""score_100"":76.38077417565113,""popularity_basis"":""BeatHit master-list game rank plus track position proxy""}"
201,Bastion's Keep Stronghold,Unknown credited artist,[],Diablo III (diablo-iii-expanded-soundtrack-macos-ps3-windows-xbox-360-gamerip-2012),,,"[""video game soundtrack""]","[""und""]",,,,Diablo II,,,khinsider_track_prominence_proxy,47.45246175491729,score_0_100,,,,76.29677417565112,,,,https://downloads.khinsider.com/game-soundtracks/album/diablo-iii-expanded-soundtrack-macos-ps3-windows-xbox-360-gamerip-2012,2026-10-05,Track title is taken from KHInsider's soundtrack/gamerip album index. Popularity is an explicitly labelled proxy based on BeatHit game rank and track prominence.,"{""culture_category"":""video_game_music"",""video_game"":""Diablo II"",""game_rank"":167,""game_association_kind"":""khinsider_game_soundtrack"",""khinsider_album_url"":""https://downloads.khinsider.com/game-soundtracks/album/diablo-iii-expanded-soundtrack-macos-ps3-windows-xbox-360-gamerip-2012"",""khinsider_album_title"":""Diablo III (diablo-iii-expanded-soundtrack-macos-ps3-windows-xbox-360-gamerip-2012)"",""khinsider_album_kind"":""official_or_gamerip"",""khinsider_album_match_score"":94.73684210526316,""relevance_score_100"":95.52631578947368,""popularity_score_100"":47.45246175491729,""score_100"":76.29677417565112,""popularity_basis"":""BeatHit master-list game rank plus track position proxy""}"
202,Skycrown Battlements,Unknown credited artist,[],Diablo III (diablo-iii-expanded-soundtrack-macos-ps3-windows-xbox-360-gamerip-2012),,,"[""video game soundtrack""]","[""und""]",,,,Diablo II,,,khinsider_track_prominence_proxy,47.24246175491729,score_0_100,,,,76.21277417565113,,,,https://downloads.khinsider.com/game-soundtracks/album/diablo-iii-expanded-soundtrack-macos-ps3-windows-xbox-360-gamerip-2012,2026-10-05,Track title is taken from KHInsider's soundtrack/gamerip album index. Popularity is an explicitly labelled proxy based on BeatHit game rank and track prominence.,"{""culture_category"":""video_game_music"",""video_game"":""Diablo II"",""game_rank"":167,""game_association_kind"":""khinsider_game_soundtrack"",""khinsider_album_url"":""https://downloads.khinsider.com/game-soundtracks/album/diablo-iii-expanded-soundtrack-macos-ps3-windows-xbox-360-gamerip-2012"",""khinsider_album_title"":""Diablo III (diablo-iii-expanded-soundtrack-macos-ps3-windows-xbox-360-gamerip-2012)"",""khinsider_album_kind"":""official_or_gamerip"",""khinsider_album_match_score"":94.73684210526316,""relevance_score_100"":95.52631578947368,""popularity_score_100"":47.24246175491729,""score_100"":76.21277417565113,""popularity_basis"":""BeatHit master-list game rank plus track position proxy""}"
203,Stonefort and the Keep Depths,Unknown credited artist,[],Diablo III (diablo-iii-expanded-soundtrack-macos-ps3-windows-xbox-360-gamerip-2012),,,"[""video game soundtrack""]","[""und""]",,,,Diablo II,,,khinsider_track_prominence_proxy,47.03246175491729,score_0_100,,,,76.12877417565113,,,,https://downloads.khinsider.com/game-soundtracks/album/diablo-iii-expanded-soundtrack-macos-ps3-windows-xbox-360-gamerip-2012,2026-10-05,Track title is taken from KHInsider's soundtrack/gamerip album index. Popularity is an explicitly labelled proxy based on BeatHit game rank and track prominence.,"{""culture_category"":""video_game_music"",""video_game"":""Diablo II"",""game_rank"":167,""game_association_kind"":""khinsider_game_soundtrack"",""khinsider_album_url"":""https://downloads.khinsider.com/game-soundtracks/album/diablo-iii-expanded-soundtrack-macos-ps3-windows-xbox-360-gamerip-2012"",""khinsider_album_title"":""Diablo III (diablo-iii-expanded-soundtrack-macos-ps3-windows-xbox-360-gamerip-2012)"",""khinsider_album_kind"":""official_or_gamerip"",""khinsider_album_match_score"":94.73684210526316,""relevance_score_100"":95.52631578947368,""popularity_score_100"":47.03246175491729,""score_100"":76.12877417565113,""popularity_basis"":""BeatHit master-list game rank plus track position proxy""}"
204,The Larder,Unknown credited artist,[],Diablo III (diablo-iii-expanded-soundtrack-macos-ps3-windows-xbox-360-gamerip-2012),,,"[""video game soundtrack""]","[""und""]",,,,Diablo II,,,khinsider_track_prominence_proxy,46.82246175491729,score_0_100,,,,76.04477417565113,,,,https://downloads.khinsider.com/game-soundtracks/album/diablo-iii-expanded-soundtrack-macos-ps3-windows-xbox-360-gamerip-2012,2026-10-05,Track title is taken from KHInsider's soundtrack/gamerip album index. Popularity is an explicitly labelled proxy based on BeatHit game rank and track prominence.,"{""culture_category"":""video_game_music"",""video_game"":""Diablo II"",""game_rank"":167,""game_association_kind"":""khinsider_game_soundtrack"",""khinsider_album_url"":""https://downloads.khinsider.com/game-soundtracks/album/diablo-iii-expanded-soundtrack-macos-ps3-windows-xbox-360-gamerip-2012"",""khinsider_album_title"":""Diablo III (diablo-iii-expanded-soundtrack-macos-ps3-windows-xbox-360-gamerip-2012)"",""khinsider_album_kind"":""official_or_gamerip"",""khinsider_album_match_score"":94.73684210526316,""relevance_score_100"":95.52631578947368,""popularity_score_100"":46.82246175491729,""score_100"":76.04477417565113,""popularity_basis"":""BeatHit master-list game rank plus track position proxy""}"
205,"Ghom, Lord of Gluttony",Unknown credited artist,[],Diablo III (diablo-iii-expanded-soundtrack-macos-ps3-windows-xbox-360-gamerip-2012),,,"[""video game soundtrack""]","[""und""]",,,,Diablo II,,,khinsider_track_prominence_proxy,46.61246175491729,score_0_100,,,,75.96077417565112,,,,https://downloads.khinsider.com/game-soundtracks/album/diablo-iii-expanded-soundtrack-macos-ps3-windows-xbox-360-gamerip-2012,2026-10-05,Track title is taken from KHInsider's soundtrack/gamerip album index. Popularity is an explicitly labelled proxy based on BeatHit game rank and track prominence.,"{""culture_category"":""video_game_music"",""video_game"":""Diablo II"",""game_rank"":167,""game_association_kind"":""khinsider_game_soundtrack"",""khinsider_album_url"":""https://downloads.khinsider.com/game-soundtracks/album/diablo-iii-expanded-soundtrack-macos-ps3-windows-xbox-360-gamerip-2012"",""khinsider_album_title"":""Diablo III (diablo-iii-expanded-soundtrack-macos-ps3-windows-xbox-360-gamerip-2012)"",""khinsider_album_kind"":""official_or_gamerip"",""khinsider_album_match_score"":94.73684210526316,""relevance_score_100"":95.52631578947368,""popularity_score_100"":46.61246175491729,""score_100"":75.96077417565112,""popularity_basis"":""BeatHit master-list game rank plus track position proxy""}"
206,Fields of Slaughter,Unknown credited artist,[],Diablo III (diablo-iii-expanded-soundtrack-macos-ps3-windows-xbox-360-gamerip-2012),,,"[""video game soundtrack""]","[""und""]",,,,Diablo II,,,khinsider_track_prominence_proxy,46.40246175491729,score_0_100,,,,75.87677417565112,,,,https://downloads.khinsider.com/game-soundtracks/album/diablo-iii-expanded-soundtrack-macos-ps3-windows-xbox-360-gamerip-2012,2026-10-05,Track title is taken from KHInsider's soundtrack/gamerip album index. Popularity is an explicitly labelled proxy based on BeatHit game rank and track prominence.,"{""culture_category"":""video_game_music"",""video_game"":""Diablo II"",""game_rank"":167,""game_association_kind"":""khinsider_game_soundtrack"",""khinsider_album_url"":""https://downloads.khinsider.com/game-soundtracks/album/diablo-iii-expanded-soundtrack-macos-ps3-windows-xbox-360-gamerip-2012"",""khinsider_album_title"":""Diablo III (diablo-iii-expanded-soundtrack-macos-ps3-windows-xbox-360-gamerip-2012)"",""khinsider_album_kind"":""official_or_gamerip"",""khinsider_album_match_score"":94.73684210526316,""relevance_score_100"":95.52631578947368,""popularity_score_100"":46.40246175491729,""score_100"":75.87677417565112,""popularity_basis"":""BeatHit master-list game rank plus track position proxy""}"
207,The Battlefields,Unknown credited artist,[],Diablo III (diablo-iii-expanded-soundtrack-macos-ps3-windows-xbox-360-gamerip-2012),,,"[""video game soundtrack""]","[""und""]",,,,Diablo II,,,khinsider_track_prominence_proxy,46.19246175491729,score_0_100,,,,75.79277417565113,,,,https://downloads.khinsider.com/game-soundtracks/album/diablo-iii-expanded-soundtrack-macos-ps3-windows-xbox-360-gamerip-2012,2026-10-05,Track title is taken from KHInsider's soundtrack/gamerip album index. Popularity is an explicitly labelled proxy based on BeatHit game rank and track prominence.,"{""culture_category"":""video_game_music"",""video_game"":""Diablo II"",""game_rank"":167,""game_association_kind"":""khinsider_game_soundtrack"",""khinsider_album_url"":""https://downloads.khinsider.com/game-soundtracks/album/diablo-iii-expanded-soundtrack-macos-ps3-windows-xbox-360-gamerip-2012"",""khinsider_album_title"":""Diablo III (diablo-iii-expanded-soundtrack-macos-ps3-windows-xbox-360-gamerip-2012)"",""khinsider_album_kind"":""official_or_gamerip"",""khinsider_album_match_score"":94.73684210526316,""relevance_score_100"":95.52631578947368,""popularity_score_100"":46.19246175491729,""score_100"":75.79277417565113,""popularity_basis"":""BeatHit master-list game rank plus track position proxy""}"
208,The Forward Barracks,Unknown credited artist,[],Diablo III (diablo-iii-expanded-soundtrack-macos-ps3-windows-xbox-360-gamerip-2012),,,"[""video game soundtrack""]","[""und""]",,,,Diablo II,,,khinsider_track_prominence_proxy,45.98246175491729,score_0_100,,,,75.70877417565113,,,,https://downloads.khinsider.com/game-soundtracks/album/diablo-iii-expanded-soundtrack-macos-ps3-windows-xbox-360-gamerip-2012,2026-10-05,Track title is taken from KHInsider's soundtrack/gamerip album index. Popularity is an explicitly labelled proxy based on BeatHit game rank and track prominence.,"{""culture_category"":""video_game_music"",""video_game"":""Diablo II"",""game_rank"":167,""game_association_kind"":""khinsider_game_soundtrack"",""khinsider_album_url"":""https://downloads.khinsider.com/game-soundtracks/album/diablo-iii-expanded-soundtrack-macos-ps3-windows-xbox-360-gamerip-2012"",""khinsider_album_title"":""Diablo III (diablo-iii-expanded-soundtrack-macos-ps3-windows-xbox-360-gamerip-2012)"",""khinsider_album_kind"":""official_or_gamerip"",""khinsider_album_match_score"":94.73684210526316,""relevance_score_100"":95.52631578947368,""popularity_score_100"":45.98246175491729,""score_100"":75.70877417565113,""popularity_basis"":""BeatHit master-list game rank plus track position proxy""}"
209,Icefall Caves,Unknown credited artist,[],Diablo III (diablo-iii-expanded-soundtrack-macos-ps3-windows-xbox-360-gamerip-2012),,,"[""video game soundtrack""]","[""und""]",,,,Diablo II,,,khinsider_track_prominence_proxy,45.77246175491729,score_0_100,,,,75.62477417565113,,,,https://downloads.khinsider.com/game-soundtracks/album/diablo-iii-expanded-soundtrack-macos-ps3-windows-xbox-360-gamerip-2012,2026-10-05,Track title is taken from KHInsider's soundtrack/gamerip album index. Popularity is an explicitly labelled proxy based on BeatHit game rank and track prominence.,"{""culture_category"":""video_game_music"",""video_game"":""Diablo II"",""game_rank"":167,""game_association_kind"":""khinsider_game_soundtrack"",""khinsider_album_url"":""https://downloads.khinsider.com/game-soundtracks/album/diablo-iii-expanded-soundtrack-macos-ps3-windows-xbox-360-gamerip-2012"",""khinsider_album_title"":""Diablo III (diablo-iii-expanded-soundtrack-macos-ps3-windows-xbox-360-gamerip-2012)"",""khinsider_album_kind"":""official_or_gamerip"",""khinsider_album_match_score"":94.73684210526316,""relevance_score_100"":95.52631578947368,""popularity_score_100"":45.77246175491729,""score_100"":75.62477417565113,""popularity_basis"":""BeatHit master-list game rank plus track position proxy""}"
210,The Bridge of Korsikk,Unknown credited artist,[],Diablo III (diablo-iii-expanded-soundtrack-macos-ps3-windows-xbox-360-gamerip-2012),,,"[""video game soundtrack""]","[""und""]",,,,Diablo II,,,khinsider_track_prominence_proxy,45.562461754917294,score_0_100,,,,75.54077417565114,,,,https://downloads.khinsider.com/game-soundtracks/album/diablo-iii-expanded-soundtrack-macos-ps3-windows-xbox-360-gamerip-2012,2026-10-05,Track title is taken from KHInsider's soundtrack/gamerip album index. Popularity is an explicitly labelled proxy based on BeatHit game rank and track prominence.,"{""culture_category"":""video_game_music"",""video_game"":""Diablo II"",""game_rank"":167,""game_association_kind"":""khinsider_game_soundtrack"",""khinsider_album_url"":""https://downloads.khinsider.com/game-soundtracks/album/diablo-iii-expanded-soundtrack-macos-ps3-windows-xbox-360-gamerip-2012"",""khinsider_album_title"":""Diablo III (diablo-iii-expanded-soundtrack-macos-ps3-windows-xbox-360-gamerip-2012)"",""khinsider_album_kind"":""official_or_gamerip"",""khinsider_album_match_score"":94.73684210526316,""relevance_score_100"":95.52631578947368,""popularity_score_100"":45.562461754917294,""score_100"":75.54077417565114,""popularity_basis"":""BeatHit master-list game rank plus track position proxy""}"
211,March on Arreat,Unknown credited artist,[],Diablo III (diablo-iii-expanded-soundtrack-macos-ps3-windows-xbox-360-gamerip-2012),,,"[""video game soundtrack""]","[""und""]",,,,Diablo II,,,khinsider_track_prominence_proxy,45.352461754917286,score_0_100,,,,75.45677417565113,,,,https://downloads.khinsider.com/game-soundtracks/album/diablo-iii-expanded-soundtrack-macos-ps3-windows-xbox-360-gamerip-2012,2026-10-05,Track title is taken from KHInsider's soundtrack/gamerip album index. Popularity is an explicitly labelled proxy based on BeatHit game rank and track prominence.,"{""culture_category"":""video_game_music"",""video_game"":""Diablo II"",""game_rank"":167,""game_association_kind"":""khinsider_game_soundtrack"",""khinsider_album_url"":""https://downloads.khinsider.com/game-soundtracks/album/diablo-iii-expanded-soundtrack-macos-ps3-windows-xbox-360-gamerip-2012"",""khinsider_album_title"":""Diablo III (diablo-iii-expanded-soundtrack-macos-ps3-windows-xbox-360-gamerip-2012)"",""khinsider_album_kind"":""official_or_gamerip"",""khinsider_album_match_score"":94.73684210526316,""relevance_score_100"":95.52631578947368,""popularity_score_100"":45.352461754917286,""score_100"":75.45677417565113,""popularity_basis"":""BeatHit master-list game rank plus track position proxy""}"
212,Rakkis Crossing,Unknown credited artist,[],Diablo III (diablo-iii-expanded-soundtrack-macos-ps3-windows-xbox-360-gamerip-2012),,,"[""video game soundtrack""]","[""und""]",,,,Diablo II,,,khinsider_track_prominence_proxy,45.14246175491729,score_0_100,,,,75.37277417565113,,,,https://downloads.khinsider.com/game-soundtracks/album/diablo-iii-expanded-soundtrack-macos-ps3-windows-xbox-360-gamerip-2012,2026-10-05,Track title is taken from KHInsider's soundtrack/gamerip album index. Popularity is an explicitly labelled proxy based on BeatHit game rank and track prominence.,"{""culture_category"":""video_game_music"",""video_game"":""Diablo II"",""game_rank"":167,""game_association_kind"":""khinsider_game_soundtrack"",""khinsider_album_url"":""https://downloads.khinsider.com/game-soundtracks/album/diablo-iii-expanded-soundtrack-macos-ps3-windows-xbox-360-gamerip-2012"",""khinsider_album_title"":""Diablo III (diablo-iii-expanded-soundtrack-macos-ps3-windows-xbox-360-gamerip-2012)"",""khinsider_album_kind"":""official_or_gamerip"",""khinsider_album_match_score"":94.73684210526316,""relevance_score_100"":95.52631578947368,""popularity_score_100"":45.14246175491729,""score_100"":75.37277417565113,""popularity_basis"":""BeatHit master-list game rank plus track position proxy""}"
213,Edge of the Abyss,Unknown credited artist,[],Diablo III (diablo-iii-expanded-soundtrack-macos-ps3-windows-xbox-360-gamerip-2012),,,"[""video game soundtrack""]","[""und""]",,,,Diablo II,,,khinsider_track_prominence_proxy,44.93246175491729,score_0_100,,,,75.28877417565113,,,,https://downloads.khinsider.com/game-soundtracks/album/diablo-iii-expanded-soundtrack-macos-ps3-windows-xbox-360-gamerip-2012,2026-10-05,Track title is taken from KHInsider's soundtrack/gamerip album index. Popularity is an explicitly labelled proxy based on BeatHit game rank and track prominence.,"{""culture_category"":""video_game_music"",""video_game"":""Diablo II"",""game_rank"":167,""game_association_kind"":""khinsider_game_soundtrack"",""khinsider_album_url"":""https://downloads.khinsider.com/game-soundtracks/album/diablo-iii-expanded-soundtrack-macos-ps3-windows-xbox-360-gamerip-2012"",""khinsider_album_title"":""Diablo III (diablo-iii-expanded-soundtrack-macos-ps3-windows-xbox-360-gamerip-2012)"",""khinsider_album_kind"":""official_or_gamerip"",""khinsider_album_match_score"":94.73684210526316,""relevance_score_100"":95.52631578947368,""popularity_score_100"":44.93246175491729,""score_100"":75.28877417565113,""popularity_basis"":""BeatHit master-list game rank plus track position proxy""}"
214,The Siegebreaker Assault Beast,Unknown credited artist,[],Diablo III (diablo-iii-expanded-soundtrack-macos-ps3-windows-xbox-360-gamerip-2012),,,"[""video game soundtrack""]","[""und""]",,,,Diablo II,,,khinsider_track_prominence_proxy,44.72246175491729,score_0_100,,,,75.20477417565112,,,,https://downloads.khinsider.com/game-soundtracks/album/diablo-iii-expanded-soundtrack-macos-ps3-windows-xbox-360-gamerip-2012,2026-10-05,Track title is taken from KHInsider's soundtrack/gamerip album index. Popularity is an explicitly labelled proxy based on BeatHit game rank and track prominence.,"{""culture_category"":""video_game_music"",""video_game"":""Diablo II"",""game_rank"":167,""game_association_kind"":""khinsider_game_soundtrack"",""khinsider_album_url"":""https://downloads.khinsider.com/game-soundtracks/album/diablo-iii-expanded-soundtrack-macos-ps3-windows-xbox-360-gamerip-2012"",""khinsider_album_title"":""Diablo III (diablo-iii-expanded-soundtrack-macos-ps3-windows-xbox-360-gamerip-2012)"",""khinsider_album_kind"":""official_or_gamerip"",""khinsider_album_match_score"":94.73684210526316,""relevance_score_100"":95.52631578947368,""popularity_score_100"":44.72246175491729,""score_100"":75.20477417565112,""popularity_basis"":""BeatHit master-list game rank plus track position proxy""}"
215,Arreat Crater,Unknown credited artist,[],Diablo III (diablo-iii-expanded-soundtrack-macos-ps3-windows-xbox-360-gamerip-2012),,,"[""video game soundtrack""]","[""und""]",,,,Diablo II,,,khinsider_track_prominence_proxy,44.51246175491729,score_0_100,,,,75.12077417565112,,,,https://downloads.khinsider.com/game-soundtracks/album/diablo-iii-expanded-soundtrack-macos-ps3-windows-xbox-360-gamerip-2012,2026-10-05,Track title is taken from KHInsider's soundtrack/gamerip album index. Popularity is an explicitly labelled proxy based on BeatHit game rank and track prominence.,"{""culture_category"":""video_game_music"",""video_game"":""Diablo II"",""game_rank"":167,""game_association_kind"":""khinsider_game_soundtrack"",""khinsider_album_url"":""https://downloads.khinsider.com/game-soundtracks/album/diablo-iii-expanded-soundtrack-macos-ps3-windows-xbox-360-gamerip-2012"",""khinsider_album_title"":""Diablo III (diablo-iii-expanded-soundtrack-macos-ps3-windows-xbox-360-gamerip-2012)"",""khinsider_album_kind"":""official_or_gamerip"",""khinsider_album_match_score"":94.73684210526316,""relevance_score_100"":95.52631578947368,""popularity_score_100"":44.51246175491729,""score_100"":75.12077417565112,""popularity_basis"":""BeatHit master-list game rank plus track position proxy""}"
216,"Cydaea, Maiden of Lust",Unknown credited artist,[],Diablo III (diablo-iii-expanded-soundtrack-macos-ps3-windows-xbox-360-gamerip-2012),,,"[""video game soundtrack""]","[""und""]",,,,Diablo II,,,khinsider_track_prominence_proxy,44.30246175491729,score_0_100,,,,75.03677417565113,,,,https://downloads.khinsider.com/game-soundtracks/album/diablo-iii-expanded-soundtrack-macos-ps3-windows-xbox-360-gamerip-2012,2026-10-05,Track title is taken from KHInsider's soundtrack/gamerip album index. Popularity is an explicitly labelled proxy based on BeatHit game rank and track prominence.,"{""culture_category"":""video_game_music"",""video_game"":""Diablo II"",""game_rank"":167,""game_association_kind"":""khinsider_game_soundtrack"",""khinsider_album_url"":""https://downloads.khinsider.com/game-soundtracks/album/diablo-iii-expanded-soundtrack-macos-ps3-windows-xbox-360-gamerip-2012"",""khinsider_album_title"":""Diablo III (diablo-iii-expanded-soundtrack-macos-ps3-windows-xbox-360-gamerip-2012)"",""khinsider_album_kind"":""official_or_gamerip"",""khinsider_album_match_score"":94.73684210526316,""relevance_score_100"":95.52631578947368,""popularity_score_100"":44.30246175491729,""score_100"":75.03677417565113,""popularity_basis"":""BeatHit master-list game rank plus track position proxy""}"
217,Heart of Sin,Unknown credited artist,[],Diablo III (diablo-iii-expanded-soundtrack-macos-ps3-windows-xbox-360-gamerip-2012),,,"[""video game soundtrack""]","[""und""]",,,,Diablo II,,,khinsider_track_prominence_proxy,44.09246175491729,score_0_100,,,,74.95277417565113,,,,https://downloads.khinsider.com/game-soundtracks/album/diablo-iii-expanded-soundtrack-macos-ps3-windows-xbox-360-gamerip-2012,2026-10-05,Track title is taken from KHInsider's soundtrack/gamerip album index. Popularity is an explicitly labelled proxy based on BeatHit game rank and track prominence.,"{""culture_category"":""video_game_music"",""video_game"":""Diablo II"",""game_rank"":167,""game_association_kind"":""khinsider_game_soundtrack"",""khinsider_album_url"":""https://downloads.khinsider.com/game-soundtracks/album/diablo-iii-expanded-soundtrack-macos-ps3-windows-xbox-360-gamerip-2012"",""khinsider_album_title"":""Diablo III (diablo-iii-expanded-soundtrack-macos-ps3-windows-xbox-360-gamerip-2012)"",""khinsider_album_kind"":""official_or_gamerip"",""khinsider_album_match_score"":94.73684210526316,""relevance_score_100"":95.52631578947368,""popularity_score_100"":44.09246175491729,""score_100"":74.95277417565113,""popularity_basis"":""BeatHit master-list game rank plus track position proxy""}"
218,"Azmodan, Lord of Sin",Unknown credited artist,[],Diablo III (diablo-iii-expanded-soundtrack-macos-ps3-windows-xbox-360-gamerip-2012),,,"[""video game soundtrack""]","[""und""]",,,,Diablo II,,,khinsider_track_prominence_proxy,43.88246175491729,score_0_100,,,,74.86877417565113,,,,https://downloads.khinsider.com/game-soundtracks/album/diablo-iii-expanded-soundtrack-macos-ps3-windows-xbox-360-gamerip-2012,2026-10-05,Track title is taken from KHInsider's soundtrack/gamerip album index. Popularity is an explicitly labelled proxy based on BeatHit game rank and track prominence.,"{""culture_category"":""video_game_music"",""video_game"":""Diablo II"",""game_rank"":167,""game_association_kind"":""khinsider_game_soundtrack"",""khinsider_album_url"":""https://downloads.khinsider.com/game-soundtracks/album/diablo-iii-expanded-soundtrack-macos-ps3-windows-xbox-360-gamerip-2012"",""khinsider_album_title"":""Diablo III (diablo-iii-expanded-soundtrack-macos-ps3-windows-xbox-360-gamerip-2012)"",""khinsider_album_kind"":""official_or_gamerip"",""khinsider_album_match_score"":94.73684210526316,""relevance_score_100"":95.52631578947368,""popularity_score_100"":43.88246175491729,""score_100"":74.86877417565113,""popularity_basis"":""BeatHit master-list game rank plus track position proxy""}"
219,Victory is at Hand,Unknown credited artist,[],Diablo III (diablo-iii-expanded-soundtrack-macos-ps3-windows-xbox-360-gamerip-2012),,,"[""video game soundtrack""]","[""und""]",,,,Diablo II,,,khinsider_track_prominence_proxy,43.67246175491729,score_0_100,,,,74.78477417565114,,,,https://downloads.khinsider.com/game-soundtracks/album/diablo-iii-expanded-soundtrack-macos-ps3-windows-xbox-360-gamerip-2012,2026-10-05,Track title is taken from KHInsider's soundtrack/gamerip album index. Popularity is an explicitly labelled proxy based on BeatHit game rank and track prominence.,"{""culture_category"":""video_game_music"",""video_game"":""Diablo II"",""game_rank"":167,""game_association_kind"":""khinsider_game_soundtrack"",""khinsider_album_url"":""https://downloads.khinsider.com/game-soundtracks/album/diablo-iii-expanded-soundtrack-macos-ps3-windows-xbox-360-gamerip-2012"",""khinsider_album_title"":""Diablo III (diablo-iii-expanded-soundtrack-macos-ps3-windows-xbox-360-gamerip-2012)"",""khinsider_album_kind"":""official_or_gamerip"",""khinsider_album_match_score"":94.73684210526316,""relevance_score_100"":95.52631578947368,""popularity_score_100"":43.67246175491729,""score_100"":74.78477417565114,""popularity_basis"":""BeatHit master-list game rank plus track position proxy""}"
220,Adria's Betrayal,Unknown credited artist,[],Diablo III (diablo-iii-expanded-soundtrack-macos-ps3-windows-xbox-360-gamerip-2012),,,"[""video game soundtrack""]","[""und""]",,,,Diablo II,,,khinsider_track_prominence_proxy,43.46246175491729,score_0_100,,,,74.70077417565113,,,,https://downloads.khinsider.com/game-soundtracks/album/diablo-iii-expanded-soundtrack-macos-ps3-windows-xbox-360-gamerip-2012,2026-10-05,Track title is taken from KHInsider's soundtrack/gamerip album index. Popularity is an explicitly labelled proxy based on BeatHit game rank and track prominence.,"{""culture_category"":""video_game_music"",""video_game"":""Diablo II"",""game_rank"":167,""game_association_kind"":""khinsider_game_soundtrack"",""khinsider_album_url"":""https://downloads.khinsider.com/game-soundtracks/album/diablo-iii-expanded-soundtrack-macos-ps3-windows-xbox-360-gamerip-2012"",""khinsider_album_title"":""Diablo III (diablo-iii-expanded-soundtrack-macos-ps3-windows-xbox-360-gamerip-2012)"",""khinsider_album_kind"":""official_or_gamerip"",""khinsider_album_match_score"":94.73684210526316,""relevance_score_100"":95.52631578947368,""popularity_score_100"":43.46246175491729,""score_100"":74.70077417565113,""popularity_basis"":""BeatHit master-list game rank plus track position proxy""}"
221,The Prime Evil,Unknown credited artist,[],Diablo III (diablo-iii-expanded-soundtrack-macos-ps3-windows-xbox-360-gamerip-2012),,,"[""video game soundtrack""]","[""und""]",,,,Diablo II,,,khinsider_track_prominence_proxy,43.25246175491729,score_0_100,,,,74.61677417565113,,,,https://downloads.khinsider.com/game-soundtracks/album/diablo-iii-expanded-soundtrack-macos-ps3-windows-xbox-360-gamerip-2012,2026-10-05,Track title is taken from KHInsider's soundtrack/gamerip album index. Popularity is an explicitly labelled proxy based on BeatHit game rank and track prominence.,"{""culture_category"":""video_game_music"",""video_game"":""Diablo II"",""game_rank"":167,""game_association_kind"":""khinsider_game_soundtrack"",""khinsider_album_url"":""https://downloads.khinsider.com/game-soundtracks/album/diablo-iii-expanded-soundtrack-macos-ps3-windows-xbox-360-gamerip-2012"",""khinsider_album_title"":""Diablo III (diablo-iii-expanded-soundtrack-macos-ps3-windows-xbox-360-gamerip-2012)"",""khinsider_album_kind"":""official_or_gamerip"",""khinsider_album_match_score"":94.73684210526316,""relevance_score_100"":95.52631578947368,""popularity_score_100"":43.25246175491729,""score_100"":74.61677417565113,""popularity_basis"":""BeatHit master-list game rank plus track position proxy""}"
222,Act 4 Introduction,Unknown credited artist,[],Diablo III (diablo-iii-expanded-soundtrack-macos-ps3-windows-xbox-360-gamerip-2012),,,"[""video game soundtrack""]","[""und""]",,,,Diablo II,,,khinsider_track_prominence_proxy,43.04246175491729,score_0_100,,,,74.53277417565113,,,,https://downloads.khinsider.com/game-soundtracks/album/diablo-iii-expanded-soundtrack-macos-ps3-windows-xbox-360-gamerip-2012,2026-10-05,Track title is taken from KHInsider's soundtrack/gamerip album index. Popularity is an explicitly labelled proxy based on BeatHit game rank and track prominence.,"{""culture_category"":""video_game_music"",""video_game"":""Diablo II"",""game_rank"":167,""game_association_kind"":""khinsider_game_soundtrack"",""khinsider_album_url"":""https://downloads.khinsider.com/game-soundtracks/album/diablo-iii-expanded-soundtrack-macos-ps3-windows-xbox-360-gamerip-2012"",""khinsider_album_title"":""Diablo III (diablo-iii-expanded-soundtrack-macos-ps3-windows-xbox-360-gamerip-2012)"",""khinsider_album_kind"":""official_or_gamerip"",""khinsider_album_match_score"":94.73684210526316,""relevance_score_100"":95.52631578947368,""popularity_score_100"":43.04246175491729,""score_100"":74.53277417565113,""popularity_basis"":""BeatHit master-list game rank plus track position proxy""}"
223,The Gardens of Hope,Unknown credited artist,[],Diablo III (diablo-iii-expanded-soundtrack-macos-ps3-windows-xbox-360-gamerip-2012),,,"[""video game soundtrack""]","[""und""]",,,,Diablo II,,,khinsider_track_prominence_proxy,42.83246175491729,score_0_100,,,,74.44877417565112,,,,https://downloads.khinsider.com/game-soundtracks/album/diablo-iii-expanded-soundtrack-macos-ps3-windows-xbox-360-gamerip-2012,2026-10-05,Track title is taken from KHInsider's soundtrack/gamerip album index. Popularity is an explicitly labelled proxy based on BeatHit game rank and track prominence.,"{""culture_category"":""video_game_music"",""video_game"":""Diablo II"",""game_rank"":167,""game_association_kind"":""khinsider_game_soundtrack"",""khinsider_album_url"":""https://downloads.khinsider.com/game-soundtracks/album/diablo-iii-expanded-soundtrack-macos-ps3-windows-xbox-360-gamerip-2012"",""khinsider_album_title"":""Diablo III (diablo-iii-expanded-soundtrack-macos-ps3-windows-xbox-360-gamerip-2012)"",""khinsider_album_kind"":""official_or_gamerip"",""khinsider_album_match_score"":94.73684210526316,""relevance_score_100"":95.52631578947368,""popularity_score_100"":42.83246175491729,""score_100"":74.44877417565112,""popularity_basis"":""BeatHit master-list game rank plus track position proxy""}"
224,Evil Draws Close,Unknown credited artist,[],Diablo III (diablo-iii-expanded-soundtrack-macos-ps3-windows-xbox-360-gamerip-2012),,,"[""video game soundtrack""]","[""und""]",,,,Diablo II,,,khinsider_track_prominence_proxy,42.62246175491729,score_0_100,,,,74.36477417565112,,,,https://downloads.khinsider.com/game-soundtracks/album/diablo-iii-expanded-soundtrack-macos-ps3-windows-xbox-360-gamerip-2012,2026-10-05,Track title is taken from KHInsider's soundtrack/gamerip album index. Popularity is an explicitly labelled proxy based on BeatHit game rank and track prominence.,"{""culture_category"":""video_game_music"",""video_game"":""Diablo II"",""game_rank"":167,""game_association_kind"":""khinsider_game_soundtrack"",""khinsider_album_url"":""https://downloads.khinsider.com/game-soundtracks/album/diablo-iii-expanded-soundtrack-macos-ps3-windows-xbox-360-gamerip-2012"",""khinsider_album_title"":""Diablo III (diablo-iii-expanded-soundtrack-macos-ps3-windows-xbox-360-gamerip-2012)"",""khinsider_album_kind"":""official_or_gamerip"",""khinsider_album_match_score"":94.73684210526316,""relevance_score_100"":95.52631578947368,""popularity_score_100"":42.62246175491729,""score_100"":74.36477417565112,""popularity_basis"":""BeatHit master-list game rank plus track position proxy""}"
225,"Rakanoth, Lord of Despair",Unknown credited artist,[],Diablo III (diablo-iii-expanded-soundtrack-macos-ps3-windows-xbox-360-gamerip-2012),,,"[""video game soundtrack""]","[""und""]",,,,Diablo II,,,khinsider_track_prominence_proxy,42.41246175491729,score_0_100,,,,74.28077417565113,,,,https://downloads.khinsider.com/game-soundtracks/album/diablo-iii-expanded-soundtrack-macos-ps3-windows-xbox-360-gamerip-2012,2026-10-05,Track title is taken from KHInsider's soundtrack/gamerip album index. Popularity is an explicitly labelled proxy based on BeatHit game rank and track prominence.,"{""culture_category"":""video_game_music"",""video_game"":""Diablo II"",""game_rank"":167,""game_association_kind"":""khinsider_game_soundtrack"",""khinsider_album_url"":""https://downloads.khinsider.com/game-soundtracks/album/diablo-iii-expanded-soundtrack-macos-ps3-windows-xbox-360-gamerip-2012"",""khinsider_album_title"":""Diablo III (diablo-iii-expanded-soundtrack-macos-ps3-windows-xbox-360-gamerip-2012)"",""khinsider_album_kind"":""official_or_gamerip"",""khinsider_album_match_score"":94.73684210526316,""relevance_score_100"":95.52631578947368,""popularity_score_100"":42.41246175491729,""score_100"":74.28077417565113,""popularity_basis"":""BeatHit master-list game rank plus track position proxy""}"
226,The Angiris Council,Unknown credited artist,[],Diablo III (diablo-iii-expanded-soundtrack-macos-ps3-windows-xbox-360-gamerip-2012),,,"[""video game soundtrack""]","[""und""]",,,,Diablo II,,,khinsider_track_prominence_proxy,42.202461754917294,score_0_100,,,,74.19677417565113,,,,https://downloads.khinsider.com/game-soundtracks/album/diablo-iii-expanded-soundtrack-macos-ps3-windows-xbox-360-gamerip-2012,2026-10-05,Track title is taken from KHInsider's soundtrack/gamerip album index. Popularity is an explicitly labelled proxy based on BeatHit game rank and track prominence.,"{""culture_category"":""video_game_music"",""video_game"":""Diablo II"",""game_rank"":167,""game_association_kind"":""khinsider_game_soundtrack"",""khinsider_album_url"":""https://downloads.khinsider.com/game-soundtracks/album/diablo-iii-expanded-soundtrack-macos-ps3-windows-xbox-360-gamerip-2012"",""khinsider_album_title"":""Diablo III (diablo-iii-expanded-soundtrack-macos-ps3-windows-xbox-360-gamerip-2012)"",""khinsider_album_kind"":""official_or_gamerip"",""khinsider_album_match_score"":94.73684210526316,""relevance_score_100"":95.52631578947368,""popularity_score_100"":42.202461754917294,""score_100"":74.19677417565113,""popularity_basis"":""BeatHit master-list game rank plus track position proxy""}"
227,Hell Rift,Unknown credited artist,[],Diablo III (diablo-iii-expanded-soundtrack-macos-ps3-windows-xbox-360-gamerip-2012),,,"[""video game soundtrack""]","[""und""]",,,,Diablo II,,,khinsider_track_prominence_proxy,41.99246175491729,score_0_100,,,,74.11277417565113,,,,https://downloads.khinsider.com/game-soundtracks/album/diablo-iii-expanded-soundtrack-macos-ps3-windows-xbox-360-gamerip-2012,2026-10-05,Track title is taken from KHInsider's soundtrack/gamerip album index. Popularity is an explicitly labelled proxy based on BeatHit game rank and track prominence.,"{""culture_category"":""video_game_music"",""video_game"":""Diablo II"",""game_rank"":167,""game_association_kind"":""khinsider_game_soundtrack"",""khinsider_album_url"":""https://downloads.khinsider.com/game-soundtracks/album/diablo-iii-expanded-soundtrack-macos-ps3-windows-xbox-360-gamerip-2012"",""khinsider_album_title"":""Diablo III (diablo-iii-expanded-soundtrack-macos-ps3-windows-xbox-360-gamerip-2012)"",""khinsider_album_kind"":""official_or_gamerip"",""khinsider_album_match_score"":94.73684210526316,""relevance_score_100"":95.52631578947368,""popularity_score_100"":41.99246175491729,""score_100"":74.11277417565113,""popularity_basis"":""BeatHit master-list game rank plus track position proxy""}"
228,Holy Sanctum,Unknown credited artist,[],Diablo III (diablo-iii-expanded-soundtrack-macos-ps3-windows-xbox-360-gamerip-2012),,,"[""video game soundtrack""]","[""und""]",,,,Diablo II,,,khinsider_track_prominence_proxy,41.78246175491729,score_0_100,,,,74.02877417565114,,,,https://downloads.khinsider.com/game-soundtracks/album/diablo-iii-expanded-soundtrack-macos-ps3-windows-xbox-360-gamerip-2012,2026-10-05,Track title is taken from KHInsider's soundtrack/gamerip album index. Popularity is an explicitly labelled proxy based on BeatHit game rank and track prominence.,"{""culture_category"":""video_game_music"",""video_game"":""Diablo II"",""game_rank"":167,""game_association_kind"":""khinsider_game_soundtrack"",""khinsider_album_url"":""https://downloads.khinsider.com/game-soundtracks/album/diablo-iii-expanded-soundtrack-macos-ps3-windows-xbox-360-gamerip-2012"",""khinsider_album_title"":""Diablo III (diablo-iii-expanded-soundtrack-macos-ps3-windows-xbox-360-gamerip-2012)"",""khinsider_album_kind"":""official_or_gamerip"",""khinsider_album_match_score"":94.73684210526316,""relevance_score_100"":95.52631578947368,""popularity_score_100"":41.78246175491729,""score_100"":74.02877417565114,""popularity_basis"":""BeatHit master-list game rank plus track position proxy""}"
229,Blessed Chancel,Unknown credited artist,[],Diablo III (diablo-iii-expanded-soundtrack-macos-ps3-windows-xbox-360-gamerip-2012),,,"[""video game soundtrack""]","[""und""]",,,,Diablo II,,,khinsider_track_prominence_proxy,41.57246175491729,score_0_100,,,,73.94477417565113,,,,https://downloads.khinsider.com/game-soundtracks/album/diablo-iii-expanded-soundtrack-macos-ps3-windows-xbox-360-gamerip-2012,2026-10-05,Track title is taken from KHInsider's soundtrack/gamerip album index. Popularity is an explicitly labelled proxy based on BeatHit game rank and track prominence.,"{""culture_category"":""video_game_music"",""video_game"":""Diablo II"",""game_rank"":167,""game_association_kind"":""khinsider_game_soundtrack"",""khinsider_album_url"":""https://downloads.khinsider.com/game-soundtracks/album/diablo-iii-expanded-soundtrack-macos-ps3-windows-xbox-360-gamerip-2012"",""khinsider_album_title"":""Diablo III (diablo-iii-expanded-soundtrack-macos-ps3-windows-xbox-360-gamerip-2012)"",""khinsider_album_kind"":""official_or_gamerip"",""khinsider_album_match_score"":94.73684210526316,""relevance_score_100"":95.52631578947368,""popularity_score_100"":41.57246175491729,""score_100"":73.94477417565113,""popularity_basis"":""BeatHit master-list game rank plus track position proxy""}"
230,Gateway to the Silver Spire,Unknown credited artist,[],Diablo III (diablo-iii-expanded-soundtrack-macos-ps3-windows-xbox-360-gamerip-2012),,,"[""video game soundtrack""]","[""und""]",,,,Diablo II,,,khinsider_track_prominence_proxy,41.36246175491729,score_0_100,,,,73.86077417565113,,,,https://downloads.khinsider.com/game-soundtracks/album/diablo-iii-expanded-soundtrack-macos-ps3-windows-xbox-360-gamerip-2012,2026-10-05,Track title is taken from KHInsider's soundtrack/gamerip album index. Popularity is an explicitly labelled proxy based on BeatHit game rank and track prominence.,"{""culture_category"":""video_game_music"",""video_game"":""Diablo II"",""game_rank"":167,""game_association_kind"":""khinsider_game_soundtrack"",""khinsider_album_url"":""https://downloads.khinsider.com/game-soundtracks/album/diablo-iii-expanded-soundtrack-macos-ps3-windows-xbox-360-gamerip-2012"",""khinsider_album_title"":""Diablo III (diablo-iii-expanded-soundtrack-macos-ps3-windows-xbox-360-gamerip-2012)"",""khinsider_album_kind"":""official_or_gamerip"",""khinsider_album_match_score"":94.73684210526316,""relevance_score_100"":95.52631578947368,""popularity_score_100"":41.36246175491729,""score_100"":73.86077417565113,""popularity_basis"":""BeatHit master-list game rank plus track position proxy""}"
231,The Silver Spire,Unknown credited artist,[],Diablo III (diablo-iii-expanded-soundtrack-macos-ps3-windows-xbox-360-gamerip-2012),,,"[""video game soundtrack""]","[""und""]",,,,Diablo II,,,khinsider_track_prominence_proxy,41.15246175491729,score_0_100,,,,73.77677417565113,,,,https://downloads.khinsider.com/game-soundtracks/album/diablo-iii-expanded-soundtrack-macos-ps3-windows-xbox-360-gamerip-2012,2026-10-05,Track title is taken from KHInsider's soundtrack/gamerip album index. Popularity is an explicitly labelled proxy based on BeatHit game rank and track prominence.,"{""culture_category"":""video_game_music"",""video_game"":""Diablo II"",""game_rank"":167,""game_association_kind"":""khinsider_game_soundtrack"",""khinsider_album_url"":""https://downloads.khinsider.com/game-soundtracks/album/diablo-iii-expanded-soundtrack-macos-ps3-windows-xbox-360-gamerip-2012"",""khinsider_album_title"":""Diablo III (diablo-iii-expanded-soundtrack-macos-ps3-windows-xbox-360-gamerip-2012)"",""khinsider_album_kind"":""official_or_gamerip"",""khinsider_album_match_score"":94.73684210526316,""relevance_score_100"":95.52631578947368,""popularity_score_100"":41.15246175491729,""score_100"":73.77677417565113,""popularity_basis"":""BeatHit master-list game rank plus track position proxy""}"
232,Tyrael's Purpose,Unknown credited artist,[],Diablo III (diablo-iii-expanded-soundtrack-macos-ps3-windows-xbox-360-gamerip-2012),,,"[""video game soundtrack""]","[""und""]",,,,Diablo II,,,khinsider_track_prominence_proxy,40.94246175491729,score_0_100,,,,73.69277417565112,,,,https://downloads.khinsider.com/game-soundtracks/album/diablo-iii-expanded-soundtrack-macos-ps3-windows-xbox-360-gamerip-2012,2026-10-05,Track title is taken from KHInsider's soundtrack/gamerip album index. Popularity is an explicitly labelled proxy based on BeatHit game rank and track prominence.,"{""culture_category"":""video_game_music"",""video_game"":""Diablo II"",""game_rank"":167,""game_association_kind"":""khinsider_game_soundtrack"",""khinsider_album_url"":""https://downloads.khinsider.com/game-soundtracks/album/diablo-iii-expanded-soundtrack-macos-ps3-windows-xbox-360-gamerip-2012"",""khinsider_album_title"":""Diablo III (diablo-iii-expanded-soundtrack-macos-ps3-windows-xbox-360-gamerip-2012)"",""khinsider_album_kind"":""official_or_gamerip"",""khinsider_album_match_score"":94.73684210526316,""relevance_score_100"":95.52631578947368,""popularity_score_100"":40.94246175491729,""score_100"":73.69277417565112,""popularity_basis"":""BeatHit master-list game rank plus track position proxy""}"
233,The Crystal Arch,Unknown credited artist,[],Diablo III (diablo-iii-expanded-soundtrack-macos-ps3-windows-xbox-360-gamerip-2012),,,"[""video game soundtrack""]","[""und""]",,,,Diablo II,,,khinsider_track_prominence_proxy,40.732461754917296,score_0_100,,,,73.60877417565113,,,,https://downloads.khinsider.com/game-soundtracks/album/diablo-iii-expanded-soundtrack-macos-ps3-windows-xbox-360-gamerip-2012,2026-10-05,Track title is taken from KHInsider's soundtrack/gamerip album index. Popularity is an explicitly labelled proxy based on BeatHit game rank and track prominence.,"{""culture_category"":""video_game_music"",""video_game"":""Diablo II"",""game_rank"":167,""game_association_kind"":""khinsider_game_soundtrack"",""khinsider_album_url"":""https://downloads.khinsider.com/game-soundtracks/album/diablo-iii-expanded-soundtrack-macos-ps3-windows-xbox-360-gamerip-2012"",""khinsider_album_title"":""Diablo III (diablo-iii-expanded-soundtrack-macos-ps3-windows-xbox-360-gamerip-2012)"",""khinsider_album_kind"":""official_or_gamerip"",""khinsider_album_match_score"":94.73684210526316,""relevance_score_100"":95.52631578947368,""popularity_score_100"":40.732461754917296,""score_100"":73.60877417565113,""popularity_basis"":""BeatHit master-list game rank plus track position proxy""}"
234,Realm of Terror,Unknown credited artist,[],Diablo III (diablo-iii-expanded-soundtrack-macos-ps3-windows-xbox-360-gamerip-2012),,,"[""video game soundtrack""]","[""und""]",,,,Diablo II,,,khinsider_track_prominence_proxy,40.52246175491729,score_0_100,,,,73.52477417565113,,,,https://downloads.khinsider.com/game-soundtracks/album/diablo-iii-expanded-soundtrack-macos-ps3-windows-xbox-360-gamerip-2012,2026-10-05,Track title is taken from KHInsider's soundtrack/gamerip album index. Popularity is an explicitly labelled proxy based on BeatHit game rank and track prominence.,"{""culture_category"":""video_game_music"",""video_game"":""Diablo II"",""game_rank"":167,""game_association_kind"":""khinsider_game_soundtrack"",""khinsider_album_url"":""https://downloads.khinsider.com/game-soundtracks/album/diablo-iii-expanded-soundtrack-macos-ps3-windows-xbox-360-gamerip-2012"",""khinsider_album_title"":""Diablo III (diablo-iii-expanded-soundtrack-macos-ps3-windows-xbox-360-gamerip-2012)"",""khinsider_album_kind"":""official_or_gamerip"",""khinsider_album_match_score"":94.73684210526316,""relevance_score_100"":95.52631578947368,""popularity_score_100"":40.52246175491729,""score_100"":73.52477417565113,""popularity_basis"":""BeatHit master-list game rank plus track position proxy""}"
235,"Diablo, The Prime Evil",Unknown credited artist,[],Diablo III (diablo-iii-expanded-soundtrack-macos-ps3-windows-xbox-360-gamerip-2012),,,"[""video game soundtrack""]","[""und""]",,,,Diablo II,,,khinsider_track_prominence_proxy,40.312461754917294,score_0_100,,,,73.44077417565113,,,,https://downloads.khinsider.com/game-soundtracks/album/diablo-iii-expanded-soundtrack-macos-ps3-windows-xbox-360-gamerip-2012,2026-10-05,Track title is taken from KHInsider's soundtrack/gamerip album index. Popularity is an explicitly labelled proxy based on BeatHit game rank and track prominence.,"{""culture_category"":""video_game_music"",""video_game"":""Diablo II"",""game_rank"":167,""game_association_kind"":""khinsider_game_soundtrack"",""khinsider_album_url"":""https://downloads.khinsider.com/game-soundtracks/album/diablo-iii-expanded-soundtrack-macos-ps3-windows-xbox-360-gamerip-2012"",""khinsider_album_title"":""Diablo III (diablo-iii-expanded-soundtrack-macos-ps3-windows-xbox-360-gamerip-2012)"",""khinsider_album_kind"":""official_or_gamerip"",""khinsider_album_match_score"":94.73684210526316,""relevance_score_100"":95.52631578947368,""popularity_score_100"":40.312461754917294,""score_100"":73.44077417565113,""popularity_basis"":""BeatHit master-list game rank plus track position proxy""}"
236,Light of Redemption,Unknown credited artist,[],Diablo III (diablo-iii-expanded-soundtrack-macos-ps3-windows-xbox-360-gamerip-2012),,,"[""video game soundtrack""]","[""und""]",,,,Diablo II,,,khinsider_track_prominence_proxy,40.312461754917294,score_0_100,,,,73.44077417565113,,,,https://downloads.khinsider.com/game-soundtracks/album/diablo-iii-expanded-soundtrack-macos-ps3-windows-xbox-360-gamerip-2012,2026-10-05,Track title is taken from KHInsider's soundtrack/gamerip album index. Popularity is an explicitly labelled proxy based on BeatHit game rank and track prominence.,"{""culture_category"":""video_game_music"",""video_game"":""Diablo II"",""game_rank"":167,""game_association_kind"":""khinsider_game_soundtrack"",""khinsider_album_url"":""https://downloads.khinsider.com/game-soundtracks/album/diablo-iii-expanded-soundtrack-macos-ps3-windows-xbox-360-gamerip-2012"",""khinsider_album_title"":""Diablo III (diablo-iii-expanded-soundtrack-macos-ps3-windows-xbox-360-gamerip-2012)"",""khinsider_album_kind"":""official_or_gamerip"",""khinsider_album_match_score"":94.73684210526316,""relevance_score_100"":95.52631578947368,""popularity_score_100"":40.312461754917294,""score_100"":73.44077417565113,""popularity_basis"":""BeatHit master-list game rank plus track position proxy""}"
237,Whimsyshire,Unknown credited artist,[],Diablo III (diablo-iii-expanded-soundtrack-macos-ps3-windows-xbox-360-gamerip-2012),,,"[""video game soundtrack""]","[""und""]",,,,Diablo II,,,khinsider_track_prominence_proxy,40.312461754917294,score_0_100,,,,73.44077417565113,,,,https://downloads.khinsider.com/game-soundtracks/album/diablo-iii-expanded-soundtrack-macos-ps3-windows-xbox-360-gamerip-2012,2026-10-05,Track title is taken from KHInsider's soundtrack/gamerip album index. Popularity is an explicitly labelled proxy based on BeatHit game rank and track prominence.,"{""culture_category"":""video_game_music"",""video_game"":""Diablo II"",""game_rank"":167,""game_association_kind"":""khinsider_game_soundtrack"",""khinsider_album_url"":""https://downloads.khinsider.com/game-soundtracks/album/diablo-iii-expanded-soundtrack-macos-ps3-windows-xbox-360-gamerip-2012"",""khinsider_album_title"":""Diablo III (diablo-iii-expanded-soundtrack-macos-ps3-windows-xbox-360-gamerip-2012)"",""khinsider_album_kind"":""official_or_gamerip"",""khinsider_album_match_score"":94.73684210526316,""relevance_score_100"":95.52631578947368,""popularity_score_100"":40.312461754917294,""score_100"":73.44077417565113,""popularity_basis"":""BeatHit master-list game rank plus track position proxy""}"
238,Blizzcon PvP Trailer,Unknown credited artist,[],Diablo III (diablo-iii-expanded-soundtrack-macos-ps3-windows-xbox-360-gamerip-2012),,,"[""video game soundtrack""]","[""und""]",,,,Diablo II,,,khinsider_track_prominence_proxy,40.312461754917294,score_0_100,,,,73.44077417565113,,,,https://downloads.khinsider.com/game-soundtracks/album/diablo-iii-expanded-soundtrack-macos-ps3-windows-xbox-360-gamerip-2012,2026-10-05,Track title is taken from KHInsider's soundtrack/gamerip album index. Popularity is an explicitly labelled proxy based on BeatHit game rank and track prominence.,"{""culture_category"":""video_game_music"",""video_game"":""Diablo II"",""game_rank"":167,""game_association_kind"":""khinsider_game_soundtrack"",""khinsider_album_url"":""https://downloads.khinsider.com/game-soundtracks/album/diablo-iii-expanded-soundtrack-macos-ps3-windows-xbox-360-gamerip-2012"",""khinsider_album_title"":""Diablo III (diablo-iii-expanded-soundtrack-macos-ps3-windows-xbox-360-gamerip-2012)"",""khinsider_album_kind"":""official_or_gamerip"",""khinsider_album_match_score"":94.73684210526316,""relevance_score_100"":95.52631578947368,""popularity_score_100"":40.312461754917294,""score_100"":73.44077417565113,""popularity_basis"":""BeatHit master-list game rank plus track position proxy""}"
239,The Eternal Conflict,Unknown credited artist,[],Diablo III (diablo-iii-expanded-soundtrack-macos-ps3-windows-xbox-360-gamerip-2012),,,"[""video game soundtrack""]","[""und""]",,,,Diablo II,,,khinsider_track_prominence_proxy,40.312461754917294,score_0_100,,,,73.44077417565113,,,,https://downloads.khinsider.com/game-soundtracks/album/diablo-iii-expanded-soundtrack-macos-ps3-windows-xbox-360-gamerip-2012,2026-10-05,Track title is taken from KHInsider's soundtrack/gamerip album index. Popularity is an explicitly labelled proxy based on BeatHit game rank and track prominence.,"{""culture_category"":""video_game_music"",""video_game"":""Diablo II"",""game_rank"":167,""game_association_kind"":""khinsider_game_soundtrack"",""khinsider_album_url"":""https://downloads.khinsider.com/game-soundtracks/album/diablo-iii-expanded-soundtrack-macos-ps3-windows-xbox-360-gamerip-2012"",""khinsider_album_title"":""Diablo III (diablo-iii-expanded-soundtrack-macos-ps3-windows-xbox-360-gamerip-2012)"",""khinsider_album_kind"":""official_or_gamerip"",""khinsider_album_match_score"":94.73684210526316,""relevance_score_100"":95.52631578947368,""popularity_score_100"":40.312461754917294,""score_100"":73.44077417565113,""popularity_basis"":""BeatHit master-list game rank plus track position proxy""}"
240,Legacy of Terror,Unknown credited artist,[],Diablo III (diablo-iii-expanded-soundtrack-macos-ps3-windows-xbox-360-gamerip-2012),,,"[""video game soundtrack""]","[""und""]",,,,Diablo II,,,khinsider_track_prominence_proxy,40.312461754917294,score_0_100,,,,73.44077417565113,,,,https://downloads.khinsider.com/game-soundtracks/album/diablo-iii-expanded-soundtrack-macos-ps3-windows-xbox-360-gamerip-2012,2026-10-05,Track title is taken from KHInsider's soundtrack/gamerip album index. Popularity is an explicitly labelled proxy based on BeatHit game rank and track prominence.,"{""culture_category"":""video_game_music"",""video_game"":""Diablo II"",""game_rank"":167,""game_association_kind"":""khinsider_game_soundtrack"",""khinsider_album_url"":""https://downloads.khinsider.com/game-soundtracks/album/diablo-iii-expanded-soundtrack-macos-ps3-windows-xbox-360-gamerip-2012"",""khinsider_album_title"":""Diablo III (diablo-iii-expanded-soundtrack-macos-ps3-windows-xbox-360-gamerip-2012)"",""khinsider_album_kind"":""official_or_gamerip"",""khinsider_album_match_score"":94.73684210526316,""relevance_score_100"":95.52631578947368,""popularity_score_100"":40.312461754917294,""score_100"":73.44077417565113,""popularity_basis"":""BeatHit master-list game rank plus track position proxy""}"
241,Children of the Worldstone,Unknown credited artist,[],Diablo III (diablo-iii-expanded-soundtrack-macos-ps3-windows-xbox-360-gamerip-2012),,,"[""video game soundtrack""]","[""und""]",,,,Diablo II,,,khinsider_track_prominence_proxy,40.312461754917294,score_0_100,,,,73.44077417565113,,,,https://downloads.khinsider.com/game-soundtracks/album/diablo-iii-expanded-soundtrack-macos-ps3-windows-xbox-360-gamerip-2012,2026-10-05,Track title is taken from KHInsider's soundtrack/gamerip album index. Popularity is an explicitly labelled proxy based on BeatHit game rank and track prominence.,"{""culture_category"":""video_game_music"",""video_game"":""Diablo II"",""game_rank"":167,""game_association_kind"":""khinsider_game_soundtrack"",""khinsider_album_url"":""https://downloads.khinsider.com/game-soundtracks/album/diablo-iii-expanded-soundtrack-macos-ps3-windows-xbox-360-gamerip-2012"",""khinsider_album_title"":""Diablo III (diablo-iii-expanded-soundtrack-macos-ps3-windows-xbox-360-gamerip-2012)"",""khinsider_album_kind"":""official_or_gamerip"",""khinsider_album_match_score"":94.73684210526316,""relevance_score_100"":95.52631578947368,""popularity_score_100"":40.312461754917294,""score_100"":73.44077417565113,""popularity_basis"":""BeatHit master-list game rank plus track position proxy""}"
242,Last Angel,Unknown credited artist,[],Diablo III (diablo-iii-expanded-soundtrack-macos-ps3-windows-xbox-360-gamerip-2012),,,"[""video game soundtrack""]","[""und""]",,,,Diablo II,,,khinsider_track_prominence_proxy,40.312461754917294,score_0_100,,,,73.44077417565113,,,,https://downloads.khinsider.com/game-soundtracks/album/diablo-iii-expanded-soundtrack-macos-ps3-windows-xbox-360-gamerip-2012,2026-10-05,Track title is taken from KHInsider's soundtrack/gamerip album index. Popularity is an explicitly labelled proxy based on BeatHit game rank and track prominence.,"{""culture_category"":""video_game_music"",""video_game"":""Diablo II"",""game_rank"":167,""game_association_kind"":""khinsider_game_soundtrack"",""khinsider_album_url"":""https://downloads.khinsider.com/game-soundtracks/album/diablo-iii-expanded-soundtrack-macos-ps3-windows-xbox-360-gamerip-2012"",""khinsider_album_title"":""Diablo III (diablo-iii-expanded-soundtrack-macos-ps3-windows-xbox-360-gamerip-2012)"",""khinsider_album_kind"":""official_or_gamerip"",""khinsider_album_match_score"":94.73684210526316,""relevance_score_100"":95.52631578947368,""popularity_score_100"":40.312461754917294,""score_100"":73.44077417565113,""popularity_basis"":""BeatHit master-list game rank plus track position proxy""}"
