rank,title,main_artist,featured_artists,album,release_date,release_year,genres,languages,composer,anime_title,anime_popularity,screen_work,vtuber,is_original,metric_name,metric_value,metric_unit,listen_count,listen_source,view_count,overall_popularity_score,spotify_track_id,musicbrainz_recording_mbid,isrc,source_url,retrieved_at,source_notes,extra
1,Fire Emblem Theme,Unknown credited artist,[],Fire Emblem: Radiant Dawn Original Soundtrack (fire-emblem-radiant-dawn-original-soundtrack),,,"[""video game soundtrack""]","[""und""]",,,,Fire Emblem: Radiant Dawn,,,khinsider_track_prominence_proxy,53.30324645792499,score_0_100,,,,81.32129858317,,,,https://downloads.khinsider.com/game-soundtracks/album/fire-emblem-radiant-dawn-original-soundtrack,2026-10-05,Track title is taken from KHInsider's soundtrack/gamerip album index. Popularity is an explicitly labelled proxy based on BeatHit game rank and track prominence.,"{""culture_category"":""video_game_music"",""video_game"":""Fire Emblem: Radiant Dawn"",""game_rank"":466,""game_association_kind"":""khinsider_game_soundtrack"",""khinsider_album_url"":""https://downloads.khinsider.com/game-soundtracks/album/fire-emblem-radiant-dawn-original-soundtrack"",""khinsider_album_title"":""Fire Emblem: Radiant Dawn Original Soundtrack (fire-emblem-radiant-dawn-original-soundtrack)"",""khinsider_album_kind"":""official_or_gamerip"",""khinsider_album_match_score"":100.0,""relevance_score_100"":100.0,""popularity_score_100"":53.30324645792499,""score_100"":81.32129858317,""popularity_basis"":""BeatHit master-list game rank plus track position proxy""}"
2,Echoes of Daybreak,Unknown credited artist,[],Fire Emblem: Radiant Dawn Original Soundtrack (fire-emblem-radiant-dawn-original-soundtrack),,,"[""video game soundtrack""]","[""und""]",,,,Fire Emblem: Radiant Dawn,,,khinsider_track_prominence_proxy,53.09324645792499,score_0_100,,,,81.23729858317,,,,https://downloads.khinsider.com/game-soundtracks/album/fire-emblem-radiant-dawn-original-soundtrack,2026-10-05,Track title is taken from KHInsider's soundtrack/gamerip album index. Popularity is an explicitly labelled proxy based on BeatHit game rank and track prominence.,"{""culture_category"":""video_game_music"",""video_game"":""Fire Emblem: Radiant Dawn"",""game_rank"":466,""game_association_kind"":""khinsider_game_soundtrack"",""khinsider_album_url"":""https://downloads.khinsider.com/game-soundtracks/album/fire-emblem-radiant-dawn-original-soundtrack"",""khinsider_album_title"":""Fire Emblem: Radiant Dawn Original Soundtrack (fire-emblem-radiant-dawn-original-soundtrack)"",""khinsider_album_kind"":""official_or_gamerip"",""khinsider_album_match_score"":100.0,""relevance_score_100"":100.0,""popularity_score_100"":53.09324645792499,""score_100"":81.23729858317,""popularity_basis"":""BeatHit master-list game rank plus track position proxy""}"
3,Conviction,Unknown credited artist,[],Fire Emblem: Radiant Dawn Original Soundtrack (fire-emblem-radiant-dawn-original-soundtrack),,,"[""video game soundtrack""]","[""und""]",,,,Fire Emblem: Radiant Dawn,,,khinsider_track_prominence_proxy,52.88324645792499,score_0_100,,,,81.15329858317,,,,https://downloads.khinsider.com/game-soundtracks/album/fire-emblem-radiant-dawn-original-soundtrack,2026-10-05,Track title is taken from KHInsider's soundtrack/gamerip album index. Popularity is an explicitly labelled proxy based on BeatHit game rank and track prominence.,"{""culture_category"":""video_game_music"",""video_game"":""Fire Emblem: Radiant Dawn"",""game_rank"":466,""game_association_kind"":""khinsider_game_soundtrack"",""khinsider_album_url"":""https://downloads.khinsider.com/game-soundtracks/album/fire-emblem-radiant-dawn-original-soundtrack"",""khinsider_album_title"":""Fire Emblem: Radiant Dawn Original Soundtrack (fire-emblem-radiant-dawn-original-soundtrack)"",""khinsider_album_kind"":""official_or_gamerip"",""khinsider_album_match_score"":100.0,""relevance_score_100"":100.0,""popularity_score_100"":52.88324645792499,""score_100"":81.15329858317,""popularity_basis"":""BeatHit master-list game rank plus track position proxy""}"
4,Dark Traveler,Unknown credited artist,[],Fire Emblem: Radiant Dawn Original Soundtrack (fire-emblem-radiant-dawn-original-soundtrack),,,"[""video game soundtrack""]","[""und""]",,,,Fire Emblem: Radiant Dawn,,,khinsider_track_prominence_proxy,52.67324645792499,score_0_100,,,,81.06929858317,,,,https://downloads.khinsider.com/game-soundtracks/album/fire-emblem-radiant-dawn-original-soundtrack,2026-10-05,Track title is taken from KHInsider's soundtrack/gamerip album index. Popularity is an explicitly labelled proxy based on BeatHit game rank and track prominence.,"{""culture_category"":""video_game_music"",""video_game"":""Fire Emblem: Radiant Dawn"",""game_rank"":466,""game_association_kind"":""khinsider_game_soundtrack"",""khinsider_album_url"":""https://downloads.khinsider.com/game-soundtracks/album/fire-emblem-radiant-dawn-original-soundtrack"",""khinsider_album_title"":""Fire Emblem: Radiant Dawn Original Soundtrack (fire-emblem-radiant-dawn-original-soundtrack)"",""khinsider_album_kind"":""official_or_gamerip"",""khinsider_album_match_score"":100.0,""relevance_score_100"":100.0,""popularity_score_100"":52.67324645792499,""score_100"":81.06929858317,""popularity_basis"":""BeatHit master-list game rank plus track position proxy""}"
5,Bearer of Hope,Unknown credited artist,[],Fire Emblem: Radiant Dawn Original Soundtrack (fire-emblem-radiant-dawn-original-soundtrack),,,"[""video game soundtrack""]","[""und""]",,,,Fire Emblem: Radiant Dawn,,,khinsider_track_prominence_proxy,52.463246457924996,score_0_100,,,,80.98529858316999,,,,https://downloads.khinsider.com/game-soundtracks/album/fire-emblem-radiant-dawn-original-soundtrack,2026-10-05,Track title is taken from KHInsider's soundtrack/gamerip album index. Popularity is an explicitly labelled proxy based on BeatHit game rank and track prominence.,"{""culture_category"":""video_game_music"",""video_game"":""Fire Emblem: Radiant Dawn"",""game_rank"":466,""game_association_kind"":""khinsider_game_soundtrack"",""khinsider_album_url"":""https://downloads.khinsider.com/game-soundtracks/album/fire-emblem-radiant-dawn-original-soundtrack"",""khinsider_album_title"":""Fire Emblem: Radiant Dawn Original Soundtrack (fire-emblem-radiant-dawn-original-soundtrack)"",""khinsider_album_kind"":""official_or_gamerip"",""khinsider_album_match_score"":100.0,""relevance_score_100"":100.0,""popularity_score_100"":52.463246457924996,""score_100"":80.98529858316999,""popularity_basis"":""BeatHit master-list game rank plus track position proxy""}"
6,A Gathering of Storms,Unknown credited artist,[],Fire Emblem: Radiant Dawn Original Soundtrack (fire-emblem-radiant-dawn-original-soundtrack),,,"[""video game soundtrack""]","[""und""]",,,,Fire Emblem: Radiant Dawn,,,khinsider_track_prominence_proxy,52.25324645792499,score_0_100,,,,80.90129858316999,,,,https://downloads.khinsider.com/game-soundtracks/album/fire-emblem-radiant-dawn-original-soundtrack,2026-10-05,Track title is taken from KHInsider's soundtrack/gamerip album index. Popularity is an explicitly labelled proxy based on BeatHit game rank and track prominence.,"{""culture_category"":""video_game_music"",""video_game"":""Fire Emblem: Radiant Dawn"",""game_rank"":466,""game_association_kind"":""khinsider_game_soundtrack"",""khinsider_album_url"":""https://downloads.khinsider.com/game-soundtracks/album/fire-emblem-radiant-dawn-original-soundtrack"",""khinsider_album_title"":""Fire Emblem: Radiant Dawn Original Soundtrack (fire-emblem-radiant-dawn-original-soundtrack)"",""khinsider_album_kind"":""official_or_gamerip"",""khinsider_album_match_score"":100.0,""relevance_score_100"":100.0,""popularity_score_100"":52.25324645792499,""score_100"":80.90129858316999,""popularity_basis"":""BeatHit master-list game rank plus track position proxy""}"
7,Proud Flight,Unknown credited artist,[],Fire Emblem: Radiant Dawn Original Soundtrack (fire-emblem-radiant-dawn-original-soundtrack),,,"[""video game soundtrack""]","[""und""]",,,,Fire Emblem: Radiant Dawn,,,khinsider_track_prominence_proxy,52.043246457924994,score_0_100,,,,80.81729858317,,,,https://downloads.khinsider.com/game-soundtracks/album/fire-emblem-radiant-dawn-original-soundtrack,2026-10-05,Track title is taken from KHInsider's soundtrack/gamerip album index. Popularity is an explicitly labelled proxy based on BeatHit game rank and track prominence.,"{""culture_category"":""video_game_music"",""video_game"":""Fire Emblem: Radiant Dawn"",""game_rank"":466,""game_association_kind"":""khinsider_game_soundtrack"",""khinsider_album_url"":""https://downloads.khinsider.com/game-soundtracks/album/fire-emblem-radiant-dawn-original-soundtrack"",""khinsider_album_title"":""Fire Emblem: Radiant Dawn Original Soundtrack (fire-emblem-radiant-dawn-original-soundtrack)"",""khinsider_album_kind"":""official_or_gamerip"",""khinsider_album_match_score"":100.0,""relevance_score_100"":100.0,""popularity_score_100"":52.043246457924994,""score_100"":80.81729858317,""popularity_basis"":""BeatHit master-list game rank plus track position proxy""}"
8,Eternal Bond,Unknown credited artist,[],Fire Emblem: Radiant Dawn Original Soundtrack (fire-emblem-radiant-dawn-original-soundtrack),,,"[""video game soundtrack""]","[""und""]",,,,Fire Emblem: Radiant Dawn,,,khinsider_track_prominence_proxy,51.833246457924986,score_0_100,,,,80.73329858317,,,,https://downloads.khinsider.com/game-soundtracks/album/fire-emblem-radiant-dawn-original-soundtrack,2026-10-05,Track title is taken from KHInsider's soundtrack/gamerip album index. Popularity is an explicitly labelled proxy based on BeatHit game rank and track prominence.,"{""culture_category"":""video_game_music"",""video_game"":""Fire Emblem: Radiant Dawn"",""game_rank"":466,""game_association_kind"":""khinsider_game_soundtrack"",""khinsider_album_url"":""https://downloads.khinsider.com/game-soundtracks/album/fire-emblem-radiant-dawn-original-soundtrack"",""khinsider_album_title"":""Fire Emblem: Radiant Dawn Original Soundtrack (fire-emblem-radiant-dawn-original-soundtrack)"",""khinsider_album_kind"":""official_or_gamerip"",""khinsider_album_match_score"":100.0,""relevance_score_100"":100.0,""popularity_score_100"":51.833246457924986,""score_100"":80.73329858317,""popularity_basis"":""BeatHit master-list game rank plus track position proxy""}"
9,Ascent,Unknown credited artist,[],Fire Emblem: Radiant Dawn Original Soundtrack (fire-emblem-radiant-dawn-original-soundtrack),,,"[""video game soundtrack""]","[""und""]",,,,Fire Emblem: Radiant Dawn,,,khinsider_track_prominence_proxy,51.62324645792499,score_0_100,,,,80.64929858317,,,,https://downloads.khinsider.com/game-soundtracks/album/fire-emblem-radiant-dawn-original-soundtrack,2026-10-05,Track title is taken from KHInsider's soundtrack/gamerip album index. Popularity is an explicitly labelled proxy based on BeatHit game rank and track prominence.,"{""culture_category"":""video_game_music"",""video_game"":""Fire Emblem: Radiant Dawn"",""game_rank"":466,""game_association_kind"":""khinsider_game_soundtrack"",""khinsider_album_url"":""https://downloads.khinsider.com/game-soundtracks/album/fire-emblem-radiant-dawn-original-soundtrack"",""khinsider_album_title"":""Fire Emblem: Radiant Dawn Original Soundtrack (fire-emblem-radiant-dawn-original-soundtrack)"",""khinsider_album_kind"":""official_or_gamerip"",""khinsider_album_match_score"":100.0,""relevance_score_100"":100.0,""popularity_score_100"":51.62324645792499,""score_100"":80.64929858317,""popularity_basis"":""BeatHit master-list game rank plus track position proxy""}"
10,Hymn of the Righteous,Unknown credited artist,[],Fire Emblem: Radiant Dawn Original Soundtrack (fire-emblem-radiant-dawn-original-soundtrack),,,"[""video game soundtrack""]","[""und""]",,,,Fire Emblem: Radiant Dawn,,,khinsider_track_prominence_proxy,51.41324645792499,score_0_100,,,,80.56529858317,,,,https://downloads.khinsider.com/game-soundtracks/album/fire-emblem-radiant-dawn-original-soundtrack,2026-10-05,Track title is taken from KHInsider's soundtrack/gamerip album index. Popularity is an explicitly labelled proxy based on BeatHit game rank and track prominence.,"{""culture_category"":""video_game_music"",""video_game"":""Fire Emblem: Radiant Dawn"",""game_rank"":466,""game_association_kind"":""khinsider_game_soundtrack"",""khinsider_album_url"":""https://downloads.khinsider.com/game-soundtracks/album/fire-emblem-radiant-dawn-original-soundtrack"",""khinsider_album_title"":""Fire Emblem: Radiant Dawn Original Soundtrack (fire-emblem-radiant-dawn-original-soundtrack)"",""khinsider_album_kind"":""official_or_gamerip"",""khinsider_album_match_score"":100.0,""relevance_score_100"":100.0,""popularity_score_100"":51.41324645792499,""score_100"":80.56529858317,""popularity_basis"":""BeatHit master-list game rank plus track position proxy""}"
11,Road of Sorrow,Unknown credited artist,[],Fire Emblem: Radiant Dawn Original Soundtrack (fire-emblem-radiant-dawn-original-soundtrack),,,"[""video game soundtrack""]","[""und""]",,,,Fire Emblem: Radiant Dawn,,,khinsider_track_prominence_proxy,51.20324645792499,score_0_100,,,,80.48129858317,,,,https://downloads.khinsider.com/game-soundtracks/album/fire-emblem-radiant-dawn-original-soundtrack,2026-10-05,Track title is taken from KHInsider's soundtrack/gamerip album index. Popularity is an explicitly labelled proxy based on BeatHit game rank and track prominence.,"{""culture_category"":""video_game_music"",""video_game"":""Fire Emblem: Radiant Dawn"",""game_rank"":466,""game_association_kind"":""khinsider_game_soundtrack"",""khinsider_album_url"":""https://downloads.khinsider.com/game-soundtracks/album/fire-emblem-radiant-dawn-original-soundtrack"",""khinsider_album_title"":""Fire Emblem: Radiant Dawn Original Soundtrack (fire-emblem-radiant-dawn-original-soundtrack)"",""khinsider_album_kind"":""official_or_gamerip"",""khinsider_album_match_score"":100.0,""relevance_score_100"":100.0,""popularity_score_100"":51.20324645792499,""score_100"":80.48129858317,""popularity_basis"":""BeatHit master-list game rank plus track position proxy""}"
12,Unending Task,Unknown credited artist,[],Fire Emblem: Radiant Dawn Original Soundtrack (fire-emblem-radiant-dawn-original-soundtrack),,,"[""video game soundtrack""]","[""und""]",,,,Fire Emblem: Radiant Dawn,,,khinsider_track_prominence_proxy,50.99324645792499,score_0_100,,,,80.39729858317,,,,https://downloads.khinsider.com/game-soundtracks/album/fire-emblem-radiant-dawn-original-soundtrack,2026-10-05,Track title is taken from KHInsider's soundtrack/gamerip album index. Popularity is an explicitly labelled proxy based on BeatHit game rank and track prominence.,"{""culture_category"":""video_game_music"",""video_game"":""Fire Emblem: Radiant Dawn"",""game_rank"":466,""game_association_kind"":""khinsider_game_soundtrack"",""khinsider_album_url"":""https://downloads.khinsider.com/game-soundtracks/album/fire-emblem-radiant-dawn-original-soundtrack"",""khinsider_album_title"":""Fire Emblem: Radiant Dawn Original Soundtrack (fire-emblem-radiant-dawn-original-soundtrack)"",""khinsider_album_kind"":""official_or_gamerip"",""khinsider_album_match_score"":100.0,""relevance_score_100"":100.0,""popularity_score_100"":50.99324645792499,""score_100"":80.39729858317,""popularity_basis"":""BeatHit master-list game rank plus track position proxy""}"
13,A Grasping Truth,Unknown credited artist,[],Fire Emblem: Radiant Dawn Original Soundtrack (fire-emblem-radiant-dawn-original-soundtrack),,,"[""video game soundtrack""]","[""und""]",,,,Fire Emblem: Radiant Dawn,,,khinsider_track_prominence_proxy,50.78324645792499,score_0_100,,,,80.31329858317,,,,https://downloads.khinsider.com/game-soundtracks/album/fire-emblem-radiant-dawn-original-soundtrack,2026-10-05,Track title is taken from KHInsider's soundtrack/gamerip album index. Popularity is an explicitly labelled proxy based on BeatHit game rank and track prominence.,"{""culture_category"":""video_game_music"",""video_game"":""Fire Emblem: Radiant Dawn"",""game_rank"":466,""game_association_kind"":""khinsider_game_soundtrack"",""khinsider_album_url"":""https://downloads.khinsider.com/game-soundtracks/album/fire-emblem-radiant-dawn-original-soundtrack"",""khinsider_album_title"":""Fire Emblem: Radiant Dawn Original Soundtrack (fire-emblem-radiant-dawn-original-soundtrack)"",""khinsider_album_kind"":""official_or_gamerip"",""khinsider_album_match_score"":100.0,""relevance_score_100"":100.0,""popularity_score_100"":50.78324645792499,""score_100"":80.31329858317,""popularity_basis"":""BeatHit master-list game rank plus track position proxy""}"
14,Dawn Brigade,Unknown credited artist,[],Fire Emblem: Radiant Dawn Original Soundtrack (fire-emblem-radiant-dawn-original-soundtrack),,,"[""video game soundtrack""]","[""und""]",,,,Fire Emblem: Radiant Dawn,,,khinsider_track_prominence_proxy,50.573246457924995,score_0_100,,,,80.22929858316999,,,,https://downloads.khinsider.com/game-soundtracks/album/fire-emblem-radiant-dawn-original-soundtrack,2026-10-05,Track title is taken from KHInsider's soundtrack/gamerip album index. Popularity is an explicitly labelled proxy based on BeatHit game rank and track prominence.,"{""culture_category"":""video_game_music"",""video_game"":""Fire Emblem: Radiant Dawn"",""game_rank"":466,""game_association_kind"":""khinsider_game_soundtrack"",""khinsider_album_url"":""https://downloads.khinsider.com/game-soundtracks/album/fire-emblem-radiant-dawn-original-soundtrack"",""khinsider_album_title"":""Fire Emblem: Radiant Dawn Original Soundtrack (fire-emblem-radiant-dawn-original-soundtrack)"",""khinsider_album_kind"":""official_or_gamerip"",""khinsider_album_match_score"":100.0,""relevance_score_100"":100.0,""popularity_score_100"":50.573246457924995,""score_100"":80.22929858316999,""popularity_basis"":""BeatHit master-list game rank plus track position proxy""}"
15,March,Unknown credited artist,[],Fire Emblem: Radiant Dawn Original Soundtrack (fire-emblem-radiant-dawn-original-soundtrack),,,"[""video game soundtrack""]","[""und""]",,,,Fire Emblem: Radiant Dawn,,,khinsider_track_prominence_proxy,50.36324645792499,score_0_100,,,,80.14529858316999,,,,https://downloads.khinsider.com/game-soundtracks/album/fire-emblem-radiant-dawn-original-soundtrack,2026-10-05,Track title is taken from KHInsider's soundtrack/gamerip album index. Popularity is an explicitly labelled proxy based on BeatHit game rank and track prominence.,"{""culture_category"":""video_game_music"",""video_game"":""Fire Emblem: Radiant Dawn"",""game_rank"":466,""game_association_kind"":""khinsider_game_soundtrack"",""khinsider_album_url"":""https://downloads.khinsider.com/game-soundtracks/album/fire-emblem-radiant-dawn-original-soundtrack"",""khinsider_album_title"":""Fire Emblem: Radiant Dawn Original Soundtrack (fire-emblem-radiant-dawn-original-soundtrack)"",""khinsider_album_kind"":""official_or_gamerip"",""khinsider_album_match_score"":100.0,""relevance_score_100"":100.0,""popularity_score_100"":50.36324645792499,""score_100"":80.14529858316999,""popularity_basis"":""BeatHit master-list game rank plus track position proxy""}"
16,On Glory's Wings,Unknown credited artist,[],Fire Emblem: Radiant Dawn Original Soundtrack (fire-emblem-radiant-dawn-original-soundtrack),,,"[""video game soundtrack""]","[""und""]",,,,Fire Emblem: Radiant Dawn,,,khinsider_track_prominence_proxy,50.15324645792499,score_0_100,,,,80.06129858317,,,,https://downloads.khinsider.com/game-soundtracks/album/fire-emblem-radiant-dawn-original-soundtrack,2026-10-05,Track title is taken from KHInsider's soundtrack/gamerip album index. Popularity is an explicitly labelled proxy based on BeatHit game rank and track prominence.,"{""culture_category"":""video_game_music"",""video_game"":""Fire Emblem: Radiant Dawn"",""game_rank"":466,""game_association_kind"":""khinsider_game_soundtrack"",""khinsider_album_url"":""https://downloads.khinsider.com/game-soundtracks/album/fire-emblem-radiant-dawn-original-soundtrack"",""khinsider_album_title"":""Fire Emblem: Radiant Dawn Original Soundtrack (fire-emblem-radiant-dawn-original-soundtrack)"",""khinsider_album_kind"":""official_or_gamerip"",""khinsider_album_match_score"":100.0,""relevance_score_100"":100.0,""popularity_score_100"":50.15324645792499,""score_100"":80.06129858317,""popularity_basis"":""BeatHit master-list game rank plus track position proxy""}"
17,The Devoted,Unknown credited artist,[],Fire Emblem: Radiant Dawn Original Soundtrack (fire-emblem-radiant-dawn-original-soundtrack),,,"[""video game soundtrack""]","[""und""]",,,,Fire Emblem: Radiant Dawn,,,khinsider_track_prominence_proxy,49.943246457924985,score_0_100,,,,79.97729858317,,,,https://downloads.khinsider.com/game-soundtracks/album/fire-emblem-radiant-dawn-original-soundtrack,2026-10-05,Track title is taken from KHInsider's soundtrack/gamerip album index. Popularity is an explicitly labelled proxy based on BeatHit game rank and track prominence.,"{""culture_category"":""video_game_music"",""video_game"":""Fire Emblem: Radiant Dawn"",""game_rank"":466,""game_association_kind"":""khinsider_game_soundtrack"",""khinsider_album_url"":""https://downloads.khinsider.com/game-soundtracks/album/fire-emblem-radiant-dawn-original-soundtrack"",""khinsider_album_title"":""Fire Emblem: Radiant Dawn Original Soundtrack (fire-emblem-radiant-dawn-original-soundtrack)"",""khinsider_album_kind"":""official_or_gamerip"",""khinsider_album_match_score"":100.0,""relevance_score_100"":100.0,""popularity_score_100"":49.943246457924985,""score_100"":79.97729858317,""popularity_basis"":""BeatHit master-list game rank plus track position proxy""}"
18,Time of Action,Unknown credited artist,[],Fire Emblem: Radiant Dawn Original Soundtrack (fire-emblem-radiant-dawn-original-soundtrack),,,"[""video game soundtrack""]","[""und""]",,,,Fire Emblem: Radiant Dawn,,,khinsider_track_prominence_proxy,49.73324645792499,score_0_100,,,,79.89329858317,,,,https://downloads.khinsider.com/game-soundtracks/album/fire-emblem-radiant-dawn-original-soundtrack,2026-10-05,Track title is taken from KHInsider's soundtrack/gamerip album index. Popularity is an explicitly labelled proxy based on BeatHit game rank and track prominence.,"{""culture_category"":""video_game_music"",""video_game"":""Fire Emblem: Radiant Dawn"",""game_rank"":466,""game_association_kind"":""khinsider_game_soundtrack"",""khinsider_album_url"":""https://downloads.khinsider.com/game-soundtracks/album/fire-emblem-radiant-dawn-original-soundtrack"",""khinsider_album_title"":""Fire Emblem: Radiant Dawn Original Soundtrack (fire-emblem-radiant-dawn-original-soundtrack)"",""khinsider_album_kind"":""official_or_gamerip"",""khinsider_album_match_score"":100.0,""relevance_score_100"":100.0,""popularity_score_100"":49.73324645792499,""score_100"":79.89329858317,""popularity_basis"":""BeatHit master-list game rank plus track position proxy""}"
19,Finale in Fear,Unknown credited artist,[],Fire Emblem: Radiant Dawn Original Soundtrack (fire-emblem-radiant-dawn-original-soundtrack),,,"[""video game soundtrack""]","[""und""]",,,,Fire Emblem: Radiant Dawn,,,khinsider_track_prominence_proxy,49.523246457925,score_0_100,,,,79.80929858317,,,,https://downloads.khinsider.com/game-soundtracks/album/fire-emblem-radiant-dawn-original-soundtrack,2026-10-05,Track title is taken from KHInsider's soundtrack/gamerip album index. Popularity is an explicitly labelled proxy based on BeatHit game rank and track prominence.,"{""culture_category"":""video_game_music"",""video_game"":""Fire Emblem: Radiant Dawn"",""game_rank"":466,""game_association_kind"":""khinsider_game_soundtrack"",""khinsider_album_url"":""https://downloads.khinsider.com/game-soundtracks/album/fire-emblem-radiant-dawn-original-soundtrack"",""khinsider_album_title"":""Fire Emblem: Radiant Dawn Original Soundtrack (fire-emblem-radiant-dawn-original-soundtrack)"",""khinsider_album_kind"":""official_or_gamerip"",""khinsider_album_match_score"":100.0,""relevance_score_100"":100.0,""popularity_score_100"":49.523246457925,""score_100"":79.80929858317,""popularity_basis"":""BeatHit master-list game rank plus track position proxy""}"
20,Waves of Discord,Unknown credited artist,[],Fire Emblem: Radiant Dawn Original Soundtrack (fire-emblem-radiant-dawn-original-soundtrack),,,"[""video game soundtrack""]","[""und""]",,,,Fire Emblem: Radiant Dawn,,,khinsider_track_prominence_proxy,49.31324645792499,score_0_100,,,,79.72529858317,,,,https://downloads.khinsider.com/game-soundtracks/album/fire-emblem-radiant-dawn-original-soundtrack,2026-10-05,Track title is taken from KHInsider's soundtrack/gamerip album index. Popularity is an explicitly labelled proxy based on BeatHit game rank and track prominence.,"{""culture_category"":""video_game_music"",""video_game"":""Fire Emblem: Radiant Dawn"",""game_rank"":466,""game_association_kind"":""khinsider_game_soundtrack"",""khinsider_album_url"":""https://downloads.khinsider.com/game-soundtracks/album/fire-emblem-radiant-dawn-original-soundtrack"",""khinsider_album_title"":""Fire Emblem: Radiant Dawn Original Soundtrack (fire-emblem-radiant-dawn-original-soundtrack)"",""khinsider_album_kind"":""official_or_gamerip"",""khinsider_album_match_score"":100.0,""relevance_score_100"":100.0,""popularity_score_100"":49.31324645792499,""score_100"":79.72529858317,""popularity_basis"":""BeatHit master-list game rank plus track position proxy""}"
21,To War,Unknown credited artist,[],Fire Emblem: Radiant Dawn Original Soundtrack (fire-emblem-radiant-dawn-original-soundtrack),,,"[""video game soundtrack""]","[""und""]",,,,Fire Emblem: Radiant Dawn,,,khinsider_track_prominence_proxy,49.103246457924996,score_0_100,,,,79.64129858317,,,,https://downloads.khinsider.com/game-soundtracks/album/fire-emblem-radiant-dawn-original-soundtrack,2026-10-05,Track title is taken from KHInsider's soundtrack/gamerip album index. Popularity is an explicitly labelled proxy based on BeatHit game rank and track prominence.,"{""culture_category"":""video_game_music"",""video_game"":""Fire Emblem: Radiant Dawn"",""game_rank"":466,""game_association_kind"":""khinsider_game_soundtrack"",""khinsider_album_url"":""https://downloads.khinsider.com/game-soundtracks/album/fire-emblem-radiant-dawn-original-soundtrack"",""khinsider_album_title"":""Fire Emblem: Radiant Dawn Original Soundtrack (fire-emblem-radiant-dawn-original-soundtrack)"",""khinsider_album_kind"":""official_or_gamerip"",""khinsider_album_match_score"":100.0,""relevance_score_100"":100.0,""popularity_score_100"":49.103246457924996,""score_100"":79.64129858317,""popularity_basis"":""BeatHit master-list game rank plus track position proxy""}"
22,Dilemma,Unknown credited artist,[],Fire Emblem: Radiant Dawn Original Soundtrack (fire-emblem-radiant-dawn-original-soundtrack),,,"[""video game soundtrack""]","[""und""]",,,,Fire Emblem: Radiant Dawn,,,khinsider_track_prominence_proxy,48.89324645792499,score_0_100,,,,79.55729858317,,,,https://downloads.khinsider.com/game-soundtracks/album/fire-emblem-radiant-dawn-original-soundtrack,2026-10-05,Track title is taken from KHInsider's soundtrack/gamerip album index. Popularity is an explicitly labelled proxy based on BeatHit game rank and track prominence.,"{""culture_category"":""video_game_music"",""video_game"":""Fire Emblem: Radiant Dawn"",""game_rank"":466,""game_association_kind"":""khinsider_game_soundtrack"",""khinsider_album_url"":""https://downloads.khinsider.com/game-soundtracks/album/fire-emblem-radiant-dawn-original-soundtrack"",""khinsider_album_title"":""Fire Emblem: Radiant Dawn Original Soundtrack (fire-emblem-radiant-dawn-original-soundtrack)"",""khinsider_album_kind"":""official_or_gamerip"",""khinsider_album_match_score"":100.0,""relevance_score_100"":100.0,""popularity_score_100"":48.89324645792499,""score_100"":79.55729858317,""popularity_basis"":""BeatHit master-list game rank plus track position proxy""}"
23,001 - Fire Emblem Theme.mp3,Unknown credited artist,[],Fire Emblem Radiant Dawn Complete (fire-emblem-radiant-dawn-complete),,,"[""video game soundtrack""]","[""und""]",,,,Fire Emblem: Radiant Dawn,,,khinsider_track_prominence_proxy,53.30324645792499,score_0_100,,,,79.52129858317,,,,https://downloads.khinsider.com/game-soundtracks/album/fire-emblem-radiant-dawn-complete,2026-10-05,Track title is taken from KHInsider's soundtrack/gamerip album index. Popularity is an explicitly labelled proxy based on BeatHit game rank and track prominence.,"{""culture_category"":""video_game_music"",""video_game"":""Fire Emblem: Radiant Dawn"",""game_rank"":466,""game_association_kind"":""khinsider_game_soundtrack"",""khinsider_album_url"":""https://downloads.khinsider.com/game-soundtracks/album/fire-emblem-radiant-dawn-complete"",""khinsider_album_title"":""Fire Emblem Radiant Dawn Complete (fire-emblem-radiant-dawn-complete)"",""khinsider_album_kind"":""unclassified_game_album"",""khinsider_album_match_score"":100.0,""relevance_score_100"":97.0,""popularity_score_100"":53.30324645792499,""score_100"":79.52129858317,""popularity_basis"":""BeatHit master-list game rank plus track position proxy""}"
24,Embodiment of Change,Unknown credited artist,[],Fire Emblem: Radiant Dawn Original Soundtrack (fire-emblem-radiant-dawn-original-soundtrack),,,"[""video game soundtrack""]","[""und""]",,,,Fire Emblem: Radiant Dawn,,,khinsider_track_prominence_proxy,48.683246457924994,score_0_100,,,,79.47329858316999,,,,https://downloads.khinsider.com/game-soundtracks/album/fire-emblem-radiant-dawn-original-soundtrack,2026-10-05,Track title is taken from KHInsider's soundtrack/gamerip album index. Popularity is an explicitly labelled proxy based on BeatHit game rank and track prominence.,"{""culture_category"":""video_game_music"",""video_game"":""Fire Emblem: Radiant Dawn"",""game_rank"":466,""game_association_kind"":""khinsider_game_soundtrack"",""khinsider_album_url"":""https://downloads.khinsider.com/game-soundtracks/album/fire-emblem-radiant-dawn-original-soundtrack"",""khinsider_album_title"":""Fire Emblem: Radiant Dawn Original Soundtrack (fire-emblem-radiant-dawn-original-soundtrack)"",""khinsider_album_kind"":""official_or_gamerip"",""khinsider_album_match_score"":100.0,""relevance_score_100"":100.0,""popularity_score_100"":48.683246457924994,""score_100"":79.47329858316999,""popularity_basis"":""BeatHit master-list game rank plus track position proxy""}"
25,001A - Fire Emblem Theme (Alternate Version).mp3,Unknown credited artist,[],Fire Emblem Radiant Dawn Complete (fire-emblem-radiant-dawn-complete),,,"[""video game soundtrack""]","[""und""]",,,,Fire Emblem: Radiant Dawn,,,khinsider_track_prominence_proxy,53.09324645792499,score_0_100,,,,79.43729858316999,,,,https://downloads.khinsider.com/game-soundtracks/album/fire-emblem-radiant-dawn-complete,2026-10-05,Track title is taken from KHInsider's soundtrack/gamerip album index. Popularity is an explicitly labelled proxy based on BeatHit game rank and track prominence.,"{""culture_category"":""video_game_music"",""video_game"":""Fire Emblem: Radiant Dawn"",""game_rank"":466,""game_association_kind"":""khinsider_game_soundtrack"",""khinsider_album_url"":""https://downloads.khinsider.com/game-soundtracks/album/fire-emblem-radiant-dawn-complete"",""khinsider_album_title"":""Fire Emblem Radiant Dawn Complete (fire-emblem-radiant-dawn-complete)"",""khinsider_album_kind"":""unclassified_game_album"",""khinsider_album_match_score"":100.0,""relevance_score_100"":97.0,""popularity_score_100"":53.09324645792499,""score_100"":79.43729858316999,""popularity_basis"":""BeatHit master-list game rank plus track position proxy""}"
26,Battle of Pride,Unknown credited artist,[],Fire Emblem: Radiant Dawn Original Soundtrack (fire-emblem-radiant-dawn-original-soundtrack),,,"[""video game soundtrack""]","[""und""]",,,,Fire Emblem: Radiant Dawn,,,khinsider_track_prominence_proxy,48.47324645792499,score_0_100,,,,79.38929858317,,,,https://downloads.khinsider.com/game-soundtracks/album/fire-emblem-radiant-dawn-original-soundtrack,2026-10-05,Track title is taken from KHInsider's soundtrack/gamerip album index. Popularity is an explicitly labelled proxy based on BeatHit game rank and track prominence.,"{""culture_category"":""video_game_music"",""video_game"":""Fire Emblem: Radiant Dawn"",""game_rank"":466,""game_association_kind"":""khinsider_game_soundtrack"",""khinsider_album_url"":""https://downloads.khinsider.com/game-soundtracks/album/fire-emblem-radiant-dawn-original-soundtrack"",""khinsider_album_title"":""Fire Emblem: Radiant Dawn Original Soundtrack (fire-emblem-radiant-dawn-original-soundtrack)"",""khinsider_album_kind"":""official_or_gamerip"",""khinsider_album_match_score"":100.0,""relevance_score_100"":100.0,""popularity_score_100"":48.47324645792499,""score_100"":79.38929858317,""popularity_basis"":""BeatHit master-list game rank plus track position proxy""}"
27,001B - Fire Emblem Theme (E3 Version).mp3,Unknown credited artist,[],Fire Emblem Radiant Dawn Complete (fire-emblem-radiant-dawn-complete),,,"[""video game soundtrack""]","[""und""]",,,,Fire Emblem: Radiant Dawn,,,khinsider_track_prominence_proxy,52.88324645792499,score_0_100,,,,79.35329858316999,,,,https://downloads.khinsider.com/game-soundtracks/album/fire-emblem-radiant-dawn-complete,2026-10-05,Track title is taken from KHInsider's soundtrack/gamerip album index. Popularity is an explicitly labelled proxy based on BeatHit game rank and track prominence.,"{""culture_category"":""video_game_music"",""video_game"":""Fire Emblem: Radiant Dawn"",""game_rank"":466,""game_association_kind"":""khinsider_game_soundtrack"",""khinsider_album_url"":""https://downloads.khinsider.com/game-soundtracks/album/fire-emblem-radiant-dawn-complete"",""khinsider_album_title"":""Fire Emblem Radiant Dawn Complete (fire-emblem-radiant-dawn-complete)"",""khinsider_album_kind"":""unclassified_game_album"",""khinsider_album_match_score"":100.0,""relevance_score_100"":97.0,""popularity_score_100"":52.88324645792499,""score_100"":79.35329858316999,""popularity_basis"":""BeatHit master-list game rank plus track position proxy""}"
28,Stalking Menace,Unknown credited artist,[],Fire Emblem: Radiant Dawn Original Soundtrack (fire-emblem-radiant-dawn-original-soundtrack),,,"[""video game soundtrack""]","[""und""]",,,,Fire Emblem: Radiant Dawn,,,khinsider_track_prominence_proxy,48.26324645792499,score_0_100,,,,79.30529858317,,,,https://downloads.khinsider.com/game-soundtracks/album/fire-emblem-radiant-dawn-original-soundtrack,2026-10-05,Track title is taken from KHInsider's soundtrack/gamerip album index. Popularity is an explicitly labelled proxy based on BeatHit game rank and track prominence.,"{""culture_category"":""video_game_music"",""video_game"":""Fire Emblem: Radiant Dawn"",""game_rank"":466,""game_association_kind"":""khinsider_game_soundtrack"",""khinsider_album_url"":""https://downloads.khinsider.com/game-soundtracks/album/fire-emblem-radiant-dawn-original-soundtrack"",""khinsider_album_title"":""Fire Emblem: Radiant Dawn Original Soundtrack (fire-emblem-radiant-dawn-original-soundtrack)"",""khinsider_album_kind"":""official_or_gamerip"",""khinsider_album_match_score"":100.0,""relevance_score_100"":100.0,""popularity_score_100"":48.26324645792499,""score_100"":79.30529858317,""popularity_basis"":""BeatHit master-list game rank plus track position proxy""}"
29,002 - Echoes Of Daybreak.mp3,Unknown credited artist,[],Fire Emblem Radiant Dawn Complete (fire-emblem-radiant-dawn-complete),,,"[""video game soundtrack""]","[""und""]",,,,Fire Emblem: Radiant Dawn,,,khinsider_track_prominence_proxy,52.67324645792499,score_0_100,,,,79.26929858316998,,,,https://downloads.khinsider.com/game-soundtracks/album/fire-emblem-radiant-dawn-complete,2026-10-05,Track title is taken from KHInsider's soundtrack/gamerip album index. Popularity is an explicitly labelled proxy based on BeatHit game rank and track prominence.,"{""culture_category"":""video_game_music"",""video_game"":""Fire Emblem: Radiant Dawn"",""game_rank"":466,""game_association_kind"":""khinsider_game_soundtrack"",""khinsider_album_url"":""https://downloads.khinsider.com/game-soundtracks/album/fire-emblem-radiant-dawn-complete"",""khinsider_album_title"":""Fire Emblem Radiant Dawn Complete (fire-emblem-radiant-dawn-complete)"",""khinsider_album_kind"":""unclassified_game_album"",""khinsider_album_match_score"":100.0,""relevance_score_100"":97.0,""popularity_score_100"":52.67324645792499,""score_100"":79.26929858316998,""popularity_basis"":""BeatHit master-list game rank plus track position proxy""}"
30,Ideals Clash,Unknown credited artist,[],Fire Emblem: Radiant Dawn Original Soundtrack (fire-emblem-radiant-dawn-original-soundtrack),,,"[""video game soundtrack""]","[""und""]",,,,Fire Emblem: Radiant Dawn,,,khinsider_track_prominence_proxy,48.05324645792499,score_0_100,,,,79.22129858317,,,,https://downloads.khinsider.com/game-soundtracks/album/fire-emblem-radiant-dawn-original-soundtrack,2026-10-05,Track title is taken from KHInsider's soundtrack/gamerip album index. Popularity is an explicitly labelled proxy based on BeatHit game rank and track prominence.,"{""culture_category"":""video_game_music"",""video_game"":""Fire Emblem: Radiant Dawn"",""game_rank"":466,""game_association_kind"":""khinsider_game_soundtrack"",""khinsider_album_url"":""https://downloads.khinsider.com/game-soundtracks/album/fire-emblem-radiant-dawn-original-soundtrack"",""khinsider_album_title"":""Fire Emblem: Radiant Dawn Original Soundtrack (fire-emblem-radiant-dawn-original-soundtrack)"",""khinsider_album_kind"":""official_or_gamerip"",""khinsider_album_match_score"":100.0,""relevance_score_100"":100.0,""popularity_score_100"":48.05324645792499,""score_100"":79.22129858317,""popularity_basis"":""BeatHit master-list game rank plus track position proxy""}"
31,002A - Echoes Of Daybreak (Alternate Version).mp3,Unknown credited artist,[],Fire Emblem Radiant Dawn Complete (fire-emblem-radiant-dawn-complete),,,"[""video game soundtrack""]","[""und""]",,,,Fire Emblem: Radiant Dawn,,,khinsider_track_prominence_proxy,52.463246457924996,score_0_100,,,,79.18529858317,,,,https://downloads.khinsider.com/game-soundtracks/album/fire-emblem-radiant-dawn-complete,2026-10-05,Track title is taken from KHInsider's soundtrack/gamerip album index. Popularity is an explicitly labelled proxy based on BeatHit game rank and track prominence.,"{""culture_category"":""video_game_music"",""video_game"":""Fire Emblem: Radiant Dawn"",""game_rank"":466,""game_association_kind"":""khinsider_game_soundtrack"",""khinsider_album_url"":""https://downloads.khinsider.com/game-soundtracks/album/fire-emblem-radiant-dawn-complete"",""khinsider_album_title"":""Fire Emblem Radiant Dawn Complete (fire-emblem-radiant-dawn-complete)"",""khinsider_album_kind"":""unclassified_game_album"",""khinsider_album_match_score"":100.0,""relevance_score_100"":97.0,""popularity_score_100"":52.463246457924996,""score_100"":79.18529858317,""popularity_basis"":""BeatHit master-list game rank plus track position proxy""}"
32,The Strong,Unknown credited artist,[],Fire Emblem: Radiant Dawn Original Soundtrack (fire-emblem-radiant-dawn-original-soundtrack),,,"[""video game soundtrack""]","[""und""]",,,,Fire Emblem: Radiant Dawn,,,khinsider_track_prominence_proxy,47.84324645792499,score_0_100,,,,79.13729858317,,,,https://downloads.khinsider.com/game-soundtracks/album/fire-emblem-radiant-dawn-original-soundtrack,2026-10-05,Track title is taken from KHInsider's soundtrack/gamerip album index. Popularity is an explicitly labelled proxy based on BeatHit game rank and track prominence.,"{""culture_category"":""video_game_music"",""video_game"":""Fire Emblem: Radiant Dawn"",""game_rank"":466,""game_association_kind"":""khinsider_game_soundtrack"",""khinsider_album_url"":""https://downloads.khinsider.com/game-soundtracks/album/fire-emblem-radiant-dawn-original-soundtrack"",""khinsider_album_title"":""Fire Emblem: Radiant Dawn Original Soundtrack (fire-emblem-radiant-dawn-original-soundtrack)"",""khinsider_album_kind"":""official_or_gamerip"",""khinsider_album_match_score"":100.0,""relevance_score_100"":100.0,""popularity_score_100"":47.84324645792499,""score_100"":79.13729858317,""popularity_basis"":""BeatHit master-list game rank plus track position proxy""}"
33,003 - Conviction.mp3,Unknown credited artist,[],Fire Emblem Radiant Dawn Complete (fire-emblem-radiant-dawn-complete),,,"[""video game soundtrack""]","[""und""]",,,,Fire Emblem: Radiant Dawn,,,khinsider_track_prominence_proxy,52.25324645792499,score_0_100,,,,79.10129858316999,,,,https://downloads.khinsider.com/game-soundtracks/album/fire-emblem-radiant-dawn-complete,2026-10-05,Track title is taken from KHInsider's soundtrack/gamerip album index. Popularity is an explicitly labelled proxy based on BeatHit game rank and track prominence.,"{""culture_category"":""video_game_music"",""video_game"":""Fire Emblem: Radiant Dawn"",""game_rank"":466,""game_association_kind"":""khinsider_game_soundtrack"",""khinsider_album_url"":""https://downloads.khinsider.com/game-soundtracks/album/fire-emblem-radiant-dawn-complete"",""khinsider_album_title"":""Fire Emblem Radiant Dawn Complete (fire-emblem-radiant-dawn-complete)"",""khinsider_album_kind"":""unclassified_game_album"",""khinsider_album_match_score"":100.0,""relevance_score_100"":97.0,""popularity_score_100"":52.25324645792499,""score_100"":79.10129858316999,""popularity_basis"":""BeatHit master-list game rank plus track position proxy""}"
34,Wisdom of Ages,Unknown credited artist,[],Fire Emblem: Radiant Dawn Original Soundtrack (fire-emblem-radiant-dawn-original-soundtrack),,,"[""video game soundtrack""]","[""und""]",,,,Fire Emblem: Radiant Dawn,,,khinsider_track_prominence_proxy,47.63324645792499,score_0_100,,,,79.05329858317,,,,https://downloads.khinsider.com/game-soundtracks/album/fire-emblem-radiant-dawn-original-soundtrack,2026-10-05,Track title is taken from KHInsider's soundtrack/gamerip album index. Popularity is an explicitly labelled proxy based on BeatHit game rank and track prominence.,"{""culture_category"":""video_game_music"",""video_game"":""Fire Emblem: Radiant Dawn"",""game_rank"":466,""game_association_kind"":""khinsider_game_soundtrack"",""khinsider_album_url"":""https://downloads.khinsider.com/game-soundtracks/album/fire-emblem-radiant-dawn-original-soundtrack"",""khinsider_album_title"":""Fire Emblem: Radiant Dawn Original Soundtrack (fire-emblem-radiant-dawn-original-soundtrack)"",""khinsider_album_kind"":""official_or_gamerip"",""khinsider_album_match_score"":100.0,""relevance_score_100"":100.0,""popularity_score_100"":47.63324645792499,""score_100"":79.05329858317,""popularity_basis"":""BeatHit master-list game rank plus track position proxy""}"
35,004 - Dark Traveler.mp3,Unknown credited artist,[],Fire Emblem Radiant Dawn Complete (fire-emblem-radiant-dawn-complete),,,"[""video game soundtrack""]","[""und""]",,,,Fire Emblem: Radiant Dawn,,,khinsider_track_prominence_proxy,52.043246457924994,score_0_100,,,,79.01729858317,,,,https://downloads.khinsider.com/game-soundtracks/album/fire-emblem-radiant-dawn-complete,2026-10-05,Track title is taken from KHInsider's soundtrack/gamerip album index. Popularity is an explicitly labelled proxy based on BeatHit game rank and track prominence.,"{""culture_category"":""video_game_music"",""video_game"":""Fire Emblem: Radiant Dawn"",""game_rank"":466,""game_association_kind"":""khinsider_game_soundtrack"",""khinsider_album_url"":""https://downloads.khinsider.com/game-soundtracks/album/fire-emblem-radiant-dawn-complete"",""khinsider_album_title"":""Fire Emblem Radiant Dawn Complete (fire-emblem-radiant-dawn-complete)"",""khinsider_album_kind"":""unclassified_game_album"",""khinsider_album_match_score"":100.0,""relevance_score_100"":97.0,""popularity_score_100"":52.043246457924994,""score_100"":79.01729858317,""popularity_basis"":""BeatHit master-list game rank plus track position proxy""}"
36,Origin's End,Unknown credited artist,[],Fire Emblem: Radiant Dawn Original Soundtrack (fire-emblem-radiant-dawn-original-soundtrack),,,"[""video game soundtrack""]","[""und""]",,,,Fire Emblem: Radiant Dawn,,,khinsider_track_prominence_proxy,47.42324645792499,score_0_100,,,,78.96929858317,,,,https://downloads.khinsider.com/game-soundtracks/album/fire-emblem-radiant-dawn-original-soundtrack,2026-10-05,Track title is taken from KHInsider's soundtrack/gamerip album index. Popularity is an explicitly labelled proxy based on BeatHit game rank and track prominence.,"{""culture_category"":""video_game_music"",""video_game"":""Fire Emblem: Radiant Dawn"",""game_rank"":466,""game_association_kind"":""khinsider_game_soundtrack"",""khinsider_album_url"":""https://downloads.khinsider.com/game-soundtracks/album/fire-emblem-radiant-dawn-original-soundtrack"",""khinsider_album_title"":""Fire Emblem: Radiant Dawn Original Soundtrack (fire-emblem-radiant-dawn-original-soundtrack)"",""khinsider_album_kind"":""official_or_gamerip"",""khinsider_album_match_score"":100.0,""relevance_score_100"":100.0,""popularity_score_100"":47.42324645792499,""score_100"":78.96929858317,""popularity_basis"":""BeatHit master-list game rank plus track position proxy""}"
37,004A - Dark Traveler.mp3,Unknown credited artist,[],Fire Emblem Radiant Dawn Complete (fire-emblem-radiant-dawn-complete),,,"[""video game soundtrack""]","[""und""]",,,,Fire Emblem: Radiant Dawn,,,khinsider_track_prominence_proxy,51.833246457924986,score_0_100,,,,78.93329858317,,,,https://downloads.khinsider.com/game-soundtracks/album/fire-emblem-radiant-dawn-complete,2026-10-05,Track title is taken from KHInsider's soundtrack/gamerip album index. Popularity is an explicitly labelled proxy based on BeatHit game rank and track prominence.,"{""culture_category"":""video_game_music"",""video_game"":""Fire Emblem: Radiant Dawn"",""game_rank"":466,""game_association_kind"":""khinsider_game_soundtrack"",""khinsider_album_url"":""https://downloads.khinsider.com/game-soundtracks/album/fire-emblem-radiant-dawn-complete"",""khinsider_album_title"":""Fire Emblem Radiant Dawn Complete (fire-emblem-radiant-dawn-complete)"",""khinsider_album_kind"":""unclassified_game_album"",""khinsider_album_match_score"":100.0,""relevance_score_100"":97.0,""popularity_score_100"":51.833246457924986,""score_100"":78.93329858317,""popularity_basis"":""BeatHit master-list game rank plus track position proxy""}"
38,Beauty is a Mad Mistress,Unknown credited artist,[],Fire Emblem: Radiant Dawn Original Soundtrack (fire-emblem-radiant-dawn-original-soundtrack),,,"[""video game soundtrack""]","[""und""]",,,,Fire Emblem: Radiant Dawn,,,khinsider_track_prominence_proxy,47.213246457924996,score_0_100,,,,78.88529858317,,,,https://downloads.khinsider.com/game-soundtracks/album/fire-emblem-radiant-dawn-original-soundtrack,2026-10-05,Track title is taken from KHInsider's soundtrack/gamerip album index. Popularity is an explicitly labelled proxy based on BeatHit game rank and track prominence.,"{""culture_category"":""video_game_music"",""video_game"":""Fire Emblem: Radiant Dawn"",""game_rank"":466,""game_association_kind"":""khinsider_game_soundtrack"",""khinsider_album_url"":""https://downloads.khinsider.com/game-soundtracks/album/fire-emblem-radiant-dawn-original-soundtrack"",""khinsider_album_title"":""Fire Emblem: Radiant Dawn Original Soundtrack (fire-emblem-radiant-dawn-original-soundtrack)"",""khinsider_album_kind"":""official_or_gamerip"",""khinsider_album_match_score"":100.0,""relevance_score_100"":100.0,""popularity_score_100"":47.213246457924996,""score_100"":78.88529858317,""popularity_basis"":""BeatHit master-list game rank plus track position proxy""}"
39,005 - Bearer Of Hope.mp3,Unknown credited artist,[],Fire Emblem Radiant Dawn Complete (fire-emblem-radiant-dawn-complete),,,"[""video game soundtrack""]","[""und""]",,,,Fire Emblem: Radiant Dawn,,,khinsider_track_prominence_proxy,51.62324645792499,score_0_100,,,,78.84929858317,,,,https://downloads.khinsider.com/game-soundtracks/album/fire-emblem-radiant-dawn-complete,2026-10-05,Track title is taken from KHInsider's soundtrack/gamerip album index. Popularity is an explicitly labelled proxy based on BeatHit game rank and track prominence.,"{""culture_category"":""video_game_music"",""video_game"":""Fire Emblem: Radiant Dawn"",""game_rank"":466,""game_association_kind"":""khinsider_game_soundtrack"",""khinsider_album_url"":""https://downloads.khinsider.com/game-soundtracks/album/fire-emblem-radiant-dawn-complete"",""khinsider_album_title"":""Fire Emblem Radiant Dawn Complete (fire-emblem-radiant-dawn-complete)"",""khinsider_album_kind"":""unclassified_game_album"",""khinsider_album_match_score"":100.0,""relevance_score_100"":97.0,""popularity_score_100"":51.62324645792499,""score_100"":78.84929858317,""popularity_basis"":""BeatHit master-list game rank plus track position proxy""}"
40,Unstoppable Destiny,Unknown credited artist,[],Fire Emblem: Radiant Dawn Original Soundtrack (fire-emblem-radiant-dawn-original-soundtrack),,,"[""video game soundtrack""]","[""und""]",,,,Fire Emblem: Radiant Dawn,,,khinsider_track_prominence_proxy,47.00324645792499,score_0_100,,,,78.80129858317,,,,https://downloads.khinsider.com/game-soundtracks/album/fire-emblem-radiant-dawn-original-soundtrack,2026-10-05,Track title is taken from KHInsider's soundtrack/gamerip album index. Popularity is an explicitly labelled proxy based on BeatHit game rank and track prominence.,"{""culture_category"":""video_game_music"",""video_game"":""Fire Emblem: Radiant Dawn"",""game_rank"":466,""game_association_kind"":""khinsider_game_soundtrack"",""khinsider_album_url"":""https://downloads.khinsider.com/game-soundtracks/album/fire-emblem-radiant-dawn-original-soundtrack"",""khinsider_album_title"":""Fire Emblem: Radiant Dawn Original Soundtrack (fire-emblem-radiant-dawn-original-soundtrack)"",""khinsider_album_kind"":""official_or_gamerip"",""khinsider_album_match_score"":100.0,""relevance_score_100"":100.0,""popularity_score_100"":47.00324645792499,""score_100"":78.80129858317,""popularity_basis"":""BeatHit master-list game rank plus track position proxy""}"
41,006 - A Gathering Of Storms.mp3,Unknown credited artist,[],Fire Emblem Radiant Dawn Complete (fire-emblem-radiant-dawn-complete),,,"[""video game soundtrack""]","[""und""]",,,,Fire Emblem: Radiant Dawn,,,khinsider_track_prominence_proxy,51.41324645792499,score_0_100,,,,78.76529858317,,,,https://downloads.khinsider.com/game-soundtracks/album/fire-emblem-radiant-dawn-complete,2026-10-05,Track title is taken from KHInsider's soundtrack/gamerip album index. Popularity is an explicitly labelled proxy based on BeatHit game rank and track prominence.,"{""culture_category"":""video_game_music"",""video_game"":""Fire Emblem: Radiant Dawn"",""game_rank"":466,""game_association_kind"":""khinsider_game_soundtrack"",""khinsider_album_url"":""https://downloads.khinsider.com/game-soundtracks/album/fire-emblem-radiant-dawn-complete"",""khinsider_album_title"":""Fire Emblem Radiant Dawn Complete (fire-emblem-radiant-dawn-complete)"",""khinsider_album_kind"":""unclassified_game_album"",""khinsider_album_match_score"":100.0,""relevance_score_100"":97.0,""popularity_score_100"":51.41324645792499,""score_100"":78.76529858317,""popularity_basis"":""BeatHit master-list game rank plus track position proxy""}"
42,King of the Sky,Unknown credited artist,[],Fire Emblem: Radiant Dawn Original Soundtrack (fire-emblem-radiant-dawn-original-soundtrack),,,"[""video game soundtrack""]","[""und""]",,,,Fire Emblem: Radiant Dawn,,,khinsider_track_prominence_proxy,46.793246457924994,score_0_100,,,,78.71729858316999,,,,https://downloads.khinsider.com/game-soundtracks/album/fire-emblem-radiant-dawn-original-soundtrack,2026-10-05,Track title is taken from KHInsider's soundtrack/gamerip album index. Popularity is an explicitly labelled proxy based on BeatHit game rank and track prominence.,"{""culture_category"":""video_game_music"",""video_game"":""Fire Emblem: Radiant Dawn"",""game_rank"":466,""game_association_kind"":""khinsider_game_soundtrack"",""khinsider_album_url"":""https://downloads.khinsider.com/game-soundtracks/album/fire-emblem-radiant-dawn-original-soundtrack"",""khinsider_album_title"":""Fire Emblem: Radiant Dawn Original Soundtrack (fire-emblem-radiant-dawn-original-soundtrack)"",""khinsider_album_kind"":""official_or_gamerip"",""khinsider_album_match_score"":100.0,""relevance_score_100"":100.0,""popularity_score_100"":46.793246457924994,""score_100"":78.71729858316999,""popularity_basis"":""BeatHit master-list game rank plus track position proxy""}"
43,006A - A Gathering Of Storms (Alternate Version).mp3,Unknown credited artist,[],Fire Emblem Radiant Dawn Complete (fire-emblem-radiant-dawn-complete),,,"[""video game soundtrack""]","[""und""]",,,,Fire Emblem: Radiant Dawn,,,khinsider_track_prominence_proxy,51.20324645792499,score_0_100,,,,78.68129858316999,,,,https://downloads.khinsider.com/game-soundtracks/album/fire-emblem-radiant-dawn-complete,2026-10-05,Track title is taken from KHInsider's soundtrack/gamerip album index. Popularity is an explicitly labelled proxy based on BeatHit game rank and track prominence.,"{""culture_category"":""video_game_music"",""video_game"":""Fire Emblem: Radiant Dawn"",""game_rank"":466,""game_association_kind"":""khinsider_game_soundtrack"",""khinsider_album_url"":""https://downloads.khinsider.com/game-soundtracks/album/fire-emblem-radiant-dawn-complete"",""khinsider_album_title"":""Fire Emblem Radiant Dawn Complete (fire-emblem-radiant-dawn-complete)"",""khinsider_album_kind"":""unclassified_game_album"",""khinsider_album_match_score"":100.0,""relevance_score_100"":97.0,""popularity_score_100"":51.20324645792499,""score_100"":78.68129858316999,""popularity_basis"":""BeatHit master-list game rank plus track position proxy""}"
44,Wheeling Corby,Unknown credited artist,[],Fire Emblem: Radiant Dawn Original Soundtrack (fire-emblem-radiant-dawn-original-soundtrack),,,"[""video game soundtrack""]","[""und""]",,,,Fire Emblem: Radiant Dawn,,,khinsider_track_prominence_proxy,46.583246457924986,score_0_100,,,,78.63329858316999,,,,https://downloads.khinsider.com/game-soundtracks/album/fire-emblem-radiant-dawn-original-soundtrack,2026-10-05,Track title is taken from KHInsider's soundtrack/gamerip album index. Popularity is an explicitly labelled proxy based on BeatHit game rank and track prominence.,"{""culture_category"":""video_game_music"",""video_game"":""Fire Emblem: Radiant Dawn"",""game_rank"":466,""game_association_kind"":""khinsider_game_soundtrack"",""khinsider_album_url"":""https://downloads.khinsider.com/game-soundtracks/album/fire-emblem-radiant-dawn-original-soundtrack"",""khinsider_album_title"":""Fire Emblem: Radiant Dawn Original Soundtrack (fire-emblem-radiant-dawn-original-soundtrack)"",""khinsider_album_kind"":""official_or_gamerip"",""khinsider_album_match_score"":100.0,""relevance_score_100"":100.0,""popularity_score_100"":46.583246457924986,""score_100"":78.63329858316999,""popularity_basis"":""BeatHit master-list game rank plus track position proxy""}"
45,007 - Proud Fight.mp3,Unknown credited artist,[],Fire Emblem Radiant Dawn Complete (fire-emblem-radiant-dawn-complete),,,"[""video game soundtrack""]","[""und""]",,,,Fire Emblem: Radiant Dawn,,,khinsider_track_prominence_proxy,50.99324645792499,score_0_100,,,,78.59729858316999,,,,https://downloads.khinsider.com/game-soundtracks/album/fire-emblem-radiant-dawn-complete,2026-10-05,Track title is taken from KHInsider's soundtrack/gamerip album index. Popularity is an explicitly labelled proxy based on BeatHit game rank and track prominence.,"{""culture_category"":""video_game_music"",""video_game"":""Fire Emblem: Radiant Dawn"",""game_rank"":466,""game_association_kind"":""khinsider_game_soundtrack"",""khinsider_album_url"":""https://downloads.khinsider.com/game-soundtracks/album/fire-emblem-radiant-dawn-complete"",""khinsider_album_title"":""Fire Emblem Radiant Dawn Complete (fire-emblem-radiant-dawn-complete)"",""khinsider_album_kind"":""unclassified_game_album"",""khinsider_album_match_score"":100.0,""relevance_score_100"":97.0,""popularity_score_100"":50.99324645792499,""score_100"":78.59729858316999,""popularity_basis"":""BeatHit master-list game rank plus track position proxy""}"
46,March of the Lion King,Unknown credited artist,[],Fire Emblem: Radiant Dawn Original Soundtrack (fire-emblem-radiant-dawn-original-soundtrack),,,"[""video game soundtrack""]","[""und""]",,,,Fire Emblem: Radiant Dawn,,,khinsider_track_prominence_proxy,46.37324645792499,score_0_100,,,,78.54929858317,,,,https://downloads.khinsider.com/game-soundtracks/album/fire-emblem-radiant-dawn-original-soundtrack,2026-10-05,Track title is taken from KHInsider's soundtrack/gamerip album index. Popularity is an explicitly labelled proxy based on BeatHit game rank and track prominence.,"{""culture_category"":""video_game_music"",""video_game"":""Fire Emblem: Radiant Dawn"",""game_rank"":466,""game_association_kind"":""khinsider_game_soundtrack"",""khinsider_album_url"":""https://downloads.khinsider.com/game-soundtracks/album/fire-emblem-radiant-dawn-original-soundtrack"",""khinsider_album_title"":""Fire Emblem: Radiant Dawn Original Soundtrack (fire-emblem-radiant-dawn-original-soundtrack)"",""khinsider_album_kind"":""official_or_gamerip"",""khinsider_album_match_score"":100.0,""relevance_score_100"":100.0,""popularity_score_100"":46.37324645792499,""score_100"":78.54929858317,""popularity_basis"":""BeatHit master-list game rank plus track position proxy""}"
47,007A - Proud Fight (Alternate Version).mp3,Unknown credited artist,[],Fire Emblem Radiant Dawn Complete (fire-emblem-radiant-dawn-complete),,,"[""video game soundtrack""]","[""und""]",,,,Fire Emblem: Radiant Dawn,,,khinsider_track_prominence_proxy,50.78324645792499,score_0_100,,,,78.51329858316998,,,,https://downloads.khinsider.com/game-soundtracks/album/fire-emblem-radiant-dawn-complete,2026-10-05,Track title is taken from KHInsider's soundtrack/gamerip album index. Popularity is an explicitly labelled proxy based on BeatHit game rank and track prominence.,"{""culture_category"":""video_game_music"",""video_game"":""Fire Emblem: Radiant Dawn"",""game_rank"":466,""game_association_kind"":""khinsider_game_soundtrack"",""khinsider_album_url"":""https://downloads.khinsider.com/game-soundtracks/album/fire-emblem-radiant-dawn-complete"",""khinsider_album_title"":""Fire Emblem Radiant Dawn Complete (fire-emblem-radiant-dawn-complete)"",""khinsider_album_kind"":""unclassified_game_album"",""khinsider_album_match_score"":100.0,""relevance_score_100"":97.0,""popularity_score_100"":50.78324645792499,""score_100"":78.51329858316998,""popularity_basis"":""BeatHit master-list game rank plus track position proxy""}"
48,The Pledge,Unknown credited artist,[],Fire Emblem: Radiant Dawn Original Soundtrack (fire-emblem-radiant-dawn-original-soundtrack),,,"[""video game soundtrack""]","[""und""]",,,,Fire Emblem: Radiant Dawn,,,khinsider_track_prominence_proxy,46.16324645792499,score_0_100,,,,78.46529858317,,,,https://downloads.khinsider.com/game-soundtracks/album/fire-emblem-radiant-dawn-original-soundtrack,2026-10-05,Track title is taken from KHInsider's soundtrack/gamerip album index. Popularity is an explicitly labelled proxy based on BeatHit game rank and track prominence.,"{""culture_category"":""video_game_music"",""video_game"":""Fire Emblem: Radiant Dawn"",""game_rank"":466,""game_association_kind"":""khinsider_game_soundtrack"",""khinsider_album_url"":""https://downloads.khinsider.com/game-soundtracks/album/fire-emblem-radiant-dawn-original-soundtrack"",""khinsider_album_title"":""Fire Emblem: Radiant Dawn Original Soundtrack (fire-emblem-radiant-dawn-original-soundtrack)"",""khinsider_album_kind"":""official_or_gamerip"",""khinsider_album_match_score"":100.0,""relevance_score_100"":100.0,""popularity_score_100"":46.16324645792499,""score_100"":78.46529858317,""popularity_basis"":""BeatHit master-list game rank plus track position proxy""}"
49,008 - Eternal Bond.mp3,Unknown credited artist,[],Fire Emblem Radiant Dawn Complete (fire-emblem-radiant-dawn-complete),,,"[""video game soundtrack""]","[""und""]",,,,Fire Emblem: Radiant Dawn,,,khinsider_track_prominence_proxy,50.573246457924995,score_0_100,,,,78.42929858317,,,,https://downloads.khinsider.com/game-soundtracks/album/fire-emblem-radiant-dawn-complete,2026-10-05,Track title is taken from KHInsider's soundtrack/gamerip album index. Popularity is an explicitly labelled proxy based on BeatHit game rank and track prominence.,"{""culture_category"":""video_game_music"",""video_game"":""Fire Emblem: Radiant Dawn"",""game_rank"":466,""game_association_kind"":""khinsider_game_soundtrack"",""khinsider_album_url"":""https://downloads.khinsider.com/game-soundtracks/album/fire-emblem-radiant-dawn-complete"",""khinsider_album_title"":""Fire Emblem Radiant Dawn Complete (fire-emblem-radiant-dawn-complete)"",""khinsider_album_kind"":""unclassified_game_album"",""khinsider_album_match_score"":100.0,""relevance_score_100"":97.0,""popularity_score_100"":50.573246457924995,""score_100"":78.42929858317,""popularity_basis"":""BeatHit master-list game rank plus track position proxy""}"
50,Threat of War,Unknown credited artist,[],Fire Emblem: Radiant Dawn Original Soundtrack (fire-emblem-radiant-dawn-original-soundtrack),,,"[""video game soundtrack""]","[""und""]",,,,Fire Emblem: Radiant Dawn,,,khinsider_track_prominence_proxy,45.95324645792499,score_0_100,,,,78.38129858317,,,,https://downloads.khinsider.com/game-soundtracks/album/fire-emblem-radiant-dawn-original-soundtrack,2026-10-05,Track title is taken from KHInsider's soundtrack/gamerip album index. Popularity is an explicitly labelled proxy based on BeatHit game rank and track prominence.,"{""culture_category"":""video_game_music"",""video_game"":""Fire Emblem: Radiant Dawn"",""game_rank"":466,""game_association_kind"":""khinsider_game_soundtrack"",""khinsider_album_url"":""https://downloads.khinsider.com/game-soundtracks/album/fire-emblem-radiant-dawn-original-soundtrack"",""khinsider_album_title"":""Fire Emblem: Radiant Dawn Original Soundtrack (fire-emblem-radiant-dawn-original-soundtrack)"",""khinsider_album_kind"":""official_or_gamerip"",""khinsider_album_match_score"":100.0,""relevance_score_100"":100.0,""popularity_score_100"":45.95324645792499,""score_100"":78.38129858317,""popularity_basis"":""BeatHit master-list game rank plus track position proxy""}"
51,009 - Ascent.mp3,Unknown credited artist,[],Fire Emblem Radiant Dawn Complete (fire-emblem-radiant-dawn-complete),,,"[""video game soundtrack""]","[""und""]",,,,Fire Emblem: Radiant Dawn,,,khinsider_track_prominence_proxy,50.36324645792499,score_0_100,,,,78.34529858316999,,,,https://downloads.khinsider.com/game-soundtracks/album/fire-emblem-radiant-dawn-complete,2026-10-05,Track title is taken from KHInsider's soundtrack/gamerip album index. Popularity is an explicitly labelled proxy based on BeatHit game rank and track prominence.,"{""culture_category"":""video_game_music"",""video_game"":""Fire Emblem: Radiant Dawn"",""game_rank"":466,""game_association_kind"":""khinsider_game_soundtrack"",""khinsider_album_url"":""https://downloads.khinsider.com/game-soundtracks/album/fire-emblem-radiant-dawn-complete"",""khinsider_album_title"":""Fire Emblem Radiant Dawn Complete (fire-emblem-radiant-dawn-complete)"",""khinsider_album_kind"":""unclassified_game_album"",""khinsider_album_match_score"":100.0,""relevance_score_100"":97.0,""popularity_score_100"":50.36324645792499,""score_100"":78.34529858316999,""popularity_basis"":""BeatHit master-list game rank plus track position proxy""}"
52,Tension,Unknown credited artist,[],Fire Emblem: Radiant Dawn Original Soundtrack (fire-emblem-radiant-dawn-original-soundtrack),,,"[""video game soundtrack""]","[""und""]",,,,Fire Emblem: Radiant Dawn,,,khinsider_track_prominence_proxy,45.74324645792499,score_0_100,,,,78.29729858317,,,,https://downloads.khinsider.com/game-soundtracks/album/fire-emblem-radiant-dawn-original-soundtrack,2026-10-05,Track title is taken from KHInsider's soundtrack/gamerip album index. Popularity is an explicitly labelled proxy based on BeatHit game rank and track prominence.,"{""culture_category"":""video_game_music"",""video_game"":""Fire Emblem: Radiant Dawn"",""game_rank"":466,""game_association_kind"":""khinsider_game_soundtrack"",""khinsider_album_url"":""https://downloads.khinsider.com/game-soundtracks/album/fire-emblem-radiant-dawn-original-soundtrack"",""khinsider_album_title"":""Fire Emblem: Radiant Dawn Original Soundtrack (fire-emblem-radiant-dawn-original-soundtrack)"",""khinsider_album_kind"":""official_or_gamerip"",""khinsider_album_match_score"":100.0,""relevance_score_100"":100.0,""popularity_score_100"":45.74324645792499,""score_100"":78.29729858317,""popularity_basis"":""BeatHit master-list game rank plus track position proxy""}"
53,010 - Hymn Of The Righteous.mp3,Unknown credited artist,[],Fire Emblem Radiant Dawn Complete (fire-emblem-radiant-dawn-complete),,,"[""video game soundtrack""]","[""und""]",,,,Fire Emblem: Radiant Dawn,,,khinsider_track_prominence_proxy,50.15324645792499,score_0_100,,,,78.26129858317,,,,https://downloads.khinsider.com/game-soundtracks/album/fire-emblem-radiant-dawn-complete,2026-10-05,Track title is taken from KHInsider's soundtrack/gamerip album index. Popularity is an explicitly labelled proxy based on BeatHit game rank and track prominence.,"{""culture_category"":""video_game_music"",""video_game"":""Fire Emblem: Radiant Dawn"",""game_rank"":466,""game_association_kind"":""khinsider_game_soundtrack"",""khinsider_album_url"":""https://downloads.khinsider.com/game-soundtracks/album/fire-emblem-radiant-dawn-complete"",""khinsider_album_title"":""Fire Emblem Radiant Dawn Complete (fire-emblem-radiant-dawn-complete)"",""khinsider_album_kind"":""unclassified_game_album"",""khinsider_album_match_score"":100.0,""relevance_score_100"":97.0,""popularity_score_100"":50.15324645792499,""score_100"":78.26129858317,""popularity_basis"":""BeatHit master-list game rank plus track position proxy""}"
54,Unease,Unknown credited artist,[],Fire Emblem: Radiant Dawn Original Soundtrack (fire-emblem-radiant-dawn-original-soundtrack),,,"[""video game soundtrack""]","[""und""]",,,,Fire Emblem: Radiant Dawn,,,khinsider_track_prominence_proxy,45.53324645792499,score_0_100,,,,78.21329858317,,,,https://downloads.khinsider.com/game-soundtracks/album/fire-emblem-radiant-dawn-original-soundtrack,2026-10-05,Track title is taken from KHInsider's soundtrack/gamerip album index. Popularity is an explicitly labelled proxy based on BeatHit game rank and track prominence.,"{""culture_category"":""video_game_music"",""video_game"":""Fire Emblem: Radiant Dawn"",""game_rank"":466,""game_association_kind"":""khinsider_game_soundtrack"",""khinsider_album_url"":""https://downloads.khinsider.com/game-soundtracks/album/fire-emblem-radiant-dawn-original-soundtrack"",""khinsider_album_title"":""Fire Emblem: Radiant Dawn Original Soundtrack (fire-emblem-radiant-dawn-original-soundtrack)"",""khinsider_album_kind"":""official_or_gamerip"",""khinsider_album_match_score"":100.0,""relevance_score_100"":100.0,""popularity_score_100"":45.53324645792499,""score_100"":78.21329858317,""popularity_basis"":""BeatHit master-list game rank plus track position proxy""}"
55,010A - Hymn Of The Righteous (Alternate Version).mp3,Unknown credited artist,[],Fire Emblem Radiant Dawn Complete (fire-emblem-radiant-dawn-complete),,,"[""video game soundtrack""]","[""und""]",,,,Fire Emblem: Radiant Dawn,,,khinsider_track_prominence_proxy,49.943246457924985,score_0_100,,,,78.17729858317,,,,https://downloads.khinsider.com/game-soundtracks/album/fire-emblem-radiant-dawn-complete,2026-10-05,Track title is taken from KHInsider's soundtrack/gamerip album index. Popularity is an explicitly labelled proxy based on BeatHit game rank and track prominence.,"{""culture_category"":""video_game_music"",""video_game"":""Fire Emblem: Radiant Dawn"",""game_rank"":466,""game_association_kind"":""khinsider_game_soundtrack"",""khinsider_album_url"":""https://downloads.khinsider.com/game-soundtracks/album/fire-emblem-radiant-dawn-complete"",""khinsider_album_title"":""Fire Emblem Radiant Dawn Complete (fire-emblem-radiant-dawn-complete)"",""khinsider_album_kind"":""unclassified_game_album"",""khinsider_album_match_score"":100.0,""relevance_score_100"":97.0,""popularity_score_100"":49.943246457924985,""score_100"":78.17729858317,""popularity_basis"":""BeatHit master-list game rank plus track position proxy""}"
56,Battle is Joined,Unknown credited artist,[],Fire Emblem: Radiant Dawn Original Soundtrack (fire-emblem-radiant-dawn-original-soundtrack),,,"[""video game soundtrack""]","[""und""]",,,,Fire Emblem: Radiant Dawn,,,khinsider_track_prominence_proxy,45.323246457924995,score_0_100,,,,78.12929858317,,,,https://downloads.khinsider.com/game-soundtracks/album/fire-emblem-radiant-dawn-original-soundtrack,2026-10-05,Track title is taken from KHInsider's soundtrack/gamerip album index. Popularity is an explicitly labelled proxy based on BeatHit game rank and track prominence.,"{""culture_category"":""video_game_music"",""video_game"":""Fire Emblem: Radiant Dawn"",""game_rank"":466,""game_association_kind"":""khinsider_game_soundtrack"",""khinsider_album_url"":""https://downloads.khinsider.com/game-soundtracks/album/fire-emblem-radiant-dawn-original-soundtrack"",""khinsider_album_title"":""Fire Emblem: Radiant Dawn Original Soundtrack (fire-emblem-radiant-dawn-original-soundtrack)"",""khinsider_album_kind"":""official_or_gamerip"",""khinsider_album_match_score"":100.0,""relevance_score_100"":100.0,""popularity_score_100"":45.323246457924995,""score_100"":78.12929858317,""popularity_basis"":""BeatHit master-list game rank plus track position proxy""}"
57,011 - Road Of Sorrow.mp3,Unknown credited artist,[],Fire Emblem Radiant Dawn Complete (fire-emblem-radiant-dawn-complete),,,"[""video game soundtrack""]","[""und""]",,,,Fire Emblem: Radiant Dawn,,,khinsider_track_prominence_proxy,49.73324645792499,score_0_100,,,,78.09329858317,,,,https://downloads.khinsider.com/game-soundtracks/album/fire-emblem-radiant-dawn-complete,2026-10-05,Track title is taken from KHInsider's soundtrack/gamerip album index. Popularity is an explicitly labelled proxy based on BeatHit game rank and track prominence.,"{""culture_category"":""video_game_music"",""video_game"":""Fire Emblem: Radiant Dawn"",""game_rank"":466,""game_association_kind"":""khinsider_game_soundtrack"",""khinsider_album_url"":""https://downloads.khinsider.com/game-soundtracks/album/fire-emblem-radiant-dawn-complete"",""khinsider_album_title"":""Fire Emblem Radiant Dawn Complete (fire-emblem-radiant-dawn-complete)"",""khinsider_album_kind"":""unclassified_game_album"",""khinsider_album_match_score"":100.0,""relevance_score_100"":97.0,""popularity_score_100"":49.73324645792499,""score_100"":78.09329858317,""popularity_basis"":""BeatHit master-list game rank plus track position proxy""}"
58,At Peace,Unknown credited artist,[],Fire Emblem: Radiant Dawn Original Soundtrack (fire-emblem-radiant-dawn-original-soundtrack),,,"[""video game soundtrack""]","[""und""]",,,,Fire Emblem: Radiant Dawn,,,khinsider_track_prominence_proxy,45.11324645792499,score_0_100,,,,78.04529858317,,,,https://downloads.khinsider.com/game-soundtracks/album/fire-emblem-radiant-dawn-original-soundtrack,2026-10-05,Track title is taken from KHInsider's soundtrack/gamerip album index. Popularity is an explicitly labelled proxy based on BeatHit game rank and track prominence.,"{""culture_category"":""video_game_music"",""video_game"":""Fire Emblem: Radiant Dawn"",""game_rank"":466,""game_association_kind"":""khinsider_game_soundtrack"",""khinsider_album_url"":""https://downloads.khinsider.com/game-soundtracks/album/fire-emblem-radiant-dawn-original-soundtrack"",""khinsider_album_title"":""Fire Emblem: Radiant Dawn Original Soundtrack (fire-emblem-radiant-dawn-original-soundtrack)"",""khinsider_album_kind"":""official_or_gamerip"",""khinsider_album_match_score"":100.0,""relevance_score_100"":100.0,""popularity_score_100"":45.11324645792499,""score_100"":78.04529858317,""popularity_basis"":""BeatHit master-list game rank plus track position proxy""}"
59,011A - Road Of Sorrow (Alternate Version).mp3,Unknown credited artist,[],Fire Emblem Radiant Dawn Complete (fire-emblem-radiant-dawn-complete),,,"[""video game soundtrack""]","[""und""]",,,,Fire Emblem: Radiant Dawn,,,khinsider_track_prominence_proxy,49.523246457925,score_0_100,,,,78.00929858317,,,,https://downloads.khinsider.com/game-soundtracks/album/fire-emblem-radiant-dawn-complete,2026-10-05,Track title is taken from KHInsider's soundtrack/gamerip album index. Popularity is an explicitly labelled proxy based on BeatHit game rank and track prominence.,"{""culture_category"":""video_game_music"",""video_game"":""Fire Emblem: Radiant Dawn"",""game_rank"":466,""game_association_kind"":""khinsider_game_soundtrack"",""khinsider_album_url"":""https://downloads.khinsider.com/game-soundtracks/album/fire-emblem-radiant-dawn-complete"",""khinsider_album_title"":""Fire Emblem Radiant Dawn Complete (fire-emblem-radiant-dawn-complete)"",""khinsider_album_kind"":""unclassified_game_album"",""khinsider_album_match_score"":100.0,""relevance_score_100"":97.0,""popularity_score_100"":49.523246457925,""score_100"":78.00929858317,""popularity_basis"":""BeatHit master-list game rank plus track position proxy""}"
60,Divine Tranquility,Unknown credited artist,[],Fire Emblem: Radiant Dawn Original Soundtrack (fire-emblem-radiant-dawn-original-soundtrack),,,"[""video game soundtrack""]","[""und""]",,,,Fire Emblem: Radiant Dawn,,,khinsider_track_prominence_proxy,44.90324645792499,score_0_100,,,,77.96129858316999,,,,https://downloads.khinsider.com/game-soundtracks/album/fire-emblem-radiant-dawn-original-soundtrack,2026-10-05,Track title is taken from KHInsider's soundtrack/gamerip album index. Popularity is an explicitly labelled proxy based on BeatHit game rank and track prominence.,"{""culture_category"":""video_game_music"",""video_game"":""Fire Emblem: Radiant Dawn"",""game_rank"":466,""game_association_kind"":""khinsider_game_soundtrack"",""khinsider_album_url"":""https://downloads.khinsider.com/game-soundtracks/album/fire-emblem-radiant-dawn-original-soundtrack"",""khinsider_album_title"":""Fire Emblem: Radiant Dawn Original Soundtrack (fire-emblem-radiant-dawn-original-soundtrack)"",""khinsider_album_kind"":""official_or_gamerip"",""khinsider_album_match_score"":100.0,""relevance_score_100"":100.0,""popularity_score_100"":44.90324645792499,""score_100"":77.96129858316999,""popularity_basis"":""BeatHit master-list game rank plus track position proxy""}"
61,012 - Unending Task.mp3,Unknown credited artist,[],Fire Emblem Radiant Dawn Complete (fire-emblem-radiant-dawn-complete),,,"[""video game soundtrack""]","[""und""]",,,,Fire Emblem: Radiant Dawn,,,khinsider_track_prominence_proxy,49.31324645792499,score_0_100,,,,77.92529858316999,,,,https://downloads.khinsider.com/game-soundtracks/album/fire-emblem-radiant-dawn-complete,2026-10-05,Track title is taken from KHInsider's soundtrack/gamerip album index. Popularity is an explicitly labelled proxy based on BeatHit game rank and track prominence.,"{""culture_category"":""video_game_music"",""video_game"":""Fire Emblem: Radiant Dawn"",""game_rank"":466,""game_association_kind"":""khinsider_game_soundtrack"",""khinsider_album_url"":""https://downloads.khinsider.com/game-soundtracks/album/fire-emblem-radiant-dawn-complete"",""khinsider_album_title"":""Fire Emblem Radiant Dawn Complete (fire-emblem-radiant-dawn-complete)"",""khinsider_album_kind"":""unclassified_game_album"",""khinsider_album_match_score"":100.0,""relevance_score_100"":97.0,""popularity_score_100"":49.31324645792499,""score_100"":77.92529858316999,""popularity_basis"":""BeatHit master-list game rank plus track position proxy""}"
62,Eyes of Rage,Unknown credited artist,[],Fire Emblem: Radiant Dawn Original Soundtrack (fire-emblem-radiant-dawn-original-soundtrack),,,"[""video game soundtrack""]","[""und""]",,,,Fire Emblem: Radiant Dawn,,,khinsider_track_prominence_proxy,44.693246457924985,score_0_100,,,,77.87729858316999,,,,https://downloads.khinsider.com/game-soundtracks/album/fire-emblem-radiant-dawn-original-soundtrack,2026-10-05,Track title is taken from KHInsider's soundtrack/gamerip album index. Popularity is an explicitly labelled proxy based on BeatHit game rank and track prominence.,"{""culture_category"":""video_game_music"",""video_game"":""Fire Emblem: Radiant Dawn"",""game_rank"":466,""game_association_kind"":""khinsider_game_soundtrack"",""khinsider_album_url"":""https://downloads.khinsider.com/game-soundtracks/album/fire-emblem-radiant-dawn-original-soundtrack"",""khinsider_album_title"":""Fire Emblem: Radiant Dawn Original Soundtrack (fire-emblem-radiant-dawn-original-soundtrack)"",""khinsider_album_kind"":""official_or_gamerip"",""khinsider_album_match_score"":100.0,""relevance_score_100"":100.0,""popularity_score_100"":44.693246457924985,""score_100"":77.87729858316999,""popularity_basis"":""BeatHit master-list game rank plus track position proxy""}"
63,013 - A Grasping Truth.mp3,Unknown credited artist,[],Fire Emblem Radiant Dawn Complete (fire-emblem-radiant-dawn-complete),,,"[""video game soundtrack""]","[""und""]",,,,Fire Emblem: Radiant Dawn,,,khinsider_track_prominence_proxy,49.103246457924996,score_0_100,,,,77.84129858316999,,,,https://downloads.khinsider.com/game-soundtracks/album/fire-emblem-radiant-dawn-complete,2026-10-05,Track title is taken from KHInsider's soundtrack/gamerip album index. Popularity is an explicitly labelled proxy based on BeatHit game rank and track prominence.,"{""culture_category"":""video_game_music"",""video_game"":""Fire Emblem: Radiant Dawn"",""game_rank"":466,""game_association_kind"":""khinsider_game_soundtrack"",""khinsider_album_url"":""https://downloads.khinsider.com/game-soundtracks/album/fire-emblem-radiant-dawn-complete"",""khinsider_album_title"":""Fire Emblem Radiant Dawn Complete (fire-emblem-radiant-dawn-complete)"",""khinsider_album_kind"":""unclassified_game_album"",""khinsider_album_match_score"":100.0,""relevance_score_100"":97.0,""popularity_score_100"":49.103246457924996,""score_100"":77.84129858316999,""popularity_basis"":""BeatHit master-list game rank plus track position proxy""}"
64,Cats at Play,Unknown credited artist,[],Fire Emblem: Radiant Dawn Original Soundtrack (fire-emblem-radiant-dawn-original-soundtrack),,,"[""video game soundtrack""]","[""und""]",,,,Fire Emblem: Radiant Dawn,,,khinsider_track_prominence_proxy,44.48324645792499,score_0_100,,,,77.79329858317,,,,https://downloads.khinsider.com/game-soundtracks/album/fire-emblem-radiant-dawn-original-soundtrack,2026-10-05,Track title is taken from KHInsider's soundtrack/gamerip album index. Popularity is an explicitly labelled proxy based on BeatHit game rank and track prominence.,"{""culture_category"":""video_game_music"",""video_game"":""Fire Emblem: Radiant Dawn"",""game_rank"":466,""game_association_kind"":""khinsider_game_soundtrack"",""khinsider_album_url"":""https://downloads.khinsider.com/game-soundtracks/album/fire-emblem-radiant-dawn-original-soundtrack"",""khinsider_album_title"":""Fire Emblem: Radiant Dawn Original Soundtrack (fire-emblem-radiant-dawn-original-soundtrack)"",""khinsider_album_kind"":""official_or_gamerip"",""khinsider_album_match_score"":100.0,""relevance_score_100"":100.0,""popularity_score_100"":44.48324645792499,""score_100"":77.79329858317,""popularity_basis"":""BeatHit master-list game rank plus track position proxy""}"
65,014 - Dawn Brigade.mp3,Unknown credited artist,[],Fire Emblem Radiant Dawn Complete (fire-emblem-radiant-dawn-complete),,,"[""video game soundtrack""]","[""und""]",,,,Fire Emblem: Radiant Dawn,,,khinsider_track_prominence_proxy,48.89324645792499,score_0_100,,,,77.75729858316998,,,,https://downloads.khinsider.com/game-soundtracks/album/fire-emblem-radiant-dawn-complete,2026-10-05,Track title is taken from KHInsider's soundtrack/gamerip album index. Popularity is an explicitly labelled proxy based on BeatHit game rank and track prominence.,"{""culture_category"":""video_game_music"",""video_game"":""Fire Emblem: Radiant Dawn"",""game_rank"":466,""game_association_kind"":""khinsider_game_soundtrack"",""khinsider_album_url"":""https://downloads.khinsider.com/game-soundtracks/album/fire-emblem-radiant-dawn-complete"",""khinsider_album_title"":""Fire Emblem Radiant Dawn Complete (fire-emblem-radiant-dawn-complete)"",""khinsider_album_kind"":""unclassified_game_album"",""khinsider_album_match_score"":100.0,""relevance_score_100"":97.0,""popularity_score_100"":48.89324645792499,""score_100"":77.75729858316998,""popularity_basis"":""BeatHit master-list game rank plus track position proxy""}"
66,Morale Fades,Unknown credited artist,[],Fire Emblem: Radiant Dawn Original Soundtrack (fire-emblem-radiant-dawn-original-soundtrack),,,"[""video game soundtrack""]","[""und""]",,,,Fire Emblem: Radiant Dawn,,,khinsider_track_prominence_proxy,44.273246457925,score_0_100,,,,77.70929858317,,,,https://downloads.khinsider.com/game-soundtracks/album/fire-emblem-radiant-dawn-original-soundtrack,2026-10-05,Track title is taken from KHInsider's soundtrack/gamerip album index. Popularity is an explicitly labelled proxy based on BeatHit game rank and track prominence.,"{""culture_category"":""video_game_music"",""video_game"":""Fire Emblem: Radiant Dawn"",""game_rank"":466,""game_association_kind"":""khinsider_game_soundtrack"",""khinsider_album_url"":""https://downloads.khinsider.com/game-soundtracks/album/fire-emblem-radiant-dawn-original-soundtrack"",""khinsider_album_title"":""Fire Emblem: Radiant Dawn Original Soundtrack (fire-emblem-radiant-dawn-original-soundtrack)"",""khinsider_album_kind"":""official_or_gamerip"",""khinsider_album_match_score"":100.0,""relevance_score_100"":100.0,""popularity_score_100"":44.273246457925,""score_100"":77.70929858317,""popularity_basis"":""BeatHit master-list game rank plus track position proxy""}"
67,015 - March.mp3,Unknown credited artist,[],Fire Emblem Radiant Dawn Complete (fire-emblem-radiant-dawn-complete),,,"[""video game soundtrack""]","[""und""]",,,,Fire Emblem: Radiant Dawn,,,khinsider_track_prominence_proxy,48.683246457924994,score_0_100,,,,77.67329858317,,,,https://downloads.khinsider.com/game-soundtracks/album/fire-emblem-radiant-dawn-complete,2026-10-05,Track title is taken from KHInsider's soundtrack/gamerip album index. Popularity is an explicitly labelled proxy based on BeatHit game rank and track prominence.,"{""culture_category"":""video_game_music"",""video_game"":""Fire Emblem: Radiant Dawn"",""game_rank"":466,""game_association_kind"":""khinsider_game_soundtrack"",""khinsider_album_url"":""https://downloads.khinsider.com/game-soundtracks/album/fire-emblem-radiant-dawn-complete"",""khinsider_album_title"":""Fire Emblem Radiant Dawn Complete (fire-emblem-radiant-dawn-complete)"",""khinsider_album_kind"":""unclassified_game_album"",""khinsider_album_match_score"":100.0,""relevance_score_100"":97.0,""popularity_score_100"":48.683246457924994,""score_100"":77.67329858317,""popularity_basis"":""BeatHit master-list game rank plus track position proxy""}"
68,Revelation at Dawn,Unknown credited artist,[],Fire Emblem: Radiant Dawn Original Soundtrack (fire-emblem-radiant-dawn-original-soundtrack),,,"[""video game soundtrack""]","[""und""]",,,,Fire Emblem: Radiant Dawn,,,khinsider_track_prominence_proxy,44.06324645792499,score_0_100,,,,77.62529858317,,,,https://downloads.khinsider.com/game-soundtracks/album/fire-emblem-radiant-dawn-original-soundtrack,2026-10-05,Track title is taken from KHInsider's soundtrack/gamerip album index. Popularity is an explicitly labelled proxy based on BeatHit game rank and track prominence.,"{""culture_category"":""video_game_music"",""video_game"":""Fire Emblem: Radiant Dawn"",""game_rank"":466,""game_association_kind"":""khinsider_game_soundtrack"",""khinsider_album_url"":""https://downloads.khinsider.com/game-soundtracks/album/fire-emblem-radiant-dawn-original-soundtrack"",""khinsider_album_title"":""Fire Emblem: Radiant Dawn Original Soundtrack (fire-emblem-radiant-dawn-original-soundtrack)"",""khinsider_album_kind"":""official_or_gamerip"",""khinsider_album_match_score"":100.0,""relevance_score_100"":100.0,""popularity_score_100"":44.06324645792499,""score_100"":77.62529858317,""popularity_basis"":""BeatHit master-list game rank plus track position proxy""}"
69,016 - On Glory's Wings.mp3,Unknown credited artist,[],Fire Emblem Radiant Dawn Complete (fire-emblem-radiant-dawn-complete),,,"[""video game soundtrack""]","[""und""]",,,,Fire Emblem: Radiant Dawn,,,khinsider_track_prominence_proxy,48.47324645792499,score_0_100,,,,77.58929858316999,,,,https://downloads.khinsider.com/game-soundtracks/album/fire-emblem-radiant-dawn-complete,2026-10-05,Track title is taken from KHInsider's soundtrack/gamerip album index. Popularity is an explicitly labelled proxy based on BeatHit game rank and track prominence.,"{""culture_category"":""video_game_music"",""video_game"":""Fire Emblem: Radiant Dawn"",""game_rank"":466,""game_association_kind"":""khinsider_game_soundtrack"",""khinsider_album_url"":""https://downloads.khinsider.com/game-soundtracks/album/fire-emblem-radiant-dawn-complete"",""khinsider_album_title"":""Fire Emblem Radiant Dawn Complete (fire-emblem-radiant-dawn-complete)"",""khinsider_album_kind"":""unclassified_game_album"",""khinsider_album_match_score"":100.0,""relevance_score_100"":97.0,""popularity_score_100"":48.47324645792499,""score_100"":77.58929858316999,""popularity_basis"":""BeatHit master-list game rank plus track position proxy""}"
70,Sorrowful Prince Pelleas,Unknown credited artist,[],Fire Emblem: Radiant Dawn Original Soundtrack (fire-emblem-radiant-dawn-original-soundtrack),,,"[""video game soundtrack""]","[""und""]",,,,Fire Emblem: Radiant Dawn,,,khinsider_track_prominence_proxy,43.853246457924996,score_0_100,,,,77.54129858317,,,,https://downloads.khinsider.com/game-soundtracks/album/fire-emblem-radiant-dawn-original-soundtrack,2026-10-05,Track title is taken from KHInsider's soundtrack/gamerip album index. Popularity is an explicitly labelled proxy based on BeatHit game rank and track prominence.,"{""culture_category"":""video_game_music"",""video_game"":""Fire Emblem: Radiant Dawn"",""game_rank"":466,""game_association_kind"":""khinsider_game_soundtrack"",""khinsider_album_url"":""https://downloads.khinsider.com/game-soundtracks/album/fire-emblem-radiant-dawn-original-soundtrack"",""khinsider_album_title"":""Fire Emblem: Radiant Dawn Original Soundtrack (fire-emblem-radiant-dawn-original-soundtrack)"",""khinsider_album_kind"":""official_or_gamerip"",""khinsider_album_match_score"":100.0,""relevance_score_100"":100.0,""popularity_score_100"":43.853246457924996,""score_100"":77.54129858317,""popularity_basis"":""BeatHit master-list game rank plus track position proxy""}"
71,017 - The Devoted.mp3,Unknown credited artist,[],Fire Emblem Radiant Dawn Complete (fire-emblem-radiant-dawn-complete),,,"[""video game soundtrack""]","[""und""]",,,,Fire Emblem: Radiant Dawn,,,khinsider_track_prominence_proxy,48.26324645792499,score_0_100,,,,77.50529858317,,,,https://downloads.khinsider.com/game-soundtracks/album/fire-emblem-radiant-dawn-complete,2026-10-05,Track title is taken from KHInsider's soundtrack/gamerip album index. Popularity is an explicitly labelled proxy based on BeatHit game rank and track prominence.,"{""culture_category"":""video_game_music"",""video_game"":""Fire Emblem: Radiant Dawn"",""game_rank"":466,""game_association_kind"":""khinsider_game_soundtrack"",""khinsider_album_url"":""https://downloads.khinsider.com/game-soundtracks/album/fire-emblem-radiant-dawn-complete"",""khinsider_album_title"":""Fire Emblem Radiant Dawn Complete (fire-emblem-radiant-dawn-complete)"",""khinsider_album_kind"":""unclassified_game_album"",""khinsider_album_match_score"":100.0,""relevance_score_100"":97.0,""popularity_score_100"":48.26324645792499,""score_100"":77.50529858317,""popularity_basis"":""BeatHit master-list game rank plus track position proxy""}"
72,The Mind of Izuka,Unknown credited artist,[],Fire Emblem: Radiant Dawn Original Soundtrack (fire-emblem-radiant-dawn-original-soundtrack),,,"[""video game soundtrack""]","[""und""]",,,,Fire Emblem: Radiant Dawn,,,khinsider_track_prominence_proxy,43.643246457924995,score_0_100,,,,77.45729858317,,,,https://downloads.khinsider.com/game-soundtracks/album/fire-emblem-radiant-dawn-original-soundtrack,2026-10-05,Track title is taken from KHInsider's soundtrack/gamerip album index. Popularity is an explicitly labelled proxy based on BeatHit game rank and track prominence.,"{""culture_category"":""video_game_music"",""video_game"":""Fire Emblem: Radiant Dawn"",""game_rank"":466,""game_association_kind"":""khinsider_game_soundtrack"",""khinsider_album_url"":""https://downloads.khinsider.com/game-soundtracks/album/fire-emblem-radiant-dawn-original-soundtrack"",""khinsider_album_title"":""Fire Emblem: Radiant Dawn Original Soundtrack (fire-emblem-radiant-dawn-original-soundtrack)"",""khinsider_album_kind"":""official_or_gamerip"",""khinsider_album_match_score"":100.0,""relevance_score_100"":100.0,""popularity_score_100"":43.643246457924995,""score_100"":77.45729858317,""popularity_basis"":""BeatHit master-list game rank plus track position proxy""}"
73,018 - Time Of Action.mp3,Unknown credited artist,[],Fire Emblem Radiant Dawn Complete (fire-emblem-radiant-dawn-complete),,,"[""video game soundtrack""]","[""und""]",,,,Fire Emblem: Radiant Dawn,,,khinsider_track_prominence_proxy,48.05324645792499,score_0_100,,,,77.42129858317,,,,https://downloads.khinsider.com/game-soundtracks/album/fire-emblem-radiant-dawn-complete,2026-10-05,Track title is taken from KHInsider's soundtrack/gamerip album index. Popularity is an explicitly labelled proxy based on BeatHit game rank and track prominence.,"{""culture_category"":""video_game_music"",""video_game"":""Fire Emblem: Radiant Dawn"",""game_rank"":466,""game_association_kind"":""khinsider_game_soundtrack"",""khinsider_album_url"":""https://downloads.khinsider.com/game-soundtracks/album/fire-emblem-radiant-dawn-complete"",""khinsider_album_title"":""Fire Emblem Radiant Dawn Complete (fire-emblem-radiant-dawn-complete)"",""khinsider_album_kind"":""unclassified_game_album"",""khinsider_album_match_score"":100.0,""relevance_score_100"":97.0,""popularity_score_100"":48.05324645792499,""score_100"":77.42129858317,""popularity_basis"":""BeatHit master-list game rank plus track position proxy""}"
74,Stalwarts Unite,Unknown credited artist,[],Fire Emblem: Radiant Dawn Original Soundtrack (fire-emblem-radiant-dawn-original-soundtrack),,,"[""video game soundtrack""]","[""und""]",,,,Fire Emblem: Radiant Dawn,,,khinsider_track_prominence_proxy,43.433246457924994,score_0_100,,,,77.37329858317,,,,https://downloads.khinsider.com/game-soundtracks/album/fire-emblem-radiant-dawn-original-soundtrack,2026-10-05,Track title is taken from KHInsider's soundtrack/gamerip album index. Popularity is an explicitly labelled proxy based on BeatHit game rank and track prominence.,"{""culture_category"":""video_game_music"",""video_game"":""Fire Emblem: Radiant Dawn"",""game_rank"":466,""game_association_kind"":""khinsider_game_soundtrack"",""khinsider_album_url"":""https://downloads.khinsider.com/game-soundtracks/album/fire-emblem-radiant-dawn-original-soundtrack"",""khinsider_album_title"":""Fire Emblem: Radiant Dawn Original Soundtrack (fire-emblem-radiant-dawn-original-soundtrack)"",""khinsider_album_kind"":""official_or_gamerip"",""khinsider_album_match_score"":100.0,""relevance_score_100"":100.0,""popularity_score_100"":43.433246457924994,""score_100"":77.37329858317,""popularity_basis"":""BeatHit master-list game rank plus track position proxy""}"
75,019 - Finale In Fear.mp3,Unknown credited artist,[],Fire Emblem Radiant Dawn Complete (fire-emblem-radiant-dawn-complete),,,"[""video game soundtrack""]","[""und""]",,,,Fire Emblem: Radiant Dawn,,,khinsider_track_prominence_proxy,47.84324645792499,score_0_100,,,,77.33729858317,,,,https://downloads.khinsider.com/game-soundtracks/album/fire-emblem-radiant-dawn-complete,2026-10-05,Track title is taken from KHInsider's soundtrack/gamerip album index. Popularity is an explicitly labelled proxy based on BeatHit game rank and track prominence.,"{""culture_category"":""video_game_music"",""video_game"":""Fire Emblem: Radiant Dawn"",""game_rank"":466,""game_association_kind"":""khinsider_game_soundtrack"",""khinsider_album_url"":""https://downloads.khinsider.com/game-soundtracks/album/fire-emblem-radiant-dawn-complete"",""khinsider_album_title"":""Fire Emblem Radiant Dawn Complete (fire-emblem-radiant-dawn-complete)"",""khinsider_album_kind"":""unclassified_game_album"",""khinsider_album_match_score"":100.0,""relevance_score_100"":97.0,""popularity_score_100"":47.84324645792499,""score_100"":77.33729858317,""popularity_basis"":""BeatHit master-list game rank plus track position proxy""}"
76,In My Hands,Unknown credited artist,[],Fire Emblem: Radiant Dawn Original Soundtrack (fire-emblem-radiant-dawn-original-soundtrack),,,"[""video game soundtrack""]","[""und""]",,,,Fire Emblem: Radiant Dawn,,,khinsider_track_prominence_proxy,43.22324645792499,score_0_100,,,,77.28929858317,,,,https://downloads.khinsider.com/game-soundtracks/album/fire-emblem-radiant-dawn-original-soundtrack,2026-10-05,Track title is taken from KHInsider's soundtrack/gamerip album index. Popularity is an explicitly labelled proxy based on BeatHit game rank and track prominence.,"{""culture_category"":""video_game_music"",""video_game"":""Fire Emblem: Radiant Dawn"",""game_rank"":466,""game_association_kind"":""khinsider_game_soundtrack"",""khinsider_album_url"":""https://downloads.khinsider.com/game-soundtracks/album/fire-emblem-radiant-dawn-original-soundtrack"",""khinsider_album_title"":""Fire Emblem: Radiant Dawn Original Soundtrack (fire-emblem-radiant-dawn-original-soundtrack)"",""khinsider_album_kind"":""official_or_gamerip"",""khinsider_album_match_score"":100.0,""relevance_score_100"":100.0,""popularity_score_100"":43.22324645792499,""score_100"":77.28929858317,""popularity_basis"":""BeatHit master-list game rank plus track position proxy""}"
77,020 - Waves Of Discord.mp3,Unknown credited artist,[],Fire Emblem Radiant Dawn Complete (fire-emblem-radiant-dawn-complete),,,"[""video game soundtrack""]","[""und""]",,,,Fire Emblem: Radiant Dawn,,,khinsider_track_prominence_proxy,47.63324645792499,score_0_100,,,,77.25329858317,,,,https://downloads.khinsider.com/game-soundtracks/album/fire-emblem-radiant-dawn-complete,2026-10-05,Track title is taken from KHInsider's soundtrack/gamerip album index. Popularity is an explicitly labelled proxy based on BeatHit game rank and track prominence.,"{""culture_category"":""video_game_music"",""video_game"":""Fire Emblem: Radiant Dawn"",""game_rank"":466,""game_association_kind"":""khinsider_game_soundtrack"",""khinsider_album_url"":""https://downloads.khinsider.com/game-soundtracks/album/fire-emblem-radiant-dawn-complete"",""khinsider_album_title"":""Fire Emblem Radiant Dawn Complete (fire-emblem-radiant-dawn-complete)"",""khinsider_album_kind"":""unclassified_game_album"",""khinsider_album_match_score"":100.0,""relevance_score_100"":97.0,""popularity_score_100"":47.63324645792499,""score_100"":77.25329858317,""popularity_basis"":""BeatHit master-list game rank plus track position proxy""}"
78,Aesthetics of Deprivation,Unknown credited artist,[],Fire Emblem: Radiant Dawn Original Soundtrack (fire-emblem-radiant-dawn-original-soundtrack),,,"[""video game soundtrack""]","[""und""]",,,,Fire Emblem: Radiant Dawn,,,khinsider_track_prominence_proxy,43.01324645792499,score_0_100,,,,77.20529858316999,,,,https://downloads.khinsider.com/game-soundtracks/album/fire-emblem-radiant-dawn-original-soundtrack,2026-10-05,Track title is taken from KHInsider's soundtrack/gamerip album index. Popularity is an explicitly labelled proxy based on BeatHit game rank and track prominence.,"{""culture_category"":""video_game_music"",""video_game"":""Fire Emblem: Radiant Dawn"",""game_rank"":466,""game_association_kind"":""khinsider_game_soundtrack"",""khinsider_album_url"":""https://downloads.khinsider.com/game-soundtracks/album/fire-emblem-radiant-dawn-original-soundtrack"",""khinsider_album_title"":""Fire Emblem: Radiant Dawn Original Soundtrack (fire-emblem-radiant-dawn-original-soundtrack)"",""khinsider_album_kind"":""official_or_gamerip"",""khinsider_album_match_score"":100.0,""relevance_score_100"":100.0,""popularity_score_100"":43.01324645792499,""score_100"":77.20529858316999,""popularity_basis"":""BeatHit master-list game rank plus track position proxy""}"
79,021 - To War.mp3,Unknown credited artist,[],Fire Emblem Radiant Dawn Complete (fire-emblem-radiant-dawn-complete),,,"[""video game soundtrack""]","[""und""]",,,,Fire Emblem: Radiant Dawn,,,khinsider_track_prominence_proxy,47.42324645792499,score_0_100,,,,77.16929858316999,,,,https://downloads.khinsider.com/game-soundtracks/album/fire-emblem-radiant-dawn-complete,2026-10-05,Track title is taken from KHInsider's soundtrack/gamerip album index. Popularity is an explicitly labelled proxy based on BeatHit game rank and track prominence.,"{""culture_category"":""video_game_music"",""video_game"":""Fire Emblem: Radiant Dawn"",""game_rank"":466,""game_association_kind"":""khinsider_game_soundtrack"",""khinsider_album_url"":""https://downloads.khinsider.com/game-soundtracks/album/fire-emblem-radiant-dawn-complete"",""khinsider_album_title"":""Fire Emblem Radiant Dawn Complete (fire-emblem-radiant-dawn-complete)"",""khinsider_album_kind"":""unclassified_game_album"",""khinsider_album_match_score"":100.0,""relevance_score_100"":97.0,""popularity_score_100"":47.42324645792499,""score_100"":77.16929858316999,""popularity_basis"":""BeatHit master-list game rank plus track position proxy""}"
80,No Word for Defeat,Unknown credited artist,[],Fire Emblem: Radiant Dawn Original Soundtrack (fire-emblem-radiant-dawn-original-soundtrack),,,"[""video game soundtrack""]","[""und""]",,,,Fire Emblem: Radiant Dawn,,,khinsider_track_prominence_proxy,42.80324645792499,score_0_100,,,,77.12129858317,,,,https://downloads.khinsider.com/game-soundtracks/album/fire-emblem-radiant-dawn-original-soundtrack,2026-10-05,Track title is taken from KHInsider's soundtrack/gamerip album index. Popularity is an explicitly labelled proxy based on BeatHit game rank and track prominence.,"{""culture_category"":""video_game_music"",""video_game"":""Fire Emblem: Radiant Dawn"",""game_rank"":466,""game_association_kind"":""khinsider_game_soundtrack"",""khinsider_album_url"":""https://downloads.khinsider.com/game-soundtracks/album/fire-emblem-radiant-dawn-original-soundtrack"",""khinsider_album_title"":""Fire Emblem: Radiant Dawn Original Soundtrack (fire-emblem-radiant-dawn-original-soundtrack)"",""khinsider_album_kind"":""official_or_gamerip"",""khinsider_album_match_score"":100.0,""relevance_score_100"":100.0,""popularity_score_100"":42.80324645792499,""score_100"":77.12129858317,""popularity_basis"":""BeatHit master-list game rank plus track position proxy""}"
81,021A - To War.mp3,Unknown credited artist,[],Fire Emblem Radiant Dawn Complete (fire-emblem-radiant-dawn-complete),,,"[""video game soundtrack""]","[""und""]",,,,Fire Emblem: Radiant Dawn,,,khinsider_track_prominence_proxy,47.213246457924996,score_0_100,,,,77.08529858316999,,,,https://downloads.khinsider.com/game-soundtracks/album/fire-emblem-radiant-dawn-complete,2026-10-05,Track title is taken from KHInsider's soundtrack/gamerip album index. Popularity is an explicitly labelled proxy based on BeatHit game rank and track prominence.,"{""culture_category"":""video_game_music"",""video_game"":""Fire Emblem: Radiant Dawn"",""game_rank"":466,""game_association_kind"":""khinsider_game_soundtrack"",""khinsider_album_url"":""https://downloads.khinsider.com/game-soundtracks/album/fire-emblem-radiant-dawn-complete"",""khinsider_album_title"":""Fire Emblem Radiant Dawn Complete (fire-emblem-radiant-dawn-complete)"",""khinsider_album_kind"":""unclassified_game_album"",""khinsider_album_match_score"":100.0,""relevance_score_100"":97.0,""popularity_score_100"":47.213246457924996,""score_100"":77.08529858316999,""popularity_basis"":""BeatHit master-list game rank plus track position proxy""}"
82,Goddess of Dawn,Unknown credited artist,[],Fire Emblem: Radiant Dawn Original Soundtrack (fire-emblem-radiant-dawn-original-soundtrack),,,"[""video game soundtrack""]","[""und""]",,,,Fire Emblem: Radiant Dawn,,,khinsider_track_prominence_proxy,42.59324645792499,score_0_100,,,,77.03729858317,,,,https://downloads.khinsider.com/game-soundtracks/album/fire-emblem-radiant-dawn-original-soundtrack,2026-10-05,Track title is taken from KHInsider's soundtrack/gamerip album index. Popularity is an explicitly labelled proxy based on BeatHit game rank and track prominence.,"{""culture_category"":""video_game_music"",""video_game"":""Fire Emblem: Radiant Dawn"",""game_rank"":466,""game_association_kind"":""khinsider_game_soundtrack"",""khinsider_album_url"":""https://downloads.khinsider.com/game-soundtracks/album/fire-emblem-radiant-dawn-original-soundtrack"",""khinsider_album_title"":""Fire Emblem: Radiant Dawn Original Soundtrack (fire-emblem-radiant-dawn-original-soundtrack)"",""khinsider_album_kind"":""official_or_gamerip"",""khinsider_album_match_score"":100.0,""relevance_score_100"":100.0,""popularity_score_100"":42.59324645792499,""score_100"":77.03729858317,""popularity_basis"":""BeatHit master-list game rank plus track position proxy""}"
83,022 - Dilemma.mp3,Unknown credited artist,[],Fire Emblem Radiant Dawn Complete (fire-emblem-radiant-dawn-complete),,,"[""video game soundtrack""]","[""und""]",,,,Fire Emblem: Radiant Dawn,,,khinsider_track_prominence_proxy,47.00324645792499,score_0_100,,,,77.00129858316998,,,,https://downloads.khinsider.com/game-soundtracks/album/fire-emblem-radiant-dawn-complete,2026-10-05,Track title is taken from KHInsider's soundtrack/gamerip album index. Popularity is an explicitly labelled proxy based on BeatHit game rank and track prominence.,"{""culture_category"":""video_game_music"",""video_game"":""Fire Emblem: Radiant Dawn"",""game_rank"":466,""game_association_kind"":""khinsider_game_soundtrack"",""khinsider_album_url"":""https://downloads.khinsider.com/game-soundtracks/album/fire-emblem-radiant-dawn-complete"",""khinsider_album_title"":""Fire Emblem Radiant Dawn Complete (fire-emblem-radiant-dawn-complete)"",""khinsider_album_kind"":""unclassified_game_album"",""khinsider_album_match_score"":100.0,""relevance_score_100"":97.0,""popularity_score_100"":47.00324645792499,""score_100"":77.00129858316998,""popularity_basis"":""BeatHit master-list game rank plus track position proxy""}"
84,The Goddess Wakes,Unknown credited artist,[],Fire Emblem: Radiant Dawn Original Soundtrack (fire-emblem-radiant-dawn-original-soundtrack),,,"[""video game soundtrack""]","[""und""]",,,,Fire Emblem: Radiant Dawn,,,khinsider_track_prominence_proxy,42.38324645792499,score_0_100,,,,76.95329858317,,,,https://downloads.khinsider.com/game-soundtracks/album/fire-emblem-radiant-dawn-original-soundtrack,2026-10-05,Track title is taken from KHInsider's soundtrack/gamerip album index. Popularity is an explicitly labelled proxy based on BeatHit game rank and track prominence.,"{""culture_category"":""video_game_music"",""video_game"":""Fire Emblem: Radiant Dawn"",""game_rank"":466,""game_association_kind"":""khinsider_game_soundtrack"",""khinsider_album_url"":""https://downloads.khinsider.com/game-soundtracks/album/fire-emblem-radiant-dawn-original-soundtrack"",""khinsider_album_title"":""Fire Emblem: Radiant Dawn Original Soundtrack (fire-emblem-radiant-dawn-original-soundtrack)"",""khinsider_album_kind"":""official_or_gamerip"",""khinsider_album_match_score"":100.0,""relevance_score_100"":100.0,""popularity_score_100"":42.38324645792499,""score_100"":76.95329858317,""popularity_basis"":""BeatHit master-list game rank plus track position proxy""}"
85,022A - Dilemma (2).mp3,Unknown credited artist,[],Fire Emblem Radiant Dawn Complete (fire-emblem-radiant-dawn-complete),,,"[""video game soundtrack""]","[""und""]",,,,Fire Emblem: Radiant Dawn,,,khinsider_track_prominence_proxy,46.793246457924994,score_0_100,,,,76.91729858317,,,,https://downloads.khinsider.com/game-soundtracks/album/fire-emblem-radiant-dawn-complete,2026-10-05,Track title is taken from KHInsider's soundtrack/gamerip album index. Popularity is an explicitly labelled proxy based on BeatHit game rank and track prominence.,"{""culture_category"":""video_game_music"",""video_game"":""Fire Emblem: Radiant Dawn"",""game_rank"":466,""game_association_kind"":""khinsider_game_soundtrack"",""khinsider_album_url"":""https://downloads.khinsider.com/game-soundtracks/album/fire-emblem-radiant-dawn-complete"",""khinsider_album_title"":""Fire Emblem Radiant Dawn Complete (fire-emblem-radiant-dawn-complete)"",""khinsider_album_kind"":""unclassified_game_album"",""khinsider_album_match_score"":100.0,""relevance_score_100"":97.0,""popularity_score_100"":46.793246457924994,""score_100"":76.91729858317,""popularity_basis"":""BeatHit master-list game rank plus track position proxy""}"
86,Divine Healing,Unknown credited artist,[],Fire Emblem: Radiant Dawn Original Soundtrack (fire-emblem-radiant-dawn-original-soundtrack),,,"[""video game soundtrack""]","[""und""]",,,,Fire Emblem: Radiant Dawn,,,khinsider_track_prominence_proxy,42.17324645792499,score_0_100,,,,76.86929858316999,,,,https://downloads.khinsider.com/game-soundtracks/album/fire-emblem-radiant-dawn-original-soundtrack,2026-10-05,Track title is taken from KHInsider's soundtrack/gamerip album index. Popularity is an explicitly labelled proxy based on BeatHit game rank and track prominence.,"{""culture_category"":""video_game_music"",""video_game"":""Fire Emblem: Radiant Dawn"",""game_rank"":466,""game_association_kind"":""khinsider_game_soundtrack"",""khinsider_album_url"":""https://downloads.khinsider.com/game-soundtracks/album/fire-emblem-radiant-dawn-original-soundtrack"",""khinsider_album_title"":""Fire Emblem: Radiant Dawn Original Soundtrack (fire-emblem-radiant-dawn-original-soundtrack)"",""khinsider_album_kind"":""official_or_gamerip"",""khinsider_album_match_score"":100.0,""relevance_score_100"":100.0,""popularity_score_100"":42.17324645792499,""score_100"":76.86929858316999,""popularity_basis"":""BeatHit master-list game rank plus track position proxy""}"
87,023 - Embodiment Of Change.mp3,Unknown credited artist,[],Fire Emblem Radiant Dawn Complete (fire-emblem-radiant-dawn-complete),,,"[""video game soundtrack""]","[""und""]",,,,Fire Emblem: Radiant Dawn,,,khinsider_track_prominence_proxy,46.583246457924986,score_0_100,,,,76.83329858316999,,,,https://downloads.khinsider.com/game-soundtracks/album/fire-emblem-radiant-dawn-complete,2026-10-05,Track title is taken from KHInsider's soundtrack/gamerip album index. Popularity is an explicitly labelled proxy based on BeatHit game rank and track prominence.,"{""culture_category"":""video_game_music"",""video_game"":""Fire Emblem: Radiant Dawn"",""game_rank"":466,""game_association_kind"":""khinsider_game_soundtrack"",""khinsider_album_url"":""https://downloads.khinsider.com/game-soundtracks/album/fire-emblem-radiant-dawn-complete"",""khinsider_album_title"":""Fire Emblem Radiant Dawn Complete (fire-emblem-radiant-dawn-complete)"",""khinsider_album_kind"":""unclassified_game_album"",""khinsider_album_match_score"":100.0,""relevance_score_100"":97.0,""popularity_score_100"":46.583246457924986,""score_100"":76.83329858316999,""popularity_basis"":""BeatHit master-list game rank plus track position proxy""}"
88,Zealot's Prayer,Unknown credited artist,[],Fire Emblem: Radiant Dawn Original Soundtrack (fire-emblem-radiant-dawn-original-soundtrack),,,"[""video game soundtrack""]","[""und""]",,,,Fire Emblem: Radiant Dawn,,,khinsider_track_prominence_proxy,41.963246457924996,score_0_100,,,,76.78529858317,,,,https://downloads.khinsider.com/game-soundtracks/album/fire-emblem-radiant-dawn-original-soundtrack,2026-10-05,Track title is taken from KHInsider's soundtrack/gamerip album index. Popularity is an explicitly labelled proxy based on BeatHit game rank and track prominence.,"{""culture_category"":""video_game_music"",""video_game"":""Fire Emblem: Radiant Dawn"",""game_rank"":466,""game_association_kind"":""khinsider_game_soundtrack"",""khinsider_album_url"":""https://downloads.khinsider.com/game-soundtracks/album/fire-emblem-radiant-dawn-original-soundtrack"",""khinsider_album_title"":""Fire Emblem: Radiant Dawn Original Soundtrack (fire-emblem-radiant-dawn-original-soundtrack)"",""khinsider_album_kind"":""official_or_gamerip"",""khinsider_album_match_score"":100.0,""relevance_score_100"":100.0,""popularity_score_100"":41.963246457924996,""score_100"":76.78529858317,""popularity_basis"":""BeatHit master-list game rank plus track position proxy""}"
89,024 - Battle Of Pride.mp3,Unknown credited artist,[],Fire Emblem Radiant Dawn Complete (fire-emblem-radiant-dawn-complete),,,"[""video game soundtrack""]","[""und""]",,,,Fire Emblem: Radiant Dawn,,,khinsider_track_prominence_proxy,46.37324645792499,score_0_100,,,,76.74929858316999,,,,https://downloads.khinsider.com/game-soundtracks/album/fire-emblem-radiant-dawn-complete,2026-10-05,Track title is taken from KHInsider's soundtrack/gamerip album index. Popularity is an explicitly labelled proxy based on BeatHit game rank and track prominence.,"{""culture_category"":""video_game_music"",""video_game"":""Fire Emblem: Radiant Dawn"",""game_rank"":466,""game_association_kind"":""khinsider_game_soundtrack"",""khinsider_album_url"":""https://downloads.khinsider.com/game-soundtracks/album/fire-emblem-radiant-dawn-complete"",""khinsider_album_title"":""Fire Emblem Radiant Dawn Complete (fire-emblem-radiant-dawn-complete)"",""khinsider_album_kind"":""unclassified_game_album"",""khinsider_album_match_score"":100.0,""relevance_score_100"":97.0,""popularity_score_100"":46.37324645792499,""score_100"":76.74929858316999,""popularity_basis"":""BeatHit master-list game rank plus track position proxy""}"
90,The Goddess' Rebuke,Unknown credited artist,[],Fire Emblem: Radiant Dawn Original Soundtrack (fire-emblem-radiant-dawn-original-soundtrack),,,"[""video game soundtrack""]","[""und""]",,,,Fire Emblem: Radiant Dawn,,,khinsider_track_prominence_proxy,41.75324645792499,score_0_100,,,,76.70129858317,,,,https://downloads.khinsider.com/game-soundtracks/album/fire-emblem-radiant-dawn-original-soundtrack,2026-10-05,Track title is taken from KHInsider's soundtrack/gamerip album index. Popularity is an explicitly labelled proxy based on BeatHit game rank and track prominence.,"{""culture_category"":""video_game_music"",""video_game"":""Fire Emblem: Radiant Dawn"",""game_rank"":466,""game_association_kind"":""khinsider_game_soundtrack"",""khinsider_album_url"":""https://downloads.khinsider.com/game-soundtracks/album/fire-emblem-radiant-dawn-original-soundtrack"",""khinsider_album_title"":""Fire Emblem: Radiant Dawn Original Soundtrack (fire-emblem-radiant-dawn-original-soundtrack)"",""khinsider_album_kind"":""official_or_gamerip"",""khinsider_album_match_score"":100.0,""relevance_score_100"":100.0,""popularity_score_100"":41.75324645792499,""score_100"":76.70129858317,""popularity_basis"":""BeatHit master-list game rank plus track position proxy""}"
91,024A - Battle Of Pride (Short Version).mp3,Unknown credited artist,[],Fire Emblem Radiant Dawn Complete (fire-emblem-radiant-dawn-complete),,,"[""video game soundtrack""]","[""und""]",,,,Fire Emblem: Radiant Dawn,,,khinsider_track_prominence_proxy,46.16324645792499,score_0_100,,,,76.66529858317,,,,https://downloads.khinsider.com/game-soundtracks/album/fire-emblem-radiant-dawn-complete,2026-10-05,Track title is taken from KHInsider's soundtrack/gamerip album index. Popularity is an explicitly labelled proxy based on BeatHit game rank and track prominence.,"{""culture_category"":""video_game_music"",""video_game"":""Fire Emblem: Radiant Dawn"",""game_rank"":466,""game_association_kind"":""khinsider_game_soundtrack"",""khinsider_album_url"":""https://downloads.khinsider.com/game-soundtracks/album/fire-emblem-radiant-dawn-complete"",""khinsider_album_title"":""Fire Emblem Radiant Dawn Complete (fire-emblem-radiant-dawn-complete)"",""khinsider_album_kind"":""unclassified_game_album"",""khinsider_album_match_score"":100.0,""relevance_score_100"":97.0,""popularity_score_100"":46.16324645792499,""score_100"":76.66529858317,""popularity_basis"":""BeatHit master-list game rank plus track position proxy""}"
92,Ashera the Creator,Unknown credited artist,[],Fire Emblem: Radiant Dawn Original Soundtrack (fire-emblem-radiant-dawn-original-soundtrack),,,"[""video game soundtrack""]","[""und""]",,,,Fire Emblem: Radiant Dawn,,,khinsider_track_prominence_proxy,41.543246457924994,score_0_100,,,,76.61729858317,,,,https://downloads.khinsider.com/game-soundtracks/album/fire-emblem-radiant-dawn-original-soundtrack,2026-10-05,Track title is taken from KHInsider's soundtrack/gamerip album index. Popularity is an explicitly labelled proxy based on BeatHit game rank and track prominence.,"{""culture_category"":""video_game_music"",""video_game"":""Fire Emblem: Radiant Dawn"",""game_rank"":466,""game_association_kind"":""khinsider_game_soundtrack"",""khinsider_album_url"":""https://downloads.khinsider.com/game-soundtracks/album/fire-emblem-radiant-dawn-original-soundtrack"",""khinsider_album_title"":""Fire Emblem: Radiant Dawn Original Soundtrack (fire-emblem-radiant-dawn-original-soundtrack)"",""khinsider_album_kind"":""official_or_gamerip"",""khinsider_album_match_score"":100.0,""relevance_score_100"":100.0,""popularity_score_100"":41.543246457924994,""score_100"":76.61729858317,""popularity_basis"":""BeatHit master-list game rank plus track position proxy""}"
93,025 - Stalking Menace.mp3,Unknown credited artist,[],Fire Emblem Radiant Dawn Complete (fire-emblem-radiant-dawn-complete),,,"[""video game soundtrack""]","[""und""]",,,,Fire Emblem: Radiant Dawn,,,khinsider_track_prominence_proxy,45.95324645792499,score_0_100,,,,76.58129858317,,,,https://downloads.khinsider.com/game-soundtracks/album/fire-emblem-radiant-dawn-complete,2026-10-05,Track title is taken from KHInsider's soundtrack/gamerip album index. Popularity is an explicitly labelled proxy based on BeatHit game rank and track prominence.,"{""culture_category"":""video_game_music"",""video_game"":""Fire Emblem: Radiant Dawn"",""game_rank"":466,""game_association_kind"":""khinsider_game_soundtrack"",""khinsider_album_url"":""https://downloads.khinsider.com/game-soundtracks/album/fire-emblem-radiant-dawn-complete"",""khinsider_album_title"":""Fire Emblem Radiant Dawn Complete (fire-emblem-radiant-dawn-complete)"",""khinsider_album_kind"":""unclassified_game_album"",""khinsider_album_match_score"":100.0,""relevance_score_100"":97.0,""popularity_score_100"":45.95324645792499,""score_100"":76.58129858317,""popularity_basis"":""BeatHit master-list game rank plus track position proxy""}"
94,Child of Choas,Unknown credited artist,[],Fire Emblem: Radiant Dawn Original Soundtrack (fire-emblem-radiant-dawn-original-soundtrack),,,"[""video game soundtrack""]","[""und""]",,,,Fire Emblem: Radiant Dawn,,,khinsider_track_prominence_proxy,41.33324645792499,score_0_100,,,,76.53329858317,,,,https://downloads.khinsider.com/game-soundtracks/album/fire-emblem-radiant-dawn-original-soundtrack,2026-10-05,Track title is taken from KHInsider's soundtrack/gamerip album index. Popularity is an explicitly labelled proxy based on BeatHit game rank and track prominence.,"{""culture_category"":""video_game_music"",""video_game"":""Fire Emblem: Radiant Dawn"",""game_rank"":466,""game_association_kind"":""khinsider_game_soundtrack"",""khinsider_album_url"":""https://downloads.khinsider.com/game-soundtracks/album/fire-emblem-radiant-dawn-original-soundtrack"",""khinsider_album_title"":""Fire Emblem: Radiant Dawn Original Soundtrack (fire-emblem-radiant-dawn-original-soundtrack)"",""khinsider_album_kind"":""official_or_gamerip"",""khinsider_album_match_score"":100.0,""relevance_score_100"":100.0,""popularity_score_100"":41.33324645792499,""score_100"":76.53329858317,""popularity_basis"":""BeatHit master-list game rank plus track position proxy""}"
95,025A - Stalking Menace (Alternate Version).mp3,Unknown credited artist,[],Fire Emblem Radiant Dawn Complete (fire-emblem-radiant-dawn-complete),,,"[""video game soundtrack""]","[""und""]",,,,Fire Emblem: Radiant Dawn,,,khinsider_track_prominence_proxy,45.74324645792499,score_0_100,,,,76.49729858317,,,,https://downloads.khinsider.com/game-soundtracks/album/fire-emblem-radiant-dawn-complete,2026-10-05,Track title is taken from KHInsider's soundtrack/gamerip album index. Popularity is an explicitly labelled proxy based on BeatHit game rank and track prominence.,"{""culture_category"":""video_game_music"",""video_game"":""Fire Emblem: Radiant Dawn"",""game_rank"":466,""game_association_kind"":""khinsider_game_soundtrack"",""khinsider_album_url"":""https://downloads.khinsider.com/game-soundtracks/album/fire-emblem-radiant-dawn-complete"",""khinsider_album_title"":""Fire Emblem Radiant Dawn Complete (fire-emblem-radiant-dawn-complete)"",""khinsider_album_kind"":""unclassified_game_album"",""khinsider_album_match_score"":100.0,""relevance_score_100"":97.0,""popularity_score_100"":45.74324645792499,""score_100"":76.49729858317,""popularity_basis"":""BeatHit master-list game rank plus track position proxy""}"
96,Micaiah's Dawn,Unknown credited artist,[],Fire Emblem: Radiant Dawn Original Soundtrack (fire-emblem-radiant-dawn-original-soundtrack),,,"[""video game soundtrack""]","[""und""]",,,,Fire Emblem: Radiant Dawn,,,khinsider_track_prominence_proxy,41.12324645792499,score_0_100,,,,76.44929858316999,,,,https://downloads.khinsider.com/game-soundtracks/album/fire-emblem-radiant-dawn-original-soundtrack,2026-10-05,Track title is taken from KHInsider's soundtrack/gamerip album index. Popularity is an explicitly labelled proxy based on BeatHit game rank and track prominence.,"{""culture_category"":""video_game_music"",""video_game"":""Fire Emblem: Radiant Dawn"",""game_rank"":466,""game_association_kind"":""khinsider_game_soundtrack"",""khinsider_album_url"":""https://downloads.khinsider.com/game-soundtracks/album/fire-emblem-radiant-dawn-original-soundtrack"",""khinsider_album_title"":""Fire Emblem: Radiant Dawn Original Soundtrack (fire-emblem-radiant-dawn-original-soundtrack)"",""khinsider_album_kind"":""official_or_gamerip"",""khinsider_album_match_score"":100.0,""relevance_score_100"":100.0,""popularity_score_100"":41.12324645792499,""score_100"":76.44929858316999,""popularity_basis"":""BeatHit master-list game rank plus track position proxy""}"
97,026 - Ideals Clash.mp3,Unknown credited artist,[],Fire Emblem Radiant Dawn Complete (fire-emblem-radiant-dawn-complete),,,"[""video game soundtrack""]","[""und""]",,,,Fire Emblem: Radiant Dawn,,,khinsider_track_prominence_proxy,45.53324645792499,score_0_100,,,,76.41329858316999,,,,https://downloads.khinsider.com/game-soundtracks/album/fire-emblem-radiant-dawn-complete,2026-10-05,Track title is taken from KHInsider's soundtrack/gamerip album index. Popularity is an explicitly labelled proxy based on BeatHit game rank and track prominence.,"{""culture_category"":""video_game_music"",""video_game"":""Fire Emblem: Radiant Dawn"",""game_rank"":466,""game_association_kind"":""khinsider_game_soundtrack"",""khinsider_album_url"":""https://downloads.khinsider.com/game-soundtracks/album/fire-emblem-radiant-dawn-complete"",""khinsider_album_title"":""Fire Emblem Radiant Dawn Complete (fire-emblem-radiant-dawn-complete)"",""khinsider_album_kind"":""unclassified_game_album"",""khinsider_album_match_score"":100.0,""relevance_score_100"":97.0,""popularity_score_100"":45.53324645792499,""score_100"":76.41329858316999,""popularity_basis"":""BeatHit master-list game rank plus track position proxy""}"
98,Empress Sanaki,Unknown credited artist,[],Fire Emblem: Radiant Dawn Original Soundtrack (fire-emblem-radiant-dawn-original-soundtrack),,,"[""video game soundtrack""]","[""und""]",,,,Fire Emblem: Radiant Dawn,,,khinsider_track_prominence_proxy,40.91324645792499,score_0_100,,,,76.36529858317,,,,https://downloads.khinsider.com/game-soundtracks/album/fire-emblem-radiant-dawn-original-soundtrack,2026-10-05,Track title is taken from KHInsider's soundtrack/gamerip album index. Popularity is an explicitly labelled proxy based on BeatHit game rank and track prominence.,"{""culture_category"":""video_game_music"",""video_game"":""Fire Emblem: Radiant Dawn"",""game_rank"":466,""game_association_kind"":""khinsider_game_soundtrack"",""khinsider_album_url"":""https://downloads.khinsider.com/game-soundtracks/album/fire-emblem-radiant-dawn-original-soundtrack"",""khinsider_album_title"":""Fire Emblem: Radiant Dawn Original Soundtrack (fire-emblem-radiant-dawn-original-soundtrack)"",""khinsider_album_kind"":""official_or_gamerip"",""khinsider_album_match_score"":100.0,""relevance_score_100"":100.0,""popularity_score_100"":40.91324645792499,""score_100"":76.36529858317,""popularity_basis"":""BeatHit master-list game rank plus track position proxy""}"
99,027 - The Strong.mp3,Unknown credited artist,[],Fire Emblem Radiant Dawn Complete (fire-emblem-radiant-dawn-complete),,,"[""video game soundtrack""]","[""und""]",,,,Fire Emblem: Radiant Dawn,,,khinsider_track_prominence_proxy,45.323246457924995,score_0_100,,,,76.32929858316999,,,,https://downloads.khinsider.com/game-soundtracks/album/fire-emblem-radiant-dawn-complete,2026-10-05,Track title is taken from KHInsider's soundtrack/gamerip album index. Popularity is an explicitly labelled proxy based on BeatHit game rank and track prominence.,"{""culture_category"":""video_game_music"",""video_game"":""Fire Emblem: Radiant Dawn"",""game_rank"":466,""game_association_kind"":""khinsider_game_soundtrack"",""khinsider_album_url"":""https://downloads.khinsider.com/game-soundtracks/album/fire-emblem-radiant-dawn-complete"",""khinsider_album_title"":""Fire Emblem Radiant Dawn Complete (fire-emblem-radiant-dawn-complete)"",""khinsider_album_kind"":""unclassified_game_album"",""khinsider_album_match_score"":100.0,""relevance_score_100"":97.0,""popularity_score_100"":45.323246457924995,""score_100"":76.32929858316999,""popularity_basis"":""BeatHit master-list game rank plus track position proxy""}"
100,Zelgius the Brave,Unknown credited artist,[],Fire Emblem: Radiant Dawn Original Soundtrack (fire-emblem-radiant-dawn-original-soundtrack),,,"[""video game soundtrack""]","[""und""]",,,,Fire Emblem: Radiant Dawn,,,khinsider_track_prominence_proxy,40.70324645792499,score_0_100,,,,76.28129858317,,,,https://downloads.khinsider.com/game-soundtracks/album/fire-emblem-radiant-dawn-original-soundtrack,2026-10-05,Track title is taken from KHInsider's soundtrack/gamerip album index. Popularity is an explicitly labelled proxy based on BeatHit game rank and track prominence.,"{""culture_category"":""video_game_music"",""video_game"":""Fire Emblem: Radiant Dawn"",""game_rank"":466,""game_association_kind"":""khinsider_game_soundtrack"",""khinsider_album_url"":""https://downloads.khinsider.com/game-soundtracks/album/fire-emblem-radiant-dawn-original-soundtrack"",""khinsider_album_title"":""Fire Emblem: Radiant Dawn Original Soundtrack (fire-emblem-radiant-dawn-original-soundtrack)"",""khinsider_album_kind"":""official_or_gamerip"",""khinsider_album_match_score"":100.0,""relevance_score_100"":100.0,""popularity_score_100"":40.70324645792499,""score_100"":76.28129858317,""popularity_basis"":""BeatHit master-list game rank plus track position proxy""}"
101,028 - Wisdom Of Ages.mp3,Unknown credited artist,[],Fire Emblem Radiant Dawn Complete (fire-emblem-radiant-dawn-complete),,,"[""video game soundtrack""]","[""und""]",,,,Fire Emblem: Radiant Dawn,,,khinsider_track_prominence_proxy,45.11324645792499,score_0_100,,,,76.24529858316998,,,,https://downloads.khinsider.com/game-soundtracks/album/fire-emblem-radiant-dawn-complete,2026-10-05,Track title is taken from KHInsider's soundtrack/gamerip album index. Popularity is an explicitly labelled proxy based on BeatHit game rank and track prominence.,"{""culture_category"":""video_game_music"",""video_game"":""Fire Emblem: Radiant Dawn"",""game_rank"":466,""game_association_kind"":""khinsider_game_soundtrack"",""khinsider_album_url"":""https://downloads.khinsider.com/game-soundtracks/album/fire-emblem-radiant-dawn-complete"",""khinsider_album_title"":""Fire Emblem Radiant Dawn Complete (fire-emblem-radiant-dawn-complete)"",""khinsider_album_kind"":""unclassified_game_album"",""khinsider_album_match_score"":100.0,""relevance_score_100"":97.0,""popularity_score_100"":45.11324645792499,""score_100"":76.24529858316998,""popularity_basis"":""BeatHit master-list game rank plus track position proxy""}"
102,Oliver's Fall,Unknown credited artist,[],Fire Emblem: Radiant Dawn Original Soundtrack (fire-emblem-radiant-dawn-original-soundtrack),,,"[""video game soundtrack""]","[""und""]",,,,Fire Emblem: Radiant Dawn,,,khinsider_track_prominence_proxy,40.493246457925,score_0_100,,,,76.19729858317,,,,https://downloads.khinsider.com/game-soundtracks/album/fire-emblem-radiant-dawn-original-soundtrack,2026-10-05,Track title is taken from KHInsider's soundtrack/gamerip album index. Popularity is an explicitly labelled proxy based on BeatHit game rank and track prominence.,"{""culture_category"":""video_game_music"",""video_game"":""Fire Emblem: Radiant Dawn"",""game_rank"":466,""game_association_kind"":""khinsider_game_soundtrack"",""khinsider_album_url"":""https://downloads.khinsider.com/game-soundtracks/album/fire-emblem-radiant-dawn-original-soundtrack"",""khinsider_album_title"":""Fire Emblem: Radiant Dawn Original Soundtrack (fire-emblem-radiant-dawn-original-soundtrack)"",""khinsider_album_kind"":""official_or_gamerip"",""khinsider_album_match_score"":100.0,""relevance_score_100"":100.0,""popularity_score_100"":40.493246457925,""score_100"":76.19729858317,""popularity_basis"":""BeatHit master-list game rank plus track position proxy""}"
103,029 - Origin's End.mp3,Unknown credited artist,[],Fire Emblem Radiant Dawn Complete (fire-emblem-radiant-dawn-complete),,,"[""video game soundtrack""]","[""und""]",,,,Fire Emblem: Radiant Dawn,,,khinsider_track_prominence_proxy,44.90324645792499,score_0_100,,,,76.16129858317,,,,https://downloads.khinsider.com/game-soundtracks/album/fire-emblem-radiant-dawn-complete,2026-10-05,Track title is taken from KHInsider's soundtrack/gamerip album index. Popularity is an explicitly labelled proxy based on BeatHit game rank and track prominence.,"{""culture_category"":""video_game_music"",""video_game"":""Fire Emblem: Radiant Dawn"",""game_rank"":466,""game_association_kind"":""khinsider_game_soundtrack"",""khinsider_album_url"":""https://downloads.khinsider.com/game-soundtracks/album/fire-emblem-radiant-dawn-complete"",""khinsider_album_title"":""Fire Emblem Radiant Dawn Complete (fire-emblem-radiant-dawn-complete)"",""khinsider_album_kind"":""unclassified_game_album"",""khinsider_album_match_score"":100.0,""relevance_score_100"":97.0,""popularity_score_100"":44.90324645792499,""score_100"":76.16129858317,""popularity_basis"":""BeatHit master-list game rank plus track position proxy""}"
104,Queen Elincia,Unknown credited artist,[],Fire Emblem: Radiant Dawn Original Soundtrack (fire-emblem-radiant-dawn-original-soundtrack),,,"[""video game soundtrack""]","[""und""]",,,,Fire Emblem: Radiant Dawn,,,khinsider_track_prominence_proxy,40.28324645792499,score_0_100,,,,76.11329858316999,,,,https://downloads.khinsider.com/game-soundtracks/album/fire-emblem-radiant-dawn-original-soundtrack,2026-10-05,Track title is taken from KHInsider's soundtrack/gamerip album index. Popularity is an explicitly labelled proxy based on BeatHit game rank and track prominence.,"{""culture_category"":""video_game_music"",""video_game"":""Fire Emblem: Radiant Dawn"",""game_rank"":466,""game_association_kind"":""khinsider_game_soundtrack"",""khinsider_album_url"":""https://downloads.khinsider.com/game-soundtracks/album/fire-emblem-radiant-dawn-original-soundtrack"",""khinsider_album_title"":""Fire Emblem: Radiant Dawn Original Soundtrack (fire-emblem-radiant-dawn-original-soundtrack)"",""khinsider_album_kind"":""official_or_gamerip"",""khinsider_album_match_score"":100.0,""relevance_score_100"":100.0,""popularity_score_100"":40.28324645792499,""score_100"":76.11329858316999,""popularity_basis"":""BeatHit master-list game rank plus track position proxy""}"
105,030 - Beauty Is A Mad Mistress.mp3,Unknown credited artist,[],Fire Emblem Radiant Dawn Complete (fire-emblem-radiant-dawn-complete),,,"[""video game soundtrack""]","[""und""]",,,,Fire Emblem: Radiant Dawn,,,khinsider_track_prominence_proxy,44.693246457924985,score_0_100,,,,76.07729858316999,,,,https://downloads.khinsider.com/game-soundtracks/album/fire-emblem-radiant-dawn-complete,2026-10-05,Track title is taken from KHInsider's soundtrack/gamerip album index. Popularity is an explicitly labelled proxy based on BeatHit game rank and track prominence.,"{""culture_category"":""video_game_music"",""video_game"":""Fire Emblem: Radiant Dawn"",""game_rank"":466,""game_association_kind"":""khinsider_game_soundtrack"",""khinsider_album_url"":""https://downloads.khinsider.com/game-soundtracks/album/fire-emblem-radiant-dawn-complete"",""khinsider_album_title"":""Fire Emblem Radiant Dawn Complete (fire-emblem-radiant-dawn-complete)"",""khinsider_album_kind"":""unclassified_game_album"",""khinsider_album_match_score"":100.0,""relevance_score_100"":97.0,""popularity_score_100"":44.693246457924985,""score_100"":76.07729858316999,""popularity_basis"":""BeatHit master-list game rank plus track position proxy""}"
106,"Caineghis, King of Lions",Unknown credited artist,[],Fire Emblem: Radiant Dawn Original Soundtrack (fire-emblem-radiant-dawn-original-soundtrack),,,"[""video game soundtrack""]","[""und""]",,,,Fire Emblem: Radiant Dawn,,,khinsider_track_prominence_proxy,40.073246457924995,score_0_100,,,,76.02929858317,,,,https://downloads.khinsider.com/game-soundtracks/album/fire-emblem-radiant-dawn-original-soundtrack,2026-10-05,Track title is taken from KHInsider's soundtrack/gamerip album index. Popularity is an explicitly labelled proxy based on BeatHit game rank and track prominence.,"{""culture_category"":""video_game_music"",""video_game"":""Fire Emblem: Radiant Dawn"",""game_rank"":466,""game_association_kind"":""khinsider_game_soundtrack"",""khinsider_album_url"":""https://downloads.khinsider.com/game-soundtracks/album/fire-emblem-radiant-dawn-original-soundtrack"",""khinsider_album_title"":""Fire Emblem: Radiant Dawn Original Soundtrack (fire-emblem-radiant-dawn-original-soundtrack)"",""khinsider_album_kind"":""official_or_gamerip"",""khinsider_album_match_score"":100.0,""relevance_score_100"":100.0,""popularity_score_100"":40.073246457924995,""score_100"":76.02929858317,""popularity_basis"":""BeatHit master-list game rank plus track position proxy""}"
107,031 - Unstoppable Destiny.mp3,Unknown credited artist,[],Fire Emblem Radiant Dawn Complete (fire-emblem-radiant-dawn-complete),,,"[""video game soundtrack""]","[""und""]",,,,Fire Emblem: Radiant Dawn,,,khinsider_track_prominence_proxy,44.48324645792499,score_0_100,,,,75.99329858316999,,,,https://downloads.khinsider.com/game-soundtracks/album/fire-emblem-radiant-dawn-complete,2026-10-05,Track title is taken from KHInsider's soundtrack/gamerip album index. Popularity is an explicitly labelled proxy based on BeatHit game rank and track prominence.,"{""culture_category"":""video_game_music"",""video_game"":""Fire Emblem: Radiant Dawn"",""game_rank"":466,""game_association_kind"":""khinsider_game_soundtrack"",""khinsider_album_url"":""https://downloads.khinsider.com/game-soundtracks/album/fire-emblem-radiant-dawn-complete"",""khinsider_album_title"":""Fire Emblem Radiant Dawn Complete (fire-emblem-radiant-dawn-complete)"",""khinsider_album_kind"":""unclassified_game_album"",""khinsider_album_match_score"":100.0,""relevance_score_100"":97.0,""popularity_score_100"":44.48324645792499,""score_100"":75.99329858316999,""popularity_basis"":""BeatHit master-list game rank plus track position proxy""}"
108,Tranquility of Goldoa,Unknown credited artist,[],Fire Emblem: Radiant Dawn Original Soundtrack (fire-emblem-radiant-dawn-original-soundtrack),,,"[""video game soundtrack""]","[""und""]",,,,Fire Emblem: Radiant Dawn,,,khinsider_track_prominence_proxy,39.86324645792499,score_0_100,,,,75.94529858317,,,,https://downloads.khinsider.com/game-soundtracks/album/fire-emblem-radiant-dawn-original-soundtrack,2026-10-05,Track title is taken from KHInsider's soundtrack/gamerip album index. Popularity is an explicitly labelled proxy based on BeatHit game rank and track prominence.,"{""culture_category"":""video_game_music"",""video_game"":""Fire Emblem: Radiant Dawn"",""game_rank"":466,""game_association_kind"":""khinsider_game_soundtrack"",""khinsider_album_url"":""https://downloads.khinsider.com/game-soundtracks/album/fire-emblem-radiant-dawn-original-soundtrack"",""khinsider_album_title"":""Fire Emblem: Radiant Dawn Original Soundtrack (fire-emblem-radiant-dawn-original-soundtrack)"",""khinsider_album_kind"":""official_or_gamerip"",""khinsider_album_match_score"":100.0,""relevance_score_100"":100.0,""popularity_score_100"":39.86324645792499,""score_100"":75.94529858317,""popularity_basis"":""BeatHit master-list game rank plus track position proxy""}"
109,032 - King Of The Sky.mp3,Unknown credited artist,[],Fire Emblem Radiant Dawn Complete (fire-emblem-radiant-dawn-complete),,,"[""video game soundtrack""]","[""und""]",,,,Fire Emblem: Radiant Dawn,,,khinsider_track_prominence_proxy,44.273246457925,score_0_100,,,,75.90929858317,,,,https://downloads.khinsider.com/game-soundtracks/album/fire-emblem-radiant-dawn-complete,2026-10-05,Track title is taken from KHInsider's soundtrack/gamerip album index. Popularity is an explicitly labelled proxy based on BeatHit game rank and track prominence.,"{""culture_category"":""video_game_music"",""video_game"":""Fire Emblem: Radiant Dawn"",""game_rank"":466,""game_association_kind"":""khinsider_game_soundtrack"",""khinsider_album_url"":""https://downloads.khinsider.com/game-soundtracks/album/fire-emblem-radiant-dawn-complete"",""khinsider_album_title"":""Fire Emblem Radiant Dawn Complete (fire-emblem-radiant-dawn-complete)"",""khinsider_album_kind"":""unclassified_game_album"",""khinsider_album_match_score"":100.0,""relevance_score_100"":97.0,""popularity_score_100"":44.273246457925,""score_100"":75.90929858317,""popularity_basis"":""BeatHit master-list game rank plus track position proxy""}"
110,Skrimir's Pride,Unknown credited artist,[],Fire Emblem: Radiant Dawn Original Soundtrack (fire-emblem-radiant-dawn-original-soundtrack),,,"[""video game soundtrack""]","[""und""]",,,,Fire Emblem: Radiant Dawn,,,khinsider_track_prominence_proxy,39.65324645792499,score_0_100,,,,75.86129858317,,,,https://downloads.khinsider.com/game-soundtracks/album/fire-emblem-radiant-dawn-original-soundtrack,2026-10-05,Track title is taken from KHInsider's soundtrack/gamerip album index. Popularity is an explicitly labelled proxy based on BeatHit game rank and track prominence.,"{""culture_category"":""video_game_music"",""video_game"":""Fire Emblem: Radiant Dawn"",""game_rank"":466,""game_association_kind"":""khinsider_game_soundtrack"",""khinsider_album_url"":""https://downloads.khinsider.com/game-soundtracks/album/fire-emblem-radiant-dawn-original-soundtrack"",""khinsider_album_title"":""Fire Emblem: Radiant Dawn Original Soundtrack (fire-emblem-radiant-dawn-original-soundtrack)"",""khinsider_album_kind"":""official_or_gamerip"",""khinsider_album_match_score"":100.0,""relevance_score_100"":100.0,""popularity_score_100"":39.65324645792499,""score_100"":75.86129858317,""popularity_basis"":""BeatHit master-list game rank plus track position proxy""}"
111,033 - Wheeling Corby.mp3,Unknown credited artist,[],Fire Emblem Radiant Dawn Complete (fire-emblem-radiant-dawn-complete),,,"[""video game soundtrack""]","[""und""]",,,,Fire Emblem: Radiant Dawn,,,khinsider_track_prominence_proxy,44.06324645792499,score_0_100,,,,75.82529858317,,,,https://downloads.khinsider.com/game-soundtracks/album/fire-emblem-radiant-dawn-complete,2026-10-05,Track title is taken from KHInsider's soundtrack/gamerip album index. Popularity is an explicitly labelled proxy based on BeatHit game rank and track prominence.,"{""culture_category"":""video_game_music"",""video_game"":""Fire Emblem: Radiant Dawn"",""game_rank"":466,""game_association_kind"":""khinsider_game_soundtrack"",""khinsider_album_url"":""https://downloads.khinsider.com/game-soundtracks/album/fire-emblem-radiant-dawn-complete"",""khinsider_album_title"":""Fire Emblem Radiant Dawn Complete (fire-emblem-radiant-dawn-complete)"",""khinsider_album_kind"":""unclassified_game_album"",""khinsider_album_match_score"":100.0,""relevance_score_100"":97.0,""popularity_score_100"":44.06324645792499,""score_100"":75.82529858317,""popularity_basis"":""BeatHit master-list game rank plus track position proxy""}"
112,The Black Knight Lives,Unknown credited artist,[],Fire Emblem: Radiant Dawn Original Soundtrack (fire-emblem-radiant-dawn-original-soundtrack),,,"[""video game soundtrack""]","[""und""]",,,,Fire Emblem: Radiant Dawn,,,khinsider_track_prominence_proxy,39.44324645792499,score_0_100,,,,75.77729858317,,,,https://downloads.khinsider.com/game-soundtracks/album/fire-emblem-radiant-dawn-original-soundtrack,2026-10-05,Track title is taken from KHInsider's soundtrack/gamerip album index. Popularity is an explicitly labelled proxy based on BeatHit game rank and track prominence.,"{""culture_category"":""video_game_music"",""video_game"":""Fire Emblem: Radiant Dawn"",""game_rank"":466,""game_association_kind"":""khinsider_game_soundtrack"",""khinsider_album_url"":""https://downloads.khinsider.com/game-soundtracks/album/fire-emblem-radiant-dawn-original-soundtrack"",""khinsider_album_title"":""Fire Emblem: Radiant Dawn Original Soundtrack (fire-emblem-radiant-dawn-original-soundtrack)"",""khinsider_album_kind"":""official_or_gamerip"",""khinsider_album_match_score"":100.0,""relevance_score_100"":100.0,""popularity_score_100"":39.44324645792499,""score_100"":75.77729858317,""popularity_basis"":""BeatHit master-list game rank plus track position proxy""}"
113,034 - March Of The Lion King.mp3,Unknown credited artist,[],Fire Emblem Radiant Dawn Complete (fire-emblem-radiant-dawn-complete),,,"[""video game soundtrack""]","[""und""]",,,,Fire Emblem: Radiant Dawn,,,khinsider_track_prominence_proxy,43.853246457924996,score_0_100,,,,75.74129858316999,,,,https://downloads.khinsider.com/game-soundtracks/album/fire-emblem-radiant-dawn-complete,2026-10-05,Track title is taken from KHInsider's soundtrack/gamerip album index. Popularity is an explicitly labelled proxy based on BeatHit game rank and track prominence.,"{""culture_category"":""video_game_music"",""video_game"":""Fire Emblem: Radiant Dawn"",""game_rank"":466,""game_association_kind"":""khinsider_game_soundtrack"",""khinsider_album_url"":""https://downloads.khinsider.com/game-soundtracks/album/fire-emblem-radiant-dawn-complete"",""khinsider_album_title"":""Fire Emblem Radiant Dawn Complete (fire-emblem-radiant-dawn-complete)"",""khinsider_album_kind"":""unclassified_game_album"",""khinsider_album_match_score"":100.0,""relevance_score_100"":97.0,""popularity_score_100"":43.853246457924996,""score_100"":75.74129858316999,""popularity_basis"":""BeatHit master-list game rank plus track position proxy""}"
114,Sephiran's Sorrow,Unknown credited artist,[],Fire Emblem: Radiant Dawn Original Soundtrack (fire-emblem-radiant-dawn-original-soundtrack),,,"[""video game soundtrack""]","[""und""]",,,,Fire Emblem: Radiant Dawn,,,khinsider_track_prominence_proxy,39.23324645792499,score_0_100,,,,75.69329858316999,,,,https://downloads.khinsider.com/game-soundtracks/album/fire-emblem-radiant-dawn-original-soundtrack,2026-10-05,Track title is taken from KHInsider's soundtrack/gamerip album index. Popularity is an explicitly labelled proxy based on BeatHit game rank and track prominence.,"{""culture_category"":""video_game_music"",""video_game"":""Fire Emblem: Radiant Dawn"",""game_rank"":466,""game_association_kind"":""khinsider_game_soundtrack"",""khinsider_album_url"":""https://downloads.khinsider.com/game-soundtracks/album/fire-emblem-radiant-dawn-original-soundtrack"",""khinsider_album_title"":""Fire Emblem: Radiant Dawn Original Soundtrack (fire-emblem-radiant-dawn-original-soundtrack)"",""khinsider_album_kind"":""official_or_gamerip"",""khinsider_album_match_score"":100.0,""relevance_score_100"":100.0,""popularity_score_100"":39.23324645792499,""score_100"":75.69329858316999,""popularity_basis"":""BeatHit master-list game rank plus track position proxy""}"
115,035 - The Pledge.mp3,Unknown credited artist,[],Fire Emblem Radiant Dawn Complete (fire-emblem-radiant-dawn-complete),,,"[""video game soundtrack""]","[""und""]",,,,Fire Emblem: Radiant Dawn,,,khinsider_track_prominence_proxy,43.643246457924995,score_0_100,,,,75.65729858316999,,,,https://downloads.khinsider.com/game-soundtracks/album/fire-emblem-radiant-dawn-complete,2026-10-05,Track title is taken from KHInsider's soundtrack/gamerip album index. Popularity is an explicitly labelled proxy based on BeatHit game rank and track prominence.,"{""culture_category"":""video_game_music"",""video_game"":""Fire Emblem: Radiant Dawn"",""game_rank"":466,""game_association_kind"":""khinsider_game_soundtrack"",""khinsider_album_url"":""https://downloads.khinsider.com/game-soundtracks/album/fire-emblem-radiant-dawn-complete"",""khinsider_album_title"":""Fire Emblem Radiant Dawn Complete (fire-emblem-radiant-dawn-complete)"",""khinsider_album_kind"":""unclassified_game_album"",""khinsider_album_match_score"":100.0,""relevance_score_100"":97.0,""popularity_score_100"":43.643246457924995,""score_100"":75.65729858316999,""popularity_basis"":""BeatHit master-list game rank plus track position proxy""}"
116,Darkness Eternal,Unknown credited artist,[],Fire Emblem: Radiant Dawn Original Soundtrack (fire-emblem-radiant-dawn-original-soundtrack),,,"[""video game soundtrack""]","[""und""]",,,,Fire Emblem: Radiant Dawn,,,khinsider_track_prominence_proxy,39.02324645792499,score_0_100,,,,75.60929858317,,,,https://downloads.khinsider.com/game-soundtracks/album/fire-emblem-radiant-dawn-original-soundtrack,2026-10-05,Track title is taken from KHInsider's soundtrack/gamerip album index. Popularity is an explicitly labelled proxy based on BeatHit game rank and track prominence.,"{""culture_category"":""video_game_music"",""video_game"":""Fire Emblem: Radiant Dawn"",""game_rank"":466,""game_association_kind"":""khinsider_game_soundtrack"",""khinsider_album_url"":""https://downloads.khinsider.com/game-soundtracks/album/fire-emblem-radiant-dawn-original-soundtrack"",""khinsider_album_title"":""Fire Emblem: Radiant Dawn Original Soundtrack (fire-emblem-radiant-dawn-original-soundtrack)"",""khinsider_album_kind"":""official_or_gamerip"",""khinsider_album_match_score"":100.0,""relevance_score_100"":100.0,""popularity_score_100"":39.02324645792499,""score_100"":75.60929858317,""popularity_basis"":""BeatHit master-list game rank plus track position proxy""}"
117,036 - Threat Of War.mp3,Unknown credited artist,[],Fire Emblem Radiant Dawn Complete (fire-emblem-radiant-dawn-complete),,,"[""video game soundtrack""]","[""und""]",,,,Fire Emblem: Radiant Dawn,,,khinsider_track_prominence_proxy,43.433246457924994,score_0_100,,,,75.57329858316999,,,,https://downloads.khinsider.com/game-soundtracks/album/fire-emblem-radiant-dawn-complete,2026-10-05,Track title is taken from KHInsider's soundtrack/gamerip album index. Popularity is an explicitly labelled proxy based on BeatHit game rank and track prominence.,"{""culture_category"":""video_game_music"",""video_game"":""Fire Emblem: Radiant Dawn"",""game_rank"":466,""game_association_kind"":""khinsider_game_soundtrack"",""khinsider_album_url"":""https://downloads.khinsider.com/game-soundtracks/album/fire-emblem-radiant-dawn-complete"",""khinsider_album_title"":""Fire Emblem Radiant Dawn Complete (fire-emblem-radiant-dawn-complete)"",""khinsider_album_kind"":""unclassified_game_album"",""khinsider_album_match_score"":100.0,""relevance_score_100"":97.0,""popularity_score_100"":43.433246457924994,""score_100"":75.57329858316999,""popularity_basis"":""BeatHit master-list game rank plus track position proxy""}"
118,Rafiel's Aria,Unknown credited artist,[],Fire Emblem: Radiant Dawn Original Soundtrack (fire-emblem-radiant-dawn-original-soundtrack),,,"[""video game soundtrack""]","[""und""]",,,,Fire Emblem: Radiant Dawn,,,khinsider_track_prominence_proxy,38.81324645792499,score_0_100,,,,75.52529858317,,,,https://downloads.khinsider.com/game-soundtracks/album/fire-emblem-radiant-dawn-original-soundtrack,2026-10-05,Track title is taken from KHInsider's soundtrack/gamerip album index. Popularity is an explicitly labelled proxy based on BeatHit game rank and track prominence.,"{""culture_category"":""video_game_music"",""video_game"":""Fire Emblem: Radiant Dawn"",""game_rank"":466,""game_association_kind"":""khinsider_game_soundtrack"",""khinsider_album_url"":""https://downloads.khinsider.com/game-soundtracks/album/fire-emblem-radiant-dawn-original-soundtrack"",""khinsider_album_title"":""Fire Emblem: Radiant Dawn Original Soundtrack (fire-emblem-radiant-dawn-original-soundtrack)"",""khinsider_album_kind"":""official_or_gamerip"",""khinsider_album_match_score"":100.0,""relevance_score_100"":100.0,""popularity_score_100"":38.81324645792499,""score_100"":75.52529858317,""popularity_basis"":""BeatHit master-list game rank plus track position proxy""}"
119,037 - Tension.mp3,Unknown credited artist,[],Fire Emblem Radiant Dawn Complete (fire-emblem-radiant-dawn-complete),,,"[""video game soundtrack""]","[""und""]",,,,Fire Emblem: Radiant Dawn,,,khinsider_track_prominence_proxy,43.22324645792499,score_0_100,,,,75.48929858317,,,,https://downloads.khinsider.com/game-soundtracks/album/fire-emblem-radiant-dawn-complete,2026-10-05,Track title is taken from KHInsider's soundtrack/gamerip album index. Popularity is an explicitly labelled proxy based on BeatHit game rank and track prominence.,"{""culture_category"":""video_game_music"",""video_game"":""Fire Emblem: Radiant Dawn"",""game_rank"":466,""game_association_kind"":""khinsider_game_soundtrack"",""khinsider_album_url"":""https://downloads.khinsider.com/game-soundtracks/album/fire-emblem-radiant-dawn-complete"",""khinsider_album_title"":""Fire Emblem Radiant Dawn Complete (fire-emblem-radiant-dawn-complete)"",""khinsider_album_kind"":""unclassified_game_album"",""khinsider_album_match_score"":100.0,""relevance_score_100"":97.0,""popularity_score_100"":43.22324645792499,""score_100"":75.48929858317,""popularity_basis"":""BeatHit master-list game rank plus track position proxy""}"
120,Repose of Souls,Unknown credited artist,[],Fire Emblem: Radiant Dawn Original Soundtrack (fire-emblem-radiant-dawn-original-soundtrack),,,"[""video game soundtrack""]","[""und""]",,,,Fire Emblem: Radiant Dawn,,,khinsider_track_prominence_proxy,38.60324645792499,score_0_100,,,,75.44129858317,,,,https://downloads.khinsider.com/game-soundtracks/album/fire-emblem-radiant-dawn-original-soundtrack,2026-10-05,Track title is taken from KHInsider's soundtrack/gamerip album index. Popularity is an explicitly labelled proxy based on BeatHit game rank and track prominence.,"{""culture_category"":""video_game_music"",""video_game"":""Fire Emblem: Radiant Dawn"",""game_rank"":466,""game_association_kind"":""khinsider_game_soundtrack"",""khinsider_album_url"":""https://downloads.khinsider.com/game-soundtracks/album/fire-emblem-radiant-dawn-original-soundtrack"",""khinsider_album_title"":""Fire Emblem: Radiant Dawn Original Soundtrack (fire-emblem-radiant-dawn-original-soundtrack)"",""khinsider_album_kind"":""official_or_gamerip"",""khinsider_album_match_score"":100.0,""relevance_score_100"":100.0,""popularity_score_100"":38.60324645792499,""score_100"":75.44129858317,""popularity_basis"":""BeatHit master-list game rank plus track position proxy""}"
121,037A - Tension (Alternate Version).mp3,Unknown credited artist,[],Fire Emblem Radiant Dawn Complete (fire-emblem-radiant-dawn-complete),,,"[""video game soundtrack""]","[""und""]",,,,Fire Emblem: Radiant Dawn,,,khinsider_track_prominence_proxy,43.01324645792499,score_0_100,,,,75.40529858317,,,,https://downloads.khinsider.com/game-soundtracks/album/fire-emblem-radiant-dawn-complete,2026-10-05,Track title is taken from KHInsider's soundtrack/gamerip album index. Popularity is an explicitly labelled proxy based on BeatHit game rank and track prominence.,"{""culture_category"":""video_game_music"",""video_game"":""Fire Emblem: Radiant Dawn"",""game_rank"":466,""game_association_kind"":""khinsider_game_soundtrack"",""khinsider_album_url"":""https://downloads.khinsider.com/game-soundtracks/album/fire-emblem-radiant-dawn-complete"",""khinsider_album_title"":""Fire Emblem Radiant Dawn Complete (fire-emblem-radiant-dawn-complete)"",""khinsider_album_kind"":""unclassified_game_album"",""khinsider_album_match_score"":100.0,""relevance_score_100"":97.0,""popularity_score_100"":43.01324645792499,""score_100"":75.40529858317,""popularity_basis"":""BeatHit master-list game rank plus track position proxy""}"
122,Grace,Unknown credited artist,[],Fire Emblem: Radiant Dawn Original Soundtrack (fire-emblem-radiant-dawn-original-soundtrack),,,"[""video game soundtrack""]","[""und""]",,,,Fire Emblem: Radiant Dawn,,,khinsider_track_prominence_proxy,38.39324645792499,score_0_100,,,,75.35729858316999,,,,https://downloads.khinsider.com/game-soundtracks/album/fire-emblem-radiant-dawn-original-soundtrack,2026-10-05,Track title is taken from KHInsider's soundtrack/gamerip album index. Popularity is an explicitly labelled proxy based on BeatHit game rank and track prominence.,"{""culture_category"":""video_game_music"",""video_game"":""Fire Emblem: Radiant Dawn"",""game_rank"":466,""game_association_kind"":""khinsider_game_soundtrack"",""khinsider_album_url"":""https://downloads.khinsider.com/game-soundtracks/album/fire-emblem-radiant-dawn-original-soundtrack"",""khinsider_album_title"":""Fire Emblem: Radiant Dawn Original Soundtrack (fire-emblem-radiant-dawn-original-soundtrack)"",""khinsider_album_kind"":""official_or_gamerip"",""khinsider_album_match_score"":100.0,""relevance_score_100"":100.0,""popularity_score_100"":38.39324645792499,""score_100"":75.35729858316999,""popularity_basis"":""BeatHit master-list game rank plus track position proxy""}"
123,038 - Unease.mp3,Unknown credited artist,[],Fire Emblem Radiant Dawn Complete (fire-emblem-radiant-dawn-complete),,,"[""video game soundtrack""]","[""und""]",,,,Fire Emblem: Radiant Dawn,,,khinsider_track_prominence_proxy,42.80324645792499,score_0_100,,,,75.32129858316999,,,,https://downloads.khinsider.com/game-soundtracks/album/fire-emblem-radiant-dawn-complete,2026-10-05,Track title is taken from KHInsider's soundtrack/gamerip album index. Popularity is an explicitly labelled proxy based on BeatHit game rank and track prominence.,"{""culture_category"":""video_game_music"",""video_game"":""Fire Emblem: Radiant Dawn"",""game_rank"":466,""game_association_kind"":""khinsider_game_soundtrack"",""khinsider_album_url"":""https://downloads.khinsider.com/game-soundtracks/album/fire-emblem-radiant-dawn-complete"",""khinsider_album_title"":""Fire Emblem Radiant Dawn Complete (fire-emblem-radiant-dawn-complete)"",""khinsider_album_kind"":""unclassified_game_album"",""khinsider_album_match_score"":100.0,""relevance_score_100"":97.0,""popularity_score_100"":42.80324645792499,""score_100"":75.32129858316999,""popularity_basis"":""BeatHit master-list game rank plus track position proxy""}"
124,Neutiquam Erro,Unknown credited artist,[],Fire Emblem: Radiant Dawn Original Soundtrack (fire-emblem-radiant-dawn-original-soundtrack),,,"[""video game soundtrack""]","[""und""]",,,,Fire Emblem: Radiant Dawn,,,khinsider_track_prominence_proxy,38.183246457924994,score_0_100,,,,75.27329858317,,,,https://downloads.khinsider.com/game-soundtracks/album/fire-emblem-radiant-dawn-original-soundtrack,2026-10-05,Track title is taken from KHInsider's soundtrack/gamerip album index. Popularity is an explicitly labelled proxy based on BeatHit game rank and track prominence.,"{""culture_category"":""video_game_music"",""video_game"":""Fire Emblem: Radiant Dawn"",""game_rank"":466,""game_association_kind"":""khinsider_game_soundtrack"",""khinsider_album_url"":""https://downloads.khinsider.com/game-soundtracks/album/fire-emblem-radiant-dawn-original-soundtrack"",""khinsider_album_title"":""Fire Emblem: Radiant Dawn Original Soundtrack (fire-emblem-radiant-dawn-original-soundtrack)"",""khinsider_album_kind"":""official_or_gamerip"",""khinsider_album_match_score"":100.0,""relevance_score_100"":100.0,""popularity_score_100"":38.183246457924994,""score_100"":75.27329858317,""popularity_basis"":""BeatHit master-list game rank plus track position proxy""}"
125,039 - Battle Is Joined.mp3,Unknown credited artist,[],Fire Emblem Radiant Dawn Complete (fire-emblem-radiant-dawn-complete),,,"[""video game soundtrack""]","[""und""]",,,,Fire Emblem: Radiant Dawn,,,khinsider_track_prominence_proxy,42.59324645792499,score_0_100,,,,75.23729858316999,,,,https://downloads.khinsider.com/game-soundtracks/album/fire-emblem-radiant-dawn-complete,2026-10-05,Track title is taken from KHInsider's soundtrack/gamerip album index. Popularity is an explicitly labelled proxy based on BeatHit game rank and track prominence.,"{""culture_category"":""video_game_music"",""video_game"":""Fire Emblem: Radiant Dawn"",""game_rank"":466,""game_association_kind"":""khinsider_game_soundtrack"",""khinsider_album_url"":""https://downloads.khinsider.com/game-soundtracks/album/fire-emblem-radiant-dawn-complete"",""khinsider_album_title"":""Fire Emblem Radiant Dawn Complete (fire-emblem-radiant-dawn-complete)"",""khinsider_album_kind"":""unclassified_game_album"",""khinsider_album_match_score"":100.0,""relevance_score_100"":97.0,""popularity_score_100"":42.59324645792499,""score_100"":75.23729858316999,""popularity_basis"":""BeatHit master-list game rank plus track position proxy""}"
126,Urgency Drives Us,Unknown credited artist,[],Fire Emblem: Radiant Dawn Original Soundtrack (fire-emblem-radiant-dawn-original-soundtrack),,,"[""video game soundtrack""]","[""und""]",,,,Fire Emblem: Radiant Dawn,,,khinsider_track_prominence_proxy,37.97324645792499,score_0_100,,,,75.18929858317,,,,https://downloads.khinsider.com/game-soundtracks/album/fire-emblem-radiant-dawn-original-soundtrack,2026-10-05,Track title is taken from KHInsider's soundtrack/gamerip album index. Popularity is an explicitly labelled proxy based on BeatHit game rank and track prominence.,"{""culture_category"":""video_game_music"",""video_game"":""Fire Emblem: Radiant Dawn"",""game_rank"":466,""game_association_kind"":""khinsider_game_soundtrack"",""khinsider_album_url"":""https://downloads.khinsider.com/game-soundtracks/album/fire-emblem-radiant-dawn-original-soundtrack"",""khinsider_album_title"":""Fire Emblem: Radiant Dawn Original Soundtrack (fire-emblem-radiant-dawn-original-soundtrack)"",""khinsider_album_kind"":""official_or_gamerip"",""khinsider_album_match_score"":100.0,""relevance_score_100"":100.0,""popularity_score_100"":37.97324645792499,""score_100"":75.18929858317,""popularity_basis"":""BeatHit master-list game rank plus track position proxy""}"
127,040 - At Peace.mp3,Unknown credited artist,[],Fire Emblem Radiant Dawn Complete (fire-emblem-radiant-dawn-complete),,,"[""video game soundtrack""]","[""und""]",,,,Fire Emblem: Radiant Dawn,,,khinsider_track_prominence_proxy,42.38324645792499,score_0_100,,,,75.15329858317,,,,https://downloads.khinsider.com/game-soundtracks/album/fire-emblem-radiant-dawn-complete,2026-10-05,Track title is taken from KHInsider's soundtrack/gamerip album index. Popularity is an explicitly labelled proxy based on BeatHit game rank and track prominence.,"{""culture_category"":""video_game_music"",""video_game"":""Fire Emblem: Radiant Dawn"",""game_rank"":466,""game_association_kind"":""khinsider_game_soundtrack"",""khinsider_album_url"":""https://downloads.khinsider.com/game-soundtracks/album/fire-emblem-radiant-dawn-complete"",""khinsider_album_title"":""Fire Emblem Radiant Dawn Complete (fire-emblem-radiant-dawn-complete)"",""khinsider_album_kind"":""unclassified_game_album"",""khinsider_album_match_score"":100.0,""relevance_score_100"":97.0,""popularity_score_100"":42.38324645792499,""score_100"":75.15329858317,""popularity_basis"":""BeatHit master-list game rank plus track position proxy""}"
128,Uncharted Fates,Unknown credited artist,[],Fire Emblem: Radiant Dawn Original Soundtrack (fire-emblem-radiant-dawn-original-soundtrack),,,"[""video game soundtrack""]","[""und""]",,,,Fire Emblem: Radiant Dawn,,,khinsider_track_prominence_proxy,37.76324645792499,score_0_100,,,,75.10529858317,,,,https://downloads.khinsider.com/game-soundtracks/album/fire-emblem-radiant-dawn-original-soundtrack,2026-10-05,Track title is taken from KHInsider's soundtrack/gamerip album index. Popularity is an explicitly labelled proxy based on BeatHit game rank and track prominence.,"{""culture_category"":""video_game_music"",""video_game"":""Fire Emblem: Radiant Dawn"",""game_rank"":466,""game_association_kind"":""khinsider_game_soundtrack"",""khinsider_album_url"":""https://downloads.khinsider.com/game-soundtracks/album/fire-emblem-radiant-dawn-original-soundtrack"",""khinsider_album_title"":""Fire Emblem: Radiant Dawn Original Soundtrack (fire-emblem-radiant-dawn-original-soundtrack)"",""khinsider_album_kind"":""official_or_gamerip"",""khinsider_album_match_score"":100.0,""relevance_score_100"":100.0,""popularity_score_100"":37.76324645792499,""score_100"":75.10529858317,""popularity_basis"":""BeatHit master-list game rank plus track position proxy""}"
129,040A - At Peace (Short Version).mp3,Unknown credited artist,[],Fire Emblem Radiant Dawn Complete (fire-emblem-radiant-dawn-complete),,,"[""video game soundtrack""]","[""und""]",,,,Fire Emblem: Radiant Dawn,,,khinsider_track_prominence_proxy,42.17324645792499,score_0_100,,,,75.06929858317,,,,https://downloads.khinsider.com/game-soundtracks/album/fire-emblem-radiant-dawn-complete,2026-10-05,Track title is taken from KHInsider's soundtrack/gamerip album index. Popularity is an explicitly labelled proxy based on BeatHit game rank and track prominence.,"{""culture_category"":""video_game_music"",""video_game"":""Fire Emblem: Radiant Dawn"",""game_rank"":466,""game_association_kind"":""khinsider_game_soundtrack"",""khinsider_album_url"":""https://downloads.khinsider.com/game-soundtracks/album/fire-emblem-radiant-dawn-complete"",""khinsider_album_title"":""Fire Emblem Radiant Dawn Complete (fire-emblem-radiant-dawn-complete)"",""khinsider_album_kind"":""unclassified_game_album"",""khinsider_album_match_score"":100.0,""relevance_score_100"":97.0,""popularity_score_100"":42.17324645792499,""score_100"":75.06929858317,""popularity_basis"":""BeatHit master-list game rank plus track position proxy""}"
130,The Task at Hand,Unknown credited artist,[],Fire Emblem: Radiant Dawn Original Soundtrack (fire-emblem-radiant-dawn-original-soundtrack),,,"[""video game soundtrack""]","[""und""]",,,,Fire Emblem: Radiant Dawn,,,khinsider_track_prominence_proxy,37.55324645792499,score_0_100,,,,75.02129858317,,,,https://downloads.khinsider.com/game-soundtracks/album/fire-emblem-radiant-dawn-original-soundtrack,2026-10-05,Track title is taken from KHInsider's soundtrack/gamerip album index. Popularity is an explicitly labelled proxy based on BeatHit game rank and track prominence.,"{""culture_category"":""video_game_music"",""video_game"":""Fire Emblem: Radiant Dawn"",""game_rank"":466,""game_association_kind"":""khinsider_game_soundtrack"",""khinsider_album_url"":""https://downloads.khinsider.com/game-soundtracks/album/fire-emblem-radiant-dawn-original-soundtrack"",""khinsider_album_title"":""Fire Emblem: Radiant Dawn Original Soundtrack (fire-emblem-radiant-dawn-original-soundtrack)"",""khinsider_album_kind"":""official_or_gamerip"",""khinsider_album_match_score"":100.0,""relevance_score_100"":100.0,""popularity_score_100"":37.55324645792499,""score_100"":75.02129858317,""popularity_basis"":""BeatHit master-list game rank plus track position proxy""}"
131,040B - At Peace (Alternate Version).mp3,Unknown credited artist,[],Fire Emblem Radiant Dawn Complete (fire-emblem-radiant-dawn-complete),,,"[""video game soundtrack""]","[""und""]",,,,Fire Emblem: Radiant Dawn,,,khinsider_track_prominence_proxy,41.963246457924996,score_0_100,,,,74.98529858316999,,,,https://downloads.khinsider.com/game-soundtracks/album/fire-emblem-radiant-dawn-complete,2026-10-05,Track title is taken from KHInsider's soundtrack/gamerip album index. Popularity is an explicitly labelled proxy based on BeatHit game rank and track prominence.,"{""culture_category"":""video_game_music"",""video_game"":""Fire Emblem: Radiant Dawn"",""game_rank"":466,""game_association_kind"":""khinsider_game_soundtrack"",""khinsider_album_url"":""https://downloads.khinsider.com/game-soundtracks/album/fire-emblem-radiant-dawn-complete"",""khinsider_album_title"":""Fire Emblem Radiant Dawn Complete (fire-emblem-radiant-dawn-complete)"",""khinsider_album_kind"":""unclassified_game_album"",""khinsider_album_match_score"":100.0,""relevance_score_100"":97.0,""popularity_score_100"":41.963246457924996,""score_100"":74.98529858316999,""popularity_basis"":""BeatHit master-list game rank plus track position proxy""}"
132,Comfort's Call,Unknown credited artist,[],Fire Emblem: Radiant Dawn Original Soundtrack (fire-emblem-radiant-dawn-original-soundtrack),,,"[""video game soundtrack""]","[""und""]",,,,Fire Emblem: Radiant Dawn,,,khinsider_track_prominence_proxy,37.34324645792499,score_0_100,,,,74.93729858316999,,,,https://downloads.khinsider.com/game-soundtracks/album/fire-emblem-radiant-dawn-original-soundtrack,2026-10-05,Track title is taken from KHInsider's soundtrack/gamerip album index. Popularity is an explicitly labelled proxy based on BeatHit game rank and track prominence.,"{""culture_category"":""video_game_music"",""video_game"":""Fire Emblem: Radiant Dawn"",""game_rank"":466,""game_association_kind"":""khinsider_game_soundtrack"",""khinsider_album_url"":""https://downloads.khinsider.com/game-soundtracks/album/fire-emblem-radiant-dawn-original-soundtrack"",""khinsider_album_title"":""Fire Emblem: Radiant Dawn Original Soundtrack (fire-emblem-radiant-dawn-original-soundtrack)"",""khinsider_album_kind"":""official_or_gamerip"",""khinsider_album_match_score"":100.0,""relevance_score_100"":100.0,""popularity_score_100"":37.34324645792499,""score_100"":74.93729858316999,""popularity_basis"":""BeatHit master-list game rank plus track position proxy""}"
133,041 - Divine Tranquility.mp3,Unknown credited artist,[],Fire Emblem Radiant Dawn Complete (fire-emblem-radiant-dawn-complete),,,"[""video game soundtrack""]","[""und""]",,,,Fire Emblem: Radiant Dawn,,,khinsider_track_prominence_proxy,41.75324645792499,score_0_100,,,,74.90129858316999,,,,https://downloads.khinsider.com/game-soundtracks/album/fire-emblem-radiant-dawn-complete,2026-10-05,Track title is taken from KHInsider's soundtrack/gamerip album index. Popularity is an explicitly labelled proxy based on BeatHit game rank and track prominence.,"{""culture_category"":""video_game_music"",""video_game"":""Fire Emblem: Radiant Dawn"",""game_rank"":466,""game_association_kind"":""khinsider_game_soundtrack"",""khinsider_album_url"":""https://downloads.khinsider.com/game-soundtracks/album/fire-emblem-radiant-dawn-complete"",""khinsider_album_title"":""Fire Emblem Radiant Dawn Complete (fire-emblem-radiant-dawn-complete)"",""khinsider_album_kind"":""unclassified_game_album"",""khinsider_album_match_score"":100.0,""relevance_score_100"":97.0,""popularity_score_100"":41.75324645792499,""score_100"":74.90129858316999,""popularity_basis"":""BeatHit master-list game rank plus track position proxy""}"
134,Backsliding,Unknown credited artist,[],Fire Emblem: Radiant Dawn Original Soundtrack (fire-emblem-radiant-dawn-original-soundtrack),,,"[""video game soundtrack""]","[""und""]",,,,Fire Emblem: Radiant Dawn,,,khinsider_track_prominence_proxy,37.13324645792499,score_0_100,,,,74.85329858317,,,,https://downloads.khinsider.com/game-soundtracks/album/fire-emblem-radiant-dawn-original-soundtrack,2026-10-05,Track title is taken from KHInsider's soundtrack/gamerip album index. Popularity is an explicitly labelled proxy based on BeatHit game rank and track prominence.,"{""culture_category"":""video_game_music"",""video_game"":""Fire Emblem: Radiant Dawn"",""game_rank"":466,""game_association_kind"":""khinsider_game_soundtrack"",""khinsider_album_url"":""https://downloads.khinsider.com/game-soundtracks/album/fire-emblem-radiant-dawn-original-soundtrack"",""khinsider_album_title"":""Fire Emblem: Radiant Dawn Original Soundtrack (fire-emblem-radiant-dawn-original-soundtrack)"",""khinsider_album_kind"":""official_or_gamerip"",""khinsider_album_match_score"":100.0,""relevance_score_100"":100.0,""popularity_score_100"":37.13324645792499,""score_100"":74.85329858317,""popularity_basis"":""BeatHit master-list game rank plus track position proxy""}"
135,042 - Eyes Of Rage.mp3,Unknown credited artist,[],Fire Emblem Radiant Dawn Complete (fire-emblem-radiant-dawn-complete),,,"[""video game soundtrack""]","[""und""]",,,,Fire Emblem: Radiant Dawn,,,khinsider_track_prominence_proxy,41.543246457924994,score_0_100,,,,74.81729858316999,,,,https://downloads.khinsider.com/game-soundtracks/album/fire-emblem-radiant-dawn-complete,2026-10-05,Track title is taken from KHInsider's soundtrack/gamerip album index. Popularity is an explicitly labelled proxy based on BeatHit game rank and track prominence.,"{""culture_category"":""video_game_music"",""video_game"":""Fire Emblem: Radiant Dawn"",""game_rank"":466,""game_association_kind"":""khinsider_game_soundtrack"",""khinsider_album_url"":""https://downloads.khinsider.com/game-soundtracks/album/fire-emblem-radiant-dawn-complete"",""khinsider_album_title"":""Fire Emblem Radiant Dawn Complete (fire-emblem-radiant-dawn-complete)"",""khinsider_album_kind"":""unclassified_game_album"",""khinsider_album_match_score"":100.0,""relevance_score_100"":97.0,""popularity_score_100"":41.543246457924994,""score_100"":74.81729858316999,""popularity_basis"":""BeatHit master-list game rank plus track position proxy""}"
136,Pray for Victory,Unknown credited artist,[],Fire Emblem: Radiant Dawn Original Soundtrack (fire-emblem-radiant-dawn-original-soundtrack),,,"[""video game soundtrack""]","[""und""]",,,,Fire Emblem: Radiant Dawn,,,khinsider_track_prominence_proxy,36.92324645792499,score_0_100,,,,74.76929858317,,,,https://downloads.khinsider.com/game-soundtracks/album/fire-emblem-radiant-dawn-original-soundtrack,2026-10-05,Track title is taken from KHInsider's soundtrack/gamerip album index. Popularity is an explicitly labelled proxy based on BeatHit game rank and track prominence.,"{""culture_category"":""video_game_music"",""video_game"":""Fire Emblem: Radiant Dawn"",""game_rank"":466,""game_association_kind"":""khinsider_game_soundtrack"",""khinsider_album_url"":""https://downloads.khinsider.com/game-soundtracks/album/fire-emblem-radiant-dawn-original-soundtrack"",""khinsider_album_title"":""Fire Emblem: Radiant Dawn Original Soundtrack (fire-emblem-radiant-dawn-original-soundtrack)"",""khinsider_album_kind"":""official_or_gamerip"",""khinsider_album_match_score"":100.0,""relevance_score_100"":100.0,""popularity_score_100"":36.92324645792499,""score_100"":74.76929858317,""popularity_basis"":""BeatHit master-list game rank plus track position proxy""}"
137,042A - Eyes Of Rage (Short Version).mp3,Unknown credited artist,[],Fire Emblem Radiant Dawn Complete (fire-emblem-radiant-dawn-complete),,,"[""video game soundtrack""]","[""und""]",,,,Fire Emblem: Radiant Dawn,,,khinsider_track_prominence_proxy,41.33324645792499,score_0_100,,,,74.73329858317,,,,https://downloads.khinsider.com/game-soundtracks/album/fire-emblem-radiant-dawn-complete,2026-10-05,Track title is taken from KHInsider's soundtrack/gamerip album index. Popularity is an explicitly labelled proxy based on BeatHit game rank and track prominence.,"{""culture_category"":""video_game_music"",""video_game"":""Fire Emblem: Radiant Dawn"",""game_rank"":466,""game_association_kind"":""khinsider_game_soundtrack"",""khinsider_album_url"":""https://downloads.khinsider.com/game-soundtracks/album/fire-emblem-radiant-dawn-complete"",""khinsider_album_title"":""Fire Emblem Radiant Dawn Complete (fire-emblem-radiant-dawn-complete)"",""khinsider_album_kind"":""unclassified_game_album"",""khinsider_album_match_score"":100.0,""relevance_score_100"":97.0,""popularity_score_100"":41.33324645792499,""score_100"":74.73329858317,""popularity_basis"":""BeatHit master-list game rank plus track position proxy""}"
138,Silence Reigns,Unknown credited artist,[],Fire Emblem: Radiant Dawn Original Soundtrack (fire-emblem-radiant-dawn-original-soundtrack),,,"[""video game soundtrack""]","[""und""]",,,,Fire Emblem: Radiant Dawn,,,khinsider_track_prominence_proxy,36.713246457924996,score_0_100,,,,74.68529858317,,,,https://downloads.khinsider.com/game-soundtracks/album/fire-emblem-radiant-dawn-original-soundtrack,2026-10-05,Track title is taken from KHInsider's soundtrack/gamerip album index. Popularity is an explicitly labelled proxy based on BeatHit game rank and track prominence.,"{""culture_category"":""video_game_music"",""video_game"":""Fire Emblem: Radiant Dawn"",""game_rank"":466,""game_association_kind"":""khinsider_game_soundtrack"",""khinsider_album_url"":""https://downloads.khinsider.com/game-soundtracks/album/fire-emblem-radiant-dawn-original-soundtrack"",""khinsider_album_title"":""Fire Emblem: Radiant Dawn Original Soundtrack (fire-emblem-radiant-dawn-original-soundtrack)"",""khinsider_album_kind"":""official_or_gamerip"",""khinsider_album_match_score"":100.0,""relevance_score_100"":100.0,""popularity_score_100"":36.713246457924996,""score_100"":74.68529858317,""popularity_basis"":""BeatHit master-list game rank plus track position proxy""}"
139,043 - Cats At Play.mp3,Unknown credited artist,[],Fire Emblem Radiant Dawn Complete (fire-emblem-radiant-dawn-complete),,,"[""video game soundtrack""]","[""und""]",,,,Fire Emblem: Radiant Dawn,,,khinsider_track_prominence_proxy,41.12324645792499,score_0_100,,,,74.64929858317,,,,https://downloads.khinsider.com/game-soundtracks/album/fire-emblem-radiant-dawn-complete,2026-10-05,Track title is taken from KHInsider's soundtrack/gamerip album index. Popularity is an explicitly labelled proxy based on BeatHit game rank and track prominence.,"{""culture_category"":""video_game_music"",""video_game"":""Fire Emblem: Radiant Dawn"",""game_rank"":466,""game_association_kind"":""khinsider_game_soundtrack"",""khinsider_album_url"":""https://downloads.khinsider.com/game-soundtracks/album/fire-emblem-radiant-dawn-complete"",""khinsider_album_title"":""Fire Emblem Radiant Dawn Complete (fire-emblem-radiant-dawn-complete)"",""khinsider_album_kind"":""unclassified_game_album"",""khinsider_album_match_score"":100.0,""relevance_score_100"":97.0,""popularity_score_100"":41.12324645792499,""score_100"":74.64929858317,""popularity_basis"":""BeatHit master-list game rank plus track position proxy""}"
140,Fading Embers,Unknown credited artist,[],Fire Emblem: Radiant Dawn Original Soundtrack (fire-emblem-radiant-dawn-original-soundtrack),,,"[""video game soundtrack""]","[""und""]",,,,Fire Emblem: Radiant Dawn,,,khinsider_track_prominence_proxy,36.50324645792499,score_0_100,,,,74.60129858316999,,,,https://downloads.khinsider.com/game-soundtracks/album/fire-emblem-radiant-dawn-original-soundtrack,2026-10-05,Track title is taken from KHInsider's soundtrack/gamerip album index. Popularity is an explicitly labelled proxy based on BeatHit game rank and track prominence.,"{""culture_category"":""video_game_music"",""video_game"":""Fire Emblem: Radiant Dawn"",""game_rank"":466,""game_association_kind"":""khinsider_game_soundtrack"",""khinsider_album_url"":""https://downloads.khinsider.com/game-soundtracks/album/fire-emblem-radiant-dawn-original-soundtrack"",""khinsider_album_title"":""Fire Emblem: Radiant Dawn Original Soundtrack (fire-emblem-radiant-dawn-original-soundtrack)"",""khinsider_album_kind"":""official_or_gamerip"",""khinsider_album_match_score"":100.0,""relevance_score_100"":100.0,""popularity_score_100"":36.50324645792499,""score_100"":74.60129858316999,""popularity_basis"":""BeatHit master-list game rank plus track position proxy""}"
141,043A - Cats At Play (Short Version).mp3,Unknown credited artist,[],Fire Emblem Radiant Dawn Complete (fire-emblem-radiant-dawn-complete),,,"[""video game soundtrack""]","[""und""]",,,,Fire Emblem: Radiant Dawn,,,khinsider_track_prominence_proxy,40.91324645792499,score_0_100,,,,74.56529858316999,,,,https://downloads.khinsider.com/game-soundtracks/album/fire-emblem-radiant-dawn-complete,2026-10-05,Track title is taken from KHInsider's soundtrack/gamerip album index. Popularity is an explicitly labelled proxy based on BeatHit game rank and track prominence.,"{""culture_category"":""video_game_music"",""video_game"":""Fire Emblem: Radiant Dawn"",""game_rank"":466,""game_association_kind"":""khinsider_game_soundtrack"",""khinsider_album_url"":""https://downloads.khinsider.com/game-soundtracks/album/fire-emblem-radiant-dawn-complete"",""khinsider_album_title"":""Fire Emblem Radiant Dawn Complete (fire-emblem-radiant-dawn-complete)"",""khinsider_album_kind"":""unclassified_game_album"",""khinsider_album_match_score"":100.0,""relevance_score_100"":97.0,""popularity_score_100"":40.91324645792499,""score_100"":74.56529858316999,""popularity_basis"":""BeatHit master-list game rank plus track position proxy""}"
142,Praise the Fallen,Unknown credited artist,[],Fire Emblem: Radiant Dawn Original Soundtrack (fire-emblem-radiant-dawn-original-soundtrack),,,"[""video game soundtrack""]","[""und""]",,,,Fire Emblem: Radiant Dawn,,,khinsider_track_prominence_proxy,36.293246457924994,score_0_100,,,,74.51729858317,,,,https://downloads.khinsider.com/game-soundtracks/album/fire-emblem-radiant-dawn-original-soundtrack,2026-10-05,Track title is taken from KHInsider's soundtrack/gamerip album index. Popularity is an explicitly labelled proxy based on BeatHit game rank and track prominence.,"{""culture_category"":""video_game_music"",""video_game"":""Fire Emblem: Radiant Dawn"",""game_rank"":466,""game_association_kind"":""khinsider_game_soundtrack"",""khinsider_album_url"":""https://downloads.khinsider.com/game-soundtracks/album/fire-emblem-radiant-dawn-original-soundtrack"",""khinsider_album_title"":""Fire Emblem: Radiant Dawn Original Soundtrack (fire-emblem-radiant-dawn-original-soundtrack)"",""khinsider_album_kind"":""official_or_gamerip"",""khinsider_album_match_score"":100.0,""relevance_score_100"":100.0,""popularity_score_100"":36.293246457924994,""score_100"":74.51729858317,""popularity_basis"":""BeatHit master-list game rank plus track position proxy""}"
143,043B - Cats At Play (Alternate Version).mp3,Unknown credited artist,[],Fire Emblem Radiant Dawn Complete (fire-emblem-radiant-dawn-complete),,,"[""video game soundtrack""]","[""und""]",,,,Fire Emblem: Radiant Dawn,,,khinsider_track_prominence_proxy,40.70324645792499,score_0_100,,,,74.48129858316999,,,,https://downloads.khinsider.com/game-soundtracks/album/fire-emblem-radiant-dawn-complete,2026-10-05,Track title is taken from KHInsider's soundtrack/gamerip album index. Popularity is an explicitly labelled proxy based on BeatHit game rank and track prominence.,"{""culture_category"":""video_game_music"",""video_game"":""Fire Emblem: Radiant Dawn"",""game_rank"":466,""game_association_kind"":""khinsider_game_soundtrack"",""khinsider_album_url"":""https://downloads.khinsider.com/game-soundtracks/album/fire-emblem-radiant-dawn-complete"",""khinsider_album_title"":""Fire Emblem Radiant Dawn Complete (fire-emblem-radiant-dawn-complete)"",""khinsider_album_kind"":""unclassified_game_album"",""khinsider_album_match_score"":100.0,""relevance_score_100"":97.0,""popularity_score_100"":40.70324645792499,""score_100"":74.48129858316999,""popularity_basis"":""BeatHit master-list game rank plus track position proxy""}"
144,The Test of Will,Unknown credited artist,[],Fire Emblem: Radiant Dawn Original Soundtrack (fire-emblem-radiant-dawn-original-soundtrack),,,"[""video game soundtrack""]","[""und""]",,,,Fire Emblem: Radiant Dawn,,,khinsider_track_prominence_proxy,36.08324645792499,score_0_100,,,,74.43329858317,,,,https://downloads.khinsider.com/game-soundtracks/album/fire-emblem-radiant-dawn-original-soundtrack,2026-10-05,Track title is taken from KHInsider's soundtrack/gamerip album index. Popularity is an explicitly labelled proxy based on BeatHit game rank and track prominence.,"{""culture_category"":""video_game_music"",""video_game"":""Fire Emblem: Radiant Dawn"",""game_rank"":466,""game_association_kind"":""khinsider_game_soundtrack"",""khinsider_album_url"":""https://downloads.khinsider.com/game-soundtracks/album/fire-emblem-radiant-dawn-original-soundtrack"",""khinsider_album_title"":""Fire Emblem: Radiant Dawn Original Soundtrack (fire-emblem-radiant-dawn-original-soundtrack)"",""khinsider_album_kind"":""official_or_gamerip"",""khinsider_album_match_score"":100.0,""relevance_score_100"":100.0,""popularity_score_100"":36.08324645792499,""score_100"":74.43329858317,""popularity_basis"":""BeatHit master-list game rank plus track position proxy""}"
145,044 - Morale Fades.mp3,Unknown credited artist,[],Fire Emblem Radiant Dawn Complete (fire-emblem-radiant-dawn-complete),,,"[""video game soundtrack""]","[""und""]",,,,Fire Emblem: Radiant Dawn,,,khinsider_track_prominence_proxy,40.493246457925,score_0_100,,,,74.39729858317,,,,https://downloads.khinsider.com/game-soundtracks/album/fire-emblem-radiant-dawn-complete,2026-10-05,Track title is taken from KHInsider's soundtrack/gamerip album index. Popularity is an explicitly labelled proxy based on BeatHit game rank and track prominence.,"{""culture_category"":""video_game_music"",""video_game"":""Fire Emblem: Radiant Dawn"",""game_rank"":466,""game_association_kind"":""khinsider_game_soundtrack"",""khinsider_album_url"":""https://downloads.khinsider.com/game-soundtracks/album/fire-emblem-radiant-dawn-complete"",""khinsider_album_title"":""Fire Emblem Radiant Dawn Complete (fire-emblem-radiant-dawn-complete)"",""khinsider_album_kind"":""unclassified_game_album"",""khinsider_album_match_score"":100.0,""relevance_score_100"":97.0,""popularity_score_100"":40.493246457925,""score_100"":74.39729858317,""popularity_basis"":""BeatHit master-list game rank plus track position proxy""}"
146,Everything Hereafter,Unknown credited artist,[],Fire Emblem: Radiant Dawn Original Soundtrack (fire-emblem-radiant-dawn-original-soundtrack),,,"[""video game soundtrack""]","[""und""]",,,,Fire Emblem: Radiant Dawn,,,khinsider_track_prominence_proxy,35.87324645792499,score_0_100,,,,74.34929858317,,,,https://downloads.khinsider.com/game-soundtracks/album/fire-emblem-radiant-dawn-original-soundtrack,2026-10-05,Track title is taken from KHInsider's soundtrack/gamerip album index. Popularity is an explicitly labelled proxy based on BeatHit game rank and track prominence.,"{""culture_category"":""video_game_music"",""video_game"":""Fire Emblem: Radiant Dawn"",""game_rank"":466,""game_association_kind"":""khinsider_game_soundtrack"",""khinsider_album_url"":""https://downloads.khinsider.com/game-soundtracks/album/fire-emblem-radiant-dawn-original-soundtrack"",""khinsider_album_title"":""Fire Emblem: Radiant Dawn Original Soundtrack (fire-emblem-radiant-dawn-original-soundtrack)"",""khinsider_album_kind"":""official_or_gamerip"",""khinsider_album_match_score"":100.0,""relevance_score_100"":100.0,""popularity_score_100"":35.87324645792499,""score_100"":74.34929858317,""popularity_basis"":""BeatHit master-list game rank plus track position proxy""}"
147,045 - Revelation Of Dawn.mp3,Unknown credited artist,[],Fire Emblem Radiant Dawn Complete (fire-emblem-radiant-dawn-complete),,,"[""video game soundtrack""]","[""und""]",,,,Fire Emblem: Radiant Dawn,,,khinsider_track_prominence_proxy,40.28324645792499,score_0_100,,,,74.31329858317,,,,https://downloads.khinsider.com/game-soundtracks/album/fire-emblem-radiant-dawn-complete,2026-10-05,Track title is taken from KHInsider's soundtrack/gamerip album index. Popularity is an explicitly labelled proxy based on BeatHit game rank and track prominence.,"{""culture_category"":""video_game_music"",""video_game"":""Fire Emblem: Radiant Dawn"",""game_rank"":466,""game_association_kind"":""khinsider_game_soundtrack"",""khinsider_album_url"":""https://downloads.khinsider.com/game-soundtracks/album/fire-emblem-radiant-dawn-complete"",""khinsider_album_title"":""Fire Emblem Radiant Dawn Complete (fire-emblem-radiant-dawn-complete)"",""khinsider_album_kind"":""unclassified_game_album"",""khinsider_album_match_score"":100.0,""relevance_score_100"":97.0,""popularity_score_100"":40.28324645792499,""score_100"":74.31329858317,""popularity_basis"":""BeatHit master-list game rank plus track position proxy""}"
148,Dawn Awakens,Unknown credited artist,[],Fire Emblem: Radiant Dawn Original Soundtrack (fire-emblem-radiant-dawn-original-soundtrack),,,"[""video game soundtrack""]","[""und""]",,,,Fire Emblem: Radiant Dawn,,,khinsider_track_prominence_proxy,35.66324645792499,score_0_100,,,,74.26529858317,,,,https://downloads.khinsider.com/game-soundtracks/album/fire-emblem-radiant-dawn-original-soundtrack,2026-10-05,Track title is taken from KHInsider's soundtrack/gamerip album index. Popularity is an explicitly labelled proxy based on BeatHit game rank and track prominence.,"{""culture_category"":""video_game_music"",""video_game"":""Fire Emblem: Radiant Dawn"",""game_rank"":466,""game_association_kind"":""khinsider_game_soundtrack"",""khinsider_album_url"":""https://downloads.khinsider.com/game-soundtracks/album/fire-emblem-radiant-dawn-original-soundtrack"",""khinsider_album_title"":""Fire Emblem: Radiant Dawn Original Soundtrack (fire-emblem-radiant-dawn-original-soundtrack)"",""khinsider_album_kind"":""official_or_gamerip"",""khinsider_album_match_score"":100.0,""relevance_score_100"":100.0,""popularity_score_100"":35.66324645792499,""score_100"":74.26529858317,""popularity_basis"":""BeatHit master-list game rank plus track position proxy""}"
149,045A - Revelation Of Dawn (Alternate Version 1).mp3,Unknown credited artist,[],Fire Emblem Radiant Dawn Complete (fire-emblem-radiant-dawn-complete),,,"[""video game soundtrack""]","[""und""]",,,,Fire Emblem: Radiant Dawn,,,khinsider_track_prominence_proxy,40.073246457924995,score_0_100,,,,74.22929858316999,,,,https://downloads.khinsider.com/game-soundtracks/album/fire-emblem-radiant-dawn-complete,2026-10-05,Track title is taken from KHInsider's soundtrack/gamerip album index. Popularity is an explicitly labelled proxy based on BeatHit game rank and track prominence.,"{""culture_category"":""video_game_music"",""video_game"":""Fire Emblem: Radiant Dawn"",""game_rank"":466,""game_association_kind"":""khinsider_game_soundtrack"",""khinsider_album_url"":""https://downloads.khinsider.com/game-soundtracks/album/fire-emblem-radiant-dawn-complete"",""khinsider_album_title"":""Fire Emblem Radiant Dawn Complete (fire-emblem-radiant-dawn-complete)"",""khinsider_album_kind"":""unclassified_game_album"",""khinsider_album_match_score"":100.0,""relevance_score_100"":97.0,""popularity_score_100"":40.073246457924995,""score_100"":74.22929858316999,""popularity_basis"":""BeatHit master-list game rank plus track position proxy""}"
150,045B - Revelation Of Dawn (Alternate Version 2).mp3,Unknown credited artist,[],Fire Emblem Radiant Dawn Complete (fire-emblem-radiant-dawn-complete),,,"[""video game soundtrack""]","[""und""]",,,,Fire Emblem: Radiant Dawn,,,khinsider_track_prominence_proxy,39.86324645792499,score_0_100,,,,74.14529858316999,,,,https://downloads.khinsider.com/game-soundtracks/album/fire-emblem-radiant-dawn-complete,2026-10-05,Track title is taken from KHInsider's soundtrack/gamerip album index. Popularity is an explicitly labelled proxy based on BeatHit game rank and track prominence.,"{""culture_category"":""video_game_music"",""video_game"":""Fire Emblem: Radiant Dawn"",""game_rank"":466,""game_association_kind"":""khinsider_game_soundtrack"",""khinsider_album_url"":""https://downloads.khinsider.com/game-soundtracks/album/fire-emblem-radiant-dawn-complete"",""khinsider_album_title"":""Fire Emblem Radiant Dawn Complete (fire-emblem-radiant-dawn-complete)"",""khinsider_album_kind"":""unclassified_game_album"",""khinsider_album_match_score"":100.0,""relevance_score_100"":97.0,""popularity_score_100"":39.86324645792499,""score_100"":74.14529858316999,""popularity_basis"":""BeatHit master-list game rank plus track position proxy""}"
151,046 - Sorrowful Prince Pelleas.mp3,Unknown credited artist,[],Fire Emblem Radiant Dawn Complete (fire-emblem-radiant-dawn-complete),,,"[""video game soundtrack""]","[""und""]",,,,Fire Emblem: Radiant Dawn,,,khinsider_track_prominence_proxy,39.65324645792499,score_0_100,,,,74.06129858316999,,,,https://downloads.khinsider.com/game-soundtracks/album/fire-emblem-radiant-dawn-complete,2026-10-05,Track title is taken from KHInsider's soundtrack/gamerip album index. Popularity is an explicitly labelled proxy based on BeatHit game rank and track prominence.,"{""culture_category"":""video_game_music"",""video_game"":""Fire Emblem: Radiant Dawn"",""game_rank"":466,""game_association_kind"":""khinsider_game_soundtrack"",""khinsider_album_url"":""https://downloads.khinsider.com/game-soundtracks/album/fire-emblem-radiant-dawn-complete"",""khinsider_album_title"":""Fire Emblem Radiant Dawn Complete (fire-emblem-radiant-dawn-complete)"",""khinsider_album_kind"":""unclassified_game_album"",""khinsider_album_match_score"":100.0,""relevance_score_100"":97.0,""popularity_score_100"":39.65324645792499,""score_100"":74.06129858316999,""popularity_basis"":""BeatHit master-list game rank plus track position proxy""}"
152,047 - The Mind Of Izuka.mp3,Unknown credited artist,[],Fire Emblem Radiant Dawn Complete (fire-emblem-radiant-dawn-complete),,,"[""video game soundtrack""]","[""und""]",,,,Fire Emblem: Radiant Dawn,,,khinsider_track_prominence_proxy,39.44324645792499,score_0_100,,,,73.97729858317,,,,https://downloads.khinsider.com/game-soundtracks/album/fire-emblem-radiant-dawn-complete,2026-10-05,Track title is taken from KHInsider's soundtrack/gamerip album index. Popularity is an explicitly labelled proxy based on BeatHit game rank and track prominence.,"{""culture_category"":""video_game_music"",""video_game"":""Fire Emblem: Radiant Dawn"",""game_rank"":466,""game_association_kind"":""khinsider_game_soundtrack"",""khinsider_album_url"":""https://downloads.khinsider.com/game-soundtracks/album/fire-emblem-radiant-dawn-complete"",""khinsider_album_title"":""Fire Emblem Radiant Dawn Complete (fire-emblem-radiant-dawn-complete)"",""khinsider_album_kind"":""unclassified_game_album"",""khinsider_album_match_score"":100.0,""relevance_score_100"":97.0,""popularity_score_100"":39.44324645792499,""score_100"":73.97729858317,""popularity_basis"":""BeatHit master-list game rank plus track position proxy""}"
153,047A - The Mind Of Izuka (Short Version).mp3,Unknown credited artist,[],Fire Emblem Radiant Dawn Complete (fire-emblem-radiant-dawn-complete),,,"[""video game soundtrack""]","[""und""]",,,,Fire Emblem: Radiant Dawn,,,khinsider_track_prominence_proxy,39.23324645792499,score_0_100,,,,73.89329858317,,,,https://downloads.khinsider.com/game-soundtracks/album/fire-emblem-radiant-dawn-complete,2026-10-05,Track title is taken from KHInsider's soundtrack/gamerip album index. Popularity is an explicitly labelled proxy based on BeatHit game rank and track prominence.,"{""culture_category"":""video_game_music"",""video_game"":""Fire Emblem: Radiant Dawn"",""game_rank"":466,""game_association_kind"":""khinsider_game_soundtrack"",""khinsider_album_url"":""https://downloads.khinsider.com/game-soundtracks/album/fire-emblem-radiant-dawn-complete"",""khinsider_album_title"":""Fire Emblem Radiant Dawn Complete (fire-emblem-radiant-dawn-complete)"",""khinsider_album_kind"":""unclassified_game_album"",""khinsider_album_match_score"":100.0,""relevance_score_100"":97.0,""popularity_score_100"":39.23324645792499,""score_100"":73.89329858317,""popularity_basis"":""BeatHit master-list game rank plus track position proxy""}"
154,048 - Stalwarts Unite.mp3,Unknown credited artist,[],Fire Emblem Radiant Dawn Complete (fire-emblem-radiant-dawn-complete),,,"[""video game soundtrack""]","[""und""]",,,,Fire Emblem: Radiant Dawn,,,khinsider_track_prominence_proxy,39.02324645792499,score_0_100,,,,73.80929858316999,,,,https://downloads.khinsider.com/game-soundtracks/album/fire-emblem-radiant-dawn-complete,2026-10-05,Track title is taken from KHInsider's soundtrack/gamerip album index. Popularity is an explicitly labelled proxy based on BeatHit game rank and track prominence.,"{""culture_category"":""video_game_music"",""video_game"":""Fire Emblem: Radiant Dawn"",""game_rank"":466,""game_association_kind"":""khinsider_game_soundtrack"",""khinsider_album_url"":""https://downloads.khinsider.com/game-soundtracks/album/fire-emblem-radiant-dawn-complete"",""khinsider_album_title"":""Fire Emblem Radiant Dawn Complete (fire-emblem-radiant-dawn-complete)"",""khinsider_album_kind"":""unclassified_game_album"",""khinsider_album_match_score"":100.0,""relevance_score_100"":97.0,""popularity_score_100"":39.02324645792499,""score_100"":73.80929858316999,""popularity_basis"":""BeatHit master-list game rank plus track position proxy""}"
155,049 - In My Hands.mp3,Unknown credited artist,[],Fire Emblem Radiant Dawn Complete (fire-emblem-radiant-dawn-complete),,,"[""video game soundtrack""]","[""und""]",,,,Fire Emblem: Radiant Dawn,,,khinsider_track_prominence_proxy,38.81324645792499,score_0_100,,,,73.72529858316999,,,,https://downloads.khinsider.com/game-soundtracks/album/fire-emblem-radiant-dawn-complete,2026-10-05,Track title is taken from KHInsider's soundtrack/gamerip album index. Popularity is an explicitly labelled proxy based on BeatHit game rank and track prominence.,"{""culture_category"":""video_game_music"",""video_game"":""Fire Emblem: Radiant Dawn"",""game_rank"":466,""game_association_kind"":""khinsider_game_soundtrack"",""khinsider_album_url"":""https://downloads.khinsider.com/game-soundtracks/album/fire-emblem-radiant-dawn-complete"",""khinsider_album_title"":""Fire Emblem Radiant Dawn Complete (fire-emblem-radiant-dawn-complete)"",""khinsider_album_kind"":""unclassified_game_album"",""khinsider_album_match_score"":100.0,""relevance_score_100"":97.0,""popularity_score_100"":38.81324645792499,""score_100"":73.72529858316999,""popularity_basis"":""BeatHit master-list game rank plus track position proxy""}"
156,050 - Aesthetics Of Deprivation.mp3,Unknown credited artist,[],Fire Emblem Radiant Dawn Complete (fire-emblem-radiant-dawn-complete),,,"[""video game soundtrack""]","[""und""]",,,,Fire Emblem: Radiant Dawn,,,khinsider_track_prominence_proxy,38.60324645792499,score_0_100,,,,73.64129858317,,,,https://downloads.khinsider.com/game-soundtracks/album/fire-emblem-radiant-dawn-complete,2026-10-05,Track title is taken from KHInsider's soundtrack/gamerip album index. Popularity is an explicitly labelled proxy based on BeatHit game rank and track prominence.,"{""culture_category"":""video_game_music"",""video_game"":""Fire Emblem: Radiant Dawn"",""game_rank"":466,""game_association_kind"":""khinsider_game_soundtrack"",""khinsider_album_url"":""https://downloads.khinsider.com/game-soundtracks/album/fire-emblem-radiant-dawn-complete"",""khinsider_album_title"":""Fire Emblem Radiant Dawn Complete (fire-emblem-radiant-dawn-complete)"",""khinsider_album_kind"":""unclassified_game_album"",""khinsider_album_match_score"":100.0,""relevance_score_100"":97.0,""popularity_score_100"":38.60324645792499,""score_100"":73.64129858317,""popularity_basis"":""BeatHit master-list game rank plus track position proxy""}"
157,050A - Aesthetics Of Deprivation (Long Version).mp3,Unknown credited artist,[],Fire Emblem Radiant Dawn Complete (fire-emblem-radiant-dawn-complete),,,"[""video game soundtrack""]","[""und""]",,,,Fire Emblem: Radiant Dawn,,,khinsider_track_prominence_proxy,38.39324645792499,score_0_100,,,,73.55729858317,,,,https://downloads.khinsider.com/game-soundtracks/album/fire-emblem-radiant-dawn-complete,2026-10-05,Track title is taken from KHInsider's soundtrack/gamerip album index. Popularity is an explicitly labelled proxy based on BeatHit game rank and track prominence.,"{""culture_category"":""video_game_music"",""video_game"":""Fire Emblem: Radiant Dawn"",""game_rank"":466,""game_association_kind"":""khinsider_game_soundtrack"",""khinsider_album_url"":""https://downloads.khinsider.com/game-soundtracks/album/fire-emblem-radiant-dawn-complete"",""khinsider_album_title"":""Fire Emblem Radiant Dawn Complete (fire-emblem-radiant-dawn-complete)"",""khinsider_album_kind"":""unclassified_game_album"",""khinsider_album_match_score"":100.0,""relevance_score_100"":97.0,""popularity_score_100"":38.39324645792499,""score_100"":73.55729858317,""popularity_basis"":""BeatHit master-list game rank plus track position proxy""}"
158,051 - No Word For Defeat.mp3,Unknown credited artist,[],Fire Emblem Radiant Dawn Complete (fire-emblem-radiant-dawn-complete),,,"[""video game soundtrack""]","[""und""]",,,,Fire Emblem: Radiant Dawn,,,khinsider_track_prominence_proxy,38.183246457924994,score_0_100,,,,73.47329858316999,,,,https://downloads.khinsider.com/game-soundtracks/album/fire-emblem-radiant-dawn-complete,2026-10-05,Track title is taken from KHInsider's soundtrack/gamerip album index. Popularity is an explicitly labelled proxy based on BeatHit game rank and track prominence.,"{""culture_category"":""video_game_music"",""video_game"":""Fire Emblem: Radiant Dawn"",""game_rank"":466,""game_association_kind"":""khinsider_game_soundtrack"",""khinsider_album_url"":""https://downloads.khinsider.com/game-soundtracks/album/fire-emblem-radiant-dawn-complete"",""khinsider_album_title"":""Fire Emblem Radiant Dawn Complete (fire-emblem-radiant-dawn-complete)"",""khinsider_album_kind"":""unclassified_game_album"",""khinsider_album_match_score"":100.0,""relevance_score_100"":97.0,""popularity_score_100"":38.183246457924994,""score_100"":73.47329858316999,""popularity_basis"":""BeatHit master-list game rank plus track position proxy""}"
159,051A - No Word For Defeat (Alternate Version).mp3,Unknown credited artist,[],Fire Emblem Radiant Dawn Complete (fire-emblem-radiant-dawn-complete),,,"[""video game soundtrack""]","[""und""]",,,,Fire Emblem: Radiant Dawn,,,khinsider_track_prominence_proxy,37.97324645792499,score_0_100,,,,73.38929858316999,,,,https://downloads.khinsider.com/game-soundtracks/album/fire-emblem-radiant-dawn-complete,2026-10-05,Track title is taken from KHInsider's soundtrack/gamerip album index. Popularity is an explicitly labelled proxy based on BeatHit game rank and track prominence.,"{""culture_category"":""video_game_music"",""video_game"":""Fire Emblem: Radiant Dawn"",""game_rank"":466,""game_association_kind"":""khinsider_game_soundtrack"",""khinsider_album_url"":""https://downloads.khinsider.com/game-soundtracks/album/fire-emblem-radiant-dawn-complete"",""khinsider_album_title"":""Fire Emblem Radiant Dawn Complete (fire-emblem-radiant-dawn-complete)"",""khinsider_album_kind"":""unclassified_game_album"",""khinsider_album_match_score"":100.0,""relevance_score_100"":97.0,""popularity_score_100"":37.97324645792499,""score_100"":73.38929858316999,""popularity_basis"":""BeatHit master-list game rank plus track position proxy""}"
160,052 - Goddess Of Dawn.mp3,Unknown credited artist,[],Fire Emblem Radiant Dawn Complete (fire-emblem-radiant-dawn-complete),,,"[""video game soundtrack""]","[""und""]",,,,Fire Emblem: Radiant Dawn,,,khinsider_track_prominence_proxy,37.76324645792499,score_0_100,,,,73.30529858316999,,,,https://downloads.khinsider.com/game-soundtracks/album/fire-emblem-radiant-dawn-complete,2026-10-05,Track title is taken from KHInsider's soundtrack/gamerip album index. Popularity is an explicitly labelled proxy based on BeatHit game rank and track prominence.,"{""culture_category"":""video_game_music"",""video_game"":""Fire Emblem: Radiant Dawn"",""game_rank"":466,""game_association_kind"":""khinsider_game_soundtrack"",""khinsider_album_url"":""https://downloads.khinsider.com/game-soundtracks/album/fire-emblem-radiant-dawn-complete"",""khinsider_album_title"":""Fire Emblem Radiant Dawn Complete (fire-emblem-radiant-dawn-complete)"",""khinsider_album_kind"":""unclassified_game_album"",""khinsider_album_match_score"":100.0,""relevance_score_100"":97.0,""popularity_score_100"":37.76324645792499,""score_100"":73.30529858316999,""popularity_basis"":""BeatHit master-list game rank plus track position proxy""}"
161,053 - The Goddess Wakes.mp3,Unknown credited artist,[],Fire Emblem Radiant Dawn Complete (fire-emblem-radiant-dawn-complete),,,"[""video game soundtrack""]","[""und""]",,,,Fire Emblem: Radiant Dawn,,,khinsider_track_prominence_proxy,37.55324645792499,score_0_100,,,,73.22129858317,,,,https://downloads.khinsider.com/game-soundtracks/album/fire-emblem-radiant-dawn-complete,2026-10-05,Track title is taken from KHInsider's soundtrack/gamerip album index. Popularity is an explicitly labelled proxy based on BeatHit game rank and track prominence.,"{""culture_category"":""video_game_music"",""video_game"":""Fire Emblem: Radiant Dawn"",""game_rank"":466,""game_association_kind"":""khinsider_game_soundtrack"",""khinsider_album_url"":""https://downloads.khinsider.com/game-soundtracks/album/fire-emblem-radiant-dawn-complete"",""khinsider_album_title"":""Fire Emblem Radiant Dawn Complete (fire-emblem-radiant-dawn-complete)"",""khinsider_album_kind"":""unclassified_game_album"",""khinsider_album_match_score"":100.0,""relevance_score_100"":97.0,""popularity_score_100"":37.55324645792499,""score_100"":73.22129858317,""popularity_basis"":""BeatHit master-list game rank plus track position proxy""}"
162,054 - Divine Healing.mp3,Unknown credited artist,[],Fire Emblem Radiant Dawn Complete (fire-emblem-radiant-dawn-complete),,,"[""video game soundtrack""]","[""und""]",,,,Fire Emblem: Radiant Dawn,,,khinsider_track_prominence_proxy,37.34324645792499,score_0_100,,,,73.13729858317,,,,https://downloads.khinsider.com/game-soundtracks/album/fire-emblem-radiant-dawn-complete,2026-10-05,Track title is taken from KHInsider's soundtrack/gamerip album index. Popularity is an explicitly labelled proxy based on BeatHit game rank and track prominence.,"{""culture_category"":""video_game_music"",""video_game"":""Fire Emblem: Radiant Dawn"",""game_rank"":466,""game_association_kind"":""khinsider_game_soundtrack"",""khinsider_album_url"":""https://downloads.khinsider.com/game-soundtracks/album/fire-emblem-radiant-dawn-complete"",""khinsider_album_title"":""Fire Emblem Radiant Dawn Complete (fire-emblem-radiant-dawn-complete)"",""khinsider_album_kind"":""unclassified_game_album"",""khinsider_album_match_score"":100.0,""relevance_score_100"":97.0,""popularity_score_100"":37.34324645792499,""score_100"":73.13729858317,""popularity_basis"":""BeatHit master-list game rank plus track position proxy""}"
163,055 - Zealot's Prayer.mp3,Unknown credited artist,[],Fire Emblem Radiant Dawn Complete (fire-emblem-radiant-dawn-complete),,,"[""video game soundtrack""]","[""und""]",,,,Fire Emblem: Radiant Dawn,,,khinsider_track_prominence_proxy,37.13324645792499,score_0_100,,,,73.05329858316999,,,,https://downloads.khinsider.com/game-soundtracks/album/fire-emblem-radiant-dawn-complete,2026-10-05,Track title is taken from KHInsider's soundtrack/gamerip album index. Popularity is an explicitly labelled proxy based on BeatHit game rank and track prominence.,"{""culture_category"":""video_game_music"",""video_game"":""Fire Emblem: Radiant Dawn"",""game_rank"":466,""game_association_kind"":""khinsider_game_soundtrack"",""khinsider_album_url"":""https://downloads.khinsider.com/game-soundtracks/album/fire-emblem-radiant-dawn-complete"",""khinsider_album_title"":""Fire Emblem Radiant Dawn Complete (fire-emblem-radiant-dawn-complete)"",""khinsider_album_kind"":""unclassified_game_album"",""khinsider_album_match_score"":100.0,""relevance_score_100"":97.0,""popularity_score_100"":37.13324645792499,""score_100"":73.05329858316999,""popularity_basis"":""BeatHit master-list game rank plus track position proxy""}"
164,056 - The Goddess's Rebuke.mp3,Unknown credited artist,[],Fire Emblem Radiant Dawn Complete (fire-emblem-radiant-dawn-complete),,,"[""video game soundtrack""]","[""und""]",,,,Fire Emblem: Radiant Dawn,,,khinsider_track_prominence_proxy,36.92324645792499,score_0_100,,,,72.96929858316999,,,,https://downloads.khinsider.com/game-soundtracks/album/fire-emblem-radiant-dawn-complete,2026-10-05,Track title is taken from KHInsider's soundtrack/gamerip album index. Popularity is an explicitly labelled proxy based on BeatHit game rank and track prominence.,"{""culture_category"":""video_game_music"",""video_game"":""Fire Emblem: Radiant Dawn"",""game_rank"":466,""game_association_kind"":""khinsider_game_soundtrack"",""khinsider_album_url"":""https://downloads.khinsider.com/game-soundtracks/album/fire-emblem-radiant-dawn-complete"",""khinsider_album_title"":""Fire Emblem Radiant Dawn Complete (fire-emblem-radiant-dawn-complete)"",""khinsider_album_kind"":""unclassified_game_album"",""khinsider_album_match_score"":100.0,""relevance_score_100"":97.0,""popularity_score_100"":36.92324645792499,""score_100"":72.96929858316999,""popularity_basis"":""BeatHit master-list game rank plus track position proxy""}"
165,057 - Ashera The Creator.mp3,Unknown credited artist,[],Fire Emblem Radiant Dawn Complete (fire-emblem-radiant-dawn-complete),,,"[""video game soundtrack""]","[""und""]",,,,Fire Emblem: Radiant Dawn,,,khinsider_track_prominence_proxy,36.713246457924996,score_0_100,,,,72.88529858317,,,,https://downloads.khinsider.com/game-soundtracks/album/fire-emblem-radiant-dawn-complete,2026-10-05,Track title is taken from KHInsider's soundtrack/gamerip album index. Popularity is an explicitly labelled proxy based on BeatHit game rank and track prominence.,"{""culture_category"":""video_game_music"",""video_game"":""Fire Emblem: Radiant Dawn"",""game_rank"":466,""game_association_kind"":""khinsider_game_soundtrack"",""khinsider_album_url"":""https://downloads.khinsider.com/game-soundtracks/album/fire-emblem-radiant-dawn-complete"",""khinsider_album_title"":""Fire Emblem Radiant Dawn Complete (fire-emblem-radiant-dawn-complete)"",""khinsider_album_kind"":""unclassified_game_album"",""khinsider_album_match_score"":100.0,""relevance_score_100"":97.0,""popularity_score_100"":36.713246457924996,""score_100"":72.88529858317,""popularity_basis"":""BeatHit master-list game rank plus track position proxy""}"
166,058 - Child Of Chaos.mp3,Unknown credited artist,[],Fire Emblem Radiant Dawn Complete (fire-emblem-radiant-dawn-complete),,,"[""video game soundtrack""]","[""und""]",,,,Fire Emblem: Radiant Dawn,,,khinsider_track_prominence_proxy,36.50324645792499,score_0_100,,,,72.80129858317,,,,https://downloads.khinsider.com/game-soundtracks/album/fire-emblem-radiant-dawn-complete,2026-10-05,Track title is taken from KHInsider's soundtrack/gamerip album index. Popularity is an explicitly labelled proxy based on BeatHit game rank and track prominence.,"{""culture_category"":""video_game_music"",""video_game"":""Fire Emblem: Radiant Dawn"",""game_rank"":466,""game_association_kind"":""khinsider_game_soundtrack"",""khinsider_album_url"":""https://downloads.khinsider.com/game-soundtracks/album/fire-emblem-radiant-dawn-complete"",""khinsider_album_title"":""Fire Emblem Radiant Dawn Complete (fire-emblem-radiant-dawn-complete)"",""khinsider_album_kind"":""unclassified_game_album"",""khinsider_album_match_score"":100.0,""relevance_score_100"":97.0,""popularity_score_100"":36.50324645792499,""score_100"":72.80129858317,""popularity_basis"":""BeatHit master-list game rank plus track position proxy""}"
167,059 - Micaiah's Dawn.mp3,Unknown credited artist,[],Fire Emblem Radiant Dawn Complete (fire-emblem-radiant-dawn-complete),,,"[""video game soundtrack""]","[""und""]",,,,Fire Emblem: Radiant Dawn,,,khinsider_track_prominence_proxy,36.293246457924994,score_0_100,,,,72.71729858316999,,,,https://downloads.khinsider.com/game-soundtracks/album/fire-emblem-radiant-dawn-complete,2026-10-05,Track title is taken from KHInsider's soundtrack/gamerip album index. Popularity is an explicitly labelled proxy based on BeatHit game rank and track prominence.,"{""culture_category"":""video_game_music"",""video_game"":""Fire Emblem: Radiant Dawn"",""game_rank"":466,""game_association_kind"":""khinsider_game_soundtrack"",""khinsider_album_url"":""https://downloads.khinsider.com/game-soundtracks/album/fire-emblem-radiant-dawn-complete"",""khinsider_album_title"":""Fire Emblem Radiant Dawn Complete (fire-emblem-radiant-dawn-complete)"",""khinsider_album_kind"":""unclassified_game_album"",""khinsider_album_match_score"":100.0,""relevance_score_100"":97.0,""popularity_score_100"":36.293246457924994,""score_100"":72.71729858316999,""popularity_basis"":""BeatHit master-list game rank plus track position proxy""}"
168,060 - Empress Sanaki.mp3,Unknown credited artist,[],Fire Emblem Radiant Dawn Complete (fire-emblem-radiant-dawn-complete),,,"[""video game soundtrack""]","[""und""]",,,,Fire Emblem: Radiant Dawn,,,khinsider_track_prominence_proxy,36.08324645792499,score_0_100,,,,72.63329858316999,,,,https://downloads.khinsider.com/game-soundtracks/album/fire-emblem-radiant-dawn-complete,2026-10-05,Track title is taken from KHInsider's soundtrack/gamerip album index. Popularity is an explicitly labelled proxy based on BeatHit game rank and track prominence.,"{""culture_category"":""video_game_music"",""video_game"":""Fire Emblem: Radiant Dawn"",""game_rank"":466,""game_association_kind"":""khinsider_game_soundtrack"",""khinsider_album_url"":""https://downloads.khinsider.com/game-soundtracks/album/fire-emblem-radiant-dawn-complete"",""khinsider_album_title"":""Fire Emblem Radiant Dawn Complete (fire-emblem-radiant-dawn-complete)"",""khinsider_album_kind"":""unclassified_game_album"",""khinsider_album_match_score"":100.0,""relevance_score_100"":97.0,""popularity_score_100"":36.08324645792499,""score_100"":72.63329858316999,""popularity_basis"":""BeatHit master-list game rank plus track position proxy""}"
169,060A - Empress Sanaki (Alternate Version).mp3,Unknown credited artist,[],Fire Emblem Radiant Dawn Complete (fire-emblem-radiant-dawn-complete),,,"[""video game soundtrack""]","[""und""]",,,,Fire Emblem: Radiant Dawn,,,khinsider_track_prominence_proxy,35.87324645792499,score_0_100,,,,72.54929858316999,,,,https://downloads.khinsider.com/game-soundtracks/album/fire-emblem-radiant-dawn-complete,2026-10-05,Track title is taken from KHInsider's soundtrack/gamerip album index. Popularity is an explicitly labelled proxy based on BeatHit game rank and track prominence.,"{""culture_category"":""video_game_music"",""video_game"":""Fire Emblem: Radiant Dawn"",""game_rank"":466,""game_association_kind"":""khinsider_game_soundtrack"",""khinsider_album_url"":""https://downloads.khinsider.com/game-soundtracks/album/fire-emblem-radiant-dawn-complete"",""khinsider_album_title"":""Fire Emblem Radiant Dawn Complete (fire-emblem-radiant-dawn-complete)"",""khinsider_album_kind"":""unclassified_game_album"",""khinsider_album_match_score"":100.0,""relevance_score_100"":97.0,""popularity_score_100"":35.87324645792499,""score_100"":72.54929858316999,""popularity_basis"":""BeatHit master-list game rank plus track position proxy""}"
170,061 - Zelgius The Brave.mp3,Unknown credited artist,[],Fire Emblem Radiant Dawn Complete (fire-emblem-radiant-dawn-complete),,,"[""video game soundtrack""]","[""und""]",,,,Fire Emblem: Radiant Dawn,,,khinsider_track_prominence_proxy,35.66324645792499,score_0_100,,,,72.46529858317,,,,https://downloads.khinsider.com/game-soundtracks/album/fire-emblem-radiant-dawn-complete,2026-10-05,Track title is taken from KHInsider's soundtrack/gamerip album index. Popularity is an explicitly labelled proxy based on BeatHit game rank and track prominence.,"{""culture_category"":""video_game_music"",""video_game"":""Fire Emblem: Radiant Dawn"",""game_rank"":466,""game_association_kind"":""khinsider_game_soundtrack"",""khinsider_album_url"":""https://downloads.khinsider.com/game-soundtracks/album/fire-emblem-radiant-dawn-complete"",""khinsider_album_title"":""Fire Emblem Radiant Dawn Complete (fire-emblem-radiant-dawn-complete)"",""khinsider_album_kind"":""unclassified_game_album"",""khinsider_album_match_score"":100.0,""relevance_score_100"":97.0,""popularity_score_100"":35.66324645792499,""score_100"":72.46529858317,""popularity_basis"":""BeatHit master-list game rank plus track position proxy""}"
171,062 - Olver's Fall.mp3,Unknown credited artist,[],Fire Emblem Radiant Dawn Complete (fire-emblem-radiant-dawn-complete),,,"[""video game soundtrack""]","[""und""]",,,,Fire Emblem: Radiant Dawn,,,khinsider_track_prominence_proxy,35.45324645792499,score_0_100,,,,72.38129858317,,,,https://downloads.khinsider.com/game-soundtracks/album/fire-emblem-radiant-dawn-complete,2026-10-05,Track title is taken from KHInsider's soundtrack/gamerip album index. Popularity is an explicitly labelled proxy based on BeatHit game rank and track prominence.,"{""culture_category"":""video_game_music"",""video_game"":""Fire Emblem: Radiant Dawn"",""game_rank"":466,""game_association_kind"":""khinsider_game_soundtrack"",""khinsider_album_url"":""https://downloads.khinsider.com/game-soundtracks/album/fire-emblem-radiant-dawn-complete"",""khinsider_album_title"":""Fire Emblem Radiant Dawn Complete (fire-emblem-radiant-dawn-complete)"",""khinsider_album_kind"":""unclassified_game_album"",""khinsider_album_match_score"":100.0,""relevance_score_100"":97.0,""popularity_score_100"":35.45324645792499,""score_100"":72.38129858317,""popularity_basis"":""BeatHit master-list game rank plus track position proxy""}"
172,063 - Queen Elincia.mp3,Unknown credited artist,[],Fire Emblem Radiant Dawn Complete (fire-emblem-radiant-dawn-complete),,,"[""video game soundtrack""]","[""und""]",,,,Fire Emblem: Radiant Dawn,,,khinsider_track_prominence_proxy,35.243246457925,score_0_100,,,,72.29729858316999,,,,https://downloads.khinsider.com/game-soundtracks/album/fire-emblem-radiant-dawn-complete,2026-10-05,Track title is taken from KHInsider's soundtrack/gamerip album index. Popularity is an explicitly labelled proxy based on BeatHit game rank and track prominence.,"{""culture_category"":""video_game_music"",""video_game"":""Fire Emblem: Radiant Dawn"",""game_rank"":466,""game_association_kind"":""khinsider_game_soundtrack"",""khinsider_album_url"":""https://downloads.khinsider.com/game-soundtracks/album/fire-emblem-radiant-dawn-complete"",""khinsider_album_title"":""Fire Emblem Radiant Dawn Complete (fire-emblem-radiant-dawn-complete)"",""khinsider_album_kind"":""unclassified_game_album"",""khinsider_album_match_score"":100.0,""relevance_score_100"":97.0,""popularity_score_100"":35.243246457925,""score_100"":72.29729858316999,""popularity_basis"":""BeatHit master-list game rank plus track position proxy""}"
173,"064 - Caineghis, King Of Lions.mp3",Unknown credited artist,[],Fire Emblem Radiant Dawn Complete (fire-emblem-radiant-dawn-complete),,,"[""video game soundtrack""]","[""und""]",,,,Fire Emblem: Radiant Dawn,,,khinsider_track_prominence_proxy,35.03324645792499,score_0_100,,,,72.21329858316999,,,,https://downloads.khinsider.com/game-soundtracks/album/fire-emblem-radiant-dawn-complete,2026-10-05,Track title is taken from KHInsider's soundtrack/gamerip album index. Popularity is an explicitly labelled proxy based on BeatHit game rank and track prominence.,"{""culture_category"":""video_game_music"",""video_game"":""Fire Emblem: Radiant Dawn"",""game_rank"":466,""game_association_kind"":""khinsider_game_soundtrack"",""khinsider_album_url"":""https://downloads.khinsider.com/game-soundtracks/album/fire-emblem-radiant-dawn-complete"",""khinsider_album_title"":""Fire Emblem Radiant Dawn Complete (fire-emblem-radiant-dawn-complete)"",""khinsider_album_kind"":""unclassified_game_album"",""khinsider_album_match_score"":100.0,""relevance_score_100"":97.0,""popularity_score_100"":35.03324645792499,""score_100"":72.21329858316999,""popularity_basis"":""BeatHit master-list game rank plus track position proxy""}"
174,"064A - Caineghis, King Of Lions (Alternate Version).mp3",Unknown credited artist,[],Fire Emblem Radiant Dawn Complete (fire-emblem-radiant-dawn-complete),,,"[""video game soundtrack""]","[""und""]",,,,Fire Emblem: Radiant Dawn,,,khinsider_track_prominence_proxy,34.823246457924995,score_0_100,,,,72.12929858317,,,,https://downloads.khinsider.com/game-soundtracks/album/fire-emblem-radiant-dawn-complete,2026-10-05,Track title is taken from KHInsider's soundtrack/gamerip album index. Popularity is an explicitly labelled proxy based on BeatHit game rank and track prominence.,"{""culture_category"":""video_game_music"",""video_game"":""Fire Emblem: Radiant Dawn"",""game_rank"":466,""game_association_kind"":""khinsider_game_soundtrack"",""khinsider_album_url"":""https://downloads.khinsider.com/game-soundtracks/album/fire-emblem-radiant-dawn-complete"",""khinsider_album_title"":""Fire Emblem Radiant Dawn Complete (fire-emblem-radiant-dawn-complete)"",""khinsider_album_kind"":""unclassified_game_album"",""khinsider_album_match_score"":100.0,""relevance_score_100"":97.0,""popularity_score_100"":34.823246457924995,""score_100"":72.12929858317,""popularity_basis"":""BeatHit master-list game rank plus track position proxy""}"
175,065 - Skrimir's Pride.mp3,Unknown credited artist,[],Fire Emblem Radiant Dawn Complete (fire-emblem-radiant-dawn-complete),,,"[""video game soundtrack""]","[""und""]",,,,Fire Emblem: Radiant Dawn,,,khinsider_track_prominence_proxy,34.613246457924994,score_0_100,,,,72.04529858317,,,,https://downloads.khinsider.com/game-soundtracks/album/fire-emblem-radiant-dawn-complete,2026-10-05,Track title is taken from KHInsider's soundtrack/gamerip album index. Popularity is an explicitly labelled proxy based on BeatHit game rank and track prominence.,"{""culture_category"":""video_game_music"",""video_game"":""Fire Emblem: Radiant Dawn"",""game_rank"":466,""game_association_kind"":""khinsider_game_soundtrack"",""khinsider_album_url"":""https://downloads.khinsider.com/game-soundtracks/album/fire-emblem-radiant-dawn-complete"",""khinsider_album_title"":""Fire Emblem Radiant Dawn Complete (fire-emblem-radiant-dawn-complete)"",""khinsider_album_kind"":""unclassified_game_album"",""khinsider_album_match_score"":100.0,""relevance_score_100"":97.0,""popularity_score_100"":34.613246457924994,""score_100"":72.04529858317,""popularity_basis"":""BeatHit master-list game rank plus track position proxy""}"
176,066 - Tranquility Of Goldoa.mp3,Unknown credited artist,[],Fire Emblem Radiant Dawn Complete (fire-emblem-radiant-dawn-complete),,,"[""video game soundtrack""]","[""und""]",,,,Fire Emblem: Radiant Dawn,,,khinsider_track_prominence_proxy,34.40324645792499,score_0_100,,,,71.96129858316999,,,,https://downloads.khinsider.com/game-soundtracks/album/fire-emblem-radiant-dawn-complete,2026-10-05,Track title is taken from KHInsider's soundtrack/gamerip album index. Popularity is an explicitly labelled proxy based on BeatHit game rank and track prominence.,"{""culture_category"":""video_game_music"",""video_game"":""Fire Emblem: Radiant Dawn"",""game_rank"":466,""game_association_kind"":""khinsider_game_soundtrack"",""khinsider_album_url"":""https://downloads.khinsider.com/game-soundtracks/album/fire-emblem-radiant-dawn-complete"",""khinsider_album_title"":""Fire Emblem Radiant Dawn Complete (fire-emblem-radiant-dawn-complete)"",""khinsider_album_kind"":""unclassified_game_album"",""khinsider_album_match_score"":100.0,""relevance_score_100"":97.0,""popularity_score_100"":34.40324645792499,""score_100"":71.96129858316999,""popularity_basis"":""BeatHit master-list game rank plus track position proxy""}"
177,066A - Tranquility Of Goldoa (Alternate Version).mp3,Unknown credited artist,[],Fire Emblem Radiant Dawn Complete (fire-emblem-radiant-dawn-complete),,,"[""video game soundtrack""]","[""und""]",,,,Fire Emblem: Radiant Dawn,,,khinsider_track_prominence_proxy,34.19324645792499,score_0_100,,,,71.87729858316999,,,,https://downloads.khinsider.com/game-soundtracks/album/fire-emblem-radiant-dawn-complete,2026-10-05,Track title is taken from KHInsider's soundtrack/gamerip album index. Popularity is an explicitly labelled proxy based on BeatHit game rank and track prominence.,"{""culture_category"":""video_game_music"",""video_game"":""Fire Emblem: Radiant Dawn"",""game_rank"":466,""game_association_kind"":""khinsider_game_soundtrack"",""khinsider_album_url"":""https://downloads.khinsider.com/game-soundtracks/album/fire-emblem-radiant-dawn-complete"",""khinsider_album_title"":""Fire Emblem Radiant Dawn Complete (fire-emblem-radiant-dawn-complete)"",""khinsider_album_kind"":""unclassified_game_album"",""khinsider_album_match_score"":100.0,""relevance_score_100"":97.0,""popularity_score_100"":34.19324645792499,""score_100"":71.87729858316999,""popularity_basis"":""BeatHit master-list game rank plus track position proxy""}"
178,067 - The Black Knight Lives.mp3,Unknown credited artist,[],Fire Emblem Radiant Dawn Complete (fire-emblem-radiant-dawn-complete),,,"[""video game soundtrack""]","[""und""]",,,,Fire Emblem: Radiant Dawn,,,khinsider_track_prominence_proxy,33.98324645792499,score_0_100,,,,71.79329858316999,,,,https://downloads.khinsider.com/game-soundtracks/album/fire-emblem-radiant-dawn-complete,2026-10-05,Track title is taken from KHInsider's soundtrack/gamerip album index. Popularity is an explicitly labelled proxy based on BeatHit game rank and track prominence.,"{""culture_category"":""video_game_music"",""video_game"":""Fire Emblem: Radiant Dawn"",""game_rank"":466,""game_association_kind"":""khinsider_game_soundtrack"",""khinsider_album_url"":""https://downloads.khinsider.com/game-soundtracks/album/fire-emblem-radiant-dawn-complete"",""khinsider_album_title"":""Fire Emblem Radiant Dawn Complete (fire-emblem-radiant-dawn-complete)"",""khinsider_album_kind"":""unclassified_game_album"",""khinsider_album_match_score"":100.0,""relevance_score_100"":97.0,""popularity_score_100"":33.98324645792499,""score_100"":71.79329858316999,""popularity_basis"":""BeatHit master-list game rank plus track position proxy""}"
179,068 - Sephiran's Sorrow.mp3,Unknown credited artist,[],Fire Emblem Radiant Dawn Complete (fire-emblem-radiant-dawn-complete),,,"[""video game soundtrack""]","[""und""]",,,,Fire Emblem: Radiant Dawn,,,khinsider_track_prominence_proxy,33.77324645792499,score_0_100,,,,71.70929858317,,,,https://downloads.khinsider.com/game-soundtracks/album/fire-emblem-radiant-dawn-complete,2026-10-05,Track title is taken from KHInsider's soundtrack/gamerip album index. Popularity is an explicitly labelled proxy based on BeatHit game rank and track prominence.,"{""culture_category"":""video_game_music"",""video_game"":""Fire Emblem: Radiant Dawn"",""game_rank"":466,""game_association_kind"":""khinsider_game_soundtrack"",""khinsider_album_url"":""https://downloads.khinsider.com/game-soundtracks/album/fire-emblem-radiant-dawn-complete"",""khinsider_album_title"":""Fire Emblem Radiant Dawn Complete (fire-emblem-radiant-dawn-complete)"",""khinsider_album_kind"":""unclassified_game_album"",""khinsider_album_match_score"":100.0,""relevance_score_100"":97.0,""popularity_score_100"":33.77324645792499,""score_100"":71.70929858317,""popularity_basis"":""BeatHit master-list game rank plus track position proxy""}"
180,069 - Darkness Eternal.mp3,Unknown credited artist,[],Fire Emblem Radiant Dawn Complete (fire-emblem-radiant-dawn-complete),,,"[""video game soundtrack""]","[""und""]",,,,Fire Emblem: Radiant Dawn,,,khinsider_track_prominence_proxy,33.56324645792499,score_0_100,,,,71.62529858317,,,,https://downloads.khinsider.com/game-soundtracks/album/fire-emblem-radiant-dawn-complete,2026-10-05,Track title is taken from KHInsider's soundtrack/gamerip album index. Popularity is an explicitly labelled proxy based on BeatHit game rank and track prominence.,"{""culture_category"":""video_game_music"",""video_game"":""Fire Emblem: Radiant Dawn"",""game_rank"":466,""game_association_kind"":""khinsider_game_soundtrack"",""khinsider_album_url"":""https://downloads.khinsider.com/game-soundtracks/album/fire-emblem-radiant-dawn-complete"",""khinsider_album_title"":""Fire Emblem Radiant Dawn Complete (fire-emblem-radiant-dawn-complete)"",""khinsider_album_kind"":""unclassified_game_album"",""khinsider_album_match_score"":100.0,""relevance_score_100"":97.0,""popularity_score_100"":33.56324645792499,""score_100"":71.62529858317,""popularity_basis"":""BeatHit master-list game rank plus track position proxy""}"
181,069A - Darkness Eternal (Alternate Version).mp3,Unknown credited artist,[],Fire Emblem Radiant Dawn Complete (fire-emblem-radiant-dawn-complete),,,"[""video game soundtrack""]","[""und""]",,,,Fire Emblem: Radiant Dawn,,,khinsider_track_prominence_proxy,33.35324645792499,score_0_100,,,,71.54129858316999,,,,https://downloads.khinsider.com/game-soundtracks/album/fire-emblem-radiant-dawn-complete,2026-10-05,Track title is taken from KHInsider's soundtrack/gamerip album index. Popularity is an explicitly labelled proxy based on BeatHit game rank and track prominence.,"{""culture_category"":""video_game_music"",""video_game"":""Fire Emblem: Radiant Dawn"",""game_rank"":466,""game_association_kind"":""khinsider_game_soundtrack"",""khinsider_album_url"":""https://downloads.khinsider.com/game-soundtracks/album/fire-emblem-radiant-dawn-complete"",""khinsider_album_title"":""Fire Emblem Radiant Dawn Complete (fire-emblem-radiant-dawn-complete)"",""khinsider_album_kind"":""unclassified_game_album"",""khinsider_album_match_score"":100.0,""relevance_score_100"":97.0,""popularity_score_100"":33.35324645792499,""score_100"":71.54129858316999,""popularity_basis"":""BeatHit master-list game rank plus track position proxy""}"
182,070 - Rafiel's Aria.mp3,Unknown credited artist,[],Fire Emblem Radiant Dawn Complete (fire-emblem-radiant-dawn-complete),,,"[""video game soundtrack""]","[""und""]",,,,Fire Emblem: Radiant Dawn,,,khinsider_track_prominence_proxy,33.143246457924995,score_0_100,,,,71.45729858317,,,,https://downloads.khinsider.com/game-soundtracks/album/fire-emblem-radiant-dawn-complete,2026-10-05,Track title is taken from KHInsider's soundtrack/gamerip album index. Popularity is an explicitly labelled proxy based on BeatHit game rank and track prominence.,"{""culture_category"":""video_game_music"",""video_game"":""Fire Emblem: Radiant Dawn"",""game_rank"":466,""game_association_kind"":""khinsider_game_soundtrack"",""khinsider_album_url"":""https://downloads.khinsider.com/game-soundtracks/album/fire-emblem-radiant-dawn-complete"",""khinsider_album_title"":""Fire Emblem Radiant Dawn Complete (fire-emblem-radiant-dawn-complete)"",""khinsider_album_kind"":""unclassified_game_album"",""khinsider_album_match_score"":100.0,""relevance_score_100"":97.0,""popularity_score_100"":33.143246457924995,""score_100"":71.45729858317,""popularity_basis"":""BeatHit master-list game rank plus track position proxy""}"
183,071 - Repose Of Souls.mp3,Unknown credited artist,[],Fire Emblem Radiant Dawn Complete (fire-emblem-radiant-dawn-complete),,,"[""video game soundtrack""]","[""und""]",,,,Fire Emblem: Radiant Dawn,,,khinsider_track_prominence_proxy,32.933246457924994,score_0_100,,,,71.37329858317,,,,https://downloads.khinsider.com/game-soundtracks/album/fire-emblem-radiant-dawn-complete,2026-10-05,Track title is taken from KHInsider's soundtrack/gamerip album index. Popularity is an explicitly labelled proxy based on BeatHit game rank and track prominence.,"{""culture_category"":""video_game_music"",""video_game"":""Fire Emblem: Radiant Dawn"",""game_rank"":466,""game_association_kind"":""khinsider_game_soundtrack"",""khinsider_album_url"":""https://downloads.khinsider.com/game-soundtracks/album/fire-emblem-radiant-dawn-complete"",""khinsider_album_title"":""Fire Emblem Radiant Dawn Complete (fire-emblem-radiant-dawn-complete)"",""khinsider_album_kind"":""unclassified_game_album"",""khinsider_album_match_score"":100.0,""relevance_score_100"":97.0,""popularity_score_100"":32.933246457924994,""score_100"":71.37329858317,""popularity_basis"":""BeatHit master-list game rank plus track position proxy""}"
184,072 - Grace.mp3,Unknown credited artist,[],Fire Emblem Radiant Dawn Complete (fire-emblem-radiant-dawn-complete),,,"[""video game soundtrack""]","[""und""]",,,,Fire Emblem: Radiant Dawn,,,khinsider_track_prominence_proxy,32.72324645792499,score_0_100,,,,71.28929858317,,,,https://downloads.khinsider.com/game-soundtracks/album/fire-emblem-radiant-dawn-complete,2026-10-05,Track title is taken from KHInsider's soundtrack/gamerip album index. Popularity is an explicitly labelled proxy based on BeatHit game rank and track prominence.,"{""culture_category"":""video_game_music"",""video_game"":""Fire Emblem: Radiant Dawn"",""game_rank"":466,""game_association_kind"":""khinsider_game_soundtrack"",""khinsider_album_url"":""https://downloads.khinsider.com/game-soundtracks/album/fire-emblem-radiant-dawn-complete"",""khinsider_album_title"":""Fire Emblem Radiant Dawn Complete (fire-emblem-radiant-dawn-complete)"",""khinsider_album_kind"":""unclassified_game_album"",""khinsider_album_match_score"":100.0,""relevance_score_100"":97.0,""popularity_score_100"":32.72324645792499,""score_100"":71.28929858317,""popularity_basis"":""BeatHit master-list game rank plus track position proxy""}"
185,073 - Neutiquam Erro.mp3,Unknown credited artist,[],Fire Emblem Radiant Dawn Complete (fire-emblem-radiant-dawn-complete),,,"[""video game soundtrack""]","[""und""]",,,,Fire Emblem: Radiant Dawn,,,khinsider_track_prominence_proxy,32.51324645792499,score_0_100,,,,71.20529858316999,,,,https://downloads.khinsider.com/game-soundtracks/album/fire-emblem-radiant-dawn-complete,2026-10-05,Track title is taken from KHInsider's soundtrack/gamerip album index. Popularity is an explicitly labelled proxy based on BeatHit game rank and track prominence.,"{""culture_category"":""video_game_music"",""video_game"":""Fire Emblem: Radiant Dawn"",""game_rank"":466,""game_association_kind"":""khinsider_game_soundtrack"",""khinsider_album_url"":""https://downloads.khinsider.com/game-soundtracks/album/fire-emblem-radiant-dawn-complete"",""khinsider_album_title"":""Fire Emblem Radiant Dawn Complete (fire-emblem-radiant-dawn-complete)"",""khinsider_album_kind"":""unclassified_game_album"",""khinsider_album_match_score"":100.0,""relevance_score_100"":97.0,""popularity_score_100"":32.51324645792499,""score_100"":71.20529858316999,""popularity_basis"":""BeatHit master-list game rank plus track position proxy""}"
186,073A - Neutiquam Erro (Alternate Version).mp3,Unknown credited artist,[],Fire Emblem Radiant Dawn Complete (fire-emblem-radiant-dawn-complete),,,"[""video game soundtrack""]","[""und""]",,,,Fire Emblem: Radiant Dawn,,,khinsider_track_prominence_proxy,32.51324645792499,score_0_100,,,,71.20529858316999,,,,https://downloads.khinsider.com/game-soundtracks/album/fire-emblem-radiant-dawn-complete,2026-10-05,Track title is taken from KHInsider's soundtrack/gamerip album index. Popularity is an explicitly labelled proxy based on BeatHit game rank and track prominence.,"{""culture_category"":""video_game_music"",""video_game"":""Fire Emblem: Radiant Dawn"",""game_rank"":466,""game_association_kind"":""khinsider_game_soundtrack"",""khinsider_album_url"":""https://downloads.khinsider.com/game-soundtracks/album/fire-emblem-radiant-dawn-complete"",""khinsider_album_title"":""Fire Emblem Radiant Dawn Complete (fire-emblem-radiant-dawn-complete)"",""khinsider_album_kind"":""unclassified_game_album"",""khinsider_album_match_score"":100.0,""relevance_score_100"":97.0,""popularity_score_100"":32.51324645792499,""score_100"":71.20529858316999,""popularity_basis"":""BeatHit master-list game rank plus track position proxy""}"
187,074 - Urgency Drives Us.mp3,Unknown credited artist,[],Fire Emblem Radiant Dawn Complete (fire-emblem-radiant-dawn-complete),,,"[""video game soundtrack""]","[""und""]",,,,Fire Emblem: Radiant Dawn,,,khinsider_track_prominence_proxy,32.51324645792499,score_0_100,,,,71.20529858316999,,,,https://downloads.khinsider.com/game-soundtracks/album/fire-emblem-radiant-dawn-complete,2026-10-05,Track title is taken from KHInsider's soundtrack/gamerip album index. Popularity is an explicitly labelled proxy based on BeatHit game rank and track prominence.,"{""culture_category"":""video_game_music"",""video_game"":""Fire Emblem: Radiant Dawn"",""game_rank"":466,""game_association_kind"":""khinsider_game_soundtrack"",""khinsider_album_url"":""https://downloads.khinsider.com/game-soundtracks/album/fire-emblem-radiant-dawn-complete"",""khinsider_album_title"":""Fire Emblem Radiant Dawn Complete (fire-emblem-radiant-dawn-complete)"",""khinsider_album_kind"":""unclassified_game_album"",""khinsider_album_match_score"":100.0,""relevance_score_100"":97.0,""popularity_score_100"":32.51324645792499,""score_100"":71.20529858316999,""popularity_basis"":""BeatHit master-list game rank plus track position proxy""}"
188,075 - Uncharted Fates.mp3,Unknown credited artist,[],Fire Emblem Radiant Dawn Complete (fire-emblem-radiant-dawn-complete),,,"[""video game soundtrack""]","[""und""]",,,,Fire Emblem: Radiant Dawn,,,khinsider_track_prominence_proxy,32.51324645792499,score_0_100,,,,71.20529858316999,,,,https://downloads.khinsider.com/game-soundtracks/album/fire-emblem-radiant-dawn-complete,2026-10-05,Track title is taken from KHInsider's soundtrack/gamerip album index. Popularity is an explicitly labelled proxy based on BeatHit game rank and track prominence.,"{""culture_category"":""video_game_music"",""video_game"":""Fire Emblem: Radiant Dawn"",""game_rank"":466,""game_association_kind"":""khinsider_game_soundtrack"",""khinsider_album_url"":""https://downloads.khinsider.com/game-soundtracks/album/fire-emblem-radiant-dawn-complete"",""khinsider_album_title"":""Fire Emblem Radiant Dawn Complete (fire-emblem-radiant-dawn-complete)"",""khinsider_album_kind"":""unclassified_game_album"",""khinsider_album_match_score"":100.0,""relevance_score_100"":97.0,""popularity_score_100"":32.51324645792499,""score_100"":71.20529858316999,""popularity_basis"":""BeatHit master-list game rank plus track position proxy""}"
189,076 - The Task At Hand.mp3,Unknown credited artist,[],Fire Emblem Radiant Dawn Complete (fire-emblem-radiant-dawn-complete),,,"[""video game soundtrack""]","[""und""]",,,,Fire Emblem: Radiant Dawn,,,khinsider_track_prominence_proxy,32.51324645792499,score_0_100,,,,71.20529858316999,,,,https://downloads.khinsider.com/game-soundtracks/album/fire-emblem-radiant-dawn-complete,2026-10-05,Track title is taken from KHInsider's soundtrack/gamerip album index. Popularity is an explicitly labelled proxy based on BeatHit game rank and track prominence.,"{""culture_category"":""video_game_music"",""video_game"":""Fire Emblem: Radiant Dawn"",""game_rank"":466,""game_association_kind"":""khinsider_game_soundtrack"",""khinsider_album_url"":""https://downloads.khinsider.com/game-soundtracks/album/fire-emblem-radiant-dawn-complete"",""khinsider_album_title"":""Fire Emblem Radiant Dawn Complete (fire-emblem-radiant-dawn-complete)"",""khinsider_album_kind"":""unclassified_game_album"",""khinsider_album_match_score"":100.0,""relevance_score_100"":97.0,""popularity_score_100"":32.51324645792499,""score_100"":71.20529858316999,""popularity_basis"":""BeatHit master-list game rank plus track position proxy""}"
190,077 - Comfort's Call.mp3,Unknown credited artist,[],Fire Emblem Radiant Dawn Complete (fire-emblem-radiant-dawn-complete),,,"[""video game soundtrack""]","[""und""]",,,,Fire Emblem: Radiant Dawn,,,khinsider_track_prominence_proxy,32.51324645792499,score_0_100,,,,71.20529858316999,,,,https://downloads.khinsider.com/game-soundtracks/album/fire-emblem-radiant-dawn-complete,2026-10-05,Track title is taken from KHInsider's soundtrack/gamerip album index. Popularity is an explicitly labelled proxy based on BeatHit game rank and track prominence.,"{""culture_category"":""video_game_music"",""video_game"":""Fire Emblem: Radiant Dawn"",""game_rank"":466,""game_association_kind"":""khinsider_game_soundtrack"",""khinsider_album_url"":""https://downloads.khinsider.com/game-soundtracks/album/fire-emblem-radiant-dawn-complete"",""khinsider_album_title"":""Fire Emblem Radiant Dawn Complete (fire-emblem-radiant-dawn-complete)"",""khinsider_album_kind"":""unclassified_game_album"",""khinsider_album_match_score"":100.0,""relevance_score_100"":97.0,""popularity_score_100"":32.51324645792499,""score_100"":71.20529858316999,""popularity_basis"":""BeatHit master-list game rank plus track position proxy""}"
191,078 - Backsliding.mp3,Unknown credited artist,[],Fire Emblem Radiant Dawn Complete (fire-emblem-radiant-dawn-complete),,,"[""video game soundtrack""]","[""und""]",,,,Fire Emblem: Radiant Dawn,,,khinsider_track_prominence_proxy,32.51324645792499,score_0_100,,,,71.20529858316999,,,,https://downloads.khinsider.com/game-soundtracks/album/fire-emblem-radiant-dawn-complete,2026-10-05,Track title is taken from KHInsider's soundtrack/gamerip album index. Popularity is an explicitly labelled proxy based on BeatHit game rank and track prominence.,"{""culture_category"":""video_game_music"",""video_game"":""Fire Emblem: Radiant Dawn"",""game_rank"":466,""game_association_kind"":""khinsider_game_soundtrack"",""khinsider_album_url"":""https://downloads.khinsider.com/game-soundtracks/album/fire-emblem-radiant-dawn-complete"",""khinsider_album_title"":""Fire Emblem Radiant Dawn Complete (fire-emblem-radiant-dawn-complete)"",""khinsider_album_kind"":""unclassified_game_album"",""khinsider_album_match_score"":100.0,""relevance_score_100"":97.0,""popularity_score_100"":32.51324645792499,""score_100"":71.20529858316999,""popularity_basis"":""BeatHit master-list game rank plus track position proxy""}"
192,079 - Pray For Victory.mp3,Unknown credited artist,[],Fire Emblem Radiant Dawn Complete (fire-emblem-radiant-dawn-complete),,,"[""video game soundtrack""]","[""und""]",,,,Fire Emblem: Radiant Dawn,,,khinsider_track_prominence_proxy,32.51324645792499,score_0_100,,,,71.20529858316999,,,,https://downloads.khinsider.com/game-soundtracks/album/fire-emblem-radiant-dawn-complete,2026-10-05,Track title is taken from KHInsider's soundtrack/gamerip album index. Popularity is an explicitly labelled proxy based on BeatHit game rank and track prominence.,"{""culture_category"":""video_game_music"",""video_game"":""Fire Emblem: Radiant Dawn"",""game_rank"":466,""game_association_kind"":""khinsider_game_soundtrack"",""khinsider_album_url"":""https://downloads.khinsider.com/game-soundtracks/album/fire-emblem-radiant-dawn-complete"",""khinsider_album_title"":""Fire Emblem Radiant Dawn Complete (fire-emblem-radiant-dawn-complete)"",""khinsider_album_kind"":""unclassified_game_album"",""khinsider_album_match_score"":100.0,""relevance_score_100"":97.0,""popularity_score_100"":32.51324645792499,""score_100"":71.20529858316999,""popularity_basis"":""BeatHit master-list game rank plus track position proxy""}"
193,080 - Silence Reigns.mp3,Unknown credited artist,[],Fire Emblem Radiant Dawn Complete (fire-emblem-radiant-dawn-complete),,,"[""video game soundtrack""]","[""und""]",,,,Fire Emblem: Radiant Dawn,,,khinsider_track_prominence_proxy,32.51324645792499,score_0_100,,,,71.20529858316999,,,,https://downloads.khinsider.com/game-soundtracks/album/fire-emblem-radiant-dawn-complete,2026-10-05,Track title is taken from KHInsider's soundtrack/gamerip album index. Popularity is an explicitly labelled proxy based on BeatHit game rank and track prominence.,"{""culture_category"":""video_game_music"",""video_game"":""Fire Emblem: Radiant Dawn"",""game_rank"":466,""game_association_kind"":""khinsider_game_soundtrack"",""khinsider_album_url"":""https://downloads.khinsider.com/game-soundtracks/album/fire-emblem-radiant-dawn-complete"",""khinsider_album_title"":""Fire Emblem Radiant Dawn Complete (fire-emblem-radiant-dawn-complete)"",""khinsider_album_kind"":""unclassified_game_album"",""khinsider_album_match_score"":100.0,""relevance_score_100"":97.0,""popularity_score_100"":32.51324645792499,""score_100"":71.20529858316999,""popularity_basis"":""BeatHit master-list game rank plus track position proxy""}"
194,081 - Fading Embers.mp3,Unknown credited artist,[],Fire Emblem Radiant Dawn Complete (fire-emblem-radiant-dawn-complete),,,"[""video game soundtrack""]","[""und""]",,,,Fire Emblem: Radiant Dawn,,,khinsider_track_prominence_proxy,32.51324645792499,score_0_100,,,,71.20529858316999,,,,https://downloads.khinsider.com/game-soundtracks/album/fire-emblem-radiant-dawn-complete,2026-10-05,Track title is taken from KHInsider's soundtrack/gamerip album index. Popularity is an explicitly labelled proxy based on BeatHit game rank and track prominence.,"{""culture_category"":""video_game_music"",""video_game"":""Fire Emblem: Radiant Dawn"",""game_rank"":466,""game_association_kind"":""khinsider_game_soundtrack"",""khinsider_album_url"":""https://downloads.khinsider.com/game-soundtracks/album/fire-emblem-radiant-dawn-complete"",""khinsider_album_title"":""Fire Emblem Radiant Dawn Complete (fire-emblem-radiant-dawn-complete)"",""khinsider_album_kind"":""unclassified_game_album"",""khinsider_album_match_score"":100.0,""relevance_score_100"":97.0,""popularity_score_100"":32.51324645792499,""score_100"":71.20529858316999,""popularity_basis"":""BeatHit master-list game rank plus track position proxy""}"
195,081A - Fading Embers (Alternate Version).mp3,Unknown credited artist,[],Fire Emblem Radiant Dawn Complete (fire-emblem-radiant-dawn-complete),,,"[""video game soundtrack""]","[""und""]",,,,Fire Emblem: Radiant Dawn,,,khinsider_track_prominence_proxy,32.51324645792499,score_0_100,,,,71.20529858316999,,,,https://downloads.khinsider.com/game-soundtracks/album/fire-emblem-radiant-dawn-complete,2026-10-05,Track title is taken from KHInsider's soundtrack/gamerip album index. Popularity is an explicitly labelled proxy based on BeatHit game rank and track prominence.,"{""culture_category"":""video_game_music"",""video_game"":""Fire Emblem: Radiant Dawn"",""game_rank"":466,""game_association_kind"":""khinsider_game_soundtrack"",""khinsider_album_url"":""https://downloads.khinsider.com/game-soundtracks/album/fire-emblem-radiant-dawn-complete"",""khinsider_album_title"":""Fire Emblem Radiant Dawn Complete (fire-emblem-radiant-dawn-complete)"",""khinsider_album_kind"":""unclassified_game_album"",""khinsider_album_match_score"":100.0,""relevance_score_100"":97.0,""popularity_score_100"":32.51324645792499,""score_100"":71.20529858316999,""popularity_basis"":""BeatHit master-list game rank plus track position proxy""}"
196,082 - Praise The Fallen.mp3,Unknown credited artist,[],Fire Emblem Radiant Dawn Complete (fire-emblem-radiant-dawn-complete),,,"[""video game soundtrack""]","[""und""]",,,,Fire Emblem: Radiant Dawn,,,khinsider_track_prominence_proxy,32.51324645792499,score_0_100,,,,71.20529858316999,,,,https://downloads.khinsider.com/game-soundtracks/album/fire-emblem-radiant-dawn-complete,2026-10-05,Track title is taken from KHInsider's soundtrack/gamerip album index. Popularity is an explicitly labelled proxy based on BeatHit game rank and track prominence.,"{""culture_category"":""video_game_music"",""video_game"":""Fire Emblem: Radiant Dawn"",""game_rank"":466,""game_association_kind"":""khinsider_game_soundtrack"",""khinsider_album_url"":""https://downloads.khinsider.com/game-soundtracks/album/fire-emblem-radiant-dawn-complete"",""khinsider_album_title"":""Fire Emblem Radiant Dawn Complete (fire-emblem-radiant-dawn-complete)"",""khinsider_album_kind"":""unclassified_game_album"",""khinsider_album_match_score"":100.0,""relevance_score_100"":97.0,""popularity_score_100"":32.51324645792499,""score_100"":71.20529858316999,""popularity_basis"":""BeatHit master-list game rank plus track position proxy""}"
197,083 - A Test Of Will.mp3,Unknown credited artist,[],Fire Emblem Radiant Dawn Complete (fire-emblem-radiant-dawn-complete),,,"[""video game soundtrack""]","[""und""]",,,,Fire Emblem: Radiant Dawn,,,khinsider_track_prominence_proxy,32.51324645792499,score_0_100,,,,71.20529858316999,,,,https://downloads.khinsider.com/game-soundtracks/album/fire-emblem-radiant-dawn-complete,2026-10-05,Track title is taken from KHInsider's soundtrack/gamerip album index. Popularity is an explicitly labelled proxy based on BeatHit game rank and track prominence.,"{""culture_category"":""video_game_music"",""video_game"":""Fire Emblem: Radiant Dawn"",""game_rank"":466,""game_association_kind"":""khinsider_game_soundtrack"",""khinsider_album_url"":""https://downloads.khinsider.com/game-soundtracks/album/fire-emblem-radiant-dawn-complete"",""khinsider_album_title"":""Fire Emblem Radiant Dawn Complete (fire-emblem-radiant-dawn-complete)"",""khinsider_album_kind"":""unclassified_game_album"",""khinsider_album_match_score"":100.0,""relevance_score_100"":97.0,""popularity_score_100"":32.51324645792499,""score_100"":71.20529858316999,""popularity_basis"":""BeatHit master-list game rank plus track position proxy""}"
198,084 - Everything Hereafter.mp3,Unknown credited artist,[],Fire Emblem Radiant Dawn Complete (fire-emblem-radiant-dawn-complete),,,"[""video game soundtrack""]","[""und""]",,,,Fire Emblem: Radiant Dawn,,,khinsider_track_prominence_proxy,32.51324645792499,score_0_100,,,,71.20529858316999,,,,https://downloads.khinsider.com/game-soundtracks/album/fire-emblem-radiant-dawn-complete,2026-10-05,Track title is taken from KHInsider's soundtrack/gamerip album index. Popularity is an explicitly labelled proxy based on BeatHit game rank and track prominence.,"{""culture_category"":""video_game_music"",""video_game"":""Fire Emblem: Radiant Dawn"",""game_rank"":466,""game_association_kind"":""khinsider_game_soundtrack"",""khinsider_album_url"":""https://downloads.khinsider.com/game-soundtracks/album/fire-emblem-radiant-dawn-complete"",""khinsider_album_title"":""Fire Emblem Radiant Dawn Complete (fire-emblem-radiant-dawn-complete)"",""khinsider_album_kind"":""unclassified_game_album"",""khinsider_album_match_score"":100.0,""relevance_score_100"":97.0,""popularity_score_100"":32.51324645792499,""score_100"":71.20529858316999,""popularity_basis"":""BeatHit master-list game rank plus track position proxy""}"
199,085 - Dawn Awakens.mp3,Unknown credited artist,[],Fire Emblem Radiant Dawn Complete (fire-emblem-radiant-dawn-complete),,,"[""video game soundtrack""]","[""und""]",,,,Fire Emblem: Radiant Dawn,,,khinsider_track_prominence_proxy,32.51324645792499,score_0_100,,,,71.20529858316999,,,,https://downloads.khinsider.com/game-soundtracks/album/fire-emblem-radiant-dawn-complete,2026-10-05,Track title is taken from KHInsider's soundtrack/gamerip album index. Popularity is an explicitly labelled proxy based on BeatHit game rank and track prominence.,"{""culture_category"":""video_game_music"",""video_game"":""Fire Emblem: Radiant Dawn"",""game_rank"":466,""game_association_kind"":""khinsider_game_soundtrack"",""khinsider_album_url"":""https://downloads.khinsider.com/game-soundtracks/album/fire-emblem-radiant-dawn-complete"",""khinsider_album_title"":""Fire Emblem Radiant Dawn Complete (fire-emblem-radiant-dawn-complete)"",""khinsider_album_kind"":""unclassified_game_album"",""khinsider_album_match_score"":100.0,""relevance_score_100"":97.0,""popularity_score_100"":32.51324645792499,""score_100"":71.20529858316999,""popularity_basis"":""BeatHit master-list game rank plus track position proxy""}"
200,101 - Opening Movie.mp3,Unknown credited artist,[],Fire Emblem Radiant Dawn Complete (fire-emblem-radiant-dawn-complete),,,"[""video game soundtrack""]","[""und""]",,,,Fire Emblem: Radiant Dawn,,,khinsider_track_prominence_proxy,32.51324645792499,score_0_100,,,,71.20529858316999,,,,https://downloads.khinsider.com/game-soundtracks/album/fire-emblem-radiant-dawn-complete,2026-10-05,Track title is taken from KHInsider's soundtrack/gamerip album index. Popularity is an explicitly labelled proxy based on BeatHit game rank and track prominence.,"{""culture_category"":""video_game_music"",""video_game"":""Fire Emblem: Radiant Dawn"",""game_rank"":466,""game_association_kind"":""khinsider_game_soundtrack"",""khinsider_album_url"":""https://downloads.khinsider.com/game-soundtracks/album/fire-emblem-radiant-dawn-complete"",""khinsider_album_title"":""Fire Emblem Radiant Dawn Complete (fire-emblem-radiant-dawn-complete)"",""khinsider_album_kind"":""unclassified_game_album"",""khinsider_album_match_score"":100.0,""relevance_score_100"":97.0,""popularity_score_100"":32.51324645792499,""score_100"":71.20529858316999,""popularity_basis"":""BeatHit master-list game rank plus track position proxy""}"
201,102 - Opening Movie (Alternate Version).mp3,Unknown credited artist,[],Fire Emblem Radiant Dawn Complete (fire-emblem-radiant-dawn-complete),,,"[""video game soundtrack""]","[""und""]",,,,Fire Emblem: Radiant Dawn,,,khinsider_track_prominence_proxy,32.51324645792499,score_0_100,,,,71.20529858316999,,,,https://downloads.khinsider.com/game-soundtracks/album/fire-emblem-radiant-dawn-complete,2026-10-05,Track title is taken from KHInsider's soundtrack/gamerip album index. Popularity is an explicitly labelled proxy based on BeatHit game rank and track prominence.,"{""culture_category"":""video_game_music"",""video_game"":""Fire Emblem: Radiant Dawn"",""game_rank"":466,""game_association_kind"":""khinsider_game_soundtrack"",""khinsider_album_url"":""https://downloads.khinsider.com/game-soundtracks/album/fire-emblem-radiant-dawn-complete"",""khinsider_album_title"":""Fire Emblem Radiant Dawn Complete (fire-emblem-radiant-dawn-complete)"",""khinsider_album_kind"":""unclassified_game_album"",""khinsider_album_match_score"":100.0,""relevance_score_100"":97.0,""popularity_score_100"":32.51324645792499,""score_100"":71.20529858316999,""popularity_basis"":""BeatHit master-list game rank plus track position proxy""}"
202,103 - Base Theme (1).mp3,Unknown credited artist,[],Fire Emblem Radiant Dawn Complete (fire-emblem-radiant-dawn-complete),,,"[""video game soundtrack""]","[""und""]",,,,Fire Emblem: Radiant Dawn,,,khinsider_track_prominence_proxy,32.51324645792499,score_0_100,,,,71.20529858316999,,,,https://downloads.khinsider.com/game-soundtracks/album/fire-emblem-radiant-dawn-complete,2026-10-05,Track title is taken from KHInsider's soundtrack/gamerip album index. Popularity is an explicitly labelled proxy based on BeatHit game rank and track prominence.,"{""culture_category"":""video_game_music"",""video_game"":""Fire Emblem: Radiant Dawn"",""game_rank"":466,""game_association_kind"":""khinsider_game_soundtrack"",""khinsider_album_url"":""https://downloads.khinsider.com/game-soundtracks/album/fire-emblem-radiant-dawn-complete"",""khinsider_album_title"":""Fire Emblem Radiant Dawn Complete (fire-emblem-radiant-dawn-complete)"",""khinsider_album_kind"":""unclassified_game_album"",""khinsider_album_match_score"":100.0,""relevance_score_100"":97.0,""popularity_score_100"":32.51324645792499,""score_100"":71.20529858316999,""popularity_basis"":""BeatHit master-list game rank plus track position proxy""}"
203,104 - Base Theme (2).mp3,Unknown credited artist,[],Fire Emblem Radiant Dawn Complete (fire-emblem-radiant-dawn-complete),,,"[""video game soundtrack""]","[""und""]",,,,Fire Emblem: Radiant Dawn,,,khinsider_track_prominence_proxy,32.51324645792499,score_0_100,,,,71.20529858316999,,,,https://downloads.khinsider.com/game-soundtracks/album/fire-emblem-radiant-dawn-complete,2026-10-05,Track title is taken from KHInsider's soundtrack/gamerip album index. Popularity is an explicitly labelled proxy based on BeatHit game rank and track prominence.,"{""culture_category"":""video_game_music"",""video_game"":""Fire Emblem: Radiant Dawn"",""game_rank"":466,""game_association_kind"":""khinsider_game_soundtrack"",""khinsider_album_url"":""https://downloads.khinsider.com/game-soundtracks/album/fire-emblem-radiant-dawn-complete"",""khinsider_album_title"":""Fire Emblem Radiant Dawn Complete (fire-emblem-radiant-dawn-complete)"",""khinsider_album_kind"":""unclassified_game_album"",""khinsider_album_match_score"":100.0,""relevance_score_100"":97.0,""popularity_score_100"":32.51324645792499,""score_100"":71.20529858316999,""popularity_basis"":""BeatHit master-list game rank plus track position proxy""}"
204,105 - Boss Theme (1).mp3,Unknown credited artist,[],Fire Emblem Radiant Dawn Complete (fire-emblem-radiant-dawn-complete),,,"[""video game soundtrack""]","[""und""]",,,,Fire Emblem: Radiant Dawn,,,khinsider_track_prominence_proxy,32.51324645792499,score_0_100,,,,71.20529858316999,,,,https://downloads.khinsider.com/game-soundtracks/album/fire-emblem-radiant-dawn-complete,2026-10-05,Track title is taken from KHInsider's soundtrack/gamerip album index. Popularity is an explicitly labelled proxy based on BeatHit game rank and track prominence.,"{""culture_category"":""video_game_music"",""video_game"":""Fire Emblem: Radiant Dawn"",""game_rank"":466,""game_association_kind"":""khinsider_game_soundtrack"",""khinsider_album_url"":""https://downloads.khinsider.com/game-soundtracks/album/fire-emblem-radiant-dawn-complete"",""khinsider_album_title"":""Fire Emblem Radiant Dawn Complete (fire-emblem-radiant-dawn-complete)"",""khinsider_album_kind"":""unclassified_game_album"",""khinsider_album_match_score"":100.0,""relevance_score_100"":97.0,""popularity_score_100"":32.51324645792499,""score_100"":71.20529858316999,""popularity_basis"":""BeatHit master-list game rank plus track position proxy""}"
205,106 - Boss Theme (2).mp3,Unknown credited artist,[],Fire Emblem Radiant Dawn Complete (fire-emblem-radiant-dawn-complete),,,"[""video game soundtrack""]","[""und""]",,,,Fire Emblem: Radiant Dawn,,,khinsider_track_prominence_proxy,32.51324645792499,score_0_100,,,,71.20529858316999,,,,https://downloads.khinsider.com/game-soundtracks/album/fire-emblem-radiant-dawn-complete,2026-10-05,Track title is taken from KHInsider's soundtrack/gamerip album index. Popularity is an explicitly labelled proxy based on BeatHit game rank and track prominence.,"{""culture_category"":""video_game_music"",""video_game"":""Fire Emblem: Radiant Dawn"",""game_rank"":466,""game_association_kind"":""khinsider_game_soundtrack"",""khinsider_album_url"":""https://downloads.khinsider.com/game-soundtracks/album/fire-emblem-radiant-dawn-complete"",""khinsider_album_title"":""Fire Emblem Radiant Dawn Complete (fire-emblem-radiant-dawn-complete)"",""khinsider_album_kind"":""unclassified_game_album"",""khinsider_album_match_score"":100.0,""relevance_score_100"":97.0,""popularity_score_100"":32.51324645792499,""score_100"":71.20529858316999,""popularity_basis"":""BeatHit master-list game rank plus track position proxy""}"
206,107 - Boss Theme (3).mp3,Unknown credited artist,[],Fire Emblem Radiant Dawn Complete (fire-emblem-radiant-dawn-complete),,,"[""video game soundtrack""]","[""und""]",,,,Fire Emblem: Radiant Dawn,,,khinsider_track_prominence_proxy,32.51324645792499,score_0_100,,,,71.20529858316999,,,,https://downloads.khinsider.com/game-soundtracks/album/fire-emblem-radiant-dawn-complete,2026-10-05,Track title is taken from KHInsider's soundtrack/gamerip album index. Popularity is an explicitly labelled proxy based on BeatHit game rank and track prominence.,"{""culture_category"":""video_game_music"",""video_game"":""Fire Emblem: Radiant Dawn"",""game_rank"":466,""game_association_kind"":""khinsider_game_soundtrack"",""khinsider_album_url"":""https://downloads.khinsider.com/game-soundtracks/album/fire-emblem-radiant-dawn-complete"",""khinsider_album_title"":""Fire Emblem Radiant Dawn Complete (fire-emblem-radiant-dawn-complete)"",""khinsider_album_kind"":""unclassified_game_album"",""khinsider_album_match_score"":100.0,""relevance_score_100"":97.0,""popularity_score_100"":32.51324645792499,""score_100"":71.20529858316999,""popularity_basis"":""BeatHit master-list game rank plus track position proxy""}"
207,108 - Character Joins.mp3,Unknown credited artist,[],Fire Emblem Radiant Dawn Complete (fire-emblem-radiant-dawn-complete),,,"[""video game soundtrack""]","[""und""]",,,,Fire Emblem: Radiant Dawn,,,khinsider_track_prominence_proxy,32.51324645792499,score_0_100,,,,71.20529858316999,,,,https://downloads.khinsider.com/game-soundtracks/album/fire-emblem-radiant-dawn-complete,2026-10-05,Track title is taken from KHInsider's soundtrack/gamerip album index. Popularity is an explicitly labelled proxy based on BeatHit game rank and track prominence.,"{""culture_category"":""video_game_music"",""video_game"":""Fire Emblem: Radiant Dawn"",""game_rank"":466,""game_association_kind"":""khinsider_game_soundtrack"",""khinsider_album_url"":""https://downloads.khinsider.com/game-soundtracks/album/fire-emblem-radiant-dawn-complete"",""khinsider_album_title"":""Fire Emblem Radiant Dawn Complete (fire-emblem-radiant-dawn-complete)"",""khinsider_album_kind"":""unclassified_game_album"",""khinsider_album_match_score"":100.0,""relevance_score_100"":97.0,""popularity_score_100"":32.51324645792499,""score_100"":71.20529858316999,""popularity_basis"":""BeatHit master-list game rank plus track position proxy""}"
208,109 - Death (Main Character).mp3,Unknown credited artist,[],Fire Emblem Radiant Dawn Complete (fire-emblem-radiant-dawn-complete),,,"[""video game soundtrack""]","[""und""]",,,,Fire Emblem: Radiant Dawn,,,khinsider_track_prominence_proxy,32.51324645792499,score_0_100,,,,71.20529858316999,,,,https://downloads.khinsider.com/game-soundtracks/album/fire-emblem-radiant-dawn-complete,2026-10-05,Track title is taken from KHInsider's soundtrack/gamerip album index. Popularity is an explicitly labelled proxy based on BeatHit game rank and track prominence.,"{""culture_category"":""video_game_music"",""video_game"":""Fire Emblem: Radiant Dawn"",""game_rank"":466,""game_association_kind"":""khinsider_game_soundtrack"",""khinsider_album_url"":""https://downloads.khinsider.com/game-soundtracks/album/fire-emblem-radiant-dawn-complete"",""khinsider_album_title"":""Fire Emblem Radiant Dawn Complete (fire-emblem-radiant-dawn-complete)"",""khinsider_album_kind"":""unclassified_game_album"",""khinsider_album_match_score"":100.0,""relevance_score_100"":97.0,""popularity_score_100"":32.51324645792499,""score_100"":71.20529858316999,""popularity_basis"":""BeatHit master-list game rank plus track position proxy""}"
209,110 - Desert Theme.mp3,Unknown credited artist,[],Fire Emblem Radiant Dawn Complete (fire-emblem-radiant-dawn-complete),,,"[""video game soundtrack""]","[""und""]",,,,Fire Emblem: Radiant Dawn,,,khinsider_track_prominence_proxy,32.51324645792499,score_0_100,,,,71.20529858316999,,,,https://downloads.khinsider.com/game-soundtracks/album/fire-emblem-radiant-dawn-complete,2026-10-05,Track title is taken from KHInsider's soundtrack/gamerip album index. Popularity is an explicitly labelled proxy based on BeatHit game rank and track prominence.,"{""culture_category"":""video_game_music"",""video_game"":""Fire Emblem: Radiant Dawn"",""game_rank"":466,""game_association_kind"":""khinsider_game_soundtrack"",""khinsider_album_url"":""https://downloads.khinsider.com/game-soundtracks/album/fire-emblem-radiant-dawn-complete"",""khinsider_album_title"":""Fire Emblem Radiant Dawn Complete (fire-emblem-radiant-dawn-complete)"",""khinsider_album_kind"":""unclassified_game_album"",""khinsider_album_match_score"":100.0,""relevance_score_100"":97.0,""popularity_score_100"":32.51324645792499,""score_100"":71.20529858316999,""popularity_basis"":""BeatHit master-list game rank plus track position proxy""}"
210,111 - Elincia's Theme.mp3,Unknown credited artist,[],Fire Emblem Radiant Dawn Complete (fire-emblem-radiant-dawn-complete),,,"[""video game soundtrack""]","[""und""]",,,,Fire Emblem: Radiant Dawn,,,khinsider_track_prominence_proxy,32.51324645792499,score_0_100,,,,71.20529858316999,,,,https://downloads.khinsider.com/game-soundtracks/album/fire-emblem-radiant-dawn-complete,2026-10-05,Track title is taken from KHInsider's soundtrack/gamerip album index. Popularity is an explicitly labelled proxy based on BeatHit game rank and track prominence.,"{""culture_category"":""video_game_music"",""video_game"":""Fire Emblem: Radiant Dawn"",""game_rank"":466,""game_association_kind"":""khinsider_game_soundtrack"",""khinsider_album_url"":""https://downloads.khinsider.com/game-soundtracks/album/fire-emblem-radiant-dawn-complete"",""khinsider_album_title"":""Fire Emblem Radiant Dawn Complete (fire-emblem-radiant-dawn-complete)"",""khinsider_album_kind"":""unclassified_game_album"",""khinsider_album_match_score"":100.0,""relevance_score_100"":97.0,""popularity_score_100"":32.51324645792499,""score_100"":71.20529858316999,""popularity_basis"":""BeatHit master-list game rank plus track position proxy""}"
211,112 - Enemy Battle Theme (1).mp3,Unknown credited artist,[],Fire Emblem Radiant Dawn Complete (fire-emblem-radiant-dawn-complete),,,"[""video game soundtrack""]","[""und""]",,,,Fire Emblem: Radiant Dawn,,,khinsider_track_prominence_proxy,32.51324645792499,score_0_100,,,,71.20529858316999,,,,https://downloads.khinsider.com/game-soundtracks/album/fire-emblem-radiant-dawn-complete,2026-10-05,Track title is taken from KHInsider's soundtrack/gamerip album index. Popularity is an explicitly labelled proxy based on BeatHit game rank and track prominence.,"{""culture_category"":""video_game_music"",""video_game"":""Fire Emblem: Radiant Dawn"",""game_rank"":466,""game_association_kind"":""khinsider_game_soundtrack"",""khinsider_album_url"":""https://downloads.khinsider.com/game-soundtracks/album/fire-emblem-radiant-dawn-complete"",""khinsider_album_title"":""Fire Emblem Radiant Dawn Complete (fire-emblem-radiant-dawn-complete)"",""khinsider_album_kind"":""unclassified_game_album"",""khinsider_album_match_score"":100.0,""relevance_score_100"":97.0,""popularity_score_100"":32.51324645792499,""score_100"":71.20529858316999,""popularity_basis"":""BeatHit master-list game rank plus track position proxy""}"
212,113 - Enemy Battle Theme (2A).mp3,Unknown credited artist,[],Fire Emblem Radiant Dawn Complete (fire-emblem-radiant-dawn-complete),,,"[""video game soundtrack""]","[""und""]",,,,Fire Emblem: Radiant Dawn,,,khinsider_track_prominence_proxy,32.51324645792499,score_0_100,,,,71.20529858316999,,,,https://downloads.khinsider.com/game-soundtracks/album/fire-emblem-radiant-dawn-complete,2026-10-05,Track title is taken from KHInsider's soundtrack/gamerip album index. Popularity is an explicitly labelled proxy based on BeatHit game rank and track prominence.,"{""culture_category"":""video_game_music"",""video_game"":""Fire Emblem: Radiant Dawn"",""game_rank"":466,""game_association_kind"":""khinsider_game_soundtrack"",""khinsider_album_url"":""https://downloads.khinsider.com/game-soundtracks/album/fire-emblem-radiant-dawn-complete"",""khinsider_album_title"":""Fire Emblem Radiant Dawn Complete (fire-emblem-radiant-dawn-complete)"",""khinsider_album_kind"":""unclassified_game_album"",""khinsider_album_match_score"":100.0,""relevance_score_100"":97.0,""popularity_score_100"":32.51324645792499,""score_100"":71.20529858316999,""popularity_basis"":""BeatHit master-list game rank plus track position proxy""}"
213,114 - Enemy Battle Theme (2B).mp3,Unknown credited artist,[],Fire Emblem Radiant Dawn Complete (fire-emblem-radiant-dawn-complete),,,"[""video game soundtrack""]","[""und""]",,,,Fire Emblem: Radiant Dawn,,,khinsider_track_prominence_proxy,32.51324645792499,score_0_100,,,,71.20529858316999,,,,https://downloads.khinsider.com/game-soundtracks/album/fire-emblem-radiant-dawn-complete,2026-10-05,Track title is taken from KHInsider's soundtrack/gamerip album index. Popularity is an explicitly labelled proxy based on BeatHit game rank and track prominence.,"{""culture_category"":""video_game_music"",""video_game"":""Fire Emblem: Radiant Dawn"",""game_rank"":466,""game_association_kind"":""khinsider_game_soundtrack"",""khinsider_album_url"":""https://downloads.khinsider.com/game-soundtracks/album/fire-emblem-radiant-dawn-complete"",""khinsider_album_title"":""Fire Emblem Radiant Dawn Complete (fire-emblem-radiant-dawn-complete)"",""khinsider_album_kind"":""unclassified_game_album"",""khinsider_album_match_score"":100.0,""relevance_score_100"":97.0,""popularity_score_100"":32.51324645792499,""score_100"":71.20529858316999,""popularity_basis"":""BeatHit master-list game rank plus track position proxy""}"
214,115 - Enemy Battle Theme (2C).mp3,Unknown credited artist,[],Fire Emblem Radiant Dawn Complete (fire-emblem-radiant-dawn-complete),,,"[""video game soundtrack""]","[""und""]",,,,Fire Emblem: Radiant Dawn,,,khinsider_track_prominence_proxy,32.51324645792499,score_0_100,,,,71.20529858316999,,,,https://downloads.khinsider.com/game-soundtracks/album/fire-emblem-radiant-dawn-complete,2026-10-05,Track title is taken from KHInsider's soundtrack/gamerip album index. Popularity is an explicitly labelled proxy based on BeatHit game rank and track prominence.,"{""culture_category"":""video_game_music"",""video_game"":""Fire Emblem: Radiant Dawn"",""game_rank"":466,""game_association_kind"":""khinsider_game_soundtrack"",""khinsider_album_url"":""https://downloads.khinsider.com/game-soundtracks/album/fire-emblem-radiant-dawn-complete"",""khinsider_album_title"":""Fire Emblem Radiant Dawn Complete (fire-emblem-radiant-dawn-complete)"",""khinsider_album_kind"":""unclassified_game_album"",""khinsider_album_match_score"":100.0,""relevance_score_100"":97.0,""popularity_score_100"":32.51324645792499,""score_100"":71.20529858316999,""popularity_basis"":""BeatHit master-list game rank plus track position proxy""}"
215,116 - Event Theme.mp3,Unknown credited artist,[],Fire Emblem Radiant Dawn Complete (fire-emblem-radiant-dawn-complete),,,"[""video game soundtrack""]","[""und""]",,,,Fire Emblem: Radiant Dawn,,,khinsider_track_prominence_proxy,32.51324645792499,score_0_100,,,,71.20529858316999,,,,https://downloads.khinsider.com/game-soundtracks/album/fire-emblem-radiant-dawn-complete,2026-10-05,Track title is taken from KHInsider's soundtrack/gamerip album index. Popularity is an explicitly labelled proxy based on BeatHit game rank and track prominence.,"{""culture_category"":""video_game_music"",""video_game"":""Fire Emblem: Radiant Dawn"",""game_rank"":466,""game_association_kind"":""khinsider_game_soundtrack"",""khinsider_album_url"":""https://downloads.khinsider.com/game-soundtracks/album/fire-emblem-radiant-dawn-complete"",""khinsider_album_title"":""Fire Emblem Radiant Dawn Complete (fire-emblem-radiant-dawn-complete)"",""khinsider_album_kind"":""unclassified_game_album"",""khinsider_album_match_score"":100.0,""relevance_score_100"":97.0,""popularity_score_100"":32.51324645792499,""score_100"":71.20529858316999,""popularity_basis"":""BeatHit master-list game rank plus track position proxy""}"
216,117 - Galdrar Of Rebirth.mp3,Unknown credited artist,[],Fire Emblem Radiant Dawn Complete (fire-emblem-radiant-dawn-complete),,,"[""video game soundtrack""]","[""und""]",,,,Fire Emblem: Radiant Dawn,,,khinsider_track_prominence_proxy,32.51324645792499,score_0_100,,,,71.20529858316999,,,,https://downloads.khinsider.com/game-soundtracks/album/fire-emblem-radiant-dawn-complete,2026-10-05,Track title is taken from KHInsider's soundtrack/gamerip album index. Popularity is an explicitly labelled proxy based on BeatHit game rank and track prominence.,"{""culture_category"":""video_game_music"",""video_game"":""Fire Emblem: Radiant Dawn"",""game_rank"":466,""game_association_kind"":""khinsider_game_soundtrack"",""khinsider_album_url"":""https://downloads.khinsider.com/game-soundtracks/album/fire-emblem-radiant-dawn-complete"",""khinsider_album_title"":""Fire Emblem Radiant Dawn Complete (fire-emblem-radiant-dawn-complete)"",""khinsider_album_kind"":""unclassified_game_album"",""khinsider_album_match_score"":100.0,""relevance_score_100"":97.0,""popularity_score_100"":32.51324645792499,""score_100"":71.20529858316999,""popularity_basis"":""BeatHit master-list game rank plus track position proxy""}"
217,118 - Galdrar Of Release (Micaiah).mp3,Unknown credited artist,[],Fire Emblem Radiant Dawn Complete (fire-emblem-radiant-dawn-complete),,,"[""video game soundtrack""]","[""und""]",,,,Fire Emblem: Radiant Dawn,,,khinsider_track_prominence_proxy,32.51324645792499,score_0_100,,,,71.20529858316999,,,,https://downloads.khinsider.com/game-soundtracks/album/fire-emblem-radiant-dawn-complete,2026-10-05,Track title is taken from KHInsider's soundtrack/gamerip album index. Popularity is an explicitly labelled proxy based on BeatHit game rank and track prominence.,"{""culture_category"":""video_game_music"",""video_game"":""Fire Emblem: Radiant Dawn"",""game_rank"":466,""game_association_kind"":""khinsider_game_soundtrack"",""khinsider_album_url"":""https://downloads.khinsider.com/game-soundtracks/album/fire-emblem-radiant-dawn-complete"",""khinsider_album_title"":""Fire Emblem Radiant Dawn Complete (fire-emblem-radiant-dawn-complete)"",""khinsider_album_kind"":""unclassified_game_album"",""khinsider_album_match_score"":100.0,""relevance_score_100"":97.0,""popularity_score_100"":32.51324645792499,""score_100"":71.20529858316999,""popularity_basis"":""BeatHit master-list game rank plus track position proxy""}"
218,119 - Galdrar Of Release (Mist).mp3,Unknown credited artist,[],Fire Emblem Radiant Dawn Complete (fire-emblem-radiant-dawn-complete),,,"[""video game soundtrack""]","[""und""]",,,,Fire Emblem: Radiant Dawn,,,khinsider_track_prominence_proxy,32.51324645792499,score_0_100,,,,71.20529858316999,,,,https://downloads.khinsider.com/game-soundtracks/album/fire-emblem-radiant-dawn-complete,2026-10-05,Track title is taken from KHInsider's soundtrack/gamerip album index. Popularity is an explicitly labelled proxy based on BeatHit game rank and track prominence.,"{""culture_category"":""video_game_music"",""video_game"":""Fire Emblem: Radiant Dawn"",""game_rank"":466,""game_association_kind"":""khinsider_game_soundtrack"",""khinsider_album_url"":""https://downloads.khinsider.com/game-soundtracks/album/fire-emblem-radiant-dawn-complete"",""khinsider_album_title"":""Fire Emblem Radiant Dawn Complete (fire-emblem-radiant-dawn-complete)"",""khinsider_album_kind"":""unclassified_game_album"",""khinsider_album_match_score"":100.0,""relevance_score_100"":97.0,""popularity_score_100"":32.51324645792499,""score_100"":71.20529858316999,""popularity_basis"":""BeatHit master-list game rank plus track position proxy""}"
219,120 - Map Theme.mp3,Unknown credited artist,[],Fire Emblem Radiant Dawn Complete (fire-emblem-radiant-dawn-complete),,,"[""video game soundtrack""]","[""und""]",,,,Fire Emblem: Radiant Dawn,,,khinsider_track_prominence_proxy,32.51324645792499,score_0_100,,,,71.20529858316999,,,,https://downloads.khinsider.com/game-soundtracks/album/fire-emblem-radiant-dawn-complete,2026-10-05,Track title is taken from KHInsider's soundtrack/gamerip album index. Popularity is an explicitly labelled proxy based on BeatHit game rank and track prominence.,"{""culture_category"":""video_game_music"",""video_game"":""Fire Emblem: Radiant Dawn"",""game_rank"":466,""game_association_kind"":""khinsider_game_soundtrack"",""khinsider_album_url"":""https://downloads.khinsider.com/game-soundtracks/album/fire-emblem-radiant-dawn-complete"",""khinsider_album_title"":""Fire Emblem Radiant Dawn Complete (fire-emblem-radiant-dawn-complete)"",""khinsider_album_kind"":""unclassified_game_album"",""khinsider_album_match_score"":100.0,""relevance_score_100"":97.0,""popularity_score_100"":32.51324645792499,""score_100"":71.20529858316999,""popularity_basis"":""BeatHit master-list game rank plus track position proxy""}"
220,121 - Mist's Theme.mp3,Unknown credited artist,[],Fire Emblem Radiant Dawn Complete (fire-emblem-radiant-dawn-complete),,,"[""video game soundtrack""]","[""und""]",,,,Fire Emblem: Radiant Dawn,,,khinsider_track_prominence_proxy,32.51324645792499,score_0_100,,,,71.20529858316999,,,,https://downloads.khinsider.com/game-soundtracks/album/fire-emblem-radiant-dawn-complete,2026-10-05,Track title is taken from KHInsider's soundtrack/gamerip album index. Popularity is an explicitly labelled proxy based on BeatHit game rank and track prominence.,"{""culture_category"":""video_game_music"",""video_game"":""Fire Emblem: Radiant Dawn"",""game_rank"":466,""game_association_kind"":""khinsider_game_soundtrack"",""khinsider_album_url"":""https://downloads.khinsider.com/game-soundtracks/album/fire-emblem-radiant-dawn-complete"",""khinsider_album_title"":""Fire Emblem Radiant Dawn Complete (fire-emblem-radiant-dawn-complete)"",""khinsider_album_kind"":""unclassified_game_album"",""khinsider_album_match_score"":100.0,""relevance_score_100"":97.0,""popularity_score_100"":32.51324645792499,""score_100"":71.20529858316999,""popularity_basis"":""BeatHit master-list game rank plus track position proxy""}"
221,122 - Naesala's Theme (1).mp3,Unknown credited artist,[],Fire Emblem Radiant Dawn Complete (fire-emblem-radiant-dawn-complete),,,"[""video game soundtrack""]","[""und""]",,,,Fire Emblem: Radiant Dawn,,,khinsider_track_prominence_proxy,32.51324645792499,score_0_100,,,,71.20529858316999,,,,https://downloads.khinsider.com/game-soundtracks/album/fire-emblem-radiant-dawn-complete,2026-10-05,Track title is taken from KHInsider's soundtrack/gamerip album index. Popularity is an explicitly labelled proxy based on BeatHit game rank and track prominence.,"{""culture_category"":""video_game_music"",""video_game"":""Fire Emblem: Radiant Dawn"",""game_rank"":466,""game_association_kind"":""khinsider_game_soundtrack"",""khinsider_album_url"":""https://downloads.khinsider.com/game-soundtracks/album/fire-emblem-radiant-dawn-complete"",""khinsider_album_title"":""Fire Emblem Radiant Dawn Complete (fire-emblem-radiant-dawn-complete)"",""khinsider_album_kind"":""unclassified_game_album"",""khinsider_album_match_score"":100.0,""relevance_score_100"":97.0,""popularity_score_100"":32.51324645792499,""score_100"":71.20529858316999,""popularity_basis"":""BeatHit master-list game rank plus track position proxy""}"
222,123 - Naesala's Theme (2).mp3,Unknown credited artist,[],Fire Emblem Radiant Dawn Complete (fire-emblem-radiant-dawn-complete),,,"[""video game soundtrack""]","[""und""]",,,,Fire Emblem: Radiant Dawn,,,khinsider_track_prominence_proxy,32.51324645792499,score_0_100,,,,71.20529858316999,,,,https://downloads.khinsider.com/game-soundtracks/album/fire-emblem-radiant-dawn-complete,2026-10-05,Track title is taken from KHInsider's soundtrack/gamerip album index. Popularity is an explicitly labelled proxy based on BeatHit game rank and track prominence.,"{""culture_category"":""video_game_music"",""video_game"":""Fire Emblem: Radiant Dawn"",""game_rank"":466,""game_association_kind"":""khinsider_game_soundtrack"",""khinsider_album_url"":""https://downloads.khinsider.com/game-soundtracks/album/fire-emblem-radiant-dawn-complete"",""khinsider_album_title"":""Fire Emblem Radiant Dawn Complete (fire-emblem-radiant-dawn-complete)"",""khinsider_album_kind"":""unclassified_game_album"",""khinsider_album_match_score"":100.0,""relevance_score_100"":97.0,""popularity_score_100"":32.51324645792499,""score_100"":71.20529858316999,""popularity_basis"":""BeatHit master-list game rank plus track position proxy""}"
223,124 - Player Battle Theme.mp3,Unknown credited artist,[],Fire Emblem Radiant Dawn Complete (fire-emblem-radiant-dawn-complete),,,"[""video game soundtrack""]","[""und""]",,,,Fire Emblem: Radiant Dawn,,,khinsider_track_prominence_proxy,32.51324645792499,score_0_100,,,,71.20529858316999,,,,https://downloads.khinsider.com/game-soundtracks/album/fire-emblem-radiant-dawn-complete,2026-10-05,Track title is taken from KHInsider's soundtrack/gamerip album index. Popularity is an explicitly labelled proxy based on BeatHit game rank and track prominence.,"{""culture_category"":""video_game_music"",""video_game"":""Fire Emblem: Radiant Dawn"",""game_rank"":466,""game_association_kind"":""khinsider_game_soundtrack"",""khinsider_album_url"":""https://downloads.khinsider.com/game-soundtracks/album/fire-emblem-radiant-dawn-complete"",""khinsider_album_title"":""Fire Emblem Radiant Dawn Complete (fire-emblem-radiant-dawn-complete)"",""khinsider_album_kind"":""unclassified_game_album"",""khinsider_album_match_score"":100.0,""relevance_score_100"":97.0,""popularity_score_100"":32.51324645792499,""score_100"":71.20529858316999,""popularity_basis"":""BeatHit master-list game rank plus track position proxy""}"
224,125 - System Theme.mp3,Unknown credited artist,[],Fire Emblem Radiant Dawn Complete (fire-emblem-radiant-dawn-complete),,,"[""video game soundtrack""]","[""und""]",,,,Fire Emblem: Radiant Dawn,,,khinsider_track_prominence_proxy,32.51324645792499,score_0_100,,,,71.20529858316999,,,,https://downloads.khinsider.com/game-soundtracks/album/fire-emblem-radiant-dawn-complete,2026-10-05,Track title is taken from KHInsider's soundtrack/gamerip album index. Popularity is an explicitly labelled proxy based on BeatHit game rank and track prominence.,"{""culture_category"":""video_game_music"",""video_game"":""Fire Emblem: Radiant Dawn"",""game_rank"":466,""game_association_kind"":""khinsider_game_soundtrack"",""khinsider_album_url"":""https://downloads.khinsider.com/game-soundtracks/album/fire-emblem-radiant-dawn-complete"",""khinsider_album_title"":""Fire Emblem Radiant Dawn Complete (fire-emblem-radiant-dawn-complete)"",""khinsider_album_kind"":""unclassified_game_album"",""khinsider_album_match_score"":100.0,""relevance_score_100"":97.0,""popularity_score_100"":32.51324645792499,""score_100"":71.20529858316999,""popularity_basis"":""BeatHit master-list game rank plus track position proxy""}"
225,126 - Tibarn's Theme (1).mp3,Unknown credited artist,[],Fire Emblem Radiant Dawn Complete (fire-emblem-radiant-dawn-complete),,,"[""video game soundtrack""]","[""und""]",,,,Fire Emblem: Radiant Dawn,,,khinsider_track_prominence_proxy,32.51324645792499,score_0_100,,,,71.20529858316999,,,,https://downloads.khinsider.com/game-soundtracks/album/fire-emblem-radiant-dawn-complete,2026-10-05,Track title is taken from KHInsider's soundtrack/gamerip album index. Popularity is an explicitly labelled proxy based on BeatHit game rank and track prominence.,"{""culture_category"":""video_game_music"",""video_game"":""Fire Emblem: Radiant Dawn"",""game_rank"":466,""game_association_kind"":""khinsider_game_soundtrack"",""khinsider_album_url"":""https://downloads.khinsider.com/game-soundtracks/album/fire-emblem-radiant-dawn-complete"",""khinsider_album_title"":""Fire Emblem Radiant Dawn Complete (fire-emblem-radiant-dawn-complete)"",""khinsider_album_kind"":""unclassified_game_album"",""khinsider_album_match_score"":100.0,""relevance_score_100"":97.0,""popularity_score_100"":32.51324645792499,""score_100"":71.20529858316999,""popularity_basis"":""BeatHit master-list game rank plus track position proxy""}"
226,127 - Tibarn's Theme (2).mp3,Unknown credited artist,[],Fire Emblem Radiant Dawn Complete (fire-emblem-radiant-dawn-complete),,,"[""video game soundtrack""]","[""und""]",,,,Fire Emblem: Radiant Dawn,,,khinsider_track_prominence_proxy,32.51324645792499,score_0_100,,,,71.20529858316999,,,,https://downloads.khinsider.com/game-soundtracks/album/fire-emblem-radiant-dawn-complete,2026-10-05,Track title is taken from KHInsider's soundtrack/gamerip album index. Popularity is an explicitly labelled proxy based on BeatHit game rank and track prominence.,"{""culture_category"":""video_game_music"",""video_game"":""Fire Emblem: Radiant Dawn"",""game_rank"":466,""game_association_kind"":""khinsider_game_soundtrack"",""khinsider_album_url"":""https://downloads.khinsider.com/game-soundtracks/album/fire-emblem-radiant-dawn-complete"",""khinsider_album_title"":""Fire Emblem Radiant Dawn Complete (fire-emblem-radiant-dawn-complete)"",""khinsider_album_kind"":""unclassified_game_album"",""khinsider_album_match_score"":100.0,""relevance_score_100"":97.0,""popularity_score_100"":32.51324645792499,""score_100"":71.20529858316999,""popularity_basis"":""BeatHit master-list game rank plus track position proxy""}"
227,128 - Unit Select.mp3,Unknown credited artist,[],Fire Emblem Radiant Dawn Complete (fire-emblem-radiant-dawn-complete),,,"[""video game soundtrack""]","[""und""]",,,,Fire Emblem: Radiant Dawn,,,khinsider_track_prominence_proxy,32.51324645792499,score_0_100,,,,71.20529858316999,,,,https://downloads.khinsider.com/game-soundtracks/album/fire-emblem-radiant-dawn-complete,2026-10-05,Track title is taken from KHInsider's soundtrack/gamerip album index. Popularity is an explicitly labelled proxy based on BeatHit game rank and track prominence.,"{""culture_category"":""video_game_music"",""video_game"":""Fire Emblem: Radiant Dawn"",""game_rank"":466,""game_association_kind"":""khinsider_game_soundtrack"",""khinsider_album_url"":""https://downloads.khinsider.com/game-soundtracks/album/fire-emblem-radiant-dawn-complete"",""khinsider_album_title"":""Fire Emblem Radiant Dawn Complete (fire-emblem-radiant-dawn-complete)"",""khinsider_album_kind"":""unclassified_game_album"",""khinsider_album_match_score"":100.0,""relevance_score_100"":97.0,""popularity_score_100"":32.51324645792499,""score_100"":71.20529858316999,""popularity_basis"":""BeatHit master-list game rank plus track position proxy""}"
228,129 - Victory Theme (1).mp3,Unknown credited artist,[],Fire Emblem Radiant Dawn Complete (fire-emblem-radiant-dawn-complete),,,"[""video game soundtrack""]","[""und""]",,,,Fire Emblem: Radiant Dawn,,,khinsider_track_prominence_proxy,32.51324645792499,score_0_100,,,,71.20529858316999,,,,https://downloads.khinsider.com/game-soundtracks/album/fire-emblem-radiant-dawn-complete,2026-10-05,Track title is taken from KHInsider's soundtrack/gamerip album index. Popularity is an explicitly labelled proxy based on BeatHit game rank and track prominence.,"{""culture_category"":""video_game_music"",""video_game"":""Fire Emblem: Radiant Dawn"",""game_rank"":466,""game_association_kind"":""khinsider_game_soundtrack"",""khinsider_album_url"":""https://downloads.khinsider.com/game-soundtracks/album/fire-emblem-radiant-dawn-complete"",""khinsider_album_title"":""Fire Emblem Radiant Dawn Complete (fire-emblem-radiant-dawn-complete)"",""khinsider_album_kind"":""unclassified_game_album"",""khinsider_album_match_score"":100.0,""relevance_score_100"":97.0,""popularity_score_100"":32.51324645792499,""score_100"":71.20529858316999,""popularity_basis"":""BeatHit master-list game rank plus track position proxy""}"
229,130 - Victory Theme (2).mp3,Unknown credited artist,[],Fire Emblem Radiant Dawn Complete (fire-emblem-radiant-dawn-complete),,,"[""video game soundtrack""]","[""und""]",,,,Fire Emblem: Radiant Dawn,,,khinsider_track_prominence_proxy,32.51324645792499,score_0_100,,,,71.20529858316999,,,,https://downloads.khinsider.com/game-soundtracks/album/fire-emblem-radiant-dawn-complete,2026-10-05,Track title is taken from KHInsider's soundtrack/gamerip album index. Popularity is an explicitly labelled proxy based on BeatHit game rank and track prominence.,"{""culture_category"":""video_game_music"",""video_game"":""Fire Emblem: Radiant Dawn"",""game_rank"":466,""game_association_kind"":""khinsider_game_soundtrack"",""khinsider_album_url"":""https://downloads.khinsider.com/game-soundtracks/album/fire-emblem-radiant-dawn-complete"",""khinsider_album_title"":""Fire Emblem Radiant Dawn Complete (fire-emblem-radiant-dawn-complete)"",""khinsider_album_kind"":""unclassified_game_album"",""khinsider_album_match_score"":100.0,""relevance_score_100"":97.0,""popularity_score_100"":32.51324645792499,""score_100"":71.20529858316999,""popularity_basis"":""BeatHit master-list game rank plus track position proxy""}"
230,131 - Victory Theme (3).mp3,Unknown credited artist,[],Fire Emblem Radiant Dawn Complete (fire-emblem-radiant-dawn-complete),,,"[""video game soundtrack""]","[""und""]",,,,Fire Emblem: Radiant Dawn,,,khinsider_track_prominence_proxy,32.51324645792499,score_0_100,,,,71.20529858316999,,,,https://downloads.khinsider.com/game-soundtracks/album/fire-emblem-radiant-dawn-complete,2026-10-05,Track title is taken from KHInsider's soundtrack/gamerip album index. Popularity is an explicitly labelled proxy based on BeatHit game rank and track prominence.,"{""culture_category"":""video_game_music"",""video_game"":""Fire Emblem: Radiant Dawn"",""game_rank"":466,""game_association_kind"":""khinsider_game_soundtrack"",""khinsider_album_url"":""https://downloads.khinsider.com/game-soundtracks/album/fire-emblem-radiant-dawn-complete"",""khinsider_album_title"":""Fire Emblem Radiant Dawn Complete (fire-emblem-radiant-dawn-complete)"",""khinsider_album_kind"":""unclassified_game_album"",""khinsider_album_match_score"":100.0,""relevance_score_100"":97.0,""popularity_score_100"":32.51324645792499,""score_100"":71.20529858316999,""popularity_basis"":""BeatHit master-list game rank plus track position proxy""}"
