rank,title,main_artist,featured_artists,album,release_date,release_year,genres,languages,composer,anime_title,anime_popularity,screen_work,vtuber,is_original,metric_name,metric_value,metric_unit,listen_count,listen_source,view_count,overall_popularity_score,spotify_track_id,musicbrainz_recording_mbid,isrc,source_url,retrieved_at,source_notes,extra
1,Helghast March,Unknown credited artist,[],Killzone (killzone-ps2-gamerip),,,"[""video game soundtrack""]","[""und""]",,,,Killzone 3,,,khinsider_track_prominence_proxy,51.28168736272714,score_0_100,,,,80.51267494509085,,,,https://downloads.khinsider.com/game-soundtracks/album/killzone-ps2-gamerip,2026-10-05,Track title is taken from KHInsider's soundtrack/gamerip album index. Popularity is an explicitly labelled proxy based on BeatHit game rank and track prominence.,"{""culture_category"":""video_game_music"",""video_game"":""Killzone 3"",""game_rank"":608,""game_association_kind"":""khinsider_game_soundtrack"",""khinsider_album_url"":""https://downloads.khinsider.com/game-soundtracks/album/killzone-ps2-gamerip"",""khinsider_album_title"":""Killzone (killzone-ps2-gamerip)"",""khinsider_album_kind"":""official_or_gamerip"",""khinsider_album_match_score"":100.0,""relevance_score_100"":100.0,""popularity_score_100"":51.28168736272714,""score_100"":80.51267494509085,""popularity_basis"":""BeatHit master-list game rank plus track position proxy""}"
2,Main Menu - And Ever We Fight On,Unknown credited artist,[],Killzone 3 - The Official Soundtrack (killzone-3),,,"[""video game soundtrack""]","[""und""]",,,,Killzone 3,,,khinsider_track_prominence_proxy,51.28168736272714,score_0_100,,,,80.51267494509085,,,,https://downloads.khinsider.com/game-soundtracks/album/killzone-3,2026-10-05,Track title is taken from KHInsider's soundtrack/gamerip album index. Popularity is an explicitly labelled proxy based on BeatHit game rank and track prominence.,"{""culture_category"":""video_game_music"",""video_game"":""Killzone 3"",""game_rank"":608,""game_association_kind"":""khinsider_game_soundtrack"",""khinsider_album_url"":""https://downloads.khinsider.com/game-soundtracks/album/killzone-3"",""khinsider_album_title"":""Killzone 3 - The Official Soundtrack (killzone-3)"",""khinsider_album_kind"":""official_or_gamerip"",""khinsider_album_match_score"":100.0,""relevance_score_100"":100.0,""popularity_score_100"":51.28168736272714,""score_100"":80.51267494509085,""popularity_basis"":""BeatHit master-list game rank plus track position proxy""}"
3,Intro - Birth of War,Unknown credited artist,[],Killzone Original Soundtrack (killzone-original-soundtrack-2004),,,"[""video game soundtrack""]","[""und""]",,,,Killzone 3,,,khinsider_track_prominence_proxy,51.28168736272714,score_0_100,,,,80.51267494509085,,,,https://downloads.khinsider.com/game-soundtracks/album/killzone-original-soundtrack-2004,2026-10-05,Track title is taken from KHInsider's soundtrack/gamerip album index. Popularity is an explicitly labelled proxy based on BeatHit game rank and track prominence.,"{""culture_category"":""video_game_music"",""video_game"":""Killzone 3"",""game_rank"":608,""game_association_kind"":""khinsider_game_soundtrack"",""khinsider_album_url"":""https://downloads.khinsider.com/game-soundtracks/album/killzone-original-soundtrack-2004"",""khinsider_album_title"":""Killzone Original Soundtrack (killzone-original-soundtrack-2004)"",""khinsider_album_kind"":""official_or_gamerip"",""khinsider_album_match_score"":100.0,""relevance_score_100"":100.0,""popularity_score_100"":51.28168736272714,""score_100"":80.51267494509085,""popularity_basis"":""BeatHit master-list game rank plus track position proxy""}"
4,Mission Briefing Theme,Unknown credited artist,[],Killzone (killzone-ps2-gamerip),,,"[""video game soundtrack""]","[""und""]",,,,Killzone 3,,,khinsider_track_prominence_proxy,51.07168736272713,score_0_100,,,,80.42867494509085,,,,https://downloads.khinsider.com/game-soundtracks/album/killzone-ps2-gamerip,2026-10-05,Track title is taken from KHInsider's soundtrack/gamerip album index. Popularity is an explicitly labelled proxy based on BeatHit game rank and track prominence.,"{""culture_category"":""video_game_music"",""video_game"":""Killzone 3"",""game_rank"":608,""game_association_kind"":""khinsider_game_soundtrack"",""khinsider_album_url"":""https://downloads.khinsider.com/game-soundtracks/album/killzone-ps2-gamerip"",""khinsider_album_title"":""Killzone (killzone-ps2-gamerip)"",""khinsider_album_kind"":""official_or_gamerip"",""khinsider_album_match_score"":100.0,""relevance_score_100"":100.0,""popularity_score_100"":51.07168736272713,""score_100"":80.42867494509085,""popularity_basis"":""BeatHit master-list game rank plus track position proxy""}"
5,Birth of War - Dies Irae,Unknown credited artist,[],Killzone 3 - The Official Soundtrack (killzone-3),,,"[""video game soundtrack""]","[""und""]",,,,Killzone 3,,,khinsider_track_prominence_proxy,51.07168736272713,score_0_100,,,,80.42867494509085,,,,https://downloads.khinsider.com/game-soundtracks/album/killzone-3,2026-10-05,Track title is taken from KHInsider's soundtrack/gamerip album index. Popularity is an explicitly labelled proxy based on BeatHit game rank and track prominence.,"{""culture_category"":""video_game_music"",""video_game"":""Killzone 3"",""game_rank"":608,""game_association_kind"":""khinsider_game_soundtrack"",""khinsider_album_url"":""https://downloads.khinsider.com/game-soundtracks/album/killzone-3"",""khinsider_album_title"":""Killzone 3 - The Official Soundtrack (killzone-3)"",""khinsider_album_kind"":""official_or_gamerip"",""khinsider_album_match_score"":100.0,""relevance_score_100"":100.0,""popularity_score_100"":51.07168736272713,""score_100"":80.42867494509085,""popularity_basis"":""BeatHit master-list game rank plus track position proxy""}"
6,Main Theme - Helghast March,Unknown credited artist,[],Killzone Original Soundtrack (killzone-original-soundtrack-2004),,,"[""video game soundtrack""]","[""und""]",,,,Killzone 3,,,khinsider_track_prominence_proxy,51.07168736272713,score_0_100,,,,80.42867494509085,,,,https://downloads.khinsider.com/game-soundtracks/album/killzone-original-soundtrack-2004,2026-10-05,Track title is taken from KHInsider's soundtrack/gamerip album index. Popularity is an explicitly labelled proxy based on BeatHit game rank and track prominence.,"{""culture_category"":""video_game_music"",""video_game"":""Killzone 3"",""game_rank"":608,""game_association_kind"":""khinsider_game_soundtrack"",""khinsider_album_url"":""https://downloads.khinsider.com/game-soundtracks/album/killzone-original-soundtrack-2004"",""khinsider_album_title"":""Killzone Original Soundtrack (killzone-original-soundtrack-2004)"",""khinsider_album_kind"":""official_or_gamerip"",""khinsider_album_match_score"":100.0,""relevance_score_100"":100.0,""popularity_score_100"":51.07168736272713,""score_100"":80.42867494509085,""popularity_basis"":""BeatHit master-list game rank plus track position proxy""}"
7,Birth of War,Unknown credited artist,[],Killzone (killzone-ps2-gamerip),,,"[""video game soundtrack""]","[""und""]",,,,Killzone 3,,,khinsider_track_prominence_proxy,50.86168736272714,score_0_100,,,,80.34467494509086,,,,https://downloads.khinsider.com/game-soundtracks/album/killzone-ps2-gamerip,2026-10-05,Track title is taken from KHInsider's soundtrack/gamerip album index. Popularity is an explicitly labelled proxy based on BeatHit game rank and track prominence.,"{""culture_category"":""video_game_music"",""video_game"":""Killzone 3"",""game_rank"":608,""game_association_kind"":""khinsider_game_soundtrack"",""khinsider_album_url"":""https://downloads.khinsider.com/game-soundtracks/album/killzone-ps2-gamerip"",""khinsider_album_title"":""Killzone (killzone-ps2-gamerip)"",""khinsider_album_kind"":""official_or_gamerip"",""khinsider_album_match_score"":100.0,""relevance_score_100"":100.0,""popularity_score_100"":50.86168736272714,""score_100"":80.34467494509086,""popularity_basis"":""BeatHit master-list game rank plus track position proxy""}"
8,Just a Moment Ago,Unknown credited artist,[],Killzone 3 - The Official Soundtrack (killzone-3),,,"[""video game soundtrack""]","[""und""]",,,,Killzone 3,,,khinsider_track_prominence_proxy,50.86168736272714,score_0_100,,,,80.34467494509086,,,,https://downloads.khinsider.com/game-soundtracks/album/killzone-3,2026-10-05,Track title is taken from KHInsider's soundtrack/gamerip album index. Popularity is an explicitly labelled proxy based on BeatHit game rank and track prominence.,"{""culture_category"":""video_game_music"",""video_game"":""Killzone 3"",""game_rank"":608,""game_association_kind"":""khinsider_game_soundtrack"",""khinsider_album_url"":""https://downloads.khinsider.com/game-soundtracks/album/killzone-3"",""khinsider_album_title"":""Killzone 3 - The Official Soundtrack (killzone-3)"",""khinsider_album_kind"":""official_or_gamerip"",""khinsider_album_match_score"":100.0,""relevance_score_100"":100.0,""popularity_score_100"":50.86168736272714,""score_100"":80.34467494509086,""popularity_basis"":""BeatHit master-list game rank plus track position proxy""}"
9,A Mission,Unknown credited artist,[],Killzone Original Soundtrack (killzone-original-soundtrack-2004),,,"[""video game soundtrack""]","[""und""]",,,,Killzone 3,,,khinsider_track_prominence_proxy,50.86168736272714,score_0_100,,,,80.34467494509086,,,,https://downloads.khinsider.com/game-soundtracks/album/killzone-original-soundtrack-2004,2026-10-05,Track title is taken from KHInsider's soundtrack/gamerip album index. Popularity is an explicitly labelled proxy based on BeatHit game rank and track prominence.,"{""culture_category"":""video_game_music"",""video_game"":""Killzone 3"",""game_rank"":608,""game_association_kind"":""khinsider_game_soundtrack"",""khinsider_album_url"":""https://downloads.khinsider.com/game-soundtracks/album/killzone-original-soundtrack-2004"",""khinsider_album_title"":""Killzone Original Soundtrack (killzone-original-soundtrack-2004)"",""khinsider_album_kind"":""official_or_gamerip"",""khinsider_album_match_score"":100.0,""relevance_score_100"":100.0,""popularity_score_100"":50.86168736272714,""score_100"":80.34467494509086,""popularity_basis"":""BeatHit master-list game rank plus track position proxy""}"
10,Mission Failure Theme,Unknown credited artist,[],Killzone (killzone-ps2-gamerip),,,"[""video game soundtrack""]","[""und""]",,,,Killzone 3,,,khinsider_track_prominence_proxy,50.65168736272714,score_0_100,,,,80.26067494509086,,,,https://downloads.khinsider.com/game-soundtracks/album/killzone-ps2-gamerip,2026-10-05,Track title is taken from KHInsider's soundtrack/gamerip album index. Popularity is an explicitly labelled proxy based on BeatHit game rank and track prominence.,"{""culture_category"":""video_game_music"",""video_game"":""Killzone 3"",""game_rank"":608,""game_association_kind"":""khinsider_game_soundtrack"",""khinsider_album_url"":""https://downloads.khinsider.com/game-soundtracks/album/killzone-ps2-gamerip"",""khinsider_album_title"":""Killzone (killzone-ps2-gamerip)"",""khinsider_album_kind"":""official_or_gamerip"",""khinsider_album_match_score"":100.0,""relevance_score_100"":100.0,""popularity_score_100"":50.65168736272714,""score_100"":80.26067494509086,""popularity_basis"":""BeatHit master-list game rank plus track position proxy""}"
11,Stahl and Orlock Square Off,Unknown credited artist,[],Killzone 3 - The Official Soundtrack (killzone-3),,,"[""video game soundtrack""]","[""und""]",,,,Killzone 3,,,khinsider_track_prominence_proxy,50.65168736272714,score_0_100,,,,80.26067494509086,,,,https://downloads.khinsider.com/game-soundtracks/album/killzone-3,2026-10-05,Track title is taken from KHInsider's soundtrack/gamerip album index. Popularity is an explicitly labelled proxy based on BeatHit game rank and track prominence.,"{""culture_category"":""video_game_music"",""video_game"":""Killzone 3"",""game_rank"":608,""game_association_kind"":""khinsider_game_soundtrack"",""khinsider_album_url"":""https://downloads.khinsider.com/game-soundtracks/album/killzone-3"",""khinsider_album_title"":""Killzone 3 - The Official Soundtrack (killzone-3)"",""khinsider_album_kind"":""official_or_gamerip"",""khinsider_album_match_score"":100.0,""relevance_score_100"":100.0,""popularity_score_100"":50.65168736272714,""score_100"":80.26067494509086,""popularity_basis"":""BeatHit master-list game rank plus track position proxy""}"
12,A Direct Hit,Unknown credited artist,[],Killzone Original Soundtrack (killzone-original-soundtrack-2004),,,"[""video game soundtrack""]","[""und""]",,,,Killzone 3,,,khinsider_track_prominence_proxy,50.65168736272714,score_0_100,,,,80.26067494509086,,,,https://downloads.khinsider.com/game-soundtracks/album/killzone-original-soundtrack-2004,2026-10-05,Track title is taken from KHInsider's soundtrack/gamerip album index. Popularity is an explicitly labelled proxy based on BeatHit game rank and track prominence.,"{""culture_category"":""video_game_music"",""video_game"":""Killzone 3"",""game_rank"":608,""game_association_kind"":""khinsider_game_soundtrack"",""khinsider_album_url"":""https://downloads.khinsider.com/game-soundtracks/album/killzone-original-soundtrack-2004"",""khinsider_album_title"":""Killzone Original Soundtrack (killzone-original-soundtrack-2004)"",""khinsider_album_kind"":""official_or_gamerip"",""khinsider_album_match_score"":100.0,""relevance_score_100"":100.0,""popularity_score_100"":50.65168736272714,""score_100"":80.26067494509086,""popularity_basis"":""BeatHit master-list game rank plus track position proxy""}"
13,Mission Success Theme,Unknown credited artist,[],Killzone (killzone-ps2-gamerip),,,"[""video game soundtrack""]","[""und""]",,,,Killzone 3,,,khinsider_track_prominence_proxy,50.44168736272714,score_0_100,,,,80.17667494509085,,,,https://downloads.khinsider.com/game-soundtracks/album/killzone-ps2-gamerip,2026-10-05,Track title is taken from KHInsider's soundtrack/gamerip album index. Popularity is an explicitly labelled proxy based on BeatHit game rank and track prominence.,"{""culture_category"":""video_game_music"",""video_game"":""Killzone 3"",""game_rank"":608,""game_association_kind"":""khinsider_game_soundtrack"",""khinsider_album_url"":""https://downloads.khinsider.com/game-soundtracks/album/killzone-ps2-gamerip"",""khinsider_album_title"":""Killzone (killzone-ps2-gamerip)"",""khinsider_album_kind"":""official_or_gamerip"",""khinsider_album_match_score"":100.0,""relevance_score_100"":100.0,""popularity_score_100"":50.44168736272714,""score_100"":80.17667494509085,""popularity_basis"":""BeatHit master-list game rank plus track position proxy""}"
14,No Exit Strategy,Unknown credited artist,[],Killzone 3 - The Official Soundtrack (killzone-3),,,"[""video game soundtrack""]","[""und""]",,,,Killzone 3,,,khinsider_track_prominence_proxy,50.44168736272714,score_0_100,,,,80.17667494509085,,,,https://downloads.khinsider.com/game-soundtracks/album/killzone-3,2026-10-05,Track title is taken from KHInsider's soundtrack/gamerip album index. Popularity is an explicitly labelled proxy based on BeatHit game rank and track prominence.,"{""culture_category"":""video_game_music"",""video_game"":""Killzone 3"",""game_rank"":608,""game_association_kind"":""khinsider_game_soundtrack"",""khinsider_album_url"":""https://downloads.khinsider.com/game-soundtracks/album/killzone-3"",""khinsider_album_title"":""Killzone 3 - The Official Soundtrack (killzone-3)"",""khinsider_album_kind"":""official_or_gamerip"",""khinsider_album_match_score"":100.0,""relevance_score_100"":100.0,""popularity_score_100"":50.44168736272714,""score_100"":80.17667494509085,""popularity_basis"":""BeatHit master-list game rank plus track position proxy""}"
15,Introducing Luger,Unknown credited artist,[],Killzone Original Soundtrack (killzone-original-soundtrack-2004),,,"[""video game soundtrack""]","[""und""]",,,,Killzone 3,,,khinsider_track_prominence_proxy,50.44168736272714,score_0_100,,,,80.17667494509085,,,,https://downloads.khinsider.com/game-soundtracks/album/killzone-original-soundtrack-2004,2026-10-05,Track title is taken from KHInsider's soundtrack/gamerip album index. Popularity is an explicitly labelled proxy based on BeatHit game rank and track prominence.,"{""culture_category"":""video_game_music"",""video_game"":""Killzone 3"",""game_rank"":608,""game_association_kind"":""khinsider_game_soundtrack"",""khinsider_album_url"":""https://downloads.khinsider.com/game-soundtracks/album/killzone-original-soundtrack-2004"",""khinsider_album_title"":""Killzone Original Soundtrack (killzone-original-soundtrack-2004)"",""khinsider_album_kind"":""official_or_gamerip"",""khinsider_album_match_score"":100.0,""relevance_score_100"":100.0,""popularity_score_100"":50.44168736272714,""score_100"":80.17667494509085,""popularity_basis"":""BeatHit master-list game rank plus track position proxy""}"
16,War is Coming,Unknown credited artist,[],Killzone (killzone-ps2-gamerip),,,"[""video game soundtrack""]","[""und""]",,,,Killzone 3,,,khinsider_track_prominence_proxy,50.231687362727136,score_0_100,,,,80.09267494509086,,,,https://downloads.khinsider.com/game-soundtracks/album/killzone-ps2-gamerip,2026-10-05,Track title is taken from KHInsider's soundtrack/gamerip album index. Popularity is an explicitly labelled proxy based on BeatHit game rank and track prominence.,"{""culture_category"":""video_game_music"",""video_game"":""Killzone 3"",""game_rank"":608,""game_association_kind"":""khinsider_game_soundtrack"",""khinsider_album_url"":""https://downloads.khinsider.com/game-soundtracks/album/killzone-ps2-gamerip"",""khinsider_album_title"":""Killzone (killzone-ps2-gamerip)"",""khinsider_album_kind"":""official_or_gamerip"",""khinsider_album_match_score"":100.0,""relevance_score_100"":100.0,""popularity_score_100"":50.231687362727136,""score_100"":80.09267494509086,""popularity_basis"":""BeatHit master-list game rank plus track position proxy""}"
17,I'll Get You Home,Unknown credited artist,[],Killzone 3 - The Official Soundtrack (killzone-3),,,"[""video game soundtrack""]","[""und""]",,,,Killzone 3,,,khinsider_track_prominence_proxy,50.231687362727136,score_0_100,,,,80.09267494509086,,,,https://downloads.khinsider.com/game-soundtracks/album/killzone-3,2026-10-05,Track title is taken from KHInsider's soundtrack/gamerip album index. Popularity is an explicitly labelled proxy based on BeatHit game rank and track prominence.,"{""culture_category"":""video_game_music"",""video_game"":""Killzone 3"",""game_rank"":608,""game_association_kind"":""khinsider_game_soundtrack"",""khinsider_album_url"":""https://downloads.khinsider.com/game-soundtracks/album/killzone-3"",""khinsider_album_title"":""Killzone 3 - The Official Soundtrack (killzone-3)"",""khinsider_album_kind"":""official_or_gamerip"",""khinsider_album_match_score"":100.0,""relevance_score_100"":100.0,""popularity_score_100"":50.231687362727136,""score_100"":80.09267494509086,""popularity_basis"":""BeatHit master-list game rank plus track position proxy""}"
18,The SD Platform,Unknown credited artist,[],Killzone Original Soundtrack (killzone-original-soundtrack-2004),,,"[""video game soundtrack""]","[""und""]",,,,Killzone 3,,,khinsider_track_prominence_proxy,50.231687362727136,score_0_100,,,,80.09267494509086,,,,https://downloads.khinsider.com/game-soundtracks/album/killzone-original-soundtrack-2004,2026-10-05,Track title is taken from KHInsider's soundtrack/gamerip album index. Popularity is an explicitly labelled proxy based on BeatHit game rank and track prominence.,"{""culture_category"":""video_game_music"",""video_game"":""Killzone 3"",""game_rank"":608,""game_association_kind"":""khinsider_game_soundtrack"",""khinsider_album_url"":""https://downloads.khinsider.com/game-soundtracks/album/killzone-original-soundtrack-2004"",""khinsider_album_title"":""Killzone Original Soundtrack (killzone-original-soundtrack-2004)"",""khinsider_album_kind"":""official_or_gamerip"",""khinsider_album_match_score"":100.0,""relevance_score_100"":100.0,""popularity_score_100"":50.231687362727136,""score_100"":80.09267494509086,""popularity_basis"":""BeatHit master-list game rank plus track position proxy""}"
19,Unfair Fight & Captured,Unknown credited artist,[],Killzone 3 - The Official Soundtrack (killzone-3),,,"[""video game soundtrack""]","[""und""]",,,,Killzone 3,,,khinsider_track_prominence_proxy,50.021687362727135,score_0_100,,,,80.00867494509086,,,,https://downloads.khinsider.com/game-soundtracks/album/killzone-3,2026-10-05,Track title is taken from KHInsider's soundtrack/gamerip album index. Popularity is an explicitly labelled proxy based on BeatHit game rank and track prominence.,"{""culture_category"":""video_game_music"",""video_game"":""Killzone 3"",""game_rank"":608,""game_association_kind"":""khinsider_game_soundtrack"",""khinsider_album_url"":""https://downloads.khinsider.com/game-soundtracks/album/killzone-3"",""khinsider_album_title"":""Killzone 3 - The Official Soundtrack (killzone-3)"",""khinsider_album_kind"":""official_or_gamerip"",""khinsider_album_match_score"":100.0,""relevance_score_100"":100.0,""popularity_score_100"":50.021687362727135,""score_100"":80.00867494509086,""popularity_basis"":""BeatHit master-list game rank plus track position proxy""}"
20,Do you believe in God,Unknown credited artist,[],Killzone Original Soundtrack (killzone-original-soundtrack-2004),,,"[""video game soundtrack""]","[""und""]",,,,Killzone 3,,,khinsider_track_prominence_proxy,50.021687362727135,score_0_100,,,,80.00867494509086,,,,https://downloads.khinsider.com/game-soundtracks/album/killzone-original-soundtrack-2004,2026-10-05,Track title is taken from KHInsider's soundtrack/gamerip album index. Popularity is an explicitly labelled proxy based on BeatHit game rank and track prominence.,"{""culture_category"":""video_game_music"",""video_game"":""Killzone 3"",""game_rank"":608,""game_association_kind"":""khinsider_game_soundtrack"",""khinsider_album_url"":""https://downloads.khinsider.com/game-soundtracks/album/killzone-original-soundtrack-2004"",""khinsider_album_title"":""Killzone Original Soundtrack (killzone-original-soundtrack-2004)"",""khinsider_album_kind"":""official_or_gamerip"",""khinsider_album_match_score"":100.0,""relevance_score_100"":100.0,""popularity_score_100"":50.021687362727135,""score_100"":80.00867494509086,""popularity_basis"":""BeatHit master-list game rank plus track position proxy""}"
21,Frozen Shores Rescue,Unknown credited artist,[],Killzone 3 - The Official Soundtrack (killzone-3),,,"[""video game soundtrack""]","[""und""]",,,,Killzone 3,,,khinsider_track_prominence_proxy,49.811687362727135,score_0_100,,,,79.92467494509086,,,,https://downloads.khinsider.com/game-soundtracks/album/killzone-3,2026-10-05,Track title is taken from KHInsider's soundtrack/gamerip album index. Popularity is an explicitly labelled proxy based on BeatHit game rank and track prominence.,"{""culture_category"":""video_game_music"",""video_game"":""Killzone 3"",""game_rank"":608,""game_association_kind"":""khinsider_game_soundtrack"",""khinsider_album_url"":""https://downloads.khinsider.com/game-soundtracks/album/killzone-3"",""khinsider_album_title"":""Killzone 3 - The Official Soundtrack (killzone-3)"",""khinsider_album_kind"":""official_or_gamerip"",""khinsider_album_match_score"":100.0,""relevance_score_100"":100.0,""popularity_score_100"":49.811687362727135,""score_100"":79.92467494509086,""popularity_basis"":""BeatHit master-list game rank plus track position proxy""}"
22,Rico to the Rescue,Unknown credited artist,[],Killzone Original Soundtrack (killzone-original-soundtrack-2004),,,"[""video game soundtrack""]","[""und""]",,,,Killzone 3,,,khinsider_track_prominence_proxy,49.811687362727135,score_0_100,,,,79.92467494509086,,,,https://downloads.khinsider.com/game-soundtracks/album/killzone-original-soundtrack-2004,2026-10-05,Track title is taken from KHInsider's soundtrack/gamerip album index. Popularity is an explicitly labelled proxy based on BeatHit game rank and track prominence.,"{""culture_category"":""video_game_music"",""video_game"":""Killzone 3"",""game_rank"":608,""game_association_kind"":""khinsider_game_soundtrack"",""khinsider_album_url"":""https://downloads.khinsider.com/game-soundtracks/album/killzone-original-soundtrack-2004"",""khinsider_album_title"":""Killzone Original Soundtrack (killzone-original-soundtrack-2004)"",""khinsider_album_kind"":""official_or_gamerip"",""khinsider_album_match_score"":100.0,""relevance_score_100"":100.0,""popularity_score_100"":49.811687362727135,""score_100"":79.92467494509086,""popularity_basis"":""BeatHit master-list game rank plus track position proxy""}"
23,An Unwelcome Discovery,Unknown credited artist,[],Killzone 3 - The Official Soundtrack (killzone-3),,,"[""video game soundtrack""]","[""und""]",,,,Killzone 3,,,khinsider_track_prominence_proxy,49.601687362727134,score_0_100,,,,79.84067494509085,,,,https://downloads.khinsider.com/game-soundtracks/album/killzone-3,2026-10-05,Track title is taken from KHInsider's soundtrack/gamerip album index. Popularity is an explicitly labelled proxy based on BeatHit game rank and track prominence.,"{""culture_category"":""video_game_music"",""video_game"":""Killzone 3"",""game_rank"":608,""game_association_kind"":""khinsider_game_soundtrack"",""khinsider_album_url"":""https://downloads.khinsider.com/game-soundtracks/album/killzone-3"",""khinsider_album_title"":""Killzone 3 - The Official Soundtrack (killzone-3)"",""khinsider_album_kind"":""official_or_gamerip"",""khinsider_album_match_score"":100.0,""relevance_score_100"":100.0,""popularity_score_100"":49.601687362727134,""score_100"":79.84067494509085,""popularity_basis"":""BeatHit master-list game rank plus track position proxy""}"
24,Vaughton is Rescued,Unknown credited artist,[],Killzone Original Soundtrack (killzone-original-soundtrack-2004),,,"[""video game soundtrack""]","[""und""]",,,,Killzone 3,,,khinsider_track_prominence_proxy,49.601687362727134,score_0_100,,,,79.84067494509085,,,,https://downloads.khinsider.com/game-soundtracks/album/killzone-original-soundtrack-2004,2026-10-05,Track title is taken from KHInsider's soundtrack/gamerip album index. Popularity is an explicitly labelled proxy based on BeatHit game rank and track prominence.,"{""culture_category"":""video_game_music"",""video_game"":""Killzone 3"",""game_rank"":608,""game_association_kind"":""khinsider_game_soundtrack"",""khinsider_album_url"":""https://downloads.khinsider.com/game-soundtracks/album/killzone-original-soundtrack-2004"",""khinsider_album_title"":""Killzone Original Soundtrack (killzone-original-soundtrack-2004)"",""khinsider_album_kind"":""official_or_gamerip"",""khinsider_album_match_score"":100.0,""relevance_score_100"":100.0,""popularity_score_100"":49.601687362727134,""score_100"":79.84067494509085,""popularity_basis"":""BeatHit master-list game rank plus track position proxy""}"
25,Moving Will Kill You,Unknown credited artist,[],Killzone 3 - The Official Soundtrack (killzone-3),,,"[""video game soundtrack""]","[""und""]",,,,Killzone 3,,,khinsider_track_prominence_proxy,49.39168736272714,score_0_100,,,,79.75667494509085,,,,https://downloads.khinsider.com/game-soundtracks/album/killzone-3,2026-10-05,Track title is taken from KHInsider's soundtrack/gamerip album index. Popularity is an explicitly labelled proxy based on BeatHit game rank and track prominence.,"{""culture_category"":""video_game_music"",""video_game"":""Killzone 3"",""game_rank"":608,""game_association_kind"":""khinsider_game_soundtrack"",""khinsider_album_url"":""https://downloads.khinsider.com/game-soundtracks/album/killzone-3"",""khinsider_album_title"":""Killzone 3 - The Official Soundtrack (killzone-3)"",""khinsider_album_kind"":""official_or_gamerip"",""khinsider_album_match_score"":100.0,""relevance_score_100"":100.0,""popularity_score_100"":49.39168736272714,""score_100"":79.75667494509085,""popularity_basis"":""BeatHit master-list game rank plus track position proxy""}"
26,Find Colonel Hakha,Unknown credited artist,[],Killzone Original Soundtrack (killzone-original-soundtrack-2004),,,"[""video game soundtrack""]","[""und""]",,,,Killzone 3,,,khinsider_track_prominence_proxy,49.39168736272714,score_0_100,,,,79.75667494509085,,,,https://downloads.khinsider.com/game-soundtracks/album/killzone-original-soundtrack-2004,2026-10-05,Track title is taken from KHInsider's soundtrack/gamerip album index. Popularity is an explicitly labelled proxy based on BeatHit game rank and track prominence.,"{""culture_category"":""video_game_music"",""video_game"":""Killzone 3"",""game_rank"":608,""game_association_kind"":""khinsider_game_soundtrack"",""khinsider_album_url"":""https://downloads.khinsider.com/game-soundtracks/album/killzone-original-soundtrack-2004"",""khinsider_album_title"":""Killzone Original Soundtrack (killzone-original-soundtrack-2004)"",""khinsider_album_kind"":""official_or_gamerip"",""khinsider_album_match_score"":100.0,""relevance_score_100"":100.0,""popularity_score_100"":49.39168736272714,""score_100"":79.75667494509085,""popularity_basis"":""BeatHit master-list game rank plus track position proxy""}"
27,You've Developed Energy Shielding,Unknown credited artist,[],Killzone 3 - The Official Soundtrack (killzone-3),,,"[""video game soundtrack""]","[""und""]",,,,Killzone 3,,,khinsider_track_prominence_proxy,49.18168736272713,score_0_100,,,,79.67267494509085,,,,https://downloads.khinsider.com/game-soundtracks/album/killzone-3,2026-10-05,Track title is taken from KHInsider's soundtrack/gamerip album index. Popularity is an explicitly labelled proxy based on BeatHit game rank and track prominence.,"{""culture_category"":""video_game_music"",""video_game"":""Killzone 3"",""game_rank"":608,""game_association_kind"":""khinsider_game_soundtrack"",""khinsider_album_url"":""https://downloads.khinsider.com/game-soundtracks/album/killzone-3"",""khinsider_album_title"":""Killzone 3 - The Official Soundtrack (killzone-3)"",""khinsider_album_kind"":""official_or_gamerip"",""khinsider_album_match_score"":100.0,""relevance_score_100"":100.0,""popularity_score_100"":49.18168736272713,""score_100"":79.67267494509085,""popularity_basis"":""BeatHit master-list game rank plus track position proxy""}"
28,This spy better be worth all this bullshit!,Unknown credited artist,[],Killzone Original Soundtrack (killzone-original-soundtrack-2004),,,"[""video game soundtrack""]","[""und""]",,,,Killzone 3,,,khinsider_track_prominence_proxy,49.18168736272713,score_0_100,,,,79.67267494509085,,,,https://downloads.khinsider.com/game-soundtracks/album/killzone-original-soundtrack-2004,2026-10-05,Track title is taken from KHInsider's soundtrack/gamerip album index. Popularity is an explicitly labelled proxy based on BeatHit game rank and track prominence.,"{""culture_category"":""video_game_music"",""video_game"":""Killzone 3"",""game_rank"":608,""game_association_kind"":""khinsider_game_soundtrack"",""khinsider_album_url"":""https://downloads.khinsider.com/game-soundtracks/album/killzone-original-soundtrack-2004"",""khinsider_album_title"":""Killzone Original Soundtrack (killzone-original-soundtrack-2004)"",""khinsider_album_kind"":""official_or_gamerip"",""khinsider_album_match_score"":100.0,""relevance_score_100"":100.0,""popularity_score_100"":49.18168736272713,""score_100"":79.67267494509085,""popularity_basis"":""BeatHit master-list game rank plus track position proxy""}"
29,What If I Just Killed Everyone,Unknown credited artist,[],Killzone 3 - The Official Soundtrack (killzone-3),,,"[""video game soundtrack""]","[""und""]",,,,Killzone 3,,,khinsider_track_prominence_proxy,48.97168736272714,score_0_100,,,,79.58867494509086,,,,https://downloads.khinsider.com/game-soundtracks/album/killzone-3,2026-10-05,Track title is taken from KHInsider's soundtrack/gamerip album index. Popularity is an explicitly labelled proxy based on BeatHit game rank and track prominence.,"{""culture_category"":""video_game_music"",""video_game"":""Killzone 3"",""game_rank"":608,""game_association_kind"":""khinsider_game_soundtrack"",""khinsider_album_url"":""https://downloads.khinsider.com/game-soundtracks/album/killzone-3"",""khinsider_album_title"":""Killzone 3 - The Official Soundtrack (killzone-3)"",""khinsider_album_kind"":""official_or_gamerip"",""khinsider_album_match_score"":100.0,""relevance_score_100"":100.0,""popularity_score_100"":48.97168736272714,""score_100"":79.58867494509086,""popularity_basis"":""BeatHit master-list game rank plus track position proxy""}"
30,"Half Helghast, Half Human",Unknown credited artist,[],Killzone Original Soundtrack (killzone-original-soundtrack-2004),,,"[""video game soundtrack""]","[""und""]",,,,Killzone 3,,,khinsider_track_prominence_proxy,48.97168736272714,score_0_100,,,,79.58867494509086,,,,https://downloads.khinsider.com/game-soundtracks/album/killzone-original-soundtrack-2004,2026-10-05,Track title is taken from KHInsider's soundtrack/gamerip album index. Popularity is an explicitly labelled proxy based on BeatHit game rank and track prominence.,"{""culture_category"":""video_game_music"",""video_game"":""Killzone 3"",""game_rank"":608,""game_association_kind"":""khinsider_game_soundtrack"",""khinsider_album_url"":""https://downloads.khinsider.com/game-soundtracks/album/killzone-original-soundtrack-2004"",""khinsider_album_title"":""Killzone Original Soundtrack (killzone-original-soundtrack-2004)"",""khinsider_album_kind"":""official_or_gamerip"",""khinsider_album_match_score"":100.0,""relevance_score_100"":100.0,""popularity_score_100"":48.97168736272714,""score_100"":79.58867494509086,""popularity_basis"":""BeatHit master-list game rank plus track position proxy""}"
31,Stahl Almost Gets Away,Unknown credited artist,[],Killzone 3 - The Official Soundtrack (killzone-3),,,"[""video game soundtrack""]","[""und""]",,,,Killzone 3,,,khinsider_track_prominence_proxy,48.76168736272713,score_0_100,,,,79.50467494509085,,,,https://downloads.khinsider.com/game-soundtracks/album/killzone-3,2026-10-05,Track title is taken from KHInsider's soundtrack/gamerip album index. Popularity is an explicitly labelled proxy based on BeatHit game rank and track prominence.,"{""culture_category"":""video_game_music"",""video_game"":""Killzone 3"",""game_rank"":608,""game_association_kind"":""khinsider_game_soundtrack"",""khinsider_album_url"":""https://downloads.khinsider.com/game-soundtracks/album/killzone-3"",""khinsider_album_title"":""Killzone 3 - The Official Soundtrack (killzone-3)"",""khinsider_album_kind"":""official_or_gamerip"",""khinsider_album_match_score"":100.0,""relevance_score_100"":100.0,""popularity_score_100"":48.76168736272713,""score_100"":79.50467494509085,""popularity_basis"":""BeatHit master-list game rank plus track position proxy""}"
32,On the SD Platform,Unknown credited artist,[],Killzone Original Soundtrack (killzone-original-soundtrack-2004),,,"[""video game soundtrack""]","[""und""]",,,,Killzone 3,,,khinsider_track_prominence_proxy,48.76168736272713,score_0_100,,,,79.50467494509085,,,,https://downloads.khinsider.com/game-soundtracks/album/killzone-original-soundtrack-2004,2026-10-05,Track title is taken from KHInsider's soundtrack/gamerip album index. Popularity is an explicitly labelled proxy based on BeatHit game rank and track prominence.,"{""culture_category"":""video_game_music"",""video_game"":""Killzone 3"",""game_rank"":608,""game_association_kind"":""khinsider_game_soundtrack"",""khinsider_album_url"":""https://downloads.khinsider.com/game-soundtracks/album/killzone-original-soundtrack-2004"",""khinsider_album_title"":""Killzone Original Soundtrack (killzone-original-soundtrack-2004)"",""khinsider_album_kind"":""official_or_gamerip"",""khinsider_album_match_score"":100.0,""relevance_score_100"":100.0,""popularity_score_100"":48.76168736272713,""score_100"":79.50467494509085,""popularity_basis"":""BeatHit master-list game rank plus track position proxy""}"
33,Pyrrhus Outskirts - Fortification,Unknown credited artist,[],Killzone 3 - The Official Soundtrack (killzone-3),,,"[""video game soundtrack""]","[""und""]",,,,Killzone 3,,,khinsider_track_prominence_proxy,48.55168736272714,score_0_100,,,,79.42067494509085,,,,https://downloads.khinsider.com/game-soundtracks/album/killzone-3,2026-10-05,Track title is taken from KHInsider's soundtrack/gamerip album index. Popularity is an explicitly labelled proxy based on BeatHit game rank and track prominence.,"{""culture_category"":""video_game_music"",""video_game"":""Killzone 3"",""game_rank"":608,""game_association_kind"":""khinsider_game_soundtrack"",""khinsider_album_url"":""https://downloads.khinsider.com/game-soundtracks/album/killzone-3"",""khinsider_album_title"":""Killzone 3 - The Official Soundtrack (killzone-3)"",""khinsider_album_kind"":""official_or_gamerip"",""khinsider_album_match_score"":100.0,""relevance_score_100"":100.0,""popularity_score_100"":48.55168736272714,""score_100"":79.42067494509085,""popularity_basis"":""BeatHit master-list game rank plus track position proxy""}"
34,Vaughton on His Way,Unknown credited artist,[],Killzone Original Soundtrack (killzone-original-soundtrack-2004),,,"[""video game soundtrack""]","[""und""]",,,,Killzone 3,,,khinsider_track_prominence_proxy,48.55168736272714,score_0_100,,,,79.42067494509085,,,,https://downloads.khinsider.com/game-soundtracks/album/killzone-original-soundtrack-2004,2026-10-05,Track title is taken from KHInsider's soundtrack/gamerip album index. Popularity is an explicitly labelled proxy based on BeatHit game rank and track prominence.,"{""culture_category"":""video_game_music"",""video_game"":""Killzone 3"",""game_rank"":608,""game_association_kind"":""khinsider_game_soundtrack"",""khinsider_album_url"":""https://downloads.khinsider.com/game-soundtracks/album/killzone-original-soundtrack-2004"",""khinsider_album_title"":""Killzone Original Soundtrack (killzone-original-soundtrack-2004)"",""khinsider_album_kind"":""official_or_gamerip"",""khinsider_album_match_score"":100.0,""relevance_score_100"":100.0,""popularity_score_100"":48.55168736272714,""score_100"":79.42067494509085,""popularity_basis"":""BeatHit master-list game rank plus track position proxy""}"
35,Pyrrhus Outskirts - Hammer,Unknown credited artist,[],Killzone 3 - The Official Soundtrack (killzone-3),,,"[""video game soundtrack""]","[""und""]",,,,Killzone 3,,,khinsider_track_prominence_proxy,48.341687362727136,score_0_100,,,,79.33667494509086,,,,https://downloads.khinsider.com/game-soundtracks/album/killzone-3,2026-10-05,Track title is taken from KHInsider's soundtrack/gamerip album index. Popularity is an explicitly labelled proxy based on BeatHit game rank and track prominence.,"{""culture_category"":""video_game_music"",""video_game"":""Killzone 3"",""game_rank"":608,""game_association_kind"":""khinsider_game_soundtrack"",""khinsider_album_url"":""https://downloads.khinsider.com/game-soundtracks/album/killzone-3"",""khinsider_album_title"":""Killzone 3 - The Official Soundtrack (killzone-3)"",""khinsider_album_kind"":""official_or_gamerip"",""khinsider_album_match_score"":100.0,""relevance_score_100"":100.0,""popularity_score_100"":48.341687362727136,""score_100"":79.33667494509086,""popularity_basis"":""BeatHit master-list game rank plus track position proxy""}"
36,Hakha Jacks In  -  Betrayal  -  The SD Platform Fires,Unknown credited artist,[],Killzone Original Soundtrack (killzone-original-soundtrack-2004),,,"[""video game soundtrack""]","[""und""]",,,,Killzone 3,,,khinsider_track_prominence_proxy,48.341687362727136,score_0_100,,,,79.33667494509086,,,,https://downloads.khinsider.com/game-soundtracks/album/killzone-original-soundtrack-2004,2026-10-05,Track title is taken from KHInsider's soundtrack/gamerip album index. Popularity is an explicitly labelled proxy based on BeatHit game rank and track prominence.,"{""culture_category"":""video_game_music"",""video_game"":""Killzone 3"",""game_rank"":608,""game_association_kind"":""khinsider_game_soundtrack"",""khinsider_album_url"":""https://downloads.khinsider.com/game-soundtracks/album/killzone-original-soundtrack-2004"",""khinsider_album_title"":""Killzone Original Soundtrack (killzone-original-soundtrack-2004)"",""khinsider_album_kind"":""official_or_gamerip"",""khinsider_album_match_score"":100.0,""relevance_score_100"":100.0,""popularity_score_100"":48.341687362727136,""score_100"":79.33667494509086,""popularity_basis"":""BeatHit master-list game rank plus track position proxy""}"
37,Pyrrhus Outskirts - Sniper Crossfire,Unknown credited artist,[],Killzone 3 - The Official Soundtrack (killzone-3),,,"[""video game soundtrack""]","[""und""]",,,,Killzone 3,,,khinsider_track_prominence_proxy,48.131687362727135,score_0_100,,,,79.25267494509086,,,,https://downloads.khinsider.com/game-soundtracks/album/killzone-3,2026-10-05,Track title is taken from KHInsider's soundtrack/gamerip album index. Popularity is an explicitly labelled proxy based on BeatHit game rank and track prominence.,"{""culture_category"":""video_game_music"",""video_game"":""Killzone 3"",""game_rank"":608,""game_association_kind"":""khinsider_game_soundtrack"",""khinsider_album_url"":""https://downloads.khinsider.com/game-soundtracks/album/killzone-3"",""khinsider_album_title"":""Killzone 3 - The Official Soundtrack (killzone-3)"",""khinsider_album_kind"":""official_or_gamerip"",""khinsider_album_match_score"":100.0,""relevance_score_100"":100.0,""popularity_score_100"":48.131687362727135,""score_100"":79.25267494509086,""popularity_basis"":""BeatHit master-list game rank plus track position proxy""}"
38,Aftermath  -  En Route,Unknown credited artist,[],Killzone Original Soundtrack (killzone-original-soundtrack-2004),,,"[""video game soundtrack""]","[""und""]",,,,Killzone 3,,,khinsider_track_prominence_proxy,48.131687362727135,score_0_100,,,,79.25267494509086,,,,https://downloads.khinsider.com/game-soundtracks/album/killzone-original-soundtrack-2004,2026-10-05,Track title is taken from KHInsider's soundtrack/gamerip album index. Popularity is an explicitly labelled proxy based on BeatHit game rank and track prominence.,"{""culture_category"":""video_game_music"",""video_game"":""Killzone 3"",""game_rank"":608,""game_association_kind"":""khinsider_game_soundtrack"",""khinsider_album_url"":""https://downloads.khinsider.com/game-soundtracks/album/killzone-original-soundtrack-2004"",""khinsider_album_title"":""Killzone Original Soundtrack (killzone-original-soundtrack-2004)"",""khinsider_album_kind"":""official_or_gamerip"",""khinsider_album_match_score"":100.0,""relevance_score_100"":100.0,""popularity_score_100"":48.131687362727135,""score_100"":79.25267494509086,""popularity_basis"":""BeatHit master-list game rank plus track position proxy""}"
39,Pyrrhus Outskirts - The Boys Are Back In Action,Unknown credited artist,[],Killzone 3 - The Official Soundtrack (killzone-3),,,"[""video game soundtrack""]","[""und""]",,,,Killzone 3,,,khinsider_track_prominence_proxy,47.921687362727134,score_0_100,,,,79.16867494509086,,,,https://downloads.khinsider.com/game-soundtracks/album/killzone-3,2026-10-05,Track title is taken from KHInsider's soundtrack/gamerip album index. Popularity is an explicitly labelled proxy based on BeatHit game rank and track prominence.,"{""culture_category"":""video_game_music"",""video_game"":""Killzone 3"",""game_rank"":608,""game_association_kind"":""khinsider_game_soundtrack"",""khinsider_album_url"":""https://downloads.khinsider.com/game-soundtracks/album/killzone-3"",""khinsider_album_title"":""Killzone 3 - The Official Soundtrack (killzone-3)"",""khinsider_album_kind"":""official_or_gamerip"",""khinsider_album_match_score"":100.0,""relevance_score_100"":100.0,""popularity_score_100"":47.921687362727134,""score_100"":79.16867494509086,""popularity_basis"":""BeatHit master-list game rank plus track position proxy""}"
40,Well this is familiar...,Unknown credited artist,[],Killzone Original Soundtrack (killzone-original-soundtrack-2004),,,"[""video game soundtrack""]","[""und""]",,,,Killzone 3,,,khinsider_track_prominence_proxy,47.921687362727134,score_0_100,,,,79.16867494509086,,,,https://downloads.khinsider.com/game-soundtracks/album/killzone-original-soundtrack-2004,2026-10-05,Track title is taken from KHInsider's soundtrack/gamerip album index. Popularity is an explicitly labelled proxy based on BeatHit game rank and track prominence.,"{""culture_category"":""video_game_music"",""video_game"":""Killzone 3"",""game_rank"":608,""game_association_kind"":""khinsider_game_soundtrack"",""khinsider_album_url"":""https://downloads.khinsider.com/game-soundtracks/album/killzone-original-soundtrack-2004"",""khinsider_album_title"":""Killzone Original Soundtrack (killzone-original-soundtrack-2004)"",""khinsider_album_kind"":""official_or_gamerip"",""khinsider_album_match_score"":100.0,""relevance_score_100"":100.0,""popularity_score_100"":47.921687362727134,""score_100"":79.16867494509086,""popularity_basis"":""BeatHit master-list game rank plus track position proxy""}"
41,Pyrrhus Outskirts - Grab That Minigun!,Unknown credited artist,[],Killzone 3 - The Official Soundtrack (killzone-3),,,"[""video game soundtrack""]","[""und""]",,,,Killzone 3,,,khinsider_track_prominence_proxy,47.71168736272713,score_0_100,,,,79.08467494509085,,,,https://downloads.khinsider.com/game-soundtracks/album/killzone-3,2026-10-05,Track title is taken from KHInsider's soundtrack/gamerip album index. Popularity is an explicitly labelled proxy based on BeatHit game rank and track prominence.,"{""culture_category"":""video_game_music"",""video_game"":""Killzone 3"",""game_rank"":608,""game_association_kind"":""khinsider_game_soundtrack"",""khinsider_album_url"":""https://downloads.khinsider.com/game-soundtracks/album/killzone-3"",""khinsider_album_title"":""Killzone 3 - The Official Soundtrack (killzone-3)"",""khinsider_album_kind"":""official_or_gamerip"",""khinsider_album_match_score"":100.0,""relevance_score_100"":100.0,""popularity_score_100"":47.71168736272713,""score_100"":79.08467494509085,""popularity_basis"":""BeatHit master-list game rank plus track position proxy""}"
42,Helghast!!,Unknown credited artist,[],Killzone Original Soundtrack (killzone-original-soundtrack-2004),,,"[""video game soundtrack""]","[""und""]",,,,Killzone 3,,,khinsider_track_prominence_proxy,47.71168736272713,score_0_100,,,,79.08467494509085,,,,https://downloads.khinsider.com/game-soundtracks/album/killzone-original-soundtrack-2004,2026-10-05,Track title is taken from KHInsider's soundtrack/gamerip album index. Popularity is an explicitly labelled proxy based on BeatHit game rank and track prominence.,"{""culture_category"":""video_game_music"",""video_game"":""Killzone 3"",""game_rank"":608,""game_association_kind"":""khinsider_game_soundtrack"",""khinsider_album_url"":""https://downloads.khinsider.com/game-soundtracks/album/killzone-original-soundtrack-2004"",""khinsider_album_title"":""Killzone Original Soundtrack (killzone-original-soundtrack-2004)"",""khinsider_album_kind"":""official_or_gamerip"",""khinsider_album_match_score"":100.0,""relevance_score_100"":100.0,""popularity_score_100"":47.71168736272713,""score_100"":79.08467494509085,""popularity_basis"":""BeatHit master-list game rank plus track position proxy""}"
43,"Helghan Jungle - The Horror, The Horror!",Unknown credited artist,[],Killzone 3 - The Official Soundtrack (killzone-3),,,"[""video game soundtrack""]","[""und""]",,,,Killzone 3,,,khinsider_track_prominence_proxy,47.50168736272714,score_0_100,,,,79.00067494509085,,,,https://downloads.khinsider.com/game-soundtracks/album/killzone-3,2026-10-05,Track title is taken from KHInsider's soundtrack/gamerip album index. Popularity is an explicitly labelled proxy based on BeatHit game rank and track prominence.,"{""culture_category"":""video_game_music"",""video_game"":""Killzone 3"",""game_rank"":608,""game_association_kind"":""khinsider_game_soundtrack"",""khinsider_album_url"":""https://downloads.khinsider.com/game-soundtracks/album/killzone-3"",""khinsider_album_title"":""Killzone 3 - The Official Soundtrack (killzone-3)"",""khinsider_album_kind"":""official_or_gamerip"",""khinsider_album_match_score"":100.0,""relevance_score_100"":100.0,""popularity_score_100"":47.50168736272714,""score_100"":79.00067494509085,""popularity_basis"":""BeatHit master-list game rank plus track position proxy""}"
44,A Firebase,Unknown credited artist,[],Killzone Original Soundtrack (killzone-original-soundtrack-2004),,,"[""video game soundtrack""]","[""und""]",,,,Killzone 3,,,khinsider_track_prominence_proxy,47.50168736272714,score_0_100,,,,79.00067494509085,,,,https://downloads.khinsider.com/game-soundtracks/album/killzone-original-soundtrack-2004,2026-10-05,Track title is taken from KHInsider's soundtrack/gamerip album index. Popularity is an explicitly labelled proxy based on BeatHit game rank and track prominence.,"{""culture_category"":""video_game_music"",""video_game"":""Killzone 3"",""game_rank"":608,""game_association_kind"":""khinsider_game_soundtrack"",""khinsider_album_url"":""https://downloads.khinsider.com/game-soundtracks/album/killzone-original-soundtrack-2004"",""khinsider_album_title"":""Killzone Original Soundtrack (killzone-original-soundtrack-2004)"",""khinsider_album_kind"":""official_or_gamerip"",""khinsider_album_match_score"":100.0,""relevance_score_100"":100.0,""popularity_score_100"":47.50168736272714,""score_100"":79.00067494509085,""popularity_basis"":""BeatHit master-list game rank plus track position proxy""}"
45,Helghan Jungle - Darkness,Unknown credited artist,[],Killzone 3 - The Official Soundtrack (killzone-3),,,"[""video game soundtrack""]","[""und""]",,,,Killzone 3,,,khinsider_track_prominence_proxy,47.29168736272714,score_0_100,,,,78.91667494509086,,,,https://downloads.khinsider.com/game-soundtracks/album/killzone-3,2026-10-05,Track title is taken from KHInsider's soundtrack/gamerip album index. Popularity is an explicitly labelled proxy based on BeatHit game rank and track prominence.,"{""culture_category"":""video_game_music"",""video_game"":""Killzone 3"",""game_rank"":608,""game_association_kind"":""khinsider_game_soundtrack"",""khinsider_album_url"":""https://downloads.khinsider.com/game-soundtracks/album/killzone-3"",""khinsider_album_title"":""Killzone 3 - The Official Soundtrack (killzone-3)"",""khinsider_album_kind"":""official_or_gamerip"",""khinsider_album_match_score"":100.0,""relevance_score_100"":100.0,""popularity_score_100"":47.29168736272714,""score_100"":78.91667494509086,""popularity_basis"":""BeatHit master-list game rank plus track position proxy""}"
46,What the fuck is a Shakespeare,Unknown credited artist,[],Killzone Original Soundtrack (killzone-original-soundtrack-2004),,,"[""video game soundtrack""]","[""und""]",,,,Killzone 3,,,khinsider_track_prominence_proxy,47.29168736272714,score_0_100,,,,78.91667494509086,,,,https://downloads.khinsider.com/game-soundtracks/album/killzone-original-soundtrack-2004,2026-10-05,Track title is taken from KHInsider's soundtrack/gamerip album index. Popularity is an explicitly labelled proxy based on BeatHit game rank and track prominence.,"{""culture_category"":""video_game_music"",""video_game"":""Killzone 3"",""game_rank"":608,""game_association_kind"":""khinsider_game_soundtrack"",""khinsider_album_url"":""https://downloads.khinsider.com/game-soundtracks/album/killzone-original-soundtrack-2004"",""khinsider_album_title"":""Killzone Original Soundtrack (killzone-original-soundtrack-2004)"",""khinsider_album_kind"":""official_or_gamerip"",""khinsider_album_match_score"":100.0,""relevance_score_100"":100.0,""popularity_score_100"":47.29168736272714,""score_100"":78.91667494509086,""popularity_basis"":""BeatHit master-list game rank plus track position proxy""}"
47,Helghan Jungle - I Am The Hunted,Unknown credited artist,[],Killzone 3 - The Official Soundtrack (killzone-3),,,"[""video game soundtrack""]","[""und""]",,,,Killzone 3,,,khinsider_track_prominence_proxy,47.08168736272714,score_0_100,,,,78.83267494509086,,,,https://downloads.khinsider.com/game-soundtracks/album/killzone-3,2026-10-05,Track title is taken from KHInsider's soundtrack/gamerip album index. Popularity is an explicitly labelled proxy based on BeatHit game rank and track prominence.,"{""culture_category"":""video_game_music"",""video_game"":""Killzone 3"",""game_rank"":608,""game_association_kind"":""khinsider_game_soundtrack"",""khinsider_album_url"":""https://downloads.khinsider.com/game-soundtracks/album/killzone-3"",""khinsider_album_title"":""Killzone 3 - The Official Soundtrack (killzone-3)"",""khinsider_album_kind"":""official_or_gamerip"",""khinsider_album_match_score"":100.0,""relevance_score_100"":100.0,""popularity_score_100"":47.08168736272714,""score_100"":78.83267494509086,""popularity_basis"":""BeatHit master-list game rank plus track position proxy""}"
48,Nobody Move!  -  Vaughton's Lament,Unknown credited artist,[],Killzone Original Soundtrack (killzone-original-soundtrack-2004),,,"[""video game soundtrack""]","[""und""]",,,,Killzone 3,,,khinsider_track_prominence_proxy,47.08168736272714,score_0_100,,,,78.83267494509086,,,,https://downloads.khinsider.com/game-soundtracks/album/killzone-original-soundtrack-2004,2026-10-05,Track title is taken from KHInsider's soundtrack/gamerip album index. Popularity is an explicitly labelled proxy based on BeatHit game rank and track prominence.,"{""culture_category"":""video_game_music"",""video_game"":""Killzone 3"",""game_rank"":608,""game_association_kind"":""khinsider_game_soundtrack"",""khinsider_album_url"":""https://downloads.khinsider.com/game-soundtracks/album/killzone-original-soundtrack-2004"",""khinsider_album_title"":""Killzone Original Soundtrack (killzone-original-soundtrack-2004)"",""khinsider_album_kind"":""official_or_gamerip"",""khinsider_album_match_score"":100.0,""relevance_score_100"":100.0,""popularity_score_100"":47.08168736272714,""score_100"":78.83267494509086,""popularity_basis"":""BeatHit master-list game rank plus track position proxy""}"
49,Helghan Jungle - Helghast Spotted!,Unknown credited artist,[],Killzone 3 - The Official Soundtrack (killzone-3),,,"[""video game soundtrack""]","[""und""]",,,,Killzone 3,,,khinsider_track_prominence_proxy,46.87168736272714,score_0_100,,,,78.74867494509085,,,,https://downloads.khinsider.com/game-soundtracks/album/killzone-3,2026-10-05,Track title is taken from KHInsider's soundtrack/gamerip album index. Popularity is an explicitly labelled proxy based on BeatHit game rank and track prominence.,"{""culture_category"":""video_game_music"",""video_game"":""Killzone 3"",""game_rank"":608,""game_association_kind"":""khinsider_game_soundtrack"",""khinsider_album_url"":""https://downloads.khinsider.com/game-soundtracks/album/killzone-3"",""khinsider_album_title"":""Killzone 3 - The Official Soundtrack (killzone-3)"",""khinsider_album_kind"":""official_or_gamerip"",""khinsider_album_match_score"":100.0,""relevance_score_100"":100.0,""popularity_score_100"":46.87168736272714,""score_100"":78.74867494509085,""popularity_basis"":""BeatHit master-list game rank plus track position proxy""}"
50,Heart Attack,Unknown credited artist,[],Killzone Original Soundtrack (killzone-original-soundtrack-2004),,,"[""video game soundtrack""]","[""und""]",,,,Killzone 3,,,khinsider_track_prominence_proxy,46.87168736272714,score_0_100,,,,78.74867494509085,,,,https://downloads.khinsider.com/game-soundtracks/album/killzone-original-soundtrack-2004,2026-10-05,Track title is taken from KHInsider's soundtrack/gamerip album index. Popularity is an explicitly labelled proxy based on BeatHit game rank and track prominence.,"{""culture_category"":""video_game_music"",""video_game"":""Killzone 3"",""game_rank"":608,""game_association_kind"":""khinsider_game_soundtrack"",""khinsider_album_url"":""https://downloads.khinsider.com/game-soundtracks/album/killzone-original-soundtrack-2004"",""khinsider_album_title"":""Killzone Original Soundtrack (killzone-original-soundtrack-2004)"",""khinsider_album_kind"":""official_or_gamerip"",""khinsider_album_match_score"":100.0,""relevance_score_100"":100.0,""popularity_score_100"":46.87168736272714,""score_100"":78.74867494509085,""popularity_basis"":""BeatHit master-list game rank plus track position proxy""}"
51,Frozen Shores - The Bomb is Set,Unknown credited artist,[],Killzone 3 - The Official Soundtrack (killzone-3),,,"[""video game soundtrack""]","[""und""]",,,,Killzone 3,,,khinsider_track_prominence_proxy,46.661687362727136,score_0_100,,,,78.66467494509085,,,,https://downloads.khinsider.com/game-soundtracks/album/killzone-3,2026-10-05,Track title is taken from KHInsider's soundtrack/gamerip album index. Popularity is an explicitly labelled proxy based on BeatHit game rank and track prominence.,"{""culture_category"":""video_game_music"",""video_game"":""Killzone 3"",""game_rank"":608,""game_association_kind"":""khinsider_game_soundtrack"",""khinsider_album_url"":""https://downloads.khinsider.com/game-soundtracks/album/killzone-3"",""khinsider_album_title"":""Killzone 3 - The Official Soundtrack (killzone-3)"",""khinsider_album_kind"":""official_or_gamerip"",""khinsider_album_match_score"":100.0,""relevance_score_100"":100.0,""popularity_score_100"":46.661687362727136,""score_100"":78.66467494509085,""popularity_basis"":""BeatHit master-list game rank plus track position proxy""}"
52,Let's take him out...,Unknown credited artist,[],Killzone Original Soundtrack (killzone-original-soundtrack-2004),,,"[""video game soundtrack""]","[""und""]",,,,Killzone 3,,,khinsider_track_prominence_proxy,46.661687362727136,score_0_100,,,,78.66467494509085,,,,https://downloads.khinsider.com/game-soundtracks/album/killzone-original-soundtrack-2004,2026-10-05,Track title is taken from KHInsider's soundtrack/gamerip album index. Popularity is an explicitly labelled proxy based on BeatHit game rank and track prominence.,"{""culture_category"":""video_game_music"",""video_game"":""Killzone 3"",""game_rank"":608,""game_association_kind"":""khinsider_game_soundtrack"",""khinsider_album_url"":""https://downloads.khinsider.com/game-soundtracks/album/killzone-original-soundtrack-2004"",""khinsider_album_title"":""Killzone Original Soundtrack (killzone-original-soundtrack-2004)"",""khinsider_album_kind"":""official_or_gamerip"",""khinsider_album_match_score"":100.0,""relevance_score_100"":100.0,""popularity_score_100"":46.661687362727136,""score_100"":78.66467494509085,""popularity_basis"":""BeatHit master-list game rank plus track position proxy""}"
53,Frozen Shores - Flight of the Intruder,Unknown credited artist,[],Killzone 3 - The Official Soundtrack (killzone-3),,,"[""video game soundtrack""]","[""und""]",,,,Killzone 3,,,khinsider_track_prominence_proxy,46.45168736272714,score_0_100,,,,78.58067494509086,,,,https://downloads.khinsider.com/game-soundtracks/album/killzone-3,2026-10-05,Track title is taken from KHInsider's soundtrack/gamerip album index. Popularity is an explicitly labelled proxy based on BeatHit game rank and track prominence.,"{""culture_category"":""video_game_music"",""video_game"":""Killzone 3"",""game_rank"":608,""game_association_kind"":""khinsider_game_soundtrack"",""khinsider_album_url"":""https://downloads.khinsider.com/game-soundtracks/album/killzone-3"",""khinsider_album_title"":""Killzone 3 - The Official Soundtrack (killzone-3)"",""khinsider_album_kind"":""official_or_gamerip"",""khinsider_album_match_score"":100.0,""relevance_score_100"":100.0,""popularity_score_100"":46.45168736272714,""score_100"":78.58067494509086,""popularity_basis"":""BeatHit master-list game rank plus track position proxy""}"
54,Adams was never here...,Unknown credited artist,[],Killzone Original Soundtrack (killzone-original-soundtrack-2004),,,"[""video game soundtrack""]","[""und""]",,,,Killzone 3,,,khinsider_track_prominence_proxy,46.45168736272714,score_0_100,,,,78.58067494509086,,,,https://downloads.khinsider.com/game-soundtracks/album/killzone-original-soundtrack-2004,2026-10-05,Track title is taken from KHInsider's soundtrack/gamerip album index. Popularity is an explicitly labelled proxy based on BeatHit game rank and track prominence.,"{""culture_category"":""video_game_music"",""video_game"":""Killzone 3"",""game_rank"":608,""game_association_kind"":""khinsider_game_soundtrack"",""khinsider_album_url"":""https://downloads.khinsider.com/game-soundtracks/album/killzone-original-soundtrack-2004"",""khinsider_album_title"":""Killzone Original Soundtrack (killzone-original-soundtrack-2004)"",""khinsider_album_kind"":""official_or_gamerip"",""khinsider_album_match_score"":100.0,""relevance_score_100"":100.0,""popularity_score_100"":46.45168736272714,""score_100"":78.58067494509086,""popularity_basis"":""BeatHit master-list game rank plus track position proxy""}"
55,Frozen Shores - Escape on the Tram,Unknown credited artist,[],Killzone 3 - The Official Soundtrack (killzone-3),,,"[""video game soundtrack""]","[""und""]",,,,Killzone 3,,,khinsider_track_prominence_proxy,46.241687362727134,score_0_100,,,,78.49667494509086,,,,https://downloads.khinsider.com/game-soundtracks/album/killzone-3,2026-10-05,Track title is taken from KHInsider's soundtrack/gamerip album index. Popularity is an explicitly labelled proxy based on BeatHit game rank and track prominence.,"{""culture_category"":""video_game_music"",""video_game"":""Killzone 3"",""game_rank"":608,""game_association_kind"":""khinsider_game_soundtrack"",""khinsider_album_url"":""https://downloads.khinsider.com/game-soundtracks/album/killzone-3"",""khinsider_album_title"":""Killzone 3 - The Official Soundtrack (killzone-3)"",""khinsider_album_kind"":""official_or_gamerip"",""khinsider_album_match_score"":100.0,""relevance_score_100"":100.0,""popularity_score_100"":46.241687362727134,""score_100"":78.49667494509086,""popularity_basis"":""BeatHit master-list game rank plus track position proxy""}"
56,Lente Pulls Rank,Unknown credited artist,[],Killzone Original Soundtrack (killzone-original-soundtrack-2004),,,"[""video game soundtrack""]","[""und""]",,,,Killzone 3,,,khinsider_track_prominence_proxy,46.241687362727134,score_0_100,,,,78.49667494509086,,,,https://downloads.khinsider.com/game-soundtracks/album/killzone-original-soundtrack-2004,2026-10-05,Track title is taken from KHInsider's soundtrack/gamerip album index. Popularity is an explicitly labelled proxy based on BeatHit game rank and track prominence.,"{""culture_category"":""video_game_music"",""video_game"":""Killzone 3"",""game_rank"":608,""game_association_kind"":""khinsider_game_soundtrack"",""khinsider_album_url"":""https://downloads.khinsider.com/game-soundtracks/album/killzone-original-soundtrack-2004"",""khinsider_album_title"":""Killzone Original Soundtrack (killzone-original-soundtrack-2004)"",""khinsider_album_kind"":""official_or_gamerip"",""khinsider_album_match_score"":100.0,""relevance_score_100"":100.0,""popularity_score_100"":46.241687362727134,""score_100"":78.49667494509086,""popularity_basis"":""BeatHit master-list game rank plus track position proxy""}"
57,Frozen Shores - Jetpack Fight,Unknown credited artist,[],Killzone 3 - The Official Soundtrack (killzone-3),,,"[""video game soundtrack""]","[""und""]",,,,Killzone 3,,,khinsider_track_prominence_proxy,46.03168736272714,score_0_100,,,,78.41267494509086,,,,https://downloads.khinsider.com/game-soundtracks/album/killzone-3,2026-10-05,Track title is taken from KHInsider's soundtrack/gamerip album index. Popularity is an explicitly labelled proxy based on BeatHit game rank and track prominence.,"{""culture_category"":""video_game_music"",""video_game"":""Killzone 3"",""game_rank"":608,""game_association_kind"":""khinsider_game_soundtrack"",""khinsider_album_url"":""https://downloads.khinsider.com/game-soundtracks/album/killzone-3"",""khinsider_album_title"":""Killzone 3 - The Official Soundtrack (killzone-3)"",""khinsider_album_kind"":""official_or_gamerip"",""khinsider_album_match_score"":100.0,""relevance_score_100"":100.0,""popularity_score_100"":46.03168736272714,""score_100"":78.41267494509086,""popularity_basis"":""BeatHit master-list game rank plus track position proxy""}"
58,Rico Tells It Like It Is,Unknown credited artist,[],Killzone Original Soundtrack (killzone-original-soundtrack-2004),,,"[""video game soundtrack""]","[""und""]",,,,Killzone 3,,,khinsider_track_prominence_proxy,46.03168736272714,score_0_100,,,,78.41267494509086,,,,https://downloads.khinsider.com/game-soundtracks/album/killzone-original-soundtrack-2004,2026-10-05,Track title is taken from KHInsider's soundtrack/gamerip album index. Popularity is an explicitly labelled proxy based on BeatHit game rank and track prominence.,"{""culture_category"":""video_game_music"",""video_game"":""Killzone 3"",""game_rank"":608,""game_association_kind"":""khinsider_game_soundtrack"",""khinsider_album_url"":""https://downloads.khinsider.com/game-soundtracks/album/killzone-original-soundtrack-2004"",""khinsider_album_title"":""Killzone Original Soundtrack (killzone-original-soundtrack-2004)"",""khinsider_album_kind"":""official_or_gamerip"",""khinsider_album_match_score"":100.0,""relevance_score_100"":100.0,""popularity_score_100"":46.03168736272714,""score_100"":78.41267494509086,""popularity_basis"":""BeatHit master-list game rank plus track position proxy""}"
59,Frozen Shores - Enter the Wasp,Unknown credited artist,[],Killzone 3 - The Official Soundtrack (killzone-3),,,"[""video game soundtrack""]","[""und""]",,,,Killzone 3,,,khinsider_track_prominence_proxy,45.82168736272713,score_0_100,,,,78.32867494509085,,,,https://downloads.khinsider.com/game-soundtracks/album/killzone-3,2026-10-05,Track title is taken from KHInsider's soundtrack/gamerip album index. Popularity is an explicitly labelled proxy based on BeatHit game rank and track prominence.,"{""culture_category"":""video_game_music"",""video_game"":""Killzone 3"",""game_rank"":608,""game_association_kind"":""khinsider_game_soundtrack"",""khinsider_album_url"":""https://downloads.khinsider.com/game-soundtracks/album/killzone-3"",""khinsider_album_title"":""Killzone 3 - The Official Soundtrack (killzone-3)"",""khinsider_album_kind"":""official_or_gamerip"",""khinsider_album_match_score"":100.0,""relevance_score_100"":100.0,""popularity_score_100"":45.82168736272713,""score_100"":78.32867494509085,""popularity_basis"":""BeatHit master-list game rank plus track position proxy""}"
60,Running Out of Time  -  Lente Approaches  -  Adams Goes Mental,Unknown credited artist,[],Killzone Original Soundtrack (killzone-original-soundtrack-2004),,,"[""video game soundtrack""]","[""und""]",,,,Killzone 3,,,khinsider_track_prominence_proxy,45.82168736272713,score_0_100,,,,78.32867494509085,,,,https://downloads.khinsider.com/game-soundtracks/album/killzone-original-soundtrack-2004,2026-10-05,Track title is taken from KHInsider's soundtrack/gamerip album index. Popularity is an explicitly labelled proxy based on BeatHit game rank and track prominence.,"{""culture_category"":""video_game_music"",""video_game"":""Killzone 3"",""game_rank"":608,""game_association_kind"":""khinsider_game_soundtrack"",""khinsider_album_url"":""https://downloads.khinsider.com/game-soundtracks/album/killzone-original-soundtrack-2004"",""khinsider_album_title"":""Killzone Original Soundtrack (killzone-original-soundtrack-2004)"",""khinsider_album_kind"":""official_or_gamerip"",""khinsider_album_match_score"":100.0,""relevance_score_100"":100.0,""popularity_score_100"":45.82168736272713,""score_100"":78.32867494509085,""popularity_basis"":""BeatHit master-list game rank plus track position proxy""}"
61,Stahl Arms - Exploring Stahl Arms,Unknown credited artist,[],Killzone 3 - The Official Soundtrack (killzone-3),,,"[""video game soundtrack""]","[""und""]",,,,Killzone 3,,,khinsider_track_prominence_proxy,45.61168736272714,score_0_100,,,,78.24467494509085,,,,https://downloads.khinsider.com/game-soundtracks/album/killzone-3,2026-10-05,Track title is taken from KHInsider's soundtrack/gamerip album index. Popularity is an explicitly labelled proxy based on BeatHit game rank and track prominence.,"{""culture_category"":""video_game_music"",""video_game"":""Killzone 3"",""game_rank"":608,""game_association_kind"":""khinsider_game_soundtrack"",""khinsider_album_url"":""https://downloads.khinsider.com/game-soundtracks/album/killzone-3"",""khinsider_album_title"":""Killzone 3 - The Official Soundtrack (killzone-3)"",""khinsider_album_kind"":""official_or_gamerip"",""khinsider_album_match_score"":100.0,""relevance_score_100"":100.0,""popularity_score_100"":45.61168736272714,""score_100"":78.24467494509085,""popularity_basis"":""BeatHit master-list game rank plus track position proxy""}"
62,Only your Brother speaks of your heroism...,Unknown credited artist,[],Killzone Original Soundtrack (killzone-original-soundtrack-2004),,,"[""video game soundtrack""]","[""und""]",,,,Killzone 3,,,khinsider_track_prominence_proxy,45.61168736272714,score_0_100,,,,78.24467494509085,,,,https://downloads.khinsider.com/game-soundtracks/album/killzone-original-soundtrack-2004,2026-10-05,Track title is taken from KHInsider's soundtrack/gamerip album index. Popularity is an explicitly labelled proxy based on BeatHit game rank and track prominence.,"{""culture_category"":""video_game_music"",""video_game"":""Killzone 3"",""game_rank"":608,""game_association_kind"":""khinsider_game_soundtrack"",""khinsider_album_url"":""https://downloads.khinsider.com/game-soundtracks/album/killzone-original-soundtrack-2004"",""khinsider_album_title"":""Killzone Original Soundtrack (killzone-original-soundtrack-2004)"",""khinsider_album_kind"":""official_or_gamerip"",""khinsider_album_match_score"":100.0,""relevance_score_100"":100.0,""popularity_score_100"":45.61168736272714,""score_100"":78.24467494509085,""popularity_basis"":""BeatHit master-list game rank plus track position proxy""}"
63,Stahl Arms - Battle My Own,Unknown credited artist,[],Killzone 3 - The Official Soundtrack (killzone-3),,,"[""video game soundtrack""]","[""und""]",,,,Killzone 3,,,khinsider_track_prominence_proxy,45.40168736272714,score_0_100,,,,78.16067494509086,,,,https://downloads.khinsider.com/game-soundtracks/album/killzone-3,2026-10-05,Track title is taken from KHInsider's soundtrack/gamerip album index. Popularity is an explicitly labelled proxy based on BeatHit game rank and track prominence.,"{""culture_category"":""video_game_music"",""video_game"":""Killzone 3"",""game_rank"":608,""game_association_kind"":""khinsider_game_soundtrack"",""khinsider_album_url"":""https://downloads.khinsider.com/game-soundtracks/album/killzone-3"",""khinsider_album_title"":""Killzone 3 - The Official Soundtrack (killzone-3)"",""khinsider_album_kind"":""official_or_gamerip"",""khinsider_album_match_score"":100.0,""relevance_score_100"":100.0,""popularity_score_100"":45.40168736272714,""score_100"":78.16067494509086,""popularity_basis"":""BeatHit master-list game rank plus track position proxy""}"
64,Dropship Fight,Unknown credited artist,[],Killzone Original Soundtrack (killzone-original-soundtrack-2004),,,"[""video game soundtrack""]","[""und""]",,,,Killzone 3,,,khinsider_track_prominence_proxy,45.40168736272714,score_0_100,,,,78.16067494509086,,,,https://downloads.khinsider.com/game-soundtracks/album/killzone-original-soundtrack-2004,2026-10-05,Track title is taken from KHInsider's soundtrack/gamerip album index. Popularity is an explicitly labelled proxy based on BeatHit game rank and track prominence.,"{""culture_category"":""video_game_music"",""video_game"":""Killzone 3"",""game_rank"":608,""game_association_kind"":""khinsider_game_soundtrack"",""khinsider_album_url"":""https://downloads.khinsider.com/game-soundtracks/album/killzone-original-soundtrack-2004"",""khinsider_album_title"":""Killzone Original Soundtrack (killzone-original-soundtrack-2004)"",""khinsider_album_kind"":""official_or_gamerip"",""khinsider_album_match_score"":100.0,""relevance_score_100"":100.0,""popularity_score_100"":45.40168736272714,""score_100"":78.16067494509086,""popularity_basis"":""BeatHit master-list game rank plus track position proxy""}"
65,Stahl Arms - The Icesaw Chase,Unknown credited artist,[],Killzone 3 - The Official Soundtrack (killzone-3),,,"[""video game soundtrack""]","[""und""]",,,,Killzone 3,,,khinsider_track_prominence_proxy,45.19168736272714,score_0_100,,,,78.07667494509086,,,,https://downloads.khinsider.com/game-soundtracks/album/killzone-3,2026-10-05,Track title is taken from KHInsider's soundtrack/gamerip album index. Popularity is an explicitly labelled proxy based on BeatHit game rank and track prominence.,"{""culture_category"":""video_game_music"",""video_game"":""Killzone 3"",""game_rank"":608,""game_association_kind"":""khinsider_game_soundtrack"",""khinsider_album_url"":""https://downloads.khinsider.com/game-soundtracks/album/killzone-3"",""khinsider_album_title"":""Killzone 3 - The Official Soundtrack (killzone-3)"",""khinsider_album_kind"":""official_or_gamerip"",""khinsider_album_match_score"":100.0,""relevance_score_100"":100.0,""popularity_score_100"":45.19168736272714,""score_100"":78.07667494509086,""popularity_basis"":""BeatHit master-list game rank plus track position proxy""}"
66,Luger and Templar,Unknown credited artist,[],Killzone Original Soundtrack (killzone-original-soundtrack-2004),,,"[""video game soundtrack""]","[""und""]",,,,Killzone 3,,,khinsider_track_prominence_proxy,45.19168736272714,score_0_100,,,,78.07667494509086,,,,https://downloads.khinsider.com/game-soundtracks/album/killzone-original-soundtrack-2004,2026-10-05,Track title is taken from KHInsider's soundtrack/gamerip album index. Popularity is an explicitly labelled proxy based on BeatHit game rank and track prominence.,"{""culture_category"":""video_game_music"",""video_game"":""Killzone 3"",""game_rank"":608,""game_association_kind"":""khinsider_game_soundtrack"",""khinsider_album_url"":""https://downloads.khinsider.com/game-soundtracks/album/killzone-original-soundtrack-2004"",""khinsider_album_title"":""Killzone Original Soundtrack (killzone-original-soundtrack-2004)"",""khinsider_album_kind"":""official_or_gamerip"",""khinsider_album_match_score"":100.0,""relevance_score_100"":100.0,""popularity_score_100"":45.19168736272714,""score_100"":78.07667494509086,""popularity_basis"":""BeatHit master-list game rank plus track position proxy""}"
67,The Scrapyard - Fight on a Crane,Unknown credited artist,[],Killzone 3 - The Official Soundtrack (killzone-3),,,"[""video game soundtrack""]","[""und""]",,,,Killzone 3,,,khinsider_track_prominence_proxy,44.981687362727136,score_0_100,,,,77.99267494509085,,,,https://downloads.khinsider.com/game-soundtracks/album/killzone-3,2026-10-05,Track title is taken from KHInsider's soundtrack/gamerip album index. Popularity is an explicitly labelled proxy based on BeatHit game rank and track prominence.,"{""culture_category"":""video_game_music"",""video_game"":""Killzone 3"",""game_rank"":608,""game_association_kind"":""khinsider_game_soundtrack"",""khinsider_album_url"":""https://downloads.khinsider.com/game-soundtracks/album/killzone-3"",""khinsider_album_title"":""Killzone 3 - The Official Soundtrack (killzone-3)"",""khinsider_album_kind"":""official_or_gamerip"",""khinsider_album_match_score"":100.0,""relevance_score_100"":100.0,""popularity_score_100"":44.981687362727136,""score_100"":77.99267494509085,""popularity_basis"":""BeatHit master-list game rank plus track position proxy""}"
68,Precursor,Unknown credited artist,[],Killzone Original Soundtrack (killzone-original-soundtrack-2004),,,"[""video game soundtrack""]","[""und""]",,,,Killzone 3,,,khinsider_track_prominence_proxy,44.981687362727136,score_0_100,,,,77.99267494509085,,,,https://downloads.khinsider.com/game-soundtracks/album/killzone-original-soundtrack-2004,2026-10-05,Track title is taken from KHInsider's soundtrack/gamerip album index. Popularity is an explicitly labelled proxy based on BeatHit game rank and track prominence.,"{""culture_category"":""video_game_music"",""video_game"":""Killzone 3"",""game_rank"":608,""game_association_kind"":""khinsider_game_soundtrack"",""khinsider_album_url"":""https://downloads.khinsider.com/game-soundtracks/album/killzone-original-soundtrack-2004"",""khinsider_album_title"":""Killzone Original Soundtrack (killzone-original-soundtrack-2004)"",""khinsider_album_kind"":""official_or_gamerip"",""khinsider_album_match_score"":100.0,""relevance_score_100"":100.0,""popularity_score_100"":44.981687362727136,""score_100"":77.99267494509085,""popularity_basis"":""BeatHit master-list game rank plus track position proxy""}"
69,The Scrapyard - The Mobile Factory,Unknown credited artist,[],Killzone 3 - The Official Soundtrack (killzone-3),,,"[""video game soundtrack""]","[""und""]",,,,Killzone 3,,,khinsider_track_prominence_proxy,44.771687362727135,score_0_100,,,,77.90867494509085,,,,https://downloads.khinsider.com/game-soundtracks/album/killzone-3,2026-10-05,Track title is taken from KHInsider's soundtrack/gamerip album index. Popularity is an explicitly labelled proxy based on BeatHit game rank and track prominence.,"{""culture_category"":""video_game_music"",""video_game"":""Killzone 3"",""game_rank"":608,""game_association_kind"":""khinsider_game_soundtrack"",""khinsider_album_url"":""https://downloads.khinsider.com/game-soundtracks/album/killzone-3"",""khinsider_album_title"":""Killzone 3 - The Official Soundtrack (killzone-3)"",""khinsider_album_kind"":""official_or_gamerip"",""khinsider_album_match_score"":100.0,""relevance_score_100"":100.0,""popularity_score_100"":44.771687362727135,""score_100"":77.90867494509085,""popularity_basis"":""BeatHit master-list game rank plus track position proxy""}"
70,They will never stop...,Unknown credited artist,[],Killzone Original Soundtrack (killzone-original-soundtrack-2004),,,"[""video game soundtrack""]","[""und""]",,,,Killzone 3,,,khinsider_track_prominence_proxy,44.771687362727135,score_0_100,,,,77.90867494509085,,,,https://downloads.khinsider.com/game-soundtracks/album/killzone-original-soundtrack-2004,2026-10-05,Track title is taken from KHInsider's soundtrack/gamerip album index. Popularity is an explicitly labelled proxy based on BeatHit game rank and track prominence.,"{""culture_category"":""video_game_music"",""video_game"":""Killzone 3"",""game_rank"":608,""game_association_kind"":""khinsider_game_soundtrack"",""khinsider_album_url"":""https://downloads.khinsider.com/game-soundtracks/album/killzone-original-soundtrack-2004"",""khinsider_album_title"":""Killzone Original Soundtrack (killzone-original-soundtrack-2004)"",""khinsider_album_kind"":""official_or_gamerip"",""khinsider_album_match_score"":100.0,""relevance_score_100"":100.0,""popularity_score_100"":44.771687362727135,""score_100"":77.90867494509085,""popularity_basis"":""BeatHit master-list game rank plus track position proxy""}"
71,The Scrapyard - The Heavy Returns,Unknown credited artist,[],Killzone 3 - The Official Soundtrack (killzone-3),,,"[""video game soundtrack""]","[""und""]",,,,Killzone 3,,,khinsider_track_prominence_proxy,44.561687362727135,score_0_100,,,,77.82467494509086,,,,https://downloads.khinsider.com/game-soundtracks/album/killzone-3,2026-10-05,Track title is taken from KHInsider's soundtrack/gamerip album index. Popularity is an explicitly labelled proxy based on BeatHit game rank and track prominence.,"{""culture_category"":""video_game_music"",""video_game"":""Killzone 3"",""game_rank"":608,""game_association_kind"":""khinsider_game_soundtrack"",""khinsider_album_url"":""https://downloads.khinsider.com/game-soundtracks/album/killzone-3"",""khinsider_album_title"":""Killzone 3 - The Official Soundtrack (killzone-3)"",""khinsider_album_kind"":""official_or_gamerip"",""khinsider_album_match_score"":100.0,""relevance_score_100"":100.0,""popularity_score_100"":44.561687362727135,""score_100"":77.82467494509086,""popularity_basis"":""BeatHit master-list game rank plus track position proxy""}"
72,Adams' Lament,Unknown credited artist,[],Killzone Original Soundtrack (killzone-original-soundtrack-2004),,,"[""video game soundtrack""]","[""und""]",,,,Killzone 3,,,khinsider_track_prominence_proxy,44.561687362727135,score_0_100,,,,77.82467494509086,,,,https://downloads.khinsider.com/game-soundtracks/album/killzone-original-soundtrack-2004,2026-10-05,Track title is taken from KHInsider's soundtrack/gamerip album index. Popularity is an explicitly labelled proxy based on BeatHit game rank and track prominence.,"{""culture_category"":""video_game_music"",""video_game"":""Killzone 3"",""game_rank"":608,""game_association_kind"":""khinsider_game_soundtrack"",""khinsider_album_url"":""https://downloads.khinsider.com/game-soundtracks/album/killzone-original-soundtrack-2004"",""khinsider_album_title"":""Killzone Original Soundtrack (killzone-original-soundtrack-2004)"",""khinsider_album_kind"":""official_or_gamerip"",""khinsider_album_match_score"":100.0,""relevance_score_100"":100.0,""popularity_score_100"":44.561687362727135,""score_100"":77.82467494509086,""popularity_basis"":""BeatHit master-list game rank plus track position proxy""}"
73,The Scrapyard - Don't Mess with the MAWLR,Unknown credited artist,[],Killzone 3 - The Official Soundtrack (killzone-3),,,"[""video game soundtrack""]","[""und""]",,,,Killzone 3,,,khinsider_track_prominence_proxy,44.351687362727134,score_0_100,,,,77.74067494509086,,,,https://downloads.khinsider.com/game-soundtracks/album/killzone-3,2026-10-05,Track title is taken from KHInsider's soundtrack/gamerip album index. Popularity is an explicitly labelled proxy based on BeatHit game rank and track prominence.,"{""culture_category"":""video_game_music"",""video_game"":""Killzone 3"",""game_rank"":608,""game_association_kind"":""khinsider_game_soundtrack"",""khinsider_album_url"":""https://downloads.khinsider.com/game-soundtracks/album/killzone-3"",""khinsider_album_title"":""Killzone 3 - The Official Soundtrack (killzone-3)"",""khinsider_album_kind"":""official_or_gamerip"",""khinsider_album_match_score"":100.0,""relevance_score_100"":100.0,""popularity_score_100"":44.351687362727134,""score_100"":77.74067494509086,""popularity_basis"":""BeatHit master-list game rank plus track position proxy""}"
74,Shuttle Escape,Unknown credited artist,[],Killzone Original Soundtrack (killzone-original-soundtrack-2004),,,"[""video game soundtrack""]","[""und""]",,,,Killzone 3,,,khinsider_track_prominence_proxy,44.351687362727134,score_0_100,,,,77.74067494509086,,,,https://downloads.khinsider.com/game-soundtracks/album/killzone-original-soundtrack-2004,2026-10-05,Track title is taken from KHInsider's soundtrack/gamerip album index. Popularity is an explicitly labelled proxy based on BeatHit game rank and track prominence.,"{""culture_category"":""video_game_music"",""video_game"":""Killzone 3"",""game_rank"":608,""game_association_kind"":""khinsider_game_soundtrack"",""khinsider_album_url"":""https://downloads.khinsider.com/game-soundtracks/album/killzone-original-soundtrack-2004"",""khinsider_album_title"":""Killzone Original Soundtrack (killzone-original-soundtrack-2004)"",""khinsider_album_kind"":""official_or_gamerip"",""khinsider_album_match_score"":100.0,""relevance_score_100"":100.0,""popularity_score_100"":44.351687362727134,""score_100"":77.74067494509086,""popularity_basis"":""BeatHit master-list game rank plus track position proxy""}"
75,Conclusion,Unknown credited artist,[],Killzone Original Soundtrack (killzone-original-soundtrack-2004),,,"[""video game soundtrack""]","[""und""]",,,,Killzone 3,,,khinsider_track_prominence_proxy,44.14168736272714,score_0_100,,,,77.65667494509086,,,,https://downloads.khinsider.com/game-soundtracks/album/killzone-original-soundtrack-2004,2026-10-05,Track title is taken from KHInsider's soundtrack/gamerip album index. Popularity is an explicitly labelled proxy based on BeatHit game rank and track prominence.,"{""culture_category"":""video_game_music"",""video_game"":""Killzone 3"",""game_rank"":608,""game_association_kind"":""khinsider_game_soundtrack"",""khinsider_album_url"":""https://downloads.khinsider.com/game-soundtracks/album/killzone-original-soundtrack-2004"",""khinsider_album_title"":""Killzone Original Soundtrack (killzone-original-soundtrack-2004)"",""khinsider_album_kind"":""official_or_gamerip"",""khinsider_album_match_score"":100.0,""relevance_score_100"":100.0,""popularity_score_100"":44.14168736272714,""score_100"":77.65667494509086,""popularity_basis"":""BeatHit master-list game rank plus track position proxy""}"
76,E3 Trailer Music - War is Coming,Unknown credited artist,[],Killzone Original Soundtrack (killzone-original-soundtrack-2004),,,"[""video game soundtrack""]","[""und""]",,,,Killzone 3,,,khinsider_track_prominence_proxy,43.30168736272714,score_0_100,,,,77.32067494509086,,,,https://downloads.khinsider.com/game-soundtracks/album/killzone-original-soundtrack-2004,2026-10-05,Track title is taken from KHInsider's soundtrack/gamerip album index. Popularity is an explicitly labelled proxy based on BeatHit game rank and track prominence.,"{""culture_category"":""video_game_music"",""video_game"":""Killzone 3"",""game_rank"":608,""game_association_kind"":""khinsider_game_soundtrack"",""khinsider_album_url"":""https://downloads.khinsider.com/game-soundtracks/album/killzone-original-soundtrack-2004"",""khinsider_album_title"":""Killzone Original Soundtrack (killzone-original-soundtrack-2004)"",""khinsider_album_kind"":""official_or_gamerip"",""khinsider_album_match_score"":100.0,""relevance_score_100"":100.0,""popularity_score_100"":43.30168736272714,""score_100"":77.32067494509086,""popularity_basis"":""BeatHit master-list game rank plus track position proxy""}"
77,La Belle Vie - Waypoint Mall Elevator Muzak,Unknown credited artist,[],Killzone Original Soundtrack (killzone-original-soundtrack-2004),,,"[""video game soundtrack""]","[""und""]",,,,Killzone 3,,,khinsider_track_prominence_proxy,43.091687362727136,score_0_100,,,,77.23667494509085,,,,https://downloads.khinsider.com/game-soundtracks/album/killzone-original-soundtrack-2004,2026-10-05,Track title is taken from KHInsider's soundtrack/gamerip album index. Popularity is an explicitly labelled proxy based on BeatHit game rank and track prominence.,"{""culture_category"":""video_game_music"",""video_game"":""Killzone 3"",""game_rank"":608,""game_association_kind"":""khinsider_game_soundtrack"",""khinsider_album_url"":""https://downloads.khinsider.com/game-soundtracks/album/killzone-original-soundtrack-2004"",""khinsider_album_title"":""Killzone Original Soundtrack (killzone-original-soundtrack-2004)"",""khinsider_album_kind"":""official_or_gamerip"",""khinsider_album_match_score"":100.0,""relevance_score_100"":100.0,""popularity_score_100"":43.091687362727136,""score_100"":77.23667494509085,""popularity_basis"":""BeatHit master-list game rank plus track position proxy""}"
78,main theme,Unknown credited artist,[],Killzone 2 (killzone-2),,,"[""video game soundtrack""]","[""und""]",,,,Killzone 3,,,khinsider_track_prominence_proxy,51.28168736272714,score_0_100,,,,73.61267494509086,,,,https://downloads.khinsider.com/game-soundtracks/album/killzone-2,2026-10-05,Track title is taken from KHInsider's soundtrack/gamerip album index. Popularity is an explicitly labelled proxy based on BeatHit game rank and track prominence.,"{""culture_category"":""video_game_music"",""video_game"":""Killzone 3"",""game_rank"":608,""game_association_kind"":""khinsider_game_soundtrack"",""khinsider_album_url"":""https://downloads.khinsider.com/game-soundtracks/album/killzone-2"",""khinsider_album_title"":""Killzone 2 (killzone-2)"",""khinsider_album_kind"":""unclassified_game_album"",""khinsider_album_match_score"":90.0,""relevance_score_100"":88.5,""popularity_score_100"":51.28168736272714,""score_100"":73.61267494509086,""popularity_basis"":""BeatHit master-list game rank plus track position proxy""}"
79,birth of war retribution cutscene,Unknown credited artist,[],Killzone 2 (killzone-2),,,"[""video game soundtrack""]","[""und""]",,,,Killzone 3,,,khinsider_track_prominence_proxy,51.07168736272713,score_0_100,,,,73.52867494509086,,,,https://downloads.khinsider.com/game-soundtracks/album/killzone-2,2026-10-05,Track title is taken from KHInsider's soundtrack/gamerip album index. Popularity is an explicitly labelled proxy based on BeatHit game rank and track prominence.,"{""culture_category"":""video_game_music"",""video_game"":""Killzone 3"",""game_rank"":608,""game_association_kind"":""khinsider_game_soundtrack"",""khinsider_album_url"":""https://downloads.khinsider.com/game-soundtracks/album/killzone-2"",""khinsider_album_title"":""Killzone 2 (killzone-2)"",""khinsider_album_kind"":""unclassified_game_album"",""khinsider_album_match_score"":90.0,""relevance_score_100"":88.5,""popularity_score_100"":51.07168736272713,""score_100"":73.52867494509086,""popularity_basis"":""BeatHit master-list game rank plus track position proxy""}"
80,high drop cutscene,Unknown credited artist,[],Killzone 2 (killzone-2),,,"[""video game soundtrack""]","[""und""]",,,,Killzone 3,,,khinsider_track_prominence_proxy,50.86168736272714,score_0_100,,,,73.44467494509087,,,,https://downloads.khinsider.com/game-soundtracks/album/killzone-2,2026-10-05,Track title is taken from KHInsider's soundtrack/gamerip album index. Popularity is an explicitly labelled proxy based on BeatHit game rank and track prominence.,"{""culture_category"":""video_game_music"",""video_game"":""Killzone 3"",""game_rank"":608,""game_association_kind"":""khinsider_game_soundtrack"",""khinsider_album_url"":""https://downloads.khinsider.com/game-soundtracks/album/killzone-2"",""khinsider_album_title"":""Killzone 2 (killzone-2)"",""khinsider_album_kind"":""unclassified_game_album"",""khinsider_album_match_score"":90.0,""relevance_score_100"":88.5,""popularity_score_100"":50.86168736272714,""score_100"":73.44467494509087,""popularity_basis"":""BeatHit master-list game rank plus track position proxy""}"
81,corinth sands and stahl arms warehouse,Unknown credited artist,[],Killzone 2 (killzone-2),,,"[""video game soundtrack""]","[""und""]",,,,Killzone 3,,,khinsider_track_prominence_proxy,50.65168736272714,score_0_100,,,,73.36067494509086,,,,https://downloads.khinsider.com/game-soundtracks/album/killzone-2,2026-10-05,Track title is taken from KHInsider's soundtrack/gamerip album index. Popularity is an explicitly labelled proxy based on BeatHit game rank and track prominence.,"{""culture_category"":""video_game_music"",""video_game"":""Killzone 3"",""game_rank"":608,""game_association_kind"":""khinsider_game_soundtrack"",""khinsider_album_url"":""https://downloads.khinsider.com/game-soundtracks/album/killzone-2"",""khinsider_album_title"":""Killzone 2 (killzone-2)"",""khinsider_album_kind"":""unclassified_game_album"",""khinsider_album_match_score"":90.0,""relevance_score_100"":88.5,""popularity_score_100"":50.65168736272714,""score_100"":73.36067494509086,""popularity_basis"":""BeatHit master-list game rank plus track position proxy""}"
82,verdran overlook west,Unknown credited artist,[],Killzone 2 (killzone-2),,,"[""video game soundtrack""]","[""und""]",,,,Killzone 3,,,khinsider_track_prominence_proxy,50.44168736272714,score_0_100,,,,73.27667494509086,,,,https://downloads.khinsider.com/game-soundtracks/album/killzone-2,2026-10-05,Track title is taken from KHInsider's soundtrack/gamerip album index. Popularity is an explicitly labelled proxy based on BeatHit game rank and track prominence.,"{""culture_category"":""video_game_music"",""video_game"":""Killzone 3"",""game_rank"":608,""game_association_kind"":""khinsider_game_soundtrack"",""khinsider_album_url"":""https://downloads.khinsider.com/game-soundtracks/album/killzone-2"",""khinsider_album_title"":""Killzone 2 (killzone-2)"",""khinsider_album_kind"":""unclassified_game_album"",""khinsider_album_match_score"":90.0,""relevance_score_100"":88.5,""popularity_score_100"":50.44168736272714,""score_100"":73.27667494509086,""popularity_basis"":""BeatHit master-list game rank plus track position proxy""}"
83,korovis dam,Unknown credited artist,[],Killzone 2 (killzone-2),,,"[""video game soundtrack""]","[""und""]",,,,Killzone 3,,,khinsider_track_prominence_proxy,50.231687362727136,score_0_100,,,,73.19267494509086,,,,https://downloads.khinsider.com/game-soundtracks/album/killzone-2,2026-10-05,Track title is taken from KHInsider's soundtrack/gamerip album index. Popularity is an explicitly labelled proxy based on BeatHit game rank and track prominence.,"{""culture_category"":""video_game_music"",""video_game"":""Killzone 3"",""game_rank"":608,""game_association_kind"":""khinsider_game_soundtrack"",""khinsider_album_url"":""https://downloads.khinsider.com/game-soundtracks/album/killzone-2"",""khinsider_album_title"":""Killzone 2 (killzone-2)"",""khinsider_album_kind"":""unclassified_game_album"",""khinsider_album_match_score"":90.0,""relevance_score_100"":88.5,""popularity_score_100"":50.231687362727136,""score_100"":73.19267494509086,""popularity_basis"":""BeatHit master-list game rank plus track position proxy""}"
84,a small victory cutscene,Unknown credited artist,[],Killzone 2 (killzone-2),,,"[""video game soundtrack""]","[""und""]",,,,Killzone 3,,,khinsider_track_prominence_proxy,50.021687362727135,score_0_100,,,,73.10867494509085,,,,https://downloads.khinsider.com/game-soundtracks/album/killzone-2,2026-10-05,Track title is taken from KHInsider's soundtrack/gamerip album index. Popularity is an explicitly labelled proxy based on BeatHit game rank and track prominence.,"{""culture_category"":""video_game_music"",""video_game"":""Killzone 3"",""game_rank"":608,""game_association_kind"":""khinsider_game_soundtrack"",""khinsider_album_url"":""https://downloads.khinsider.com/game-soundtracks/album/killzone-2"",""khinsider_album_title"":""Killzone 2 (killzone-2)"",""khinsider_album_kind"":""unclassified_game_album"",""khinsider_album_match_score"":90.0,""relevance_score_100"":88.5,""popularity_score_100"":50.021687362727135,""score_100"":73.10867494509085,""popularity_basis"":""BeatHit master-list game rank plus track position proxy""}"
85,to the blood meridian cutscene,Unknown credited artist,[],Killzone 2 (killzone-2),,,"[""video game soundtrack""]","[""und""]",,,,Killzone 3,,,khinsider_track_prominence_proxy,49.811687362727135,score_0_100,,,,73.02467494509085,,,,https://downloads.khinsider.com/game-soundtracks/album/killzone-2,2026-10-05,Track title is taken from KHInsider's soundtrack/gamerip album index. Popularity is an explicitly labelled proxy based on BeatHit game rank and track prominence.,"{""culture_category"":""video_game_music"",""video_game"":""Killzone 3"",""game_rank"":608,""game_association_kind"":""khinsider_game_soundtrack"",""khinsider_album_url"":""https://downloads.khinsider.com/game-soundtracks/album/killzone-2"",""khinsider_album_title"":""Killzone 2 (killzone-2)"",""khinsider_album_kind"":""unclassified_game_album"",""khinsider_album_match_score"":90.0,""relevance_score_100"":88.5,""popularity_score_100"":49.811687362727135,""score_100"":73.02467494509085,""popularity_basis"":""BeatHit master-list game rank plus track position proxy""}"
86,landing zone 33 cutscene,Unknown credited artist,[],Killzone 2 (killzone-2),,,"[""video game soundtrack""]","[""und""]",,,,Killzone 3,,,khinsider_track_prominence_proxy,49.601687362727134,score_0_100,,,,72.94067494509085,,,,https://downloads.khinsider.com/game-soundtracks/album/killzone-2,2026-10-05,Track title is taken from KHInsider's soundtrack/gamerip album index. Popularity is an explicitly labelled proxy based on BeatHit game rank and track prominence.,"{""culture_category"":""video_game_music"",""video_game"":""Killzone 3"",""game_rank"":608,""game_association_kind"":""khinsider_game_soundtrack"",""khinsider_album_url"":""https://downloads.khinsider.com/game-soundtracks/album/killzone-2"",""khinsider_album_title"":""Killzone 2 (killzone-2)"",""khinsider_album_kind"":""unclassified_game_album"",""khinsider_album_match_score"":90.0,""relevance_score_100"":88.5,""popularity_score_100"":49.601687362727134,""score_100"":72.94067494509085,""popularity_basis"":""BeatHit master-list game rank plus track position proxy""}"
87,heavy canal,Unknown credited artist,[],Killzone 2 (killzone-2),,,"[""video game soundtrack""]","[""und""]",,,,Killzone 3,,,khinsider_track_prominence_proxy,49.39168736272714,score_0_100,,,,72.85667494509086,,,,https://downloads.khinsider.com/game-soundtracks/album/killzone-2,2026-10-05,Track title is taken from KHInsider's soundtrack/gamerip album index. Popularity is an explicitly labelled proxy based on BeatHit game rank and track prominence.,"{""culture_category"":""video_game_music"",""video_game"":""Killzone 3"",""game_rank"":608,""game_association_kind"":""khinsider_game_soundtrack"",""khinsider_album_url"":""https://downloads.khinsider.com/game-soundtracks/album/killzone-2"",""khinsider_album_title"":""Killzone 2 (killzone-2)"",""khinsider_album_kind"":""unclassified_game_album"",""khinsider_album_match_score"":90.0,""relevance_score_100"":88.5,""popularity_score_100"":49.39168736272714,""score_100"":72.85667494509086,""popularity_basis"":""BeatHit master-list game rank plus track position proxy""}"
88,verudan alley and cableway heights,Unknown credited artist,[],Killzone 2 (killzone-2),,,"[""video game soundtrack""]","[""und""]",,,,Killzone 3,,,khinsider_track_prominence_proxy,49.18168736272713,score_0_100,,,,72.77267494509086,,,,https://downloads.khinsider.com/game-soundtracks/album/killzone-2,2026-10-05,Track title is taken from KHInsider's soundtrack/gamerip album index. Popularity is an explicitly labelled proxy based on BeatHit game rank and track prominence.,"{""culture_category"":""video_game_music"",""video_game"":""Killzone 3"",""game_rank"":608,""game_association_kind"":""khinsider_game_soundtrack"",""khinsider_album_url"":""https://downloads.khinsider.com/game-soundtracks/album/killzone-2"",""khinsider_album_title"":""Killzone 2 (killzone-2)"",""khinsider_album_kind"":""unclassified_game_album"",""khinsider_album_match_score"":90.0,""relevance_score_100"":88.5,""popularity_score_100"":49.18168736272713,""score_100"":72.77267494509086,""popularity_basis"":""BeatHit master-list game rank plus track position proxy""}"
89,enter the atac cutscene,Unknown credited artist,[],Killzone 2 (killzone-2),,,"[""video game soundtrack""]","[""und""]",,,,Killzone 3,,,khinsider_track_prominence_proxy,48.97168736272714,score_0_100,,,,72.68867494509087,,,,https://downloads.khinsider.com/game-soundtracks/album/killzone-2,2026-10-05,Track title is taken from KHInsider's soundtrack/gamerip album index. Popularity is an explicitly labelled proxy based on BeatHit game rank and track prominence.,"{""culture_category"":""video_game_music"",""video_game"":""Killzone 3"",""game_rank"":608,""game_association_kind"":""khinsider_game_soundtrack"",""khinsider_album_url"":""https://downloads.khinsider.com/game-soundtracks/album/killzone-2"",""khinsider_album_title"":""Killzone 2 (killzone-2)"",""khinsider_album_kind"":""unclassified_game_album"",""khinsider_album_match_score"":90.0,""relevance_score_100"":88.5,""popularity_score_100"":48.97168736272714,""score_100"":72.68867494509087,""popularity_basis"":""BeatHit master-list game rank plus track position proxy""}"
90,split with garza,Unknown credited artist,[],Killzone 2 (killzone-2),,,"[""video game soundtrack""]","[""und""]",,,,Killzone 3,,,khinsider_track_prominence_proxy,48.76168736272713,score_0_100,,,,72.60467494509086,,,,https://downloads.khinsider.com/game-soundtracks/album/killzone-2,2026-10-05,Track title is taken from KHInsider's soundtrack/gamerip album index. Popularity is an explicitly labelled proxy based on BeatHit game rank and track prominence.,"{""culture_category"":""video_game_music"",""video_game"":""Killzone 3"",""game_rank"":608,""game_association_kind"":""khinsider_game_soundtrack"",""khinsider_album_url"":""https://downloads.khinsider.com/game-soundtracks/album/killzone-2"",""khinsider_album_title"":""Killzone 2 (killzone-2)"",""khinsider_album_kind"":""unclassified_game_album"",""khinsider_album_match_score"":90.0,""relevance_score_100"":88.5,""popularity_score_100"":48.76168736272713,""score_100"":72.60467494509086,""popularity_basis"":""BeatHit master-list game rank plus track position proxy""}"
91,prefects office,Unknown credited artist,[],Killzone 2 (killzone-2),,,"[""video game soundtrack""]","[""und""]",,,,Killzone 3,,,khinsider_track_prominence_proxy,48.55168736272714,score_0_100,,,,72.52067494509086,,,,https://downloads.khinsider.com/game-soundtracks/album/killzone-2,2026-10-05,Track title is taken from KHInsider's soundtrack/gamerip album index. Popularity is an explicitly labelled proxy based on BeatHit game rank and track prominence.,"{""culture_category"":""video_game_music"",""video_game"":""Killzone 3"",""game_rank"":608,""game_association_kind"":""khinsider_game_soundtrack"",""khinsider_album_url"":""https://downloads.khinsider.com/game-soundtracks/album/killzone-2"",""khinsider_album_title"":""Killzone 2 (killzone-2)"",""khinsider_album_kind"":""unclassified_game_album"",""khinsider_album_match_score"":90.0,""relevance_score_100"":88.5,""popularity_score_100"":48.55168736272714,""score_100"":72.52067494509086,""popularity_basis"":""BeatHit master-list game rank plus track position proxy""}"
92,union storage yard,Unknown credited artist,[],Killzone 2 (killzone-2),,,"[""video game soundtrack""]","[""und""]",,,,Killzone 3,,,khinsider_track_prominence_proxy,48.341687362727136,score_0_100,,,,72.43667494509086,,,,https://downloads.khinsider.com/game-soundtracks/album/killzone-2,2026-10-05,Track title is taken from KHInsider's soundtrack/gamerip album index. Popularity is an explicitly labelled proxy based on BeatHit game rank and track prominence.,"{""culture_category"":""video_game_music"",""video_game"":""Killzone 3"",""game_rank"":608,""game_association_kind"":""khinsider_game_soundtrack"",""khinsider_album_url"":""https://downloads.khinsider.com/game-soundtracks/album/killzone-2"",""khinsider_album_title"":""Killzone 2 (killzone-2)"",""khinsider_album_kind"":""unclassified_game_album"",""khinsider_album_match_score"":90.0,""relevance_score_100"":88.5,""popularity_score_100"":48.341687362727136,""score_100"":72.43667494509086,""popularity_basis"":""BeatHit master-list game rank plus track position proxy""}"
93,assault on the square,Unknown credited artist,[],Killzone 2 (killzone-2),,,"[""video game soundtrack""]","[""und""]",,,,Killzone 3,,,khinsider_track_prominence_proxy,48.131687362727135,score_0_100,,,,72.35267494509085,,,,https://downloads.khinsider.com/game-soundtracks/album/killzone-2,2026-10-05,Track title is taken from KHInsider's soundtrack/gamerip album index. Popularity is an explicitly labelled proxy based on BeatHit game rank and track prominence.,"{""culture_category"":""video_game_music"",""video_game"":""Killzone 3"",""game_rank"":608,""game_association_kind"":""khinsider_game_soundtrack"",""khinsider_album_url"":""https://downloads.khinsider.com/game-soundtracks/album/killzone-2"",""khinsider_album_title"":""Killzone 2 (killzone-2)"",""khinsider_album_kind"":""unclassified_game_album"",""khinsider_album_match_score"":90.0,""relevance_score_100"":88.5,""popularity_score_100"":48.131687362727135,""score_100"":72.35267494509085,""popularity_basis"":""BeatHit master-list game rank plus track position proxy""}"
94,bridge collapse cutscene,Unknown credited artist,[],Killzone 2 (killzone-2),,,"[""video game soundtrack""]","[""und""]",,,,Killzone 3,,,khinsider_track_prominence_proxy,47.921687362727134,score_0_100,,,,72.26867494509085,,,,https://downloads.khinsider.com/game-soundtracks/album/killzone-2,2026-10-05,Track title is taken from KHInsider's soundtrack/gamerip album index. Popularity is an explicitly labelled proxy based on BeatHit game rank and track prominence.,"{""culture_category"":""video_game_music"",""video_game"":""Killzone 3"",""game_rank"":608,""game_association_kind"":""khinsider_game_soundtrack"",""khinsider_album_url"":""https://downloads.khinsider.com/game-soundtracks/album/killzone-2"",""khinsider_album_title"":""Killzone 2 (killzone-2)"",""khinsider_album_kind"":""unclassified_game_album"",""khinsider_album_match_score"":90.0,""relevance_score_100"":88.5,""popularity_score_100"":47.921687362727134,""score_100"":72.26867494509085,""popularity_basis"":""BeatHit master-list game rank plus track position proxy""}"
95,dushan tower courtyard,Unknown credited artist,[],Killzone 2 (killzone-2),,,"[""video game soundtrack""]","[""und""]",,,,Killzone 3,,,khinsider_track_prominence_proxy,47.71168736272713,score_0_100,,,,72.18467494509085,,,,https://downloads.khinsider.com/game-soundtracks/album/killzone-2,2026-10-05,Track title is taken from KHInsider's soundtrack/gamerip album index. Popularity is an explicitly labelled proxy based on BeatHit game rank and track prominence.,"{""culture_category"":""video_game_music"",""video_game"":""Killzone 3"",""game_rank"":608,""game_association_kind"":""khinsider_game_soundtrack"",""khinsider_album_url"":""https://downloads.khinsider.com/game-soundtracks/album/killzone-2"",""khinsider_album_title"":""Killzone 2 (killzone-2)"",""khinsider_album_kind"":""unclassified_game_album"",""khinsider_album_match_score"":90.0,""relevance_score_100"":88.5,""popularity_score_100"":47.71168736272713,""score_100"":72.18467494509085,""popularity_basis"":""BeatHit master-list game rank plus track position proxy""}"
96,surprised,Unknown credited artist,[],Killzone 2 (killzone-2),,,"[""video game soundtrack""]","[""und""]",,,,Killzone 3,,,khinsider_track_prominence_proxy,47.50168736272714,score_0_100,,,,72.10067494509086,,,,https://downloads.khinsider.com/game-soundtracks/album/killzone-2,2026-10-05,Track title is taken from KHInsider's soundtrack/gamerip album index. Popularity is an explicitly labelled proxy based on BeatHit game rank and track prominence.,"{""culture_category"":""video_game_music"",""video_game"":""Killzone 3"",""game_rank"":608,""game_association_kind"":""khinsider_game_soundtrack"",""khinsider_album_url"":""https://downloads.khinsider.com/game-soundtracks/album/killzone-2"",""khinsider_album_title"":""Killzone 2 (killzone-2)"",""khinsider_album_kind"":""unclassified_game_album"",""khinsider_album_match_score"":90.0,""relevance_score_100"":88.5,""popularity_score_100"":47.50168736272714,""score_100"":72.10067494509086,""popularity_basis"":""BeatHit master-list game rank plus track position proxy""}"
97,corinth shanties,Unknown credited artist,[],Killzone 2 (killzone-2),,,"[""video game soundtrack""]","[""und""]",,,,Killzone 3,,,khinsider_track_prominence_proxy,47.29168736272714,score_0_100,,,,72.01667494509086,,,,https://downloads.khinsider.com/game-soundtracks/album/killzone-2,2026-10-05,Track title is taken from KHInsider's soundtrack/gamerip album index. Popularity is an explicitly labelled proxy based on BeatHit game rank and track prominence.,"{""culture_category"":""video_game_music"",""video_game"":""Killzone 3"",""game_rank"":608,""game_association_kind"":""khinsider_game_soundtrack"",""khinsider_album_url"":""https://downloads.khinsider.com/game-soundtracks/album/killzone-2"",""khinsider_album_title"":""Killzone 2 (killzone-2)"",""khinsider_album_kind"":""unclassified_game_album"",""khinsider_album_match_score"":90.0,""relevance_score_100"":88.5,""popularity_score_100"":47.29168736272714,""score_100"":72.01667494509086,""popularity_basis"":""BeatHit master-list game rank plus track position proxy""}"
98,substation strongpoint,Unknown credited artist,[],Killzone 2 (killzone-2),,,"[""video game soundtrack""]","[""und""]",,,,Killzone 3,,,khinsider_track_prominence_proxy,47.08168736272714,score_0_100,,,,71.93267494509085,,,,https://downloads.khinsider.com/game-soundtracks/album/killzone-2,2026-10-05,Track title is taken from KHInsider's soundtrack/gamerip album index. Popularity is an explicitly labelled proxy based on BeatHit game rank and track prominence.,"{""culture_category"":""video_game_music"",""video_game"":""Killzone 3"",""game_rank"":608,""game_association_kind"":""khinsider_game_soundtrack"",""khinsider_album_url"":""https://downloads.khinsider.com/game-soundtracks/album/killzone-2"",""khinsider_album_title"":""Killzone 2 (killzone-2)"",""khinsider_album_kind"":""unclassified_game_album"",""khinsider_album_match_score"":90.0,""relevance_score_100"":88.5,""popularity_score_100"":47.08168736272714,""score_100"":71.93267494509085,""popularity_basis"":""BeatHit master-list game rank plus track position proxy""}"
99,salamun bridge,Unknown credited artist,[],Killzone 2 (killzone-2),,,"[""video game soundtrack""]","[""und""]",,,,Killzone 3,,,khinsider_track_prominence_proxy,46.87168736272714,score_0_100,,,,71.84867494509086,,,,https://downloads.khinsider.com/game-soundtracks/album/killzone-2,2026-10-05,Track title is taken from KHInsider's soundtrack/gamerip album index. Popularity is an explicitly labelled proxy based on BeatHit game rank and track prominence.,"{""culture_category"":""video_game_music"",""video_game"":""Killzone 3"",""game_rank"":608,""game_association_kind"":""khinsider_game_soundtrack"",""khinsider_album_url"":""https://downloads.khinsider.com/game-soundtracks/album/killzone-2"",""khinsider_album_title"":""Killzone 2 (killzone-2)"",""khinsider_album_kind"":""unclassified_game_album"",""khinsider_album_match_score"":90.0,""relevance_score_100"":88.5,""popularity_score_100"":46.87168736272714,""score_100"":71.84867494509086,""popularity_basis"":""BeatHit master-list game rank plus track position proxy""}"
100,lost riders cutscene,Unknown credited artist,[],Killzone 2 (killzone-2),,,"[""video game soundtrack""]","[""und""]",,,,Killzone 3,,,khinsider_track_prominence_proxy,46.661687362727136,score_0_100,,,,71.76467494509086,,,,https://downloads.khinsider.com/game-soundtracks/album/killzone-2,2026-10-05,Track title is taken from KHInsider's soundtrack/gamerip album index. Popularity is an explicitly labelled proxy based on BeatHit game rank and track prominence.,"{""culture_category"":""video_game_music"",""video_game"":""Killzone 3"",""game_rank"":608,""game_association_kind"":""khinsider_game_soundtrack"",""khinsider_album_url"":""https://downloads.khinsider.com/game-soundtracks/album/killzone-2"",""khinsider_album_title"":""Killzone 2 (killzone-2)"",""khinsider_album_kind"":""unclassified_game_album"",""khinsider_album_match_score"":90.0,""relevance_score_100"":88.5,""popularity_score_100"":46.661687362727136,""score_100"":71.76467494509086,""popularity_basis"":""BeatHit master-list game rank plus track position proxy""}"
101,radec academy shootout,Unknown credited artist,[],Killzone 2 (killzone-2),,,"[""video game soundtrack""]","[""und""]",,,,Killzone 3,,,khinsider_track_prominence_proxy,46.45168736272714,score_0_100,,,,71.68067494509086,,,,https://downloads.khinsider.com/game-soundtracks/album/killzone-2,2026-10-05,Track title is taken from KHInsider's soundtrack/gamerip album index. Popularity is an explicitly labelled proxy based on BeatHit game rank and track prominence.,"{""culture_category"":""video_game_music"",""video_game"":""Killzone 3"",""game_rank"":608,""game_association_kind"":""khinsider_game_soundtrack"",""khinsider_album_url"":""https://downloads.khinsider.com/game-soundtracks/album/killzone-2"",""khinsider_album_title"":""Killzone 2 (killzone-2)"",""khinsider_album_kind"":""unclassified_game_album"",""khinsider_album_match_score"":90.0,""relevance_score_100"":88.5,""popularity_score_100"":46.45168736272714,""score_100"":71.68067494509086,""popularity_basis"":""BeatHit master-list game rank plus track position proxy""}"
102,atac atack,Unknown credited artist,[],Killzone 2 (killzone-2),,,"[""video game soundtrack""]","[""und""]",,,,Killzone 3,,,khinsider_track_prominence_proxy,46.241687362727134,score_0_100,,,,71.59667494509085,,,,https://downloads.khinsider.com/game-soundtracks/album/killzone-2,2026-10-05,Track title is taken from KHInsider's soundtrack/gamerip album index. Popularity is an explicitly labelled proxy based on BeatHit game rank and track prominence.,"{""culture_category"":""video_game_music"",""video_game"":""Killzone 3"",""game_rank"":608,""game_association_kind"":""khinsider_game_soundtrack"",""khinsider_album_url"":""https://downloads.khinsider.com/game-soundtracks/album/killzone-2"",""khinsider_album_title"":""Killzone 2 (killzone-2)"",""khinsider_album_kind"":""unclassified_game_album"",""khinsider_album_match_score"":90.0,""relevance_score_100"":88.5,""popularity_score_100"":46.241687362727134,""score_100"":71.59667494509085,""popularity_basis"":""BeatHit master-list game rank plus track position proxy""}"
103,storming the troops cutscene,Unknown credited artist,[],Killzone 2 (killzone-2),,,"[""video game soundtrack""]","[""und""]",,,,Killzone 3,,,khinsider_track_prominence_proxy,46.03168736272714,score_0_100,,,,71.51267494509085,,,,https://downloads.khinsider.com/game-soundtracks/album/killzone-2,2026-10-05,Track title is taken from KHInsider's soundtrack/gamerip album index. Popularity is an explicitly labelled proxy based on BeatHit game rank and track prominence.,"{""culture_category"":""video_game_music"",""video_game"":""Killzone 3"",""game_rank"":608,""game_association_kind"":""khinsider_game_soundtrack"",""khinsider_album_url"":""https://downloads.khinsider.com/game-soundtracks/album/killzone-2"",""khinsider_album_title"":""Killzone 2 (killzone-2)"",""khinsider_album_kind"":""unclassified_game_album"",""khinsider_album_match_score"":90.0,""relevance_score_100"":88.5,""popularity_score_100"":46.03168736272714,""score_100"":71.51267494509085,""popularity_basis"":""BeatHit master-list game rank plus track position proxy""}"
104,welcome to badlands and suljeva maintenance office ambush,Unknown credited artist,[],Killzone 2 (killzone-2),,,"[""video game soundtrack""]","[""und""]",,,,Killzone 3,,,khinsider_track_prominence_proxy,45.82168736272713,score_0_100,,,,71.42867494509085,,,,https://downloads.khinsider.com/game-soundtracks/album/killzone-2,2026-10-05,Track title is taken from KHInsider's soundtrack/gamerip album index. Popularity is an explicitly labelled proxy based on BeatHit game rank and track prominence.,"{""culture_category"":""video_game_music"",""video_game"":""Killzone 3"",""game_rank"":608,""game_association_kind"":""khinsider_game_soundtrack"",""khinsider_album_url"":""https://downloads.khinsider.com/game-soundtracks/album/killzone-2"",""khinsider_album_title"":""Killzone 2 (killzone-2)"",""khinsider_album_kind"":""unclassified_game_album"",""khinsider_album_match_score"":90.0,""relevance_score_100"":88.5,""popularity_score_100"":45.82168736272713,""score_100"":71.42867494509085,""popularity_basis"":""BeatHit master-list game rank plus track position proxy""}"
105,vojislav mining facility sniper alley,Unknown credited artist,[],Killzone 2 (killzone-2),,,"[""video game soundtrack""]","[""und""]",,,,Killzone 3,,,khinsider_track_prominence_proxy,45.61168736272714,score_0_100,,,,71.34467494509086,,,,https://downloads.khinsider.com/game-soundtracks/album/killzone-2,2026-10-05,Track title is taken from KHInsider's soundtrack/gamerip album index. Popularity is an explicitly labelled proxy based on BeatHit game rank and track prominence.,"{""culture_category"":""video_game_music"",""video_game"":""Killzone 3"",""game_rank"":608,""game_association_kind"":""khinsider_game_soundtrack"",""khinsider_album_url"":""https://downloads.khinsider.com/game-soundtracks/album/killzone-2"",""khinsider_album_title"":""Killzone 2 (killzone-2)"",""khinsider_album_kind"":""unclassified_game_album"",""khinsider_album_match_score"":90.0,""relevance_score_100"":88.5,""popularity_score_100"":45.61168736272714,""score_100"":71.34467494509086,""popularity_basis"":""BeatHit master-list game rank plus track position proxy""}"
106,vojislav mining facility face off,Unknown credited artist,[],Killzone 2 (killzone-2),,,"[""video game soundtrack""]","[""und""]",,,,Killzone 3,,,khinsider_track_prominence_proxy,45.40168736272714,score_0_100,,,,71.26067494509086,,,,https://downloads.khinsider.com/game-soundtracks/album/killzone-2,2026-10-05,Track title is taken from KHInsider's soundtrack/gamerip album index. Popularity is an explicitly labelled proxy based on BeatHit game rank and track prominence.,"{""culture_category"":""video_game_music"",""video_game"":""Killzone 3"",""game_rank"":608,""game_association_kind"":""khinsider_game_soundtrack"",""khinsider_album_url"":""https://downloads.khinsider.com/game-soundtracks/album/killzone-2"",""khinsider_album_title"":""Killzone 2 (killzone-2)"",""khinsider_album_kind"":""unclassified_game_album"",""khinsider_album_match_score"":90.0,""relevance_score_100"":88.5,""popularity_score_100"":45.40168736272714,""score_100"":71.26067494509086,""popularity_basis"":""BeatHit master-list game rank plus track position proxy""}"
107,suljeva north,Unknown credited artist,[],Killzone 2 (killzone-2),,,"[""video game soundtrack""]","[""und""]",,,,Killzone 3,,,khinsider_track_prominence_proxy,45.19168736272714,score_0_100,,,,71.17667494509085,,,,https://downloads.khinsider.com/game-soundtracks/album/killzone-2,2026-10-05,Track title is taken from KHInsider's soundtrack/gamerip album index. Popularity is an explicitly labelled proxy based on BeatHit game rank and track prominence.,"{""culture_category"":""video_game_music"",""video_game"":""Killzone 3"",""game_rank"":608,""game_association_kind"":""khinsider_game_soundtrack"",""khinsider_album_url"":""https://downloads.khinsider.com/game-soundtracks/album/killzone-2"",""khinsider_album_title"":""Killzone 2 (killzone-2)"",""khinsider_album_kind"":""unclassified_game_album"",""khinsider_album_match_score"":90.0,""relevance_score_100"":88.5,""popularity_score_100"":45.19168736272714,""score_100"":71.17667494509085,""popularity_basis"":""BeatHit master-list game rank plus track position proxy""}"
108,waystation 14,Unknown credited artist,[],Killzone 2 (killzone-2),,,"[""video game soundtrack""]","[""und""]",,,,Killzone 3,,,khinsider_track_prominence_proxy,44.981687362727136,score_0_100,,,,71.09267494509086,,,,https://downloads.khinsider.com/game-soundtracks/album/killzone-2,2026-10-05,Track title is taken from KHInsider's soundtrack/gamerip album index. Popularity is an explicitly labelled proxy based on BeatHit game rank and track prominence.,"{""culture_category"":""video_game_music"",""video_game"":""Killzone 3"",""game_rank"":608,""game_association_kind"":""khinsider_game_soundtrack"",""khinsider_album_url"":""https://downloads.khinsider.com/game-soundtracks/album/killzone-2"",""khinsider_album_title"":""Killzone 2 (killzone-2)"",""khinsider_album_kind"":""unclassified_game_album"",""khinsider_album_match_score"":90.0,""relevance_score_100"":88.5,""popularity_score_100"":44.981687362727136,""score_100"":71.09267494509086,""popularity_basis"":""BeatHit master-list game rank plus track position proxy""}"
109,suljeva mine train,Unknown credited artist,[],Killzone 2 (killzone-2),,,"[""video game soundtrack""]","[""und""]",,,,Killzone 3,,,khinsider_track_prominence_proxy,44.771687362727135,score_0_100,,,,71.00867494509086,,,,https://downloads.khinsider.com/game-soundtracks/album/killzone-2,2026-10-05,Track title is taken from KHInsider's soundtrack/gamerip album index. Popularity is an explicitly labelled proxy based on BeatHit game rank and track prominence.,"{""culture_category"":""video_game_music"",""video_game"":""Killzone 3"",""game_rank"":608,""game_association_kind"":""khinsider_game_soundtrack"",""khinsider_album_url"":""https://downloads.khinsider.com/game-soundtracks/album/killzone-2"",""khinsider_album_title"":""Killzone 2 (killzone-2)"",""khinsider_album_kind"":""unclassified_game_album"",""khinsider_album_match_score"":90.0,""relevance_score_100"":88.5,""popularity_score_100"":44.771687362727135,""score_100"":71.00867494509086,""popularity_basis"":""BeatHit master-list game rank plus track position proxy""}"
110,lower refinery complex heavy fight,Unknown credited artist,[],Killzone 2 (killzone-2),,,"[""video game soundtrack""]","[""und""]",,,,Killzone 3,,,khinsider_track_prominence_proxy,44.561687362727135,score_0_100,,,,70.92467494509086,,,,https://downloads.khinsider.com/game-soundtracks/album/killzone-2,2026-10-05,Track title is taken from KHInsider's soundtrack/gamerip album index. Popularity is an explicitly labelled proxy based on BeatHit game rank and track prominence.,"{""culture_category"":""video_game_music"",""video_game"":""Killzone 3"",""game_rank"":608,""game_association_kind"":""khinsider_game_soundtrack"",""khinsider_album_url"":""https://downloads.khinsider.com/game-soundtracks/album/killzone-2"",""khinsider_album_title"":""Killzone 2 (killzone-2)"",""khinsider_album_kind"":""unclassified_game_album"",""khinsider_album_match_score"":90.0,""relevance_score_100"":88.5,""popularity_score_100"":44.561687362727135,""score_100"":70.92467494509086,""popularity_basis"":""BeatHit master-list game rank plus track position proxy""}"
111,radec ultimatum cutscene,Unknown credited artist,[],Killzone 2 (killzone-2),,,"[""video game soundtrack""]","[""und""]",,,,Killzone 3,,,khinsider_track_prominence_proxy,44.351687362727134,score_0_100,,,,70.84067494509085,,,,https://downloads.khinsider.com/game-soundtracks/album/killzone-2,2026-10-05,Track title is taken from KHInsider's soundtrack/gamerip album index. Popularity is an explicitly labelled proxy based on BeatHit game rank and track prominence.,"{""culture_category"":""video_game_music"",""video_game"":""Killzone 3"",""game_rank"":608,""game_association_kind"":""khinsider_game_soundtrack"",""khinsider_album_url"":""https://downloads.khinsider.com/game-soundtracks/album/killzone-2"",""khinsider_album_title"":""Killzone 2 (killzone-2)"",""khinsider_album_kind"":""unclassified_game_album"",""khinsider_album_match_score"":90.0,""relevance_score_100"":88.5,""popularity_score_100"":44.351687362727134,""score_100"":70.84067494509085,""popularity_basis"":""BeatHit master-list game rank plus track position proxy""}"
112,central observatory and tharsis aerial lock,Unknown credited artist,[],Killzone 2 (killzone-2),,,"[""video game soundtrack""]","[""und""]",,,,Killzone 3,,,khinsider_track_prominence_proxy,44.14168736272714,score_0_100,,,,70.75667494509085,,,,https://downloads.khinsider.com/game-soundtracks/album/killzone-2,2026-10-05,Track title is taken from KHInsider's soundtrack/gamerip album index. Popularity is an explicitly labelled proxy based on BeatHit game rank and track prominence.,"{""culture_category"":""video_game_music"",""video_game"":""Killzone 3"",""game_rank"":608,""game_association_kind"":""khinsider_game_soundtrack"",""khinsider_album_url"":""https://downloads.khinsider.com/game-soundtracks/album/killzone-2"",""khinsider_album_title"":""Killzone 2 (killzone-2)"",""khinsider_album_kind"":""unclassified_game_album"",""khinsider_album_match_score"":90.0,""relevance_score_100"":88.5,""popularity_score_100"":44.14168736272714,""score_100"":70.75667494509085,""popularity_basis"":""BeatHit master-list game rank plus track position proxy""}"
113,farewell to garza cutscene,Unknown credited artist,[],Killzone 2 (killzone-2),,,"[""video game soundtrack""]","[""und""]",,,,Killzone 3,,,khinsider_track_prominence_proxy,43.93168736272713,score_0_100,,,,70.67267494509085,,,,https://downloads.khinsider.com/game-soundtracks/album/killzone-2,2026-10-05,Track title is taken from KHInsider's soundtrack/gamerip album index. Popularity is an explicitly labelled proxy based on BeatHit game rank and track prominence.,"{""culture_category"":""video_game_music"",""video_game"":""Killzone 3"",""game_rank"":608,""game_association_kind"":""khinsider_game_soundtrack"",""khinsider_album_url"":""https://downloads.khinsider.com/game-soundtracks/album/killzone-2"",""khinsider_album_title"":""Killzone 2 (killzone-2)"",""khinsider_album_kind"":""unclassified_game_album"",""khinsider_album_match_score"":90.0,""relevance_score_100"":88.5,""popularity_score_100"":43.93168736272713,""score_100"":70.67267494509085,""popularity_basis"":""BeatHit master-list game rank plus track position proxy""}"
114,payback time cutscene,Unknown credited artist,[],Killzone 2 (killzone-2),,,"[""video game soundtrack""]","[""und""]",,,,Killzone 3,,,khinsider_track_prominence_proxy,43.72168736272714,score_0_100,,,,70.58867494509086,,,,https://downloads.khinsider.com/game-soundtracks/album/killzone-2,2026-10-05,Track title is taken from KHInsider's soundtrack/gamerip album index. Popularity is an explicitly labelled proxy based on BeatHit game rank and track prominence.,"{""culture_category"":""video_game_music"",""video_game"":""Killzone 3"",""game_rank"":608,""game_association_kind"":""khinsider_game_soundtrack"",""khinsider_album_url"":""https://downloads.khinsider.com/game-soundtracks/album/killzone-2"",""khinsider_album_title"":""Killzone 2 (killzone-2)"",""khinsider_album_kind"":""unclassified_game_album"",""khinsider_album_match_score"":90.0,""relevance_score_100"":88.5,""popularity_score_100"":43.72168736272714,""score_100"":70.58867494509086,""popularity_basis"":""BeatHit master-list game rank plus track position proxy""}"
115,landing bay,Unknown credited artist,[],Killzone 2 (killzone-2),,,"[""video game soundtrack""]","[""und""]",,,,Killzone 3,,,khinsider_track_prominence_proxy,43.51168736272713,score_0_100,,,,70.50467494509085,,,,https://downloads.khinsider.com/game-soundtracks/album/killzone-2,2026-10-05,Track title is taken from KHInsider's soundtrack/gamerip album index. Popularity is an explicitly labelled proxy based on BeatHit game rank and track prominence.,"{""culture_category"":""video_game_music"",""video_game"":""Killzone 3"",""game_rank"":608,""game_association_kind"":""khinsider_game_soundtrack"",""khinsider_album_url"":""https://downloads.khinsider.com/game-soundtracks/album/killzone-2"",""khinsider_album_title"":""Killzone 2 (killzone-2)"",""khinsider_album_kind"":""unclassified_game_album"",""khinsider_album_match_score"":90.0,""relevance_score_100"":88.5,""popularity_score_100"":43.51168736272713,""score_100"":70.50467494509085,""popularity_basis"":""BeatHit master-list game rank plus track position proxy""}"
116,power room,Unknown credited artist,[],Killzone 2 (killzone-2),,,"[""video game soundtrack""]","[""und""]",,,,Killzone 3,,,khinsider_track_prominence_proxy,43.30168736272714,score_0_100,,,,70.42067494509085,,,,https://downloads.khinsider.com/game-soundtracks/album/killzone-2,2026-10-05,Track title is taken from KHInsider's soundtrack/gamerip album index. Popularity is an explicitly labelled proxy based on BeatHit game rank and track prominence.,"{""culture_category"":""video_game_music"",""video_game"":""Killzone 3"",""game_rank"":608,""game_association_kind"":""khinsider_game_soundtrack"",""khinsider_album_url"":""https://downloads.khinsider.com/game-soundtracks/album/killzone-2"",""khinsider_album_title"":""Killzone 2 (killzone-2)"",""khinsider_album_kind"":""unclassified_game_album"",""khinsider_album_match_score"":90.0,""relevance_score_100"":88.5,""popularity_score_100"":43.30168736272714,""score_100"":70.42067494509085,""popularity_basis"":""BeatHit master-list game rank plus track position proxy""}"
117,air traffic control,Unknown credited artist,[],Killzone 2 (killzone-2),,,"[""video game soundtrack""]","[""und""]",,,,Killzone 3,,,khinsider_track_prominence_proxy,43.091687362727136,score_0_100,,,,70.33667494509086,,,,https://downloads.khinsider.com/game-soundtracks/album/killzone-2,2026-10-05,Track title is taken from KHInsider's soundtrack/gamerip album index. Popularity is an explicitly labelled proxy based on BeatHit game rank and track prominence.,"{""culture_category"":""video_game_music"",""video_game"":""Killzone 3"",""game_rank"":608,""game_association_kind"":""khinsider_game_soundtrack"",""khinsider_album_url"":""https://downloads.khinsider.com/game-soundtracks/album/killzone-2"",""khinsider_album_title"":""Killzone 2 (killzone-2)"",""khinsider_album_kind"":""unclassified_game_album"",""khinsider_album_match_score"":90.0,""relevance_score_100"":88.5,""popularity_score_100"":43.091687362727136,""score_100"":70.33667494509086,""popularity_basis"":""BeatHit master-list game rank plus track position proxy""}"
118,templar last call,Unknown credited artist,[],Killzone 2 (killzone-2),,,"[""video game soundtrack""]","[""und""]",,,,Killzone 3,,,khinsider_track_prominence_proxy,42.881687362727135,score_0_100,,,,70.25267494509086,,,,https://downloads.khinsider.com/game-soundtracks/album/killzone-2,2026-10-05,Track title is taken from KHInsider's soundtrack/gamerip album index. Popularity is an explicitly labelled proxy based on BeatHit game rank and track prominence.,"{""culture_category"":""video_game_music"",""video_game"":""Killzone 3"",""game_rank"":608,""game_association_kind"":""khinsider_game_soundtrack"",""khinsider_album_url"":""https://downloads.khinsider.com/game-soundtracks/album/killzone-2"",""khinsider_album_title"":""Killzone 2 (killzone-2)"",""khinsider_album_kind"":""unclassified_game_album"",""khinsider_album_match_score"":90.0,""relevance_score_100"":88.5,""popularity_score_100"":42.881687362727135,""score_100"":70.25267494509086,""popularity_basis"":""BeatHit master-list game rank plus track position proxy""}"
119,emergency stairwell,Unknown credited artist,[],Killzone 2 (killzone-2),,,"[""video game soundtrack""]","[""und""]",,,,Killzone 3,,,khinsider_track_prominence_proxy,42.671687362727134,score_0_100,,,,70.16867494509086,,,,https://downloads.khinsider.com/game-soundtracks/album/killzone-2,2026-10-05,Track title is taken from KHInsider's soundtrack/gamerip album index. Popularity is an explicitly labelled proxy based on BeatHit game rank and track prominence.,"{""culture_category"":""video_game_music"",""video_game"":""Killzone 3"",""game_rank"":608,""game_association_kind"":""khinsider_game_soundtrack"",""khinsider_album_url"":""https://downloads.khinsider.com/game-soundtracks/album/killzone-2"",""khinsider_album_title"":""Killzone 2 (killzone-2)"",""khinsider_album_kind"":""unclassified_game_album"",""khinsider_album_match_score"":90.0,""relevance_score_100"":88.5,""popularity_score_100"":42.671687362727134,""score_100"":70.16867494509086,""popularity_basis"":""BeatHit master-list game rank plus track position proxy""}"
120,last flight of the new sun cutscene,Unknown credited artist,[],Killzone 2 (killzone-2),,,"[""video game soundtrack""]","[""und""]",,,,Killzone 3,,,khinsider_track_prominence_proxy,42.46168736272713,score_0_100,,,,70.08467494509085,,,,https://downloads.khinsider.com/game-soundtracks/album/killzone-2,2026-10-05,Track title is taken from KHInsider's soundtrack/gamerip album index. Popularity is an explicitly labelled proxy based on BeatHit game rank and track prominence.,"{""culture_category"":""video_game_music"",""video_game"":""Killzone 3"",""game_rank"":608,""game_association_kind"":""khinsider_game_soundtrack"",""khinsider_album_url"":""https://downloads.khinsider.com/game-soundtracks/album/killzone-2"",""khinsider_album_title"":""Killzone 2 (killzone-2)"",""khinsider_album_kind"":""unclassified_game_album"",""khinsider_album_match_score"":90.0,""relevance_score_100"":88.5,""popularity_score_100"":42.46168736272713,""score_100"":70.08467494509085,""popularity_basis"":""BeatHit master-list game rank plus track position proxy""}"
121,cargo impact site,Unknown credited artist,[],Killzone 2 (killzone-2),,,"[""video game soundtrack""]","[""und""]",,,,Killzone 3,,,khinsider_track_prominence_proxy,42.25168736272714,score_0_100,,,,70.00067494509085,,,,https://downloads.khinsider.com/game-soundtracks/album/killzone-2,2026-10-05,Track title is taken from KHInsider's soundtrack/gamerip album index. Popularity is an explicitly labelled proxy based on BeatHit game rank and track prominence.,"{""culture_category"":""video_game_music"",""video_game"":""Killzone 3"",""game_rank"":608,""game_association_kind"":""khinsider_game_soundtrack"",""khinsider_album_url"":""https://downloads.khinsider.com/game-soundtracks/album/killzone-2"",""khinsider_album_title"":""Killzone 2 (killzone-2)"",""khinsider_album_kind"":""unclassified_game_album"",""khinsider_album_match_score"":90.0,""relevance_score_100"":88.5,""popularity_score_100"":42.25168736272714,""score_100"":70.00067494509085,""popularity_basis"":""BeatHit master-list game rank plus track position proxy""}"
122,industrial ghost town and grave of the new sun,Unknown credited artist,[],Killzone 2 (killzone-2),,,"[""video game soundtrack""]","[""und""]",,,,Killzone 3,,,khinsider_track_prominence_proxy,42.04168736272714,score_0_100,,,,69.91667494509086,,,,https://downloads.khinsider.com/game-soundtracks/album/killzone-2,2026-10-05,Track title is taken from KHInsider's soundtrack/gamerip album index. Popularity is an explicitly labelled proxy based on BeatHit game rank and track prominence.,"{""culture_category"":""video_game_music"",""video_game"":""Killzone 3"",""game_rank"":608,""game_association_kind"":""khinsider_game_soundtrack"",""khinsider_album_url"":""https://downloads.khinsider.com/game-soundtracks/album/killzone-2"",""khinsider_album_title"":""Killzone 2 (killzone-2)"",""khinsider_album_kind"":""unclassified_game_album"",""khinsider_album_match_score"":90.0,""relevance_score_100"":88.5,""popularity_score_100"":42.04168736272714,""score_100"":69.91667494509086,""popularity_basis"":""BeatHit master-list game rank plus track position proxy""}"
123,the mushroom cloud cutscene,Unknown credited artist,[],Killzone 2 (killzone-2),,,"[""video game soundtrack""]","[""und""]",,,,Killzone 3,,,khinsider_track_prominence_proxy,41.83168736272714,score_0_100,,,,69.83267494509086,,,,https://downloads.khinsider.com/game-soundtracks/album/killzone-2,2026-10-05,Track title is taken from KHInsider's soundtrack/gamerip album index. Popularity is an explicitly labelled proxy based on BeatHit game rank and track prominence.,"{""culture_category"":""video_game_music"",""video_game"":""Killzone 3"",""game_rank"":608,""game_association_kind"":""khinsider_game_soundtrack"",""khinsider_album_url"":""https://downloads.khinsider.com/game-soundtracks/album/killzone-2"",""khinsider_album_title"":""Killzone 2 (killzone-2)"",""khinsider_album_kind"":""unclassified_game_album"",""khinsider_album_match_score"":90.0,""relevance_score_100"":88.5,""popularity_score_100"":41.83168736272714,""score_100"":69.83267494509086,""popularity_basis"":""BeatHit master-list game rank plus track position proxy""}"
124,outer defenses,Unknown credited artist,[],Killzone 2 (killzone-2),,,"[""video game soundtrack""]","[""und""]",,,,Killzone 3,,,khinsider_track_prominence_proxy,41.621687362727144,score_0_100,,,,69.74867494509085,,,,https://downloads.khinsider.com/game-soundtracks/album/killzone-2,2026-10-05,Track title is taken from KHInsider's soundtrack/gamerip album index. Popularity is an explicitly labelled proxy based on BeatHit game rank and track prominence.,"{""culture_category"":""video_game_music"",""video_game"":""Killzone 3"",""game_rank"":608,""game_association_kind"":""khinsider_game_soundtrack"",""khinsider_album_url"":""https://downloads.khinsider.com/game-soundtracks/album/killzone-2"",""khinsider_album_title"":""Killzone 2 (killzone-2)"",""khinsider_album_kind"":""unclassified_game_album"",""khinsider_album_match_score"":90.0,""relevance_score_100"":88.5,""popularity_score_100"":41.621687362727144,""score_100"":69.74867494509085,""popularity_basis"":""BeatHit master-list game rank plus track position proxy""}"
125,inner courtyard,Unknown credited artist,[],Killzone 2 (killzone-2),,,"[""video game soundtrack""]","[""und""]",,,,Killzone 3,,,khinsider_track_prominence_proxy,41.411687362727136,score_0_100,,,,69.66467494509085,,,,https://downloads.khinsider.com/game-soundtracks/album/killzone-2,2026-10-05,Track title is taken from KHInsider's soundtrack/gamerip album index. Popularity is an explicitly labelled proxy based on BeatHit game rank and track prominence.,"{""culture_category"":""video_game_music"",""video_game"":""Killzone 3"",""game_rank"":608,""game_association_kind"":""khinsider_game_soundtrack"",""khinsider_album_url"":""https://downloads.khinsider.com/game-soundtracks/album/killzone-2"",""khinsider_album_title"":""Killzone 2 (killzone-2)"",""khinsider_album_kind"":""unclassified_game_album"",""khinsider_album_match_score"":90.0,""relevance_score_100"":88.5,""popularity_score_100"":41.411687362727136,""score_100"":69.66467494509085,""popularity_basis"":""BeatHit master-list game rank plus track position proxy""}"
126,autarchs sanctum battle,Unknown credited artist,[],Killzone 2 (killzone-2),,,"[""video game soundtrack""]","[""und""]",,,,Killzone 3,,,khinsider_track_prominence_proxy,41.20168736272714,score_0_100,,,,69.58067494509086,,,,https://downloads.khinsider.com/game-soundtracks/album/killzone-2,2026-10-05,Track title is taken from KHInsider's soundtrack/gamerip album index. Popularity is an explicitly labelled proxy based on BeatHit game rank and track prominence.,"{""culture_category"":""video_game_music"",""video_game"":""Killzone 3"",""game_rank"":608,""game_association_kind"":""khinsider_game_soundtrack"",""khinsider_album_url"":""https://downloads.khinsider.com/game-soundtracks/album/killzone-2"",""khinsider_album_title"":""Killzone 2 (killzone-2)"",""khinsider_album_kind"":""unclassified_game_album"",""khinsider_album_match_score"":90.0,""relevance_score_100"":88.5,""popularity_score_100"":41.20168736272714,""score_100"":69.58067494509086,""popularity_basis"":""BeatHit master-list game rank plus track position proxy""}"
127,the madness begins cutscene,Unknown credited artist,[],Killzone 2 (killzone-2),,,"[""video game soundtrack""]","[""und""]",,,,Killzone 3,,,khinsider_track_prominence_proxy,40.991687362727134,score_0_100,,,,69.49667494509086,,,,https://downloads.khinsider.com/game-soundtracks/album/killzone-2,2026-10-05,Track title is taken from KHInsider's soundtrack/gamerip album index. Popularity is an explicitly labelled proxy based on BeatHit game rank and track prominence.,"{""culture_category"":""video_game_music"",""video_game"":""Killzone 3"",""game_rank"":608,""game_association_kind"":""khinsider_game_soundtrack"",""khinsider_album_url"":""https://downloads.khinsider.com/game-soundtracks/album/killzone-2"",""khinsider_album_title"":""Killzone 2 (killzone-2)"",""khinsider_album_kind"":""unclassified_game_album"",""khinsider_album_match_score"":90.0,""relevance_score_100"":88.5,""popularity_score_100"":40.991687362727134,""score_100"":69.49667494509086,""popularity_basis"":""BeatHit master-list game rank plus track position proxy""}"
128,credits theme,Unknown credited artist,[],Killzone 2 (killzone-2),,,"[""video game soundtrack""]","[""und""]",,,,Killzone 3,,,khinsider_track_prominence_proxy,40.78168736272714,score_0_100,,,,69.41267494509086,,,,https://downloads.khinsider.com/game-soundtracks/album/killzone-2,2026-10-05,Track title is taken from KHInsider's soundtrack/gamerip album index. Popularity is an explicitly labelled proxy based on BeatHit game rank and track prominence.,"{""culture_category"":""video_game_music"",""video_game"":""Killzone 3"",""game_rank"":608,""game_association_kind"":""khinsider_game_soundtrack"",""khinsider_album_url"":""https://downloads.khinsider.com/game-soundtracks/album/killzone-2"",""khinsider_album_title"":""Killzone 2 (killzone-2)"",""khinsider_album_kind"":""unclassified_game_album"",""khinsider_album_match_score"":90.0,""relevance_score_100"":88.5,""popularity_score_100"":40.78168736272714,""score_100"":69.41267494509086,""popularity_basis"":""BeatHit master-list game rank plus track position proxy""}"
129,end credits,Unknown credited artist,[],Killzone 2 (killzone-2),,,"[""video game soundtrack""]","[""und""]",,,,Killzone 3,,,khinsider_track_prominence_proxy,40.57168736272714,score_0_100,,,,69.32867494509085,,,,https://downloads.khinsider.com/game-soundtracks/album/killzone-2,2026-10-05,Track title is taken from KHInsider's soundtrack/gamerip album index. Popularity is an explicitly labelled proxy based on BeatHit game rank and track prominence.,"{""culture_category"":""video_game_music"",""video_game"":""Killzone 3"",""game_rank"":608,""game_association_kind"":""khinsider_game_soundtrack"",""khinsider_album_url"":""https://downloads.khinsider.com/game-soundtracks/album/killzone-2"",""khinsider_album_title"":""Killzone 2 (killzone-2)"",""khinsider_album_kind"":""unclassified_game_album"",""khinsider_album_match_score"":90.0,""relevance_score_100"":88.5,""popularity_score_100"":40.57168736272714,""score_100"":69.32867494509085,""popularity_basis"":""BeatHit master-list game rank plus track position proxy""}"
