rank,title,main_artist,featured_artists,album,release_date,release_year,genres,languages,composer,anime_title,anime_popularity,screen_work,vtuber,is_original,metric_name,metric_value,metric_unit,listen_count,listen_source,view_count,overall_popularity_score,spotify_track_id,musicbrainz_recording_mbid,isrc,source_url,retrieved_at,source_notes,extra
1,Sound,Unknown credited artist,[],Farming Simulator (farming-simulator-2013-ps3),,,"[""video game soundtrack""]","[""und""]",,,,Farming Simulator 25,,,khinsider_track_prominence_proxy,49.18643096852584,score_0_100,,,,77.87457238741032,,,,https://downloads.khinsider.com/game-soundtracks/album/farming-simulator-2013-ps3,2026-10-05,Track title is taken from KHInsider's soundtrack/gamerip album index. Popularity is an explicitly labelled proxy based on BeatHit game rank and track prominence.,"{""culture_category"":""video_game_music"",""video_game"":""Farming Simulator 25"",""game_rank"":801,""game_association_kind"":""khinsider_game_soundtrack"",""khinsider_album_url"":""https://downloads.khinsider.com/game-soundtracks/album/farming-simulator-2013-ps3"",""khinsider_album_title"":""Farming Simulator (farming-simulator-2013-ps3)"",""khinsider_album_kind"":""unclassified_game_album"",""khinsider_album_match_score"":100.0,""relevance_score_100"":97.0,""popularity_score_100"":49.18643096852584,""score_100"":77.87457238741032,""popularity_basis"":""BeatHit master-list game rank plus track position proxy""}"
2,Main Menu,Unknown credited artist,[],Farming Simulator 22 (farming-simulator-22-windows-gamerip-2022),,,"[""video game soundtrack""]","[""und""]",,,,Farming Simulator 25,,,khinsider_track_prominence_proxy,49.18643096852584,score_0_100,,,,77.12457238741032,,,,https://downloads.khinsider.com/game-soundtracks/album/farming-simulator-22-windows-gamerip-2022,2026-10-05,Track title is taken from KHInsider's soundtrack/gamerip album index. Popularity is an explicitly labelled proxy based on BeatHit game rank and track prominence.,"{""culture_category"":""video_game_music"",""video_game"":""Farming Simulator 25"",""game_rank"":801,""game_association_kind"":""khinsider_game_soundtrack"",""khinsider_album_url"":""https://downloads.khinsider.com/game-soundtracks/album/farming-simulator-22-windows-gamerip-2022"",""khinsider_album_title"":""Farming Simulator 22 (farming-simulator-22-windows-gamerip-2022)"",""khinsider_album_kind"":""official_or_gamerip"",""khinsider_album_match_score"":95.0,""relevance_score_100"":95.75,""popularity_score_100"":49.18643096852584,""score_100"":77.12457238741032,""popularity_basis"":""BeatHit master-list game rank plus track position proxy""}"
3,Classical Radio,Unknown credited artist,[],Farming Simulator 22 (farming-simulator-22-windows-gamerip-2022),,,"[""video game soundtrack""]","[""und""]",,,,Farming Simulator 25,,,khinsider_track_prominence_proxy,48.97643096852584,score_0_100,,,,77.04057238741034,,,,https://downloads.khinsider.com/game-soundtracks/album/farming-simulator-22-windows-gamerip-2022,2026-10-05,Track title is taken from KHInsider's soundtrack/gamerip album index. Popularity is an explicitly labelled proxy based on BeatHit game rank and track prominence.,"{""culture_category"":""video_game_music"",""video_game"":""Farming Simulator 25"",""game_rank"":801,""game_association_kind"":""khinsider_game_soundtrack"",""khinsider_album_url"":""https://downloads.khinsider.com/game-soundtracks/album/farming-simulator-22-windows-gamerip-2022"",""khinsider_album_title"":""Farming Simulator 22 (farming-simulator-22-windows-gamerip-2022)"",""khinsider_album_kind"":""official_or_gamerip"",""khinsider_album_match_score"":95.0,""relevance_score_100"":95.75,""popularity_score_100"":48.97643096852584,""score_100"":77.04057238741034,""popularity_basis"":""BeatHit master-list game rank plus track position proxy""}"
4,Country Roads,Unknown credited artist,[],Farming Simulator 22 (farming-simulator-22-windows-gamerip-2022),,,"[""video game soundtrack""]","[""und""]",,,,Farming Simulator 25,,,khinsider_track_prominence_proxy,48.76643096852584,score_0_100,,,,76.95657238741033,,,,https://downloads.khinsider.com/game-soundtracks/album/farming-simulator-22-windows-gamerip-2022,2026-10-05,Track title is taken from KHInsider's soundtrack/gamerip album index. Popularity is an explicitly labelled proxy based on BeatHit game rank and track prominence.,"{""culture_category"":""video_game_music"",""video_game"":""Farming Simulator 25"",""game_rank"":801,""game_association_kind"":""khinsider_game_soundtrack"",""khinsider_album_url"":""https://downloads.khinsider.com/game-soundtracks/album/farming-simulator-22-windows-gamerip-2022"",""khinsider_album_title"":""Farming Simulator 22 (farming-simulator-22-windows-gamerip-2022)"",""khinsider_album_kind"":""official_or_gamerip"",""khinsider_album_match_score"":95.0,""relevance_score_100"":95.75,""popularity_score_100"":48.76643096852584,""score_100"":76.95657238741033,""popularity_basis"":""BeatHit master-list game rank plus track position proxy""}"
5,Das Werk,Unknown credited artist,[],Farming Simulator 22 (farming-simulator-22-windows-gamerip-2022),,,"[""video game soundtrack""]","[""und""]",,,,Farming Simulator 25,,,khinsider_track_prominence_proxy,48.556430968525845,score_0_100,,,,76.87257238741034,,,,https://downloads.khinsider.com/game-soundtracks/album/farming-simulator-22-windows-gamerip-2022,2026-10-05,Track title is taken from KHInsider's soundtrack/gamerip album index. Popularity is an explicitly labelled proxy based on BeatHit game rank and track prominence.,"{""culture_category"":""video_game_music"",""video_game"":""Farming Simulator 25"",""game_rank"":801,""game_association_kind"":""khinsider_game_soundtrack"",""khinsider_album_url"":""https://downloads.khinsider.com/game-soundtracks/album/farming-simulator-22-windows-gamerip-2022"",""khinsider_album_title"":""Farming Simulator 22 (farming-simulator-22-windows-gamerip-2022)"",""khinsider_album_kind"":""official_or_gamerip"",""khinsider_album_match_score"":95.0,""relevance_score_100"":95.75,""popularity_score_100"":48.556430968525845,""score_100"":76.87257238741034,""popularity_basis"":""BeatHit master-list game rank plus track position proxy""}"
6,La Musique,Unknown credited artist,[],Farming Simulator 22 (farming-simulator-22-windows-gamerip-2022),,,"[""video game soundtrack""]","[""und""]",,,,Farming Simulator 25,,,khinsider_track_prominence_proxy,48.34643096852584,score_0_100,,,,76.78857238741034,,,,https://downloads.khinsider.com/game-soundtracks/album/farming-simulator-22-windows-gamerip-2022,2026-10-05,Track title is taken from KHInsider's soundtrack/gamerip album index. Popularity is an explicitly labelled proxy based on BeatHit game rank and track prominence.,"{""culture_category"":""video_game_music"",""video_game"":""Farming Simulator 25"",""game_rank"":801,""game_association_kind"":""khinsider_game_soundtrack"",""khinsider_album_url"":""https://downloads.khinsider.com/game-soundtracks/album/farming-simulator-22-windows-gamerip-2022"",""khinsider_album_title"":""Farming Simulator 22 (farming-simulator-22-windows-gamerip-2022)"",""khinsider_album_kind"":""official_or_gamerip"",""khinsider_album_match_score"":95.0,""relevance_score_100"":95.75,""popularity_score_100"":48.34643096852584,""score_100"":76.78857238741034,""popularity_basis"":""BeatHit master-list game rank plus track position proxy""}"
7,Tropical Latino,Unknown credited artist,[],Farming Simulator 22 (farming-simulator-22-windows-gamerip-2022),,,"[""video game soundtrack""]","[""und""]",,,,Farming Simulator 25,,,khinsider_track_prominence_proxy,48.13643096852584,score_0_100,,,,76.70457238741034,,,,https://downloads.khinsider.com/game-soundtracks/album/farming-simulator-22-windows-gamerip-2022,2026-10-05,Track title is taken from KHInsider's soundtrack/gamerip album index. Popularity is an explicitly labelled proxy based on BeatHit game rank and track prominence.,"{""culture_category"":""video_game_music"",""video_game"":""Farming Simulator 25"",""game_rank"":801,""game_association_kind"":""khinsider_game_soundtrack"",""khinsider_album_url"":""https://downloads.khinsider.com/game-soundtracks/album/farming-simulator-22-windows-gamerip-2022"",""khinsider_album_title"":""Farming Simulator 22 (farming-simulator-22-windows-gamerip-2022)"",""khinsider_album_kind"":""official_or_gamerip"",""khinsider_album_match_score"":95.0,""relevance_score_100"":95.75,""popularity_score_100"":48.13643096852584,""score_100"":76.70457238741034,""popularity_basis"":""BeatHit master-list game rank plus track position proxy""}"
8,s - Bargain Hunters,Unknown credited artist,[],Farming Simulator 19 (farming-simulator-19-ost),,,"[""video game soundtrack""]","[""und""]",,,,Farming Simulator 25,,,khinsider_track_prominence_proxy,49.18643096852584,score_0_100,,,,75.53943725227519,,,,https://downloads.khinsider.com/game-soundtracks/album/farming-simulator-19-ost,2026-10-05,Track title is taken from KHInsider's soundtrack/gamerip album index. Popularity is an explicitly labelled proxy based on BeatHit game rank and track prominence.,"{""culture_category"":""video_game_music"",""video_game"":""Farming Simulator 25"",""game_rank"":801,""game_association_kind"":""khinsider_game_soundtrack"",""khinsider_album_url"":""https://downloads.khinsider.com/game-soundtracks/album/farming-simulator-19-ost"",""khinsider_album_title"":""Farming Simulator 19 (farming-simulator-19-ost)"",""khinsider_album_kind"":""official_or_gamerip"",""khinsider_album_match_score"":91.89189189189189,""relevance_score_100"":93.1081081081081,""popularity_score_100"":49.18643096852584,""score_100"":75.53943725227519,""popularity_basis"":""BeatHit master-list game rank plus track position proxy""}"
9,FOCUS Logo,Unknown credited artist,[],Farming Simulator 2013 (farming-simulator-2013-pc-original-soundtrack),,,"[""video game soundtrack""]","[""und""]",,,,Farming Simulator 25,,,khinsider_track_prominence_proxy,49.18643096852584,score_0_100,,,,75.53943725227519,,,,https://downloads.khinsider.com/game-soundtracks/album/farming-simulator-2013-pc-original-soundtrack,2026-10-05,Track title is taken from KHInsider's soundtrack/gamerip album index. Popularity is an explicitly labelled proxy based on BeatHit game rank and track prominence.,"{""culture_category"":""video_game_music"",""video_game"":""Farming Simulator 25"",""game_rank"":801,""game_association_kind"":""khinsider_game_soundtrack"",""khinsider_album_url"":""https://downloads.khinsider.com/game-soundtracks/album/farming-simulator-2013-pc-original-soundtrack"",""khinsider_album_title"":""Farming Simulator 2013 (farming-simulator-2013-pc-original-soundtrack)"",""khinsider_album_kind"":""official_or_gamerip"",""khinsider_album_match_score"":91.89189189189189,""relevance_score_100"":93.1081081081081,""popularity_score_100"":49.18643096852584,""score_100"":75.53943725227519,""popularity_basis"":""BeatHit master-list game rank plus track position proxy""}"
10,Menu,Unknown credited artist,[],Farming Simulator 22 Platinum Expansion (farming-simulator-22-platinum-expansion-windows-gamerip-2022),,,"[""video game soundtrack""]","[""und""]",,,,Farming Simulator 25,,,khinsider_track_prominence_proxy,49.18643096852584,score_0_100,,,,75.53943725227519,,,,https://downloads.khinsider.com/game-soundtracks/album/farming-simulator-22-platinum-expansion-windows-gamerip-2022,2026-10-05,Track title is taken from KHInsider's soundtrack/gamerip album index. Popularity is an explicitly labelled proxy based on BeatHit game rank and track prominence.,"{""culture_category"":""video_game_music"",""video_game"":""Farming Simulator 25"",""game_rank"":801,""game_association_kind"":""khinsider_game_soundtrack"",""khinsider_album_url"":""https://downloads.khinsider.com/game-soundtracks/album/farming-simulator-22-platinum-expansion-windows-gamerip-2022"",""khinsider_album_title"":""Farming Simulator 22 Platinum Expansion (farming-simulator-22-platinum-expansion-windows-gamerip-2022)"",""khinsider_album_kind"":""official_or_gamerip"",""khinsider_album_match_score"":91.89189189189189,""relevance_score_100"":93.1081081081081,""popularity_score_100"":49.18643096852584,""score_100"":75.53943725227519,""popularity_basis"":""BeatHit master-list game rank plus track position proxy""}"
11,s - Blown Away,Unknown credited artist,[],Farming Simulator 19 (farming-simulator-19-ost),,,"[""video game soundtrack""]","[""und""]",,,,Farming Simulator 25,,,khinsider_track_prominence_proxy,48.97643096852584,score_0_100,,,,75.45543725227519,,,,https://downloads.khinsider.com/game-soundtracks/album/farming-simulator-19-ost,2026-10-05,Track title is taken from KHInsider's soundtrack/gamerip album index. Popularity is an explicitly labelled proxy based on BeatHit game rank and track prominence.,"{""culture_category"":""video_game_music"",""video_game"":""Farming Simulator 25"",""game_rank"":801,""game_association_kind"":""khinsider_game_soundtrack"",""khinsider_album_url"":""https://downloads.khinsider.com/game-soundtracks/album/farming-simulator-19-ost"",""khinsider_album_title"":""Farming Simulator 19 (farming-simulator-19-ost)"",""khinsider_album_kind"":""official_or_gamerip"",""khinsider_album_match_score"":91.89189189189189,""relevance_score_100"":93.1081081081081,""popularity_score_100"":48.97643096852584,""score_100"":75.45543725227519,""popularity_basis"":""BeatHit master-list game rank plus track position proxy""}"
12,NVIDIA Logo,Unknown credited artist,[],Farming Simulator 2013 (farming-simulator-2013-pc-original-soundtrack),,,"[""video game soundtrack""]","[""und""]",,,,Farming Simulator 25,,,khinsider_track_prominence_proxy,48.97643096852584,score_0_100,,,,75.45543725227519,,,,https://downloads.khinsider.com/game-soundtracks/album/farming-simulator-2013-pc-original-soundtrack,2026-10-05,Track title is taken from KHInsider's soundtrack/gamerip album index. Popularity is an explicitly labelled proxy based on BeatHit game rank and track prominence.,"{""culture_category"":""video_game_music"",""video_game"":""Farming Simulator 25"",""game_rank"":801,""game_association_kind"":""khinsider_game_soundtrack"",""khinsider_album_url"":""https://downloads.khinsider.com/game-soundtracks/album/farming-simulator-2013-pc-original-soundtrack"",""khinsider_album_title"":""Farming Simulator 2013 (farming-simulator-2013-pc-original-soundtrack)"",""khinsider_album_kind"":""official_or_gamerip"",""khinsider_album_match_score"":91.89189189189189,""relevance_score_100"":93.1081081081081,""popularity_score_100"":48.97643096852584,""score_100"":75.45543725227519,""popularity_basis"":""BeatHit master-list game rank plus track position proxy""}"
13,A Link In The Chain,Unknown credited artist,[],Farming Simulator 22 Platinum Expansion (farming-simulator-22-platinum-expansion-windows-gamerip-2022),,,"[""video game soundtrack""]","[""und""]",,,,Farming Simulator 25,,,khinsider_track_prominence_proxy,48.97643096852584,score_0_100,,,,75.45543725227519,,,,https://downloads.khinsider.com/game-soundtracks/album/farming-simulator-22-platinum-expansion-windows-gamerip-2022,2026-10-05,Track title is taken from KHInsider's soundtrack/gamerip album index. Popularity is an explicitly labelled proxy based on BeatHit game rank and track prominence.,"{""culture_category"":""video_game_music"",""video_game"":""Farming Simulator 25"",""game_rank"":801,""game_association_kind"":""khinsider_game_soundtrack"",""khinsider_album_url"":""https://downloads.khinsider.com/game-soundtracks/album/farming-simulator-22-platinum-expansion-windows-gamerip-2022"",""khinsider_album_title"":""Farming Simulator 22 Platinum Expansion (farming-simulator-22-platinum-expansion-windows-gamerip-2022)"",""khinsider_album_kind"":""official_or_gamerip"",""khinsider_album_match_score"":91.89189189189189,""relevance_score_100"":93.1081081081081,""popularity_score_100"":48.97643096852584,""score_100"":75.45543725227519,""popularity_basis"":""BeatHit master-list game rank plus track position proxy""}"
14,s - Bowler Revolver,Unknown credited artist,[],Farming Simulator 19 (farming-simulator-19-ost),,,"[""video game soundtrack""]","[""und""]",,,,Farming Simulator 25,,,khinsider_track_prominence_proxy,48.76643096852584,score_0_100,,,,75.3714372522752,,,,https://downloads.khinsider.com/game-soundtracks/album/farming-simulator-19-ost,2026-10-05,Track title is taken from KHInsider's soundtrack/gamerip album index. Popularity is an explicitly labelled proxy based on BeatHit game rank and track prominence.,"{""culture_category"":""video_game_music"",""video_game"":""Farming Simulator 25"",""game_rank"":801,""game_association_kind"":""khinsider_game_soundtrack"",""khinsider_album_url"":""https://downloads.khinsider.com/game-soundtracks/album/farming-simulator-19-ost"",""khinsider_album_title"":""Farming Simulator 19 (farming-simulator-19-ost)"",""khinsider_album_kind"":""official_or_gamerip"",""khinsider_album_match_score"":91.89189189189189,""relevance_score_100"":93.1081081081081,""popularity_score_100"":48.76643096852584,""score_100"":75.3714372522752,""popularity_basis"":""BeatHit master-list game rank plus track position proxy""}"
15,GIANTS Logo,Unknown credited artist,[],Farming Simulator 2013 (farming-simulator-2013-pc-original-soundtrack),,,"[""video game soundtrack""]","[""und""]",,,,Farming Simulator 25,,,khinsider_track_prominence_proxy,48.76643096852584,score_0_100,,,,75.3714372522752,,,,https://downloads.khinsider.com/game-soundtracks/album/farming-simulator-2013-pc-original-soundtrack,2026-10-05,Track title is taken from KHInsider's soundtrack/gamerip album index. Popularity is an explicitly labelled proxy based on BeatHit game rank and track prominence.,"{""culture_category"":""video_game_music"",""video_game"":""Farming Simulator 25"",""game_rank"":801,""game_association_kind"":""khinsider_game_soundtrack"",""khinsider_album_url"":""https://downloads.khinsider.com/game-soundtracks/album/farming-simulator-2013-pc-original-soundtrack"",""khinsider_album_title"":""Farming Simulator 2013 (farming-simulator-2013-pc-original-soundtrack)"",""khinsider_album_kind"":""official_or_gamerip"",""khinsider_album_match_score"":91.89189189189189,""relevance_score_100"":93.1081081081081,""popularity_score_100"":48.76643096852584,""score_100"":75.3714372522752,""popularity_basis"":""BeatHit master-list game rank plus track position proxy""}"
16,Acetate Blues,Unknown credited artist,[],Farming Simulator 22 Platinum Expansion (farming-simulator-22-platinum-expansion-windows-gamerip-2022),,,"[""video game soundtrack""]","[""und""]",,,,Farming Simulator 25,,,khinsider_track_prominence_proxy,48.76643096852584,score_0_100,,,,75.3714372522752,,,,https://downloads.khinsider.com/game-soundtracks/album/farming-simulator-22-platinum-expansion-windows-gamerip-2022,2026-10-05,Track title is taken from KHInsider's soundtrack/gamerip album index. Popularity is an explicitly labelled proxy based on BeatHit game rank and track prominence.,"{""culture_category"":""video_game_music"",""video_game"":""Farming Simulator 25"",""game_rank"":801,""game_association_kind"":""khinsider_game_soundtrack"",""khinsider_album_url"":""https://downloads.khinsider.com/game-soundtracks/album/farming-simulator-22-platinum-expansion-windows-gamerip-2022"",""khinsider_album_title"":""Farming Simulator 22 Platinum Expansion (farming-simulator-22-platinum-expansion-windows-gamerip-2022)"",""khinsider_album_kind"":""official_or_gamerip"",""khinsider_album_match_score"":91.89189189189189,""relevance_score_100"":93.1081081081081,""popularity_score_100"":48.76643096852584,""score_100"":75.3714372522752,""popularity_basis"":""BeatHit master-list game rank plus track position proxy""}"
17,s - Brooklyn Nights,Unknown credited artist,[],Farming Simulator 19 (farming-simulator-19-ost),,,"[""video game soundtrack""]","[""und""]",,,,Farming Simulator 25,,,khinsider_track_prominence_proxy,48.556430968525845,score_0_100,,,,75.2874372522752,,,,https://downloads.khinsider.com/game-soundtracks/album/farming-simulator-19-ost,2026-10-05,Track title is taken from KHInsider's soundtrack/gamerip album index. Popularity is an explicitly labelled proxy based on BeatHit game rank and track prominence.,"{""culture_category"":""video_game_music"",""video_game"":""Farming Simulator 25"",""game_rank"":801,""game_association_kind"":""khinsider_game_soundtrack"",""khinsider_album_url"":""https://downloads.khinsider.com/game-soundtracks/album/farming-simulator-19-ost"",""khinsider_album_title"":""Farming Simulator 19 (farming-simulator-19-ost)"",""khinsider_album_kind"":""official_or_gamerip"",""khinsider_album_match_score"":91.89189189189189,""relevance_score_100"":93.1081081081081,""popularity_score_100"":48.556430968525845,""score_100"":75.2874372522752,""popularity_basis"":""BeatHit master-list game rank plus track position proxy""}"
18,Main Title Theme,Unknown credited artist,[],Farming Simulator 2013 (farming-simulator-2013-pc-original-soundtrack),,,"[""video game soundtrack""]","[""und""]",,,,Farming Simulator 25,,,khinsider_track_prominence_proxy,48.556430968525845,score_0_100,,,,75.2874372522752,,,,https://downloads.khinsider.com/game-soundtracks/album/farming-simulator-2013-pc-original-soundtrack,2026-10-05,Track title is taken from KHInsider's soundtrack/gamerip album index. Popularity is an explicitly labelled proxy based on BeatHit game rank and track prominence.,"{""culture_category"":""video_game_music"",""video_game"":""Farming Simulator 25"",""game_rank"":801,""game_association_kind"":""khinsider_game_soundtrack"",""khinsider_album_url"":""https://downloads.khinsider.com/game-soundtracks/album/farming-simulator-2013-pc-original-soundtrack"",""khinsider_album_title"":""Farming Simulator 2013 (farming-simulator-2013-pc-original-soundtrack)"",""khinsider_album_kind"":""official_or_gamerip"",""khinsider_album_match_score"":91.89189189189189,""relevance_score_100"":93.1081081081081,""popularity_score_100"":48.556430968525845,""score_100"":75.2874372522752,""popularity_basis"":""BeatHit master-list game rank plus track position proxy""}"
19,Allure,Unknown credited artist,[],Farming Simulator 22 Platinum Expansion (farming-simulator-22-platinum-expansion-windows-gamerip-2022),,,"[""video game soundtrack""]","[""und""]",,,,Farming Simulator 25,,,khinsider_track_prominence_proxy,48.556430968525845,score_0_100,,,,75.2874372522752,,,,https://downloads.khinsider.com/game-soundtracks/album/farming-simulator-22-platinum-expansion-windows-gamerip-2022,2026-10-05,Track title is taken from KHInsider's soundtrack/gamerip album index. Popularity is an explicitly labelled proxy based on BeatHit game rank and track prominence.,"{""culture_category"":""video_game_music"",""video_game"":""Farming Simulator 25"",""game_rank"":801,""game_association_kind"":""khinsider_game_soundtrack"",""khinsider_album_url"":""https://downloads.khinsider.com/game-soundtracks/album/farming-simulator-22-platinum-expansion-windows-gamerip-2022"",""khinsider_album_title"":""Farming Simulator 22 Platinum Expansion (farming-simulator-22-platinum-expansion-windows-gamerip-2022)"",""khinsider_album_kind"":""official_or_gamerip"",""khinsider_album_match_score"":91.89189189189189,""relevance_score_100"":93.1081081081081,""popularity_score_100"":48.556430968525845,""score_100"":75.2874372522752,""popularity_basis"":""BeatHit master-list game rank plus track position proxy""}"
20,s - Cold Deep Blue,Unknown credited artist,[],Farming Simulator 19 (farming-simulator-19-ost),,,"[""video game soundtrack""]","[""und""]",,,,Farming Simulator 25,,,khinsider_track_prominence_proxy,48.34643096852584,score_0_100,,,,75.2034372522752,,,,https://downloads.khinsider.com/game-soundtracks/album/farming-simulator-19-ost,2026-10-05,Track title is taken from KHInsider's soundtrack/gamerip album index. Popularity is an explicitly labelled proxy based on BeatHit game rank and track prominence.,"{""culture_category"":""video_game_music"",""video_game"":""Farming Simulator 25"",""game_rank"":801,""game_association_kind"":""khinsider_game_soundtrack"",""khinsider_album_url"":""https://downloads.khinsider.com/game-soundtracks/album/farming-simulator-19-ost"",""khinsider_album_title"":""Farming Simulator 19 (farming-simulator-19-ost)"",""khinsider_album_kind"":""official_or_gamerip"",""khinsider_album_match_score"":91.89189189189189,""relevance_score_100"":93.1081081081081,""popularity_score_100"":48.34643096852584,""score_100"":75.2034372522752,""popularity_basis"":""BeatHit master-list game rank plus track position proxy""}"
21,American Muscle,Unknown credited artist,[],Farming Simulator 22 Platinum Expansion (farming-simulator-22-platinum-expansion-windows-gamerip-2022),,,"[""video game soundtrack""]","[""und""]",,,,Farming Simulator 25,,,khinsider_track_prominence_proxy,48.34643096852584,score_0_100,,,,75.2034372522752,,,,https://downloads.khinsider.com/game-soundtracks/album/farming-simulator-22-platinum-expansion-windows-gamerip-2022,2026-10-05,Track title is taken from KHInsider's soundtrack/gamerip album index. Popularity is an explicitly labelled proxy based on BeatHit game rank and track prominence.,"{""culture_category"":""video_game_music"",""video_game"":""Farming Simulator 25"",""game_rank"":801,""game_association_kind"":""khinsider_game_soundtrack"",""khinsider_album_url"":""https://downloads.khinsider.com/game-soundtracks/album/farming-simulator-22-platinum-expansion-windows-gamerip-2022"",""khinsider_album_title"":""Farming Simulator 22 Platinum Expansion (farming-simulator-22-platinum-expansion-windows-gamerip-2022)"",""khinsider_album_kind"":""official_or_gamerip"",""khinsider_album_match_score"":91.89189189189189,""relevance_score_100"":93.1081081081081,""popularity_score_100"":48.34643096852584,""score_100"":75.2034372522752,""popularity_basis"":""BeatHit master-list game rank plus track position proxy""}"
22,s - Come To It,Unknown credited artist,[],Farming Simulator 19 (farming-simulator-19-ost),,,"[""video game soundtrack""]","[""und""]",,,,Farming Simulator 25,,,khinsider_track_prominence_proxy,48.13643096852584,score_0_100,,,,75.11943725227519,,,,https://downloads.khinsider.com/game-soundtracks/album/farming-simulator-19-ost,2026-10-05,Track title is taken from KHInsider's soundtrack/gamerip album index. Popularity is an explicitly labelled proxy based on BeatHit game rank and track prominence.,"{""culture_category"":""video_game_music"",""video_game"":""Farming Simulator 25"",""game_rank"":801,""game_association_kind"":""khinsider_game_soundtrack"",""khinsider_album_url"":""https://downloads.khinsider.com/game-soundtracks/album/farming-simulator-19-ost"",""khinsider_album_title"":""Farming Simulator 19 (farming-simulator-19-ost)"",""khinsider_album_kind"":""official_or_gamerip"",""khinsider_album_match_score"":91.89189189189189,""relevance_score_100"":93.1081081081081,""popularity_score_100"":48.13643096852584,""score_100"":75.11943725227519,""popularity_basis"":""BeatHit master-list game rank plus track position proxy""}"
23,Bailale,Unknown credited artist,[],Farming Simulator 22 Platinum Expansion (farming-simulator-22-platinum-expansion-windows-gamerip-2022),,,"[""video game soundtrack""]","[""und""]",,,,Farming Simulator 25,,,khinsider_track_prominence_proxy,48.13643096852584,score_0_100,,,,75.11943725227519,,,,https://downloads.khinsider.com/game-soundtracks/album/farming-simulator-22-platinum-expansion-windows-gamerip-2022,2026-10-05,Track title is taken from KHInsider's soundtrack/gamerip album index. Popularity is an explicitly labelled proxy based on BeatHit game rank and track prominence.,"{""culture_category"":""video_game_music"",""video_game"":""Farming Simulator 25"",""game_rank"":801,""game_association_kind"":""khinsider_game_soundtrack"",""khinsider_album_url"":""https://downloads.khinsider.com/game-soundtracks/album/farming-simulator-22-platinum-expansion-windows-gamerip-2022"",""khinsider_album_title"":""Farming Simulator 22 Platinum Expansion (farming-simulator-22-platinum-expansion-windows-gamerip-2022)"",""khinsider_album_kind"":""official_or_gamerip"",""khinsider_album_match_score"":91.89189189189189,""relevance_score_100"":93.1081081081081,""popularity_score_100"":48.13643096852584,""score_100"":75.11943725227519,""popularity_basis"":""BeatHit master-list game rank plus track position proxy""}"
24,s - Dancing Man,Unknown credited artist,[],Farming Simulator 19 (farming-simulator-19-ost),,,"[""video game soundtrack""]","[""und""]",,,,Farming Simulator 25,,,khinsider_track_prominence_proxy,47.926430968525835,score_0_100,,,,75.03543725227519,,,,https://downloads.khinsider.com/game-soundtracks/album/farming-simulator-19-ost,2026-10-05,Track title is taken from KHInsider's soundtrack/gamerip album index. Popularity is an explicitly labelled proxy based on BeatHit game rank and track prominence.,"{""culture_category"":""video_game_music"",""video_game"":""Farming Simulator 25"",""game_rank"":801,""game_association_kind"":""khinsider_game_soundtrack"",""khinsider_album_url"":""https://downloads.khinsider.com/game-soundtracks/album/farming-simulator-19-ost"",""khinsider_album_title"":""Farming Simulator 19 (farming-simulator-19-ost)"",""khinsider_album_kind"":""official_or_gamerip"",""khinsider_album_match_score"":91.89189189189189,""relevance_score_100"":93.1081081081081,""popularity_score_100"":47.926430968525835,""score_100"":75.03543725227519,""popularity_basis"":""BeatHit master-list game rank plus track position proxy""}"
25,Be There Right Now,Unknown credited artist,[],Farming Simulator 22 Platinum Expansion (farming-simulator-22-platinum-expansion-windows-gamerip-2022),,,"[""video game soundtrack""]","[""und""]",,,,Farming Simulator 25,,,khinsider_track_prominence_proxy,47.926430968525835,score_0_100,,,,75.03543725227519,,,,https://downloads.khinsider.com/game-soundtracks/album/farming-simulator-22-platinum-expansion-windows-gamerip-2022,2026-10-05,Track title is taken from KHInsider's soundtrack/gamerip album index. Popularity is an explicitly labelled proxy based on BeatHit game rank and track prominence.,"{""culture_category"":""video_game_music"",""video_game"":""Farming Simulator 25"",""game_rank"":801,""game_association_kind"":""khinsider_game_soundtrack"",""khinsider_album_url"":""https://downloads.khinsider.com/game-soundtracks/album/farming-simulator-22-platinum-expansion-windows-gamerip-2022"",""khinsider_album_title"":""Farming Simulator 22 Platinum Expansion (farming-simulator-22-platinum-expansion-windows-gamerip-2022)"",""khinsider_album_kind"":""official_or_gamerip"",""khinsider_album_match_score"":91.89189189189189,""relevance_score_100"":93.1081081081081,""popularity_score_100"":47.926430968525835,""score_100"":75.03543725227519,""popularity_basis"":""BeatHit master-list game rank plus track position proxy""}"
26,s - Do You Really Know Me,Unknown credited artist,[],Farming Simulator 19 (farming-simulator-19-ost),,,"[""video game soundtrack""]","[""und""]",,,,Farming Simulator 25,,,khinsider_track_prominence_proxy,47.71643096852584,score_0_100,,,,74.9514372522752,,,,https://downloads.khinsider.com/game-soundtracks/album/farming-simulator-19-ost,2026-10-05,Track title is taken from KHInsider's soundtrack/gamerip album index. Popularity is an explicitly labelled proxy based on BeatHit game rank and track prominence.,"{""culture_category"":""video_game_music"",""video_game"":""Farming Simulator 25"",""game_rank"":801,""game_association_kind"":""khinsider_game_soundtrack"",""khinsider_album_url"":""https://downloads.khinsider.com/game-soundtracks/album/farming-simulator-19-ost"",""khinsider_album_title"":""Farming Simulator 19 (farming-simulator-19-ost)"",""khinsider_album_kind"":""official_or_gamerip"",""khinsider_album_match_score"":91.89189189189189,""relevance_score_100"":93.1081081081081,""popularity_score_100"":47.71643096852584,""score_100"":74.9514372522752,""popularity_basis"":""BeatHit master-list game rank plus track position proxy""}"
27,Beard Trim,Unknown credited artist,[],Farming Simulator 22 Platinum Expansion (farming-simulator-22-platinum-expansion-windows-gamerip-2022),,,"[""video game soundtrack""]","[""und""]",,,,Farming Simulator 25,,,khinsider_track_prominence_proxy,47.71643096852584,score_0_100,,,,74.9514372522752,,,,https://downloads.khinsider.com/game-soundtracks/album/farming-simulator-22-platinum-expansion-windows-gamerip-2022,2026-10-05,Track title is taken from KHInsider's soundtrack/gamerip album index. Popularity is an explicitly labelled proxy based on BeatHit game rank and track prominence.,"{""culture_category"":""video_game_music"",""video_game"":""Farming Simulator 25"",""game_rank"":801,""game_association_kind"":""khinsider_game_soundtrack"",""khinsider_album_url"":""https://downloads.khinsider.com/game-soundtracks/album/farming-simulator-22-platinum-expansion-windows-gamerip-2022"",""khinsider_album_title"":""Farming Simulator 22 Platinum Expansion (farming-simulator-22-platinum-expansion-windows-gamerip-2022)"",""khinsider_album_kind"":""official_or_gamerip"",""khinsider_album_match_score"":91.89189189189189,""relevance_score_100"":93.1081081081081,""popularity_score_100"":47.71643096852584,""score_100"":74.9514372522752,""popularity_basis"":""BeatHit master-list game rank plus track position proxy""}"
28,s - Get With The Funk,Unknown credited artist,[],Farming Simulator 19 (farming-simulator-19-ost),,,"[""video game soundtrack""]","[""und""]",,,,Farming Simulator 25,,,khinsider_track_prominence_proxy,47.50643096852584,score_0_100,,,,74.8674372522752,,,,https://downloads.khinsider.com/game-soundtracks/album/farming-simulator-19-ost,2026-10-05,Track title is taken from KHInsider's soundtrack/gamerip album index. Popularity is an explicitly labelled proxy based on BeatHit game rank and track prominence.,"{""culture_category"":""video_game_music"",""video_game"":""Farming Simulator 25"",""game_rank"":801,""game_association_kind"":""khinsider_game_soundtrack"",""khinsider_album_url"":""https://downloads.khinsider.com/game-soundtracks/album/farming-simulator-19-ost"",""khinsider_album_title"":""Farming Simulator 19 (farming-simulator-19-ost)"",""khinsider_album_kind"":""official_or_gamerip"",""khinsider_album_match_score"":91.89189189189189,""relevance_score_100"":93.1081081081081,""popularity_score_100"":47.50643096852584,""score_100"":74.8674372522752,""popularity_basis"":""BeatHit master-list game rank plus track position proxy""}"
29,Better,Unknown credited artist,[],Farming Simulator 22 Platinum Expansion (farming-simulator-22-platinum-expansion-windows-gamerip-2022),,,"[""video game soundtrack""]","[""und""]",,,,Farming Simulator 25,,,khinsider_track_prominence_proxy,47.50643096852584,score_0_100,,,,74.8674372522752,,,,https://downloads.khinsider.com/game-soundtracks/album/farming-simulator-22-platinum-expansion-windows-gamerip-2022,2026-10-05,Track title is taken from KHInsider's soundtrack/gamerip album index. Popularity is an explicitly labelled proxy based on BeatHit game rank and track prominence.,"{""culture_category"":""video_game_music"",""video_game"":""Farming Simulator 25"",""game_rank"":801,""game_association_kind"":""khinsider_game_soundtrack"",""khinsider_album_url"":""https://downloads.khinsider.com/game-soundtracks/album/farming-simulator-22-platinum-expansion-windows-gamerip-2022"",""khinsider_album_title"":""Farming Simulator 22 Platinum Expansion (farming-simulator-22-platinum-expansion-windows-gamerip-2022)"",""khinsider_album_kind"":""official_or_gamerip"",""khinsider_album_match_score"":91.89189189189189,""relevance_score_100"":93.1081081081081,""popularity_score_100"":47.50643096852584,""score_100"":74.8674372522752,""popularity_basis"":""BeatHit master-list game rank plus track position proxy""}"
30,s - Gummy Bear,Unknown credited artist,[],Farming Simulator 19 (farming-simulator-19-ost),,,"[""video game soundtrack""]","[""und""]",,,,Farming Simulator 25,,,khinsider_track_prominence_proxy,47.29643096852584,score_0_100,,,,74.78343725227519,,,,https://downloads.khinsider.com/game-soundtracks/album/farming-simulator-19-ost,2026-10-05,Track title is taken from KHInsider's soundtrack/gamerip album index. Popularity is an explicitly labelled proxy based on BeatHit game rank and track prominence.,"{""culture_category"":""video_game_music"",""video_game"":""Farming Simulator 25"",""game_rank"":801,""game_association_kind"":""khinsider_game_soundtrack"",""khinsider_album_url"":""https://downloads.khinsider.com/game-soundtracks/album/farming-simulator-19-ost"",""khinsider_album_title"":""Farming Simulator 19 (farming-simulator-19-ost)"",""khinsider_album_kind"":""official_or_gamerip"",""khinsider_album_match_score"":91.89189189189189,""relevance_score_100"":93.1081081081081,""popularity_score_100"":47.29643096852584,""score_100"":74.78343725227519,""popularity_basis"":""BeatHit master-list game rank plus track position proxy""}"
31,Beyondlings,Unknown credited artist,[],Farming Simulator 22 Platinum Expansion (farming-simulator-22-platinum-expansion-windows-gamerip-2022),,,"[""video game soundtrack""]","[""und""]",,,,Farming Simulator 25,,,khinsider_track_prominence_proxy,47.29643096852584,score_0_100,,,,74.78343725227519,,,,https://downloads.khinsider.com/game-soundtracks/album/farming-simulator-22-platinum-expansion-windows-gamerip-2022,2026-10-05,Track title is taken from KHInsider's soundtrack/gamerip album index. Popularity is an explicitly labelled proxy based on BeatHit game rank and track prominence.,"{""culture_category"":""video_game_music"",""video_game"":""Farming Simulator 25"",""game_rank"":801,""game_association_kind"":""khinsider_game_soundtrack"",""khinsider_album_url"":""https://downloads.khinsider.com/game-soundtracks/album/farming-simulator-22-platinum-expansion-windows-gamerip-2022"",""khinsider_album_title"":""Farming Simulator 22 Platinum Expansion (farming-simulator-22-platinum-expansion-windows-gamerip-2022)"",""khinsider_album_kind"":""official_or_gamerip"",""khinsider_album_match_score"":91.89189189189189,""relevance_score_100"":93.1081081081081,""popularity_score_100"":47.29643096852584,""score_100"":74.78343725227519,""popularity_basis"":""BeatHit master-list game rank plus track position proxy""}"
32,s - Let Loose,Unknown credited artist,[],Farming Simulator 19 (farming-simulator-19-ost),,,"[""video game soundtrack""]","[""und""]",,,,Farming Simulator 25,,,khinsider_track_prominence_proxy,47.08643096852584,score_0_100,,,,74.69943725227519,,,,https://downloads.khinsider.com/game-soundtracks/album/farming-simulator-19-ost,2026-10-05,Track title is taken from KHInsider's soundtrack/gamerip album index. Popularity is an explicitly labelled proxy based on BeatHit game rank and track prominence.,"{""culture_category"":""video_game_music"",""video_game"":""Farming Simulator 25"",""game_rank"":801,""game_association_kind"":""khinsider_game_soundtrack"",""khinsider_album_url"":""https://downloads.khinsider.com/game-soundtracks/album/farming-simulator-19-ost"",""khinsider_album_title"":""Farming Simulator 19 (farming-simulator-19-ost)"",""khinsider_album_kind"":""official_or_gamerip"",""khinsider_album_match_score"":91.89189189189189,""relevance_score_100"":93.1081081081081,""popularity_score_100"":47.08643096852584,""score_100"":74.69943725227519,""popularity_basis"":""BeatHit master-list game rank plus track position proxy""}"
33,Big Match,Unknown credited artist,[],Farming Simulator 22 Platinum Expansion (farming-simulator-22-platinum-expansion-windows-gamerip-2022),,,"[""video game soundtrack""]","[""und""]",,,,Farming Simulator 25,,,khinsider_track_prominence_proxy,47.08643096852584,score_0_100,,,,74.69943725227519,,,,https://downloads.khinsider.com/game-soundtracks/album/farming-simulator-22-platinum-expansion-windows-gamerip-2022,2026-10-05,Track title is taken from KHInsider's soundtrack/gamerip album index. Popularity is an explicitly labelled proxy based on BeatHit game rank and track prominence.,"{""culture_category"":""video_game_music"",""video_game"":""Farming Simulator 25"",""game_rank"":801,""game_association_kind"":""khinsider_game_soundtrack"",""khinsider_album_url"":""https://downloads.khinsider.com/game-soundtracks/album/farming-simulator-22-platinum-expansion-windows-gamerip-2022"",""khinsider_album_title"":""Farming Simulator 22 Platinum Expansion (farming-simulator-22-platinum-expansion-windows-gamerip-2022)"",""khinsider_album_kind"":""official_or_gamerip"",""khinsider_album_match_score"":91.89189189189189,""relevance_score_100"":93.1081081081081,""popularity_score_100"":47.08643096852584,""score_100"":74.69943725227519,""popularity_basis"":""BeatHit master-list game rank plus track position proxy""}"
34,s - Lounge Lizard,Unknown credited artist,[],Farming Simulator 19 (farming-simulator-19-ost),,,"[""video game soundtrack""]","[""und""]",,,,Farming Simulator 25,,,khinsider_track_prominence_proxy,46.87643096852584,score_0_100,,,,74.6154372522752,,,,https://downloads.khinsider.com/game-soundtracks/album/farming-simulator-19-ost,2026-10-05,Track title is taken from KHInsider's soundtrack/gamerip album index. Popularity is an explicitly labelled proxy based on BeatHit game rank and track prominence.,"{""culture_category"":""video_game_music"",""video_game"":""Farming Simulator 25"",""game_rank"":801,""game_association_kind"":""khinsider_game_soundtrack"",""khinsider_album_url"":""https://downloads.khinsider.com/game-soundtracks/album/farming-simulator-19-ost"",""khinsider_album_title"":""Farming Simulator 19 (farming-simulator-19-ost)"",""khinsider_album_kind"":""official_or_gamerip"",""khinsider_album_match_score"":91.89189189189189,""relevance_score_100"":93.1081081081081,""popularity_score_100"":46.87643096852584,""score_100"":74.6154372522752,""popularity_basis"":""BeatHit master-list game rank plus track position proxy""}"
35,Black Ink,Unknown credited artist,[],Farming Simulator 22 Platinum Expansion (farming-simulator-22-platinum-expansion-windows-gamerip-2022),,,"[""video game soundtrack""]","[""und""]",,,,Farming Simulator 25,,,khinsider_track_prominence_proxy,46.87643096852584,score_0_100,,,,74.6154372522752,,,,https://downloads.khinsider.com/game-soundtracks/album/farming-simulator-22-platinum-expansion-windows-gamerip-2022,2026-10-05,Track title is taken from KHInsider's soundtrack/gamerip album index. Popularity is an explicitly labelled proxy based on BeatHit game rank and track prominence.,"{""culture_category"":""video_game_music"",""video_game"":""Farming Simulator 25"",""game_rank"":801,""game_association_kind"":""khinsider_game_soundtrack"",""khinsider_album_url"":""https://downloads.khinsider.com/game-soundtracks/album/farming-simulator-22-platinum-expansion-windows-gamerip-2022"",""khinsider_album_title"":""Farming Simulator 22 Platinum Expansion (farming-simulator-22-platinum-expansion-windows-gamerip-2022)"",""khinsider_album_kind"":""official_or_gamerip"",""khinsider_album_match_score"":91.89189189189189,""relevance_score_100"":93.1081081081081,""popularity_score_100"":46.87643096852584,""score_100"":74.6154372522752,""popularity_basis"":""BeatHit master-list game rank plus track position proxy""}"
36,s - Mesmers Fantasy,Unknown credited artist,[],Farming Simulator 19 (farming-simulator-19-ost),,,"[""video game soundtrack""]","[""und""]",,,,Farming Simulator 25,,,khinsider_track_prominence_proxy,46.66643096852584,score_0_100,,,,74.5314372522752,,,,https://downloads.khinsider.com/game-soundtracks/album/farming-simulator-19-ost,2026-10-05,Track title is taken from KHInsider's soundtrack/gamerip album index. Popularity is an explicitly labelled proxy based on BeatHit game rank and track prominence.,"{""culture_category"":""video_game_music"",""video_game"":""Farming Simulator 25"",""game_rank"":801,""game_association_kind"":""khinsider_game_soundtrack"",""khinsider_album_url"":""https://downloads.khinsider.com/game-soundtracks/album/farming-simulator-19-ost"",""khinsider_album_title"":""Farming Simulator 19 (farming-simulator-19-ost)"",""khinsider_album_kind"":""official_or_gamerip"",""khinsider_album_match_score"":91.89189189189189,""relevance_score_100"":93.1081081081081,""popularity_score_100"":46.66643096852584,""score_100"":74.5314372522752,""popularity_basis"":""BeatHit master-list game rank plus track position proxy""}"
37,Blaze,Unknown credited artist,[],Farming Simulator 22 Platinum Expansion (farming-simulator-22-platinum-expansion-windows-gamerip-2022),,,"[""video game soundtrack""]","[""und""]",,,,Farming Simulator 25,,,khinsider_track_prominence_proxy,46.66643096852584,score_0_100,,,,74.5314372522752,,,,https://downloads.khinsider.com/game-soundtracks/album/farming-simulator-22-platinum-expansion-windows-gamerip-2022,2026-10-05,Track title is taken from KHInsider's soundtrack/gamerip album index. Popularity is an explicitly labelled proxy based on BeatHit game rank and track prominence.,"{""culture_category"":""video_game_music"",""video_game"":""Farming Simulator 25"",""game_rank"":801,""game_association_kind"":""khinsider_game_soundtrack"",""khinsider_album_url"":""https://downloads.khinsider.com/game-soundtracks/album/farming-simulator-22-platinum-expansion-windows-gamerip-2022"",""khinsider_album_title"":""Farming Simulator 22 Platinum Expansion (farming-simulator-22-platinum-expansion-windows-gamerip-2022)"",""khinsider_album_kind"":""official_or_gamerip"",""khinsider_album_match_score"":91.89189189189189,""relevance_score_100"":93.1081081081081,""popularity_score_100"":46.66643096852584,""score_100"":74.5314372522752,""popularity_basis"":""BeatHit master-list game rank plus track position proxy""}"
38,s - Monster Groove,Unknown credited artist,[],Farming Simulator 19 (farming-simulator-19-ost),,,"[""video game soundtrack""]","[""und""]",,,,Farming Simulator 25,,,khinsider_track_prominence_proxy,46.45643096852584,score_0_100,,,,74.4474372522752,,,,https://downloads.khinsider.com/game-soundtracks/album/farming-simulator-19-ost,2026-10-05,Track title is taken from KHInsider's soundtrack/gamerip album index. Popularity is an explicitly labelled proxy based on BeatHit game rank and track prominence.,"{""culture_category"":""video_game_music"",""video_game"":""Farming Simulator 25"",""game_rank"":801,""game_association_kind"":""khinsider_game_soundtrack"",""khinsider_album_url"":""https://downloads.khinsider.com/game-soundtracks/album/farming-simulator-19-ost"",""khinsider_album_title"":""Farming Simulator 19 (farming-simulator-19-ost)"",""khinsider_album_kind"":""official_or_gamerip"",""khinsider_album_match_score"":91.89189189189189,""relevance_score_100"":93.1081081081081,""popularity_score_100"":46.45643096852584,""score_100"":74.4474372522752,""popularity_basis"":""BeatHit master-list game rank plus track position proxy""}"
39,Bleeping The Curses,Unknown credited artist,[],Farming Simulator 22 Platinum Expansion (farming-simulator-22-platinum-expansion-windows-gamerip-2022),,,"[""video game soundtrack""]","[""und""]",,,,Farming Simulator 25,,,khinsider_track_prominence_proxy,46.45643096852584,score_0_100,,,,74.4474372522752,,,,https://downloads.khinsider.com/game-soundtracks/album/farming-simulator-22-platinum-expansion-windows-gamerip-2022,2026-10-05,Track title is taken from KHInsider's soundtrack/gamerip album index. Popularity is an explicitly labelled proxy based on BeatHit game rank and track prominence.,"{""culture_category"":""video_game_music"",""video_game"":""Farming Simulator 25"",""game_rank"":801,""game_association_kind"":""khinsider_game_soundtrack"",""khinsider_album_url"":""https://downloads.khinsider.com/game-soundtracks/album/farming-simulator-22-platinum-expansion-windows-gamerip-2022"",""khinsider_album_title"":""Farming Simulator 22 Platinum Expansion (farming-simulator-22-platinum-expansion-windows-gamerip-2022)"",""khinsider_album_kind"":""official_or_gamerip"",""khinsider_album_match_score"":91.89189189189189,""relevance_score_100"":93.1081081081081,""popularity_score_100"":46.45643096852584,""score_100"":74.4474372522752,""popularity_basis"":""BeatHit master-list game rank plus track position proxy""}"
40,s - Nail It,Unknown credited artist,[],Farming Simulator 19 (farming-simulator-19-ost),,,"[""video game soundtrack""]","[""und""]",,,,Farming Simulator 25,,,khinsider_track_prominence_proxy,46.24643096852584,score_0_100,,,,74.36343725227519,,,,https://downloads.khinsider.com/game-soundtracks/album/farming-simulator-19-ost,2026-10-05,Track title is taken from KHInsider's soundtrack/gamerip album index. Popularity is an explicitly labelled proxy based on BeatHit game rank and track prominence.,"{""culture_category"":""video_game_music"",""video_game"":""Farming Simulator 25"",""game_rank"":801,""game_association_kind"":""khinsider_game_soundtrack"",""khinsider_album_url"":""https://downloads.khinsider.com/game-soundtracks/album/farming-simulator-19-ost"",""khinsider_album_title"":""Farming Simulator 19 (farming-simulator-19-ost)"",""khinsider_album_kind"":""official_or_gamerip"",""khinsider_album_match_score"":91.89189189189189,""relevance_score_100"":93.1081081081081,""popularity_score_100"":46.24643096852584,""score_100"":74.36343725227519,""popularity_basis"":""BeatHit master-list game rank plus track position proxy""}"
41,Breath Of Life,Unknown credited artist,[],Farming Simulator 22 Platinum Expansion (farming-simulator-22-platinum-expansion-windows-gamerip-2022),,,"[""video game soundtrack""]","[""und""]",,,,Farming Simulator 25,,,khinsider_track_prominence_proxy,46.24643096852584,score_0_100,,,,74.36343725227519,,,,https://downloads.khinsider.com/game-soundtracks/album/farming-simulator-22-platinum-expansion-windows-gamerip-2022,2026-10-05,Track title is taken from KHInsider's soundtrack/gamerip album index. Popularity is an explicitly labelled proxy based on BeatHit game rank and track prominence.,"{""culture_category"":""video_game_music"",""video_game"":""Farming Simulator 25"",""game_rank"":801,""game_association_kind"":""khinsider_game_soundtrack"",""khinsider_album_url"":""https://downloads.khinsider.com/game-soundtracks/album/farming-simulator-22-platinum-expansion-windows-gamerip-2022"",""khinsider_album_title"":""Farming Simulator 22 Platinum Expansion (farming-simulator-22-platinum-expansion-windows-gamerip-2022)"",""khinsider_album_kind"":""official_or_gamerip"",""khinsider_album_match_score"":91.89189189189189,""relevance_score_100"":93.1081081081081,""popularity_score_100"":46.24643096852584,""score_100"":74.36343725227519,""popularity_basis"":""BeatHit master-list game rank plus track position proxy""}"
42,s - Old School,Unknown credited artist,[],Farming Simulator 19 (farming-simulator-19-ost),,,"[""video game soundtrack""]","[""und""]",,,,Farming Simulator 25,,,khinsider_track_prominence_proxy,46.036430968525835,score_0_100,,,,74.27943725227519,,,,https://downloads.khinsider.com/game-soundtracks/album/farming-simulator-19-ost,2026-10-05,Track title is taken from KHInsider's soundtrack/gamerip album index. Popularity is an explicitly labelled proxy based on BeatHit game rank and track prominence.,"{""culture_category"":""video_game_music"",""video_game"":""Farming Simulator 25"",""game_rank"":801,""game_association_kind"":""khinsider_game_soundtrack"",""khinsider_album_url"":""https://downloads.khinsider.com/game-soundtracks/album/farming-simulator-19-ost"",""khinsider_album_title"":""Farming Simulator 19 (farming-simulator-19-ost)"",""khinsider_album_kind"":""official_or_gamerip"",""khinsider_album_match_score"":91.89189189189189,""relevance_score_100"":93.1081081081081,""popularity_score_100"":46.036430968525835,""score_100"":74.27943725227519,""popularity_basis"":""BeatHit master-list game rank plus track position proxy""}"
43,Cello Prelude,Unknown credited artist,[],Farming Simulator 22 Platinum Expansion (farming-simulator-22-platinum-expansion-windows-gamerip-2022),,,"[""video game soundtrack""]","[""und""]",,,,Farming Simulator 25,,,khinsider_track_prominence_proxy,46.036430968525835,score_0_100,,,,74.27943725227519,,,,https://downloads.khinsider.com/game-soundtracks/album/farming-simulator-22-platinum-expansion-windows-gamerip-2022,2026-10-05,Track title is taken from KHInsider's soundtrack/gamerip album index. Popularity is an explicitly labelled proxy based on BeatHit game rank and track prominence.,"{""culture_category"":""video_game_music"",""video_game"":""Farming Simulator 25"",""game_rank"":801,""game_association_kind"":""khinsider_game_soundtrack"",""khinsider_album_url"":""https://downloads.khinsider.com/game-soundtracks/album/farming-simulator-22-platinum-expansion-windows-gamerip-2022"",""khinsider_album_title"":""Farming Simulator 22 Platinum Expansion (farming-simulator-22-platinum-expansion-windows-gamerip-2022)"",""khinsider_album_kind"":""official_or_gamerip"",""khinsider_album_match_score"":91.89189189189189,""relevance_score_100"":93.1081081081081,""popularity_score_100"":46.036430968525835,""score_100"":74.27943725227519,""popularity_basis"":""BeatHit master-list game rank plus track position proxy""}"
44,s - Peachy,Unknown credited artist,[],Farming Simulator 19 (farming-simulator-19-ost),,,"[""video game soundtrack""]","[""und""]",,,,Farming Simulator 25,,,khinsider_track_prominence_proxy,45.82643096852584,score_0_100,,,,74.1954372522752,,,,https://downloads.khinsider.com/game-soundtracks/album/farming-simulator-19-ost,2026-10-05,Track title is taken from KHInsider's soundtrack/gamerip album index. Popularity is an explicitly labelled proxy based on BeatHit game rank and track prominence.,"{""culture_category"":""video_game_music"",""video_game"":""Farming Simulator 25"",""game_rank"":801,""game_association_kind"":""khinsider_game_soundtrack"",""khinsider_album_url"":""https://downloads.khinsider.com/game-soundtracks/album/farming-simulator-19-ost"",""khinsider_album_title"":""Farming Simulator 19 (farming-simulator-19-ost)"",""khinsider_album_kind"":""official_or_gamerip"",""khinsider_album_match_score"":91.89189189189189,""relevance_score_100"":93.1081081081081,""popularity_score_100"":45.82643096852584,""score_100"":74.1954372522752,""popularity_basis"":""BeatHit master-list game rank plus track position proxy""}"
45,Charger,Unknown credited artist,[],Farming Simulator 22 Platinum Expansion (farming-simulator-22-platinum-expansion-windows-gamerip-2022),,,"[""video game soundtrack""]","[""und""]",,,,Farming Simulator 25,,,khinsider_track_prominence_proxy,45.82643096852584,score_0_100,,,,74.1954372522752,,,,https://downloads.khinsider.com/game-soundtracks/album/farming-simulator-22-platinum-expansion-windows-gamerip-2022,2026-10-05,Track title is taken from KHInsider's soundtrack/gamerip album index. Popularity is an explicitly labelled proxy based on BeatHit game rank and track prominence.,"{""culture_category"":""video_game_music"",""video_game"":""Farming Simulator 25"",""game_rank"":801,""game_association_kind"":""khinsider_game_soundtrack"",""khinsider_album_url"":""https://downloads.khinsider.com/game-soundtracks/album/farming-simulator-22-platinum-expansion-windows-gamerip-2022"",""khinsider_album_title"":""Farming Simulator 22 Platinum Expansion (farming-simulator-22-platinum-expansion-windows-gamerip-2022)"",""khinsider_album_kind"":""official_or_gamerip"",""khinsider_album_match_score"":91.89189189189189,""relevance_score_100"":93.1081081081081,""popularity_score_100"":45.82643096852584,""score_100"":74.1954372522752,""popularity_basis"":""BeatHit master-list game rank plus track position proxy""}"
46,s - Progress,Unknown credited artist,[],Farming Simulator 19 (farming-simulator-19-ost),,,"[""video game soundtrack""]","[""und""]",,,,Farming Simulator 25,,,khinsider_track_prominence_proxy,45.61643096852583,score_0_100,,,,74.1114372522752,,,,https://downloads.khinsider.com/game-soundtracks/album/farming-simulator-19-ost,2026-10-05,Track title is taken from KHInsider's soundtrack/gamerip album index. Popularity is an explicitly labelled proxy based on BeatHit game rank and track prominence.,"{""culture_category"":""video_game_music"",""video_game"":""Farming Simulator 25"",""game_rank"":801,""game_association_kind"":""khinsider_game_soundtrack"",""khinsider_album_url"":""https://downloads.khinsider.com/game-soundtracks/album/farming-simulator-19-ost"",""khinsider_album_title"":""Farming Simulator 19 (farming-simulator-19-ost)"",""khinsider_album_kind"":""official_or_gamerip"",""khinsider_album_match_score"":91.89189189189189,""relevance_score_100"":93.1081081081081,""popularity_score_100"":45.61643096852583,""score_100"":74.1114372522752,""popularity_basis"":""BeatHit master-list game rank plus track position proxy""}"
47,Clair De Lune,Unknown credited artist,[],Farming Simulator 22 Platinum Expansion (farming-simulator-22-platinum-expansion-windows-gamerip-2022),,,"[""video game soundtrack""]","[""und""]",,,,Farming Simulator 25,,,khinsider_track_prominence_proxy,45.61643096852583,score_0_100,,,,74.1114372522752,,,,https://downloads.khinsider.com/game-soundtracks/album/farming-simulator-22-platinum-expansion-windows-gamerip-2022,2026-10-05,Track title is taken from KHInsider's soundtrack/gamerip album index. Popularity is an explicitly labelled proxy based on BeatHit game rank and track prominence.,"{""culture_category"":""video_game_music"",""video_game"":""Farming Simulator 25"",""game_rank"":801,""game_association_kind"":""khinsider_game_soundtrack"",""khinsider_album_url"":""https://downloads.khinsider.com/game-soundtracks/album/farming-simulator-22-platinum-expansion-windows-gamerip-2022"",""khinsider_album_title"":""Farming Simulator 22 Platinum Expansion (farming-simulator-22-platinum-expansion-windows-gamerip-2022)"",""khinsider_album_kind"":""official_or_gamerip"",""khinsider_album_match_score"":91.89189189189189,""relevance_score_100"":93.1081081081081,""popularity_score_100"":45.61643096852583,""score_100"":74.1114372522752,""popularity_basis"":""BeatHit master-list game rank plus track position proxy""}"
48,s - Ride Away,Unknown credited artist,[],Farming Simulator 19 (farming-simulator-19-ost),,,"[""video game soundtrack""]","[""und""]",,,,Farming Simulator 25,,,khinsider_track_prominence_proxy,45.40643096852584,score_0_100,,,,74.02743725227519,,,,https://downloads.khinsider.com/game-soundtracks/album/farming-simulator-19-ost,2026-10-05,Track title is taken from KHInsider's soundtrack/gamerip album index. Popularity is an explicitly labelled proxy based on BeatHit game rank and track prominence.,"{""culture_category"":""video_game_music"",""video_game"":""Farming Simulator 25"",""game_rank"":801,""game_association_kind"":""khinsider_game_soundtrack"",""khinsider_album_url"":""https://downloads.khinsider.com/game-soundtracks/album/farming-simulator-19-ost"",""khinsider_album_title"":""Farming Simulator 19 (farming-simulator-19-ost)"",""khinsider_album_kind"":""official_or_gamerip"",""khinsider_album_match_score"":91.89189189189189,""relevance_score_100"":93.1081081081081,""popularity_score_100"":45.40643096852584,""score_100"":74.02743725227519,""popularity_basis"":""BeatHit master-list game rank plus track position proxy""}"
49,Clarinet Concerto,Unknown credited artist,[],Farming Simulator 22 Platinum Expansion (farming-simulator-22-platinum-expansion-windows-gamerip-2022),,,"[""video game soundtrack""]","[""und""]",,,,Farming Simulator 25,,,khinsider_track_prominence_proxy,45.40643096852584,score_0_100,,,,74.02743725227519,,,,https://downloads.khinsider.com/game-soundtracks/album/farming-simulator-22-platinum-expansion-windows-gamerip-2022,2026-10-05,Track title is taken from KHInsider's soundtrack/gamerip album index. Popularity is an explicitly labelled proxy based on BeatHit game rank and track prominence.,"{""culture_category"":""video_game_music"",""video_game"":""Farming Simulator 25"",""game_rank"":801,""game_association_kind"":""khinsider_game_soundtrack"",""khinsider_album_url"":""https://downloads.khinsider.com/game-soundtracks/album/farming-simulator-22-platinum-expansion-windows-gamerip-2022"",""khinsider_album_title"":""Farming Simulator 22 Platinum Expansion (farming-simulator-22-platinum-expansion-windows-gamerip-2022)"",""khinsider_album_kind"":""official_or_gamerip"",""khinsider_album_match_score"":91.89189189189189,""relevance_score_100"":93.1081081081081,""popularity_score_100"":45.40643096852584,""score_100"":74.02743725227519,""popularity_basis"":""BeatHit master-list game rank plus track position proxy""}"
50,s - Taxi Driver,Unknown credited artist,[],Farming Simulator 19 (farming-simulator-19-ost),,,"[""video game soundtrack""]","[""und""]",,,,Farming Simulator 25,,,khinsider_track_prominence_proxy,45.196430968525846,score_0_100,,,,73.9434372522752,,,,https://downloads.khinsider.com/game-soundtracks/album/farming-simulator-19-ost,2026-10-05,Track title is taken from KHInsider's soundtrack/gamerip album index. Popularity is an explicitly labelled proxy based on BeatHit game rank and track prominence.,"{""culture_category"":""video_game_music"",""video_game"":""Farming Simulator 25"",""game_rank"":801,""game_association_kind"":""khinsider_game_soundtrack"",""khinsider_album_url"":""https://downloads.khinsider.com/game-soundtracks/album/farming-simulator-19-ost"",""khinsider_album_title"":""Farming Simulator 19 (farming-simulator-19-ost)"",""khinsider_album_kind"":""official_or_gamerip"",""khinsider_album_match_score"":91.89189189189189,""relevance_score_100"":93.1081081081081,""popularity_score_100"":45.196430968525846,""score_100"":73.9434372522752,""popularity_basis"":""BeatHit master-list game rank plus track position proxy""}"
51,Coming Alive,Unknown credited artist,[],Farming Simulator 22 Platinum Expansion (farming-simulator-22-platinum-expansion-windows-gamerip-2022),,,"[""video game soundtrack""]","[""und""]",,,,Farming Simulator 25,,,khinsider_track_prominence_proxy,45.196430968525846,score_0_100,,,,73.9434372522752,,,,https://downloads.khinsider.com/game-soundtracks/album/farming-simulator-22-platinum-expansion-windows-gamerip-2022,2026-10-05,Track title is taken from KHInsider's soundtrack/gamerip album index. Popularity is an explicitly labelled proxy based on BeatHit game rank and track prominence.,"{""culture_category"":""video_game_music"",""video_game"":""Farming Simulator 25"",""game_rank"":801,""game_association_kind"":""khinsider_game_soundtrack"",""khinsider_album_url"":""https://downloads.khinsider.com/game-soundtracks/album/farming-simulator-22-platinum-expansion-windows-gamerip-2022"",""khinsider_album_title"":""Farming Simulator 22 Platinum Expansion (farming-simulator-22-platinum-expansion-windows-gamerip-2022)"",""khinsider_album_kind"":""official_or_gamerip"",""khinsider_album_match_score"":91.89189189189189,""relevance_score_100"":93.1081081081081,""popularity_score_100"":45.196430968525846,""score_100"":73.9434372522752,""popularity_basis"":""BeatHit master-list game rank plus track position proxy""}"
52,Country - Another One,Unknown credited artist,[],Farming Simulator 19 (farming-simulator-19-ost),,,"[""video game soundtrack""]","[""und""]",,,,Farming Simulator 25,,,khinsider_track_prominence_proxy,44.98643096852584,score_0_100,,,,73.8594372522752,,,,https://downloads.khinsider.com/game-soundtracks/album/farming-simulator-19-ost,2026-10-05,Track title is taken from KHInsider's soundtrack/gamerip album index. Popularity is an explicitly labelled proxy based on BeatHit game rank and track prominence.,"{""culture_category"":""video_game_music"",""video_game"":""Farming Simulator 25"",""game_rank"":801,""game_association_kind"":""khinsider_game_soundtrack"",""khinsider_album_url"":""https://downloads.khinsider.com/game-soundtracks/album/farming-simulator-19-ost"",""khinsider_album_title"":""Farming Simulator 19 (farming-simulator-19-ost)"",""khinsider_album_kind"":""official_or_gamerip"",""khinsider_album_match_score"":91.89189189189189,""relevance_score_100"":93.1081081081081,""popularity_score_100"":44.98643096852584,""score_100"":73.8594372522752,""popularity_basis"":""BeatHit master-list game rank plus track position proxy""}"
53,Days From Tomorrow,Unknown credited artist,[],Farming Simulator 22 Platinum Expansion (farming-simulator-22-platinum-expansion-windows-gamerip-2022),,,"[""video game soundtrack""]","[""und""]",,,,Farming Simulator 25,,,khinsider_track_prominence_proxy,44.98643096852584,score_0_100,,,,73.8594372522752,,,,https://downloads.khinsider.com/game-soundtracks/album/farming-simulator-22-platinum-expansion-windows-gamerip-2022,2026-10-05,Track title is taken from KHInsider's soundtrack/gamerip album index. Popularity is an explicitly labelled proxy based on BeatHit game rank and track prominence.,"{""culture_category"":""video_game_music"",""video_game"":""Farming Simulator 25"",""game_rank"":801,""game_association_kind"":""khinsider_game_soundtrack"",""khinsider_album_url"":""https://downloads.khinsider.com/game-soundtracks/album/farming-simulator-22-platinum-expansion-windows-gamerip-2022"",""khinsider_album_title"":""Farming Simulator 22 Platinum Expansion (farming-simulator-22-platinum-expansion-windows-gamerip-2022)"",""khinsider_album_kind"":""official_or_gamerip"",""khinsider_album_match_score"":91.89189189189189,""relevance_score_100"":93.1081081081081,""popularity_score_100"":44.98643096852584,""score_100"":73.8594372522752,""popularity_basis"":""BeatHit master-list game rank plus track position proxy""}"
54,Country - Bluebirds Soar,Unknown credited artist,[],Farming Simulator 19 (farming-simulator-19-ost),,,"[""video game soundtrack""]","[""und""]",,,,Farming Simulator 25,,,khinsider_track_prominence_proxy,44.776430968525844,score_0_100,,,,73.7754372522752,,,,https://downloads.khinsider.com/game-soundtracks/album/farming-simulator-19-ost,2026-10-05,Track title is taken from KHInsider's soundtrack/gamerip album index. Popularity is an explicitly labelled proxy based on BeatHit game rank and track prominence.,"{""culture_category"":""video_game_music"",""video_game"":""Farming Simulator 25"",""game_rank"":801,""game_association_kind"":""khinsider_game_soundtrack"",""khinsider_album_url"":""https://downloads.khinsider.com/game-soundtracks/album/farming-simulator-19-ost"",""khinsider_album_title"":""Farming Simulator 19 (farming-simulator-19-ost)"",""khinsider_album_kind"":""official_or_gamerip"",""khinsider_album_match_score"":91.89189189189189,""relevance_score_100"":93.1081081081081,""popularity_score_100"":44.776430968525844,""score_100"":73.7754372522752,""popularity_basis"":""BeatHit master-list game rank plus track position proxy""}"
55,De Fiesta,Unknown credited artist,[],Farming Simulator 22 Platinum Expansion (farming-simulator-22-platinum-expansion-windows-gamerip-2022),,,"[""video game soundtrack""]","[""und""]",,,,Farming Simulator 25,,,khinsider_track_prominence_proxy,44.776430968525844,score_0_100,,,,73.7754372522752,,,,https://downloads.khinsider.com/game-soundtracks/album/farming-simulator-22-platinum-expansion-windows-gamerip-2022,2026-10-05,Track title is taken from KHInsider's soundtrack/gamerip album index. Popularity is an explicitly labelled proxy based on BeatHit game rank and track prominence.,"{""culture_category"":""video_game_music"",""video_game"":""Farming Simulator 25"",""game_rank"":801,""game_association_kind"":""khinsider_game_soundtrack"",""khinsider_album_url"":""https://downloads.khinsider.com/game-soundtracks/album/farming-simulator-22-platinum-expansion-windows-gamerip-2022"",""khinsider_album_title"":""Farming Simulator 22 Platinum Expansion (farming-simulator-22-platinum-expansion-windows-gamerip-2022)"",""khinsider_album_kind"":""official_or_gamerip"",""khinsider_album_match_score"":91.89189189189189,""relevance_score_100"":93.1081081081081,""popularity_score_100"":44.776430968525844,""score_100"":73.7754372522752,""popularity_basis"":""BeatHit master-list game rank plus track position proxy""}"
56,Title Track,Unknown credited artist,[],Farming Simulator 16 (farming-simulator-16-2015-ps-vita),,,"[""video game soundtrack""]","[""und""]",,,,Farming Simulator 25,,,khinsider_track_prominence_proxy,49.18643096852584,score_0_100,,,,73.7394372522752,,,,https://downloads.khinsider.com/game-soundtracks/album/farming-simulator-16-2015-ps-vita,2026-10-05,Track title is taken from KHInsider's soundtrack/gamerip album index. Popularity is an explicitly labelled proxy based on BeatHit game rank and track prominence.,"{""culture_category"":""video_game_music"",""video_game"":""Farming Simulator 25"",""game_rank"":801,""game_association_kind"":""khinsider_game_soundtrack"",""khinsider_album_url"":""https://downloads.khinsider.com/game-soundtracks/album/farming-simulator-16-2015-ps-vita"",""khinsider_album_title"":""Farming Simulator 16 (farming-simulator-16-2015-ps-vita)"",""khinsider_album_kind"":""unclassified_game_album"",""khinsider_album_match_score"":91.89189189189189,""relevance_score_100"":90.1081081081081,""popularity_score_100"":49.18643096852584,""score_100"":73.7394372522752,""popularity_basis"":""BeatHit master-list game rank plus track position proxy""}"
57,FS17 Game Intro,Unknown credited artist,[],Farming Simulator: Nintendo Switch Edition (farming-simulator-17-nintendo-switch-edition-2017-switch),,,"[""video game soundtrack""]","[""und""]",,,,Farming Simulator 25,,,khinsider_track_prominence_proxy,49.18643096852584,score_0_100,,,,73.7394372522752,,,,https://downloads.khinsider.com/game-soundtracks/album/farming-simulator-17-nintendo-switch-edition-2017-switch,2026-10-05,Track title is taken from KHInsider's soundtrack/gamerip album index. Popularity is an explicitly labelled proxy based on BeatHit game rank and track prominence.,"{""culture_category"":""video_game_music"",""video_game"":""Farming Simulator 25"",""game_rank"":801,""game_association_kind"":""khinsider_game_soundtrack"",""khinsider_album_url"":""https://downloads.khinsider.com/game-soundtracks/album/farming-simulator-17-nintendo-switch-edition-2017-switch"",""khinsider_album_title"":""Farming Simulator: Nintendo Switch Edition (farming-simulator-17-nintendo-switch-edition-2017-switch)"",""khinsider_album_kind"":""unclassified_game_album"",""khinsider_album_match_score"":91.89189189189189,""relevance_score_100"":90.1081081081081,""popularity_score_100"":49.18643096852584,""score_100"":73.7394372522752,""popularity_basis"":""BeatHit master-list game rank plus track position proxy""}"
58,Country - Cookin Up A Storm,Unknown credited artist,[],Farming Simulator 19 (farming-simulator-19-ost),,,"[""video game soundtrack""]","[""und""]",,,,Farming Simulator 25,,,khinsider_track_prominence_proxy,44.566430968525836,score_0_100,,,,73.6914372522752,,,,https://downloads.khinsider.com/game-soundtracks/album/farming-simulator-19-ost,2026-10-05,Track title is taken from KHInsider's soundtrack/gamerip album index. Popularity is an explicitly labelled proxy based on BeatHit game rank and track prominence.,"{""culture_category"":""video_game_music"",""video_game"":""Farming Simulator 25"",""game_rank"":801,""game_association_kind"":""khinsider_game_soundtrack"",""khinsider_album_url"":""https://downloads.khinsider.com/game-soundtracks/album/farming-simulator-19-ost"",""khinsider_album_title"":""Farming Simulator 19 (farming-simulator-19-ost)"",""khinsider_album_kind"":""official_or_gamerip"",""khinsider_album_match_score"":91.89189189189189,""relevance_score_100"":93.1081081081081,""popularity_score_100"":44.566430968525836,""score_100"":73.6914372522752,""popularity_basis"":""BeatHit master-list game rank plus track position proxy""}"
59,Doing Fine,Unknown credited artist,[],Farming Simulator 22 Platinum Expansion (farming-simulator-22-platinum-expansion-windows-gamerip-2022),,,"[""video game soundtrack""]","[""und""]",,,,Farming Simulator 25,,,khinsider_track_prominence_proxy,44.566430968525836,score_0_100,,,,73.6914372522752,,,,https://downloads.khinsider.com/game-soundtracks/album/farming-simulator-22-platinum-expansion-windows-gamerip-2022,2026-10-05,Track title is taken from KHInsider's soundtrack/gamerip album index. Popularity is an explicitly labelled proxy based on BeatHit game rank and track prominence.,"{""culture_category"":""video_game_music"",""video_game"":""Farming Simulator 25"",""game_rank"":801,""game_association_kind"":""khinsider_game_soundtrack"",""khinsider_album_url"":""https://downloads.khinsider.com/game-soundtracks/album/farming-simulator-22-platinum-expansion-windows-gamerip-2022"",""khinsider_album_title"":""Farming Simulator 22 Platinum Expansion (farming-simulator-22-platinum-expansion-windows-gamerip-2022)"",""khinsider_album_kind"":""official_or_gamerip"",""khinsider_album_match_score"":91.89189189189189,""relevance_score_100"":93.1081081081081,""popularity_score_100"":44.566430968525836,""score_100"":73.6914372522752,""popularity_basis"":""BeatHit master-list game rank plus track position proxy""}"
60,Track 2,Unknown credited artist,[],Farming Simulator 16 (farming-simulator-16-2015-ps-vita),,,"[""video game soundtrack""]","[""und""]",,,,Farming Simulator 25,,,khinsider_track_prominence_proxy,48.97643096852584,score_0_100,,,,73.65543725227519,,,,https://downloads.khinsider.com/game-soundtracks/album/farming-simulator-16-2015-ps-vita,2026-10-05,Track title is taken from KHInsider's soundtrack/gamerip album index. Popularity is an explicitly labelled proxy based on BeatHit game rank and track prominence.,"{""culture_category"":""video_game_music"",""video_game"":""Farming Simulator 25"",""game_rank"":801,""game_association_kind"":""khinsider_game_soundtrack"",""khinsider_album_url"":""https://downloads.khinsider.com/game-soundtracks/album/farming-simulator-16-2015-ps-vita"",""khinsider_album_title"":""Farming Simulator 16 (farming-simulator-16-2015-ps-vita)"",""khinsider_album_kind"":""unclassified_game_album"",""khinsider_album_match_score"":91.89189189189189,""relevance_score_100"":90.1081081081081,""popularity_score_100"":48.97643096852584,""score_100"":73.65543725227519,""popularity_basis"":""BeatHit master-list game rank plus track position proxy""}"
61,Country - Deadpan Rain,Unknown credited artist,[],Farming Simulator 19 (farming-simulator-19-ost),,,"[""video game soundtrack""]","[""und""]",,,,Farming Simulator 25,,,khinsider_track_prominence_proxy,44.35643096852584,score_0_100,,,,73.60743725227519,,,,https://downloads.khinsider.com/game-soundtracks/album/farming-simulator-19-ost,2026-10-05,Track title is taken from KHInsider's soundtrack/gamerip album index. Popularity is an explicitly labelled proxy based on BeatHit game rank and track prominence.,"{""culture_category"":""video_game_music"",""video_game"":""Farming Simulator 25"",""game_rank"":801,""game_association_kind"":""khinsider_game_soundtrack"",""khinsider_album_url"":""https://downloads.khinsider.com/game-soundtracks/album/farming-simulator-19-ost"",""khinsider_album_title"":""Farming Simulator 19 (farming-simulator-19-ost)"",""khinsider_album_kind"":""official_or_gamerip"",""khinsider_album_match_score"":91.89189189189189,""relevance_score_100"":93.1081081081081,""popularity_score_100"":44.35643096852584,""score_100"":73.60743725227519,""popularity_basis"":""BeatHit master-list game rank plus track position proxy""}"
62,Done Without A Doubt,Unknown credited artist,[],Farming Simulator 22 Platinum Expansion (farming-simulator-22-platinum-expansion-windows-gamerip-2022),,,"[""video game soundtrack""]","[""und""]",,,,Farming Simulator 25,,,khinsider_track_prominence_proxy,44.35643096852584,score_0_100,,,,73.60743725227519,,,,https://downloads.khinsider.com/game-soundtracks/album/farming-simulator-22-platinum-expansion-windows-gamerip-2022,2026-10-05,Track title is taken from KHInsider's soundtrack/gamerip album index. Popularity is an explicitly labelled proxy based on BeatHit game rank and track prominence.,"{""culture_category"":""video_game_music"",""video_game"":""Farming Simulator 25"",""game_rank"":801,""game_association_kind"":""khinsider_game_soundtrack"",""khinsider_album_url"":""https://downloads.khinsider.com/game-soundtracks/album/farming-simulator-22-platinum-expansion-windows-gamerip-2022"",""khinsider_album_title"":""Farming Simulator 22 Platinum Expansion (farming-simulator-22-platinum-expansion-windows-gamerip-2022)"",""khinsider_album_kind"":""official_or_gamerip"",""khinsider_album_match_score"":91.89189189189189,""relevance_score_100"":93.1081081081081,""popularity_score_100"":44.35643096852584,""score_100"":73.60743725227519,""popularity_basis"":""BeatHit master-list game rank plus track position proxy""}"
63,Track 3,Unknown credited artist,[],Farming Simulator 16 (farming-simulator-16-2015-ps-vita),,,"[""video game soundtrack""]","[""und""]",,,,Farming Simulator 25,,,khinsider_track_prominence_proxy,48.76643096852584,score_0_100,,,,73.57143725227519,,,,https://downloads.khinsider.com/game-soundtracks/album/farming-simulator-16-2015-ps-vita,2026-10-05,Track title is taken from KHInsider's soundtrack/gamerip album index. Popularity is an explicitly labelled proxy based on BeatHit game rank and track prominence.,"{""culture_category"":""video_game_music"",""video_game"":""Farming Simulator 25"",""game_rank"":801,""game_association_kind"":""khinsider_game_soundtrack"",""khinsider_album_url"":""https://downloads.khinsider.com/game-soundtracks/album/farming-simulator-16-2015-ps-vita"",""khinsider_album_title"":""Farming Simulator 16 (farming-simulator-16-2015-ps-vita)"",""khinsider_album_kind"":""unclassified_game_album"",""khinsider_album_match_score"":91.89189189189189,""relevance_score_100"":90.1081081081081,""popularity_score_100"":48.76643096852584,""score_100"":73.57143725227519,""popularity_basis"":""BeatHit master-list game rank plus track position proxy""}"
64,Country - Dog Town,Unknown credited artist,[],Farming Simulator 19 (farming-simulator-19-ost),,,"[""video game soundtrack""]","[""und""]",,,,Farming Simulator 25,,,khinsider_track_prominence_proxy,44.14643096852584,score_0_100,,,,73.52343725227519,,,,https://downloads.khinsider.com/game-soundtracks/album/farming-simulator-19-ost,2026-10-05,Track title is taken from KHInsider's soundtrack/gamerip album index. Popularity is an explicitly labelled proxy based on BeatHit game rank and track prominence.,"{""culture_category"":""video_game_music"",""video_game"":""Farming Simulator 25"",""game_rank"":801,""game_association_kind"":""khinsider_game_soundtrack"",""khinsider_album_url"":""https://downloads.khinsider.com/game-soundtracks/album/farming-simulator-19-ost"",""khinsider_album_title"":""Farming Simulator 19 (farming-simulator-19-ost)"",""khinsider_album_kind"":""official_or_gamerip"",""khinsider_album_match_score"":91.89189189189189,""relevance_score_100"":93.1081081081081,""popularity_score_100"":44.14643096852584,""score_100"":73.52343725227519,""popularity_basis"":""BeatHit master-list game rank plus track position proxy""}"
65,Dont Say It,Unknown credited artist,[],Farming Simulator 22 Platinum Expansion (farming-simulator-22-platinum-expansion-windows-gamerip-2022),,,"[""video game soundtrack""]","[""und""]",,,,Farming Simulator 25,,,khinsider_track_prominence_proxy,44.14643096852584,score_0_100,,,,73.52343725227519,,,,https://downloads.khinsider.com/game-soundtracks/album/farming-simulator-22-platinum-expansion-windows-gamerip-2022,2026-10-05,Track title is taken from KHInsider's soundtrack/gamerip album index. Popularity is an explicitly labelled proxy based on BeatHit game rank and track prominence.,"{""culture_category"":""video_game_music"",""video_game"":""Farming Simulator 25"",""game_rank"":801,""game_association_kind"":""khinsider_game_soundtrack"",""khinsider_album_url"":""https://downloads.khinsider.com/game-soundtracks/album/farming-simulator-22-platinum-expansion-windows-gamerip-2022"",""khinsider_album_title"":""Farming Simulator 22 Platinum Expansion (farming-simulator-22-platinum-expansion-windows-gamerip-2022)"",""khinsider_album_kind"":""official_or_gamerip"",""khinsider_album_match_score"":91.89189189189189,""relevance_score_100"":93.1081081081081,""popularity_score_100"":44.14643096852584,""score_100"":73.52343725227519,""popularity_basis"":""BeatHit master-list game rank plus track position proxy""}"
66,Track 4,Unknown credited artist,[],Farming Simulator 16 (farming-simulator-16-2015-ps-vita),,,"[""video game soundtrack""]","[""und""]",,,,Farming Simulator 25,,,khinsider_track_prominence_proxy,48.556430968525845,score_0_100,,,,73.4874372522752,,,,https://downloads.khinsider.com/game-soundtracks/album/farming-simulator-16-2015-ps-vita,2026-10-05,Track title is taken from KHInsider's soundtrack/gamerip album index. Popularity is an explicitly labelled proxy based on BeatHit game rank and track prominence.,"{""culture_category"":""video_game_music"",""video_game"":""Farming Simulator 25"",""game_rank"":801,""game_association_kind"":""khinsider_game_soundtrack"",""khinsider_album_url"":""https://downloads.khinsider.com/game-soundtracks/album/farming-simulator-16-2015-ps-vita"",""khinsider_album_title"":""Farming Simulator 16 (farming-simulator-16-2015-ps-vita)"",""khinsider_album_kind"":""unclassified_game_album"",""khinsider_album_match_score"":91.89189189189189,""relevance_score_100"":90.1081081081081,""popularity_score_100"":48.556430968525845,""score_100"":73.4874372522752,""popularity_basis"":""BeatHit master-list game rank plus track position proxy""}"
67,Country - Beautiful Strange,Unknown credited artist,[],Farming Simulator: Nintendo Switch Edition (farming-simulator-17-nintendo-switch-edition-2017-switch),,,"[""video game soundtrack""]","[""und""]",,,,Farming Simulator 25,,,khinsider_track_prominence_proxy,48.556430968525845,score_0_100,,,,73.4874372522752,,,,https://downloads.khinsider.com/game-soundtracks/album/farming-simulator-17-nintendo-switch-edition-2017-switch,2026-10-05,Track title is taken from KHInsider's soundtrack/gamerip album index. Popularity is an explicitly labelled proxy based on BeatHit game rank and track prominence.,"{""culture_category"":""video_game_music"",""video_game"":""Farming Simulator 25"",""game_rank"":801,""game_association_kind"":""khinsider_game_soundtrack"",""khinsider_album_url"":""https://downloads.khinsider.com/game-soundtracks/album/farming-simulator-17-nintendo-switch-edition-2017-switch"",""khinsider_album_title"":""Farming Simulator: Nintendo Switch Edition (farming-simulator-17-nintendo-switch-edition-2017-switch)"",""khinsider_album_kind"":""unclassified_game_album"",""khinsider_album_match_score"":91.89189189189189,""relevance_score_100"":90.1081081081081,""popularity_score_100"":48.556430968525845,""score_100"":73.4874372522752,""popularity_basis"":""BeatHit master-list game rank plus track position proxy""}"
68,Country - Goldmine,Unknown credited artist,[],Farming Simulator 19 (farming-simulator-19-ost),,,"[""video game soundtrack""]","[""und""]",,,,Farming Simulator 25,,,khinsider_track_prominence_proxy,43.93643096852584,score_0_100,,,,73.4394372522752,,,,https://downloads.khinsider.com/game-soundtracks/album/farming-simulator-19-ost,2026-10-05,Track title is taken from KHInsider's soundtrack/gamerip album index. Popularity is an explicitly labelled proxy based on BeatHit game rank and track prominence.,"{""culture_category"":""video_game_music"",""video_game"":""Farming Simulator 25"",""game_rank"":801,""game_association_kind"":""khinsider_game_soundtrack"",""khinsider_album_url"":""https://downloads.khinsider.com/game-soundtracks/album/farming-simulator-19-ost"",""khinsider_album_title"":""Farming Simulator 19 (farming-simulator-19-ost)"",""khinsider_album_kind"":""official_or_gamerip"",""khinsider_album_match_score"":91.89189189189189,""relevance_score_100"":93.1081081081081,""popularity_score_100"":43.93643096852584,""score_100"":73.4394372522752,""popularity_basis"":""BeatHit master-list game rank plus track position proxy""}"
69,Dont Wanna Hide,Unknown credited artist,[],Farming Simulator 22 Platinum Expansion (farming-simulator-22-platinum-expansion-windows-gamerip-2022),,,"[""video game soundtrack""]","[""und""]",,,,Farming Simulator 25,,,khinsider_track_prominence_proxy,43.93643096852584,score_0_100,,,,73.4394372522752,,,,https://downloads.khinsider.com/game-soundtracks/album/farming-simulator-22-platinum-expansion-windows-gamerip-2022,2026-10-05,Track title is taken from KHInsider's soundtrack/gamerip album index. Popularity is an explicitly labelled proxy based on BeatHit game rank and track prominence.,"{""culture_category"":""video_game_music"",""video_game"":""Farming Simulator 25"",""game_rank"":801,""game_association_kind"":""khinsider_game_soundtrack"",""khinsider_album_url"":""https://downloads.khinsider.com/game-soundtracks/album/farming-simulator-22-platinum-expansion-windows-gamerip-2022"",""khinsider_album_title"":""Farming Simulator 22 Platinum Expansion (farming-simulator-22-platinum-expansion-windows-gamerip-2022)"",""khinsider_album_kind"":""official_or_gamerip"",""khinsider_album_match_score"":91.89189189189189,""relevance_score_100"":93.1081081081081,""popularity_score_100"":43.93643096852584,""score_100"":73.4394372522752,""popularity_basis"":""BeatHit master-list game rank plus track position proxy""}"
70,Track 5,Unknown credited artist,[],Farming Simulator 18 (farming-simulator-18-2017-3ds),,,"[""video game soundtrack""]","[""und""]",,,,Farming Simulator 25,,,khinsider_track_prominence_proxy,48.34643096852584,score_0_100,,,,73.4034372522752,,,,https://downloads.khinsider.com/game-soundtracks/album/farming-simulator-18-2017-3ds,2026-10-05,Track title is taken from KHInsider's soundtrack/gamerip album index. Popularity is an explicitly labelled proxy based on BeatHit game rank and track prominence.,"{""culture_category"":""video_game_music"",""video_game"":""Farming Simulator 25"",""game_rank"":801,""game_association_kind"":""khinsider_game_soundtrack"",""khinsider_album_url"":""https://downloads.khinsider.com/game-soundtracks/album/farming-simulator-18-2017-3ds"",""khinsider_album_title"":""Farming Simulator 18 (farming-simulator-18-2017-3ds)"",""khinsider_album_kind"":""unclassified_game_album"",""khinsider_album_match_score"":91.89189189189189,""relevance_score_100"":90.1081081081081,""popularity_score_100"":48.34643096852584,""score_100"":73.4034372522752,""popularity_basis"":""BeatHit master-list game rank plus track position proxy""}"
71,Country - Blue House,Unknown credited artist,[],Farming Simulator: Nintendo Switch Edition (farming-simulator-17-nintendo-switch-edition-2017-switch),,,"[""video game soundtrack""]","[""und""]",,,,Farming Simulator 25,,,khinsider_track_prominence_proxy,48.34643096852584,score_0_100,,,,73.4034372522752,,,,https://downloads.khinsider.com/game-soundtracks/album/farming-simulator-17-nintendo-switch-edition-2017-switch,2026-10-05,Track title is taken from KHInsider's soundtrack/gamerip album index. Popularity is an explicitly labelled proxy based on BeatHit game rank and track prominence.,"{""culture_category"":""video_game_music"",""video_game"":""Farming Simulator 25"",""game_rank"":801,""game_association_kind"":""khinsider_game_soundtrack"",""khinsider_album_url"":""https://downloads.khinsider.com/game-soundtracks/album/farming-simulator-17-nintendo-switch-edition-2017-switch"",""khinsider_album_title"":""Farming Simulator: Nintendo Switch Edition (farming-simulator-17-nintendo-switch-edition-2017-switch)"",""khinsider_album_kind"":""unclassified_game_album"",""khinsider_album_match_score"":91.89189189189189,""relevance_score_100"":90.1081081081081,""popularity_score_100"":48.34643096852584,""score_100"":73.4034372522752,""popularity_basis"":""BeatHit master-list game rank plus track position proxy""}"
72,Country - Gunslinger,Unknown credited artist,[],Farming Simulator 19 (farming-simulator-19-ost),,,"[""video game soundtrack""]","[""und""]",,,,Farming Simulator 25,,,khinsider_track_prominence_proxy,43.72643096852584,score_0_100,,,,73.3554372522752,,,,https://downloads.khinsider.com/game-soundtracks/album/farming-simulator-19-ost,2026-10-05,Track title is taken from KHInsider's soundtrack/gamerip album index. Popularity is an explicitly labelled proxy based on BeatHit game rank and track prominence.,"{""culture_category"":""video_game_music"",""video_game"":""Farming Simulator 25"",""game_rank"":801,""game_association_kind"":""khinsider_game_soundtrack"",""khinsider_album_url"":""https://downloads.khinsider.com/game-soundtracks/album/farming-simulator-19-ost"",""khinsider_album_title"":""Farming Simulator 19 (farming-simulator-19-ost)"",""khinsider_album_kind"":""official_or_gamerip"",""khinsider_album_match_score"":91.89189189189189,""relevance_score_100"":93.1081081081081,""popularity_score_100"":43.72643096852584,""score_100"":73.3554372522752,""popularity_basis"":""BeatHit master-list game rank plus track position proxy""}"
73,Drop The Beat,Unknown credited artist,[],Farming Simulator 22 Platinum Expansion (farming-simulator-22-platinum-expansion-windows-gamerip-2022),,,"[""video game soundtrack""]","[""und""]",,,,Farming Simulator 25,,,khinsider_track_prominence_proxy,43.72643096852584,score_0_100,,,,73.3554372522752,,,,https://downloads.khinsider.com/game-soundtracks/album/farming-simulator-22-platinum-expansion-windows-gamerip-2022,2026-10-05,Track title is taken from KHInsider's soundtrack/gamerip album index. Popularity is an explicitly labelled proxy based on BeatHit game rank and track prominence.,"{""culture_category"":""video_game_music"",""video_game"":""Farming Simulator 25"",""game_rank"":801,""game_association_kind"":""khinsider_game_soundtrack"",""khinsider_album_url"":""https://downloads.khinsider.com/game-soundtracks/album/farming-simulator-22-platinum-expansion-windows-gamerip-2022"",""khinsider_album_title"":""Farming Simulator 22 Platinum Expansion (farming-simulator-22-platinum-expansion-windows-gamerip-2022)"",""khinsider_album_kind"":""official_or_gamerip"",""khinsider_album_match_score"":91.89189189189189,""relevance_score_100"":93.1081081081081,""popularity_score_100"":43.72643096852584,""score_100"":73.3554372522752,""popularity_basis"":""BeatHit master-list game rank plus track position proxy""}"
74,Track 6,Unknown credited artist,[],Farming Simulator 18 (farming-simulator-18-2017-3ds),,,"[""video game soundtrack""]","[""und""]",,,,Farming Simulator 25,,,khinsider_track_prominence_proxy,48.13643096852584,score_0_100,,,,73.3194372522752,,,,https://downloads.khinsider.com/game-soundtracks/album/farming-simulator-18-2017-3ds,2026-10-05,Track title is taken from KHInsider's soundtrack/gamerip album index. Popularity is an explicitly labelled proxy based on BeatHit game rank and track prominence.,"{""culture_category"":""video_game_music"",""video_game"":""Farming Simulator 25"",""game_rank"":801,""game_association_kind"":""khinsider_game_soundtrack"",""khinsider_album_url"":""https://downloads.khinsider.com/game-soundtracks/album/farming-simulator-18-2017-3ds"",""khinsider_album_title"":""Farming Simulator 18 (farming-simulator-18-2017-3ds)"",""khinsider_album_kind"":""unclassified_game_album"",""khinsider_album_match_score"":91.89189189189189,""relevance_score_100"":90.1081081081081,""popularity_score_100"":48.13643096852584,""score_100"":73.3194372522752,""popularity_basis"":""BeatHit master-list game rank plus track position proxy""}"
75,Country - Cockroach,Unknown credited artist,[],Farming Simulator: Nintendo Switch Edition (farming-simulator-17-nintendo-switch-edition-2017-switch),,,"[""video game soundtrack""]","[""und""]",,,,Farming Simulator 25,,,khinsider_track_prominence_proxy,48.13643096852584,score_0_100,,,,73.3194372522752,,,,https://downloads.khinsider.com/game-soundtracks/album/farming-simulator-17-nintendo-switch-edition-2017-switch,2026-10-05,Track title is taken from KHInsider's soundtrack/gamerip album index. Popularity is an explicitly labelled proxy based on BeatHit game rank and track prominence.,"{""culture_category"":""video_game_music"",""video_game"":""Farming Simulator 25"",""game_rank"":801,""game_association_kind"":""khinsider_game_soundtrack"",""khinsider_album_url"":""https://downloads.khinsider.com/game-soundtracks/album/farming-simulator-17-nintendo-switch-edition-2017-switch"",""khinsider_album_title"":""Farming Simulator: Nintendo Switch Edition (farming-simulator-17-nintendo-switch-edition-2017-switch)"",""khinsider_album_kind"":""unclassified_game_album"",""khinsider_album_match_score"":91.89189189189189,""relevance_score_100"":90.1081081081081,""popularity_score_100"":48.13643096852584,""score_100"":73.3194372522752,""popularity_basis"":""BeatHit master-list game rank plus track position proxy""}"
76,Country - Hitchhiker,Unknown credited artist,[],Farming Simulator 19 (farming-simulator-19-ost),,,"[""video game soundtrack""]","[""und""]",,,,Farming Simulator 25,,,khinsider_track_prominence_proxy,43.51643096852584,score_0_100,,,,73.27143725227519,,,,https://downloads.khinsider.com/game-soundtracks/album/farming-simulator-19-ost,2026-10-05,Track title is taken from KHInsider's soundtrack/gamerip album index. Popularity is an explicitly labelled proxy based on BeatHit game rank and track prominence.,"{""culture_category"":""video_game_music"",""video_game"":""Farming Simulator 25"",""game_rank"":801,""game_association_kind"":""khinsider_game_soundtrack"",""khinsider_album_url"":""https://downloads.khinsider.com/game-soundtracks/album/farming-simulator-19-ost"",""khinsider_album_title"":""Farming Simulator 19 (farming-simulator-19-ost)"",""khinsider_album_kind"":""official_or_gamerip"",""khinsider_album_match_score"":91.89189189189189,""relevance_score_100"":93.1081081081081,""popularity_score_100"":43.51643096852584,""score_100"":73.27143725227519,""popularity_basis"":""BeatHit master-list game rank plus track position proxy""}"
77,Duck Call,Unknown credited artist,[],Farming Simulator 22 Platinum Expansion (farming-simulator-22-platinum-expansion-windows-gamerip-2022),,,"[""video game soundtrack""]","[""und""]",,,,Farming Simulator 25,,,khinsider_track_prominence_proxy,43.51643096852584,score_0_100,,,,73.27143725227519,,,,https://downloads.khinsider.com/game-soundtracks/album/farming-simulator-22-platinum-expansion-windows-gamerip-2022,2026-10-05,Track title is taken from KHInsider's soundtrack/gamerip album index. Popularity is an explicitly labelled proxy based on BeatHit game rank and track prominence.,"{""culture_category"":""video_game_music"",""video_game"":""Farming Simulator 25"",""game_rank"":801,""game_association_kind"":""khinsider_game_soundtrack"",""khinsider_album_url"":""https://downloads.khinsider.com/game-soundtracks/album/farming-simulator-22-platinum-expansion-windows-gamerip-2022"",""khinsider_album_title"":""Farming Simulator 22 Platinum Expansion (farming-simulator-22-platinum-expansion-windows-gamerip-2022)"",""khinsider_album_kind"":""official_or_gamerip"",""khinsider_album_match_score"":91.89189189189189,""relevance_score_100"":93.1081081081081,""popularity_score_100"":43.51643096852584,""score_100"":73.27143725227519,""popularity_basis"":""BeatHit master-list game rank plus track position proxy""}"
78,Banner,Unknown credited artist,[],Farming Simulator 18 (farming-simulator-18-2017-3ds),,,"[""video game soundtrack""]","[""und""]",,,,Farming Simulator 25,,,khinsider_track_prominence_proxy,47.926430968525835,score_0_100,,,,73.23543725227519,,,,https://downloads.khinsider.com/game-soundtracks/album/farming-simulator-18-2017-3ds,2026-10-05,Track title is taken from KHInsider's soundtrack/gamerip album index. Popularity is an explicitly labelled proxy based on BeatHit game rank and track prominence.,"{""culture_category"":""video_game_music"",""video_game"":""Farming Simulator 25"",""game_rank"":801,""game_association_kind"":""khinsider_game_soundtrack"",""khinsider_album_url"":""https://downloads.khinsider.com/game-soundtracks/album/farming-simulator-18-2017-3ds"",""khinsider_album_title"":""Farming Simulator 18 (farming-simulator-18-2017-3ds)"",""khinsider_album_kind"":""unclassified_game_album"",""khinsider_album_match_score"":91.89189189189189,""relevance_score_100"":90.1081081081081,""popularity_score_100"":47.926430968525835,""score_100"":73.23543725227519,""popularity_basis"":""BeatHit master-list game rank plus track position proxy""}"
79,Country - Come And Get Me,Unknown credited artist,[],Farming Simulator: Nintendo Switch Edition (farming-simulator-17-nintendo-switch-edition-2017-switch),,,"[""video game soundtrack""]","[""und""]",,,,Farming Simulator 25,,,khinsider_track_prominence_proxy,47.926430968525835,score_0_100,,,,73.23543725227519,,,,https://downloads.khinsider.com/game-soundtracks/album/farming-simulator-17-nintendo-switch-edition-2017-switch,2026-10-05,Track title is taken from KHInsider's soundtrack/gamerip album index. Popularity is an explicitly labelled proxy based on BeatHit game rank and track prominence.,"{""culture_category"":""video_game_music"",""video_game"":""Farming Simulator 25"",""game_rank"":801,""game_association_kind"":""khinsider_game_soundtrack"",""khinsider_album_url"":""https://downloads.khinsider.com/game-soundtracks/album/farming-simulator-17-nintendo-switch-edition-2017-switch"",""khinsider_album_title"":""Farming Simulator: Nintendo Switch Edition (farming-simulator-17-nintendo-switch-edition-2017-switch)"",""khinsider_album_kind"":""unclassified_game_album"",""khinsider_album_match_score"":91.89189189189189,""relevance_score_100"":90.1081081081081,""popularity_score_100"":47.926430968525835,""score_100"":73.23543725227519,""popularity_basis"":""BeatHit master-list game rank plus track position proxy""}"
80,Country - Moonshine,Unknown credited artist,[],Farming Simulator 19 (farming-simulator-19-ost),,,"[""video game soundtrack""]","[""und""]",,,,Farming Simulator 25,,,khinsider_track_prominence_proxy,43.306430968525845,score_0_100,,,,73.1874372522752,,,,https://downloads.khinsider.com/game-soundtracks/album/farming-simulator-19-ost,2026-10-05,Track title is taken from KHInsider's soundtrack/gamerip album index. Popularity is an explicitly labelled proxy based on BeatHit game rank and track prominence.,"{""culture_category"":""video_game_music"",""video_game"":""Farming Simulator 25"",""game_rank"":801,""game_association_kind"":""khinsider_game_soundtrack"",""khinsider_album_url"":""https://downloads.khinsider.com/game-soundtracks/album/farming-simulator-19-ost"",""khinsider_album_title"":""Farming Simulator 19 (farming-simulator-19-ost)"",""khinsider_album_kind"":""official_or_gamerip"",""khinsider_album_match_score"":91.89189189189189,""relevance_score_100"":93.1081081081081,""popularity_score_100"":43.306430968525845,""score_100"":73.1874372522752,""popularity_basis"":""BeatHit master-list game rank plus track position proxy""}"
81,Elegant Waters,Unknown credited artist,[],Farming Simulator 22 Platinum Expansion (farming-simulator-22-platinum-expansion-windows-gamerip-2022),,,"[""video game soundtrack""]","[""und""]",,,,Farming Simulator 25,,,khinsider_track_prominence_proxy,43.306430968525845,score_0_100,,,,73.1874372522752,,,,https://downloads.khinsider.com/game-soundtracks/album/farming-simulator-22-platinum-expansion-windows-gamerip-2022,2026-10-05,Track title is taken from KHInsider's soundtrack/gamerip album index. Popularity is an explicitly labelled proxy based on BeatHit game rank and track prominence.,"{""culture_category"":""video_game_music"",""video_game"":""Farming Simulator 25"",""game_rank"":801,""game_association_kind"":""khinsider_game_soundtrack"",""khinsider_album_url"":""https://downloads.khinsider.com/game-soundtracks/album/farming-simulator-22-platinum-expansion-windows-gamerip-2022"",""khinsider_album_title"":""Farming Simulator 22 Platinum Expansion (farming-simulator-22-platinum-expansion-windows-gamerip-2022)"",""khinsider_album_kind"":""official_or_gamerip"",""khinsider_album_match_score"":91.89189189189189,""relevance_score_100"":93.1081081081081,""popularity_score_100"":43.306430968525845,""score_100"":73.1874372522752,""popularity_basis"":""BeatHit master-list game rank plus track position proxy""}"
82,Country - Dust Kicker,Unknown credited artist,[],Farming Simulator: Nintendo Switch Edition (farming-simulator-17-nintendo-switch-edition-2017-switch),,,"[""video game soundtrack""]","[""und""]",,,,Farming Simulator 25,,,khinsider_track_prominence_proxy,47.71643096852584,score_0_100,,,,73.1514372522752,,,,https://downloads.khinsider.com/game-soundtracks/album/farming-simulator-17-nintendo-switch-edition-2017-switch,2026-10-05,Track title is taken from KHInsider's soundtrack/gamerip album index. Popularity is an explicitly labelled proxy based on BeatHit game rank and track prominence.,"{""culture_category"":""video_game_music"",""video_game"":""Farming Simulator 25"",""game_rank"":801,""game_association_kind"":""khinsider_game_soundtrack"",""khinsider_album_url"":""https://downloads.khinsider.com/game-soundtracks/album/farming-simulator-17-nintendo-switch-edition-2017-switch"",""khinsider_album_title"":""Farming Simulator: Nintendo Switch Edition (farming-simulator-17-nintendo-switch-edition-2017-switch)"",""khinsider_album_kind"":""unclassified_game_album"",""khinsider_album_match_score"":91.89189189189189,""relevance_score_100"":90.1081081081081,""popularity_score_100"":47.71643096852584,""score_100"":73.1514372522752,""popularity_basis"":""BeatHit master-list game rank plus track position proxy""}"
83,Country - Nashville Stomp,Unknown credited artist,[],Farming Simulator 19 (farming-simulator-19-ost),,,"[""video game soundtrack""]","[""und""]",,,,Farming Simulator 25,,,khinsider_track_prominence_proxy,43.09643096852584,score_0_100,,,,73.1034372522752,,,,https://downloads.khinsider.com/game-soundtracks/album/farming-simulator-19-ost,2026-10-05,Track title is taken from KHInsider's soundtrack/gamerip album index. Popularity is an explicitly labelled proxy based on BeatHit game rank and track prominence.,"{""culture_category"":""video_game_music"",""video_game"":""Farming Simulator 25"",""game_rank"":801,""game_association_kind"":""khinsider_game_soundtrack"",""khinsider_album_url"":""https://downloads.khinsider.com/game-soundtracks/album/farming-simulator-19-ost"",""khinsider_album_title"":""Farming Simulator 19 (farming-simulator-19-ost)"",""khinsider_album_kind"":""official_or_gamerip"",""khinsider_album_match_score"":91.89189189189189,""relevance_score_100"":93.1081081081081,""popularity_score_100"":43.09643096852584,""score_100"":73.1034372522752,""popularity_basis"":""BeatHit master-list game rank plus track position proxy""}"
84,Ever After,Unknown credited artist,[],Farming Simulator 22 Platinum Expansion (farming-simulator-22-platinum-expansion-windows-gamerip-2022),,,"[""video game soundtrack""]","[""und""]",,,,Farming Simulator 25,,,khinsider_track_prominence_proxy,43.09643096852584,score_0_100,,,,73.1034372522752,,,,https://downloads.khinsider.com/game-soundtracks/album/farming-simulator-22-platinum-expansion-windows-gamerip-2022,2026-10-05,Track title is taken from KHInsider's soundtrack/gamerip album index. Popularity is an explicitly labelled proxy based on BeatHit game rank and track prominence.,"{""culture_category"":""video_game_music"",""video_game"":""Farming Simulator 25"",""game_rank"":801,""game_association_kind"":""khinsider_game_soundtrack"",""khinsider_album_url"":""https://downloads.khinsider.com/game-soundtracks/album/farming-simulator-22-platinum-expansion-windows-gamerip-2022"",""khinsider_album_title"":""Farming Simulator 22 Platinum Expansion (farming-simulator-22-platinum-expansion-windows-gamerip-2022)"",""khinsider_album_kind"":""official_or_gamerip"",""khinsider_album_match_score"":91.89189189189189,""relevance_score_100"":93.1081081081081,""popularity_score_100"":43.09643096852584,""score_100"":73.1034372522752,""popularity_basis"":""BeatHit master-list game rank plus track position proxy""}"
85,Country - Freight Train,Unknown credited artist,[],Farming Simulator: Nintendo Switch Edition (farming-simulator-17-nintendo-switch-edition-2017-switch),,,"[""video game soundtrack""]","[""und""]",,,,Farming Simulator 25,,,khinsider_track_prominence_proxy,47.50643096852584,score_0_100,,,,73.0674372522752,,,,https://downloads.khinsider.com/game-soundtracks/album/farming-simulator-17-nintendo-switch-edition-2017-switch,2026-10-05,Track title is taken from KHInsider's soundtrack/gamerip album index. Popularity is an explicitly labelled proxy based on BeatHit game rank and track prominence.,"{""culture_category"":""video_game_music"",""video_game"":""Farming Simulator 25"",""game_rank"":801,""game_association_kind"":""khinsider_game_soundtrack"",""khinsider_album_url"":""https://downloads.khinsider.com/game-soundtracks/album/farming-simulator-17-nintendo-switch-edition-2017-switch"",""khinsider_album_title"":""Farming Simulator: Nintendo Switch Edition (farming-simulator-17-nintendo-switch-edition-2017-switch)"",""khinsider_album_kind"":""unclassified_game_album"",""khinsider_album_match_score"":91.89189189189189,""relevance_score_100"":90.1081081081081,""popularity_score_100"":47.50643096852584,""score_100"":73.0674372522752,""popularity_basis"":""BeatHit master-list game rank plus track position proxy""}"
86,Country - No Big Deal,Unknown credited artist,[],Farming Simulator 19 (farming-simulator-19-ost),,,"[""video game soundtrack""]","[""und""]",,,,Farming Simulator 25,,,khinsider_track_prominence_proxy,42.88643096852584,score_0_100,,,,73.0194372522752,,,,https://downloads.khinsider.com/game-soundtracks/album/farming-simulator-19-ost,2026-10-05,Track title is taken from KHInsider's soundtrack/gamerip album index. Popularity is an explicitly labelled proxy based on BeatHit game rank and track prominence.,"{""culture_category"":""video_game_music"",""video_game"":""Farming Simulator 25"",""game_rank"":801,""game_association_kind"":""khinsider_game_soundtrack"",""khinsider_album_url"":""https://downloads.khinsider.com/game-soundtracks/album/farming-simulator-19-ost"",""khinsider_album_title"":""Farming Simulator 19 (farming-simulator-19-ost)"",""khinsider_album_kind"":""official_or_gamerip"",""khinsider_album_match_score"":91.89189189189189,""relevance_score_100"":93.1081081081081,""popularity_score_100"":42.88643096852584,""score_100"":73.0194372522752,""popularity_basis"":""BeatHit master-list game rank plus track position proxy""}"
87,Fallen City,Unknown credited artist,[],Farming Simulator 22 Platinum Expansion (farming-simulator-22-platinum-expansion-windows-gamerip-2022),,,"[""video game soundtrack""]","[""und""]",,,,Farming Simulator 25,,,khinsider_track_prominence_proxy,42.88643096852584,score_0_100,,,,73.0194372522752,,,,https://downloads.khinsider.com/game-soundtracks/album/farming-simulator-22-platinum-expansion-windows-gamerip-2022,2026-10-05,Track title is taken from KHInsider's soundtrack/gamerip album index. Popularity is an explicitly labelled proxy based on BeatHit game rank and track prominence.,"{""culture_category"":""video_game_music"",""video_game"":""Farming Simulator 25"",""game_rank"":801,""game_association_kind"":""khinsider_game_soundtrack"",""khinsider_album_url"":""https://downloads.khinsider.com/game-soundtracks/album/farming-simulator-22-platinum-expansion-windows-gamerip-2022"",""khinsider_album_title"":""Farming Simulator 22 Platinum Expansion (farming-simulator-22-platinum-expansion-windows-gamerip-2022)"",""khinsider_album_kind"":""official_or_gamerip"",""khinsider_album_match_score"":91.89189189189189,""relevance_score_100"":93.1081081081081,""popularity_score_100"":42.88643096852584,""score_100"":73.0194372522752,""popularity_basis"":""BeatHit master-list game rank plus track position proxy""}"
88,Country - Gas Guzzler,Unknown credited artist,[],Farming Simulator: Nintendo Switch Edition (farming-simulator-17-nintendo-switch-edition-2017-switch),,,"[""video game soundtrack""]","[""und""]",,,,Farming Simulator 25,,,khinsider_track_prominence_proxy,47.29643096852584,score_0_100,,,,72.9834372522752,,,,https://downloads.khinsider.com/game-soundtracks/album/farming-simulator-17-nintendo-switch-edition-2017-switch,2026-10-05,Track title is taken from KHInsider's soundtrack/gamerip album index. Popularity is an explicitly labelled proxy based on BeatHit game rank and track prominence.,"{""culture_category"":""video_game_music"",""video_game"":""Farming Simulator 25"",""game_rank"":801,""game_association_kind"":""khinsider_game_soundtrack"",""khinsider_album_url"":""https://downloads.khinsider.com/game-soundtracks/album/farming-simulator-17-nintendo-switch-edition-2017-switch"",""khinsider_album_title"":""Farming Simulator: Nintendo Switch Edition (farming-simulator-17-nintendo-switch-edition-2017-switch)"",""khinsider_album_kind"":""unclassified_game_album"",""khinsider_album_match_score"":91.89189189189189,""relevance_score_100"":90.1081081081081,""popularity_score_100"":47.29643096852584,""score_100"":72.9834372522752,""popularity_basis"":""BeatHit master-list game rank plus track position proxy""}"
89,Country - Old Timer,Unknown credited artist,[],Farming Simulator 19 (farming-simulator-19-ost),,,"[""video game soundtrack""]","[""und""]",,,,Farming Simulator 25,,,khinsider_track_prominence_proxy,42.676430968525835,score_0_100,,,,72.9354372522752,,,,https://downloads.khinsider.com/game-soundtracks/album/farming-simulator-19-ost,2026-10-05,Track title is taken from KHInsider's soundtrack/gamerip album index. Popularity is an explicitly labelled proxy based on BeatHit game rank and track prominence.,"{""culture_category"":""video_game_music"",""video_game"":""Farming Simulator 25"",""game_rank"":801,""game_association_kind"":""khinsider_game_soundtrack"",""khinsider_album_url"":""https://downloads.khinsider.com/game-soundtracks/album/farming-simulator-19-ost"",""khinsider_album_title"":""Farming Simulator 19 (farming-simulator-19-ost)"",""khinsider_album_kind"":""official_or_gamerip"",""khinsider_album_match_score"":91.89189189189189,""relevance_score_100"":93.1081081081081,""popularity_score_100"":42.676430968525835,""score_100"":72.9354372522752,""popularity_basis"":""BeatHit master-list game rank plus track position proxy""}"
90,Farside,Unknown credited artist,[],Farming Simulator 22 Platinum Expansion (farming-simulator-22-platinum-expansion-windows-gamerip-2022),,,"[""video game soundtrack""]","[""und""]",,,,Farming Simulator 25,,,khinsider_track_prominence_proxy,42.676430968525835,score_0_100,,,,72.9354372522752,,,,https://downloads.khinsider.com/game-soundtracks/album/farming-simulator-22-platinum-expansion-windows-gamerip-2022,2026-10-05,Track title is taken from KHInsider's soundtrack/gamerip album index. Popularity is an explicitly labelled proxy based on BeatHit game rank and track prominence.,"{""culture_category"":""video_game_music"",""video_game"":""Farming Simulator 25"",""game_rank"":801,""game_association_kind"":""khinsider_game_soundtrack"",""khinsider_album_url"":""https://downloads.khinsider.com/game-soundtracks/album/farming-simulator-22-platinum-expansion-windows-gamerip-2022"",""khinsider_album_title"":""Farming Simulator 22 Platinum Expansion (farming-simulator-22-platinum-expansion-windows-gamerip-2022)"",""khinsider_album_kind"":""official_or_gamerip"",""khinsider_album_match_score"":91.89189189189189,""relevance_score_100"":93.1081081081081,""popularity_score_100"":42.676430968525835,""score_100"":72.9354372522752,""popularity_basis"":""BeatHit master-list game rank plus track position proxy""}"
91,Country - Get It Got It Gone 2,Unknown credited artist,[],Farming Simulator: Nintendo Switch Edition (farming-simulator-17-nintendo-switch-edition-2017-switch),,,"[""video game soundtrack""]","[""und""]",,,,Farming Simulator 25,,,khinsider_track_prominence_proxy,47.08643096852584,score_0_100,,,,72.89943725227519,,,,https://downloads.khinsider.com/game-soundtracks/album/farming-simulator-17-nintendo-switch-edition-2017-switch,2026-10-05,Track title is taken from KHInsider's soundtrack/gamerip album index. Popularity is an explicitly labelled proxy based on BeatHit game rank and track prominence.,"{""culture_category"":""video_game_music"",""video_game"":""Farming Simulator 25"",""game_rank"":801,""game_association_kind"":""khinsider_game_soundtrack"",""khinsider_album_url"":""https://downloads.khinsider.com/game-soundtracks/album/farming-simulator-17-nintendo-switch-edition-2017-switch"",""khinsider_album_title"":""Farming Simulator: Nintendo Switch Edition (farming-simulator-17-nintendo-switch-edition-2017-switch)"",""khinsider_album_kind"":""unclassified_game_album"",""khinsider_album_match_score"":91.89189189189189,""relevance_score_100"":90.1081081081081,""popularity_score_100"":47.08643096852584,""score_100"":72.89943725227519,""popularity_basis"":""BeatHit master-list game rank plus track position proxy""}"
92,Country - Open Highway,Unknown credited artist,[],Farming Simulator 19 (farming-simulator-19-ost),,,"[""video game soundtrack""]","[""und""]",,,,Farming Simulator 25,,,khinsider_track_prominence_proxy,42.46643096852584,score_0_100,,,,72.85143725227519,,,,https://downloads.khinsider.com/game-soundtracks/album/farming-simulator-19-ost,2026-10-05,Track title is taken from KHInsider's soundtrack/gamerip album index. Popularity is an explicitly labelled proxy based on BeatHit game rank and track prominence.,"{""culture_category"":""video_game_music"",""video_game"":""Farming Simulator 25"",""game_rank"":801,""game_association_kind"":""khinsider_game_soundtrack"",""khinsider_album_url"":""https://downloads.khinsider.com/game-soundtracks/album/farming-simulator-19-ost"",""khinsider_album_title"":""Farming Simulator 19 (farming-simulator-19-ost)"",""khinsider_album_kind"":""official_or_gamerip"",""khinsider_album_match_score"":91.89189189189189,""relevance_score_100"":93.1081081081081,""popularity_score_100"":42.46643096852584,""score_100"":72.85143725227519,""popularity_basis"":""BeatHit master-list game rank plus track position proxy""}"
93,Fashion,Unknown credited artist,[],Farming Simulator 22 Platinum Expansion (farming-simulator-22-platinum-expansion-windows-gamerip-2022),,,"[""video game soundtrack""]","[""und""]",,,,Farming Simulator 25,,,khinsider_track_prominence_proxy,42.46643096852584,score_0_100,,,,72.85143725227519,,,,https://downloads.khinsider.com/game-soundtracks/album/farming-simulator-22-platinum-expansion-windows-gamerip-2022,2026-10-05,Track title is taken from KHInsider's soundtrack/gamerip album index. Popularity is an explicitly labelled proxy based on BeatHit game rank and track prominence.,"{""culture_category"":""video_game_music"",""video_game"":""Farming Simulator 25"",""game_rank"":801,""game_association_kind"":""khinsider_game_soundtrack"",""khinsider_album_url"":""https://downloads.khinsider.com/game-soundtracks/album/farming-simulator-22-platinum-expansion-windows-gamerip-2022"",""khinsider_album_title"":""Farming Simulator 22 Platinum Expansion (farming-simulator-22-platinum-expansion-windows-gamerip-2022)"",""khinsider_album_kind"":""official_or_gamerip"",""khinsider_album_match_score"":91.89189189189189,""relevance_score_100"":93.1081081081081,""popularity_score_100"":42.46643096852584,""score_100"":72.85143725227519,""popularity_basis"":""BeatHit master-list game rank plus track position proxy""}"
94,Country - Heavy Load,Unknown credited artist,[],Farming Simulator: Nintendo Switch Edition (farming-simulator-17-nintendo-switch-edition-2017-switch),,,"[""video game soundtrack""]","[""und""]",,,,Farming Simulator 25,,,khinsider_track_prominence_proxy,46.87643096852584,score_0_100,,,,72.81543725227519,,,,https://downloads.khinsider.com/game-soundtracks/album/farming-simulator-17-nintendo-switch-edition-2017-switch,2026-10-05,Track title is taken from KHInsider's soundtrack/gamerip album index. Popularity is an explicitly labelled proxy based on BeatHit game rank and track prominence.,"{""culture_category"":""video_game_music"",""video_game"":""Farming Simulator 25"",""game_rank"":801,""game_association_kind"":""khinsider_game_soundtrack"",""khinsider_album_url"":""https://downloads.khinsider.com/game-soundtracks/album/farming-simulator-17-nintendo-switch-edition-2017-switch"",""khinsider_album_title"":""Farming Simulator: Nintendo Switch Edition (farming-simulator-17-nintendo-switch-edition-2017-switch)"",""khinsider_album_kind"":""unclassified_game_album"",""khinsider_album_match_score"":91.89189189189189,""relevance_score_100"":90.1081081081081,""popularity_score_100"":46.87643096852584,""score_100"":72.81543725227519,""popularity_basis"":""BeatHit master-list game rank plus track position proxy""}"
95,Country - Raising The Barn,Unknown credited artist,[],Farming Simulator 19 (farming-simulator-19-ost),,,"[""video game soundtrack""]","[""und""]",,,,Farming Simulator 25,,,khinsider_track_prominence_proxy,42.25643096852584,score_0_100,,,,72.76743725227519,,,,https://downloads.khinsider.com/game-soundtracks/album/farming-simulator-19-ost,2026-10-05,Track title is taken from KHInsider's soundtrack/gamerip album index. Popularity is an explicitly labelled proxy based on BeatHit game rank and track prominence.,"{""culture_category"":""video_game_music"",""video_game"":""Farming Simulator 25"",""game_rank"":801,""game_association_kind"":""khinsider_game_soundtrack"",""khinsider_album_url"":""https://downloads.khinsider.com/game-soundtracks/album/farming-simulator-19-ost"",""khinsider_album_title"":""Farming Simulator 19 (farming-simulator-19-ost)"",""khinsider_album_kind"":""official_or_gamerip"",""khinsider_album_match_score"":91.89189189189189,""relevance_score_100"":93.1081081081081,""popularity_score_100"":42.25643096852584,""score_100"":72.76743725227519,""popularity_basis"":""BeatHit master-list game rank plus track position proxy""}"
96,Feel That Rush,Unknown credited artist,[],Farming Simulator 22 Platinum Expansion (farming-simulator-22-platinum-expansion-windows-gamerip-2022),,,"[""video game soundtrack""]","[""und""]",,,,Farming Simulator 25,,,khinsider_track_prominence_proxy,42.25643096852584,score_0_100,,,,72.76743725227519,,,,https://downloads.khinsider.com/game-soundtracks/album/farming-simulator-22-platinum-expansion-windows-gamerip-2022,2026-10-05,Track title is taken from KHInsider's soundtrack/gamerip album index. Popularity is an explicitly labelled proxy based on BeatHit game rank and track prominence.,"{""culture_category"":""video_game_music"",""video_game"":""Farming Simulator 25"",""game_rank"":801,""game_association_kind"":""khinsider_game_soundtrack"",""khinsider_album_url"":""https://downloads.khinsider.com/game-soundtracks/album/farming-simulator-22-platinum-expansion-windows-gamerip-2022"",""khinsider_album_title"":""Farming Simulator 22 Platinum Expansion (farming-simulator-22-platinum-expansion-windows-gamerip-2022)"",""khinsider_album_kind"":""official_or_gamerip"",""khinsider_album_match_score"":91.89189189189189,""relevance_score_100"":93.1081081081081,""popularity_score_100"":42.25643096852584,""score_100"":72.76743725227519,""popularity_basis"":""BeatHit master-list game rank plus track position proxy""}"
97,Country - Hurricane,Unknown credited artist,[],Farming Simulator: Nintendo Switch Edition (farming-simulator-17-nintendo-switch-edition-2017-switch),,,"[""video game soundtrack""]","[""und""]",,,,Farming Simulator 25,,,khinsider_track_prominence_proxy,46.66643096852584,score_0_100,,,,72.7314372522752,,,,https://downloads.khinsider.com/game-soundtracks/album/farming-simulator-17-nintendo-switch-edition-2017-switch,2026-10-05,Track title is taken from KHInsider's soundtrack/gamerip album index. Popularity is an explicitly labelled proxy based on BeatHit game rank and track prominence.,"{""culture_category"":""video_game_music"",""video_game"":""Farming Simulator 25"",""game_rank"":801,""game_association_kind"":""khinsider_game_soundtrack"",""khinsider_album_url"":""https://downloads.khinsider.com/game-soundtracks/album/farming-simulator-17-nintendo-switch-edition-2017-switch"",""khinsider_album_title"":""Farming Simulator: Nintendo Switch Edition (farming-simulator-17-nintendo-switch-edition-2017-switch)"",""khinsider_album_kind"":""unclassified_game_album"",""khinsider_album_match_score"":91.89189189189189,""relevance_score_100"":90.1081081081081,""popularity_score_100"":46.66643096852584,""score_100"":72.7314372522752,""popularity_basis"":""BeatHit master-list game rank plus track position proxy""}"
98,Country - Rust Belt,Unknown credited artist,[],Farming Simulator 19 (farming-simulator-19-ost),,,"[""video game soundtrack""]","[""und""]",,,,Farming Simulator 25,,,khinsider_track_prominence_proxy,42.04643096852584,score_0_100,,,,72.6834372522752,,,,https://downloads.khinsider.com/game-soundtracks/album/farming-simulator-19-ost,2026-10-05,Track title is taken from KHInsider's soundtrack/gamerip album index. Popularity is an explicitly labelled proxy based on BeatHit game rank and track prominence.,"{""culture_category"":""video_game_music"",""video_game"":""Farming Simulator 25"",""game_rank"":801,""game_association_kind"":""khinsider_game_soundtrack"",""khinsider_album_url"":""https://downloads.khinsider.com/game-soundtracks/album/farming-simulator-19-ost"",""khinsider_album_title"":""Farming Simulator 19 (farming-simulator-19-ost)"",""khinsider_album_kind"":""official_or_gamerip"",""khinsider_album_match_score"":91.89189189189189,""relevance_score_100"":93.1081081081081,""popularity_score_100"":42.04643096852584,""score_100"":72.6834372522752,""popularity_basis"":""BeatHit master-list game rank plus track position proxy""}"
99,Feral,Unknown credited artist,[],Farming Simulator 22 Platinum Expansion (farming-simulator-22-platinum-expansion-windows-gamerip-2022),,,"[""video game soundtrack""]","[""und""]",,,,Farming Simulator 25,,,khinsider_track_prominence_proxy,42.04643096852584,score_0_100,,,,72.6834372522752,,,,https://downloads.khinsider.com/game-soundtracks/album/farming-simulator-22-platinum-expansion-windows-gamerip-2022,2026-10-05,Track title is taken from KHInsider's soundtrack/gamerip album index. Popularity is an explicitly labelled proxy based on BeatHit game rank and track prominence.,"{""culture_category"":""video_game_music"",""video_game"":""Farming Simulator 25"",""game_rank"":801,""game_association_kind"":""khinsider_game_soundtrack"",""khinsider_album_url"":""https://downloads.khinsider.com/game-soundtracks/album/farming-simulator-22-platinum-expansion-windows-gamerip-2022"",""khinsider_album_title"":""Farming Simulator 22 Platinum Expansion (farming-simulator-22-platinum-expansion-windows-gamerip-2022)"",""khinsider_album_kind"":""official_or_gamerip"",""khinsider_album_match_score"":91.89189189189189,""relevance_score_100"":93.1081081081081,""popularity_score_100"":42.04643096852584,""score_100"":72.6834372522752,""popularity_basis"":""BeatHit master-list game rank plus track position proxy""}"
100,Country - Love Walked Out the Door,Unknown credited artist,[],Farming Simulator: Nintendo Switch Edition (farming-simulator-17-nintendo-switch-edition-2017-switch),,,"[""video game soundtrack""]","[""und""]",,,,Farming Simulator 25,,,khinsider_track_prominence_proxy,46.45643096852584,score_0_100,,,,72.6474372522752,,,,https://downloads.khinsider.com/game-soundtracks/album/farming-simulator-17-nintendo-switch-edition-2017-switch,2026-10-05,Track title is taken from KHInsider's soundtrack/gamerip album index. Popularity is an explicitly labelled proxy based on BeatHit game rank and track prominence.,"{""culture_category"":""video_game_music"",""video_game"":""Farming Simulator 25"",""game_rank"":801,""game_association_kind"":""khinsider_game_soundtrack"",""khinsider_album_url"":""https://downloads.khinsider.com/game-soundtracks/album/farming-simulator-17-nintendo-switch-edition-2017-switch"",""khinsider_album_title"":""Farming Simulator: Nintendo Switch Edition (farming-simulator-17-nintendo-switch-edition-2017-switch)"",""khinsider_album_kind"":""unclassified_game_album"",""khinsider_album_match_score"":91.89189189189189,""relevance_score_100"":90.1081081081081,""popularity_score_100"":46.45643096852584,""score_100"":72.6474372522752,""popularity_basis"":""BeatHit master-list game rank plus track position proxy""}"
101,Country - Slide Rules,Unknown credited artist,[],Farming Simulator 19 (farming-simulator-19-ost),,,"[""video game soundtrack""]","[""und""]",,,,Farming Simulator 25,,,khinsider_track_prominence_proxy,41.83643096852584,score_0_100,,,,72.5994372522752,,,,https://downloads.khinsider.com/game-soundtracks/album/farming-simulator-19-ost,2026-10-05,Track title is taken from KHInsider's soundtrack/gamerip album index. Popularity is an explicitly labelled proxy based on BeatHit game rank and track prominence.,"{""culture_category"":""video_game_music"",""video_game"":""Farming Simulator 25"",""game_rank"":801,""game_association_kind"":""khinsider_game_soundtrack"",""khinsider_album_url"":""https://downloads.khinsider.com/game-soundtracks/album/farming-simulator-19-ost"",""khinsider_album_title"":""Farming Simulator 19 (farming-simulator-19-ost)"",""khinsider_album_kind"":""official_or_gamerip"",""khinsider_album_match_score"":91.89189189189189,""relevance_score_100"":93.1081081081081,""popularity_score_100"":41.83643096852584,""score_100"":72.5994372522752,""popularity_basis"":""BeatHit master-list game rank plus track position proxy""}"
102,Field Of Summer,Unknown credited artist,[],Farming Simulator 22 Platinum Expansion (farming-simulator-22-platinum-expansion-windows-gamerip-2022),,,"[""video game soundtrack""]","[""und""]",,,,Farming Simulator 25,,,khinsider_track_prominence_proxy,41.83643096852584,score_0_100,,,,72.5994372522752,,,,https://downloads.khinsider.com/game-soundtracks/album/farming-simulator-22-platinum-expansion-windows-gamerip-2022,2026-10-05,Track title is taken from KHInsider's soundtrack/gamerip album index. Popularity is an explicitly labelled proxy based on BeatHit game rank and track prominence.,"{""culture_category"":""video_game_music"",""video_game"":""Farming Simulator 25"",""game_rank"":801,""game_association_kind"":""khinsider_game_soundtrack"",""khinsider_album_url"":""https://downloads.khinsider.com/game-soundtracks/album/farming-simulator-22-platinum-expansion-windows-gamerip-2022"",""khinsider_album_title"":""Farming Simulator 22 Platinum Expansion (farming-simulator-22-platinum-expansion-windows-gamerip-2022)"",""khinsider_album_kind"":""official_or_gamerip"",""khinsider_album_match_score"":91.89189189189189,""relevance_score_100"":93.1081081081081,""popularity_score_100"":41.83643096852584,""score_100"":72.5994372522752,""popularity_basis"":""BeatHit master-list game rank plus track position proxy""}"
103,Country - Rolling Home,Unknown credited artist,[],Farming Simulator: Nintendo Switch Edition (farming-simulator-17-nintendo-switch-edition-2017-switch),,,"[""video game soundtrack""]","[""und""]",,,,Farming Simulator 25,,,khinsider_track_prominence_proxy,46.24643096852584,score_0_100,,,,72.5634372522752,,,,https://downloads.khinsider.com/game-soundtracks/album/farming-simulator-17-nintendo-switch-edition-2017-switch,2026-10-05,Track title is taken from KHInsider's soundtrack/gamerip album index. Popularity is an explicitly labelled proxy based on BeatHit game rank and track prominence.,"{""culture_category"":""video_game_music"",""video_game"":""Farming Simulator 25"",""game_rank"":801,""game_association_kind"":""khinsider_game_soundtrack"",""khinsider_album_url"":""https://downloads.khinsider.com/game-soundtracks/album/farming-simulator-17-nintendo-switch-edition-2017-switch"",""khinsider_album_title"":""Farming Simulator: Nintendo Switch Edition (farming-simulator-17-nintendo-switch-edition-2017-switch)"",""khinsider_album_kind"":""unclassified_game_album"",""khinsider_album_match_score"":91.89189189189189,""relevance_score_100"":90.1081081081081,""popularity_score_100"":46.24643096852584,""score_100"":72.5634372522752,""popularity_basis"":""BeatHit master-list game rank plus track position proxy""}"
104,Country - Take Me To Atlanta,Unknown credited artist,[],Farming Simulator 19 (farming-simulator-19-ost),,,"[""video game soundtrack""]","[""und""]",,,,Farming Simulator 25,,,khinsider_track_prominence_proxy,41.62643096852584,score_0_100,,,,72.51543725227519,,,,https://downloads.khinsider.com/game-soundtracks/album/farming-simulator-19-ost,2026-10-05,Track title is taken from KHInsider's soundtrack/gamerip album index. Popularity is an explicitly labelled proxy based on BeatHit game rank and track prominence.,"{""culture_category"":""video_game_music"",""video_game"":""Farming Simulator 25"",""game_rank"":801,""game_association_kind"":""khinsider_game_soundtrack"",""khinsider_album_url"":""https://downloads.khinsider.com/game-soundtracks/album/farming-simulator-19-ost"",""khinsider_album_title"":""Farming Simulator 19 (farming-simulator-19-ost)"",""khinsider_album_kind"":""official_or_gamerip"",""khinsider_album_match_score"":91.89189189189189,""relevance_score_100"":93.1081081081081,""popularity_score_100"":41.62643096852584,""score_100"":72.51543725227519,""popularity_basis"":""BeatHit master-list game rank plus track position proxy""}"
105,Fiesta Brava,Unknown credited artist,[],Farming Simulator 22 Platinum Expansion (farming-simulator-22-platinum-expansion-windows-gamerip-2022),,,"[""video game soundtrack""]","[""und""]",,,,Farming Simulator 25,,,khinsider_track_prominence_proxy,41.62643096852584,score_0_100,,,,72.51543725227519,,,,https://downloads.khinsider.com/game-soundtracks/album/farming-simulator-22-platinum-expansion-windows-gamerip-2022,2026-10-05,Track title is taken from KHInsider's soundtrack/gamerip album index. Popularity is an explicitly labelled proxy based on BeatHit game rank and track prominence.,"{""culture_category"":""video_game_music"",""video_game"":""Farming Simulator 25"",""game_rank"":801,""game_association_kind"":""khinsider_game_soundtrack"",""khinsider_album_url"":""https://downloads.khinsider.com/game-soundtracks/album/farming-simulator-22-platinum-expansion-windows-gamerip-2022"",""khinsider_album_title"":""Farming Simulator 22 Platinum Expansion (farming-simulator-22-platinum-expansion-windows-gamerip-2022)"",""khinsider_album_kind"":""official_or_gamerip"",""khinsider_album_match_score"":91.89189189189189,""relevance_score_100"":93.1081081081081,""popularity_score_100"":41.62643096852584,""score_100"":72.51543725227519,""popularity_basis"":""BeatHit master-list game rank plus track position proxy""}"
106,Country - Stomp Yer Feetz,Unknown credited artist,[],Farming Simulator: Nintendo Switch Edition (farming-simulator-17-nintendo-switch-edition-2017-switch),,,"[""video game soundtrack""]","[""und""]",,,,Farming Simulator 25,,,khinsider_track_prominence_proxy,46.036430968525835,score_0_100,,,,72.47943725227519,,,,https://downloads.khinsider.com/game-soundtracks/album/farming-simulator-17-nintendo-switch-edition-2017-switch,2026-10-05,Track title is taken from KHInsider's soundtrack/gamerip album index. Popularity is an explicitly labelled proxy based on BeatHit game rank and track prominence.,"{""culture_category"":""video_game_music"",""video_game"":""Farming Simulator 25"",""game_rank"":801,""game_association_kind"":""khinsider_game_soundtrack"",""khinsider_album_url"":""https://downloads.khinsider.com/game-soundtracks/album/farming-simulator-17-nintendo-switch-edition-2017-switch"",""khinsider_album_title"":""Farming Simulator: Nintendo Switch Edition (farming-simulator-17-nintendo-switch-edition-2017-switch)"",""khinsider_album_kind"":""unclassified_game_album"",""khinsider_album_match_score"":91.89189189189189,""relevance_score_100"":90.1081081081081,""popularity_score_100"":46.036430968525835,""score_100"":72.47943725227519,""popularity_basis"":""BeatHit master-list game rank plus track position proxy""}"
107,Country - Texan Stomp,Unknown credited artist,[],Farming Simulator 19 (farming-simulator-19-ost),,,"[""video game soundtrack""]","[""und""]",,,,Farming Simulator 25,,,khinsider_track_prominence_proxy,41.41643096852584,score_0_100,,,,72.43143725227519,,,,https://downloads.khinsider.com/game-soundtracks/album/farming-simulator-19-ost,2026-10-05,Track title is taken from KHInsider's soundtrack/gamerip album index. Popularity is an explicitly labelled proxy based on BeatHit game rank and track prominence.,"{""culture_category"":""video_game_music"",""video_game"":""Farming Simulator 25"",""game_rank"":801,""game_association_kind"":""khinsider_game_soundtrack"",""khinsider_album_url"":""https://downloads.khinsider.com/game-soundtracks/album/farming-simulator-19-ost"",""khinsider_album_title"":""Farming Simulator 19 (farming-simulator-19-ost)"",""khinsider_album_kind"":""official_or_gamerip"",""khinsider_album_match_score"":91.89189189189189,""relevance_score_100"":93.1081081081081,""popularity_score_100"":41.41643096852584,""score_100"":72.43143725227519,""popularity_basis"":""BeatHit master-list game rank plus track position proxy""}"
108,Forever Yours,Unknown credited artist,[],Farming Simulator 22 Platinum Expansion (farming-simulator-22-platinum-expansion-windows-gamerip-2022),,,"[""video game soundtrack""]","[""und""]",,,,Farming Simulator 25,,,khinsider_track_prominence_proxy,41.41643096852584,score_0_100,,,,72.43143725227519,,,,https://downloads.khinsider.com/game-soundtracks/album/farming-simulator-22-platinum-expansion-windows-gamerip-2022,2026-10-05,Track title is taken from KHInsider's soundtrack/gamerip album index. Popularity is an explicitly labelled proxy based on BeatHit game rank and track prominence.,"{""culture_category"":""video_game_music"",""video_game"":""Farming Simulator 25"",""game_rank"":801,""game_association_kind"":""khinsider_game_soundtrack"",""khinsider_album_url"":""https://downloads.khinsider.com/game-soundtracks/album/farming-simulator-22-platinum-expansion-windows-gamerip-2022"",""khinsider_album_title"":""Farming Simulator 22 Platinum Expansion (farming-simulator-22-platinum-expansion-windows-gamerip-2022)"",""khinsider_album_kind"":""official_or_gamerip"",""khinsider_album_match_score"":91.89189189189189,""relevance_score_100"":93.1081081081081,""popularity_score_100"":41.41643096852584,""score_100"":72.43143725227519,""popularity_basis"":""BeatHit master-list game rank plus track position proxy""}"
109,Country - Stranger And His Wife,Unknown credited artist,[],Farming Simulator: Nintendo Switch Edition (farming-simulator-17-nintendo-switch-edition-2017-switch),,,"[""video game soundtrack""]","[""und""]",,,,Farming Simulator 25,,,khinsider_track_prominence_proxy,45.82643096852584,score_0_100,,,,72.3954372522752,,,,https://downloads.khinsider.com/game-soundtracks/album/farming-simulator-17-nintendo-switch-edition-2017-switch,2026-10-05,Track title is taken from KHInsider's soundtrack/gamerip album index. Popularity is an explicitly labelled proxy based on BeatHit game rank and track prominence.,"{""culture_category"":""video_game_music"",""video_game"":""Farming Simulator 25"",""game_rank"":801,""game_association_kind"":""khinsider_game_soundtrack"",""khinsider_album_url"":""https://downloads.khinsider.com/game-soundtracks/album/farming-simulator-17-nintendo-switch-edition-2017-switch"",""khinsider_album_title"":""Farming Simulator: Nintendo Switch Edition (farming-simulator-17-nintendo-switch-edition-2017-switch)"",""khinsider_album_kind"":""unclassified_game_album"",""khinsider_album_match_score"":91.89189189189189,""relevance_score_100"":90.1081081081081,""popularity_score_100"":45.82643096852584,""score_100"":72.3954372522752,""popularity_basis"":""BeatHit master-list game rank plus track position proxy""}"
110,Country - Tribal Blues,Unknown credited artist,[],Farming Simulator 19 (farming-simulator-19-ost),,,"[""video game soundtrack""]","[""und""]",,,,Farming Simulator 25,,,khinsider_track_prominence_proxy,41.20643096852584,score_0_100,,,,72.3474372522752,,,,https://downloads.khinsider.com/game-soundtracks/album/farming-simulator-19-ost,2026-10-05,Track title is taken from KHInsider's soundtrack/gamerip album index. Popularity is an explicitly labelled proxy based on BeatHit game rank and track prominence.,"{""culture_category"":""video_game_music"",""video_game"":""Farming Simulator 25"",""game_rank"":801,""game_association_kind"":""khinsider_game_soundtrack"",""khinsider_album_url"":""https://downloads.khinsider.com/game-soundtracks/album/farming-simulator-19-ost"",""khinsider_album_title"":""Farming Simulator 19 (farming-simulator-19-ost)"",""khinsider_album_kind"":""official_or_gamerip"",""khinsider_album_match_score"":91.89189189189189,""relevance_score_100"":93.1081081081081,""popularity_score_100"":41.20643096852584,""score_100"":72.3474372522752,""popularity_basis"":""BeatHit master-list game rank plus track position proxy""}"
111,Glowing Moon,Unknown credited artist,[],Farming Simulator 22 Platinum Expansion (farming-simulator-22-platinum-expansion-windows-gamerip-2022),,,"[""video game soundtrack""]","[""und""]",,,,Farming Simulator 25,,,khinsider_track_prominence_proxy,41.20643096852584,score_0_100,,,,72.3474372522752,,,,https://downloads.khinsider.com/game-soundtracks/album/farming-simulator-22-platinum-expansion-windows-gamerip-2022,2026-10-05,Track title is taken from KHInsider's soundtrack/gamerip album index. Popularity is an explicitly labelled proxy based on BeatHit game rank and track prominence.,"{""culture_category"":""video_game_music"",""video_game"":""Farming Simulator 25"",""game_rank"":801,""game_association_kind"":""khinsider_game_soundtrack"",""khinsider_album_url"":""https://downloads.khinsider.com/game-soundtracks/album/farming-simulator-22-platinum-expansion-windows-gamerip-2022"",""khinsider_album_title"":""Farming Simulator 22 Platinum Expansion (farming-simulator-22-platinum-expansion-windows-gamerip-2022)"",""khinsider_album_kind"":""official_or_gamerip"",""khinsider_album_match_score"":91.89189189189189,""relevance_score_100"":93.1081081081081,""popularity_score_100"":41.20643096852584,""score_100"":72.3474372522752,""popularity_basis"":""BeatHit master-list game rank plus track position proxy""}"
112,Country - Work,Unknown credited artist,[],Farming Simulator: Nintendo Switch Edition (farming-simulator-17-nintendo-switch-edition-2017-switch),,,"[""video game soundtrack""]","[""und""]",,,,Farming Simulator 25,,,khinsider_track_prominence_proxy,45.61643096852583,score_0_100,,,,72.3114372522752,,,,https://downloads.khinsider.com/game-soundtracks/album/farming-simulator-17-nintendo-switch-edition-2017-switch,2026-10-05,Track title is taken from KHInsider's soundtrack/gamerip album index. Popularity is an explicitly labelled proxy based on BeatHit game rank and track prominence.,"{""culture_category"":""video_game_music"",""video_game"":""Farming Simulator 25"",""game_rank"":801,""game_association_kind"":""khinsider_game_soundtrack"",""khinsider_album_url"":""https://downloads.khinsider.com/game-soundtracks/album/farming-simulator-17-nintendo-switch-edition-2017-switch"",""khinsider_album_title"":""Farming Simulator: Nintendo Switch Edition (farming-simulator-17-nintendo-switch-edition-2017-switch)"",""khinsider_album_kind"":""unclassified_game_album"",""khinsider_album_match_score"":91.89189189189189,""relevance_score_100"":90.1081081081081,""popularity_score_100"":45.61643096852583,""score_100"":72.3114372522752,""popularity_basis"":""BeatHit master-list game rank plus track position proxy""}"
113,Country - We Are The Earth,Unknown credited artist,[],Farming Simulator 19 (farming-simulator-19-ost),,,"[""video game soundtrack""]","[""und""]",,,,Farming Simulator 25,,,khinsider_track_prominence_proxy,40.99643096852584,score_0_100,,,,72.2634372522752,,,,https://downloads.khinsider.com/game-soundtracks/album/farming-simulator-19-ost,2026-10-05,Track title is taken from KHInsider's soundtrack/gamerip album index. Popularity is an explicitly labelled proxy based on BeatHit game rank and track prominence.,"{""culture_category"":""video_game_music"",""video_game"":""Farming Simulator 25"",""game_rank"":801,""game_association_kind"":""khinsider_game_soundtrack"",""khinsider_album_url"":""https://downloads.khinsider.com/game-soundtracks/album/farming-simulator-19-ost"",""khinsider_album_title"":""Farming Simulator 19 (farming-simulator-19-ost)"",""khinsider_album_kind"":""official_or_gamerip"",""khinsider_album_match_score"":91.89189189189189,""relevance_score_100"":93.1081081081081,""popularity_score_100"":40.99643096852584,""score_100"":72.2634372522752,""popularity_basis"":""BeatHit master-list game rank plus track position proxy""}"
114,Glowlights,Unknown credited artist,[],Farming Simulator 22 Platinum Expansion (farming-simulator-22-platinum-expansion-windows-gamerip-2022),,,"[""video game soundtrack""]","[""und""]",,,,Farming Simulator 25,,,khinsider_track_prominence_proxy,40.99643096852584,score_0_100,,,,72.2634372522752,,,,https://downloads.khinsider.com/game-soundtracks/album/farming-simulator-22-platinum-expansion-windows-gamerip-2022,2026-10-05,Track title is taken from KHInsider's soundtrack/gamerip album index. Popularity is an explicitly labelled proxy based on BeatHit game rank and track prominence.,"{""culture_category"":""video_game_music"",""video_game"":""Farming Simulator 25"",""game_rank"":801,""game_association_kind"":""khinsider_game_soundtrack"",""khinsider_album_url"":""https://downloads.khinsider.com/game-soundtracks/album/farming-simulator-22-platinum-expansion-windows-gamerip-2022"",""khinsider_album_title"":""Farming Simulator 22 Platinum Expansion (farming-simulator-22-platinum-expansion-windows-gamerip-2022)"",""khinsider_album_kind"":""official_or_gamerip"",""khinsider_album_match_score"":91.89189189189189,""relevance_score_100"":93.1081081081081,""popularity_score_100"":40.99643096852584,""score_100"":72.2634372522752,""popularity_basis"":""BeatHit master-list game rank plus track position proxy""}"
115,Electro - Absolute Zero,Unknown credited artist,[],Farming Simulator: Nintendo Switch Edition (farming-simulator-17-nintendo-switch-edition-2017-switch),,,"[""video game soundtrack""]","[""und""]",,,,Farming Simulator 25,,,khinsider_track_prominence_proxy,45.40643096852584,score_0_100,,,,72.2274372522752,,,,https://downloads.khinsider.com/game-soundtracks/album/farming-simulator-17-nintendo-switch-edition-2017-switch,2026-10-05,Track title is taken from KHInsider's soundtrack/gamerip album index. Popularity is an explicitly labelled proxy based on BeatHit game rank and track prominence.,"{""culture_category"":""video_game_music"",""video_game"":""Farming Simulator 25"",""game_rank"":801,""game_association_kind"":""khinsider_game_soundtrack"",""khinsider_album_url"":""https://downloads.khinsider.com/game-soundtracks/album/farming-simulator-17-nintendo-switch-edition-2017-switch"",""khinsider_album_title"":""Farming Simulator: Nintendo Switch Edition (farming-simulator-17-nintendo-switch-edition-2017-switch)"",""khinsider_album_kind"":""unclassified_game_album"",""khinsider_album_match_score"":91.89189189189189,""relevance_score_100"":90.1081081081081,""popularity_score_100"":45.40643096852584,""score_100"":72.2274372522752,""popularity_basis"":""BeatHit master-list game rank plus track position proxy""}"
116,Electro - Above The Stars,Unknown credited artist,[],Farming Simulator 19 (farming-simulator-19-ost),,,"[""video game soundtrack""]","[""und""]",,,,Farming Simulator 25,,,khinsider_track_prominence_proxy,40.786430968525835,score_0_100,,,,72.17943725227519,,,,https://downloads.khinsider.com/game-soundtracks/album/farming-simulator-19-ost,2026-10-05,Track title is taken from KHInsider's soundtrack/gamerip album index. Popularity is an explicitly labelled proxy based on BeatHit game rank and track prominence.,"{""culture_category"":""video_game_music"",""video_game"":""Farming Simulator 25"",""game_rank"":801,""game_association_kind"":""khinsider_game_soundtrack"",""khinsider_album_url"":""https://downloads.khinsider.com/game-soundtracks/album/farming-simulator-19-ost"",""khinsider_album_title"":""Farming Simulator 19 (farming-simulator-19-ost)"",""khinsider_album_kind"":""official_or_gamerip"",""khinsider_album_match_score"":91.89189189189189,""relevance_score_100"":93.1081081081081,""popularity_score_100"":40.786430968525835,""score_100"":72.17943725227519,""popularity_basis"":""BeatHit master-list game rank plus track position proxy""}"
117,Go With The Flow,Unknown credited artist,[],Farming Simulator 22 Platinum Expansion (farming-simulator-22-platinum-expansion-windows-gamerip-2022),,,"[""video game soundtrack""]","[""und""]",,,,Farming Simulator 25,,,khinsider_track_prominence_proxy,40.786430968525835,score_0_100,,,,72.17943725227519,,,,https://downloads.khinsider.com/game-soundtracks/album/farming-simulator-22-platinum-expansion-windows-gamerip-2022,2026-10-05,Track title is taken from KHInsider's soundtrack/gamerip album index. Popularity is an explicitly labelled proxy based on BeatHit game rank and track prominence.,"{""culture_category"":""video_game_music"",""video_game"":""Farming Simulator 25"",""game_rank"":801,""game_association_kind"":""khinsider_game_soundtrack"",""khinsider_album_url"":""https://downloads.khinsider.com/game-soundtracks/album/farming-simulator-22-platinum-expansion-windows-gamerip-2022"",""khinsider_album_title"":""Farming Simulator 22 Platinum Expansion (farming-simulator-22-platinum-expansion-windows-gamerip-2022)"",""khinsider_album_kind"":""official_or_gamerip"",""khinsider_album_match_score"":91.89189189189189,""relevance_score_100"":93.1081081081081,""popularity_score_100"":40.786430968525835,""score_100"":72.17943725227519,""popularity_basis"":""BeatHit master-list game rank plus track position proxy""}"
118,Electro - Amnesia,Unknown credited artist,[],Farming Simulator: Nintendo Switch Edition (farming-simulator-17-nintendo-switch-edition-2017-switch),,,"[""video game soundtrack""]","[""und""]",,,,Farming Simulator 25,,,khinsider_track_prominence_proxy,45.196430968525846,score_0_100,,,,72.14343725227519,,,,https://downloads.khinsider.com/game-soundtracks/album/farming-simulator-17-nintendo-switch-edition-2017-switch,2026-10-05,Track title is taken from KHInsider's soundtrack/gamerip album index. Popularity is an explicitly labelled proxy based on BeatHit game rank and track prominence.,"{""culture_category"":""video_game_music"",""video_game"":""Farming Simulator 25"",""game_rank"":801,""game_association_kind"":""khinsider_game_soundtrack"",""khinsider_album_url"":""https://downloads.khinsider.com/game-soundtracks/album/farming-simulator-17-nintendo-switch-edition-2017-switch"",""khinsider_album_title"":""Farming Simulator: Nintendo Switch Edition (farming-simulator-17-nintendo-switch-edition-2017-switch)"",""khinsider_album_kind"":""unclassified_game_album"",""khinsider_album_match_score"":91.89189189189189,""relevance_score_100"":90.1081081081081,""popularity_score_100"":45.196430968525846,""score_100"":72.14343725227519,""popularity_basis"":""BeatHit master-list game rank plus track position proxy""}"
119,Electro - Anything Is Possible,Unknown credited artist,[],Farming Simulator 19 (farming-simulator-19-ost),,,"[""video game soundtrack""]","[""und""]",,,,Farming Simulator 25,,,khinsider_track_prominence_proxy,40.57643096852584,score_0_100,,,,72.09543725227519,,,,https://downloads.khinsider.com/game-soundtracks/album/farming-simulator-19-ost,2026-10-05,Track title is taken from KHInsider's soundtrack/gamerip album index. Popularity is an explicitly labelled proxy based on BeatHit game rank and track prominence.,"{""culture_category"":""video_game_music"",""video_game"":""Farming Simulator 25"",""game_rank"":801,""game_association_kind"":""khinsider_game_soundtrack"",""khinsider_album_url"":""https://downloads.khinsider.com/game-soundtracks/album/farming-simulator-19-ost"",""khinsider_album_title"":""Farming Simulator 19 (farming-simulator-19-ost)"",""khinsider_album_kind"":""official_or_gamerip"",""khinsider_album_match_score"":91.89189189189189,""relevance_score_100"":93.1081081081081,""popularity_score_100"":40.57643096852584,""score_100"":72.09543725227519,""popularity_basis"":""BeatHit master-list game rank plus track position proxy""}"
120,Headed South,Unknown credited artist,[],Farming Simulator 22 Platinum Expansion (farming-simulator-22-platinum-expansion-windows-gamerip-2022),,,"[""video game soundtrack""]","[""und""]",,,,Farming Simulator 25,,,khinsider_track_prominence_proxy,40.57643096852584,score_0_100,,,,72.09543725227519,,,,https://downloads.khinsider.com/game-soundtracks/album/farming-simulator-22-platinum-expansion-windows-gamerip-2022,2026-10-05,Track title is taken from KHInsider's soundtrack/gamerip album index. Popularity is an explicitly labelled proxy based on BeatHit game rank and track prominence.,"{""culture_category"":""video_game_music"",""video_game"":""Farming Simulator 25"",""game_rank"":801,""game_association_kind"":""khinsider_game_soundtrack"",""khinsider_album_url"":""https://downloads.khinsider.com/game-soundtracks/album/farming-simulator-22-platinum-expansion-windows-gamerip-2022"",""khinsider_album_title"":""Farming Simulator 22 Platinum Expansion (farming-simulator-22-platinum-expansion-windows-gamerip-2022)"",""khinsider_album_kind"":""official_or_gamerip"",""khinsider_album_match_score"":91.89189189189189,""relevance_score_100"":93.1081081081081,""popularity_score_100"":40.57643096852584,""score_100"":72.09543725227519,""popularity_basis"":""BeatHit master-list game rank plus track position proxy""}"
121,Electro - Atom Smasher,Unknown credited artist,[],Farming Simulator: Nintendo Switch Edition (farming-simulator-17-nintendo-switch-edition-2017-switch),,,"[""video game soundtrack""]","[""und""]",,,,Farming Simulator 25,,,khinsider_track_prominence_proxy,44.98643096852584,score_0_100,,,,72.05943725227519,,,,https://downloads.khinsider.com/game-soundtracks/album/farming-simulator-17-nintendo-switch-edition-2017-switch,2026-10-05,Track title is taken from KHInsider's soundtrack/gamerip album index. Popularity is an explicitly labelled proxy based on BeatHit game rank and track prominence.,"{""culture_category"":""video_game_music"",""video_game"":""Farming Simulator 25"",""game_rank"":801,""game_association_kind"":""khinsider_game_soundtrack"",""khinsider_album_url"":""https://downloads.khinsider.com/game-soundtracks/album/farming-simulator-17-nintendo-switch-edition-2017-switch"",""khinsider_album_title"":""Farming Simulator: Nintendo Switch Edition (farming-simulator-17-nintendo-switch-edition-2017-switch)"",""khinsider_album_kind"":""unclassified_game_album"",""khinsider_album_match_score"":91.89189189189189,""relevance_score_100"":90.1081081081081,""popularity_score_100"":44.98643096852584,""score_100"":72.05943725227519,""popularity_basis"":""BeatHit master-list game rank plus track position proxy""}"
122,Electro - Attention,Unknown credited artist,[],Farming Simulator 19 (farming-simulator-19-ost),,,"[""video game soundtrack""]","[""und""]",,,,Farming Simulator 25,,,khinsider_track_prominence_proxy,40.36643096852583,score_0_100,,,,72.01143725227519,,,,https://downloads.khinsider.com/game-soundtracks/album/farming-simulator-19-ost,2026-10-05,Track title is taken from KHInsider's soundtrack/gamerip album index. Popularity is an explicitly labelled proxy based on BeatHit game rank and track prominence.,"{""culture_category"":""video_game_music"",""video_game"":""Farming Simulator 25"",""game_rank"":801,""game_association_kind"":""khinsider_game_soundtrack"",""khinsider_album_url"":""https://downloads.khinsider.com/game-soundtracks/album/farming-simulator-19-ost"",""khinsider_album_title"":""Farming Simulator 19 (farming-simulator-19-ost)"",""khinsider_album_kind"":""official_or_gamerip"",""khinsider_album_match_score"":91.89189189189189,""relevance_score_100"":93.1081081081081,""popularity_score_100"":40.36643096852583,""score_100"":72.01143725227519,""popularity_basis"":""BeatHit master-list game rank plus track position proxy""}"
123,Heart Break,Unknown credited artist,[],Farming Simulator 22 Platinum Expansion (farming-simulator-22-platinum-expansion-windows-gamerip-2022),,,"[""video game soundtrack""]","[""und""]",,,,Farming Simulator 25,,,khinsider_track_prominence_proxy,40.36643096852583,score_0_100,,,,72.01143725227519,,,,https://downloads.khinsider.com/game-soundtracks/album/farming-simulator-22-platinum-expansion-windows-gamerip-2022,2026-10-05,Track title is taken from KHInsider's soundtrack/gamerip album index. Popularity is an explicitly labelled proxy based on BeatHit game rank and track prominence.,"{""culture_category"":""video_game_music"",""video_game"":""Farming Simulator 25"",""game_rank"":801,""game_association_kind"":""khinsider_game_soundtrack"",""khinsider_album_url"":""https://downloads.khinsider.com/game-soundtracks/album/farming-simulator-22-platinum-expansion-windows-gamerip-2022"",""khinsider_album_title"":""Farming Simulator 22 Platinum Expansion (farming-simulator-22-platinum-expansion-windows-gamerip-2022)"",""khinsider_album_kind"":""official_or_gamerip"",""khinsider_album_match_score"":91.89189189189189,""relevance_score_100"":93.1081081081081,""popularity_score_100"":40.36643096852583,""score_100"":72.01143725227519,""popularity_basis"":""BeatHit master-list game rank plus track position proxy""}"
124,Electro - Breathless,Unknown credited artist,[],Farming Simulator: Nintendo Switch Edition (farming-simulator-17-nintendo-switch-edition-2017-switch),,,"[""video game soundtrack""]","[""und""]",,,,Farming Simulator 25,,,khinsider_track_prominence_proxy,44.776430968525844,score_0_100,,,,71.9754372522752,,,,https://downloads.khinsider.com/game-soundtracks/album/farming-simulator-17-nintendo-switch-edition-2017-switch,2026-10-05,Track title is taken from KHInsider's soundtrack/gamerip album index. Popularity is an explicitly labelled proxy based on BeatHit game rank and track prominence.,"{""culture_category"":""video_game_music"",""video_game"":""Farming Simulator 25"",""game_rank"":801,""game_association_kind"":""khinsider_game_soundtrack"",""khinsider_album_url"":""https://downloads.khinsider.com/game-soundtracks/album/farming-simulator-17-nintendo-switch-edition-2017-switch"",""khinsider_album_title"":""Farming Simulator: Nintendo Switch Edition (farming-simulator-17-nintendo-switch-edition-2017-switch)"",""khinsider_album_kind"":""unclassified_game_album"",""khinsider_album_match_score"":91.89189189189189,""relevance_score_100"":90.1081081081081,""popularity_score_100"":44.776430968525844,""score_100"":71.9754372522752,""popularity_basis"":""BeatHit master-list game rank plus track position proxy""}"
125,Electro - Breezy,Unknown credited artist,[],Farming Simulator 19 (farming-simulator-19-ost),,,"[""video game soundtrack""]","[""und""]",,,,Farming Simulator 25,,,khinsider_track_prominence_proxy,40.15643096852584,score_0_100,,,,71.9274372522752,,,,https://downloads.khinsider.com/game-soundtracks/album/farming-simulator-19-ost,2026-10-05,Track title is taken from KHInsider's soundtrack/gamerip album index. Popularity is an explicitly labelled proxy based on BeatHit game rank and track prominence.,"{""culture_category"":""video_game_music"",""video_game"":""Farming Simulator 25"",""game_rank"":801,""game_association_kind"":""khinsider_game_soundtrack"",""khinsider_album_url"":""https://downloads.khinsider.com/game-soundtracks/album/farming-simulator-19-ost"",""khinsider_album_title"":""Farming Simulator 19 (farming-simulator-19-ost)"",""khinsider_album_kind"":""official_or_gamerip"",""khinsider_album_match_score"":91.89189189189189,""relevance_score_100"":93.1081081081081,""popularity_score_100"":40.15643096852584,""score_100"":71.9274372522752,""popularity_basis"":""BeatHit master-list game rank plus track position proxy""}"
126,Heat Of The Night,Unknown credited artist,[],Farming Simulator 22 Platinum Expansion (farming-simulator-22-platinum-expansion-windows-gamerip-2022),,,"[""video game soundtrack""]","[""und""]",,,,Farming Simulator 25,,,khinsider_track_prominence_proxy,40.15643096852584,score_0_100,,,,71.9274372522752,,,,https://downloads.khinsider.com/game-soundtracks/album/farming-simulator-22-platinum-expansion-windows-gamerip-2022,2026-10-05,Track title is taken from KHInsider's soundtrack/gamerip album index. Popularity is an explicitly labelled proxy based on BeatHit game rank and track prominence.,"{""culture_category"":""video_game_music"",""video_game"":""Farming Simulator 25"",""game_rank"":801,""game_association_kind"":""khinsider_game_soundtrack"",""khinsider_album_url"":""https://downloads.khinsider.com/game-soundtracks/album/farming-simulator-22-platinum-expansion-windows-gamerip-2022"",""khinsider_album_title"":""Farming Simulator 22 Platinum Expansion (farming-simulator-22-platinum-expansion-windows-gamerip-2022)"",""khinsider_album_kind"":""official_or_gamerip"",""khinsider_album_match_score"":91.89189189189189,""relevance_score_100"":93.1081081081081,""popularity_score_100"":40.15643096852584,""score_100"":71.9274372522752,""popularity_basis"":""BeatHit master-list game rank plus track position proxy""}"
127,Electro - Chilled Karma,Unknown credited artist,[],Farming Simulator: Nintendo Switch Edition (farming-simulator-17-nintendo-switch-edition-2017-switch),,,"[""video game soundtrack""]","[""und""]",,,,Farming Simulator 25,,,khinsider_track_prominence_proxy,44.566430968525836,score_0_100,,,,71.8914372522752,,,,https://downloads.khinsider.com/game-soundtracks/album/farming-simulator-17-nintendo-switch-edition-2017-switch,2026-10-05,Track title is taken from KHInsider's soundtrack/gamerip album index. Popularity is an explicitly labelled proxy based on BeatHit game rank and track prominence.,"{""culture_category"":""video_game_music"",""video_game"":""Farming Simulator 25"",""game_rank"":801,""game_association_kind"":""khinsider_game_soundtrack"",""khinsider_album_url"":""https://downloads.khinsider.com/game-soundtracks/album/farming-simulator-17-nintendo-switch-edition-2017-switch"",""khinsider_album_title"":""Farming Simulator: Nintendo Switch Edition (farming-simulator-17-nintendo-switch-edition-2017-switch)"",""khinsider_album_kind"":""unclassified_game_album"",""khinsider_album_match_score"":91.89189189189189,""relevance_score_100"":90.1081081081081,""popularity_score_100"":44.566430968525836,""score_100"":71.8914372522752,""popularity_basis"":""BeatHit master-list game rank plus track position proxy""}"
128,Electro - Dynamite,Unknown credited artist,[],Farming Simulator 19 (farming-simulator-19-ost),,,"[""video game soundtrack""]","[""und""]",,,,Farming Simulator 25,,,khinsider_track_prominence_proxy,39.946430968525846,score_0_100,,,,71.8434372522752,,,,https://downloads.khinsider.com/game-soundtracks/album/farming-simulator-19-ost,2026-10-05,Track title is taken from KHInsider's soundtrack/gamerip album index. Popularity is an explicitly labelled proxy based on BeatHit game rank and track prominence.,"{""culture_category"":""video_game_music"",""video_game"":""Farming Simulator 25"",""game_rank"":801,""game_association_kind"":""khinsider_game_soundtrack"",""khinsider_album_url"":""https://downloads.khinsider.com/game-soundtracks/album/farming-simulator-19-ost"",""khinsider_album_title"":""Farming Simulator 19 (farming-simulator-19-ost)"",""khinsider_album_kind"":""official_or_gamerip"",""khinsider_album_match_score"":91.89189189189189,""relevance_score_100"":93.1081081081081,""popularity_score_100"":39.946430968525846,""score_100"":71.8434372522752,""popularity_basis"":""BeatHit master-list game rank plus track position proxy""}"
129,Highway,Unknown credited artist,[],Farming Simulator 22 Platinum Expansion (farming-simulator-22-platinum-expansion-windows-gamerip-2022),,,"[""video game soundtrack""]","[""und""]",,,,Farming Simulator 25,,,khinsider_track_prominence_proxy,39.946430968525846,score_0_100,,,,71.8434372522752,,,,https://downloads.khinsider.com/game-soundtracks/album/farming-simulator-22-platinum-expansion-windows-gamerip-2022,2026-10-05,Track title is taken from KHInsider's soundtrack/gamerip album index. Popularity is an explicitly labelled proxy based on BeatHit game rank and track prominence.,"{""culture_category"":""video_game_music"",""video_game"":""Farming Simulator 25"",""game_rank"":801,""game_association_kind"":""khinsider_game_soundtrack"",""khinsider_album_url"":""https://downloads.khinsider.com/game-soundtracks/album/farming-simulator-22-platinum-expansion-windows-gamerip-2022"",""khinsider_album_title"":""Farming Simulator 22 Platinum Expansion (farming-simulator-22-platinum-expansion-windows-gamerip-2022)"",""khinsider_album_kind"":""official_or_gamerip"",""khinsider_album_match_score"":91.89189189189189,""relevance_score_100"":93.1081081081081,""popularity_score_100"":39.946430968525846,""score_100"":71.8434372522752,""popularity_basis"":""BeatHit master-list game rank plus track position proxy""}"
130,Electro - Closer,Unknown credited artist,[],Farming Simulator: Nintendo Switch Edition (farming-simulator-17-nintendo-switch-edition-2017-switch),,,"[""video game soundtrack""]","[""und""]",,,,Farming Simulator 25,,,khinsider_track_prominence_proxy,44.35643096852584,score_0_100,,,,71.8074372522752,,,,https://downloads.khinsider.com/game-soundtracks/album/farming-simulator-17-nintendo-switch-edition-2017-switch,2026-10-05,Track title is taken from KHInsider's soundtrack/gamerip album index. Popularity is an explicitly labelled proxy based on BeatHit game rank and track prominence.,"{""culture_category"":""video_game_music"",""video_game"":""Farming Simulator 25"",""game_rank"":801,""game_association_kind"":""khinsider_game_soundtrack"",""khinsider_album_url"":""https://downloads.khinsider.com/game-soundtracks/album/farming-simulator-17-nintendo-switch-edition-2017-switch"",""khinsider_album_title"":""Farming Simulator: Nintendo Switch Edition (farming-simulator-17-nintendo-switch-edition-2017-switch)"",""khinsider_album_kind"":""unclassified_game_album"",""khinsider_album_match_score"":91.89189189189189,""relevance_score_100"":90.1081081081081,""popularity_score_100"":44.35643096852584,""score_100"":71.8074372522752,""popularity_basis"":""BeatHit master-list game rank plus track position proxy""}"
131,Electro - Heart Beats Faster,Unknown credited artist,[],Farming Simulator 19 (farming-simulator-19-ost),,,"[""video game soundtrack""]","[""und""]",,,,Farming Simulator 25,,,khinsider_track_prominence_proxy,39.73643096852584,score_0_100,,,,71.75943725227519,,,,https://downloads.khinsider.com/game-soundtracks/album/farming-simulator-19-ost,2026-10-05,Track title is taken from KHInsider's soundtrack/gamerip album index. Popularity is an explicitly labelled proxy based on BeatHit game rank and track prominence.,"{""culture_category"":""video_game_music"",""video_game"":""Farming Simulator 25"",""game_rank"":801,""game_association_kind"":""khinsider_game_soundtrack"",""khinsider_album_url"":""https://downloads.khinsider.com/game-soundtracks/album/farming-simulator-19-ost"",""khinsider_album_title"":""Farming Simulator 19 (farming-simulator-19-ost)"",""khinsider_album_kind"":""official_or_gamerip"",""khinsider_album_match_score"":91.89189189189189,""relevance_score_100"":93.1081081081081,""popularity_score_100"":39.73643096852584,""score_100"":71.75943725227519,""popularity_basis"":""BeatHit master-list game rank plus track position proxy""}"
132,Hitchhiker,Unknown credited artist,[],Farming Simulator 22 Platinum Expansion (farming-simulator-22-platinum-expansion-windows-gamerip-2022),,,"[""video game soundtrack""]","[""und""]",,,,Farming Simulator 25,,,khinsider_track_prominence_proxy,39.73643096852584,score_0_100,,,,71.75943725227519,,,,https://downloads.khinsider.com/game-soundtracks/album/farming-simulator-22-platinum-expansion-windows-gamerip-2022,2026-10-05,Track title is taken from KHInsider's soundtrack/gamerip album index. Popularity is an explicitly labelled proxy based on BeatHit game rank and track prominence.,"{""culture_category"":""video_game_music"",""video_game"":""Farming Simulator 25"",""game_rank"":801,""game_association_kind"":""khinsider_game_soundtrack"",""khinsider_album_url"":""https://downloads.khinsider.com/game-soundtracks/album/farming-simulator-22-platinum-expansion-windows-gamerip-2022"",""khinsider_album_title"":""Farming Simulator 22 Platinum Expansion (farming-simulator-22-platinum-expansion-windows-gamerip-2022)"",""khinsider_album_kind"":""official_or_gamerip"",""khinsider_album_match_score"":91.89189189189189,""relevance_score_100"":93.1081081081081,""popularity_score_100"":39.73643096852584,""score_100"":71.75943725227519,""popularity_basis"":""BeatHit master-list game rank plus track position proxy""}"
133,Electro - Drop,Unknown credited artist,[],Farming Simulator: Nintendo Switch Edition (farming-simulator-17-nintendo-switch-edition-2017-switch),,,"[""video game soundtrack""]","[""und""]",,,,Farming Simulator 25,,,khinsider_track_prominence_proxy,44.14643096852584,score_0_100,,,,71.7234372522752,,,,https://downloads.khinsider.com/game-soundtracks/album/farming-simulator-17-nintendo-switch-edition-2017-switch,2026-10-05,Track title is taken from KHInsider's soundtrack/gamerip album index. Popularity is an explicitly labelled proxy based on BeatHit game rank and track prominence.,"{""culture_category"":""video_game_music"",""video_game"":""Farming Simulator 25"",""game_rank"":801,""game_association_kind"":""khinsider_game_soundtrack"",""khinsider_album_url"":""https://downloads.khinsider.com/game-soundtracks/album/farming-simulator-17-nintendo-switch-edition-2017-switch"",""khinsider_album_title"":""Farming Simulator: Nintendo Switch Edition (farming-simulator-17-nintendo-switch-edition-2017-switch)"",""khinsider_album_kind"":""unclassified_game_album"",""khinsider_album_match_score"":91.89189189189189,""relevance_score_100"":90.1081081081081,""popularity_score_100"":44.14643096852584,""score_100"":71.7234372522752,""popularity_basis"":""BeatHit master-list game rank plus track position proxy""}"
134,Electro - House Bounce 2,Unknown credited artist,[],Farming Simulator 19 (farming-simulator-19-ost),,,"[""video game soundtrack""]","[""und""]",,,,Farming Simulator 25,,,khinsider_track_prominence_proxy,39.526430968525844,score_0_100,,,,71.6754372522752,,,,https://downloads.khinsider.com/game-soundtracks/album/farming-simulator-19-ost,2026-10-05,Track title is taken from KHInsider's soundtrack/gamerip album index. Popularity is an explicitly labelled proxy based on BeatHit game rank and track prominence.,"{""culture_category"":""video_game_music"",""video_game"":""Farming Simulator 25"",""game_rank"":801,""game_association_kind"":""khinsider_game_soundtrack"",""khinsider_album_url"":""https://downloads.khinsider.com/game-soundtracks/album/farming-simulator-19-ost"",""khinsider_album_title"":""Farming Simulator 19 (farming-simulator-19-ost)"",""khinsider_album_kind"":""official_or_gamerip"",""khinsider_album_match_score"":91.89189189189189,""relevance_score_100"":93.1081081081081,""popularity_score_100"":39.526430968525844,""score_100"":71.6754372522752,""popularity_basis"":""BeatHit master-list game rank plus track position proxy""}"
135,I Feel Your Love Tonight,Unknown credited artist,[],Farming Simulator 22 Platinum Expansion (farming-simulator-22-platinum-expansion-windows-gamerip-2022),,,"[""video game soundtrack""]","[""und""]",,,,Farming Simulator 25,,,khinsider_track_prominence_proxy,39.526430968525844,score_0_100,,,,71.6754372522752,,,,https://downloads.khinsider.com/game-soundtracks/album/farming-simulator-22-platinum-expansion-windows-gamerip-2022,2026-10-05,Track title is taken from KHInsider's soundtrack/gamerip album index. Popularity is an explicitly labelled proxy based on BeatHit game rank and track prominence.,"{""culture_category"":""video_game_music"",""video_game"":""Farming Simulator 25"",""game_rank"":801,""game_association_kind"":""khinsider_game_soundtrack"",""khinsider_album_url"":""https://downloads.khinsider.com/game-soundtracks/album/farming-simulator-22-platinum-expansion-windows-gamerip-2022"",""khinsider_album_title"":""Farming Simulator 22 Platinum Expansion (farming-simulator-22-platinum-expansion-windows-gamerip-2022)"",""khinsider_album_kind"":""official_or_gamerip"",""khinsider_album_match_score"":91.89189189189189,""relevance_score_100"":93.1081081081081,""popularity_score_100"":39.526430968525844,""score_100"":71.6754372522752,""popularity_basis"":""BeatHit master-list game rank plus track position proxy""}"
136,Electro - Drown,Unknown credited artist,[],Farming Simulator: Nintendo Switch Edition (farming-simulator-17-nintendo-switch-edition-2017-switch),,,"[""video game soundtrack""]","[""und""]",,,,Farming Simulator 25,,,khinsider_track_prominence_proxy,43.93643096852584,score_0_100,,,,71.6394372522752,,,,https://downloads.khinsider.com/game-soundtracks/album/farming-simulator-17-nintendo-switch-edition-2017-switch,2026-10-05,Track title is taken from KHInsider's soundtrack/gamerip album index. Popularity is an explicitly labelled proxy based on BeatHit game rank and track prominence.,"{""culture_category"":""video_game_music"",""video_game"":""Farming Simulator 25"",""game_rank"":801,""game_association_kind"":""khinsider_game_soundtrack"",""khinsider_album_url"":""https://downloads.khinsider.com/game-soundtracks/album/farming-simulator-17-nintendo-switch-edition-2017-switch"",""khinsider_album_title"":""Farming Simulator: Nintendo Switch Edition (farming-simulator-17-nintendo-switch-edition-2017-switch)"",""khinsider_album_kind"":""unclassified_game_album"",""khinsider_album_match_score"":91.89189189189189,""relevance_score_100"":90.1081081081081,""popularity_score_100"":43.93643096852584,""score_100"":71.6394372522752,""popularity_basis"":""BeatHit master-list game rank plus track position proxy""}"
137,Electro - Hyper Life,Unknown credited artist,[],Farming Simulator 19 (farming-simulator-19-ost),,,"[""video game soundtrack""]","[""und""]",,,,Farming Simulator 25,,,khinsider_track_prominence_proxy,39.316430968525836,score_0_100,,,,71.5914372522752,,,,https://downloads.khinsider.com/game-soundtracks/album/farming-simulator-19-ost,2026-10-05,Track title is taken from KHInsider's soundtrack/gamerip album index. Popularity is an explicitly labelled proxy based on BeatHit game rank and track prominence.,"{""culture_category"":""video_game_music"",""video_game"":""Farming Simulator 25"",""game_rank"":801,""game_association_kind"":""khinsider_game_soundtrack"",""khinsider_album_url"":""https://downloads.khinsider.com/game-soundtracks/album/farming-simulator-19-ost"",""khinsider_album_title"":""Farming Simulator 19 (farming-simulator-19-ost)"",""khinsider_album_kind"":""official_or_gamerip"",""khinsider_album_match_score"":91.89189189189189,""relevance_score_100"":93.1081081081081,""popularity_score_100"":39.316430968525836,""score_100"":71.5914372522752,""popularity_basis"":""BeatHit master-list game rank plus track position proxy""}"
138,Im Never Giving Up,Unknown credited artist,[],Farming Simulator 22 Platinum Expansion (farming-simulator-22-platinum-expansion-windows-gamerip-2022),,,"[""video game soundtrack""]","[""und""]",,,,Farming Simulator 25,,,khinsider_track_prominence_proxy,39.316430968525836,score_0_100,,,,71.5914372522752,,,,https://downloads.khinsider.com/game-soundtracks/album/farming-simulator-22-platinum-expansion-windows-gamerip-2022,2026-10-05,Track title is taken from KHInsider's soundtrack/gamerip album index. Popularity is an explicitly labelled proxy based on BeatHit game rank and track prominence.,"{""culture_category"":""video_game_music"",""video_game"":""Farming Simulator 25"",""game_rank"":801,""game_association_kind"":""khinsider_game_soundtrack"",""khinsider_album_url"":""https://downloads.khinsider.com/game-soundtracks/album/farming-simulator-22-platinum-expansion-windows-gamerip-2022"",""khinsider_album_title"":""Farming Simulator 22 Platinum Expansion (farming-simulator-22-platinum-expansion-windows-gamerip-2022)"",""khinsider_album_kind"":""official_or_gamerip"",""khinsider_album_match_score"":91.89189189189189,""relevance_score_100"":93.1081081081081,""popularity_score_100"":39.316430968525836,""score_100"":71.5914372522752,""popularity_basis"":""BeatHit master-list game rank plus track position proxy""}"
139,Electro - First Sunset,Unknown credited artist,[],Farming Simulator: Nintendo Switch Edition (farming-simulator-17-nintendo-switch-edition-2017-switch),,,"[""video game soundtrack""]","[""und""]",,,,Farming Simulator 25,,,khinsider_track_prominence_proxy,43.72643096852584,score_0_100,,,,71.5554372522752,,,,https://downloads.khinsider.com/game-soundtracks/album/farming-simulator-17-nintendo-switch-edition-2017-switch,2026-10-05,Track title is taken from KHInsider's soundtrack/gamerip album index. Popularity is an explicitly labelled proxy based on BeatHit game rank and track prominence.,"{""culture_category"":""video_game_music"",""video_game"":""Farming Simulator 25"",""game_rank"":801,""game_association_kind"":""khinsider_game_soundtrack"",""khinsider_album_url"":""https://downloads.khinsider.com/game-soundtracks/album/farming-simulator-17-nintendo-switch-edition-2017-switch"",""khinsider_album_title"":""Farming Simulator: Nintendo Switch Edition (farming-simulator-17-nintendo-switch-edition-2017-switch)"",""khinsider_album_kind"":""unclassified_game_album"",""khinsider_album_match_score"":91.89189189189189,""relevance_score_100"":90.1081081081081,""popularity_score_100"":43.72643096852584,""score_100"":71.5554372522752,""popularity_basis"":""BeatHit master-list game rank plus track position proxy""}"
140,Electro - I Could Be Your Lover,Unknown credited artist,[],Farming Simulator 19 (farming-simulator-19-ost),,,"[""video game soundtrack""]","[""und""]",,,,Farming Simulator 25,,,khinsider_track_prominence_proxy,39.10643096852584,score_0_100,,,,71.5074372522752,,,,https://downloads.khinsider.com/game-soundtracks/album/farming-simulator-19-ost,2026-10-05,Track title is taken from KHInsider's soundtrack/gamerip album index. Popularity is an explicitly labelled proxy based on BeatHit game rank and track prominence.,"{""culture_category"":""video_game_music"",""video_game"":""Farming Simulator 25"",""game_rank"":801,""game_association_kind"":""khinsider_game_soundtrack"",""khinsider_album_url"":""https://downloads.khinsider.com/game-soundtracks/album/farming-simulator-19-ost"",""khinsider_album_title"":""Farming Simulator 19 (farming-simulator-19-ost)"",""khinsider_album_kind"":""official_or_gamerip"",""khinsider_album_match_score"":91.89189189189189,""relevance_score_100"":93.1081081081081,""popularity_score_100"":39.10643096852584,""score_100"":71.5074372522752,""popularity_basis"":""BeatHit master-list game rank plus track position proxy""}"
141,In Solitude,Unknown credited artist,[],Farming Simulator 22 Platinum Expansion (farming-simulator-22-platinum-expansion-windows-gamerip-2022),,,"[""video game soundtrack""]","[""und""]",,,,Farming Simulator 25,,,khinsider_track_prominence_proxy,39.10643096852584,score_0_100,,,,71.5074372522752,,,,https://downloads.khinsider.com/game-soundtracks/album/farming-simulator-22-platinum-expansion-windows-gamerip-2022,2026-10-05,Track title is taken from KHInsider's soundtrack/gamerip album index. Popularity is an explicitly labelled proxy based on BeatHit game rank and track prominence.,"{""culture_category"":""video_game_music"",""video_game"":""Farming Simulator 25"",""game_rank"":801,""game_association_kind"":""khinsider_game_soundtrack"",""khinsider_album_url"":""https://downloads.khinsider.com/game-soundtracks/album/farming-simulator-22-platinum-expansion-windows-gamerip-2022"",""khinsider_album_title"":""Farming Simulator 22 Platinum Expansion (farming-simulator-22-platinum-expansion-windows-gamerip-2022)"",""khinsider_album_kind"":""official_or_gamerip"",""khinsider_album_match_score"":91.89189189189189,""relevance_score_100"":93.1081081081081,""popularity_score_100"":39.10643096852584,""score_100"":71.5074372522752,""popularity_basis"":""BeatHit master-list game rank plus track position proxy""}"
142,Electro - Force Of Nature,Unknown credited artist,[],Farming Simulator: Nintendo Switch Edition (farming-simulator-17-nintendo-switch-edition-2017-switch),,,"[""video game soundtrack""]","[""und""]",,,,Farming Simulator 25,,,khinsider_track_prominence_proxy,43.51643096852584,score_0_100,,,,71.4714372522752,,,,https://downloads.khinsider.com/game-soundtracks/album/farming-simulator-17-nintendo-switch-edition-2017-switch,2026-10-05,Track title is taken from KHInsider's soundtrack/gamerip album index. Popularity is an explicitly labelled proxy based on BeatHit game rank and track prominence.,"{""culture_category"":""video_game_music"",""video_game"":""Farming Simulator 25"",""game_rank"":801,""game_association_kind"":""khinsider_game_soundtrack"",""khinsider_album_url"":""https://downloads.khinsider.com/game-soundtracks/album/farming-simulator-17-nintendo-switch-edition-2017-switch"",""khinsider_album_title"":""Farming Simulator: Nintendo Switch Edition (farming-simulator-17-nintendo-switch-edition-2017-switch)"",""khinsider_album_kind"":""unclassified_game_album"",""khinsider_album_match_score"":91.89189189189189,""relevance_score_100"":90.1081081081081,""popularity_score_100"":43.51643096852584,""score_100"":71.4714372522752,""popularity_basis"":""BeatHit master-list game rank plus track position proxy""}"
143,Electro - In Yer Face,Unknown credited artist,[],Farming Simulator 19 (farming-simulator-19-ost),,,"[""video game soundtrack""]","[""und""]",,,,Farming Simulator 25,,,khinsider_track_prominence_proxy,38.89643096852584,score_0_100,,,,71.42343725227519,,,,https://downloads.khinsider.com/game-soundtracks/album/farming-simulator-19-ost,2026-10-05,Track title is taken from KHInsider's soundtrack/gamerip album index. Popularity is an explicitly labelled proxy based on BeatHit game rank and track prominence.,"{""culture_category"":""video_game_music"",""video_game"":""Farming Simulator 25"",""game_rank"":801,""game_association_kind"":""khinsider_game_soundtrack"",""khinsider_album_url"":""https://downloads.khinsider.com/game-soundtracks/album/farming-simulator-19-ost"",""khinsider_album_title"":""Farming Simulator 19 (farming-simulator-19-ost)"",""khinsider_album_kind"":""official_or_gamerip"",""khinsider_album_match_score"":91.89189189189189,""relevance_score_100"":93.1081081081081,""popularity_score_100"":38.89643096852584,""score_100"":71.42343725227519,""popularity_basis"":""BeatHit master-list game rank plus track position proxy""}"
144,Its Game On,Unknown credited artist,[],Farming Simulator 22 Platinum Expansion (farming-simulator-22-platinum-expansion-windows-gamerip-2022),,,"[""video game soundtrack""]","[""und""]",,,,Farming Simulator 25,,,khinsider_track_prominence_proxy,38.89643096852584,score_0_100,,,,71.42343725227519,,,,https://downloads.khinsider.com/game-soundtracks/album/farming-simulator-22-platinum-expansion-windows-gamerip-2022,2026-10-05,Track title is taken from KHInsider's soundtrack/gamerip album index. Popularity is an explicitly labelled proxy based on BeatHit game rank and track prominence.,"{""culture_category"":""video_game_music"",""video_game"":""Farming Simulator 25"",""game_rank"":801,""game_association_kind"":""khinsider_game_soundtrack"",""khinsider_album_url"":""https://downloads.khinsider.com/game-soundtracks/album/farming-simulator-22-platinum-expansion-windows-gamerip-2022"",""khinsider_album_title"":""Farming Simulator 22 Platinum Expansion (farming-simulator-22-platinum-expansion-windows-gamerip-2022)"",""khinsider_album_kind"":""official_or_gamerip"",""khinsider_album_match_score"":91.89189189189189,""relevance_score_100"":93.1081081081081,""popularity_score_100"":38.89643096852584,""score_100"":71.42343725227519,""popularity_basis"":""BeatHit master-list game rank plus track position proxy""}"
145,Electro - Get Your Hands Up,Unknown credited artist,[],Farming Simulator: Nintendo Switch Edition (farming-simulator-17-nintendo-switch-edition-2017-switch),,,"[""video game soundtrack""]","[""und""]",,,,Farming Simulator 25,,,khinsider_track_prominence_proxy,43.306430968525845,score_0_100,,,,71.38743725227519,,,,https://downloads.khinsider.com/game-soundtracks/album/farming-simulator-17-nintendo-switch-edition-2017-switch,2026-10-05,Track title is taken from KHInsider's soundtrack/gamerip album index. Popularity is an explicitly labelled proxy based on BeatHit game rank and track prominence.,"{""culture_category"":""video_game_music"",""video_game"":""Farming Simulator 25"",""game_rank"":801,""game_association_kind"":""khinsider_game_soundtrack"",""khinsider_album_url"":""https://downloads.khinsider.com/game-soundtracks/album/farming-simulator-17-nintendo-switch-edition-2017-switch"",""khinsider_album_title"":""Farming Simulator: Nintendo Switch Edition (farming-simulator-17-nintendo-switch-edition-2017-switch)"",""khinsider_album_kind"":""unclassified_game_album"",""khinsider_album_match_score"":91.89189189189189,""relevance_score_100"":90.1081081081081,""popularity_score_100"":43.306430968525845,""score_100"":71.38743725227519,""popularity_basis"":""BeatHit master-list game rank plus track position proxy""}"
146,Electro - Its The Look,Unknown credited artist,[],Farming Simulator 19 (farming-simulator-19-ost),,,"[""video game soundtrack""]","[""und""]",,,,Farming Simulator 25,,,khinsider_track_prominence_proxy,38.68643096852584,score_0_100,,,,71.33943725227519,,,,https://downloads.khinsider.com/game-soundtracks/album/farming-simulator-19-ost,2026-10-05,Track title is taken from KHInsider's soundtrack/gamerip album index. Popularity is an explicitly labelled proxy based on BeatHit game rank and track prominence.,"{""culture_category"":""video_game_music"",""video_game"":""Farming Simulator 25"",""game_rank"":801,""game_association_kind"":""khinsider_game_soundtrack"",""khinsider_album_url"":""https://downloads.khinsider.com/game-soundtracks/album/farming-simulator-19-ost"",""khinsider_album_title"":""Farming Simulator 19 (farming-simulator-19-ost)"",""khinsider_album_kind"":""official_or_gamerip"",""khinsider_album_match_score"":91.89189189189189,""relevance_score_100"":93.1081081081081,""popularity_score_100"":38.68643096852584,""score_100"":71.33943725227519,""popularity_basis"":""BeatHit master-list game rank plus track position proxy""}"
147,Just Natures Way,Unknown credited artist,[],Farming Simulator 22 Platinum Expansion (farming-simulator-22-platinum-expansion-windows-gamerip-2022),,,"[""video game soundtrack""]","[""und""]",,,,Farming Simulator 25,,,khinsider_track_prominence_proxy,38.68643096852584,score_0_100,,,,71.33943725227519,,,,https://downloads.khinsider.com/game-soundtracks/album/farming-simulator-22-platinum-expansion-windows-gamerip-2022,2026-10-05,Track title is taken from KHInsider's soundtrack/gamerip album index. Popularity is an explicitly labelled proxy based on BeatHit game rank and track prominence.,"{""culture_category"":""video_game_music"",""video_game"":""Farming Simulator 25"",""game_rank"":801,""game_association_kind"":""khinsider_game_soundtrack"",""khinsider_album_url"":""https://downloads.khinsider.com/game-soundtracks/album/farming-simulator-22-platinum-expansion-windows-gamerip-2022"",""khinsider_album_title"":""Farming Simulator 22 Platinum Expansion (farming-simulator-22-platinum-expansion-windows-gamerip-2022)"",""khinsider_album_kind"":""official_or_gamerip"",""khinsider_album_match_score"":91.89189189189189,""relevance_score_100"":93.1081081081081,""popularity_score_100"":38.68643096852584,""score_100"":71.33943725227519,""popularity_basis"":""BeatHit master-list game rank plus track position proxy""}"
148,Electro - Got Me On A Roll,Unknown credited artist,[],Farming Simulator: Nintendo Switch Edition (farming-simulator-17-nintendo-switch-edition-2017-switch),,,"[""video game soundtrack""]","[""und""]",,,,Farming Simulator 25,,,khinsider_track_prominence_proxy,43.09643096852584,score_0_100,,,,71.30343725227519,,,,https://downloads.khinsider.com/game-soundtracks/album/farming-simulator-17-nintendo-switch-edition-2017-switch,2026-10-05,Track title is taken from KHInsider's soundtrack/gamerip album index. Popularity is an explicitly labelled proxy based on BeatHit game rank and track prominence.,"{""culture_category"":""video_game_music"",""video_game"":""Farming Simulator 25"",""game_rank"":801,""game_association_kind"":""khinsider_game_soundtrack"",""khinsider_album_url"":""https://downloads.khinsider.com/game-soundtracks/album/farming-simulator-17-nintendo-switch-edition-2017-switch"",""khinsider_album_title"":""Farming Simulator: Nintendo Switch Edition (farming-simulator-17-nintendo-switch-edition-2017-switch)"",""khinsider_album_kind"":""unclassified_game_album"",""khinsider_album_match_score"":91.89189189189189,""relevance_score_100"":90.1081081081081,""popularity_score_100"":43.09643096852584,""score_100"":71.30343725227519,""popularity_basis"":""BeatHit master-list game rank plus track position proxy""}"
149,Electro - Jasmine Light,Unknown credited artist,[],Farming Simulator 19 (farming-simulator-19-ost),,,"[""video game soundtrack""]","[""und""]",,,,Farming Simulator 25,,,khinsider_track_prominence_proxy,38.47643096852585,score_0_100,,,,71.2554372522752,,,,https://downloads.khinsider.com/game-soundtracks/album/farming-simulator-19-ost,2026-10-05,Track title is taken from KHInsider's soundtrack/gamerip album index. Popularity is an explicitly labelled proxy based on BeatHit game rank and track prominence.,"{""culture_category"":""video_game_music"",""video_game"":""Farming Simulator 25"",""game_rank"":801,""game_association_kind"":""khinsider_game_soundtrack"",""khinsider_album_url"":""https://downloads.khinsider.com/game-soundtracks/album/farming-simulator-19-ost"",""khinsider_album_title"":""Farming Simulator 19 (farming-simulator-19-ost)"",""khinsider_album_kind"":""official_or_gamerip"",""khinsider_album_match_score"":91.89189189189189,""relevance_score_100"":93.1081081081081,""popularity_score_100"":38.47643096852585,""score_100"":71.2554372522752,""popularity_basis"":""BeatHit master-list game rank plus track position proxy""}"
150,Keen As Mustard,Unknown credited artist,[],Farming Simulator 22 Platinum Expansion (farming-simulator-22-platinum-expansion-windows-gamerip-2022),,,"[""video game soundtrack""]","[""und""]",,,,Farming Simulator 25,,,khinsider_track_prominence_proxy,38.47643096852585,score_0_100,,,,71.2554372522752,,,,https://downloads.khinsider.com/game-soundtracks/album/farming-simulator-22-platinum-expansion-windows-gamerip-2022,2026-10-05,Track title is taken from KHInsider's soundtrack/gamerip album index. Popularity is an explicitly labelled proxy based on BeatHit game rank and track prominence.,"{""culture_category"":""video_game_music"",""video_game"":""Farming Simulator 25"",""game_rank"":801,""game_association_kind"":""khinsider_game_soundtrack"",""khinsider_album_url"":""https://downloads.khinsider.com/game-soundtracks/album/farming-simulator-22-platinum-expansion-windows-gamerip-2022"",""khinsider_album_title"":""Farming Simulator 22 Platinum Expansion (farming-simulator-22-platinum-expansion-windows-gamerip-2022)"",""khinsider_album_kind"":""official_or_gamerip"",""khinsider_album_match_score"":91.89189189189189,""relevance_score_100"":93.1081081081081,""popularity_score_100"":38.47643096852585,""score_100"":71.2554372522752,""popularity_basis"":""BeatHit master-list game rank plus track position proxy""}"
151,Electro - Headturner,Unknown credited artist,[],Farming Simulator: Nintendo Switch Edition (farming-simulator-17-nintendo-switch-edition-2017-switch),,,"[""video game soundtrack""]","[""und""]",,,,Farming Simulator 25,,,khinsider_track_prominence_proxy,42.88643096852584,score_0_100,,,,71.2194372522752,,,,https://downloads.khinsider.com/game-soundtracks/album/farming-simulator-17-nintendo-switch-edition-2017-switch,2026-10-05,Track title is taken from KHInsider's soundtrack/gamerip album index. Popularity is an explicitly labelled proxy based on BeatHit game rank and track prominence.,"{""culture_category"":""video_game_music"",""video_game"":""Farming Simulator 25"",""game_rank"":801,""game_association_kind"":""khinsider_game_soundtrack"",""khinsider_album_url"":""https://downloads.khinsider.com/game-soundtracks/album/farming-simulator-17-nintendo-switch-edition-2017-switch"",""khinsider_album_title"":""Farming Simulator: Nintendo Switch Edition (farming-simulator-17-nintendo-switch-edition-2017-switch)"",""khinsider_album_kind"":""unclassified_game_album"",""khinsider_album_match_score"":91.89189189189189,""relevance_score_100"":90.1081081081081,""popularity_score_100"":42.88643096852584,""score_100"":71.2194372522752,""popularity_basis"":""BeatHit master-list game rank plus track position proxy""}"
152,Electro - Marina Club,Unknown credited artist,[],Farming Simulator 19 (farming-simulator-19-ost),,,"[""video game soundtrack""]","[""und""]",,,,Farming Simulator 25,,,khinsider_track_prominence_proxy,38.26643096852584,score_0_100,,,,71.1714372522752,,,,https://downloads.khinsider.com/game-soundtracks/album/farming-simulator-19-ost,2026-10-05,Track title is taken from KHInsider's soundtrack/gamerip album index. Popularity is an explicitly labelled proxy based on BeatHit game rank and track prominence.,"{""culture_category"":""video_game_music"",""video_game"":""Farming Simulator 25"",""game_rank"":801,""game_association_kind"":""khinsider_game_soundtrack"",""khinsider_album_url"":""https://downloads.khinsider.com/game-soundtracks/album/farming-simulator-19-ost"",""khinsider_album_title"":""Farming Simulator 19 (farming-simulator-19-ost)"",""khinsider_album_kind"":""official_or_gamerip"",""khinsider_album_match_score"":91.89189189189189,""relevance_score_100"":93.1081081081081,""popularity_score_100"":38.26643096852584,""score_100"":71.1714372522752,""popularity_basis"":""BeatHit master-list game rank plus track position proxy""}"
153,Keep Him Close,Unknown credited artist,[],Farming Simulator 22 Platinum Expansion (farming-simulator-22-platinum-expansion-windows-gamerip-2022),,,"[""video game soundtrack""]","[""und""]",,,,Farming Simulator 25,,,khinsider_track_prominence_proxy,38.26643096852584,score_0_100,,,,71.1714372522752,,,,https://downloads.khinsider.com/game-soundtracks/album/farming-simulator-22-platinum-expansion-windows-gamerip-2022,2026-10-05,Track title is taken from KHInsider's soundtrack/gamerip album index. Popularity is an explicitly labelled proxy based on BeatHit game rank and track prominence.,"{""culture_category"":""video_game_music"",""video_game"":""Farming Simulator 25"",""game_rank"":801,""game_association_kind"":""khinsider_game_soundtrack"",""khinsider_album_url"":""https://downloads.khinsider.com/game-soundtracks/album/farming-simulator-22-platinum-expansion-windows-gamerip-2022"",""khinsider_album_title"":""Farming Simulator 22 Platinum Expansion (farming-simulator-22-platinum-expansion-windows-gamerip-2022)"",""khinsider_album_kind"":""official_or_gamerip"",""khinsider_album_match_score"":91.89189189189189,""relevance_score_100"":93.1081081081081,""popularity_score_100"":38.26643096852584,""score_100"":71.1714372522752,""popularity_basis"":""BeatHit master-list game rank plus track position proxy""}"
154,Electro - Humming Bird,Unknown credited artist,[],Farming Simulator: Nintendo Switch Edition (farming-simulator-17-nintendo-switch-edition-2017-switch),,,"[""video game soundtrack""]","[""und""]",,,,Farming Simulator 25,,,khinsider_track_prominence_proxy,42.676430968525835,score_0_100,,,,71.1354372522752,,,,https://downloads.khinsider.com/game-soundtracks/album/farming-simulator-17-nintendo-switch-edition-2017-switch,2026-10-05,Track title is taken from KHInsider's soundtrack/gamerip album index. Popularity is an explicitly labelled proxy based on BeatHit game rank and track prominence.,"{""culture_category"":""video_game_music"",""video_game"":""Farming Simulator 25"",""game_rank"":801,""game_association_kind"":""khinsider_game_soundtrack"",""khinsider_album_url"":""https://downloads.khinsider.com/game-soundtracks/album/farming-simulator-17-nintendo-switch-edition-2017-switch"",""khinsider_album_title"":""Farming Simulator: Nintendo Switch Edition (farming-simulator-17-nintendo-switch-edition-2017-switch)"",""khinsider_album_kind"":""unclassified_game_album"",""khinsider_album_match_score"":91.89189189189189,""relevance_score_100"":90.1081081081081,""popularity_score_100"":42.676430968525835,""score_100"":71.1354372522752,""popularity_basis"":""BeatHit master-list game rank plus track position proxy""}"
155,Electro - Mouse,Unknown credited artist,[],Farming Simulator 19 (farming-simulator-19-ost),,,"[""video game soundtrack""]","[""und""]",,,,Farming Simulator 25,,,khinsider_track_prominence_proxy,38.056430968525845,score_0_100,,,,71.0874372522752,,,,https://downloads.khinsider.com/game-soundtracks/album/farming-simulator-19-ost,2026-10-05,Track title is taken from KHInsider's soundtrack/gamerip album index. Popularity is an explicitly labelled proxy based on BeatHit game rank and track prominence.,"{""culture_category"":""video_game_music"",""video_game"":""Farming Simulator 25"",""game_rank"":801,""game_association_kind"":""khinsider_game_soundtrack"",""khinsider_album_url"":""https://downloads.khinsider.com/game-soundtracks/album/farming-simulator-19-ost"",""khinsider_album_title"":""Farming Simulator 19 (farming-simulator-19-ost)"",""khinsider_album_kind"":""official_or_gamerip"",""khinsider_album_match_score"":91.89189189189189,""relevance_score_100"":93.1081081081081,""popularity_score_100"":38.056430968525845,""score_100"":71.0874372522752,""popularity_basis"":""BeatHit master-list game rank plus track position proxy""}"
156,Keep Me Down,Unknown credited artist,[],Farming Simulator 22 Platinum Expansion (farming-simulator-22-platinum-expansion-windows-gamerip-2022),,,"[""video game soundtrack""]","[""und""]",,,,Farming Simulator 25,,,khinsider_track_prominence_proxy,38.056430968525845,score_0_100,,,,71.0874372522752,,,,https://downloads.khinsider.com/game-soundtracks/album/farming-simulator-22-platinum-expansion-windows-gamerip-2022,2026-10-05,Track title is taken from KHInsider's soundtrack/gamerip album index. Popularity is an explicitly labelled proxy based on BeatHit game rank and track prominence.,"{""culture_category"":""video_game_music"",""video_game"":""Farming Simulator 25"",""game_rank"":801,""game_association_kind"":""khinsider_game_soundtrack"",""khinsider_album_url"":""https://downloads.khinsider.com/game-soundtracks/album/farming-simulator-22-platinum-expansion-windows-gamerip-2022"",""khinsider_album_title"":""Farming Simulator 22 Platinum Expansion (farming-simulator-22-platinum-expansion-windows-gamerip-2022)"",""khinsider_album_kind"":""official_or_gamerip"",""khinsider_album_match_score"":91.89189189189189,""relevance_score_100"":93.1081081081081,""popularity_score_100"":38.056430968525845,""score_100"":71.0874372522752,""popularity_basis"":""BeatHit master-list game rank plus track position proxy""}"
157,Electro - I Like You,Unknown credited artist,[],Farming Simulator: Nintendo Switch Edition (farming-simulator-17-nintendo-switch-edition-2017-switch),,,"[""video game soundtrack""]","[""und""]",,,,Farming Simulator 25,,,khinsider_track_prominence_proxy,42.46643096852584,score_0_100,,,,71.05143725227519,,,,https://downloads.khinsider.com/game-soundtracks/album/farming-simulator-17-nintendo-switch-edition-2017-switch,2026-10-05,Track title is taken from KHInsider's soundtrack/gamerip album index. Popularity is an explicitly labelled proxy based on BeatHit game rank and track prominence.,"{""culture_category"":""video_game_music"",""video_game"":""Farming Simulator 25"",""game_rank"":801,""game_association_kind"":""khinsider_game_soundtrack"",""khinsider_album_url"":""https://downloads.khinsider.com/game-soundtracks/album/farming-simulator-17-nintendo-switch-edition-2017-switch"",""khinsider_album_title"":""Farming Simulator: Nintendo Switch Edition (farming-simulator-17-nintendo-switch-edition-2017-switch)"",""khinsider_album_kind"":""unclassified_game_album"",""khinsider_album_match_score"":91.89189189189189,""relevance_score_100"":90.1081081081081,""popularity_score_100"":42.46643096852584,""score_100"":71.05143725227519,""popularity_basis"":""BeatHit master-list game rank plus track position proxy""}"
158,Electro - Never Let You Go 3,Unknown credited artist,[],Farming Simulator 19 (farming-simulator-19-ost),,,"[""video game soundtrack""]","[""und""]",,,,Farming Simulator 25,,,khinsider_track_prominence_proxy,37.84643096852584,score_0_100,,,,71.00343725227519,,,,https://downloads.khinsider.com/game-soundtracks/album/farming-simulator-19-ost,2026-10-05,Track title is taken from KHInsider's soundtrack/gamerip album index. Popularity is an explicitly labelled proxy based on BeatHit game rank and track prominence.,"{""culture_category"":""video_game_music"",""video_game"":""Farming Simulator 25"",""game_rank"":801,""game_association_kind"":""khinsider_game_soundtrack"",""khinsider_album_url"":""https://downloads.khinsider.com/game-soundtracks/album/farming-simulator-19-ost"",""khinsider_album_title"":""Farming Simulator 19 (farming-simulator-19-ost)"",""khinsider_album_kind"":""official_or_gamerip"",""khinsider_album_match_score"":91.89189189189189,""relevance_score_100"":93.1081081081081,""popularity_score_100"":37.84643096852584,""score_100"":71.00343725227519,""popularity_basis"":""BeatHit master-list game rank plus track position proxy""}"
159,La Duda,Unknown credited artist,[],Farming Simulator 22 Platinum Expansion (farming-simulator-22-platinum-expansion-windows-gamerip-2022),,,"[""video game soundtrack""]","[""und""]",,,,Farming Simulator 25,,,khinsider_track_prominence_proxy,37.84643096852584,score_0_100,,,,71.00343725227519,,,,https://downloads.khinsider.com/game-soundtracks/album/farming-simulator-22-platinum-expansion-windows-gamerip-2022,2026-10-05,Track title is taken from KHInsider's soundtrack/gamerip album index. Popularity is an explicitly labelled proxy based on BeatHit game rank and track prominence.,"{""culture_category"":""video_game_music"",""video_game"":""Farming Simulator 25"",""game_rank"":801,""game_association_kind"":""khinsider_game_soundtrack"",""khinsider_album_url"":""https://downloads.khinsider.com/game-soundtracks/album/farming-simulator-22-platinum-expansion-windows-gamerip-2022"",""khinsider_album_title"":""Farming Simulator 22 Platinum Expansion (farming-simulator-22-platinum-expansion-windows-gamerip-2022)"",""khinsider_album_kind"":""official_or_gamerip"",""khinsider_album_match_score"":91.89189189189189,""relevance_score_100"":93.1081081081081,""popularity_score_100"":37.84643096852584,""score_100"":71.00343725227519,""popularity_basis"":""BeatHit master-list game rank plus track position proxy""}"
160,Electro - I Was A Dream,Unknown credited artist,[],Farming Simulator: Nintendo Switch Edition (farming-simulator-17-nintendo-switch-edition-2017-switch),,,"[""video game soundtrack""]","[""und""]",,,,Farming Simulator 25,,,khinsider_track_prominence_proxy,42.25643096852584,score_0_100,,,,70.9674372522752,,,,https://downloads.khinsider.com/game-soundtracks/album/farming-simulator-17-nintendo-switch-edition-2017-switch,2026-10-05,Track title is taken from KHInsider's soundtrack/gamerip album index. Popularity is an explicitly labelled proxy based on BeatHit game rank and track prominence.,"{""culture_category"":""video_game_music"",""video_game"":""Farming Simulator 25"",""game_rank"":801,""game_association_kind"":""khinsider_game_soundtrack"",""khinsider_album_url"":""https://downloads.khinsider.com/game-soundtracks/album/farming-simulator-17-nintendo-switch-edition-2017-switch"",""khinsider_album_title"":""Farming Simulator: Nintendo Switch Edition (farming-simulator-17-nintendo-switch-edition-2017-switch)"",""khinsider_album_kind"":""unclassified_game_album"",""khinsider_album_match_score"":91.89189189189189,""relevance_score_100"":90.1081081081081,""popularity_score_100"":42.25643096852584,""score_100"":70.9674372522752,""popularity_basis"":""BeatHit master-list game rank plus track position proxy""}"
161,Electro - Stadium Drive,Unknown credited artist,[],Farming Simulator 19 (farming-simulator-19-ost),,,"[""video game soundtrack""]","[""und""]",,,,Farming Simulator 25,,,khinsider_track_prominence_proxy,37.63643096852584,score_0_100,,,,70.9194372522752,,,,https://downloads.khinsider.com/game-soundtracks/album/farming-simulator-19-ost,2026-10-05,Track title is taken from KHInsider's soundtrack/gamerip album index. Popularity is an explicitly labelled proxy based on BeatHit game rank and track prominence.,"{""culture_category"":""video_game_music"",""video_game"":""Farming Simulator 25"",""game_rank"":801,""game_association_kind"":""khinsider_game_soundtrack"",""khinsider_album_url"":""https://downloads.khinsider.com/game-soundtracks/album/farming-simulator-19-ost"",""khinsider_album_title"":""Farming Simulator 19 (farming-simulator-19-ost)"",""khinsider_album_kind"":""official_or_gamerip"",""khinsider_album_match_score"":91.89189189189189,""relevance_score_100"":93.1081081081081,""popularity_score_100"":37.63643096852584,""score_100"":70.9194372522752,""popularity_basis"":""BeatHit master-list game rank plus track position proxy""}"
162,La Huella De Tus Besos,Unknown credited artist,[],Farming Simulator 22 Platinum Expansion (farming-simulator-22-platinum-expansion-windows-gamerip-2022),,,"[""video game soundtrack""]","[""und""]",,,,Farming Simulator 25,,,khinsider_track_prominence_proxy,37.63643096852584,score_0_100,,,,70.9194372522752,,,,https://downloads.khinsider.com/game-soundtracks/album/farming-simulator-22-platinum-expansion-windows-gamerip-2022,2026-10-05,Track title is taken from KHInsider's soundtrack/gamerip album index. Popularity is an explicitly labelled proxy based on BeatHit game rank and track prominence.,"{""culture_category"":""video_game_music"",""video_game"":""Farming Simulator 25"",""game_rank"":801,""game_association_kind"":""khinsider_game_soundtrack"",""khinsider_album_url"":""https://downloads.khinsider.com/game-soundtracks/album/farming-simulator-22-platinum-expansion-windows-gamerip-2022"",""khinsider_album_title"":""Farming Simulator 22 Platinum Expansion (farming-simulator-22-platinum-expansion-windows-gamerip-2022)"",""khinsider_album_kind"":""official_or_gamerip"",""khinsider_album_match_score"":91.89189189189189,""relevance_score_100"":93.1081081081081,""popularity_score_100"":37.63643096852584,""score_100"":70.9194372522752,""popularity_basis"":""BeatHit master-list game rank plus track position proxy""}"
163,Electro - I Will Be There For You,Unknown credited artist,[],Farming Simulator: Nintendo Switch Edition (farming-simulator-17-nintendo-switch-edition-2017-switch),,,"[""video game soundtrack""]","[""und""]",,,,Farming Simulator 25,,,khinsider_track_prominence_proxy,42.04643096852584,score_0_100,,,,70.8834372522752,,,,https://downloads.khinsider.com/game-soundtracks/album/farming-simulator-17-nintendo-switch-edition-2017-switch,2026-10-05,Track title is taken from KHInsider's soundtrack/gamerip album index. Popularity is an explicitly labelled proxy based on BeatHit game rank and track prominence.,"{""culture_category"":""video_game_music"",""video_game"":""Farming Simulator 25"",""game_rank"":801,""game_association_kind"":""khinsider_game_soundtrack"",""khinsider_album_url"":""https://downloads.khinsider.com/game-soundtracks/album/farming-simulator-17-nintendo-switch-edition-2017-switch"",""khinsider_album_title"":""Farming Simulator: Nintendo Switch Edition (farming-simulator-17-nintendo-switch-edition-2017-switch)"",""khinsider_album_kind"":""unclassified_game_album"",""khinsider_album_match_score"":91.89189189189189,""relevance_score_100"":90.1081081081081,""popularity_score_100"":42.04643096852584,""score_100"":70.8834372522752,""popularity_basis"":""BeatHit master-list game rank plus track position proxy""}"
164,Electro - This Could Be Love 2,Unknown credited artist,[],Farming Simulator 19 (farming-simulator-19-ost),,,"[""video game soundtrack""]","[""und""]",,,,Farming Simulator 25,,,khinsider_track_prominence_proxy,37.42643096852584,score_0_100,,,,70.8354372522752,,,,https://downloads.khinsider.com/game-soundtracks/album/farming-simulator-19-ost,2026-10-05,Track title is taken from KHInsider's soundtrack/gamerip album index. Popularity is an explicitly labelled proxy based on BeatHit game rank and track prominence.,"{""culture_category"":""video_game_music"",""video_game"":""Farming Simulator 25"",""game_rank"":801,""game_association_kind"":""khinsider_game_soundtrack"",""khinsider_album_url"":""https://downloads.khinsider.com/game-soundtracks/album/farming-simulator-19-ost"",""khinsider_album_title"":""Farming Simulator 19 (farming-simulator-19-ost)"",""khinsider_album_kind"":""official_or_gamerip"",""khinsider_album_match_score"":91.89189189189189,""relevance_score_100"":93.1081081081081,""popularity_score_100"":37.42643096852584,""score_100"":70.8354372522752,""popularity_basis"":""BeatHit master-list game rank plus track position proxy""}"
165,Last Night On Earth,Unknown credited artist,[],Farming Simulator 22 Platinum Expansion (farming-simulator-22-platinum-expansion-windows-gamerip-2022),,,"[""video game soundtrack""]","[""und""]",,,,Farming Simulator 25,,,khinsider_track_prominence_proxy,37.42643096852584,score_0_100,,,,70.8354372522752,,,,https://downloads.khinsider.com/game-soundtracks/album/farming-simulator-22-platinum-expansion-windows-gamerip-2022,2026-10-05,Track title is taken from KHInsider's soundtrack/gamerip album index. Popularity is an explicitly labelled proxy based on BeatHit game rank and track prominence.,"{""culture_category"":""video_game_music"",""video_game"":""Farming Simulator 25"",""game_rank"":801,""game_association_kind"":""khinsider_game_soundtrack"",""khinsider_album_url"":""https://downloads.khinsider.com/game-soundtracks/album/farming-simulator-22-platinum-expansion-windows-gamerip-2022"",""khinsider_album_title"":""Farming Simulator 22 Platinum Expansion (farming-simulator-22-platinum-expansion-windows-gamerip-2022)"",""khinsider_album_kind"":""official_or_gamerip"",""khinsider_album_match_score"":91.89189189189189,""relevance_score_100"":93.1081081081081,""popularity_score_100"":37.42643096852584,""score_100"":70.8354372522752,""popularity_basis"":""BeatHit master-list game rank plus track position proxy""}"
166,Electro - Inhale,Unknown credited artist,[],Farming Simulator: Nintendo Switch Edition (farming-simulator-17-nintendo-switch-edition-2017-switch),,,"[""video game soundtrack""]","[""und""]",,,,Farming Simulator 25,,,khinsider_track_prominence_proxy,41.83643096852584,score_0_100,,,,70.7994372522752,,,,https://downloads.khinsider.com/game-soundtracks/album/farming-simulator-17-nintendo-switch-edition-2017-switch,2026-10-05,Track title is taken from KHInsider's soundtrack/gamerip album index. Popularity is an explicitly labelled proxy based on BeatHit game rank and track prominence.,"{""culture_category"":""video_game_music"",""video_game"":""Farming Simulator 25"",""game_rank"":801,""game_association_kind"":""khinsider_game_soundtrack"",""khinsider_album_url"":""https://downloads.khinsider.com/game-soundtracks/album/farming-simulator-17-nintendo-switch-edition-2017-switch"",""khinsider_album_title"":""Farming Simulator: Nintendo Switch Edition (farming-simulator-17-nintendo-switch-edition-2017-switch)"",""khinsider_album_kind"":""unclassified_game_album"",""khinsider_album_match_score"":91.89189189189189,""relevance_score_100"":90.1081081081081,""popularity_score_100"":41.83643096852584,""score_100"":70.7994372522752,""popularity_basis"":""BeatHit master-list game rank plus track position proxy""}"
167,Electro - Trettondagen,Unknown credited artist,[],Farming Simulator 19 (farming-simulator-19-ost),,,"[""video game soundtrack""]","[""und""]",,,,Farming Simulator 25,,,khinsider_track_prominence_proxy,37.21643096852584,score_0_100,,,,70.7514372522752,,,,https://downloads.khinsider.com/game-soundtracks/album/farming-simulator-19-ost,2026-10-05,Track title is taken from KHInsider's soundtrack/gamerip album index. Popularity is an explicitly labelled proxy based on BeatHit game rank and track prominence.,"{""culture_category"":""video_game_music"",""video_game"":""Farming Simulator 25"",""game_rank"":801,""game_association_kind"":""khinsider_game_soundtrack"",""khinsider_album_url"":""https://downloads.khinsider.com/game-soundtracks/album/farming-simulator-19-ost"",""khinsider_album_title"":""Farming Simulator 19 (farming-simulator-19-ost)"",""khinsider_album_kind"":""official_or_gamerip"",""khinsider_album_match_score"":91.89189189189189,""relevance_score_100"":93.1081081081081,""popularity_score_100"":37.21643096852584,""score_100"":70.7514372522752,""popularity_basis"":""BeatHit master-list game rank plus track position proxy""}"
168,Latino Jam,Unknown credited artist,[],Farming Simulator 22 Platinum Expansion (farming-simulator-22-platinum-expansion-windows-gamerip-2022),,,"[""video game soundtrack""]","[""und""]",,,,Farming Simulator 25,,,khinsider_track_prominence_proxy,37.21643096852584,score_0_100,,,,70.7514372522752,,,,https://downloads.khinsider.com/game-soundtracks/album/farming-simulator-22-platinum-expansion-windows-gamerip-2022,2026-10-05,Track title is taken from KHInsider's soundtrack/gamerip album index. Popularity is an explicitly labelled proxy based on BeatHit game rank and track prominence.,"{""culture_category"":""video_game_music"",""video_game"":""Farming Simulator 25"",""game_rank"":801,""game_association_kind"":""khinsider_game_soundtrack"",""khinsider_album_url"":""https://downloads.khinsider.com/game-soundtracks/album/farming-simulator-22-platinum-expansion-windows-gamerip-2022"",""khinsider_album_title"":""Farming Simulator 22 Platinum Expansion (farming-simulator-22-platinum-expansion-windows-gamerip-2022)"",""khinsider_album_kind"":""official_or_gamerip"",""khinsider_album_match_score"":91.89189189189189,""relevance_score_100"":93.1081081081081,""popularity_score_100"":37.21643096852584,""score_100"":70.7514372522752,""popularity_basis"":""BeatHit master-list game rank plus track position proxy""}"
169,Electro - Inspire,Unknown credited artist,[],Farming Simulator: Nintendo Switch Edition (farming-simulator-17-nintendo-switch-edition-2017-switch),,,"[""video game soundtrack""]","[""und""]",,,,Farming Simulator 25,,,khinsider_track_prominence_proxy,41.62643096852584,score_0_100,,,,70.7154372522752,,,,https://downloads.khinsider.com/game-soundtracks/album/farming-simulator-17-nintendo-switch-edition-2017-switch,2026-10-05,Track title is taken from KHInsider's soundtrack/gamerip album index. Popularity is an explicitly labelled proxy based on BeatHit game rank and track prominence.,"{""culture_category"":""video_game_music"",""video_game"":""Farming Simulator 25"",""game_rank"":801,""game_association_kind"":""khinsider_game_soundtrack"",""khinsider_album_url"":""https://downloads.khinsider.com/game-soundtracks/album/farming-simulator-17-nintendo-switch-edition-2017-switch"",""khinsider_album_title"":""Farming Simulator: Nintendo Switch Edition (farming-simulator-17-nintendo-switch-edition-2017-switch)"",""khinsider_album_kind"":""unclassified_game_album"",""khinsider_album_match_score"":91.89189189189189,""relevance_score_100"":90.1081081081081,""popularity_score_100"":41.62643096852584,""score_100"":70.7154372522752,""popularity_basis"":""BeatHit master-list game rank plus track position proxy""}"
170,Electro - What We Dream Of,Unknown credited artist,[],Farming Simulator 19 (farming-simulator-19-ost),,,"[""video game soundtrack""]","[""und""]",,,,Farming Simulator 25,,,khinsider_track_prominence_proxy,37.00643096852584,score_0_100,,,,70.66743725227519,,,,https://downloads.khinsider.com/game-soundtracks/album/farming-simulator-19-ost,2026-10-05,Track title is taken from KHInsider's soundtrack/gamerip album index. Popularity is an explicitly labelled proxy based on BeatHit game rank and track prominence.,"{""culture_category"":""video_game_music"",""video_game"":""Farming Simulator 25"",""game_rank"":801,""game_association_kind"":""khinsider_game_soundtrack"",""khinsider_album_url"":""https://downloads.khinsider.com/game-soundtracks/album/farming-simulator-19-ost"",""khinsider_album_title"":""Farming Simulator 19 (farming-simulator-19-ost)"",""khinsider_album_kind"":""official_or_gamerip"",""khinsider_album_match_score"":91.89189189189189,""relevance_score_100"":93.1081081081081,""popularity_score_100"":37.00643096852584,""score_100"":70.66743725227519,""popularity_basis"":""BeatHit master-list game rank plus track position proxy""}"
171,Let It Glow,Unknown credited artist,[],Farming Simulator 22 Platinum Expansion (farming-simulator-22-platinum-expansion-windows-gamerip-2022),,,"[""video game soundtrack""]","[""und""]",,,,Farming Simulator 25,,,khinsider_track_prominence_proxy,37.00643096852584,score_0_100,,,,70.66743725227519,,,,https://downloads.khinsider.com/game-soundtracks/album/farming-simulator-22-platinum-expansion-windows-gamerip-2022,2026-10-05,Track title is taken from KHInsider's soundtrack/gamerip album index. Popularity is an explicitly labelled proxy based on BeatHit game rank and track prominence.,"{""culture_category"":""video_game_music"",""video_game"":""Farming Simulator 25"",""game_rank"":801,""game_association_kind"":""khinsider_game_soundtrack"",""khinsider_album_url"":""https://downloads.khinsider.com/game-soundtracks/album/farming-simulator-22-platinum-expansion-windows-gamerip-2022"",""khinsider_album_title"":""Farming Simulator 22 Platinum Expansion (farming-simulator-22-platinum-expansion-windows-gamerip-2022)"",""khinsider_album_kind"":""official_or_gamerip"",""khinsider_album_match_score"":91.89189189189189,""relevance_score_100"":93.1081081081081,""popularity_score_100"":37.00643096852584,""score_100"":70.66743725227519,""popularity_basis"":""BeatHit master-list game rank plus track position proxy""}"
172,Electro - Looking For Love,Unknown credited artist,[],Farming Simulator: Nintendo Switch Edition (farming-simulator-17-nintendo-switch-edition-2017-switch),,,"[""video game soundtrack""]","[""und""]",,,,Farming Simulator 25,,,khinsider_track_prominence_proxy,41.41643096852584,score_0_100,,,,70.63143725227519,,,,https://downloads.khinsider.com/game-soundtracks/album/farming-simulator-17-nintendo-switch-edition-2017-switch,2026-10-05,Track title is taken from KHInsider's soundtrack/gamerip album index. Popularity is an explicitly labelled proxy based on BeatHit game rank and track prominence.,"{""culture_category"":""video_game_music"",""video_game"":""Farming Simulator 25"",""game_rank"":801,""game_association_kind"":""khinsider_game_soundtrack"",""khinsider_album_url"":""https://downloads.khinsider.com/game-soundtracks/album/farming-simulator-17-nintendo-switch-edition-2017-switch"",""khinsider_album_title"":""Farming Simulator: Nintendo Switch Edition (farming-simulator-17-nintendo-switch-edition-2017-switch)"",""khinsider_album_kind"":""unclassified_game_album"",""khinsider_album_match_score"":91.89189189189189,""relevance_score_100"":90.1081081081081,""popularity_score_100"":41.41643096852584,""score_100"":70.63143725227519,""popularity_basis"":""BeatHit master-list game rank plus track position proxy""}"
173,Electro - You Know Its Time,Unknown credited artist,[],Farming Simulator 19 (farming-simulator-19-ost),,,"[""video game soundtrack""]","[""und""]",,,,Farming Simulator 25,,,khinsider_track_prominence_proxy,36.79643096852584,score_0_100,,,,70.58343725227519,,,,https://downloads.khinsider.com/game-soundtracks/album/farming-simulator-19-ost,2026-10-05,Track title is taken from KHInsider's soundtrack/gamerip album index. Popularity is an explicitly labelled proxy based on BeatHit game rank and track prominence.,"{""culture_category"":""video_game_music"",""video_game"":""Farming Simulator 25"",""game_rank"":801,""game_association_kind"":""khinsider_game_soundtrack"",""khinsider_album_url"":""https://downloads.khinsider.com/game-soundtracks/album/farming-simulator-19-ost"",""khinsider_album_title"":""Farming Simulator 19 (farming-simulator-19-ost)"",""khinsider_album_kind"":""official_or_gamerip"",""khinsider_album_match_score"":91.89189189189189,""relevance_score_100"":93.1081081081081,""popularity_score_100"":36.79643096852584,""score_100"":70.58343725227519,""popularity_basis"":""BeatHit master-list game rank plus track position proxy""}"
174,Let Me Breathe,Unknown credited artist,[],Farming Simulator 22 Platinum Expansion (farming-simulator-22-platinum-expansion-windows-gamerip-2022),,,"[""video game soundtrack""]","[""und""]",,,,Farming Simulator 25,,,khinsider_track_prominence_proxy,36.79643096852584,score_0_100,,,,70.58343725227519,,,,https://downloads.khinsider.com/game-soundtracks/album/farming-simulator-22-platinum-expansion-windows-gamerip-2022,2026-10-05,Track title is taken from KHInsider's soundtrack/gamerip album index. Popularity is an explicitly labelled proxy based on BeatHit game rank and track prominence.,"{""culture_category"":""video_game_music"",""video_game"":""Farming Simulator 25"",""game_rank"":801,""game_association_kind"":""khinsider_game_soundtrack"",""khinsider_album_url"":""https://downloads.khinsider.com/game-soundtracks/album/farming-simulator-22-platinum-expansion-windows-gamerip-2022"",""khinsider_album_title"":""Farming Simulator 22 Platinum Expansion (farming-simulator-22-platinum-expansion-windows-gamerip-2022)"",""khinsider_album_kind"":""official_or_gamerip"",""khinsider_album_match_score"":91.89189189189189,""relevance_score_100"":93.1081081081081,""popularity_score_100"":36.79643096852584,""score_100"":70.58343725227519,""popularity_basis"":""BeatHit master-list game rank plus track position proxy""}"
175,Electro - Mutate Or Die,Unknown credited artist,[],Farming Simulator: Nintendo Switch Edition (farming-simulator-17-nintendo-switch-edition-2017-switch),,,"[""video game soundtrack""]","[""und""]",,,,Farming Simulator 25,,,khinsider_track_prominence_proxy,41.20643096852584,score_0_100,,,,70.54743725227519,,,,https://downloads.khinsider.com/game-soundtracks/album/farming-simulator-17-nintendo-switch-edition-2017-switch,2026-10-05,Track title is taken from KHInsider's soundtrack/gamerip album index. Popularity is an explicitly labelled proxy based on BeatHit game rank and track prominence.,"{""culture_category"":""video_game_music"",""video_game"":""Farming Simulator 25"",""game_rank"":801,""game_association_kind"":""khinsider_game_soundtrack"",""khinsider_album_url"":""https://downloads.khinsider.com/game-soundtracks/album/farming-simulator-17-nintendo-switch-edition-2017-switch"",""khinsider_album_title"":""Farming Simulator: Nintendo Switch Edition (farming-simulator-17-nintendo-switch-edition-2017-switch)"",""khinsider_album_kind"":""unclassified_game_album"",""khinsider_album_match_score"":91.89189189189189,""relevance_score_100"":90.1081081081081,""popularity_score_100"":41.20643096852584,""score_100"":70.54743725227519,""popularity_basis"":""BeatHit master-list game rank plus track position proxy""}"
176,Pop - Feel The Same,Unknown credited artist,[],Farming Simulator 19 (farming-simulator-19-ost),,,"[""video game soundtrack""]","[""und""]",,,,Farming Simulator 25,,,khinsider_track_prominence_proxy,36.58643096852584,score_0_100,,,,70.49943725227519,,,,https://downloads.khinsider.com/game-soundtracks/album/farming-simulator-19-ost,2026-10-05,Track title is taken from KHInsider's soundtrack/gamerip album index. Popularity is an explicitly labelled proxy based on BeatHit game rank and track prominence.,"{""culture_category"":""video_game_music"",""video_game"":""Farming Simulator 25"",""game_rank"":801,""game_association_kind"":""khinsider_game_soundtrack"",""khinsider_album_url"":""https://downloads.khinsider.com/game-soundtracks/album/farming-simulator-19-ost"",""khinsider_album_title"":""Farming Simulator 19 (farming-simulator-19-ost)"",""khinsider_album_kind"":""official_or_gamerip"",""khinsider_album_match_score"":91.89189189189189,""relevance_score_100"":93.1081081081081,""popularity_score_100"":36.58643096852584,""score_100"":70.49943725227519,""popularity_basis"":""BeatHit master-list game rank plus track position proxy""}"
177,Light As A Feather,Unknown credited artist,[],Farming Simulator 22 Platinum Expansion (farming-simulator-22-platinum-expansion-windows-gamerip-2022),,,"[""video game soundtrack""]","[""und""]",,,,Farming Simulator 25,,,khinsider_track_prominence_proxy,36.58643096852584,score_0_100,,,,70.49943725227519,,,,https://downloads.khinsider.com/game-soundtracks/album/farming-simulator-22-platinum-expansion-windows-gamerip-2022,2026-10-05,Track title is taken from KHInsider's soundtrack/gamerip album index. Popularity is an explicitly labelled proxy based on BeatHit game rank and track prominence.,"{""culture_category"":""video_game_music"",""video_game"":""Farming Simulator 25"",""game_rank"":801,""game_association_kind"":""khinsider_game_soundtrack"",""khinsider_album_url"":""https://downloads.khinsider.com/game-soundtracks/album/farming-simulator-22-platinum-expansion-windows-gamerip-2022"",""khinsider_album_title"":""Farming Simulator 22 Platinum Expansion (farming-simulator-22-platinum-expansion-windows-gamerip-2022)"",""khinsider_album_kind"":""official_or_gamerip"",""khinsider_album_match_score"":91.89189189189189,""relevance_score_100"":93.1081081081081,""popularity_score_100"":36.58643096852584,""score_100"":70.49943725227519,""popularity_basis"":""BeatHit master-list game rank plus track position proxy""}"
178,Electro - Party Forever,Unknown credited artist,[],Farming Simulator: Nintendo Switch Edition (farming-simulator-17-nintendo-switch-edition-2017-switch),,,"[""video game soundtrack""]","[""und""]",,,,Farming Simulator 25,,,khinsider_track_prominence_proxy,40.99643096852584,score_0_100,,,,70.4634372522752,,,,https://downloads.khinsider.com/game-soundtracks/album/farming-simulator-17-nintendo-switch-edition-2017-switch,2026-10-05,Track title is taken from KHInsider's soundtrack/gamerip album index. Popularity is an explicitly labelled proxy based on BeatHit game rank and track prominence.,"{""culture_category"":""video_game_music"",""video_game"":""Farming Simulator 25"",""game_rank"":801,""game_association_kind"":""khinsider_game_soundtrack"",""khinsider_album_url"":""https://downloads.khinsider.com/game-soundtracks/album/farming-simulator-17-nintendo-switch-edition-2017-switch"",""khinsider_album_title"":""Farming Simulator: Nintendo Switch Edition (farming-simulator-17-nintendo-switch-edition-2017-switch)"",""khinsider_album_kind"":""unclassified_game_album"",""khinsider_album_match_score"":91.89189189189189,""relevance_score_100"":90.1081081081081,""popularity_score_100"":40.99643096852584,""score_100"":70.4634372522752,""popularity_basis"":""BeatHit master-list game rank plus track position proxy""}"
179,Pop - Find Our Eden,Unknown credited artist,[],Farming Simulator 19 (farming-simulator-19-ost),,,"[""video game soundtrack""]","[""und""]",,,,Farming Simulator 25,,,khinsider_track_prominence_proxy,36.37643096852584,score_0_100,,,,70.4154372522752,,,,https://downloads.khinsider.com/game-soundtracks/album/farming-simulator-19-ost,2026-10-05,Track title is taken from KHInsider's soundtrack/gamerip album index. Popularity is an explicitly labelled proxy based on BeatHit game rank and track prominence.,"{""culture_category"":""video_game_music"",""video_game"":""Farming Simulator 25"",""game_rank"":801,""game_association_kind"":""khinsider_game_soundtrack"",""khinsider_album_url"":""https://downloads.khinsider.com/game-soundtracks/album/farming-simulator-19-ost"",""khinsider_album_title"":""Farming Simulator 19 (farming-simulator-19-ost)"",""khinsider_album_kind"":""official_or_gamerip"",""khinsider_album_match_score"":91.89189189189189,""relevance_score_100"":93.1081081081081,""popularity_score_100"":36.37643096852584,""score_100"":70.4154372522752,""popularity_basis"":""BeatHit master-list game rank plus track position proxy""}"
180,Long Drive Home,Unknown credited artist,[],Farming Simulator 22 Platinum Expansion (farming-simulator-22-platinum-expansion-windows-gamerip-2022),,,"[""video game soundtrack""]","[""und""]",,,,Farming Simulator 25,,,khinsider_track_prominence_proxy,36.37643096852584,score_0_100,,,,70.4154372522752,,,,https://downloads.khinsider.com/game-soundtracks/album/farming-simulator-22-platinum-expansion-windows-gamerip-2022,2026-10-05,Track title is taken from KHInsider's soundtrack/gamerip album index. Popularity is an explicitly labelled proxy based on BeatHit game rank and track prominence.,"{""culture_category"":""video_game_music"",""video_game"":""Farming Simulator 25"",""game_rank"":801,""game_association_kind"":""khinsider_game_soundtrack"",""khinsider_album_url"":""https://downloads.khinsider.com/game-soundtracks/album/farming-simulator-22-platinum-expansion-windows-gamerip-2022"",""khinsider_album_title"":""Farming Simulator 22 Platinum Expansion (farming-simulator-22-platinum-expansion-windows-gamerip-2022)"",""khinsider_album_kind"":""official_or_gamerip"",""khinsider_album_match_score"":91.89189189189189,""relevance_score_100"":93.1081081081081,""popularity_score_100"":36.37643096852584,""score_100"":70.4154372522752,""popularity_basis"":""BeatHit master-list game rank plus track position proxy""}"
181,Electro - Phantom Groove,Unknown credited artist,[],Farming Simulator: Nintendo Switch Edition (farming-simulator-17-nintendo-switch-edition-2017-switch),,,"[""video game soundtrack""]","[""und""]",,,,Farming Simulator 25,,,khinsider_track_prominence_proxy,40.786430968525835,score_0_100,,,,70.3794372522752,,,,https://downloads.khinsider.com/game-soundtracks/album/farming-simulator-17-nintendo-switch-edition-2017-switch,2026-10-05,Track title is taken from KHInsider's soundtrack/gamerip album index. Popularity is an explicitly labelled proxy based on BeatHit game rank and track prominence.,"{""culture_category"":""video_game_music"",""video_game"":""Farming Simulator 25"",""game_rank"":801,""game_association_kind"":""khinsider_game_soundtrack"",""khinsider_album_url"":""https://downloads.khinsider.com/game-soundtracks/album/farming-simulator-17-nintendo-switch-edition-2017-switch"",""khinsider_album_title"":""Farming Simulator: Nintendo Switch Edition (farming-simulator-17-nintendo-switch-edition-2017-switch)"",""khinsider_album_kind"":""unclassified_game_album"",""khinsider_album_match_score"":91.89189189189189,""relevance_score_100"":90.1081081081081,""popularity_score_100"":40.786430968525835,""score_100"":70.3794372522752,""popularity_basis"":""BeatHit master-list game rank plus track position proxy""}"
182,Pop - Friday Club,Unknown credited artist,[],Farming Simulator 19 (farming-simulator-19-ost),,,"[""video game soundtrack""]","[""und""]",,,,Farming Simulator 25,,,khinsider_track_prominence_proxy,36.166430968525844,score_0_100,,,,70.3314372522752,,,,https://downloads.khinsider.com/game-soundtracks/album/farming-simulator-19-ost,2026-10-05,Track title is taken from KHInsider's soundtrack/gamerip album index. Popularity is an explicitly labelled proxy based on BeatHit game rank and track prominence.,"{""culture_category"":""video_game_music"",""video_game"":""Farming Simulator 25"",""game_rank"":801,""game_association_kind"":""khinsider_game_soundtrack"",""khinsider_album_url"":""https://downloads.khinsider.com/game-soundtracks/album/farming-simulator-19-ost"",""khinsider_album_title"":""Farming Simulator 19 (farming-simulator-19-ost)"",""khinsider_album_kind"":""official_or_gamerip"",""khinsider_album_match_score"":91.89189189189189,""relevance_score_100"":93.1081081081081,""popularity_score_100"":36.166430968525844,""score_100"":70.3314372522752,""popularity_basis"":""BeatHit master-list game rank plus track position proxy""}"
183,Long Life,Unknown credited artist,[],Farming Simulator 22 Platinum Expansion (farming-simulator-22-platinum-expansion-windows-gamerip-2022),,,"[""video game soundtrack""]","[""und""]",,,,Farming Simulator 25,,,khinsider_track_prominence_proxy,36.166430968525844,score_0_100,,,,70.3314372522752,,,,https://downloads.khinsider.com/game-soundtracks/album/farming-simulator-22-platinum-expansion-windows-gamerip-2022,2026-10-05,Track title is taken from KHInsider's soundtrack/gamerip album index. Popularity is an explicitly labelled proxy based on BeatHit game rank and track prominence.,"{""culture_category"":""video_game_music"",""video_game"":""Farming Simulator 25"",""game_rank"":801,""game_association_kind"":""khinsider_game_soundtrack"",""khinsider_album_url"":""https://downloads.khinsider.com/game-soundtracks/album/farming-simulator-22-platinum-expansion-windows-gamerip-2022"",""khinsider_album_title"":""Farming Simulator 22 Platinum Expansion (farming-simulator-22-platinum-expansion-windows-gamerip-2022)"",""khinsider_album_kind"":""official_or_gamerip"",""khinsider_album_match_score"":91.89189189189189,""relevance_score_100"":93.1081081081081,""popularity_score_100"":36.166430968525844,""score_100"":70.3314372522752,""popularity_basis"":""BeatHit master-list game rank plus track position proxy""}"
184,Electro - Radiance,Unknown credited artist,[],Farming Simulator: Nintendo Switch Edition (farming-simulator-17-nintendo-switch-edition-2017-switch),,,"[""video game soundtrack""]","[""und""]",,,,Farming Simulator 25,,,khinsider_track_prominence_proxy,40.57643096852584,score_0_100,,,,70.29543725227519,,,,https://downloads.khinsider.com/game-soundtracks/album/farming-simulator-17-nintendo-switch-edition-2017-switch,2026-10-05,Track title is taken from KHInsider's soundtrack/gamerip album index. Popularity is an explicitly labelled proxy based on BeatHit game rank and track prominence.,"{""culture_category"":""video_game_music"",""video_game"":""Farming Simulator 25"",""game_rank"":801,""game_association_kind"":""khinsider_game_soundtrack"",""khinsider_album_url"":""https://downloads.khinsider.com/game-soundtracks/album/farming-simulator-17-nintendo-switch-edition-2017-switch"",""khinsider_album_title"":""Farming Simulator: Nintendo Switch Edition (farming-simulator-17-nintendo-switch-edition-2017-switch)"",""khinsider_album_kind"":""unclassified_game_album"",""khinsider_album_match_score"":91.89189189189189,""relevance_score_100"":90.1081081081081,""popularity_score_100"":40.57643096852584,""score_100"":70.29543725227519,""popularity_basis"":""BeatHit master-list game rank plus track position proxy""}"
185,Pop - Gonna Drive All Night,Unknown credited artist,[],Farming Simulator 19 (farming-simulator-19-ost),,,"[""video game soundtrack""]","[""und""]",,,,Farming Simulator 25,,,khinsider_track_prominence_proxy,35.95643096852584,score_0_100,,,,70.24743725227519,,,,https://downloads.khinsider.com/game-soundtracks/album/farming-simulator-19-ost,2026-10-05,Track title is taken from KHInsider's soundtrack/gamerip album index. Popularity is an explicitly labelled proxy based on BeatHit game rank and track prominence.,"{""culture_category"":""video_game_music"",""video_game"":""Farming Simulator 25"",""game_rank"":801,""game_association_kind"":""khinsider_game_soundtrack"",""khinsider_album_url"":""https://downloads.khinsider.com/game-soundtracks/album/farming-simulator-19-ost"",""khinsider_album_title"":""Farming Simulator 19 (farming-simulator-19-ost)"",""khinsider_album_kind"":""official_or_gamerip"",""khinsider_album_match_score"":91.89189189189189,""relevance_score_100"":93.1081081081081,""popularity_score_100"":35.95643096852584,""score_100"":70.24743725227519,""popularity_basis"":""BeatHit master-list game rank plus track position proxy""}"
186,Long Winding Road,Unknown credited artist,[],Farming Simulator 22 Platinum Expansion (farming-simulator-22-platinum-expansion-windows-gamerip-2022),,,"[""video game soundtrack""]","[""und""]",,,,Farming Simulator 25,,,khinsider_track_prominence_proxy,35.95643096852584,score_0_100,,,,70.24743725227519,,,,https://downloads.khinsider.com/game-soundtracks/album/farming-simulator-22-platinum-expansion-windows-gamerip-2022,2026-10-05,Track title is taken from KHInsider's soundtrack/gamerip album index. Popularity is an explicitly labelled proxy based on BeatHit game rank and track prominence.,"{""culture_category"":""video_game_music"",""video_game"":""Farming Simulator 25"",""game_rank"":801,""game_association_kind"":""khinsider_game_soundtrack"",""khinsider_album_url"":""https://downloads.khinsider.com/game-soundtracks/album/farming-simulator-22-platinum-expansion-windows-gamerip-2022"",""khinsider_album_title"":""Farming Simulator 22 Platinum Expansion (farming-simulator-22-platinum-expansion-windows-gamerip-2022)"",""khinsider_album_kind"":""official_or_gamerip"",""khinsider_album_match_score"":91.89189189189189,""relevance_score_100"":93.1081081081081,""popularity_score_100"":35.95643096852584,""score_100"":70.24743725227519,""popularity_basis"":""BeatHit master-list game rank plus track position proxy""}"
187,Electro - Rest Of My Life,Unknown credited artist,[],Farming Simulator: Nintendo Switch Edition (farming-simulator-17-nintendo-switch-edition-2017-switch),,,"[""video game soundtrack""]","[""und""]",,,,Farming Simulator 25,,,khinsider_track_prominence_proxy,40.36643096852583,score_0_100,,,,70.21143725227519,,,,https://downloads.khinsider.com/game-soundtracks/album/farming-simulator-17-nintendo-switch-edition-2017-switch,2026-10-05,Track title is taken from KHInsider's soundtrack/gamerip album index. Popularity is an explicitly labelled proxy based on BeatHit game rank and track prominence.,"{""culture_category"":""video_game_music"",""video_game"":""Farming Simulator 25"",""game_rank"":801,""game_association_kind"":""khinsider_game_soundtrack"",""khinsider_album_url"":""https://downloads.khinsider.com/game-soundtracks/album/farming-simulator-17-nintendo-switch-edition-2017-switch"",""khinsider_album_title"":""Farming Simulator: Nintendo Switch Edition (farming-simulator-17-nintendo-switch-edition-2017-switch)"",""khinsider_album_kind"":""unclassified_game_album"",""khinsider_album_match_score"":91.89189189189189,""relevance_score_100"":90.1081081081081,""popularity_score_100"":40.36643096852583,""score_100"":70.21143725227519,""popularity_basis"":""BeatHit master-list game rank plus track position proxy""}"
188,Pop - Got That Thing,Unknown credited artist,[],Farming Simulator 19 (farming-simulator-19-ost),,,"[""video game soundtrack""]","[""und""]",,,,Farming Simulator 25,,,khinsider_track_prominence_proxy,35.74643096852584,score_0_100,,,,70.1634372522752,,,,https://downloads.khinsider.com/game-soundtracks/album/farming-simulator-19-ost,2026-10-05,Track title is taken from KHInsider's soundtrack/gamerip album index. Popularity is an explicitly labelled proxy based on BeatHit game rank and track prominence.,"{""culture_category"":""video_game_music"",""video_game"":""Farming Simulator 25"",""game_rank"":801,""game_association_kind"":""khinsider_game_soundtrack"",""khinsider_album_url"":""https://downloads.khinsider.com/game-soundtracks/album/farming-simulator-19-ost"",""khinsider_album_title"":""Farming Simulator 19 (farming-simulator-19-ost)"",""khinsider_album_kind"":""official_or_gamerip"",""khinsider_album_match_score"":91.89189189189189,""relevance_score_100"":93.1081081081081,""popularity_score_100"":35.74643096852584,""score_100"":70.1634372522752,""popularity_basis"":""BeatHit master-list game rank plus track position proxy""}"
189,Los Molinos,Unknown credited artist,[],Farming Simulator 22 Platinum Expansion (farming-simulator-22-platinum-expansion-windows-gamerip-2022),,,"[""video game soundtrack""]","[""und""]",,,,Farming Simulator 25,,,khinsider_track_prominence_proxy,35.74643096852584,score_0_100,,,,70.1634372522752,,,,https://downloads.khinsider.com/game-soundtracks/album/farming-simulator-22-platinum-expansion-windows-gamerip-2022,2026-10-05,Track title is taken from KHInsider's soundtrack/gamerip album index. Popularity is an explicitly labelled proxy based on BeatHit game rank and track prominence.,"{""culture_category"":""video_game_music"",""video_game"":""Farming Simulator 25"",""game_rank"":801,""game_association_kind"":""khinsider_game_soundtrack"",""khinsider_album_url"":""https://downloads.khinsider.com/game-soundtracks/album/farming-simulator-22-platinum-expansion-windows-gamerip-2022"",""khinsider_album_title"":""Farming Simulator 22 Platinum Expansion (farming-simulator-22-platinum-expansion-windows-gamerip-2022)"",""khinsider_album_kind"":""official_or_gamerip"",""khinsider_album_match_score"":91.89189189189189,""relevance_score_100"":93.1081081081081,""popularity_score_100"":35.74643096852584,""score_100"":70.1634372522752,""popularity_basis"":""BeatHit master-list game rank plus track position proxy""}"
190,Electro - Show Up,Unknown credited artist,[],Farming Simulator: Nintendo Switch Edition (farming-simulator-17-nintendo-switch-edition-2017-switch),,,"[""video game soundtrack""]","[""und""]",,,,Farming Simulator 25,,,khinsider_track_prominence_proxy,40.15643096852584,score_0_100,,,,70.1274372522752,,,,https://downloads.khinsider.com/game-soundtracks/album/farming-simulator-17-nintendo-switch-edition-2017-switch,2026-10-05,Track title is taken from KHInsider's soundtrack/gamerip album index. Popularity is an explicitly labelled proxy based on BeatHit game rank and track prominence.,"{""culture_category"":""video_game_music"",""video_game"":""Farming Simulator 25"",""game_rank"":801,""game_association_kind"":""khinsider_game_soundtrack"",""khinsider_album_url"":""https://downloads.khinsider.com/game-soundtracks/album/farming-simulator-17-nintendo-switch-edition-2017-switch"",""khinsider_album_title"":""Farming Simulator: Nintendo Switch Edition (farming-simulator-17-nintendo-switch-edition-2017-switch)"",""khinsider_album_kind"":""unclassified_game_album"",""khinsider_album_match_score"":91.89189189189189,""relevance_score_100"":90.1081081081081,""popularity_score_100"":40.15643096852584,""score_100"":70.1274372522752,""popularity_basis"":""BeatHit master-list game rank plus track position proxy""}"
191,Pop - Higher Now,Unknown credited artist,[],Farming Simulator 19 (farming-simulator-19-ost),,,"[""video game soundtrack""]","[""und""]",,,,Farming Simulator 25,,,khinsider_track_prominence_proxy,35.536430968525835,score_0_100,,,,70.0794372522752,,,,https://downloads.khinsider.com/game-soundtracks/album/farming-simulator-19-ost,2026-10-05,Track title is taken from KHInsider's soundtrack/gamerip album index. Popularity is an explicitly labelled proxy based on BeatHit game rank and track prominence.,"{""culture_category"":""video_game_music"",""video_game"":""Farming Simulator 25"",""game_rank"":801,""game_association_kind"":""khinsider_game_soundtrack"",""khinsider_album_url"":""https://downloads.khinsider.com/game-soundtracks/album/farming-simulator-19-ost"",""khinsider_album_title"":""Farming Simulator 19 (farming-simulator-19-ost)"",""khinsider_album_kind"":""official_or_gamerip"",""khinsider_album_match_score"":91.89189189189189,""relevance_score_100"":93.1081081081081,""popularity_score_100"":35.536430968525835,""score_100"":70.0794372522752,""popularity_basis"":""BeatHit master-list game rank plus track position proxy""}"
192,Love Like A Jungle,Unknown credited artist,[],Farming Simulator 22 Platinum Expansion (farming-simulator-22-platinum-expansion-windows-gamerip-2022),,,"[""video game soundtrack""]","[""und""]",,,,Farming Simulator 25,,,khinsider_track_prominence_proxy,35.536430968525835,score_0_100,,,,70.0794372522752,,,,https://downloads.khinsider.com/game-soundtracks/album/farming-simulator-22-platinum-expansion-windows-gamerip-2022,2026-10-05,Track title is taken from KHInsider's soundtrack/gamerip album index. Popularity is an explicitly labelled proxy based on BeatHit game rank and track prominence.,"{""culture_category"":""video_game_music"",""video_game"":""Farming Simulator 25"",""game_rank"":801,""game_association_kind"":""khinsider_game_soundtrack"",""khinsider_album_url"":""https://downloads.khinsider.com/game-soundtracks/album/farming-simulator-22-platinum-expansion-windows-gamerip-2022"",""khinsider_album_title"":""Farming Simulator 22 Platinum Expansion (farming-simulator-22-platinum-expansion-windows-gamerip-2022)"",""khinsider_album_kind"":""official_or_gamerip"",""khinsider_album_match_score"":91.89189189189189,""relevance_score_100"":93.1081081081081,""popularity_score_100"":35.536430968525835,""score_100"":70.0794372522752,""popularity_basis"":""BeatHit master-list game rank plus track position proxy""}"
193,Electro - We Cant Lose Tonight,Unknown credited artist,[],Farming Simulator: Nintendo Switch Edition (farming-simulator-17-nintendo-switch-edition-2017-switch),,,"[""video game soundtrack""]","[""und""]",,,,Farming Simulator 25,,,khinsider_track_prominence_proxy,39.946430968525846,score_0_100,,,,70.0434372522752,,,,https://downloads.khinsider.com/game-soundtracks/album/farming-simulator-17-nintendo-switch-edition-2017-switch,2026-10-05,Track title is taken from KHInsider's soundtrack/gamerip album index. Popularity is an explicitly labelled proxy based on BeatHit game rank and track prominence.,"{""culture_category"":""video_game_music"",""video_game"":""Farming Simulator 25"",""game_rank"":801,""game_association_kind"":""khinsider_game_soundtrack"",""khinsider_album_url"":""https://downloads.khinsider.com/game-soundtracks/album/farming-simulator-17-nintendo-switch-edition-2017-switch"",""khinsider_album_title"":""Farming Simulator: Nintendo Switch Edition (farming-simulator-17-nintendo-switch-edition-2017-switch)"",""khinsider_album_kind"":""unclassified_game_album"",""khinsider_album_match_score"":91.89189189189189,""relevance_score_100"":90.1081081081081,""popularity_score_100"":39.946430968525846,""score_100"":70.0434372522752,""popularity_basis"":""BeatHit master-list game rank plus track position proxy""}"
194,Pop - If We Talk Of Them,Unknown credited artist,[],Farming Simulator 19 (farming-simulator-19-ost),,,"[""video game soundtrack""]","[""und""]",,,,Farming Simulator 25,,,khinsider_track_prominence_proxy,35.32643096852584,score_0_100,,,,69.9954372522752,,,,https://downloads.khinsider.com/game-soundtracks/album/farming-simulator-19-ost,2026-10-05,Track title is taken from KHInsider's soundtrack/gamerip album index. Popularity is an explicitly labelled proxy based on BeatHit game rank and track prominence.,"{""culture_category"":""video_game_music"",""video_game"":""Farming Simulator 25"",""game_rank"":801,""game_association_kind"":""khinsider_game_soundtrack"",""khinsider_album_url"":""https://downloads.khinsider.com/game-soundtracks/album/farming-simulator-19-ost"",""khinsider_album_title"":""Farming Simulator 19 (farming-simulator-19-ost)"",""khinsider_album_kind"":""official_or_gamerip"",""khinsider_album_match_score"":91.89189189189189,""relevance_score_100"":93.1081081081081,""popularity_score_100"":35.32643096852584,""score_100"":69.9954372522752,""popularity_basis"":""BeatHit master-list game rank plus track position proxy""}"
195,Lowdown Steel,Unknown credited artist,[],Farming Simulator 22 Platinum Expansion (farming-simulator-22-platinum-expansion-windows-gamerip-2022),,,"[""video game soundtrack""]","[""und""]",,,,Farming Simulator 25,,,khinsider_track_prominence_proxy,35.32643096852584,score_0_100,,,,69.9954372522752,,,,https://downloads.khinsider.com/game-soundtracks/album/farming-simulator-22-platinum-expansion-windows-gamerip-2022,2026-10-05,Track title is taken from KHInsider's soundtrack/gamerip album index. Popularity is an explicitly labelled proxy based on BeatHit game rank and track prominence.,"{""culture_category"":""video_game_music"",""video_game"":""Farming Simulator 25"",""game_rank"":801,""game_association_kind"":""khinsider_game_soundtrack"",""khinsider_album_url"":""https://downloads.khinsider.com/game-soundtracks/album/farming-simulator-22-platinum-expansion-windows-gamerip-2022"",""khinsider_album_title"":""Farming Simulator 22 Platinum Expansion (farming-simulator-22-platinum-expansion-windows-gamerip-2022)"",""khinsider_album_kind"":""official_or_gamerip"",""khinsider_album_match_score"":91.89189189189189,""relevance_score_100"":93.1081081081081,""popularity_score_100"":35.32643096852584,""score_100"":69.9954372522752,""popularity_basis"":""BeatHit master-list game rank plus track position proxy""}"
196,Electro - Web,Unknown credited artist,[],Farming Simulator: Nintendo Switch Edition (farming-simulator-17-nintendo-switch-edition-2017-switch),,,"[""video game soundtrack""]","[""und""]",,,,Farming Simulator 25,,,khinsider_track_prominence_proxy,39.73643096852584,score_0_100,,,,69.9594372522752,,,,https://downloads.khinsider.com/game-soundtracks/album/farming-simulator-17-nintendo-switch-edition-2017-switch,2026-10-05,Track title is taken from KHInsider's soundtrack/gamerip album index. Popularity is an explicitly labelled proxy based on BeatHit game rank and track prominence.,"{""culture_category"":""video_game_music"",""video_game"":""Farming Simulator 25"",""game_rank"":801,""game_association_kind"":""khinsider_game_soundtrack"",""khinsider_album_url"":""https://downloads.khinsider.com/game-soundtracks/album/farming-simulator-17-nintendo-switch-edition-2017-switch"",""khinsider_album_title"":""Farming Simulator: Nintendo Switch Edition (farming-simulator-17-nintendo-switch-edition-2017-switch)"",""khinsider_album_kind"":""unclassified_game_album"",""khinsider_album_match_score"":91.89189189189189,""relevance_score_100"":90.1081081081081,""popularity_score_100"":39.73643096852584,""score_100"":69.9594372522752,""popularity_basis"":""BeatHit master-list game rank plus track position proxy""}"
197,Pop - Joyrider,Unknown credited artist,[],Farming Simulator 19 (farming-simulator-19-ost),,,"[""video game soundtrack""]","[""und""]",,,,Farming Simulator 25,,,khinsider_track_prominence_proxy,35.11643096852584,score_0_100,,,,69.91143725227519,,,,https://downloads.khinsider.com/game-soundtracks/album/farming-simulator-19-ost,2026-10-05,Track title is taken from KHInsider's soundtrack/gamerip album index. Popularity is an explicitly labelled proxy based on BeatHit game rank and track prominence.,"{""culture_category"":""video_game_music"",""video_game"":""Farming Simulator 25"",""game_rank"":801,""game_association_kind"":""khinsider_game_soundtrack"",""khinsider_album_url"":""https://downloads.khinsider.com/game-soundtracks/album/farming-simulator-19-ost"",""khinsider_album_title"":""Farming Simulator 19 (farming-simulator-19-ost)"",""khinsider_album_kind"":""official_or_gamerip"",""khinsider_album_match_score"":91.89189189189189,""relevance_score_100"":93.1081081081081,""popularity_score_100"":35.11643096852584,""score_100"":69.91143725227519,""popularity_basis"":""BeatHit master-list game rank plus track position proxy""}"
198,Mahala Batucada,Unknown credited artist,[],Farming Simulator 22 Platinum Expansion (farming-simulator-22-platinum-expansion-windows-gamerip-2022),,,"[""video game soundtrack""]","[""und""]",,,,Farming Simulator 25,,,khinsider_track_prominence_proxy,35.11643096852584,score_0_100,,,,69.91143725227519,,,,https://downloads.khinsider.com/game-soundtracks/album/farming-simulator-22-platinum-expansion-windows-gamerip-2022,2026-10-05,Track title is taken from KHInsider's soundtrack/gamerip album index. Popularity is an explicitly labelled proxy based on BeatHit game rank and track prominence.,"{""culture_category"":""video_game_music"",""video_game"":""Farming Simulator 25"",""game_rank"":801,""game_association_kind"":""khinsider_game_soundtrack"",""khinsider_album_url"":""https://downloads.khinsider.com/game-soundtracks/album/farming-simulator-22-platinum-expansion-windows-gamerip-2022"",""khinsider_album_title"":""Farming Simulator 22 Platinum Expansion (farming-simulator-22-platinum-expansion-windows-gamerip-2022)"",""khinsider_album_kind"":""official_or_gamerip"",""khinsider_album_match_score"":91.89189189189189,""relevance_score_100"":93.1081081081081,""popularity_score_100"":35.11643096852584,""score_100"":69.91143725227519,""popularity_basis"":""BeatHit master-list game rank plus track position proxy""}"
199,Electro - Wobble Complextro,Unknown credited artist,[],Farming Simulator: Nintendo Switch Edition (farming-simulator-17-nintendo-switch-edition-2017-switch),,,"[""video game soundtrack""]","[""und""]",,,,Farming Simulator 25,,,khinsider_track_prominence_proxy,39.526430968525844,score_0_100,,,,69.87543725227519,,,,https://downloads.khinsider.com/game-soundtracks/album/farming-simulator-17-nintendo-switch-edition-2017-switch,2026-10-05,Track title is taken from KHInsider's soundtrack/gamerip album index. Popularity is an explicitly labelled proxy based on BeatHit game rank and track prominence.,"{""culture_category"":""video_game_music"",""video_game"":""Farming Simulator 25"",""game_rank"":801,""game_association_kind"":""khinsider_game_soundtrack"",""khinsider_album_url"":""https://downloads.khinsider.com/game-soundtracks/album/farming-simulator-17-nintendo-switch-edition-2017-switch"",""khinsider_album_title"":""Farming Simulator: Nintendo Switch Edition (farming-simulator-17-nintendo-switch-edition-2017-switch)"",""khinsider_album_kind"":""unclassified_game_album"",""khinsider_album_match_score"":91.89189189189189,""relevance_score_100"":90.1081081081081,""popularity_score_100"":39.526430968525844,""score_100"":69.87543725227519,""popularity_basis"":""BeatHit master-list game rank plus track position proxy""}"
200,Pop - Leave It,Unknown credited artist,[],Farming Simulator 19 (farming-simulator-19-ost),,,"[""video game soundtrack""]","[""und""]",,,,Farming Simulator 25,,,khinsider_track_prominence_proxy,34.90643096852584,score_0_100,,,,69.82743725227519,,,,https://downloads.khinsider.com/game-soundtracks/album/farming-simulator-19-ost,2026-10-05,Track title is taken from KHInsider's soundtrack/gamerip album index. Popularity is an explicitly labelled proxy based on BeatHit game rank and track prominence.,"{""culture_category"":""video_game_music"",""video_game"":""Farming Simulator 25"",""game_rank"":801,""game_association_kind"":""khinsider_game_soundtrack"",""khinsider_album_url"":""https://downloads.khinsider.com/game-soundtracks/album/farming-simulator-19-ost"",""khinsider_album_title"":""Farming Simulator 19 (farming-simulator-19-ost)"",""khinsider_album_kind"":""official_or_gamerip"",""khinsider_album_match_score"":91.89189189189189,""relevance_score_100"":93.1081081081081,""popularity_score_100"":34.90643096852584,""score_100"":69.82743725227519,""popularity_basis"":""BeatHit master-list game rank plus track position proxy""}"
201,Massive Alright,Unknown credited artist,[],Farming Simulator 22 Platinum Expansion (farming-simulator-22-platinum-expansion-windows-gamerip-2022),,,"[""video game soundtrack""]","[""und""]",,,,Farming Simulator 25,,,khinsider_track_prominence_proxy,34.90643096852584,score_0_100,,,,69.82743725227519,,,,https://downloads.khinsider.com/game-soundtracks/album/farming-simulator-22-platinum-expansion-windows-gamerip-2022,2026-10-05,Track title is taken from KHInsider's soundtrack/gamerip album index. Popularity is an explicitly labelled proxy based on BeatHit game rank and track prominence.,"{""culture_category"":""video_game_music"",""video_game"":""Farming Simulator 25"",""game_rank"":801,""game_association_kind"":""khinsider_game_soundtrack"",""khinsider_album_url"":""https://downloads.khinsider.com/game-soundtracks/album/farming-simulator-22-platinum-expansion-windows-gamerip-2022"",""khinsider_album_title"":""Farming Simulator 22 Platinum Expansion (farming-simulator-22-platinum-expansion-windows-gamerip-2022)"",""khinsider_album_kind"":""official_or_gamerip"",""khinsider_album_match_score"":91.89189189189189,""relevance_score_100"":93.1081081081081,""popularity_score_100"":34.90643096852584,""score_100"":69.82743725227519,""popularity_basis"":""BeatHit master-list game rank plus track position proxy""}"
202,Pop - Back To Life,Unknown credited artist,[],Farming Simulator: Nintendo Switch Edition (farming-simulator-17-nintendo-switch-edition-2017-switch),,,"[""video game soundtrack""]","[""und""]",,,,Farming Simulator 25,,,khinsider_track_prominence_proxy,39.316430968525836,score_0_100,,,,69.79143725227519,,,,https://downloads.khinsider.com/game-soundtracks/album/farming-simulator-17-nintendo-switch-edition-2017-switch,2026-10-05,Track title is taken from KHInsider's soundtrack/gamerip album index. Popularity is an explicitly labelled proxy based on BeatHit game rank and track prominence.,"{""culture_category"":""video_game_music"",""video_game"":""Farming Simulator 25"",""game_rank"":801,""game_association_kind"":""khinsider_game_soundtrack"",""khinsider_album_url"":""https://downloads.khinsider.com/game-soundtracks/album/farming-simulator-17-nintendo-switch-edition-2017-switch"",""khinsider_album_title"":""Farming Simulator: Nintendo Switch Edition (farming-simulator-17-nintendo-switch-edition-2017-switch)"",""khinsider_album_kind"":""unclassified_game_album"",""khinsider_album_match_score"":91.89189189189189,""relevance_score_100"":90.1081081081081,""popularity_score_100"":39.316430968525836,""score_100"":69.79143725227519,""popularity_basis"":""BeatHit master-list game rank plus track position proxy""}"
203,Pop - Lucky Number,Unknown credited artist,[],Farming Simulator 19 (farming-simulator-19-ost),,,"[""video game soundtrack""]","[""und""]",,,,Farming Simulator 25,,,khinsider_track_prominence_proxy,34.69643096852584,score_0_100,,,,69.74343725227519,,,,https://downloads.khinsider.com/game-soundtracks/album/farming-simulator-19-ost,2026-10-05,Track title is taken from KHInsider's soundtrack/gamerip album index. Popularity is an explicitly labelled proxy based on BeatHit game rank and track prominence.,"{""culture_category"":""video_game_music"",""video_game"":""Farming Simulator 25"",""game_rank"":801,""game_association_kind"":""khinsider_game_soundtrack"",""khinsider_album_url"":""https://downloads.khinsider.com/game-soundtracks/album/farming-simulator-19-ost"",""khinsider_album_title"":""Farming Simulator 19 (farming-simulator-19-ost)"",""khinsider_album_kind"":""official_or_gamerip"",""khinsider_album_match_score"":91.89189189189189,""relevance_score_100"":93.1081081081081,""popularity_score_100"":34.69643096852584,""score_100"":69.74343725227519,""popularity_basis"":""BeatHit master-list game rank plus track position proxy""}"
204,Meridian Voyage,Unknown credited artist,[],Farming Simulator 22 Platinum Expansion (farming-simulator-22-platinum-expansion-windows-gamerip-2022),,,"[""video game soundtrack""]","[""und""]",,,,Farming Simulator 25,,,khinsider_track_prominence_proxy,34.69643096852584,score_0_100,,,,69.74343725227519,,,,https://downloads.khinsider.com/game-soundtracks/album/farming-simulator-22-platinum-expansion-windows-gamerip-2022,2026-10-05,Track title is taken from KHInsider's soundtrack/gamerip album index. Popularity is an explicitly labelled proxy based on BeatHit game rank and track prominence.,"{""culture_category"":""video_game_music"",""video_game"":""Farming Simulator 25"",""game_rank"":801,""game_association_kind"":""khinsider_game_soundtrack"",""khinsider_album_url"":""https://downloads.khinsider.com/game-soundtracks/album/farming-simulator-22-platinum-expansion-windows-gamerip-2022"",""khinsider_album_title"":""Farming Simulator 22 Platinum Expansion (farming-simulator-22-platinum-expansion-windows-gamerip-2022)"",""khinsider_album_kind"":""official_or_gamerip"",""khinsider_album_match_score"":91.89189189189189,""relevance_score_100"":93.1081081081081,""popularity_score_100"":34.69643096852584,""score_100"":69.74343725227519,""popularity_basis"":""BeatHit master-list game rank plus track position proxy""}"
205,Pop - Bring Your Sunshine,Unknown credited artist,[],Farming Simulator: Nintendo Switch Edition (farming-simulator-17-nintendo-switch-edition-2017-switch),,,"[""video game soundtrack""]","[""und""]",,,,Farming Simulator 25,,,khinsider_track_prominence_proxy,39.10643096852584,score_0_100,,,,69.7074372522752,,,,https://downloads.khinsider.com/game-soundtracks/album/farming-simulator-17-nintendo-switch-edition-2017-switch,2026-10-05,Track title is taken from KHInsider's soundtrack/gamerip album index. Popularity is an explicitly labelled proxy based on BeatHit game rank and track prominence.,"{""culture_category"":""video_game_music"",""video_game"":""Farming Simulator 25"",""game_rank"":801,""game_association_kind"":""khinsider_game_soundtrack"",""khinsider_album_url"":""https://downloads.khinsider.com/game-soundtracks/album/farming-simulator-17-nintendo-switch-edition-2017-switch"",""khinsider_album_title"":""Farming Simulator: Nintendo Switch Edition (farming-simulator-17-nintendo-switch-edition-2017-switch)"",""khinsider_album_kind"":""unclassified_game_album"",""khinsider_album_match_score"":91.89189189189189,""relevance_score_100"":90.1081081081081,""popularity_score_100"":39.10643096852584,""score_100"":69.7074372522752,""popularity_basis"":""BeatHit master-list game rank plus track position proxy""}"
206,Pop - Move,Unknown credited artist,[],Farming Simulator 19 (farming-simulator-19-ost),,,"[""video game soundtrack""]","[""und""]",,,,Farming Simulator 25,,,khinsider_track_prominence_proxy,34.48643096852584,score_0_100,,,,69.6594372522752,,,,https://downloads.khinsider.com/game-soundtracks/album/farming-simulator-19-ost,2026-10-05,Track title is taken from KHInsider's soundtrack/gamerip album index. Popularity is an explicitly labelled proxy based on BeatHit game rank and track prominence.,"{""culture_category"":""video_game_music"",""video_game"":""Farming Simulator 25"",""game_rank"":801,""game_association_kind"":""khinsider_game_soundtrack"",""khinsider_album_url"":""https://downloads.khinsider.com/game-soundtracks/album/farming-simulator-19-ost"",""khinsider_album_title"":""Farming Simulator 19 (farming-simulator-19-ost)"",""khinsider_album_kind"":""official_or_gamerip"",""khinsider_album_match_score"":91.89189189189189,""relevance_score_100"":93.1081081081081,""popularity_score_100"":34.48643096852584,""score_100"":69.6594372522752,""popularity_basis"":""BeatHit master-list game rank plus track position proxy""}"
207,Mi Barrio,Unknown credited artist,[],Farming Simulator 22 Platinum Expansion (farming-simulator-22-platinum-expansion-windows-gamerip-2022),,,"[""video game soundtrack""]","[""und""]",,,,Farming Simulator 25,,,khinsider_track_prominence_proxy,34.48643096852584,score_0_100,,,,69.6594372522752,,,,https://downloads.khinsider.com/game-soundtracks/album/farming-simulator-22-platinum-expansion-windows-gamerip-2022,2026-10-05,Track title is taken from KHInsider's soundtrack/gamerip album index. Popularity is an explicitly labelled proxy based on BeatHit game rank and track prominence.,"{""culture_category"":""video_game_music"",""video_game"":""Farming Simulator 25"",""game_rank"":801,""game_association_kind"":""khinsider_game_soundtrack"",""khinsider_album_url"":""https://downloads.khinsider.com/game-soundtracks/album/farming-simulator-22-platinum-expansion-windows-gamerip-2022"",""khinsider_album_title"":""Farming Simulator 22 Platinum Expansion (farming-simulator-22-platinum-expansion-windows-gamerip-2022)"",""khinsider_album_kind"":""official_or_gamerip"",""khinsider_album_match_score"":91.89189189189189,""relevance_score_100"":93.1081081081081,""popularity_score_100"":34.48643096852584,""score_100"":69.6594372522752,""popularity_basis"":""BeatHit master-list game rank plus track position proxy""}"
208,Pop - Going All The Way,Unknown credited artist,[],Farming Simulator: Nintendo Switch Edition (farming-simulator-17-nintendo-switch-edition-2017-switch),,,"[""video game soundtrack""]","[""und""]",,,,Farming Simulator 25,,,khinsider_track_prominence_proxy,38.89643096852584,score_0_100,,,,69.6234372522752,,,,https://downloads.khinsider.com/game-soundtracks/album/farming-simulator-17-nintendo-switch-edition-2017-switch,2026-10-05,Track title is taken from KHInsider's soundtrack/gamerip album index. Popularity is an explicitly labelled proxy based on BeatHit game rank and track prominence.,"{""culture_category"":""video_game_music"",""video_game"":""Farming Simulator 25"",""game_rank"":801,""game_association_kind"":""khinsider_game_soundtrack"",""khinsider_album_url"":""https://downloads.khinsider.com/game-soundtracks/album/farming-simulator-17-nintendo-switch-edition-2017-switch"",""khinsider_album_title"":""Farming Simulator: Nintendo Switch Edition (farming-simulator-17-nintendo-switch-edition-2017-switch)"",""khinsider_album_kind"":""unclassified_game_album"",""khinsider_album_match_score"":91.89189189189189,""relevance_score_100"":90.1081081081081,""popularity_score_100"":38.89643096852584,""score_100"":69.6234372522752,""popularity_basis"":""BeatHit master-list game rank plus track position proxy""}"
209,Pop - Need Something,Unknown credited artist,[],Farming Simulator 19 (farming-simulator-19-ost),,,"[""video game soundtrack""]","[""und""]",,,,Farming Simulator 25,,,khinsider_track_prominence_proxy,34.276430968525844,score_0_100,,,,69.5754372522752,,,,https://downloads.khinsider.com/game-soundtracks/album/farming-simulator-19-ost,2026-10-05,Track title is taken from KHInsider's soundtrack/gamerip album index. Popularity is an explicitly labelled proxy based on BeatHit game rank and track prominence.,"{""culture_category"":""video_game_music"",""video_game"":""Farming Simulator 25"",""game_rank"":801,""game_association_kind"":""khinsider_game_soundtrack"",""khinsider_album_url"":""https://downloads.khinsider.com/game-soundtracks/album/farming-simulator-19-ost"",""khinsider_album_title"":""Farming Simulator 19 (farming-simulator-19-ost)"",""khinsider_album_kind"":""official_or_gamerip"",""khinsider_album_match_score"":91.89189189189189,""relevance_score_100"":93.1081081081081,""popularity_score_100"":34.276430968525844,""score_100"":69.5754372522752,""popularity_basis"":""BeatHit master-list game rank plus track position proxy""}"
210,Modern Feeling,Unknown credited artist,[],Farming Simulator 22 Platinum Expansion (farming-simulator-22-platinum-expansion-windows-gamerip-2022),,,"[""video game soundtrack""]","[""und""]",,,,Farming Simulator 25,,,khinsider_track_prominence_proxy,34.276430968525844,score_0_100,,,,69.5754372522752,,,,https://downloads.khinsider.com/game-soundtracks/album/farming-simulator-22-platinum-expansion-windows-gamerip-2022,2026-10-05,Track title is taken from KHInsider's soundtrack/gamerip album index. Popularity is an explicitly labelled proxy based on BeatHit game rank and track prominence.,"{""culture_category"":""video_game_music"",""video_game"":""Farming Simulator 25"",""game_rank"":801,""game_association_kind"":""khinsider_game_soundtrack"",""khinsider_album_url"":""https://downloads.khinsider.com/game-soundtracks/album/farming-simulator-22-platinum-expansion-windows-gamerip-2022"",""khinsider_album_title"":""Farming Simulator 22 Platinum Expansion (farming-simulator-22-platinum-expansion-windows-gamerip-2022)"",""khinsider_album_kind"":""official_or_gamerip"",""khinsider_album_match_score"":91.89189189189189,""relevance_score_100"":93.1081081081081,""popularity_score_100"":34.276430968525844,""score_100"":69.5754372522752,""popularity_basis"":""BeatHit master-list game rank plus track position proxy""}"
211,Pop - Im Ready,Unknown credited artist,[],Farming Simulator: Nintendo Switch Edition (farming-simulator-17-nintendo-switch-edition-2017-switch),,,"[""video game soundtrack""]","[""und""]",,,,Farming Simulator 25,,,khinsider_track_prominence_proxy,38.68643096852584,score_0_100,,,,69.53943725227519,,,,https://downloads.khinsider.com/game-soundtracks/album/farming-simulator-17-nintendo-switch-edition-2017-switch,2026-10-05,Track title is taken from KHInsider's soundtrack/gamerip album index. Popularity is an explicitly labelled proxy based on BeatHit game rank and track prominence.,"{""culture_category"":""video_game_music"",""video_game"":""Farming Simulator 25"",""game_rank"":801,""game_association_kind"":""khinsider_game_soundtrack"",""khinsider_album_url"":""https://downloads.khinsider.com/game-soundtracks/album/farming-simulator-17-nintendo-switch-edition-2017-switch"",""khinsider_album_title"":""Farming Simulator: Nintendo Switch Edition (farming-simulator-17-nintendo-switch-edition-2017-switch)"",""khinsider_album_kind"":""unclassified_game_album"",""khinsider_album_match_score"":91.89189189189189,""relevance_score_100"":90.1081081081081,""popularity_score_100"":38.68643096852584,""score_100"":69.53943725227519,""popularity_basis"":""BeatHit master-list game rank plus track position proxy""}"
212,Pop - Only Yesterday,Unknown credited artist,[],Farming Simulator 19 (farming-simulator-19-ost),,,"[""video game soundtrack""]","[""und""]",,,,Farming Simulator 25,,,khinsider_track_prominence_proxy,34.066430968525836,score_0_100,,,,69.49143725227519,,,,https://downloads.khinsider.com/game-soundtracks/album/farming-simulator-19-ost,2026-10-05,Track title is taken from KHInsider's soundtrack/gamerip album index. Popularity is an explicitly labelled proxy based on BeatHit game rank and track prominence.,"{""culture_category"":""video_game_music"",""video_game"":""Farming Simulator 25"",""game_rank"":801,""game_association_kind"":""khinsider_game_soundtrack"",""khinsider_album_url"":""https://downloads.khinsider.com/game-soundtracks/album/farming-simulator-19-ost"",""khinsider_album_title"":""Farming Simulator 19 (farming-simulator-19-ost)"",""khinsider_album_kind"":""official_or_gamerip"",""khinsider_album_match_score"":91.89189189189189,""relevance_score_100"":93.1081081081081,""popularity_score_100"":34.066430968525836,""score_100"":69.49143725227519,""popularity_basis"":""BeatHit master-list game rank plus track position proxy""}"
213,Moonlight Sonata,Unknown credited artist,[],Farming Simulator 22 Platinum Expansion (farming-simulator-22-platinum-expansion-windows-gamerip-2022),,,"[""video game soundtrack""]","[""und""]",,,,Farming Simulator 25,,,khinsider_track_prominence_proxy,34.066430968525836,score_0_100,,,,69.49143725227519,,,,https://downloads.khinsider.com/game-soundtracks/album/farming-simulator-22-platinum-expansion-windows-gamerip-2022,2026-10-05,Track title is taken from KHInsider's soundtrack/gamerip album index. Popularity is an explicitly labelled proxy based on BeatHit game rank and track prominence.,"{""culture_category"":""video_game_music"",""video_game"":""Farming Simulator 25"",""game_rank"":801,""game_association_kind"":""khinsider_game_soundtrack"",""khinsider_album_url"":""https://downloads.khinsider.com/game-soundtracks/album/farming-simulator-22-platinum-expansion-windows-gamerip-2022"",""khinsider_album_title"":""Farming Simulator 22 Platinum Expansion (farming-simulator-22-platinum-expansion-windows-gamerip-2022)"",""khinsider_album_kind"":""official_or_gamerip"",""khinsider_album_match_score"":91.89189189189189,""relevance_score_100"":93.1081081081081,""popularity_score_100"":34.066430968525836,""score_100"":69.49143725227519,""popularity_basis"":""BeatHit master-list game rank plus track position proxy""}"
214,Pop - Into The Fast Lane,Unknown credited artist,[],Farming Simulator: Nintendo Switch Edition (farming-simulator-17-nintendo-switch-edition-2017-switch),,,"[""video game soundtrack""]","[""und""]",,,,Farming Simulator 25,,,khinsider_track_prominence_proxy,38.47643096852585,score_0_100,,,,69.4554372522752,,,,https://downloads.khinsider.com/game-soundtracks/album/farming-simulator-17-nintendo-switch-edition-2017-switch,2026-10-05,Track title is taken from KHInsider's soundtrack/gamerip album index. Popularity is an explicitly labelled proxy based on BeatHit game rank and track prominence.,"{""culture_category"":""video_game_music"",""video_game"":""Farming Simulator 25"",""game_rank"":801,""game_association_kind"":""khinsider_game_soundtrack"",""khinsider_album_url"":""https://downloads.khinsider.com/game-soundtracks/album/farming-simulator-17-nintendo-switch-edition-2017-switch"",""khinsider_album_title"":""Farming Simulator: Nintendo Switch Edition (farming-simulator-17-nintendo-switch-edition-2017-switch)"",""khinsider_album_kind"":""unclassified_game_album"",""khinsider_album_match_score"":91.89189189189189,""relevance_score_100"":90.1081081081081,""popularity_score_100"":38.47643096852585,""score_100"":69.4554372522752,""popularity_basis"":""BeatHit master-list game rank plus track position proxy""}"
215,Pop - Put In Time,Unknown credited artist,[],Farming Simulator 19 (farming-simulator-19-ost),,,"[""video game soundtrack""]","[""und""]",,,,Farming Simulator 25,,,khinsider_track_prominence_proxy,33.85643096852584,score_0_100,,,,69.4074372522752,,,,https://downloads.khinsider.com/game-soundtracks/album/farming-simulator-19-ost,2026-10-05,Track title is taken from KHInsider's soundtrack/gamerip album index. Popularity is an explicitly labelled proxy based on BeatHit game rank and track prominence.,"{""culture_category"":""video_game_music"",""video_game"":""Farming Simulator 25"",""game_rank"":801,""game_association_kind"":""khinsider_game_soundtrack"",""khinsider_album_url"":""https://downloads.khinsider.com/game-soundtracks/album/farming-simulator-19-ost"",""khinsider_album_title"":""Farming Simulator 19 (farming-simulator-19-ost)"",""khinsider_album_kind"":""official_or_gamerip"",""khinsider_album_match_score"":91.89189189189189,""relevance_score_100"":93.1081081081081,""popularity_score_100"":33.85643096852584,""score_100"":69.4074372522752,""popularity_basis"":""BeatHit master-list game rank plus track position proxy""}"
216,Moonshine,Unknown credited artist,[],Farming Simulator 22 Platinum Expansion (farming-simulator-22-platinum-expansion-windows-gamerip-2022),,,"[""video game soundtrack""]","[""und""]",,,,Farming Simulator 25,,,khinsider_track_prominence_proxy,33.85643096852584,score_0_100,,,,69.4074372522752,,,,https://downloads.khinsider.com/game-soundtracks/album/farming-simulator-22-platinum-expansion-windows-gamerip-2022,2026-10-05,Track title is taken from KHInsider's soundtrack/gamerip album index. Popularity is an explicitly labelled proxy based on BeatHit game rank and track prominence.,"{""culture_category"":""video_game_music"",""video_game"":""Farming Simulator 25"",""game_rank"":801,""game_association_kind"":""khinsider_game_soundtrack"",""khinsider_album_url"":""https://downloads.khinsider.com/game-soundtracks/album/farming-simulator-22-platinum-expansion-windows-gamerip-2022"",""khinsider_album_title"":""Farming Simulator 22 Platinum Expansion (farming-simulator-22-platinum-expansion-windows-gamerip-2022)"",""khinsider_album_kind"":""official_or_gamerip"",""khinsider_album_match_score"":91.89189189189189,""relevance_score_100"":93.1081081081081,""popularity_score_100"":33.85643096852584,""score_100"":69.4074372522752,""popularity_basis"":""BeatHit master-list game rank plus track position proxy""}"
217,Pop - Its Just You And Me,Unknown credited artist,[],Farming Simulator: Nintendo Switch Edition (farming-simulator-17-nintendo-switch-edition-2017-switch),,,"[""video game soundtrack""]","[""und""]",,,,Farming Simulator 25,,,khinsider_track_prominence_proxy,38.26643096852584,score_0_100,,,,69.3714372522752,,,,https://downloads.khinsider.com/game-soundtracks/album/farming-simulator-17-nintendo-switch-edition-2017-switch,2026-10-05,Track title is taken from KHInsider's soundtrack/gamerip album index. Popularity is an explicitly labelled proxy based on BeatHit game rank and track prominence.,"{""culture_category"":""video_game_music"",""video_game"":""Farming Simulator 25"",""game_rank"":801,""game_association_kind"":""khinsider_game_soundtrack"",""khinsider_album_url"":""https://downloads.khinsider.com/game-soundtracks/album/farming-simulator-17-nintendo-switch-edition-2017-switch"",""khinsider_album_title"":""Farming Simulator: Nintendo Switch Edition (farming-simulator-17-nintendo-switch-edition-2017-switch)"",""khinsider_album_kind"":""unclassified_game_album"",""khinsider_album_match_score"":91.89189189189189,""relevance_score_100"":90.1081081081081,""popularity_score_100"":38.26643096852584,""score_100"":69.3714372522752,""popularity_basis"":""BeatHit master-list game rank plus track position proxy""}"
218,Pop - Renegade Highway,Unknown credited artist,[],Farming Simulator 19 (farming-simulator-19-ost),,,"[""video game soundtrack""]","[""und""]",,,,Farming Simulator 25,,,khinsider_track_prominence_proxy,33.64643096852584,score_0_100,,,,69.3234372522752,,,,https://downloads.khinsider.com/game-soundtracks/album/farming-simulator-19-ost,2026-10-05,Track title is taken from KHInsider's soundtrack/gamerip album index. Popularity is an explicitly labelled proxy based on BeatHit game rank and track prominence.,"{""culture_category"":""video_game_music"",""video_game"":""Farming Simulator 25"",""game_rank"":801,""game_association_kind"":""khinsider_game_soundtrack"",""khinsider_album_url"":""https://downloads.khinsider.com/game-soundtracks/album/farming-simulator-19-ost"",""khinsider_album_title"":""Farming Simulator 19 (farming-simulator-19-ost)"",""khinsider_album_kind"":""official_or_gamerip"",""khinsider_album_match_score"":91.89189189189189,""relevance_score_100"":93.1081081081081,""popularity_score_100"":33.64643096852584,""score_100"":69.3234372522752,""popularity_basis"":""BeatHit master-list game rank plus track position proxy""}"
219,Never Forget,Unknown credited artist,[],Farming Simulator 22 Platinum Expansion (farming-simulator-22-platinum-expansion-windows-gamerip-2022),,,"[""video game soundtrack""]","[""und""]",,,,Farming Simulator 25,,,khinsider_track_prominence_proxy,33.64643096852584,score_0_100,,,,69.3234372522752,,,,https://downloads.khinsider.com/game-soundtracks/album/farming-simulator-22-platinum-expansion-windows-gamerip-2022,2026-10-05,Track title is taken from KHInsider's soundtrack/gamerip album index. Popularity is an explicitly labelled proxy based on BeatHit game rank and track prominence.,"{""culture_category"":""video_game_music"",""video_game"":""Farming Simulator 25"",""game_rank"":801,""game_association_kind"":""khinsider_game_soundtrack"",""khinsider_album_url"":""https://downloads.khinsider.com/game-soundtracks/album/farming-simulator-22-platinum-expansion-windows-gamerip-2022"",""khinsider_album_title"":""Farming Simulator 22 Platinum Expansion (farming-simulator-22-platinum-expansion-windows-gamerip-2022)"",""khinsider_album_kind"":""official_or_gamerip"",""khinsider_album_match_score"":91.89189189189189,""relevance_score_100"":93.1081081081081,""popularity_score_100"":33.64643096852584,""score_100"":69.3234372522752,""popularity_basis"":""BeatHit master-list game rank plus track position proxy""}"
220,Pop - Just The Same,Unknown credited artist,[],Farming Simulator: Nintendo Switch Edition (farming-simulator-17-nintendo-switch-edition-2017-switch),,,"[""video game soundtrack""]","[""und""]",,,,Farming Simulator 25,,,khinsider_track_prominence_proxy,38.056430968525845,score_0_100,,,,69.2874372522752,,,,https://downloads.khinsider.com/game-soundtracks/album/farming-simulator-17-nintendo-switch-edition-2017-switch,2026-10-05,Track title is taken from KHInsider's soundtrack/gamerip album index. Popularity is an explicitly labelled proxy based on BeatHit game rank and track prominence.,"{""culture_category"":""video_game_music"",""video_game"":""Farming Simulator 25"",""game_rank"":801,""game_association_kind"":""khinsider_game_soundtrack"",""khinsider_album_url"":""https://downloads.khinsider.com/game-soundtracks/album/farming-simulator-17-nintendo-switch-edition-2017-switch"",""khinsider_album_title"":""Farming Simulator: Nintendo Switch Edition (farming-simulator-17-nintendo-switch-edition-2017-switch)"",""khinsider_album_kind"":""unclassified_game_album"",""khinsider_album_match_score"":91.89189189189189,""relevance_score_100"":90.1081081081081,""popularity_score_100"":38.056430968525845,""score_100"":69.2874372522752,""popularity_basis"":""BeatHit master-list game rank plus track position proxy""}"
221,Pop - Spinning,Unknown credited artist,[],Farming Simulator 19 (farming-simulator-19-ost),,,"[""video game soundtrack""]","[""und""]",,,,Farming Simulator 25,,,khinsider_track_prominence_proxy,33.43643096852584,score_0_100,,,,69.2394372522752,,,,https://downloads.khinsider.com/game-soundtracks/album/farming-simulator-19-ost,2026-10-05,Track title is taken from KHInsider's soundtrack/gamerip album index. Popularity is an explicitly labelled proxy based on BeatHit game rank and track prominence.,"{""culture_category"":""video_game_music"",""video_game"":""Farming Simulator 25"",""game_rank"":801,""game_association_kind"":""khinsider_game_soundtrack"",""khinsider_album_url"":""https://downloads.khinsider.com/game-soundtracks/album/farming-simulator-19-ost"",""khinsider_album_title"":""Farming Simulator 19 (farming-simulator-19-ost)"",""khinsider_album_kind"":""official_or_gamerip"",""khinsider_album_match_score"":91.89189189189189,""relevance_score_100"":93.1081081081081,""popularity_score_100"":33.43643096852584,""score_100"":69.2394372522752,""popularity_basis"":""BeatHit master-list game rank plus track position proxy""}"
222,No Love Letter,Unknown credited artist,[],Farming Simulator 22 Platinum Expansion (farming-simulator-22-platinum-expansion-windows-gamerip-2022),,,"[""video game soundtrack""]","[""und""]",,,,Farming Simulator 25,,,khinsider_track_prominence_proxy,33.43643096852584,score_0_100,,,,69.2394372522752,,,,https://downloads.khinsider.com/game-soundtracks/album/farming-simulator-22-platinum-expansion-windows-gamerip-2022,2026-10-05,Track title is taken from KHInsider's soundtrack/gamerip album index. Popularity is an explicitly labelled proxy based on BeatHit game rank and track prominence.,"{""culture_category"":""video_game_music"",""video_game"":""Farming Simulator 25"",""game_rank"":801,""game_association_kind"":""khinsider_game_soundtrack"",""khinsider_album_url"":""https://downloads.khinsider.com/game-soundtracks/album/farming-simulator-22-platinum-expansion-windows-gamerip-2022"",""khinsider_album_title"":""Farming Simulator 22 Platinum Expansion (farming-simulator-22-platinum-expansion-windows-gamerip-2022)"",""khinsider_album_kind"":""official_or_gamerip"",""khinsider_album_match_score"":91.89189189189189,""relevance_score_100"":93.1081081081081,""popularity_score_100"":33.43643096852584,""score_100"":69.2394372522752,""popularity_basis"":""BeatHit master-list game rank plus track position proxy""}"
223,Pop - Let Me Get You Alone,Unknown credited artist,[],Farming Simulator: Nintendo Switch Edition (farming-simulator-17-nintendo-switch-edition-2017-switch),,,"[""video game soundtrack""]","[""und""]",,,,Farming Simulator 25,,,khinsider_track_prominence_proxy,37.84643096852584,score_0_100,,,,69.2034372522752,,,,https://downloads.khinsider.com/game-soundtracks/album/farming-simulator-17-nintendo-switch-edition-2017-switch,2026-10-05,Track title is taken from KHInsider's soundtrack/gamerip album index. Popularity is an explicitly labelled proxy based on BeatHit game rank and track prominence.,"{""culture_category"":""video_game_music"",""video_game"":""Farming Simulator 25"",""game_rank"":801,""game_association_kind"":""khinsider_game_soundtrack"",""khinsider_album_url"":""https://downloads.khinsider.com/game-soundtracks/album/farming-simulator-17-nintendo-switch-edition-2017-switch"",""khinsider_album_title"":""Farming Simulator: Nintendo Switch Edition (farming-simulator-17-nintendo-switch-edition-2017-switch)"",""khinsider_album_kind"":""unclassified_game_album"",""khinsider_album_match_score"":91.89189189189189,""relevance_score_100"":90.1081081081081,""popularity_score_100"":37.84643096852584,""score_100"":69.2034372522752,""popularity_basis"":""BeatHit master-list game rank plus track position proxy""}"
224,Pop - Start Again,Unknown credited artist,[],Farming Simulator 19 (farming-simulator-19-ost),,,"[""video game soundtrack""]","[""und""]",,,,Farming Simulator 25,,,khinsider_track_prominence_proxy,33.22643096852584,score_0_100,,,,69.15543725227519,,,,https://downloads.khinsider.com/game-soundtracks/album/farming-simulator-19-ost,2026-10-05,Track title is taken from KHInsider's soundtrack/gamerip album index. Popularity is an explicitly labelled proxy based on BeatHit game rank and track prominence.,"{""culture_category"":""video_game_music"",""video_game"":""Farming Simulator 25"",""game_rank"":801,""game_association_kind"":""khinsider_game_soundtrack"",""khinsider_album_url"":""https://downloads.khinsider.com/game-soundtracks/album/farming-simulator-19-ost"",""khinsider_album_title"":""Farming Simulator 19 (farming-simulator-19-ost)"",""khinsider_album_kind"":""official_or_gamerip"",""khinsider_album_match_score"":91.89189189189189,""relevance_score_100"":93.1081081081081,""popularity_score_100"":33.22643096852584,""score_100"":69.15543725227519,""popularity_basis"":""BeatHit master-list game rank plus track position proxy""}"
225,Nocturne,Unknown credited artist,[],Farming Simulator 22 Platinum Expansion (farming-simulator-22-platinum-expansion-windows-gamerip-2022),,,"[""video game soundtrack""]","[""und""]",,,,Farming Simulator 25,,,khinsider_track_prominence_proxy,33.22643096852584,score_0_100,,,,69.15543725227519,,,,https://downloads.khinsider.com/game-soundtracks/album/farming-simulator-22-platinum-expansion-windows-gamerip-2022,2026-10-05,Track title is taken from KHInsider's soundtrack/gamerip album index. Popularity is an explicitly labelled proxy based on BeatHit game rank and track prominence.,"{""culture_category"":""video_game_music"",""video_game"":""Farming Simulator 25"",""game_rank"":801,""game_association_kind"":""khinsider_game_soundtrack"",""khinsider_album_url"":""https://downloads.khinsider.com/game-soundtracks/album/farming-simulator-22-platinum-expansion-windows-gamerip-2022"",""khinsider_album_title"":""Farming Simulator 22 Platinum Expansion (farming-simulator-22-platinum-expansion-windows-gamerip-2022)"",""khinsider_album_kind"":""official_or_gamerip"",""khinsider_album_match_score"":91.89189189189189,""relevance_score_100"":93.1081081081081,""popularity_score_100"":33.22643096852584,""score_100"":69.15543725227519,""popularity_basis"":""BeatHit master-list game rank plus track position proxy""}"
226,Pop - Make A Change,Unknown credited artist,[],Farming Simulator: Nintendo Switch Edition (farming-simulator-17-nintendo-switch-edition-2017-switch),,,"[""video game soundtrack""]","[""und""]",,,,Farming Simulator 25,,,khinsider_track_prominence_proxy,37.63643096852584,score_0_100,,,,69.11943725227519,,,,https://downloads.khinsider.com/game-soundtracks/album/farming-simulator-17-nintendo-switch-edition-2017-switch,2026-10-05,Track title is taken from KHInsider's soundtrack/gamerip album index. Popularity is an explicitly labelled proxy based on BeatHit game rank and track prominence.,"{""culture_category"":""video_game_music"",""video_game"":""Farming Simulator 25"",""game_rank"":801,""game_association_kind"":""khinsider_game_soundtrack"",""khinsider_album_url"":""https://downloads.khinsider.com/game-soundtracks/album/farming-simulator-17-nintendo-switch-edition-2017-switch"",""khinsider_album_title"":""Farming Simulator: Nintendo Switch Edition (farming-simulator-17-nintendo-switch-edition-2017-switch)"",""khinsider_album_kind"":""unclassified_game_album"",""khinsider_album_match_score"":91.89189189189189,""relevance_score_100"":90.1081081081081,""popularity_score_100"":37.63643096852584,""score_100"":69.11943725227519,""popularity_basis"":""BeatHit master-list game rank plus track position proxy""}"
227,Pop - Starts Right Here,Unknown credited artist,[],Farming Simulator 19 (farming-simulator-19-ost),,,"[""video game soundtrack""]","[""und""]",,,,Farming Simulator 25,,,khinsider_track_prominence_proxy,33.01643096852584,score_0_100,,,,69.07143725227519,,,,https://downloads.khinsider.com/game-soundtracks/album/farming-simulator-19-ost,2026-10-05,Track title is taken from KHInsider's soundtrack/gamerip album index. Popularity is an explicitly labelled proxy based on BeatHit game rank and track prominence.,"{""culture_category"":""video_game_music"",""video_game"":""Farming Simulator 25"",""game_rank"":801,""game_association_kind"":""khinsider_game_soundtrack"",""khinsider_album_url"":""https://downloads.khinsider.com/game-soundtracks/album/farming-simulator-19-ost"",""khinsider_album_title"":""Farming Simulator 19 (farming-simulator-19-ost)"",""khinsider_album_kind"":""official_or_gamerip"",""khinsider_album_match_score"":91.89189189189189,""relevance_score_100"":93.1081081081081,""popularity_score_100"":33.01643096852584,""score_100"":69.07143725227519,""popularity_basis"":""BeatHit master-list game rank plus track position proxy""}"
228,Oceans Of Life,Unknown credited artist,[],Farming Simulator 22 Platinum Expansion (farming-simulator-22-platinum-expansion-windows-gamerip-2022),,,"[""video game soundtrack""]","[""und""]",,,,Farming Simulator 25,,,khinsider_track_prominence_proxy,33.01643096852584,score_0_100,,,,69.07143725227519,,,,https://downloads.khinsider.com/game-soundtracks/album/farming-simulator-22-platinum-expansion-windows-gamerip-2022,2026-10-05,Track title is taken from KHInsider's soundtrack/gamerip album index. Popularity is an explicitly labelled proxy based on BeatHit game rank and track prominence.,"{""culture_category"":""video_game_music"",""video_game"":""Farming Simulator 25"",""game_rank"":801,""game_association_kind"":""khinsider_game_soundtrack"",""khinsider_album_url"":""https://downloads.khinsider.com/game-soundtracks/album/farming-simulator-22-platinum-expansion-windows-gamerip-2022"",""khinsider_album_title"":""Farming Simulator 22 Platinum Expansion (farming-simulator-22-platinum-expansion-windows-gamerip-2022)"",""khinsider_album_kind"":""official_or_gamerip"",""khinsider_album_match_score"":91.89189189189189,""relevance_score_100"":93.1081081081081,""popularity_score_100"":33.01643096852584,""score_100"":69.07143725227519,""popularity_basis"":""BeatHit master-list game rank plus track position proxy""}"
229,Pop - My Illusion,Unknown credited artist,[],Farming Simulator: Nintendo Switch Edition (farming-simulator-17-nintendo-switch-edition-2017-switch),,,"[""video game soundtrack""]","[""und""]",,,,Farming Simulator 25,,,khinsider_track_prominence_proxy,37.42643096852584,score_0_100,,,,69.0354372522752,,,,https://downloads.khinsider.com/game-soundtracks/album/farming-simulator-17-nintendo-switch-edition-2017-switch,2026-10-05,Track title is taken from KHInsider's soundtrack/gamerip album index. Popularity is an explicitly labelled proxy based on BeatHit game rank and track prominence.,"{""culture_category"":""video_game_music"",""video_game"":""Farming Simulator 25"",""game_rank"":801,""game_association_kind"":""khinsider_game_soundtrack"",""khinsider_album_url"":""https://downloads.khinsider.com/game-soundtracks/album/farming-simulator-17-nintendo-switch-edition-2017-switch"",""khinsider_album_title"":""Farming Simulator: Nintendo Switch Edition (farming-simulator-17-nintendo-switch-edition-2017-switch)"",""khinsider_album_kind"":""unclassified_game_album"",""khinsider_album_match_score"":91.89189189189189,""relevance_score_100"":90.1081081081081,""popularity_score_100"":37.42643096852584,""score_100"":69.0354372522752,""popularity_basis"":""BeatHit master-list game rank plus track position proxy""}"
230,Pop - Starving,Unknown credited artist,[],Farming Simulator 19 (farming-simulator-19-ost),,,"[""video game soundtrack""]","[""und""]",,,,Farming Simulator 25,,,khinsider_track_prominence_proxy,32.806430968525845,score_0_100,,,,68.9874372522752,,,,https://downloads.khinsider.com/game-soundtracks/album/farming-simulator-19-ost,2026-10-05,Track title is taken from KHInsider's soundtrack/gamerip album index. Popularity is an explicitly labelled proxy based on BeatHit game rank and track prominence.,"{""culture_category"":""video_game_music"",""video_game"":""Farming Simulator 25"",""game_rank"":801,""game_association_kind"":""khinsider_game_soundtrack"",""khinsider_album_url"":""https://downloads.khinsider.com/game-soundtracks/album/farming-simulator-19-ost"",""khinsider_album_title"":""Farming Simulator 19 (farming-simulator-19-ost)"",""khinsider_album_kind"":""official_or_gamerip"",""khinsider_album_match_score"":91.89189189189189,""relevance_score_100"":93.1081081081081,""popularity_score_100"":32.806430968525845,""score_100"":68.9874372522752,""popularity_basis"":""BeatHit master-list game rank plus track position proxy""}"
231,Our First Kiss,Unknown credited artist,[],Farming Simulator 22 Platinum Expansion (farming-simulator-22-platinum-expansion-windows-gamerip-2022),,,"[""video game soundtrack""]","[""und""]",,,,Farming Simulator 25,,,khinsider_track_prominence_proxy,32.806430968525845,score_0_100,,,,68.9874372522752,,,,https://downloads.khinsider.com/game-soundtracks/album/farming-simulator-22-platinum-expansion-windows-gamerip-2022,2026-10-05,Track title is taken from KHInsider's soundtrack/gamerip album index. Popularity is an explicitly labelled proxy based on BeatHit game rank and track prominence.,"{""culture_category"":""video_game_music"",""video_game"":""Farming Simulator 25"",""game_rank"":801,""game_association_kind"":""khinsider_game_soundtrack"",""khinsider_album_url"":""https://downloads.khinsider.com/game-soundtracks/album/farming-simulator-22-platinum-expansion-windows-gamerip-2022"",""khinsider_album_title"":""Farming Simulator 22 Platinum Expansion (farming-simulator-22-platinum-expansion-windows-gamerip-2022)"",""khinsider_album_kind"":""official_or_gamerip"",""khinsider_album_match_score"":91.89189189189189,""relevance_score_100"":93.1081081081081,""popularity_score_100"":32.806430968525845,""score_100"":68.9874372522752,""popularity_basis"":""BeatHit master-list game rank plus track position proxy""}"
232,Pop - Secret,Unknown credited artist,[],Farming Simulator: Nintendo Switch Edition (farming-simulator-17-nintendo-switch-edition-2017-switch),,,"[""video game soundtrack""]","[""und""]",,,,Farming Simulator 25,,,khinsider_track_prominence_proxy,37.21643096852584,score_0_100,,,,68.9514372522752,,,,https://downloads.khinsider.com/game-soundtracks/album/farming-simulator-17-nintendo-switch-edition-2017-switch,2026-10-05,Track title is taken from KHInsider's soundtrack/gamerip album index. Popularity is an explicitly labelled proxy based on BeatHit game rank and track prominence.,"{""culture_category"":""video_game_music"",""video_game"":""Farming Simulator 25"",""game_rank"":801,""game_association_kind"":""khinsider_game_soundtrack"",""khinsider_album_url"":""https://downloads.khinsider.com/game-soundtracks/album/farming-simulator-17-nintendo-switch-edition-2017-switch"",""khinsider_album_title"":""Farming Simulator: Nintendo Switch Edition (farming-simulator-17-nintendo-switch-edition-2017-switch)"",""khinsider_album_kind"":""unclassified_game_album"",""khinsider_album_match_score"":91.89189189189189,""relevance_score_100"":90.1081081081081,""popularity_score_100"":37.21643096852584,""score_100"":68.9514372522752,""popularity_basis"":""BeatHit master-list game rank plus track position proxy""}"
233,Pop - You Cant Hold Me Down,Unknown credited artist,[],Farming Simulator 19 (farming-simulator-19-ost),,,"[""video game soundtrack""]","[""und""]",,,,Farming Simulator 25,,,khinsider_track_prominence_proxy,32.59643096852584,score_0_100,,,,68.9034372522752,,,,https://downloads.khinsider.com/game-soundtracks/album/farming-simulator-19-ost,2026-10-05,Track title is taken from KHInsider's soundtrack/gamerip album index. Popularity is an explicitly labelled proxy based on BeatHit game rank and track prominence.,"{""culture_category"":""video_game_music"",""video_game"":""Farming Simulator 25"",""game_rank"":801,""game_association_kind"":""khinsider_game_soundtrack"",""khinsider_album_url"":""https://downloads.khinsider.com/game-soundtracks/album/farming-simulator-19-ost"",""khinsider_album_title"":""Farming Simulator 19 (farming-simulator-19-ost)"",""khinsider_album_kind"":""official_or_gamerip"",""khinsider_album_match_score"":91.89189189189189,""relevance_score_100"":93.1081081081081,""popularity_score_100"":32.59643096852584,""score_100"":68.9034372522752,""popularity_basis"":""BeatHit master-list game rank plus track position proxy""}"
234,Pleasure,Unknown credited artist,[],Farming Simulator 22 Platinum Expansion (farming-simulator-22-platinum-expansion-windows-gamerip-2022),,,"[""video game soundtrack""]","[""und""]",,,,Farming Simulator 25,,,khinsider_track_prominence_proxy,32.59643096852584,score_0_100,,,,68.9034372522752,,,,https://downloads.khinsider.com/game-soundtracks/album/farming-simulator-22-platinum-expansion-windows-gamerip-2022,2026-10-05,Track title is taken from KHInsider's soundtrack/gamerip album index. Popularity is an explicitly labelled proxy based on BeatHit game rank and track prominence.,"{""culture_category"":""video_game_music"",""video_game"":""Farming Simulator 25"",""game_rank"":801,""game_association_kind"":""khinsider_game_soundtrack"",""khinsider_album_url"":""https://downloads.khinsider.com/game-soundtracks/album/farming-simulator-22-platinum-expansion-windows-gamerip-2022"",""khinsider_album_title"":""Farming Simulator 22 Platinum Expansion (farming-simulator-22-platinum-expansion-windows-gamerip-2022)"",""khinsider_album_kind"":""official_or_gamerip"",""khinsider_album_match_score"":91.89189189189189,""relevance_score_100"":93.1081081081081,""popularity_score_100"":32.59643096852584,""score_100"":68.9034372522752,""popularity_basis"":""BeatHit master-list game rank plus track position proxy""}"
235,Pop - Seventeen,Unknown credited artist,[],Farming Simulator: Nintendo Switch Edition (farming-simulator-17-nintendo-switch-edition-2017-switch),,,"[""video game soundtrack""]","[""und""]",,,,Farming Simulator 25,,,khinsider_track_prominence_proxy,37.00643096852584,score_0_100,,,,68.8674372522752,,,,https://downloads.khinsider.com/game-soundtracks/album/farming-simulator-17-nintendo-switch-edition-2017-switch,2026-10-05,Track title is taken from KHInsider's soundtrack/gamerip album index. Popularity is an explicitly labelled proxy based on BeatHit game rank and track prominence.,"{""culture_category"":""video_game_music"",""video_game"":""Farming Simulator 25"",""game_rank"":801,""game_association_kind"":""khinsider_game_soundtrack"",""khinsider_album_url"":""https://downloads.khinsider.com/game-soundtracks/album/farming-simulator-17-nintendo-switch-edition-2017-switch"",""khinsider_album_title"":""Farming Simulator: Nintendo Switch Edition (farming-simulator-17-nintendo-switch-edition-2017-switch)"",""khinsider_album_kind"":""unclassified_game_album"",""khinsider_album_match_score"":91.89189189189189,""relevance_score_100"":90.1081081081081,""popularity_score_100"":37.00643096852584,""score_100"":68.8674372522752,""popularity_basis"":""BeatHit master-list game rank plus track position proxy""}"
236,Rock - Another Dollar,Unknown credited artist,[],Farming Simulator 19 (farming-simulator-19-ost),,,"[""video game soundtrack""]","[""und""]",,,,Farming Simulator 25,,,khinsider_track_prominence_proxy,32.38643096852584,score_0_100,,,,68.8194372522752,,,,https://downloads.khinsider.com/game-soundtracks/album/farming-simulator-19-ost,2026-10-05,Track title is taken from KHInsider's soundtrack/gamerip album index. Popularity is an explicitly labelled proxy based on BeatHit game rank and track prominence.,"{""culture_category"":""video_game_music"",""video_game"":""Farming Simulator 25"",""game_rank"":801,""game_association_kind"":""khinsider_game_soundtrack"",""khinsider_album_url"":""https://downloads.khinsider.com/game-soundtracks/album/farming-simulator-19-ost"",""khinsider_album_title"":""Farming Simulator 19 (farming-simulator-19-ost)"",""khinsider_album_kind"":""official_or_gamerip"",""khinsider_album_match_score"":91.89189189189189,""relevance_score_100"":93.1081081081081,""popularity_score_100"":32.38643096852584,""score_100"":68.8194372522752,""popularity_basis"":""BeatHit master-list game rank plus track position proxy""}"
237,Polymorph,Unknown credited artist,[],Farming Simulator 22 Platinum Expansion (farming-simulator-22-platinum-expansion-windows-gamerip-2022),,,"[""video game soundtrack""]","[""und""]",,,,Farming Simulator 25,,,khinsider_track_prominence_proxy,32.38643096852584,score_0_100,,,,68.8194372522752,,,,https://downloads.khinsider.com/game-soundtracks/album/farming-simulator-22-platinum-expansion-windows-gamerip-2022,2026-10-05,Track title is taken from KHInsider's soundtrack/gamerip album index. Popularity is an explicitly labelled proxy based on BeatHit game rank and track prominence.,"{""culture_category"":""video_game_music"",""video_game"":""Farming Simulator 25"",""game_rank"":801,""game_association_kind"":""khinsider_game_soundtrack"",""khinsider_album_url"":""https://downloads.khinsider.com/game-soundtracks/album/farming-simulator-22-platinum-expansion-windows-gamerip-2022"",""khinsider_album_title"":""Farming Simulator 22 Platinum Expansion (farming-simulator-22-platinum-expansion-windows-gamerip-2022)"",""khinsider_album_kind"":""official_or_gamerip"",""khinsider_album_match_score"":91.89189189189189,""relevance_score_100"":93.1081081081081,""popularity_score_100"":32.38643096852584,""score_100"":68.8194372522752,""popularity_basis"":""BeatHit master-list game rank plus track position proxy""}"
238,Pop - Spring Falls,Unknown credited artist,[],Farming Simulator: Nintendo Switch Edition (farming-simulator-17-nintendo-switch-edition-2017-switch),,,"[""video game soundtrack""]","[""und""]",,,,Farming Simulator 25,,,khinsider_track_prominence_proxy,36.79643096852584,score_0_100,,,,68.78343725227519,,,,https://downloads.khinsider.com/game-soundtracks/album/farming-simulator-17-nintendo-switch-edition-2017-switch,2026-10-05,Track title is taken from KHInsider's soundtrack/gamerip album index. Popularity is an explicitly labelled proxy based on BeatHit game rank and track prominence.,"{""culture_category"":""video_game_music"",""video_game"":""Farming Simulator 25"",""game_rank"":801,""game_association_kind"":""khinsider_game_soundtrack"",""khinsider_album_url"":""https://downloads.khinsider.com/game-soundtracks/album/farming-simulator-17-nintendo-switch-edition-2017-switch"",""khinsider_album_title"":""Farming Simulator: Nintendo Switch Edition (farming-simulator-17-nintendo-switch-edition-2017-switch)"",""khinsider_album_kind"":""unclassified_game_album"",""khinsider_album_match_score"":91.89189189189189,""relevance_score_100"":90.1081081081081,""popularity_score_100"":36.79643096852584,""score_100"":68.78343725227519,""popularity_basis"":""BeatHit master-list game rank plus track position proxy""}"
239,Rock - Blood Sweat And Dirt,Unknown credited artist,[],Farming Simulator 19 (farming-simulator-19-ost),,,"[""video game soundtrack""]","[""und""]",,,,Farming Simulator 25,,,khinsider_track_prominence_proxy,32.17643096852584,score_0_100,,,,68.73543725227519,,,,https://downloads.khinsider.com/game-soundtracks/album/farming-simulator-19-ost,2026-10-05,Track title is taken from KHInsider's soundtrack/gamerip album index. Popularity is an explicitly labelled proxy based on BeatHit game rank and track prominence.,"{""culture_category"":""video_game_music"",""video_game"":""Farming Simulator 25"",""game_rank"":801,""game_association_kind"":""khinsider_game_soundtrack"",""khinsider_album_url"":""https://downloads.khinsider.com/game-soundtracks/album/farming-simulator-19-ost"",""khinsider_album_title"":""Farming Simulator 19 (farming-simulator-19-ost)"",""khinsider_album_kind"":""official_or_gamerip"",""khinsider_album_match_score"":91.89189189189189,""relevance_score_100"":93.1081081081081,""popularity_score_100"":32.17643096852584,""score_100"":68.73543725227519,""popularity_basis"":""BeatHit master-list game rank plus track position proxy""}"
240,Postcards,Unknown credited artist,[],Farming Simulator 22 Platinum Expansion (farming-simulator-22-platinum-expansion-windows-gamerip-2022),,,"[""video game soundtrack""]","[""und""]",,,,Farming Simulator 25,,,khinsider_track_prominence_proxy,32.17643096852584,score_0_100,,,,68.73543725227519,,,,https://downloads.khinsider.com/game-soundtracks/album/farming-simulator-22-platinum-expansion-windows-gamerip-2022,2026-10-05,Track title is taken from KHInsider's soundtrack/gamerip album index. Popularity is an explicitly labelled proxy based on BeatHit game rank and track prominence.,"{""culture_category"":""video_game_music"",""video_game"":""Farming Simulator 25"",""game_rank"":801,""game_association_kind"":""khinsider_game_soundtrack"",""khinsider_album_url"":""https://downloads.khinsider.com/game-soundtracks/album/farming-simulator-22-platinum-expansion-windows-gamerip-2022"",""khinsider_album_title"":""Farming Simulator 22 Platinum Expansion (farming-simulator-22-platinum-expansion-windows-gamerip-2022)"",""khinsider_album_kind"":""official_or_gamerip"",""khinsider_album_match_score"":91.89189189189189,""relevance_score_100"":93.1081081081081,""popularity_score_100"":32.17643096852584,""score_100"":68.73543725227519,""popularity_basis"":""BeatHit master-list game rank plus track position proxy""}"
241,Pop - This Is Now,Unknown credited artist,[],Farming Simulator: Nintendo Switch Edition (farming-simulator-17-nintendo-switch-edition-2017-switch),,,"[""video game soundtrack""]","[""und""]",,,,Farming Simulator 25,,,khinsider_track_prominence_proxy,36.58643096852584,score_0_100,,,,68.6994372522752,,,,https://downloads.khinsider.com/game-soundtracks/album/farming-simulator-17-nintendo-switch-edition-2017-switch,2026-10-05,Track title is taken from KHInsider's soundtrack/gamerip album index. Popularity is an explicitly labelled proxy based on BeatHit game rank and track prominence.,"{""culture_category"":""video_game_music"",""video_game"":""Farming Simulator 25"",""game_rank"":801,""game_association_kind"":""khinsider_game_soundtrack"",""khinsider_album_url"":""https://downloads.khinsider.com/game-soundtracks/album/farming-simulator-17-nintendo-switch-edition-2017-switch"",""khinsider_album_title"":""Farming Simulator: Nintendo Switch Edition (farming-simulator-17-nintendo-switch-edition-2017-switch)"",""khinsider_album_kind"":""unclassified_game_album"",""khinsider_album_match_score"":91.89189189189189,""relevance_score_100"":90.1081081081081,""popularity_score_100"":36.58643096852584,""score_100"":68.6994372522752,""popularity_basis"":""BeatHit master-list game rank plus track position proxy""}"
242,Rock - Bullet Brothers,Unknown credited artist,[],Farming Simulator 19 (farming-simulator-19-ost),,,"[""video game soundtrack""]","[""und""]",,,,Farming Simulator 25,,,khinsider_track_prominence_proxy,31.96643096852584,score_0_100,,,,68.6514372522752,,,,https://downloads.khinsider.com/game-soundtracks/album/farming-simulator-19-ost,2026-10-05,Track title is taken from KHInsider's soundtrack/gamerip album index. Popularity is an explicitly labelled proxy based on BeatHit game rank and track prominence.,"{""culture_category"":""video_game_music"",""video_game"":""Farming Simulator 25"",""game_rank"":801,""game_association_kind"":""khinsider_game_soundtrack"",""khinsider_album_url"":""https://downloads.khinsider.com/game-soundtracks/album/farming-simulator-19-ost"",""khinsider_album_title"":""Farming Simulator 19 (farming-simulator-19-ost)"",""khinsider_album_kind"":""official_or_gamerip"",""khinsider_album_match_score"":91.89189189189189,""relevance_score_100"":93.1081081081081,""popularity_score_100"":31.96643096852584,""score_100"":68.6514372522752,""popularity_basis"":""BeatHit master-list game rank plus track position proxy""}"
243,Project L A,Unknown credited artist,[],Farming Simulator 22 Platinum Expansion (farming-simulator-22-platinum-expansion-windows-gamerip-2022),,,"[""video game soundtrack""]","[""und""]",,,,Farming Simulator 25,,,khinsider_track_prominence_proxy,31.96643096852584,score_0_100,,,,68.6514372522752,,,,https://downloads.khinsider.com/game-soundtracks/album/farming-simulator-22-platinum-expansion-windows-gamerip-2022,2026-10-05,Track title is taken from KHInsider's soundtrack/gamerip album index. Popularity is an explicitly labelled proxy based on BeatHit game rank and track prominence.,"{""culture_category"":""video_game_music"",""video_game"":""Farming Simulator 25"",""game_rank"":801,""game_association_kind"":""khinsider_game_soundtrack"",""khinsider_album_url"":""https://downloads.khinsider.com/game-soundtracks/album/farming-simulator-22-platinum-expansion-windows-gamerip-2022"",""khinsider_album_title"":""Farming Simulator 22 Platinum Expansion (farming-simulator-22-platinum-expansion-windows-gamerip-2022)"",""khinsider_album_kind"":""official_or_gamerip"",""khinsider_album_match_score"":91.89189189189189,""relevance_score_100"":93.1081081081081,""popularity_score_100"":31.96643096852584,""score_100"":68.6514372522752,""popularity_basis"":""BeatHit master-list game rank plus track position proxy""}"
244,Pop - When You See Her,Unknown credited artist,[],Farming Simulator: Nintendo Switch Edition (farming-simulator-17-nintendo-switch-edition-2017-switch),,,"[""video game soundtrack""]","[""und""]",,,,Farming Simulator 25,,,khinsider_track_prominence_proxy,36.37643096852584,score_0_100,,,,68.6154372522752,,,,https://downloads.khinsider.com/game-soundtracks/album/farming-simulator-17-nintendo-switch-edition-2017-switch,2026-10-05,Track title is taken from KHInsider's soundtrack/gamerip album index. Popularity is an explicitly labelled proxy based on BeatHit game rank and track prominence.,"{""culture_category"":""video_game_music"",""video_game"":""Farming Simulator 25"",""game_rank"":801,""game_association_kind"":""khinsider_game_soundtrack"",""khinsider_album_url"":""https://downloads.khinsider.com/game-soundtracks/album/farming-simulator-17-nintendo-switch-edition-2017-switch"",""khinsider_album_title"":""Farming Simulator: Nintendo Switch Edition (farming-simulator-17-nintendo-switch-edition-2017-switch)"",""khinsider_album_kind"":""unclassified_game_album"",""khinsider_album_match_score"":91.89189189189189,""relevance_score_100"":90.1081081081081,""popularity_score_100"":36.37643096852584,""score_100"":68.6154372522752,""popularity_basis"":""BeatHit master-list game rank plus track position proxy""}"
245,Rock - Chopper,Unknown credited artist,[],Farming Simulator 19 (farming-simulator-19-ost),,,"[""video game soundtrack""]","[""und""]",,,,Farming Simulator 25,,,khinsider_track_prominence_proxy,31.75643096852584,score_0_100,,,,68.5674372522752,,,,https://downloads.khinsider.com/game-soundtracks/album/farming-simulator-19-ost,2026-10-05,Track title is taken from KHInsider's soundtrack/gamerip album index. Popularity is an explicitly labelled proxy based on BeatHit game rank and track prominence.,"{""culture_category"":""video_game_music"",""video_game"":""Farming Simulator 25"",""game_rank"":801,""game_association_kind"":""khinsider_game_soundtrack"",""khinsider_album_url"":""https://downloads.khinsider.com/game-soundtracks/album/farming-simulator-19-ost"",""khinsider_album_title"":""Farming Simulator 19 (farming-simulator-19-ost)"",""khinsider_album_kind"":""official_or_gamerip"",""khinsider_album_match_score"":91.89189189189189,""relevance_score_100"":93.1081081081081,""popularity_score_100"":31.75643096852584,""score_100"":68.5674372522752,""popularity_basis"":""BeatHit master-list game rank plus track position proxy""}"
246,Quedate Conmigo,Unknown credited artist,[],Farming Simulator 22 Platinum Expansion (farming-simulator-22-platinum-expansion-windows-gamerip-2022),,,"[""video game soundtrack""]","[""und""]",,,,Farming Simulator 25,,,khinsider_track_prominence_proxy,31.75643096852584,score_0_100,,,,68.5674372522752,,,,https://downloads.khinsider.com/game-soundtracks/album/farming-simulator-22-platinum-expansion-windows-gamerip-2022,2026-10-05,Track title is taken from KHInsider's soundtrack/gamerip album index. Popularity is an explicitly labelled proxy based on BeatHit game rank and track prominence.,"{""culture_category"":""video_game_music"",""video_game"":""Farming Simulator 25"",""game_rank"":801,""game_association_kind"":""khinsider_game_soundtrack"",""khinsider_album_url"":""https://downloads.khinsider.com/game-soundtracks/album/farming-simulator-22-platinum-expansion-windows-gamerip-2022"",""khinsider_album_title"":""Farming Simulator 22 Platinum Expansion (farming-simulator-22-platinum-expansion-windows-gamerip-2022)"",""khinsider_album_kind"":""official_or_gamerip"",""khinsider_album_match_score"":91.89189189189189,""relevance_score_100"":93.1081081081081,""popularity_score_100"":31.75643096852584,""score_100"":68.5674372522752,""popularity_basis"":""BeatHit master-list game rank plus track position proxy""}"
247,Rock - A New Beginning,Unknown credited artist,[],Farming Simulator: Nintendo Switch Edition (farming-simulator-17-nintendo-switch-edition-2017-switch),,,"[""video game soundtrack""]","[""und""]",,,,Farming Simulator 25,,,khinsider_track_prominence_proxy,36.166430968525844,score_0_100,,,,68.5314372522752,,,,https://downloads.khinsider.com/game-soundtracks/album/farming-simulator-17-nintendo-switch-edition-2017-switch,2026-10-05,Track title is taken from KHInsider's soundtrack/gamerip album index. Popularity is an explicitly labelled proxy based on BeatHit game rank and track prominence.,"{""culture_category"":""video_game_music"",""video_game"":""Farming Simulator 25"",""game_rank"":801,""game_association_kind"":""khinsider_game_soundtrack"",""khinsider_album_url"":""https://downloads.khinsider.com/game-soundtracks/album/farming-simulator-17-nintendo-switch-edition-2017-switch"",""khinsider_album_title"":""Farming Simulator: Nintendo Switch Edition (farming-simulator-17-nintendo-switch-edition-2017-switch)"",""khinsider_album_kind"":""unclassified_game_album"",""khinsider_album_match_score"":91.89189189189189,""relevance_score_100"":90.1081081081081,""popularity_score_100"":36.166430968525844,""score_100"":68.5314372522752,""popularity_basis"":""BeatHit master-list game rank plus track position proxy""}"
248,Rock - Crush And Destroy,Unknown credited artist,[],Farming Simulator 19 (farming-simulator-19-ost),,,"[""video game soundtrack""]","[""und""]",,,,Farming Simulator 25,,,khinsider_track_prominence_proxy,31.54643096852584,score_0_100,,,,68.4834372522752,,,,https://downloads.khinsider.com/game-soundtracks/album/farming-simulator-19-ost,2026-10-05,Track title is taken from KHInsider's soundtrack/gamerip album index. Popularity is an explicitly labelled proxy based on BeatHit game rank and track prominence.,"{""culture_category"":""video_game_music"",""video_game"":""Farming Simulator 25"",""game_rank"":801,""game_association_kind"":""khinsider_game_soundtrack"",""khinsider_album_url"":""https://downloads.khinsider.com/game-soundtracks/album/farming-simulator-19-ost"",""khinsider_album_title"":""Farming Simulator 19 (farming-simulator-19-ost)"",""khinsider_album_kind"":""official_or_gamerip"",""khinsider_album_match_score"":91.89189189189189,""relevance_score_100"":93.1081081081081,""popularity_score_100"":31.54643096852584,""score_100"":68.4834372522752,""popularity_basis"":""BeatHit master-list game rank plus track position proxy""}"
249,Race To Nowhere,Unknown credited artist,[],Farming Simulator 22 Platinum Expansion (farming-simulator-22-platinum-expansion-windows-gamerip-2022),,,"[""video game soundtrack""]","[""und""]",,,,Farming Simulator 25,,,khinsider_track_prominence_proxy,31.54643096852584,score_0_100,,,,68.4834372522752,,,,https://downloads.khinsider.com/game-soundtracks/album/farming-simulator-22-platinum-expansion-windows-gamerip-2022,2026-10-05,Track title is taken from KHInsider's soundtrack/gamerip album index. Popularity is an explicitly labelled proxy based on BeatHit game rank and track prominence.,"{""culture_category"":""video_game_music"",""video_game"":""Farming Simulator 25"",""game_rank"":801,""game_association_kind"":""khinsider_game_soundtrack"",""khinsider_album_url"":""https://downloads.khinsider.com/game-soundtracks/album/farming-simulator-22-platinum-expansion-windows-gamerip-2022"",""khinsider_album_title"":""Farming Simulator 22 Platinum Expansion (farming-simulator-22-platinum-expansion-windows-gamerip-2022)"",""khinsider_album_kind"":""official_or_gamerip"",""khinsider_album_match_score"":91.89189189189189,""relevance_score_100"":93.1081081081081,""popularity_score_100"":31.54643096852584,""score_100"":68.4834372522752,""popularity_basis"":""BeatHit master-list game rank plus track position proxy""}"
250,Rock - Back On The Road,Unknown credited artist,[],Farming Simulator: Nintendo Switch Edition (farming-simulator-17-nintendo-switch-edition-2017-switch),,,"[""video game soundtrack""]","[""und""]",,,,Farming Simulator 25,,,khinsider_track_prominence_proxy,35.95643096852584,score_0_100,,,,68.4474372522752,,,,https://downloads.khinsider.com/game-soundtracks/album/farming-simulator-17-nintendo-switch-edition-2017-switch,2026-10-05,Track title is taken from KHInsider's soundtrack/gamerip album index. Popularity is an explicitly labelled proxy based on BeatHit game rank and track prominence.,"{""culture_category"":""video_game_music"",""video_game"":""Farming Simulator 25"",""game_rank"":801,""game_association_kind"":""khinsider_game_soundtrack"",""khinsider_album_url"":""https://downloads.khinsider.com/game-soundtracks/album/farming-simulator-17-nintendo-switch-edition-2017-switch"",""khinsider_album_title"":""Farming Simulator: Nintendo Switch Edition (farming-simulator-17-nintendo-switch-edition-2017-switch)"",""khinsider_album_kind"":""unclassified_game_album"",""khinsider_album_match_score"":91.89189189189189,""relevance_score_100"":90.1081081081081,""popularity_score_100"":35.95643096852584,""score_100"":68.4474372522752,""popularity_basis"":""BeatHit master-list game rank plus track position proxy""}"
251,Rock - Cut Loose,Unknown credited artist,[],Farming Simulator 19 (farming-simulator-19-ost),,,"[""video game soundtrack""]","[""und""]",,,,Farming Simulator 25,,,khinsider_track_prominence_proxy,31.336430968525843,score_0_100,,,,68.39943725227519,,,,https://downloads.khinsider.com/game-soundtracks/album/farming-simulator-19-ost,2026-10-05,Track title is taken from KHInsider's soundtrack/gamerip album index. Popularity is an explicitly labelled proxy based on BeatHit game rank and track prominence.,"{""culture_category"":""video_game_music"",""video_game"":""Farming Simulator 25"",""game_rank"":801,""game_association_kind"":""khinsider_game_soundtrack"",""khinsider_album_url"":""https://downloads.khinsider.com/game-soundtracks/album/farming-simulator-19-ost"",""khinsider_album_title"":""Farming Simulator 19 (farming-simulator-19-ost)"",""khinsider_album_kind"":""official_or_gamerip"",""khinsider_album_match_score"":91.89189189189189,""relevance_score_100"":93.1081081081081,""popularity_score_100"":31.336430968525843,""score_100"":68.39943725227519,""popularity_basis"":""BeatHit master-list game rank plus track position proxy""}"
252,Raging Glory,Unknown credited artist,[],Farming Simulator 22 Platinum Expansion (farming-simulator-22-platinum-expansion-windows-gamerip-2022),,,"[""video game soundtrack""]","[""und""]",,,,Farming Simulator 25,,,khinsider_track_prominence_proxy,31.336430968525843,score_0_100,,,,68.39943725227519,,,,https://downloads.khinsider.com/game-soundtracks/album/farming-simulator-22-platinum-expansion-windows-gamerip-2022,2026-10-05,Track title is taken from KHInsider's soundtrack/gamerip album index. Popularity is an explicitly labelled proxy based on BeatHit game rank and track prominence.,"{""culture_category"":""video_game_music"",""video_game"":""Farming Simulator 25"",""game_rank"":801,""game_association_kind"":""khinsider_game_soundtrack"",""khinsider_album_url"":""https://downloads.khinsider.com/game-soundtracks/album/farming-simulator-22-platinum-expansion-windows-gamerip-2022"",""khinsider_album_title"":""Farming Simulator 22 Platinum Expansion (farming-simulator-22-platinum-expansion-windows-gamerip-2022)"",""khinsider_album_kind"":""official_or_gamerip"",""khinsider_album_match_score"":91.89189189189189,""relevance_score_100"":93.1081081081081,""popularity_score_100"":31.336430968525843,""score_100"":68.39943725227519,""popularity_basis"":""BeatHit master-list game rank plus track position proxy""}"
253,Rock - Colours Of The Rainbow,Unknown credited artist,[],Farming Simulator: Nintendo Switch Edition (farming-simulator-17-nintendo-switch-edition-2017-switch),,,"[""video game soundtrack""]","[""und""]",,,,Farming Simulator 25,,,khinsider_track_prominence_proxy,35.74643096852584,score_0_100,,,,68.36343725227519,,,,https://downloads.khinsider.com/game-soundtracks/album/farming-simulator-17-nintendo-switch-edition-2017-switch,2026-10-05,Track title is taken from KHInsider's soundtrack/gamerip album index. Popularity is an explicitly labelled proxy based on BeatHit game rank and track prominence.,"{""culture_category"":""video_game_music"",""video_game"":""Farming Simulator 25"",""game_rank"":801,""game_association_kind"":""khinsider_game_soundtrack"",""khinsider_album_url"":""https://downloads.khinsider.com/game-soundtracks/album/farming-simulator-17-nintendo-switch-edition-2017-switch"",""khinsider_album_title"":""Farming Simulator: Nintendo Switch Edition (farming-simulator-17-nintendo-switch-edition-2017-switch)"",""khinsider_album_kind"":""unclassified_game_album"",""khinsider_album_match_score"":91.89189189189189,""relevance_score_100"":90.1081081081081,""popularity_score_100"":35.74643096852584,""score_100"":68.36343725227519,""popularity_basis"":""BeatHit master-list game rank plus track position proxy""}"
254,Rock - Dead Mans Hand,Unknown credited artist,[],Farming Simulator 19 (farming-simulator-19-ost),,,"[""video game soundtrack""]","[""und""]",,,,Farming Simulator 25,,,khinsider_track_prominence_proxy,31.126430968525842,score_0_100,,,,68.31543725227519,,,,https://downloads.khinsider.com/game-soundtracks/album/farming-simulator-19-ost,2026-10-05,Track title is taken from KHInsider's soundtrack/gamerip album index. Popularity is an explicitly labelled proxy based on BeatHit game rank and track prominence.,"{""culture_category"":""video_game_music"",""video_game"":""Farming Simulator 25"",""game_rank"":801,""game_association_kind"":""khinsider_game_soundtrack"",""khinsider_album_url"":""https://downloads.khinsider.com/game-soundtracks/album/farming-simulator-19-ost"",""khinsider_album_title"":""Farming Simulator 19 (farming-simulator-19-ost)"",""khinsider_album_kind"":""official_or_gamerip"",""khinsider_album_match_score"":91.89189189189189,""relevance_score_100"":93.1081081081081,""popularity_score_100"":31.126430968525842,""score_100"":68.31543725227519,""popularity_basis"":""BeatHit master-list game rank plus track position proxy""}"
255,Raise Your Glass,Unknown credited artist,[],Farming Simulator 22 Platinum Expansion (farming-simulator-22-platinum-expansion-windows-gamerip-2022),,,"[""video game soundtrack""]","[""und""]",,,,Farming Simulator 25,,,khinsider_track_prominence_proxy,31.126430968525842,score_0_100,,,,68.31543725227519,,,,https://downloads.khinsider.com/game-soundtracks/album/farming-simulator-22-platinum-expansion-windows-gamerip-2022,2026-10-05,Track title is taken from KHInsider's soundtrack/gamerip album index. Popularity is an explicitly labelled proxy based on BeatHit game rank and track prominence.,"{""culture_category"":""video_game_music"",""video_game"":""Farming Simulator 25"",""game_rank"":801,""game_association_kind"":""khinsider_game_soundtrack"",""khinsider_album_url"":""https://downloads.khinsider.com/game-soundtracks/album/farming-simulator-22-platinum-expansion-windows-gamerip-2022"",""khinsider_album_title"":""Farming Simulator 22 Platinum Expansion (farming-simulator-22-platinum-expansion-windows-gamerip-2022)"",""khinsider_album_kind"":""official_or_gamerip"",""khinsider_album_match_score"":91.89189189189189,""relevance_score_100"":93.1081081081081,""popularity_score_100"":31.126430968525842,""score_100"":68.31543725227519,""popularity_basis"":""BeatHit master-list game rank plus track position proxy""}"
256,Rock - I Need Your Love,Unknown credited artist,[],Farming Simulator: Nintendo Switch Edition (farming-simulator-17-nintendo-switch-edition-2017-switch),,,"[""video game soundtrack""]","[""und""]",,,,Farming Simulator 25,,,khinsider_track_prominence_proxy,35.536430968525835,score_0_100,,,,68.27943725227519,,,,https://downloads.khinsider.com/game-soundtracks/album/farming-simulator-17-nintendo-switch-edition-2017-switch,2026-10-05,Track title is taken from KHInsider's soundtrack/gamerip album index. Popularity is an explicitly labelled proxy based on BeatHit game rank and track prominence.,"{""culture_category"":""video_game_music"",""video_game"":""Farming Simulator 25"",""game_rank"":801,""game_association_kind"":""khinsider_game_soundtrack"",""khinsider_album_url"":""https://downloads.khinsider.com/game-soundtracks/album/farming-simulator-17-nintendo-switch-edition-2017-switch"",""khinsider_album_title"":""Farming Simulator: Nintendo Switch Edition (farming-simulator-17-nintendo-switch-edition-2017-switch)"",""khinsider_album_kind"":""unclassified_game_album"",""khinsider_album_match_score"":91.89189189189189,""relevance_score_100"":90.1081081081081,""popularity_score_100"":35.536430968525835,""score_100"":68.27943725227519,""popularity_basis"":""BeatHit master-list game rank plus track position proxy""}"
257,Rock - Devour,Unknown credited artist,[],Farming Simulator 19 (farming-simulator-19-ost),,,"[""video game soundtrack""]","[""und""]",,,,Farming Simulator 25,,,khinsider_track_prominence_proxy,30.91643096852584,score_0_100,,,,68.23143725227519,,,,https://downloads.khinsider.com/game-soundtracks/album/farming-simulator-19-ost,2026-10-05,Track title is taken from KHInsider's soundtrack/gamerip album index. Popularity is an explicitly labelled proxy based on BeatHit game rank and track prominence.,"{""culture_category"":""video_game_music"",""video_game"":""Farming Simulator 25"",""game_rank"":801,""game_association_kind"":""khinsider_game_soundtrack"",""khinsider_album_url"":""https://downloads.khinsider.com/game-soundtracks/album/farming-simulator-19-ost"",""khinsider_album_title"":""Farming Simulator 19 (farming-simulator-19-ost)"",""khinsider_album_kind"":""official_or_gamerip"",""khinsider_album_match_score"":91.89189189189189,""relevance_score_100"":93.1081081081081,""popularity_score_100"":30.91643096852584,""score_100"":68.23143725227519,""popularity_basis"":""BeatHit master-list game rank plus track position proxy""}"
258,Razor Blade,Unknown credited artist,[],Farming Simulator 22 Platinum Expansion (farming-simulator-22-platinum-expansion-windows-gamerip-2022),,,"[""video game soundtrack""]","[""und""]",,,,Farming Simulator 25,,,khinsider_track_prominence_proxy,30.91643096852584,score_0_100,,,,68.23143725227519,,,,https://downloads.khinsider.com/game-soundtracks/album/farming-simulator-22-platinum-expansion-windows-gamerip-2022,2026-10-05,Track title is taken from KHInsider's soundtrack/gamerip album index. Popularity is an explicitly labelled proxy based on BeatHit game rank and track prominence.,"{""culture_category"":""video_game_music"",""video_game"":""Farming Simulator 25"",""game_rank"":801,""game_association_kind"":""khinsider_game_soundtrack"",""khinsider_album_url"":""https://downloads.khinsider.com/game-soundtracks/album/farming-simulator-22-platinum-expansion-windows-gamerip-2022"",""khinsider_album_title"":""Farming Simulator 22 Platinum Expansion (farming-simulator-22-platinum-expansion-windows-gamerip-2022)"",""khinsider_album_kind"":""official_or_gamerip"",""khinsider_album_match_score"":91.89189189189189,""relevance_score_100"":93.1081081081081,""popularity_score_100"":30.91643096852584,""score_100"":68.23143725227519,""popularity_basis"":""BeatHit master-list game rank plus track position proxy""}"
259,Rock - Keep It Sweet,Unknown credited artist,[],Farming Simulator: Nintendo Switch Edition (farming-simulator-17-nintendo-switch-edition-2017-switch),,,"[""video game soundtrack""]","[""und""]",,,,Farming Simulator 25,,,khinsider_track_prominence_proxy,35.32643096852584,score_0_100,,,,68.1954372522752,,,,https://downloads.khinsider.com/game-soundtracks/album/farming-simulator-17-nintendo-switch-edition-2017-switch,2026-10-05,Track title is taken from KHInsider's soundtrack/gamerip album index. Popularity is an explicitly labelled proxy based on BeatHit game rank and track prominence.,"{""culture_category"":""video_game_music"",""video_game"":""Farming Simulator 25"",""game_rank"":801,""game_association_kind"":""khinsider_game_soundtrack"",""khinsider_album_url"":""https://downloads.khinsider.com/game-soundtracks/album/farming-simulator-17-nintendo-switch-edition-2017-switch"",""khinsider_album_title"":""Farming Simulator: Nintendo Switch Edition (farming-simulator-17-nintendo-switch-edition-2017-switch)"",""khinsider_album_kind"":""unclassified_game_album"",""khinsider_album_match_score"":91.89189189189189,""relevance_score_100"":90.1081081081081,""popularity_score_100"":35.32643096852584,""score_100"":68.1954372522752,""popularity_basis"":""BeatHit master-list game rank plus track position proxy""}"
260,Rock - Fast Company,Unknown credited artist,[],Farming Simulator 19 (farming-simulator-19-ost),,,"[""video game soundtrack""]","[""und""]",,,,Farming Simulator 25,,,khinsider_track_prominence_proxy,30.706430968525844,score_0_100,,,,68.1474372522752,,,,https://downloads.khinsider.com/game-soundtracks/album/farming-simulator-19-ost,2026-10-05,Track title is taken from KHInsider's soundtrack/gamerip album index. Popularity is an explicitly labelled proxy based on BeatHit game rank and track prominence.,"{""culture_category"":""video_game_music"",""video_game"":""Farming Simulator 25"",""game_rank"":801,""game_association_kind"":""khinsider_game_soundtrack"",""khinsider_album_url"":""https://downloads.khinsider.com/game-soundtracks/album/farming-simulator-19-ost"",""khinsider_album_title"":""Farming Simulator 19 (farming-simulator-19-ost)"",""khinsider_album_kind"":""official_or_gamerip"",""khinsider_album_match_score"":91.89189189189189,""relevance_score_100"":93.1081081081081,""popularity_score_100"":30.706430968525844,""score_100"":68.1474372522752,""popularity_basis"":""BeatHit master-list game rank plus track position proxy""}"
261,Requiem For The Innocent,Unknown credited artist,[],Farming Simulator 22 Platinum Expansion (farming-simulator-22-platinum-expansion-windows-gamerip-2022),,,"[""video game soundtrack""]","[""und""]",,,,Farming Simulator 25,,,khinsider_track_prominence_proxy,30.706430968525844,score_0_100,,,,68.1474372522752,,,,https://downloads.khinsider.com/game-soundtracks/album/farming-simulator-22-platinum-expansion-windows-gamerip-2022,2026-10-05,Track title is taken from KHInsider's soundtrack/gamerip album index. Popularity is an explicitly labelled proxy based on BeatHit game rank and track prominence.,"{""culture_category"":""video_game_music"",""video_game"":""Farming Simulator 25"",""game_rank"":801,""game_association_kind"":""khinsider_game_soundtrack"",""khinsider_album_url"":""https://downloads.khinsider.com/game-soundtracks/album/farming-simulator-22-platinum-expansion-windows-gamerip-2022"",""khinsider_album_title"":""Farming Simulator 22 Platinum Expansion (farming-simulator-22-platinum-expansion-windows-gamerip-2022)"",""khinsider_album_kind"":""official_or_gamerip"",""khinsider_album_match_score"":91.89189189189189,""relevance_score_100"":93.1081081081081,""popularity_score_100"":30.706430968525844,""score_100"":68.1474372522752,""popularity_basis"":""BeatHit master-list game rank plus track position proxy""}"
262,Rock - Keep Rolling,Unknown credited artist,[],Farming Simulator: Nintendo Switch Edition (farming-simulator-17-nintendo-switch-edition-2017-switch),,,"[""video game soundtrack""]","[""und""]",,,,Farming Simulator 25,,,khinsider_track_prominence_proxy,35.11643096852584,score_0_100,,,,68.1114372522752,,,,https://downloads.khinsider.com/game-soundtracks/album/farming-simulator-17-nintendo-switch-edition-2017-switch,2026-10-05,Track title is taken from KHInsider's soundtrack/gamerip album index. Popularity is an explicitly labelled proxy based on BeatHit game rank and track prominence.,"{""culture_category"":""video_game_music"",""video_game"":""Farming Simulator 25"",""game_rank"":801,""game_association_kind"":""khinsider_game_soundtrack"",""khinsider_album_url"":""https://downloads.khinsider.com/game-soundtracks/album/farming-simulator-17-nintendo-switch-edition-2017-switch"",""khinsider_album_title"":""Farming Simulator: Nintendo Switch Edition (farming-simulator-17-nintendo-switch-edition-2017-switch)"",""khinsider_album_kind"":""unclassified_game_album"",""khinsider_album_match_score"":91.89189189189189,""relevance_score_100"":90.1081081081081,""popularity_score_100"":35.11643096852584,""score_100"":68.1114372522752,""popularity_basis"":""BeatHit master-list game rank plus track position proxy""}"
263,Rock - Fight For Who I Am,Unknown credited artist,[],Farming Simulator 19 (farming-simulator-19-ost),,,"[""video game soundtrack""]","[""und""]",,,,Farming Simulator 25,,,khinsider_track_prominence_proxy,30.496430968525843,score_0_100,,,,68.0634372522752,,,,https://downloads.khinsider.com/game-soundtracks/album/farming-simulator-19-ost,2026-10-05,Track title is taken from KHInsider's soundtrack/gamerip album index. Popularity is an explicitly labelled proxy based on BeatHit game rank and track prominence.,"{""culture_category"":""video_game_music"",""video_game"":""Farming Simulator 25"",""game_rank"":801,""game_association_kind"":""khinsider_game_soundtrack"",""khinsider_album_url"":""https://downloads.khinsider.com/game-soundtracks/album/farming-simulator-19-ost"",""khinsider_album_title"":""Farming Simulator 19 (farming-simulator-19-ost)"",""khinsider_album_kind"":""official_or_gamerip"",""khinsider_album_match_score"":91.89189189189189,""relevance_score_100"":93.1081081081081,""popularity_score_100"":30.496430968525843,""score_100"":68.0634372522752,""popularity_basis"":""BeatHit master-list game rank plus track position proxy""}"
264,Resolve It All,Unknown credited artist,[],Farming Simulator 22 Platinum Expansion (farming-simulator-22-platinum-expansion-windows-gamerip-2022),,,"[""video game soundtrack""]","[""und""]",,,,Farming Simulator 25,,,khinsider_track_prominence_proxy,30.496430968525843,score_0_100,,,,68.0634372522752,,,,https://downloads.khinsider.com/game-soundtracks/album/farming-simulator-22-platinum-expansion-windows-gamerip-2022,2026-10-05,Track title is taken from KHInsider's soundtrack/gamerip album index. Popularity is an explicitly labelled proxy based on BeatHit game rank and track prominence.,"{""culture_category"":""video_game_music"",""video_game"":""Farming Simulator 25"",""game_rank"":801,""game_association_kind"":""khinsider_game_soundtrack"",""khinsider_album_url"":""https://downloads.khinsider.com/game-soundtracks/album/farming-simulator-22-platinum-expansion-windows-gamerip-2022"",""khinsider_album_title"":""Farming Simulator 22 Platinum Expansion (farming-simulator-22-platinum-expansion-windows-gamerip-2022)"",""khinsider_album_kind"":""official_or_gamerip"",""khinsider_album_match_score"":91.89189189189189,""relevance_score_100"":93.1081081081081,""popularity_score_100"":30.496430968525843,""score_100"":68.0634372522752,""popularity_basis"":""BeatHit master-list game rank plus track position proxy""}"
265,Rock - Move Together,Unknown credited artist,[],Farming Simulator: Nintendo Switch Edition (farming-simulator-17-nintendo-switch-edition-2017-switch),,,"[""video game soundtrack""]","[""und""]",,,,Farming Simulator 25,,,khinsider_track_prominence_proxy,34.90643096852584,score_0_100,,,,68.02743725227519,,,,https://downloads.khinsider.com/game-soundtracks/album/farming-simulator-17-nintendo-switch-edition-2017-switch,2026-10-05,Track title is taken from KHInsider's soundtrack/gamerip album index. Popularity is an explicitly labelled proxy based on BeatHit game rank and track prominence.,"{""culture_category"":""video_game_music"",""video_game"":""Farming Simulator 25"",""game_rank"":801,""game_association_kind"":""khinsider_game_soundtrack"",""khinsider_album_url"":""https://downloads.khinsider.com/game-soundtracks/album/farming-simulator-17-nintendo-switch-edition-2017-switch"",""khinsider_album_title"":""Farming Simulator: Nintendo Switch Edition (farming-simulator-17-nintendo-switch-edition-2017-switch)"",""khinsider_album_kind"":""unclassified_game_album"",""khinsider_album_match_score"":91.89189189189189,""relevance_score_100"":90.1081081081081,""popularity_score_100"":34.90643096852584,""score_100"":68.02743725227519,""popularity_basis"":""BeatHit master-list game rank plus track position proxy""}"
266,Rock - Filtertron,Unknown credited artist,[],Farming Simulator 19 (farming-simulator-19-ost),,,"[""video game soundtrack""]","[""und""]",,,,Farming Simulator 25,,,khinsider_track_prominence_proxy,30.286430968525842,score_0_100,,,,67.97943725227519,,,,https://downloads.khinsider.com/game-soundtracks/album/farming-simulator-19-ost,2026-10-05,Track title is taken from KHInsider's soundtrack/gamerip album index. Popularity is an explicitly labelled proxy based on BeatHit game rank and track prominence.,"{""culture_category"":""video_game_music"",""video_game"":""Farming Simulator 25"",""game_rank"":801,""game_association_kind"":""khinsider_game_soundtrack"",""khinsider_album_url"":""https://downloads.khinsider.com/game-soundtracks/album/farming-simulator-19-ost"",""khinsider_album_title"":""Farming Simulator 19 (farming-simulator-19-ost)"",""khinsider_album_kind"":""official_or_gamerip"",""khinsider_album_match_score"":91.89189189189189,""relevance_score_100"":93.1081081081081,""popularity_score_100"":30.286430968525842,""score_100"":67.97943725227519,""popularity_basis"":""BeatHit master-list game rank plus track position proxy""}"
267,Rides,Unknown credited artist,[],Farming Simulator 22 Platinum Expansion (farming-simulator-22-platinum-expansion-windows-gamerip-2022),,,"[""video game soundtrack""]","[""und""]",,,,Farming Simulator 25,,,khinsider_track_prominence_proxy,30.286430968525842,score_0_100,,,,67.97943725227519,,,,https://downloads.khinsider.com/game-soundtracks/album/farming-simulator-22-platinum-expansion-windows-gamerip-2022,2026-10-05,Track title is taken from KHInsider's soundtrack/gamerip album index. Popularity is an explicitly labelled proxy based on BeatHit game rank and track prominence.,"{""culture_category"":""video_game_music"",""video_game"":""Farming Simulator 25"",""game_rank"":801,""game_association_kind"":""khinsider_game_soundtrack"",""khinsider_album_url"":""https://downloads.khinsider.com/game-soundtracks/album/farming-simulator-22-platinum-expansion-windows-gamerip-2022"",""khinsider_album_title"":""Farming Simulator 22 Platinum Expansion (farming-simulator-22-platinum-expansion-windows-gamerip-2022)"",""khinsider_album_kind"":""official_or_gamerip"",""khinsider_album_match_score"":91.89189189189189,""relevance_score_100"":93.1081081081081,""popularity_score_100"":30.286430968525842,""score_100"":67.97943725227519,""popularity_basis"":""BeatHit master-list game rank plus track position proxy""}"
268,Rock - Road King,Unknown credited artist,[],Farming Simulator: Nintendo Switch Edition (farming-simulator-17-nintendo-switch-edition-2017-switch),,,"[""video game soundtrack""]","[""und""]",,,,Farming Simulator 25,,,khinsider_track_prominence_proxy,34.69643096852584,score_0_100,,,,67.9434372522752,,,,https://downloads.khinsider.com/game-soundtracks/album/farming-simulator-17-nintendo-switch-edition-2017-switch,2026-10-05,Track title is taken from KHInsider's soundtrack/gamerip album index. Popularity is an explicitly labelled proxy based on BeatHit game rank and track prominence.,"{""culture_category"":""video_game_music"",""video_game"":""Farming Simulator 25"",""game_rank"":801,""game_association_kind"":""khinsider_game_soundtrack"",""khinsider_album_url"":""https://downloads.khinsider.com/game-soundtracks/album/farming-simulator-17-nintendo-switch-edition-2017-switch"",""khinsider_album_title"":""Farming Simulator: Nintendo Switch Edition (farming-simulator-17-nintendo-switch-edition-2017-switch)"",""khinsider_album_kind"":""unclassified_game_album"",""khinsider_album_match_score"":91.89189189189189,""relevance_score_100"":90.1081081081081,""popularity_score_100"":34.69643096852584,""score_100"":67.9434372522752,""popularity_basis"":""BeatHit master-list game rank plus track position proxy""}"
269,Rock - Gas In The Tank,Unknown credited artist,[],Farming Simulator 19 (farming-simulator-19-ost),,,"[""video game soundtrack""]","[""und""]",,,,Farming Simulator 25,,,khinsider_track_prominence_proxy,30.07643096852584,score_0_100,,,,67.8954372522752,,,,https://downloads.khinsider.com/game-soundtracks/album/farming-simulator-19-ost,2026-10-05,Track title is taken from KHInsider's soundtrack/gamerip album index. Popularity is an explicitly labelled proxy based on BeatHit game rank and track prominence.,"{""culture_category"":""video_game_music"",""video_game"":""Farming Simulator 25"",""game_rank"":801,""game_association_kind"":""khinsider_game_soundtrack"",""khinsider_album_url"":""https://downloads.khinsider.com/game-soundtracks/album/farming-simulator-19-ost"",""khinsider_album_title"":""Farming Simulator 19 (farming-simulator-19-ost)"",""khinsider_album_kind"":""official_or_gamerip"",""khinsider_album_match_score"":91.89189189189189,""relevance_score_100"":93.1081081081081,""popularity_score_100"":30.07643096852584,""score_100"":67.8954372522752,""popularity_basis"":""BeatHit master-list game rank plus track position proxy""}"
270,Run To You,Unknown credited artist,[],Farming Simulator 22 Platinum Expansion (farming-simulator-22-platinum-expansion-windows-gamerip-2022),,,"[""video game soundtrack""]","[""und""]",,,,Farming Simulator 25,,,khinsider_track_prominence_proxy,30.07643096852584,score_0_100,,,,67.8954372522752,,,,https://downloads.khinsider.com/game-soundtracks/album/farming-simulator-22-platinum-expansion-windows-gamerip-2022,2026-10-05,Track title is taken from KHInsider's soundtrack/gamerip album index. Popularity is an explicitly labelled proxy based on BeatHit game rank and track prominence.,"{""culture_category"":""video_game_music"",""video_game"":""Farming Simulator 25"",""game_rank"":801,""game_association_kind"":""khinsider_game_soundtrack"",""khinsider_album_url"":""https://downloads.khinsider.com/game-soundtracks/album/farming-simulator-22-platinum-expansion-windows-gamerip-2022"",""khinsider_album_title"":""Farming Simulator 22 Platinum Expansion (farming-simulator-22-platinum-expansion-windows-gamerip-2022)"",""khinsider_album_kind"":""official_or_gamerip"",""khinsider_album_match_score"":91.89189189189189,""relevance_score_100"":93.1081081081081,""popularity_score_100"":30.07643096852584,""score_100"":67.8954372522752,""popularity_basis"":""BeatHit master-list game rank plus track position proxy""}"
271,Rock - Rock Is The Answer,Unknown credited artist,[],Farming Simulator: Nintendo Switch Edition (farming-simulator-17-nintendo-switch-edition-2017-switch),,,"[""video game soundtrack""]","[""und""]",,,,Farming Simulator 25,,,khinsider_track_prominence_proxy,34.48643096852584,score_0_100,,,,67.8594372522752,,,,https://downloads.khinsider.com/game-soundtracks/album/farming-simulator-17-nintendo-switch-edition-2017-switch,2026-10-05,Track title is taken from KHInsider's soundtrack/gamerip album index. Popularity is an explicitly labelled proxy based on BeatHit game rank and track prominence.,"{""culture_category"":""video_game_music"",""video_game"":""Farming Simulator 25"",""game_rank"":801,""game_association_kind"":""khinsider_game_soundtrack"",""khinsider_album_url"":""https://downloads.khinsider.com/game-soundtracks/album/farming-simulator-17-nintendo-switch-edition-2017-switch"",""khinsider_album_title"":""Farming Simulator: Nintendo Switch Edition (farming-simulator-17-nintendo-switch-edition-2017-switch)"",""khinsider_album_kind"":""unclassified_game_album"",""khinsider_album_match_score"":91.89189189189189,""relevance_score_100"":90.1081081081081,""popularity_score_100"":34.48643096852584,""score_100"":67.8594372522752,""popularity_basis"":""BeatHit master-list game rank plus track position proxy""}"
272,Rock - Hold Your Fire,Unknown credited artist,[],Farming Simulator 19 (farming-simulator-19-ost),,,"[""video game soundtrack""]","[""und""]",,,,Farming Simulator 25,,,khinsider_track_prominence_proxy,29.86643096852584,score_0_100,,,,67.8114372522752,,,,https://downloads.khinsider.com/game-soundtracks/album/farming-simulator-19-ost,2026-10-05,Track title is taken from KHInsider's soundtrack/gamerip album index. Popularity is an explicitly labelled proxy based on BeatHit game rank and track prominence.,"{""culture_category"":""video_game_music"",""video_game"":""Farming Simulator 25"",""game_rank"":801,""game_association_kind"":""khinsider_game_soundtrack"",""khinsider_album_url"":""https://downloads.khinsider.com/game-soundtracks/album/farming-simulator-19-ost"",""khinsider_album_title"":""Farming Simulator 19 (farming-simulator-19-ost)"",""khinsider_album_kind"":""official_or_gamerip"",""khinsider_album_match_score"":91.89189189189189,""relevance_score_100"":93.1081081081081,""popularity_score_100"":29.86643096852584,""score_100"":67.8114372522752,""popularity_basis"":""BeatHit master-list game rank plus track position proxy""}"
273,Running Time,Unknown credited artist,[],Farming Simulator 22 Platinum Expansion (farming-simulator-22-platinum-expansion-windows-gamerip-2022),,,"[""video game soundtrack""]","[""und""]",,,,Farming Simulator 25,,,khinsider_track_prominence_proxy,29.86643096852584,score_0_100,,,,67.8114372522752,,,,https://downloads.khinsider.com/game-soundtracks/album/farming-simulator-22-platinum-expansion-windows-gamerip-2022,2026-10-05,Track title is taken from KHInsider's soundtrack/gamerip album index. Popularity is an explicitly labelled proxy based on BeatHit game rank and track prominence.,"{""culture_category"":""video_game_music"",""video_game"":""Farming Simulator 25"",""game_rank"":801,""game_association_kind"":""khinsider_game_soundtrack"",""khinsider_album_url"":""https://downloads.khinsider.com/game-soundtracks/album/farming-simulator-22-platinum-expansion-windows-gamerip-2022"",""khinsider_album_title"":""Farming Simulator 22 Platinum Expansion (farming-simulator-22-platinum-expansion-windows-gamerip-2022)"",""khinsider_album_kind"":""official_or_gamerip"",""khinsider_album_match_score"":91.89189189189189,""relevance_score_100"":93.1081081081081,""popularity_score_100"":29.86643096852584,""score_100"":67.8114372522752,""popularity_basis"":""BeatHit master-list game rank plus track position proxy""}"
274,Rock - Set You Free,Unknown credited artist,[],Farming Simulator: Nintendo Switch Edition (farming-simulator-17-nintendo-switch-edition-2017-switch),,,"[""video game soundtrack""]","[""und""]",,,,Farming Simulator 25,,,khinsider_track_prominence_proxy,34.276430968525844,score_0_100,,,,67.7754372522752,,,,https://downloads.khinsider.com/game-soundtracks/album/farming-simulator-17-nintendo-switch-edition-2017-switch,2026-10-05,Track title is taken from KHInsider's soundtrack/gamerip album index. Popularity is an explicitly labelled proxy based on BeatHit game rank and track prominence.,"{""culture_category"":""video_game_music"",""video_game"":""Farming Simulator 25"",""game_rank"":801,""game_association_kind"":""khinsider_game_soundtrack"",""khinsider_album_url"":""https://downloads.khinsider.com/game-soundtracks/album/farming-simulator-17-nintendo-switch-edition-2017-switch"",""khinsider_album_title"":""Farming Simulator: Nintendo Switch Edition (farming-simulator-17-nintendo-switch-edition-2017-switch)"",""khinsider_album_kind"":""unclassified_game_album"",""khinsider_album_match_score"":91.89189189189189,""relevance_score_100"":90.1081081081081,""popularity_score_100"":34.276430968525844,""score_100"":67.7754372522752,""popularity_basis"":""BeatHit master-list game rank plus track position proxy""}"
275,Rock - Insane,Unknown credited artist,[],Farming Simulator 19 (farming-simulator-19-ost),,,"[""video game soundtrack""]","[""und""]",,,,Farming Simulator 25,,,khinsider_track_prominence_proxy,29.65643096852584,score_0_100,,,,67.7274372522752,,,,https://downloads.khinsider.com/game-soundtracks/album/farming-simulator-19-ost,2026-10-05,Track title is taken from KHInsider's soundtrack/gamerip album index. Popularity is an explicitly labelled proxy based on BeatHit game rank and track prominence.,"{""culture_category"":""video_game_music"",""video_game"":""Farming Simulator 25"",""game_rank"":801,""game_association_kind"":""khinsider_game_soundtrack"",""khinsider_album_url"":""https://downloads.khinsider.com/game-soundtracks/album/farming-simulator-19-ost"",""khinsider_album_title"":""Farming Simulator 19 (farming-simulator-19-ost)"",""khinsider_album_kind"":""official_or_gamerip"",""khinsider_album_match_score"":91.89189189189189,""relevance_score_100"":93.1081081081081,""popularity_score_100"":29.65643096852584,""score_100"":67.7274372522752,""popularity_basis"":""BeatHit master-list game rank plus track position proxy""}"
276,Salut D Amour,Unknown credited artist,[],Farming Simulator 22 Platinum Expansion (farming-simulator-22-platinum-expansion-windows-gamerip-2022),,,"[""video game soundtrack""]","[""und""]",,,,Farming Simulator 25,,,khinsider_track_prominence_proxy,29.65643096852584,score_0_100,,,,67.7274372522752,,,,https://downloads.khinsider.com/game-soundtracks/album/farming-simulator-22-platinum-expansion-windows-gamerip-2022,2026-10-05,Track title is taken from KHInsider's soundtrack/gamerip album index. Popularity is an explicitly labelled proxy based on BeatHit game rank and track prominence.,"{""culture_category"":""video_game_music"",""video_game"":""Farming Simulator 25"",""game_rank"":801,""game_association_kind"":""khinsider_game_soundtrack"",""khinsider_album_url"":""https://downloads.khinsider.com/game-soundtracks/album/farming-simulator-22-platinum-expansion-windows-gamerip-2022"",""khinsider_album_title"":""Farming Simulator 22 Platinum Expansion (farming-simulator-22-platinum-expansion-windows-gamerip-2022)"",""khinsider_album_kind"":""official_or_gamerip"",""khinsider_album_match_score"":91.89189189189189,""relevance_score_100"":93.1081081081081,""popularity_score_100"":29.65643096852584,""score_100"":67.7274372522752,""popularity_basis"":""BeatHit master-list game rank plus track position proxy""}"
277,Rock - Shapes,Unknown credited artist,[],Farming Simulator: Nintendo Switch Edition (farming-simulator-17-nintendo-switch-edition-2017-switch),,,"[""video game soundtrack""]","[""und""]",,,,Farming Simulator 25,,,khinsider_track_prominence_proxy,34.066430968525836,score_0_100,,,,67.6914372522752,,,,https://downloads.khinsider.com/game-soundtracks/album/farming-simulator-17-nintendo-switch-edition-2017-switch,2026-10-05,Track title is taken from KHInsider's soundtrack/gamerip album index. Popularity is an explicitly labelled proxy based on BeatHit game rank and track prominence.,"{""culture_category"":""video_game_music"",""video_game"":""Farming Simulator 25"",""game_rank"":801,""game_association_kind"":""khinsider_game_soundtrack"",""khinsider_album_url"":""https://downloads.khinsider.com/game-soundtracks/album/farming-simulator-17-nintendo-switch-edition-2017-switch"",""khinsider_album_title"":""Farming Simulator: Nintendo Switch Edition (farming-simulator-17-nintendo-switch-edition-2017-switch)"",""khinsider_album_kind"":""unclassified_game_album"",""khinsider_album_match_score"":91.89189189189189,""relevance_score_100"":90.1081081081081,""popularity_score_100"":34.066430968525836,""score_100"":67.6914372522752,""popularity_basis"":""BeatHit master-list game rank plus track position proxy""}"
278,Rock - Pay Dirt,Unknown credited artist,[],Farming Simulator 19 (farming-simulator-19-ost),,,"[""video game soundtrack""]","[""und""]",,,,Farming Simulator 25,,,khinsider_track_prominence_proxy,29.44643096852584,score_0_100,,,,67.64343725227519,,,,https://downloads.khinsider.com/game-soundtracks/album/farming-simulator-19-ost,2026-10-05,Track title is taken from KHInsider's soundtrack/gamerip album index. Popularity is an explicitly labelled proxy based on BeatHit game rank and track prominence.,"{""culture_category"":""video_game_music"",""video_game"":""Farming Simulator 25"",""game_rank"":801,""game_association_kind"":""khinsider_game_soundtrack"",""khinsider_album_url"":""https://downloads.khinsider.com/game-soundtracks/album/farming-simulator-19-ost"",""khinsider_album_title"":""Farming Simulator 19 (farming-simulator-19-ost)"",""khinsider_album_kind"":""official_or_gamerip"",""khinsider_album_match_score"":91.89189189189189,""relevance_score_100"":93.1081081081081,""popularity_score_100"":29.44643096852584,""score_100"":67.64343725227519,""popularity_basis"":""BeatHit master-list game rank plus track position proxy""}"
279,Samba Bahia,Unknown credited artist,[],Farming Simulator 22 Platinum Expansion (farming-simulator-22-platinum-expansion-windows-gamerip-2022),,,"[""video game soundtrack""]","[""und""]",,,,Farming Simulator 25,,,khinsider_track_prominence_proxy,29.44643096852584,score_0_100,,,,67.64343725227519,,,,https://downloads.khinsider.com/game-soundtracks/album/farming-simulator-22-platinum-expansion-windows-gamerip-2022,2026-10-05,Track title is taken from KHInsider's soundtrack/gamerip album index. Popularity is an explicitly labelled proxy based on BeatHit game rank and track prominence.,"{""culture_category"":""video_game_music"",""video_game"":""Farming Simulator 25"",""game_rank"":801,""game_association_kind"":""khinsider_game_soundtrack"",""khinsider_album_url"":""https://downloads.khinsider.com/game-soundtracks/album/farming-simulator-22-platinum-expansion-windows-gamerip-2022"",""khinsider_album_title"":""Farming Simulator 22 Platinum Expansion (farming-simulator-22-platinum-expansion-windows-gamerip-2022)"",""khinsider_album_kind"":""official_or_gamerip"",""khinsider_album_match_score"":91.89189189189189,""relevance_score_100"":93.1081081081081,""popularity_score_100"":29.44643096852584,""score_100"":67.64343725227519,""popularity_basis"":""BeatHit master-list game rank plus track position proxy""}"
280,Rock - Smackdown,Unknown credited artist,[],Farming Simulator: Nintendo Switch Edition (farming-simulator-17-nintendo-switch-edition-2017-switch),,,"[""video game soundtrack""]","[""und""]",,,,Farming Simulator 25,,,khinsider_track_prominence_proxy,33.85643096852584,score_0_100,,,,67.60743725227519,,,,https://downloads.khinsider.com/game-soundtracks/album/farming-simulator-17-nintendo-switch-edition-2017-switch,2026-10-05,Track title is taken from KHInsider's soundtrack/gamerip album index. Popularity is an explicitly labelled proxy based on BeatHit game rank and track prominence.,"{""culture_category"":""video_game_music"",""video_game"":""Farming Simulator 25"",""game_rank"":801,""game_association_kind"":""khinsider_game_soundtrack"",""khinsider_album_url"":""https://downloads.khinsider.com/game-soundtracks/album/farming-simulator-17-nintendo-switch-edition-2017-switch"",""khinsider_album_title"":""Farming Simulator: Nintendo Switch Edition (farming-simulator-17-nintendo-switch-edition-2017-switch)"",""khinsider_album_kind"":""unclassified_game_album"",""khinsider_album_match_score"":91.89189189189189,""relevance_score_100"":90.1081081081081,""popularity_score_100"":33.85643096852584,""score_100"":67.60743725227519,""popularity_basis"":""BeatHit master-list game rank plus track position proxy""}"
281,Rock - Slip And Slide,Unknown credited artist,[],Farming Simulator 19 (farming-simulator-19-ost),,,"[""video game soundtrack""]","[""und""]",,,,Farming Simulator 25,,,khinsider_track_prominence_proxy,29.236430968525838,score_0_100,,,,67.55943725227519,,,,https://downloads.khinsider.com/game-soundtracks/album/farming-simulator-19-ost,2026-10-05,Track title is taken from KHInsider's soundtrack/gamerip album index. Popularity is an explicitly labelled proxy based on BeatHit game rank and track prominence.,"{""culture_category"":""video_game_music"",""video_game"":""Farming Simulator 25"",""game_rank"":801,""game_association_kind"":""khinsider_game_soundtrack"",""khinsider_album_url"":""https://downloads.khinsider.com/game-soundtracks/album/farming-simulator-19-ost"",""khinsider_album_title"":""Farming Simulator 19 (farming-simulator-19-ost)"",""khinsider_album_kind"":""official_or_gamerip"",""khinsider_album_match_score"":91.89189189189189,""relevance_score_100"":93.1081081081081,""popularity_score_100"":29.236430968525838,""score_100"":67.55943725227519,""popularity_basis"":""BeatHit master-list game rank plus track position proxy""}"
282,Sceptered Isle,Unknown credited artist,[],Farming Simulator 22 Platinum Expansion (farming-simulator-22-platinum-expansion-windows-gamerip-2022),,,"[""video game soundtrack""]","[""und""]",,,,Farming Simulator 25,,,khinsider_track_prominence_proxy,29.236430968525838,score_0_100,,,,67.55943725227519,,,,https://downloads.khinsider.com/game-soundtracks/album/farming-simulator-22-platinum-expansion-windows-gamerip-2022,2026-10-05,Track title is taken from KHInsider's soundtrack/gamerip album index. Popularity is an explicitly labelled proxy based on BeatHit game rank and track prominence.,"{""culture_category"":""video_game_music"",""video_game"":""Farming Simulator 25"",""game_rank"":801,""game_association_kind"":""khinsider_game_soundtrack"",""khinsider_album_url"":""https://downloads.khinsider.com/game-soundtracks/album/farming-simulator-22-platinum-expansion-windows-gamerip-2022"",""khinsider_album_title"":""Farming Simulator 22 Platinum Expansion (farming-simulator-22-platinum-expansion-windows-gamerip-2022)"",""khinsider_album_kind"":""official_or_gamerip"",""khinsider_album_match_score"":91.89189189189189,""relevance_score_100"":93.1081081081081,""popularity_score_100"":29.236430968525838,""score_100"":67.55943725227519,""popularity_basis"":""BeatHit master-list game rank plus track position proxy""}"
283,Rock - Strolling Home,Unknown credited artist,[],Farming Simulator: Nintendo Switch Edition (farming-simulator-17-nintendo-switch-edition-2017-switch),,,"[""video game soundtrack""]","[""und""]",,,,Farming Simulator 25,,,khinsider_track_prominence_proxy,33.64643096852584,score_0_100,,,,67.5234372522752,,,,https://downloads.khinsider.com/game-soundtracks/album/farming-simulator-17-nintendo-switch-edition-2017-switch,2026-10-05,Track title is taken from KHInsider's soundtrack/gamerip album index. Popularity is an explicitly labelled proxy based on BeatHit game rank and track prominence.,"{""culture_category"":""video_game_music"",""video_game"":""Farming Simulator 25"",""game_rank"":801,""game_association_kind"":""khinsider_game_soundtrack"",""khinsider_album_url"":""https://downloads.khinsider.com/game-soundtracks/album/farming-simulator-17-nintendo-switch-edition-2017-switch"",""khinsider_album_title"":""Farming Simulator: Nintendo Switch Edition (farming-simulator-17-nintendo-switch-edition-2017-switch)"",""khinsider_album_kind"":""unclassified_game_album"",""khinsider_album_match_score"":91.89189189189189,""relevance_score_100"":90.1081081081081,""popularity_score_100"":33.64643096852584,""score_100"":67.5234372522752,""popularity_basis"":""BeatHit master-list game rank plus track position proxy""}"
284,Rock - Southern Storm,Unknown credited artist,[],Farming Simulator 19 (farming-simulator-19-ost),,,"[""video game soundtrack""]","[""und""]",,,,Farming Simulator 25,,,khinsider_track_prominence_proxy,29.026430968525844,score_0_100,,,,67.4754372522752,,,,https://downloads.khinsider.com/game-soundtracks/album/farming-simulator-19-ost,2026-10-05,Track title is taken from KHInsider's soundtrack/gamerip album index. Popularity is an explicitly labelled proxy based on BeatHit game rank and track prominence.,"{""culture_category"":""video_game_music"",""video_game"":""Farming Simulator 25"",""game_rank"":801,""game_association_kind"":""khinsider_game_soundtrack"",""khinsider_album_url"":""https://downloads.khinsider.com/game-soundtracks/album/farming-simulator-19-ost"",""khinsider_album_title"":""Farming Simulator 19 (farming-simulator-19-ost)"",""khinsider_album_kind"":""official_or_gamerip"",""khinsider_album_match_score"":91.89189189189189,""relevance_score_100"":93.1081081081081,""popularity_score_100"":29.026430968525844,""score_100"":67.4754372522752,""popularity_basis"":""BeatHit master-list game rank plus track position proxy""}"
285,Seconds Away From Love,Unknown credited artist,[],Farming Simulator 22 Platinum Expansion (farming-simulator-22-platinum-expansion-windows-gamerip-2022),,,"[""video game soundtrack""]","[""und""]",,,,Farming Simulator 25,,,khinsider_track_prominence_proxy,29.026430968525844,score_0_100,,,,67.4754372522752,,,,https://downloads.khinsider.com/game-soundtracks/album/farming-simulator-22-platinum-expansion-windows-gamerip-2022,2026-10-05,Track title is taken from KHInsider's soundtrack/gamerip album index. Popularity is an explicitly labelled proxy based on BeatHit game rank and track prominence.,"{""culture_category"":""video_game_music"",""video_game"":""Farming Simulator 25"",""game_rank"":801,""game_association_kind"":""khinsider_game_soundtrack"",""khinsider_album_url"":""https://downloads.khinsider.com/game-soundtracks/album/farming-simulator-22-platinum-expansion-windows-gamerip-2022"",""khinsider_album_title"":""Farming Simulator 22 Platinum Expansion (farming-simulator-22-platinum-expansion-windows-gamerip-2022)"",""khinsider_album_kind"":""official_or_gamerip"",""khinsider_album_match_score"":91.89189189189189,""relevance_score_100"":93.1081081081081,""popularity_score_100"":29.026430968525844,""score_100"":67.4754372522752,""popularity_basis"":""BeatHit master-list game rank plus track position proxy""}"
286,Rock - Thirsty Work,Unknown credited artist,[],Farming Simulator: Nintendo Switch Edition (farming-simulator-17-nintendo-switch-edition-2017-switch),,,"[""video game soundtrack""]","[""und""]",,,,Farming Simulator 25,,,khinsider_track_prominence_proxy,33.43643096852584,score_0_100,,,,67.4394372522752,,,,https://downloads.khinsider.com/game-soundtracks/album/farming-simulator-17-nintendo-switch-edition-2017-switch,2026-10-05,Track title is taken from KHInsider's soundtrack/gamerip album index. Popularity is an explicitly labelled proxy based on BeatHit game rank and track prominence.,"{""culture_category"":""video_game_music"",""video_game"":""Farming Simulator 25"",""game_rank"":801,""game_association_kind"":""khinsider_game_soundtrack"",""khinsider_album_url"":""https://downloads.khinsider.com/game-soundtracks/album/farming-simulator-17-nintendo-switch-edition-2017-switch"",""khinsider_album_title"":""Farming Simulator: Nintendo Switch Edition (farming-simulator-17-nintendo-switch-edition-2017-switch)"",""khinsider_album_kind"":""unclassified_game_album"",""khinsider_album_match_score"":91.89189189189189,""relevance_score_100"":90.1081081081081,""popularity_score_100"":33.43643096852584,""score_100"":67.4394372522752,""popularity_basis"":""BeatHit master-list game rank plus track position proxy""}"
287,Rock - Theres A Blackout,Unknown credited artist,[],Farming Simulator 19 (farming-simulator-19-ost),,,"[""video game soundtrack""]","[""und""]",,,,Farming Simulator 25,,,khinsider_track_prominence_proxy,28.816430968525843,score_0_100,,,,67.3914372522752,,,,https://downloads.khinsider.com/game-soundtracks/album/farming-simulator-19-ost,2026-10-05,Track title is taken from KHInsider's soundtrack/gamerip album index. Popularity is an explicitly labelled proxy based on BeatHit game rank and track prominence.,"{""culture_category"":""video_game_music"",""video_game"":""Farming Simulator 25"",""game_rank"":801,""game_association_kind"":""khinsider_game_soundtrack"",""khinsider_album_url"":""https://downloads.khinsider.com/game-soundtracks/album/farming-simulator-19-ost"",""khinsider_album_title"":""Farming Simulator 19 (farming-simulator-19-ost)"",""khinsider_album_kind"":""official_or_gamerip"",""khinsider_album_match_score"":91.89189189189189,""relevance_score_100"":93.1081081081081,""popularity_score_100"":28.816430968525843,""score_100"":67.3914372522752,""popularity_basis"":""BeatHit master-list game rank plus track position proxy""}"
288,Si Te Vas,Unknown credited artist,[],Farming Simulator 22 Platinum Expansion (farming-simulator-22-platinum-expansion-windows-gamerip-2022),,,"[""video game soundtrack""]","[""und""]",,,,Farming Simulator 25,,,khinsider_track_prominence_proxy,28.816430968525843,score_0_100,,,,67.3914372522752,,,,https://downloads.khinsider.com/game-soundtracks/album/farming-simulator-22-platinum-expansion-windows-gamerip-2022,2026-10-05,Track title is taken from KHInsider's soundtrack/gamerip album index. Popularity is an explicitly labelled proxy based on BeatHit game rank and track prominence.,"{""culture_category"":""video_game_music"",""video_game"":""Farming Simulator 25"",""game_rank"":801,""game_association_kind"":""khinsider_game_soundtrack"",""khinsider_album_url"":""https://downloads.khinsider.com/game-soundtracks/album/farming-simulator-22-platinum-expansion-windows-gamerip-2022"",""khinsider_album_title"":""Farming Simulator 22 Platinum Expansion (farming-simulator-22-platinum-expansion-windows-gamerip-2022)"",""khinsider_album_kind"":""official_or_gamerip"",""khinsider_album_match_score"":91.89189189189189,""relevance_score_100"":93.1081081081081,""popularity_score_100"":28.816430968525843,""score_100"":67.3914372522752,""popularity_basis"":""BeatHit master-list game rank plus track position proxy""}"
289,Rock - Top Of The Mops,Unknown credited artist,[],Farming Simulator: Nintendo Switch Edition (farming-simulator-17-nintendo-switch-edition-2017-switch),,,"[""video game soundtrack""]","[""und""]",,,,Farming Simulator 25,,,khinsider_track_prominence_proxy,33.22643096852584,score_0_100,,,,67.3554372522752,,,,https://downloads.khinsider.com/game-soundtracks/album/farming-simulator-17-nintendo-switch-edition-2017-switch,2026-10-05,Track title is taken from KHInsider's soundtrack/gamerip album index. Popularity is an explicitly labelled proxy based on BeatHit game rank and track prominence.,"{""culture_category"":""video_game_music"",""video_game"":""Farming Simulator 25"",""game_rank"":801,""game_association_kind"":""khinsider_game_soundtrack"",""khinsider_album_url"":""https://downloads.khinsider.com/game-soundtracks/album/farming-simulator-17-nintendo-switch-edition-2017-switch"",""khinsider_album_title"":""Farming Simulator: Nintendo Switch Edition (farming-simulator-17-nintendo-switch-edition-2017-switch)"",""khinsider_album_kind"":""unclassified_game_album"",""khinsider_album_match_score"":91.89189189189189,""relevance_score_100"":90.1081081081081,""popularity_score_100"":33.22643096852584,""score_100"":67.3554372522752,""popularity_basis"":""BeatHit master-list game rank plus track position proxy""}"
290,Rock - What You Do To Me,Unknown credited artist,[],Farming Simulator 19 (farming-simulator-19-ost),,,"[""video game soundtrack""]","[""und""]",,,,Farming Simulator 25,,,khinsider_track_prominence_proxy,28.606430968525842,score_0_100,,,,67.3074372522752,,,,https://downloads.khinsider.com/game-soundtracks/album/farming-simulator-19-ost,2026-10-05,Track title is taken from KHInsider's soundtrack/gamerip album index. Popularity is an explicitly labelled proxy based on BeatHit game rank and track prominence.,"{""culture_category"":""video_game_music"",""video_game"":""Farming Simulator 25"",""game_rank"":801,""game_association_kind"":""khinsider_game_soundtrack"",""khinsider_album_url"":""https://downloads.khinsider.com/game-soundtracks/album/farming-simulator-19-ost"",""khinsider_album_title"":""Farming Simulator 19 (farming-simulator-19-ost)"",""khinsider_album_kind"":""official_or_gamerip"",""khinsider_album_match_score"":91.89189189189189,""relevance_score_100"":93.1081081081081,""popularity_score_100"":28.606430968525842,""score_100"":67.3074372522752,""popularity_basis"":""BeatHit master-list game rank plus track position proxy""}"
291,Simile,Unknown credited artist,[],Farming Simulator 22 Platinum Expansion (farming-simulator-22-platinum-expansion-windows-gamerip-2022),,,"[""video game soundtrack""]","[""und""]",,,,Farming Simulator 25,,,khinsider_track_prominence_proxy,28.606430968525842,score_0_100,,,,67.3074372522752,,,,https://downloads.khinsider.com/game-soundtracks/album/farming-simulator-22-platinum-expansion-windows-gamerip-2022,2026-10-05,Track title is taken from KHInsider's soundtrack/gamerip album index. Popularity is an explicitly labelled proxy based on BeatHit game rank and track prominence.,"{""culture_category"":""video_game_music"",""video_game"":""Farming Simulator 25"",""game_rank"":801,""game_association_kind"":""khinsider_game_soundtrack"",""khinsider_album_url"":""https://downloads.khinsider.com/game-soundtracks/album/farming-simulator-22-platinum-expansion-windows-gamerip-2022"",""khinsider_album_title"":""Farming Simulator 22 Platinum Expansion (farming-simulator-22-platinum-expansion-windows-gamerip-2022)"",""khinsider_album_kind"":""official_or_gamerip"",""khinsider_album_match_score"":91.89189189189189,""relevance_score_100"":93.1081081081081,""popularity_score_100"":28.606430968525842,""score_100"":67.3074372522752,""popularity_basis"":""BeatHit master-list game rank plus track position proxy""}"
292,Rock - Wolf River,Unknown credited artist,[],Farming Simulator 19 (farming-simulator-19-ost),,,"[""video game soundtrack""]","[""und""]",,,,Farming Simulator 25,,,khinsider_track_prominence_proxy,28.39643096852584,score_0_100,,,,67.22343725227519,,,,https://downloads.khinsider.com/game-soundtracks/album/farming-simulator-19-ost,2026-10-05,Track title is taken from KHInsider's soundtrack/gamerip album index. Popularity is an explicitly labelled proxy based on BeatHit game rank and track prominence.,"{""culture_category"":""video_game_music"",""video_game"":""Farming Simulator 25"",""game_rank"":801,""game_association_kind"":""khinsider_game_soundtrack"",""khinsider_album_url"":""https://downloads.khinsider.com/game-soundtracks/album/farming-simulator-19-ost"",""khinsider_album_title"":""Farming Simulator 19 (farming-simulator-19-ost)"",""khinsider_album_kind"":""official_or_gamerip"",""khinsider_album_match_score"":91.89189189189189,""relevance_score_100"":93.1081081081081,""popularity_score_100"":28.39643096852584,""score_100"":67.22343725227519,""popularity_basis"":""BeatHit master-list game rank plus track position proxy""}"
293,Skin,Unknown credited artist,[],Farming Simulator 22 Platinum Expansion (farming-simulator-22-platinum-expansion-windows-gamerip-2022),,,"[""video game soundtrack""]","[""und""]",,,,Farming Simulator 25,,,khinsider_track_prominence_proxy,28.39643096852584,score_0_100,,,,67.22343725227519,,,,https://downloads.khinsider.com/game-soundtracks/album/farming-simulator-22-platinum-expansion-windows-gamerip-2022,2026-10-05,Track title is taken from KHInsider's soundtrack/gamerip album index. Popularity is an explicitly labelled proxy based on BeatHit game rank and track prominence.,"{""culture_category"":""video_game_music"",""video_game"":""Farming Simulator 25"",""game_rank"":801,""game_association_kind"":""khinsider_game_soundtrack"",""khinsider_album_url"":""https://downloads.khinsider.com/game-soundtracks/album/farming-simulator-22-platinum-expansion-windows-gamerip-2022"",""khinsider_album_title"":""Farming Simulator 22 Platinum Expansion (farming-simulator-22-platinum-expansion-windows-gamerip-2022)"",""khinsider_album_kind"":""official_or_gamerip"",""khinsider_album_match_score"":91.89189189189189,""relevance_score_100"":93.1081081081081,""popularity_score_100"":28.39643096852584,""score_100"":67.22343725227519,""popularity_basis"":""BeatHit master-list game rank plus track position proxy""}"
294,Slide Ride,Unknown credited artist,[],Farming Simulator 22 Platinum Expansion (farming-simulator-22-platinum-expansion-windows-gamerip-2022),,,"[""video game soundtrack""]","[""und""]",,,,Farming Simulator 25,,,khinsider_track_prominence_proxy,28.39643096852584,score_0_100,,,,67.22343725227519,,,,https://downloads.khinsider.com/game-soundtracks/album/farming-simulator-22-platinum-expansion-windows-gamerip-2022,2026-10-05,Track title is taken from KHInsider's soundtrack/gamerip album index. Popularity is an explicitly labelled proxy based on BeatHit game rank and track prominence.,"{""culture_category"":""video_game_music"",""video_game"":""Farming Simulator 25"",""game_rank"":801,""game_association_kind"":""khinsider_game_soundtrack"",""khinsider_album_url"":""https://downloads.khinsider.com/game-soundtracks/album/farming-simulator-22-platinum-expansion-windows-gamerip-2022"",""khinsider_album_title"":""Farming Simulator 22 Platinum Expansion (farming-simulator-22-platinum-expansion-windows-gamerip-2022)"",""khinsider_album_kind"":""official_or_gamerip"",""khinsider_album_match_score"":91.89189189189189,""relevance_score_100"":93.1081081081081,""popularity_score_100"":28.39643096852584,""score_100"":67.22343725227519,""popularity_basis"":""BeatHit master-list game rank plus track position proxy""}"
295,Small Town Girl,Unknown credited artist,[],Farming Simulator 22 Platinum Expansion (farming-simulator-22-platinum-expansion-windows-gamerip-2022),,,"[""video game soundtrack""]","[""und""]",,,,Farming Simulator 25,,,khinsider_track_prominence_proxy,28.39643096852584,score_0_100,,,,67.22343725227519,,,,https://downloads.khinsider.com/game-soundtracks/album/farming-simulator-22-platinum-expansion-windows-gamerip-2022,2026-10-05,Track title is taken from KHInsider's soundtrack/gamerip album index. Popularity is an explicitly labelled proxy based on BeatHit game rank and track prominence.,"{""culture_category"":""video_game_music"",""video_game"":""Farming Simulator 25"",""game_rank"":801,""game_association_kind"":""khinsider_game_soundtrack"",""khinsider_album_url"":""https://downloads.khinsider.com/game-soundtracks/album/farming-simulator-22-platinum-expansion-windows-gamerip-2022"",""khinsider_album_title"":""Farming Simulator 22 Platinum Expansion (farming-simulator-22-platinum-expansion-windows-gamerip-2022)"",""khinsider_album_kind"":""official_or_gamerip"",""khinsider_album_match_score"":91.89189189189189,""relevance_score_100"":93.1081081081081,""popularity_score_100"":28.39643096852584,""score_100"":67.22343725227519,""popularity_basis"":""BeatHit master-list game rank plus track position proxy""}"
296,Soldiers Wish,Unknown credited artist,[],Farming Simulator 22 Platinum Expansion (farming-simulator-22-platinum-expansion-windows-gamerip-2022),,,"[""video game soundtrack""]","[""und""]",,,,Farming Simulator 25,,,khinsider_track_prominence_proxy,28.39643096852584,score_0_100,,,,67.22343725227519,,,,https://downloads.khinsider.com/game-soundtracks/album/farming-simulator-22-platinum-expansion-windows-gamerip-2022,2026-10-05,Track title is taken from KHInsider's soundtrack/gamerip album index. Popularity is an explicitly labelled proxy based on BeatHit game rank and track prominence.,"{""culture_category"":""video_game_music"",""video_game"":""Farming Simulator 25"",""game_rank"":801,""game_association_kind"":""khinsider_game_soundtrack"",""khinsider_album_url"":""https://downloads.khinsider.com/game-soundtracks/album/farming-simulator-22-platinum-expansion-windows-gamerip-2022"",""khinsider_album_title"":""Farming Simulator 22 Platinum Expansion (farming-simulator-22-platinum-expansion-windows-gamerip-2022)"",""khinsider_album_kind"":""official_or_gamerip"",""khinsider_album_match_score"":91.89189189189189,""relevance_score_100"":93.1081081081081,""popularity_score_100"":28.39643096852584,""score_100"":67.22343725227519,""popularity_basis"":""BeatHit master-list game rank plus track position proxy""}"
297,Solitary Journey,Unknown credited artist,[],Farming Simulator 22 Platinum Expansion (farming-simulator-22-platinum-expansion-windows-gamerip-2022),,,"[""video game soundtrack""]","[""und""]",,,,Farming Simulator 25,,,khinsider_track_prominence_proxy,28.39643096852584,score_0_100,,,,67.22343725227519,,,,https://downloads.khinsider.com/game-soundtracks/album/farming-simulator-22-platinum-expansion-windows-gamerip-2022,2026-10-05,Track title is taken from KHInsider's soundtrack/gamerip album index. Popularity is an explicitly labelled proxy based on BeatHit game rank and track prominence.,"{""culture_category"":""video_game_music"",""video_game"":""Farming Simulator 25"",""game_rank"":801,""game_association_kind"":""khinsider_game_soundtrack"",""khinsider_album_url"":""https://downloads.khinsider.com/game-soundtracks/album/farming-simulator-22-platinum-expansion-windows-gamerip-2022"",""khinsider_album_title"":""Farming Simulator 22 Platinum Expansion (farming-simulator-22-platinum-expansion-windows-gamerip-2022)"",""khinsider_album_kind"":""official_or_gamerip"",""khinsider_album_match_score"":91.89189189189189,""relevance_score_100"":93.1081081081081,""popularity_score_100"":28.39643096852584,""score_100"":67.22343725227519,""popularity_basis"":""BeatHit master-list game rank plus track position proxy""}"
298,Summer Jam,Unknown credited artist,[],Farming Simulator 22 Platinum Expansion (farming-simulator-22-platinum-expansion-windows-gamerip-2022),,,"[""video game soundtrack""]","[""und""]",,,,Farming Simulator 25,,,khinsider_track_prominence_proxy,28.39643096852584,score_0_100,,,,67.22343725227519,,,,https://downloads.khinsider.com/game-soundtracks/album/farming-simulator-22-platinum-expansion-windows-gamerip-2022,2026-10-05,Track title is taken from KHInsider's soundtrack/gamerip album index. Popularity is an explicitly labelled proxy based on BeatHit game rank and track prominence.,"{""culture_category"":""video_game_music"",""video_game"":""Farming Simulator 25"",""game_rank"":801,""game_association_kind"":""khinsider_game_soundtrack"",""khinsider_album_url"":""https://downloads.khinsider.com/game-soundtracks/album/farming-simulator-22-platinum-expansion-windows-gamerip-2022"",""khinsider_album_title"":""Farming Simulator 22 Platinum Expansion (farming-simulator-22-platinum-expansion-windows-gamerip-2022)"",""khinsider_album_kind"":""official_or_gamerip"",""khinsider_album_match_score"":91.89189189189189,""relevance_score_100"":93.1081081081081,""popularity_score_100"":28.39643096852584,""score_100"":67.22343725227519,""popularity_basis"":""BeatHit master-list game rank plus track position proxy""}"
299,Summer Plays,Unknown credited artist,[],Farming Simulator 22 Platinum Expansion (farming-simulator-22-platinum-expansion-windows-gamerip-2022),,,"[""video game soundtrack""]","[""und""]",,,,Farming Simulator 25,,,khinsider_track_prominence_proxy,28.39643096852584,score_0_100,,,,67.22343725227519,,,,https://downloads.khinsider.com/game-soundtracks/album/farming-simulator-22-platinum-expansion-windows-gamerip-2022,2026-10-05,Track title is taken from KHInsider's soundtrack/gamerip album index. Popularity is an explicitly labelled proxy based on BeatHit game rank and track prominence.,"{""culture_category"":""video_game_music"",""video_game"":""Farming Simulator 25"",""game_rank"":801,""game_association_kind"":""khinsider_game_soundtrack"",""khinsider_album_url"":""https://downloads.khinsider.com/game-soundtracks/album/farming-simulator-22-platinum-expansion-windows-gamerip-2022"",""khinsider_album_title"":""Farming Simulator 22 Platinum Expansion (farming-simulator-22-platinum-expansion-windows-gamerip-2022)"",""khinsider_album_kind"":""official_or_gamerip"",""khinsider_album_match_score"":91.89189189189189,""relevance_score_100"":93.1081081081081,""popularity_score_100"":28.39643096852584,""score_100"":67.22343725227519,""popularity_basis"":""BeatHit master-list game rank plus track position proxy""}"
300,Swan Waltz,Unknown credited artist,[],Farming Simulator 22 Platinum Expansion (farming-simulator-22-platinum-expansion-windows-gamerip-2022),,,"[""video game soundtrack""]","[""und""]",,,,Farming Simulator 25,,,khinsider_track_prominence_proxy,28.39643096852584,score_0_100,,,,67.22343725227519,,,,https://downloads.khinsider.com/game-soundtracks/album/farming-simulator-22-platinum-expansion-windows-gamerip-2022,2026-10-05,Track title is taken from KHInsider's soundtrack/gamerip album index. Popularity is an explicitly labelled proxy based on BeatHit game rank and track prominence.,"{""culture_category"":""video_game_music"",""video_game"":""Farming Simulator 25"",""game_rank"":801,""game_association_kind"":""khinsider_game_soundtrack"",""khinsider_album_url"":""https://downloads.khinsider.com/game-soundtracks/album/farming-simulator-22-platinum-expansion-windows-gamerip-2022"",""khinsider_album_title"":""Farming Simulator 22 Platinum Expansion (farming-simulator-22-platinum-expansion-windows-gamerip-2022)"",""khinsider_album_kind"":""official_or_gamerip"",""khinsider_album_match_score"":91.89189189189189,""relevance_score_100"":93.1081081081081,""popularity_score_100"":28.39643096852584,""score_100"":67.22343725227519,""popularity_basis"":""BeatHit master-list game rank plus track position proxy""}"
301,Taurus,Unknown credited artist,[],Farming Simulator 22 Platinum Expansion (farming-simulator-22-platinum-expansion-windows-gamerip-2022),,,"[""video game soundtrack""]","[""und""]",,,,Farming Simulator 25,,,khinsider_track_prominence_proxy,28.39643096852584,score_0_100,,,,67.22343725227519,,,,https://downloads.khinsider.com/game-soundtracks/album/farming-simulator-22-platinum-expansion-windows-gamerip-2022,2026-10-05,Track title is taken from KHInsider's soundtrack/gamerip album index. Popularity is an explicitly labelled proxy based on BeatHit game rank and track prominence.,"{""culture_category"":""video_game_music"",""video_game"":""Farming Simulator 25"",""game_rank"":801,""game_association_kind"":""khinsider_game_soundtrack"",""khinsider_album_url"":""https://downloads.khinsider.com/game-soundtracks/album/farming-simulator-22-platinum-expansion-windows-gamerip-2022"",""khinsider_album_title"":""Farming Simulator 22 Platinum Expansion (farming-simulator-22-platinum-expansion-windows-gamerip-2022)"",""khinsider_album_kind"":""official_or_gamerip"",""khinsider_album_match_score"":91.89189189189189,""relevance_score_100"":93.1081081081081,""popularity_score_100"":28.39643096852584,""score_100"":67.22343725227519,""popularity_basis"":""BeatHit master-list game rank plus track position proxy""}"
302,Taverna Time,Unknown credited artist,[],Farming Simulator 22 Platinum Expansion (farming-simulator-22-platinum-expansion-windows-gamerip-2022),,,"[""video game soundtrack""]","[""und""]",,,,Farming Simulator 25,,,khinsider_track_prominence_proxy,28.39643096852584,score_0_100,,,,67.22343725227519,,,,https://downloads.khinsider.com/game-soundtracks/album/farming-simulator-22-platinum-expansion-windows-gamerip-2022,2026-10-05,Track title is taken from KHInsider's soundtrack/gamerip album index. Popularity is an explicitly labelled proxy based on BeatHit game rank and track prominence.,"{""culture_category"":""video_game_music"",""video_game"":""Farming Simulator 25"",""game_rank"":801,""game_association_kind"":""khinsider_game_soundtrack"",""khinsider_album_url"":""https://downloads.khinsider.com/game-soundtracks/album/farming-simulator-22-platinum-expansion-windows-gamerip-2022"",""khinsider_album_title"":""Farming Simulator 22 Platinum Expansion (farming-simulator-22-platinum-expansion-windows-gamerip-2022)"",""khinsider_album_kind"":""official_or_gamerip"",""khinsider_album_match_score"":91.89189189189189,""relevance_score_100"":93.1081081081081,""popularity_score_100"":28.39643096852584,""score_100"":67.22343725227519,""popularity_basis"":""BeatHit master-list game rank plus track position proxy""}"
303,Tranquilo,Unknown credited artist,[],Farming Simulator 22 Platinum Expansion (farming-simulator-22-platinum-expansion-windows-gamerip-2022),,,"[""video game soundtrack""]","[""und""]",,,,Farming Simulator 25,,,khinsider_track_prominence_proxy,28.39643096852584,score_0_100,,,,67.22343725227519,,,,https://downloads.khinsider.com/game-soundtracks/album/farming-simulator-22-platinum-expansion-windows-gamerip-2022,2026-10-05,Track title is taken from KHInsider's soundtrack/gamerip album index. Popularity is an explicitly labelled proxy based on BeatHit game rank and track prominence.,"{""culture_category"":""video_game_music"",""video_game"":""Farming Simulator 25"",""game_rank"":801,""game_association_kind"":""khinsider_game_soundtrack"",""khinsider_album_url"":""https://downloads.khinsider.com/game-soundtracks/album/farming-simulator-22-platinum-expansion-windows-gamerip-2022"",""khinsider_album_title"":""Farming Simulator 22 Platinum Expansion (farming-simulator-22-platinum-expansion-windows-gamerip-2022)"",""khinsider_album_kind"":""official_or_gamerip"",""khinsider_album_match_score"":91.89189189189189,""relevance_score_100"":93.1081081081081,""popularity_score_100"":28.39643096852584,""score_100"":67.22343725227519,""popularity_basis"":""BeatHit master-list game rank plus track position proxy""}"
304,Troubled Duty,Unknown credited artist,[],Farming Simulator 22 Platinum Expansion (farming-simulator-22-platinum-expansion-windows-gamerip-2022),,,"[""video game soundtrack""]","[""und""]",,,,Farming Simulator 25,,,khinsider_track_prominence_proxy,28.39643096852584,score_0_100,,,,67.22343725227519,,,,https://downloads.khinsider.com/game-soundtracks/album/farming-simulator-22-platinum-expansion-windows-gamerip-2022,2026-10-05,Track title is taken from KHInsider's soundtrack/gamerip album index. Popularity is an explicitly labelled proxy based on BeatHit game rank and track prominence.,"{""culture_category"":""video_game_music"",""video_game"":""Farming Simulator 25"",""game_rank"":801,""game_association_kind"":""khinsider_game_soundtrack"",""khinsider_album_url"":""https://downloads.khinsider.com/game-soundtracks/album/farming-simulator-22-platinum-expansion-windows-gamerip-2022"",""khinsider_album_title"":""Farming Simulator 22 Platinum Expansion (farming-simulator-22-platinum-expansion-windows-gamerip-2022)"",""khinsider_album_kind"":""official_or_gamerip"",""khinsider_album_match_score"":91.89189189189189,""relevance_score_100"":93.1081081081081,""popularity_score_100"":28.39643096852584,""score_100"":67.22343725227519,""popularity_basis"":""BeatHit master-list game rank plus track position proxy""}"
305,Vamanos Cubanos,Unknown credited artist,[],Farming Simulator 22 Platinum Expansion (farming-simulator-22-platinum-expansion-windows-gamerip-2022),,,"[""video game soundtrack""]","[""und""]",,,,Farming Simulator 25,,,khinsider_track_prominence_proxy,28.39643096852584,score_0_100,,,,67.22343725227519,,,,https://downloads.khinsider.com/game-soundtracks/album/farming-simulator-22-platinum-expansion-windows-gamerip-2022,2026-10-05,Track title is taken from KHInsider's soundtrack/gamerip album index. Popularity is an explicitly labelled proxy based on BeatHit game rank and track prominence.,"{""culture_category"":""video_game_music"",""video_game"":""Farming Simulator 25"",""game_rank"":801,""game_association_kind"":""khinsider_game_soundtrack"",""khinsider_album_url"":""https://downloads.khinsider.com/game-soundtracks/album/farming-simulator-22-platinum-expansion-windows-gamerip-2022"",""khinsider_album_title"":""Farming Simulator 22 Platinum Expansion (farming-simulator-22-platinum-expansion-windows-gamerip-2022)"",""khinsider_album_kind"":""official_or_gamerip"",""khinsider_album_match_score"":91.89189189189189,""relevance_score_100"":93.1081081081081,""popularity_score_100"":28.39643096852584,""score_100"":67.22343725227519,""popularity_basis"":""BeatHit master-list game rank plus track position proxy""}"
306,Vibrant Temple,Unknown credited artist,[],Farming Simulator 22 Platinum Expansion (farming-simulator-22-platinum-expansion-windows-gamerip-2022),,,"[""video game soundtrack""]","[""und""]",,,,Farming Simulator 25,,,khinsider_track_prominence_proxy,28.39643096852584,score_0_100,,,,67.22343725227519,,,,https://downloads.khinsider.com/game-soundtracks/album/farming-simulator-22-platinum-expansion-windows-gamerip-2022,2026-10-05,Track title is taken from KHInsider's soundtrack/gamerip album index. Popularity is an explicitly labelled proxy based on BeatHit game rank and track prominence.,"{""culture_category"":""video_game_music"",""video_game"":""Farming Simulator 25"",""game_rank"":801,""game_association_kind"":""khinsider_game_soundtrack"",""khinsider_album_url"":""https://downloads.khinsider.com/game-soundtracks/album/farming-simulator-22-platinum-expansion-windows-gamerip-2022"",""khinsider_album_title"":""Farming Simulator 22 Platinum Expansion (farming-simulator-22-platinum-expansion-windows-gamerip-2022)"",""khinsider_album_kind"":""official_or_gamerip"",""khinsider_album_match_score"":91.89189189189189,""relevance_score_100"":93.1081081081081,""popularity_score_100"":28.39643096852584,""score_100"":67.22343725227519,""popularity_basis"":""BeatHit master-list game rank plus track position proxy""}"
307,Walking On Air,Unknown credited artist,[],Farming Simulator 22 Platinum Expansion (farming-simulator-22-platinum-expansion-windows-gamerip-2022),,,"[""video game soundtrack""]","[""und""]",,,,Farming Simulator 25,,,khinsider_track_prominence_proxy,28.39643096852584,score_0_100,,,,67.22343725227519,,,,https://downloads.khinsider.com/game-soundtracks/album/farming-simulator-22-platinum-expansion-windows-gamerip-2022,2026-10-05,Track title is taken from KHInsider's soundtrack/gamerip album index. Popularity is an explicitly labelled proxy based on BeatHit game rank and track prominence.,"{""culture_category"":""video_game_music"",""video_game"":""Farming Simulator 25"",""game_rank"":801,""game_association_kind"":""khinsider_game_soundtrack"",""khinsider_album_url"":""https://downloads.khinsider.com/game-soundtracks/album/farming-simulator-22-platinum-expansion-windows-gamerip-2022"",""khinsider_album_title"":""Farming Simulator 22 Platinum Expansion (farming-simulator-22-platinum-expansion-windows-gamerip-2022)"",""khinsider_album_kind"":""official_or_gamerip"",""khinsider_album_match_score"":91.89189189189189,""relevance_score_100"":93.1081081081081,""popularity_score_100"":28.39643096852584,""score_100"":67.22343725227519,""popularity_basis"":""BeatHit master-list game rank plus track position proxy""}"
308,Warm Again,Unknown credited artist,[],Farming Simulator 22 Platinum Expansion (farming-simulator-22-platinum-expansion-windows-gamerip-2022),,,"[""video game soundtrack""]","[""und""]",,,,Farming Simulator 25,,,khinsider_track_prominence_proxy,28.39643096852584,score_0_100,,,,67.22343725227519,,,,https://downloads.khinsider.com/game-soundtracks/album/farming-simulator-22-platinum-expansion-windows-gamerip-2022,2026-10-05,Track title is taken from KHInsider's soundtrack/gamerip album index. Popularity is an explicitly labelled proxy based on BeatHit game rank and track prominence.,"{""culture_category"":""video_game_music"",""video_game"":""Farming Simulator 25"",""game_rank"":801,""game_association_kind"":""khinsider_game_soundtrack"",""khinsider_album_url"":""https://downloads.khinsider.com/game-soundtracks/album/farming-simulator-22-platinum-expansion-windows-gamerip-2022"",""khinsider_album_title"":""Farming Simulator 22 Platinum Expansion (farming-simulator-22-platinum-expansion-windows-gamerip-2022)"",""khinsider_album_kind"":""official_or_gamerip"",""khinsider_album_match_score"":91.89189189189189,""relevance_score_100"":93.1081081081081,""popularity_score_100"":28.39643096852584,""score_100"":67.22343725227519,""popularity_basis"":""BeatHit master-list game rank plus track position proxy""}"
309,Water Tower,Unknown credited artist,[],Farming Simulator 22 Platinum Expansion (farming-simulator-22-platinum-expansion-windows-gamerip-2022),,,"[""video game soundtrack""]","[""und""]",,,,Farming Simulator 25,,,khinsider_track_prominence_proxy,28.39643096852584,score_0_100,,,,67.22343725227519,,,,https://downloads.khinsider.com/game-soundtracks/album/farming-simulator-22-platinum-expansion-windows-gamerip-2022,2026-10-05,Track title is taken from KHInsider's soundtrack/gamerip album index. Popularity is an explicitly labelled proxy based on BeatHit game rank and track prominence.,"{""culture_category"":""video_game_music"",""video_game"":""Farming Simulator 25"",""game_rank"":801,""game_association_kind"":""khinsider_game_soundtrack"",""khinsider_album_url"":""https://downloads.khinsider.com/game-soundtracks/album/farming-simulator-22-platinum-expansion-windows-gamerip-2022"",""khinsider_album_title"":""Farming Simulator 22 Platinum Expansion (farming-simulator-22-platinum-expansion-windows-gamerip-2022)"",""khinsider_album_kind"":""official_or_gamerip"",""khinsider_album_match_score"":91.89189189189189,""relevance_score_100"":93.1081081081081,""popularity_score_100"":28.39643096852584,""score_100"":67.22343725227519,""popularity_basis"":""BeatHit master-list game rank plus track position proxy""}"
310,We Are The Earth,Unknown credited artist,[],Farming Simulator 22 Platinum Expansion (farming-simulator-22-platinum-expansion-windows-gamerip-2022),,,"[""video game soundtrack""]","[""und""]",,,,Farming Simulator 25,,,khinsider_track_prominence_proxy,28.39643096852584,score_0_100,,,,67.22343725227519,,,,https://downloads.khinsider.com/game-soundtracks/album/farming-simulator-22-platinum-expansion-windows-gamerip-2022,2026-10-05,Track title is taken from KHInsider's soundtrack/gamerip album index. Popularity is an explicitly labelled proxy based on BeatHit game rank and track prominence.,"{""culture_category"":""video_game_music"",""video_game"":""Farming Simulator 25"",""game_rank"":801,""game_association_kind"":""khinsider_game_soundtrack"",""khinsider_album_url"":""https://downloads.khinsider.com/game-soundtracks/album/farming-simulator-22-platinum-expansion-windows-gamerip-2022"",""khinsider_album_title"":""Farming Simulator 22 Platinum Expansion (farming-simulator-22-platinum-expansion-windows-gamerip-2022)"",""khinsider_album_kind"":""official_or_gamerip"",""khinsider_album_match_score"":91.89189189189189,""relevance_score_100"":93.1081081081081,""popularity_score_100"":28.39643096852584,""score_100"":67.22343725227519,""popularity_basis"":""BeatHit master-list game rank plus track position proxy""}"
311,When I Was Holding You,Unknown credited artist,[],Farming Simulator 22 Platinum Expansion (farming-simulator-22-platinum-expansion-windows-gamerip-2022),,,"[""video game soundtrack""]","[""und""]",,,,Farming Simulator 25,,,khinsider_track_prominence_proxy,28.39643096852584,score_0_100,,,,67.22343725227519,,,,https://downloads.khinsider.com/game-soundtracks/album/farming-simulator-22-platinum-expansion-windows-gamerip-2022,2026-10-05,Track title is taken from KHInsider's soundtrack/gamerip album index. Popularity is an explicitly labelled proxy based on BeatHit game rank and track prominence.,"{""culture_category"":""video_game_music"",""video_game"":""Farming Simulator 25"",""game_rank"":801,""game_association_kind"":""khinsider_game_soundtrack"",""khinsider_album_url"":""https://downloads.khinsider.com/game-soundtracks/album/farming-simulator-22-platinum-expansion-windows-gamerip-2022"",""khinsider_album_title"":""Farming Simulator 22 Platinum Expansion (farming-simulator-22-platinum-expansion-windows-gamerip-2022)"",""khinsider_album_kind"":""official_or_gamerip"",""khinsider_album_match_score"":91.89189189189189,""relevance_score_100"":93.1081081081081,""popularity_score_100"":28.39643096852584,""score_100"":67.22343725227519,""popularity_basis"":""BeatHit master-list game rank plus track position proxy""}"
312,Whiskey And Rye,Unknown credited artist,[],Farming Simulator 22 Platinum Expansion (farming-simulator-22-platinum-expansion-windows-gamerip-2022),,,"[""video game soundtrack""]","[""und""]",,,,Farming Simulator 25,,,khinsider_track_prominence_proxy,28.39643096852584,score_0_100,,,,67.22343725227519,,,,https://downloads.khinsider.com/game-soundtracks/album/farming-simulator-22-platinum-expansion-windows-gamerip-2022,2026-10-05,Track title is taken from KHInsider's soundtrack/gamerip album index. Popularity is an explicitly labelled proxy based on BeatHit game rank and track prominence.,"{""culture_category"":""video_game_music"",""video_game"":""Farming Simulator 25"",""game_rank"":801,""game_association_kind"":""khinsider_game_soundtrack"",""khinsider_album_url"":""https://downloads.khinsider.com/game-soundtracks/album/farming-simulator-22-platinum-expansion-windows-gamerip-2022"",""khinsider_album_title"":""Farming Simulator 22 Platinum Expansion (farming-simulator-22-platinum-expansion-windows-gamerip-2022)"",""khinsider_album_kind"":""official_or_gamerip"",""khinsider_album_match_score"":91.89189189189189,""relevance_score_100"":93.1081081081081,""popularity_score_100"":28.39643096852584,""score_100"":67.22343725227519,""popularity_basis"":""BeatHit master-list game rank plus track position proxy""}"
313,World Without Borders,Unknown credited artist,[],Farming Simulator 22 Platinum Expansion (farming-simulator-22-platinum-expansion-windows-gamerip-2022),,,"[""video game soundtrack""]","[""und""]",,,,Farming Simulator 25,,,khinsider_track_prominence_proxy,28.39643096852584,score_0_100,,,,67.22343725227519,,,,https://downloads.khinsider.com/game-soundtracks/album/farming-simulator-22-platinum-expansion-windows-gamerip-2022,2026-10-05,Track title is taken from KHInsider's soundtrack/gamerip album index. Popularity is an explicitly labelled proxy based on BeatHit game rank and track prominence.,"{""culture_category"":""video_game_music"",""video_game"":""Farming Simulator 25"",""game_rank"":801,""game_association_kind"":""khinsider_game_soundtrack"",""khinsider_album_url"":""https://downloads.khinsider.com/game-soundtracks/album/farming-simulator-22-platinum-expansion-windows-gamerip-2022"",""khinsider_album_title"":""Farming Simulator 22 Platinum Expansion (farming-simulator-22-platinum-expansion-windows-gamerip-2022)"",""khinsider_album_kind"":""official_or_gamerip"",""khinsider_album_match_score"":91.89189189189189,""relevance_score_100"":93.1081081081081,""popularity_score_100"":28.39643096852584,""score_100"":67.22343725227519,""popularity_basis"":""BeatHit master-list game rank plus track position proxy""}"
