rank,title,main_artist,featured_artists,album,release_date,release_year,genres,languages,composer,anime_title,anime_popularity,screen_work,vtuber,is_original,metric_name,metric_value,metric_unit,listen_count,listen_source,view_count,overall_popularity_score,spotify_track_id,musicbrainz_recording_mbid,isrc,source_url,retrieved_at,source_notes,extra
1,Come Home Soon,Unknown credited artist,[],Putt-Putt Goes to the Moon Remastered Soundtrack (putt-putt-goes-to-the-moon-remastered),,,"[""video game soundtrack""]","[""und""]",,,,To the Moon,,,khinsider_track_prominence_proxy,46.57785601631306,score_0_100,,,,78.63114240652523,,,,https://downloads.khinsider.com/game-soundtracks/album/putt-putt-goes-to-the-moon-remastered,2026-10-05,Track title is taken from KHInsider's soundtrack/gamerip album index. Popularity is an explicitly labelled proxy based on BeatHit game rank and track prominence.,"{""culture_category"":""video_game_music"",""video_game"":""To the Moon"",""game_rank"":1129,""game_association_kind"":""khinsider_game_soundtrack"",""khinsider_album_url"":""https://downloads.khinsider.com/game-soundtracks/album/putt-putt-goes-to-the-moon-remastered"",""khinsider_album_title"":""Putt-Putt Goes to the Moon Remastered Soundtrack (putt-putt-goes-to-the-moon-remastered)"",""khinsider_album_kind"":""official_or_gamerip"",""khinsider_album_match_score"":100.0,""relevance_score_100"":100.0,""popularity_score_100"":46.57785601631306,""score_100"":78.63114240652523,""popularity_basis"":""BeatHit master-list game rank plus track position proxy""}"
2,Come Home Soon (Instrumental),Unknown credited artist,[],Putt-Putt Goes to the Moon Remastered Soundtrack (putt-putt-goes-to-the-moon-remastered),,,"[""video game soundtrack""]","[""und""]",,,,To the Moon,,,khinsider_track_prominence_proxy,46.367856016313056,score_0_100,,,,78.54714240652523,,,,https://downloads.khinsider.com/game-soundtracks/album/putt-putt-goes-to-the-moon-remastered,2026-10-05,Track title is taken from KHInsider's soundtrack/gamerip album index. Popularity is an explicitly labelled proxy based on BeatHit game rank and track prominence.,"{""culture_category"":""video_game_music"",""video_game"":""To the Moon"",""game_rank"":1129,""game_association_kind"":""khinsider_game_soundtrack"",""khinsider_album_url"":""https://downloads.khinsider.com/game-soundtracks/album/putt-putt-goes-to-the-moon-remastered"",""khinsider_album_title"":""Putt-Putt Goes to the Moon Remastered Soundtrack (putt-putt-goes-to-the-moon-remastered)"",""khinsider_album_kind"":""official_or_gamerip"",""khinsider_album_match_score"":100.0,""relevance_score_100"":100.0,""popularity_score_100"":46.367856016313056,""score_100"":78.54714240652523,""popularity_basis"":""BeatHit master-list game rank plus track position proxy""}"
3,Putt Putt Slide,Unknown credited artist,[],Putt-Putt Goes to the Moon Remastered Soundtrack (putt-putt-goes-to-the-moon-remastered),,,"[""video game soundtrack""]","[""und""]",,,,To the Moon,,,khinsider_track_prominence_proxy,46.15785601631306,score_0_100,,,,78.46314240652522,,,,https://downloads.khinsider.com/game-soundtracks/album/putt-putt-goes-to-the-moon-remastered,2026-10-05,Track title is taken from KHInsider's soundtrack/gamerip album index. Popularity is an explicitly labelled proxy based on BeatHit game rank and track prominence.,"{""culture_category"":""video_game_music"",""video_game"":""To the Moon"",""game_rank"":1129,""game_association_kind"":""khinsider_game_soundtrack"",""khinsider_album_url"":""https://downloads.khinsider.com/game-soundtracks/album/putt-putt-goes-to-the-moon-remastered"",""khinsider_album_title"":""Putt-Putt Goes to the Moon Remastered Soundtrack (putt-putt-goes-to-the-moon-remastered)"",""khinsider_album_kind"":""official_or_gamerip"",""khinsider_album_match_score"":100.0,""relevance_score_100"":100.0,""popularity_score_100"":46.15785601631306,""score_100"":78.46314240652522,""popularity_basis"":""BeatHit master-list game rank plus track position proxy""}"
4,Putt in Tunisia,Unknown credited artist,[],Putt-Putt Goes to the Moon Remastered Soundtrack (putt-putt-goes-to-the-moon-remastered),,,"[""video game soundtrack""]","[""und""]",,,,To the Moon,,,khinsider_track_prominence_proxy,45.94785601631306,score_0_100,,,,78.37914240652523,,,,https://downloads.khinsider.com/game-soundtracks/album/putt-putt-goes-to-the-moon-remastered,2026-10-05,Track title is taken from KHInsider's soundtrack/gamerip album index. Popularity is an explicitly labelled proxy based on BeatHit game rank and track prominence.,"{""culture_category"":""video_game_music"",""video_game"":""To the Moon"",""game_rank"":1129,""game_association_kind"":""khinsider_game_soundtrack"",""khinsider_album_url"":""https://downloads.khinsider.com/game-soundtracks/album/putt-putt-goes-to-the-moon-remastered"",""khinsider_album_title"":""Putt-Putt Goes to the Moon Remastered Soundtrack (putt-putt-goes-to-the-moon-remastered)"",""khinsider_album_kind"":""official_or_gamerip"",""khinsider_album_match_score"":100.0,""relevance_score_100"":100.0,""popularity_score_100"":45.94785601631306,""score_100"":78.37914240652523,""popularity_basis"":""BeatHit master-list game rank plus track position proxy""}"
5,"Hola, Putt!",Unknown credited artist,[],Putt-Putt Goes to the Moon Remastered Soundtrack (putt-putt-goes-to-the-moon-remastered),,,"[""video game soundtrack""]","[""und""]",,,,To the Moon,,,khinsider_track_prominence_proxy,45.73785601631306,score_0_100,,,,78.29514240652523,,,,https://downloads.khinsider.com/game-soundtracks/album/putt-putt-goes-to-the-moon-remastered,2026-10-05,Track title is taken from KHInsider's soundtrack/gamerip album index. Popularity is an explicitly labelled proxy based on BeatHit game rank and track prominence.,"{""culture_category"":""video_game_music"",""video_game"":""To the Moon"",""game_rank"":1129,""game_association_kind"":""khinsider_game_soundtrack"",""khinsider_album_url"":""https://downloads.khinsider.com/game-soundtracks/album/putt-putt-goes-to-the-moon-remastered"",""khinsider_album_title"":""Putt-Putt Goes to the Moon Remastered Soundtrack (putt-putt-goes-to-the-moon-remastered)"",""khinsider_album_kind"":""official_or_gamerip"",""khinsider_album_match_score"":100.0,""relevance_score_100"":100.0,""popularity_score_100"":45.73785601631306,""score_100"":78.29514240652523,""popularity_basis"":""BeatHit master-list game rank plus track position proxy""}"
6,Half-Beguine,Unknown credited artist,[],Putt-Putt Goes to the Moon Remastered Soundtrack (putt-putt-goes-to-the-moon-remastered),,,"[""video game soundtrack""]","[""und""]",,,,To the Moon,,,khinsider_track_prominence_proxy,45.52785601631306,score_0_100,,,,78.21114240652523,,,,https://downloads.khinsider.com/game-soundtracks/album/putt-putt-goes-to-the-moon-remastered,2026-10-05,Track title is taken from KHInsider's soundtrack/gamerip album index. Popularity is an explicitly labelled proxy based on BeatHit game rank and track prominence.,"{""culture_category"":""video_game_music"",""video_game"":""To the Moon"",""game_rank"":1129,""game_association_kind"":""khinsider_game_soundtrack"",""khinsider_album_url"":""https://downloads.khinsider.com/game-soundtracks/album/putt-putt-goes-to-the-moon-remastered"",""khinsider_album_title"":""Putt-Putt Goes to the Moon Remastered Soundtrack (putt-putt-goes-to-the-moon-remastered)"",""khinsider_album_kind"":""official_or_gamerip"",""khinsider_album_match_score"":100.0,""relevance_score_100"":100.0,""popularity_score_100"":45.52785601631306,""score_100"":78.21114240652523,""popularity_basis"":""BeatHit master-list game rank plus track position proxy""}"
7,Blast Off,Unknown credited artist,[],Putt-Putt Goes to the Moon Remastered Soundtrack (putt-putt-goes-to-the-moon-remastered),,,"[""video game soundtrack""]","[""und""]",,,,To the Moon,,,khinsider_track_prominence_proxy,45.31785601631306,score_0_100,,,,78.12714240652522,,,,https://downloads.khinsider.com/game-soundtracks/album/putt-putt-goes-to-the-moon-remastered,2026-10-05,Track title is taken from KHInsider's soundtrack/gamerip album index. Popularity is an explicitly labelled proxy based on BeatHit game rank and track prominence.,"{""culture_category"":""video_game_music"",""video_game"":""To the Moon"",""game_rank"":1129,""game_association_kind"":""khinsider_game_soundtrack"",""khinsider_album_url"":""https://downloads.khinsider.com/game-soundtracks/album/putt-putt-goes-to-the-moon-remastered"",""khinsider_album_title"":""Putt-Putt Goes to the Moon Remastered Soundtrack (putt-putt-goes-to-the-moon-remastered)"",""khinsider_album_kind"":""official_or_gamerip"",""khinsider_album_match_score"":100.0,""relevance_score_100"":100.0,""popularity_score_100"":45.31785601631306,""score_100"":78.12714240652522,""popularity_basis"":""BeatHit master-list game rank plus track position proxy""}"
8,Drifting,Unknown credited artist,[],Putt-Putt Goes to the Moon Remastered Soundtrack (putt-putt-goes-to-the-moon-remastered),,,"[""video game soundtrack""]","[""und""]",,,,To the Moon,,,khinsider_track_prominence_proxy,45.10785601631306,score_0_100,,,,78.04314240652522,,,,https://downloads.khinsider.com/game-soundtracks/album/putt-putt-goes-to-the-moon-remastered,2026-10-05,Track title is taken from KHInsider's soundtrack/gamerip album index. Popularity is an explicitly labelled proxy based on BeatHit game rank and track prominence.,"{""culture_category"":""video_game_music"",""video_game"":""To the Moon"",""game_rank"":1129,""game_association_kind"":""khinsider_game_soundtrack"",""khinsider_album_url"":""https://downloads.khinsider.com/game-soundtracks/album/putt-putt-goes-to-the-moon-remastered"",""khinsider_album_title"":""Putt-Putt Goes to the Moon Remastered Soundtrack (putt-putt-goes-to-the-moon-remastered)"",""khinsider_album_kind"":""official_or_gamerip"",""khinsider_album_match_score"":100.0,""relevance_score_100"":100.0,""popularity_score_100"":45.10785601631306,""score_100"":78.04314240652522,""popularity_basis"":""BeatHit master-list game rank plus track position proxy""}"
9,Land (Unused),Unknown credited artist,[],Putt-Putt Goes to the Moon Remastered Soundtrack (putt-putt-goes-to-the-moon-remastered),,,"[""video game soundtrack""]","[""und""]",,,,To the Moon,,,khinsider_track_prominence_proxy,44.89785601631306,score_0_100,,,,77.95914240652522,,,,https://downloads.khinsider.com/game-soundtracks/album/putt-putt-goes-to-the-moon-remastered,2026-10-05,Track title is taken from KHInsider's soundtrack/gamerip album index. Popularity is an explicitly labelled proxy based on BeatHit game rank and track prominence.,"{""culture_category"":""video_game_music"",""video_game"":""To the Moon"",""game_rank"":1129,""game_association_kind"":""khinsider_game_soundtrack"",""khinsider_album_url"":""https://downloads.khinsider.com/game-soundtracks/album/putt-putt-goes-to-the-moon-remastered"",""khinsider_album_title"":""Putt-Putt Goes to the Moon Remastered Soundtrack (putt-putt-goes-to-the-moon-remastered)"",""khinsider_album_kind"":""official_or_gamerip"",""khinsider_album_match_score"":100.0,""relevance_score_100"":100.0,""popularity_score_100"":44.89785601631306,""score_100"":77.95914240652522,""popularity_basis"":""BeatHit master-list game rank plus track position proxy""}"
10,Time is Right,Unknown credited artist,[],Putt-Putt Goes to the Moon Remastered Soundtrack (putt-putt-goes-to-the-moon-remastered),,,"[""video game soundtrack""]","[""und""]",,,,To the Moon,,,khinsider_track_prominence_proxy,44.68785601631306,score_0_100,,,,77.87514240652523,,,,https://downloads.khinsider.com/game-soundtracks/album/putt-putt-goes-to-the-moon-remastered,2026-10-05,Track title is taken from KHInsider's soundtrack/gamerip album index. Popularity is an explicitly labelled proxy based on BeatHit game rank and track prominence.,"{""culture_category"":""video_game_music"",""video_game"":""To the Moon"",""game_rank"":1129,""game_association_kind"":""khinsider_game_soundtrack"",""khinsider_album_url"":""https://downloads.khinsider.com/game-soundtracks/album/putt-putt-goes-to-the-moon-remastered"",""khinsider_album_title"":""Putt-Putt Goes to the Moon Remastered Soundtrack (putt-putt-goes-to-the-moon-remastered)"",""khinsider_album_kind"":""official_or_gamerip"",""khinsider_album_match_score"":100.0,""relevance_score_100"":100.0,""popularity_score_100"":44.68785601631306,""score_100"":77.87514240652523,""popularity_basis"":""BeatHit master-list game rank plus track position proxy""}"
11,Ragtime Tutti,Unknown credited artist,[],Putt-Putt Goes to the Moon Remastered Soundtrack (putt-putt-goes-to-the-moon-remastered),,,"[""video game soundtrack""]","[""und""]",,,,To the Moon,,,khinsider_track_prominence_proxy,44.477856016313055,score_0_100,,,,77.79114240652522,,,,https://downloads.khinsider.com/game-soundtracks/album/putt-putt-goes-to-the-moon-remastered,2026-10-05,Track title is taken from KHInsider's soundtrack/gamerip album index. Popularity is an explicitly labelled proxy based on BeatHit game rank and track prominence.,"{""culture_category"":""video_game_music"",""video_game"":""To the Moon"",""game_rank"":1129,""game_association_kind"":""khinsider_game_soundtrack"",""khinsider_album_url"":""https://downloads.khinsider.com/game-soundtracks/album/putt-putt-goes-to-the-moon-remastered"",""khinsider_album_title"":""Putt-Putt Goes to the Moon Remastered Soundtrack (putt-putt-goes-to-the-moon-remastered)"",""khinsider_album_kind"":""official_or_gamerip"",""khinsider_album_match_score"":100.0,""relevance_score_100"":100.0,""popularity_score_100"":44.477856016313055,""score_100"":77.79114240652522,""popularity_basis"":""BeatHit master-list game rank plus track position proxy""}"
12,A Little Motorcar,Unknown credited artist,[],Putt-Putt Goes to the Moon Remastered Soundtrack (putt-putt-goes-to-the-moon-remastered),,,"[""video game soundtrack""]","[""und""]",,,,To the Moon,,,khinsider_track_prominence_proxy,44.26785601631306,score_0_100,,,,77.70714240652522,,,,https://downloads.khinsider.com/game-soundtracks/album/putt-putt-goes-to-the-moon-remastered,2026-10-05,Track title is taken from KHInsider's soundtrack/gamerip album index. Popularity is an explicitly labelled proxy based on BeatHit game rank and track prominence.,"{""culture_category"":""video_game_music"",""video_game"":""To the Moon"",""game_rank"":1129,""game_association_kind"":""khinsider_game_soundtrack"",""khinsider_album_url"":""https://downloads.khinsider.com/game-soundtracks/album/putt-putt-goes-to-the-moon-remastered"",""khinsider_album_title"":""Putt-Putt Goes to the Moon Remastered Soundtrack (putt-putt-goes-to-the-moon-remastered)"",""khinsider_album_kind"":""official_or_gamerip"",""khinsider_album_match_score"":100.0,""relevance_score_100"":100.0,""popularity_score_100"":44.26785601631306,""score_100"":77.70714240652522,""popularity_basis"":""BeatHit master-list game rank plus track position proxy""}"
13,Perky,Unknown credited artist,[],Putt-Putt Goes to the Moon Remastered Soundtrack (putt-putt-goes-to-the-moon-remastered),,,"[""video game soundtrack""]","[""und""]",,,,To the Moon,,,khinsider_track_prominence_proxy,44.05785601631305,score_0_100,,,,77.62314240652522,,,,https://downloads.khinsider.com/game-soundtracks/album/putt-putt-goes-to-the-moon-remastered,2026-10-05,Track title is taken from KHInsider's soundtrack/gamerip album index. Popularity is an explicitly labelled proxy based on BeatHit game rank and track prominence.,"{""culture_category"":""video_game_music"",""video_game"":""To the Moon"",""game_rank"":1129,""game_association_kind"":""khinsider_game_soundtrack"",""khinsider_album_url"":""https://downloads.khinsider.com/game-soundtracks/album/putt-putt-goes-to-the-moon-remastered"",""khinsider_album_title"":""Putt-Putt Goes to the Moon Remastered Soundtrack (putt-putt-goes-to-the-moon-remastered)"",""khinsider_album_kind"":""official_or_gamerip"",""khinsider_album_match_score"":100.0,""relevance_score_100"":100.0,""popularity_score_100"":44.05785601631305,""score_100"":77.62314240652522,""popularity_basis"":""BeatHit master-list game rank plus track position proxy""}"
14,Ragtime Solo,Unknown credited artist,[],Putt-Putt Goes to the Moon Remastered Soundtrack (putt-putt-goes-to-the-moon-remastered),,,"[""video game soundtrack""]","[""und""]",,,,To the Moon,,,khinsider_track_prominence_proxy,43.84785601631306,score_0_100,,,,77.53914240652523,,,,https://downloads.khinsider.com/game-soundtracks/album/putt-putt-goes-to-the-moon-remastered,2026-10-05,Track title is taken from KHInsider's soundtrack/gamerip album index. Popularity is an explicitly labelled proxy based on BeatHit game rank and track prominence.,"{""culture_category"":""video_game_music"",""video_game"":""To the Moon"",""game_rank"":1129,""game_association_kind"":""khinsider_game_soundtrack"",""khinsider_album_url"":""https://downloads.khinsider.com/game-soundtracks/album/putt-putt-goes-to-the-moon-remastered"",""khinsider_album_title"":""Putt-Putt Goes to the Moon Remastered Soundtrack (putt-putt-goes-to-the-moon-remastered)"",""khinsider_album_kind"":""official_or_gamerip"",""khinsider_album_match_score"":100.0,""relevance_score_100"":100.0,""popularity_score_100"":43.84785601631306,""score_100"":77.53914240652523,""popularity_basis"":""BeatHit master-list game rank plus track position proxy""}"
15,Motorchacha,Unknown credited artist,[],Putt-Putt Goes to the Moon Remastered Soundtrack (putt-putt-goes-to-the-moon-remastered),,,"[""video game soundtrack""]","[""und""]",,,,To the Moon,,,khinsider_track_prominence_proxy,43.63785601631306,score_0_100,,,,77.45514240652523,,,,https://downloads.khinsider.com/game-soundtracks/album/putt-putt-goes-to-the-moon-remastered,2026-10-05,Track title is taken from KHInsider's soundtrack/gamerip album index. Popularity is an explicitly labelled proxy based on BeatHit game rank and track prominence.,"{""culture_category"":""video_game_music"",""video_game"":""To the Moon"",""game_rank"":1129,""game_association_kind"":""khinsider_game_soundtrack"",""khinsider_album_url"":""https://downloads.khinsider.com/game-soundtracks/album/putt-putt-goes-to-the-moon-remastered"",""khinsider_album_title"":""Putt-Putt Goes to the Moon Remastered Soundtrack (putt-putt-goes-to-the-moon-remastered)"",""khinsider_album_kind"":""official_or_gamerip"",""khinsider_album_match_score"":100.0,""relevance_score_100"":100.0,""popularity_score_100"":43.63785601631306,""score_100"":77.45514240652523,""popularity_basis"":""BeatHit master-list game rank plus track position proxy""}"
16,Car U Want,Unknown credited artist,[],Putt-Putt Goes to the Moon Remastered Soundtrack (putt-putt-goes-to-the-moon-remastered),,,"[""video game soundtrack""]","[""und""]",,,,To the Moon,,,khinsider_track_prominence_proxy,43.42785601631306,score_0_100,,,,77.37114240652522,,,,https://downloads.khinsider.com/game-soundtracks/album/putt-putt-goes-to-the-moon-remastered,2026-10-05,Track title is taken from KHInsider's soundtrack/gamerip album index. Popularity is an explicitly labelled proxy based on BeatHit game rank and track prominence.,"{""culture_category"":""video_game_music"",""video_game"":""To the Moon"",""game_rank"":1129,""game_association_kind"":""khinsider_game_soundtrack"",""khinsider_album_url"":""https://downloads.khinsider.com/game-soundtracks/album/putt-putt-goes-to-the-moon-remastered"",""khinsider_album_title"":""Putt-Putt Goes to the Moon Remastered Soundtrack (putt-putt-goes-to-the-moon-remastered)"",""khinsider_album_kind"":""official_or_gamerip"",""khinsider_album_match_score"":100.0,""relevance_score_100"":100.0,""popularity_score_100"":43.42785601631306,""score_100"":77.37114240652522,""popularity_basis"":""BeatHit master-list game rank plus track position proxy""}"
17,Latin Come Home,Unknown credited artist,[],Putt-Putt Goes to the Moon Remastered Soundtrack (putt-putt-goes-to-the-moon-remastered),,,"[""video game soundtrack""]","[""und""]",,,,To the Moon,,,khinsider_track_prominence_proxy,43.21785601631306,score_0_100,,,,77.28714240652522,,,,https://downloads.khinsider.com/game-soundtracks/album/putt-putt-goes-to-the-moon-remastered,2026-10-05,Track title is taken from KHInsider's soundtrack/gamerip album index. Popularity is an explicitly labelled proxy based on BeatHit game rank and track prominence.,"{""culture_category"":""video_game_music"",""video_game"":""To the Moon"",""game_rank"":1129,""game_association_kind"":""khinsider_game_soundtrack"",""khinsider_album_url"":""https://downloads.khinsider.com/game-soundtracks/album/putt-putt-goes-to-the-moon-remastered"",""khinsider_album_title"":""Putt-Putt Goes to the Moon Remastered Soundtrack (putt-putt-goes-to-the-moon-remastered)"",""khinsider_album_kind"":""official_or_gamerip"",""khinsider_album_match_score"":100.0,""relevance_score_100"":100.0,""popularity_score_100"":43.21785601631306,""score_100"":77.28714240652522,""popularity_basis"":""BeatHit master-list game rank plus track position proxy""}"
18,Lunar Blues,Unknown credited artist,[],Putt-Putt Goes to the Moon Remastered Soundtrack (putt-putt-goes-to-the-moon-remastered),,,"[""video game soundtrack""]","[""und""]",,,,To the Moon,,,khinsider_track_prominence_proxy,43.007856016313056,score_0_100,,,,77.20314240652522,,,,https://downloads.khinsider.com/game-soundtracks/album/putt-putt-goes-to-the-moon-remastered,2026-10-05,Track title is taken from KHInsider's soundtrack/gamerip album index. Popularity is an explicitly labelled proxy based on BeatHit game rank and track prominence.,"{""culture_category"":""video_game_music"",""video_game"":""To the Moon"",""game_rank"":1129,""game_association_kind"":""khinsider_game_soundtrack"",""khinsider_album_url"":""https://downloads.khinsider.com/game-soundtracks/album/putt-putt-goes-to-the-moon-remastered"",""khinsider_album_title"":""Putt-Putt Goes to the Moon Remastered Soundtrack (putt-putt-goes-to-the-moon-remastered)"",""khinsider_album_kind"":""official_or_gamerip"",""khinsider_album_match_score"":100.0,""relevance_score_100"":100.0,""popularity_score_100"":43.007856016313056,""score_100"":77.20314240652522,""popularity_basis"":""BeatHit master-list game rank plus track position proxy""}"
19,Slimey,Unknown credited artist,[],Putt-Putt Goes to the Moon Remastered Soundtrack (putt-putt-goes-to-the-moon-remastered),,,"[""video game soundtrack""]","[""und""]",,,,To the Moon,,,khinsider_track_prominence_proxy,42.79785601631306,score_0_100,,,,77.11914240652523,,,,https://downloads.khinsider.com/game-soundtracks/album/putt-putt-goes-to-the-moon-remastered,2026-10-05,Track title is taken from KHInsider's soundtrack/gamerip album index. Popularity is an explicitly labelled proxy based on BeatHit game rank and track prominence.,"{""culture_category"":""video_game_music"",""video_game"":""To the Moon"",""game_rank"":1129,""game_association_kind"":""khinsider_game_soundtrack"",""khinsider_album_url"":""https://downloads.khinsider.com/game-soundtracks/album/putt-putt-goes-to-the-moon-remastered"",""khinsider_album_title"":""Putt-Putt Goes to the Moon Remastered Soundtrack (putt-putt-goes-to-the-moon-remastered)"",""khinsider_album_kind"":""official_or_gamerip"",""khinsider_album_match_score"":100.0,""relevance_score_100"":100.0,""popularity_score_100"":42.79785601631306,""score_100"":77.11914240652523,""popularity_basis"":""BeatHit master-list game rank plus track position proxy""}"
20,On the Moon,Unknown credited artist,[],Putt-Putt Goes to the Moon Remastered Soundtrack (putt-putt-goes-to-the-moon-remastered),,,"[""video game soundtrack""]","[""und""]",,,,To the Moon,,,khinsider_track_prominence_proxy,42.58785601631306,score_0_100,,,,77.03514240652522,,,,https://downloads.khinsider.com/game-soundtracks/album/putt-putt-goes-to-the-moon-remastered,2026-10-05,Track title is taken from KHInsider's soundtrack/gamerip album index. Popularity is an explicitly labelled proxy based on BeatHit game rank and track prominence.,"{""culture_category"":""video_game_music"",""video_game"":""To the Moon"",""game_rank"":1129,""game_association_kind"":""khinsider_game_soundtrack"",""khinsider_album_url"":""https://downloads.khinsider.com/game-soundtracks/album/putt-putt-goes-to-the-moon-remastered"",""khinsider_album_title"":""Putt-Putt Goes to the Moon Remastered Soundtrack (putt-putt-goes-to-the-moon-remastered)"",""khinsider_album_kind"":""official_or_gamerip"",""khinsider_album_match_score"":100.0,""relevance_score_100"":100.0,""popularity_score_100"":42.58785601631306,""score_100"":77.03514240652522,""popularity_basis"":""BeatHit master-list game rank plus track position proxy""}"
21,Mooning,Unknown credited artist,[],Putt-Putt Goes to the Moon Remastered Soundtrack (putt-putt-goes-to-the-moon-remastered),,,"[""video game soundtrack""]","[""und""]",,,,To the Moon,,,khinsider_track_prominence_proxy,42.37785601631306,score_0_100,,,,76.95114240652522,,,,https://downloads.khinsider.com/game-soundtracks/album/putt-putt-goes-to-the-moon-remastered,2026-10-05,Track title is taken from KHInsider's soundtrack/gamerip album index. Popularity is an explicitly labelled proxy based on BeatHit game rank and track prominence.,"{""culture_category"":""video_game_music"",""video_game"":""To the Moon"",""game_rank"":1129,""game_association_kind"":""khinsider_game_soundtrack"",""khinsider_album_url"":""https://downloads.khinsider.com/game-soundtracks/album/putt-putt-goes-to-the-moon-remastered"",""khinsider_album_title"":""Putt-Putt Goes to the Moon Remastered Soundtrack (putt-putt-goes-to-the-moon-remastered)"",""khinsider_album_kind"":""official_or_gamerip"",""khinsider_album_match_score"":100.0,""relevance_score_100"":100.0,""popularity_score_100"":42.37785601631306,""score_100"":76.95114240652522,""popularity_basis"":""BeatHit master-list game rank plus track position proxy""}"
22,Coal Mine on the Moon,Unknown credited artist,[],Putt-Putt Goes to the Moon Remastered Soundtrack (putt-putt-goes-to-the-moon-remastered),,,"[""video game soundtrack""]","[""und""]",,,,To the Moon,,,khinsider_track_prominence_proxy,42.16785601631306,score_0_100,,,,76.86714240652523,,,,https://downloads.khinsider.com/game-soundtracks/album/putt-putt-goes-to-the-moon-remastered,2026-10-05,Track title is taken from KHInsider's soundtrack/gamerip album index. Popularity is an explicitly labelled proxy based on BeatHit game rank and track prominence.,"{""culture_category"":""video_game_music"",""video_game"":""To the Moon"",""game_rank"":1129,""game_association_kind"":""khinsider_game_soundtrack"",""khinsider_album_url"":""https://downloads.khinsider.com/game-soundtracks/album/putt-putt-goes-to-the-moon-remastered"",""khinsider_album_title"":""Putt-Putt Goes to the Moon Remastered Soundtrack (putt-putt-goes-to-the-moon-remastered)"",""khinsider_album_kind"":""official_or_gamerip"",""khinsider_album_match_score"":100.0,""relevance_score_100"":100.0,""popularity_score_100"":42.16785601631306,""score_100"":76.86714240652523,""popularity_basis"":""BeatHit master-list game rank plus track position proxy""}"
23,Silence,Unknown credited artist,[],ETUDE ~a Wish to the Moon~ / JOE HISAISHI (etude-a-wish-to-the-moon),,,"[""video game soundtrack""]","[""und""]",,,,To the Moon,,,khinsider_track_prominence_proxy,46.57785601631306,score_0_100,,,,76.83114240652522,,,,https://downloads.khinsider.com/game-soundtracks/album/etude-a-wish-to-the-moon,2026-10-05,Track title is taken from KHInsider's soundtrack/gamerip album index. Popularity is an explicitly labelled proxy based on BeatHit game rank and track prominence.,"{""culture_category"":""video_game_music"",""video_game"":""To the Moon"",""game_rank"":1129,""game_association_kind"":""khinsider_game_soundtrack"",""khinsider_album_url"":""https://downloads.khinsider.com/game-soundtracks/album/etude-a-wish-to-the-moon"",""khinsider_album_title"":""ETUDE ~a Wish to the Moon~ / JOE HISAISHI (etude-a-wish-to-the-moon)"",""khinsider_album_kind"":""unclassified_game_album"",""khinsider_album_match_score"":100.0,""relevance_score_100"":97.0,""popularity_score_100"":46.57785601631306,""score_100"":76.83114240652522,""popularity_basis"":""BeatHit master-list game rank plus track position proxy""}"
24,Putt-Putt Goes to the Moon Music - Introduction,Unknown credited artist,[],Putt-Putt Goes to the Moon (putt-putt-goes-to-the-moon),,,"[""video game soundtrack""]","[""und""]",,,,To the Moon,,,khinsider_track_prominence_proxy,46.57785601631306,score_0_100,,,,76.83114240652522,,,,https://downloads.khinsider.com/game-soundtracks/album/putt-putt-goes-to-the-moon,2026-10-05,Track title is taken from KHInsider's soundtrack/gamerip album index. Popularity is an explicitly labelled proxy based on BeatHit game rank and track prominence.,"{""culture_category"":""video_game_music"",""video_game"":""To the Moon"",""game_rank"":1129,""game_association_kind"":""khinsider_game_soundtrack"",""khinsider_album_url"":""https://downloads.khinsider.com/game-soundtracks/album/putt-putt-goes-to-the-moon"",""khinsider_album_title"":""Putt-Putt Goes to the Moon (putt-putt-goes-to-the-moon)"",""khinsider_album_kind"":""unclassified_game_album"",""khinsider_album_match_score"":100.0,""relevance_score_100"":97.0,""popularity_score_100"":46.57785601631306,""score_100"":76.83114240652522,""popularity_basis"":""BeatHit master-list game rank plus track position proxy""}"
25,To the Moon - Main Theme,Unknown credited artist,[],To The Moon (to-the-moon),,,"[""video game soundtrack""]","[""und""]",,,,To the Moon,,,khinsider_track_prominence_proxy,46.57785601631306,score_0_100,,,,76.83114240652522,,,,https://downloads.khinsider.com/game-soundtracks/album/to-the-moon,2026-10-05,Track title is taken from KHInsider's soundtrack/gamerip album index. Popularity is an explicitly labelled proxy based on BeatHit game rank and track prominence.,"{""culture_category"":""video_game_music"",""video_game"":""To the Moon"",""game_rank"":1129,""game_association_kind"":""khinsider_game_soundtrack"",""khinsider_album_url"":""https://downloads.khinsider.com/game-soundtracks/album/to-the-moon"",""khinsider_album_title"":""To The Moon (to-the-moon)"",""khinsider_album_kind"":""unclassified_game_album"",""khinsider_album_match_score"":100.0,""relevance_score_100"":97.0,""popularity_score_100"":46.57785601631306,""score_100"":76.83114240652522,""popularity_basis"":""BeatHit master-list game rank plus track position proxy""}"
26,Motorcar Swing (Unused),Unknown credited artist,[],Putt-Putt Goes to the Moon Remastered Soundtrack (putt-putt-goes-to-the-moon-remastered),,,"[""video game soundtrack""]","[""und""]",,,,To the Moon,,,khinsider_track_prominence_proxy,41.95785601631306,score_0_100,,,,76.78314240652523,,,,https://downloads.khinsider.com/game-soundtracks/album/putt-putt-goes-to-the-moon-remastered,2026-10-05,Track title is taken from KHInsider's soundtrack/gamerip album index. Popularity is an explicitly labelled proxy based on BeatHit game rank and track prominence.,"{""culture_category"":""video_game_music"",""video_game"":""To the Moon"",""game_rank"":1129,""game_association_kind"":""khinsider_game_soundtrack"",""khinsider_album_url"":""https://downloads.khinsider.com/game-soundtracks/album/putt-putt-goes-to-the-moon-remastered"",""khinsider_album_title"":""Putt-Putt Goes to the Moon Remastered Soundtrack (putt-putt-goes-to-the-moon-remastered)"",""khinsider_album_kind"":""official_or_gamerip"",""khinsider_album_match_score"":100.0,""relevance_score_100"":100.0,""popularity_score_100"":41.95785601631306,""score_100"":76.78314240652523,""popularity_basis"":""BeatHit master-list game rank plus track position proxy""}"
27,Bolero,Unknown credited artist,[],ETUDE ~a Wish to the Moon~ / JOE HISAISHI (etude-a-wish-to-the-moon),,,"[""video game soundtrack""]","[""und""]",,,,To the Moon,,,khinsider_track_prominence_proxy,46.367856016313056,score_0_100,,,,76.74714240652521,,,,https://downloads.khinsider.com/game-soundtracks/album/etude-a-wish-to-the-moon,2026-10-05,Track title is taken from KHInsider's soundtrack/gamerip album index. Popularity is an explicitly labelled proxy based on BeatHit game rank and track prominence.,"{""culture_category"":""video_game_music"",""video_game"":""To the Moon"",""game_rank"":1129,""game_association_kind"":""khinsider_game_soundtrack"",""khinsider_album_url"":""https://downloads.khinsider.com/game-soundtracks/album/etude-a-wish-to-the-moon"",""khinsider_album_title"":""ETUDE ~a Wish to the Moon~ / JOE HISAISHI (etude-a-wish-to-the-moon)"",""khinsider_album_kind"":""unclassified_game_album"",""khinsider_album_match_score"":100.0,""relevance_score_100"":97.0,""popularity_score_100"":46.367856016313056,""score_100"":76.74714240652521,""popularity_basis"":""BeatHit master-list game rank plus track position proxy""}"
28,Putt-Putt Goes to the Moon Music - Fireworks Factory,Unknown credited artist,[],Putt-Putt Goes to the Moon (putt-putt-goes-to-the-moon),,,"[""video game soundtrack""]","[""und""]",,,,To the Moon,,,khinsider_track_prominence_proxy,46.367856016313056,score_0_100,,,,76.74714240652521,,,,https://downloads.khinsider.com/game-soundtracks/album/putt-putt-goes-to-the-moon,2026-10-05,Track title is taken from KHInsider's soundtrack/gamerip album index. Popularity is an explicitly labelled proxy based on BeatHit game rank and track prominence.,"{""culture_category"":""video_game_music"",""video_game"":""To the Moon"",""game_rank"":1129,""game_association_kind"":""khinsider_game_soundtrack"",""khinsider_album_url"":""https://downloads.khinsider.com/game-soundtracks/album/putt-putt-goes-to-the-moon"",""khinsider_album_title"":""Putt-Putt Goes to the Moon (putt-putt-goes-to-the-moon)"",""khinsider_album_kind"":""unclassified_game_album"",""khinsider_album_match_score"":100.0,""relevance_score_100"":97.0,""popularity_score_100"":46.367856016313056,""score_100"":76.74714240652521,""popularity_basis"":""BeatHit master-list game rank plus track position proxy""}"
29,Between a Squirrel and a Tree,Unknown credited artist,[],To The Moon (to-the-moon),,,"[""video game soundtrack""]","[""und""]",,,,To the Moon,,,khinsider_track_prominence_proxy,46.367856016313056,score_0_100,,,,76.74714240652521,,,,https://downloads.khinsider.com/game-soundtracks/album/to-the-moon,2026-10-05,Track title is taken from KHInsider's soundtrack/gamerip album index. Popularity is an explicitly labelled proxy based on BeatHit game rank and track prominence.,"{""culture_category"":""video_game_music"",""video_game"":""To the Moon"",""game_rank"":1129,""game_association_kind"":""khinsider_game_soundtrack"",""khinsider_album_url"":""https://downloads.khinsider.com/game-soundtracks/album/to-the-moon"",""khinsider_album_title"":""To The Moon (to-the-moon)"",""khinsider_album_kind"":""unclassified_game_album"",""khinsider_album_match_score"":100.0,""relevance_score_100"":97.0,""popularity_score_100"":46.367856016313056,""score_100"":76.74714240652521,""popularity_basis"":""BeatHit master-list game rank plus track position proxy""}"
30,Charleston 8 (Unused),Unknown credited artist,[],Putt-Putt Goes to the Moon Remastered Soundtrack (putt-putt-goes-to-the-moon-remastered),,,"[""video game soundtrack""]","[""und""]",,,,To the Moon,,,khinsider_track_prominence_proxy,41.747856016313065,score_0_100,,,,76.69914240652523,,,,https://downloads.khinsider.com/game-soundtracks/album/putt-putt-goes-to-the-moon-remastered,2026-10-05,Track title is taken from KHInsider's soundtrack/gamerip album index. Popularity is an explicitly labelled proxy based on BeatHit game rank and track prominence.,"{""culture_category"":""video_game_music"",""video_game"":""To the Moon"",""game_rank"":1129,""game_association_kind"":""khinsider_game_soundtrack"",""khinsider_album_url"":""https://downloads.khinsider.com/game-soundtracks/album/putt-putt-goes-to-the-moon-remastered"",""khinsider_album_title"":""Putt-Putt Goes to the Moon Remastered Soundtrack (putt-putt-goes-to-the-moon-remastered)"",""khinsider_album_kind"":""official_or_gamerip"",""khinsider_album_match_score"":100.0,""relevance_score_100"":100.0,""popularity_score_100"":41.747856016313065,""score_100"":76.69914240652523,""popularity_basis"":""BeatHit master-list game rank plus track position proxy""}"
31,Choral,Unknown credited artist,[],ETUDE ~a Wish to the Moon~ / JOE HISAISHI (etude-a-wish-to-the-moon),,,"[""video game soundtrack""]","[""und""]",,,,To the Moon,,,khinsider_track_prominence_proxy,46.15785601631306,score_0_100,,,,76.66314240652522,,,,https://downloads.khinsider.com/game-soundtracks/album/etude-a-wish-to-the-moon,2026-10-05,Track title is taken from KHInsider's soundtrack/gamerip album index. Popularity is an explicitly labelled proxy based on BeatHit game rank and track prominence.,"{""culture_category"":""video_game_music"",""video_game"":""To the Moon"",""game_rank"":1129,""game_association_kind"":""khinsider_game_soundtrack"",""khinsider_album_url"":""https://downloads.khinsider.com/game-soundtracks/album/etude-a-wish-to-the-moon"",""khinsider_album_title"":""ETUDE ~a Wish to the Moon~ / JOE HISAISHI (etude-a-wish-to-the-moon)"",""khinsider_album_kind"":""unclassified_game_album"",""khinsider_album_match_score"":100.0,""relevance_score_100"":97.0,""popularity_score_100"":46.15785601631306,""score_100"":76.66314240652522,""popularity_basis"":""BeatHit master-list game rank plus track position proxy""}"
32,Putt-Putt Goes to the Moon Music - Outer Space,Unknown credited artist,[],Putt-Putt Goes to the Moon (putt-putt-goes-to-the-moon),,,"[""video game soundtrack""]","[""und""]",,,,To the Moon,,,khinsider_track_prominence_proxy,46.15785601631306,score_0_100,,,,76.66314240652522,,,,https://downloads.khinsider.com/game-soundtracks/album/putt-putt-goes-to-the-moon,2026-10-05,Track title is taken from KHInsider's soundtrack/gamerip album index. Popularity is an explicitly labelled proxy based on BeatHit game rank and track prominence.,"{""culture_category"":""video_game_music"",""video_game"":""To the Moon"",""game_rank"":1129,""game_association_kind"":""khinsider_game_soundtrack"",""khinsider_album_url"":""https://downloads.khinsider.com/game-soundtracks/album/putt-putt-goes-to-the-moon"",""khinsider_album_title"":""Putt-Putt Goes to the Moon (putt-putt-goes-to-the-moon)"",""khinsider_album_kind"":""unclassified_game_album"",""khinsider_album_match_score"":100.0,""relevance_score_100"":97.0,""popularity_score_100"":46.15785601631306,""score_100"":76.66314240652522,""popularity_basis"":""BeatHit master-list game rank plus track position proxy""}"
33,Spiral of Secrets,Unknown credited artist,[],To The Moon (to-the-moon),,,"[""video game soundtrack""]","[""und""]",,,,To the Moon,,,khinsider_track_prominence_proxy,46.15785601631306,score_0_100,,,,76.66314240652522,,,,https://downloads.khinsider.com/game-soundtracks/album/to-the-moon,2026-10-05,Track title is taken from KHInsider's soundtrack/gamerip album index. Popularity is an explicitly labelled proxy based on BeatHit game rank and track prominence.,"{""culture_category"":""video_game_music"",""video_game"":""To the Moon"",""game_rank"":1129,""game_association_kind"":""khinsider_game_soundtrack"",""khinsider_album_url"":""https://downloads.khinsider.com/game-soundtracks/album/to-the-moon"",""khinsider_album_title"":""To The Moon (to-the-moon)"",""khinsider_album_kind"":""unclassified_game_album"",""khinsider_album_match_score"":100.0,""relevance_score_100"":97.0,""popularity_score_100"":46.15785601631306,""score_100"":76.66314240652522,""popularity_basis"":""BeatHit master-list game rank plus track position proxy""}"
34,Charleston Brown (Unused),Unknown credited artist,[],Putt-Putt Goes to the Moon Remastered Soundtrack (putt-putt-goes-to-the-moon-remastered),,,"[""video game soundtrack""]","[""und""]",,,,To the Moon,,,khinsider_track_prominence_proxy,41.53785601631306,score_0_100,,,,76.61514240652522,,,,https://downloads.khinsider.com/game-soundtracks/album/putt-putt-goes-to-the-moon-remastered,2026-10-05,Track title is taken from KHInsider's soundtrack/gamerip album index. Popularity is an explicitly labelled proxy based on BeatHit game rank and track prominence.,"{""culture_category"":""video_game_music"",""video_game"":""To the Moon"",""game_rank"":1129,""game_association_kind"":""khinsider_game_soundtrack"",""khinsider_album_url"":""https://downloads.khinsider.com/game-soundtracks/album/putt-putt-goes-to-the-moon-remastered"",""khinsider_album_title"":""Putt-Putt Goes to the Moon Remastered Soundtrack (putt-putt-goes-to-the-moon-remastered)"",""khinsider_album_kind"":""official_or_gamerip"",""khinsider_album_match_score"":100.0,""relevance_score_100"":100.0,""popularity_score_100"":41.53785601631306,""score_100"":76.61514240652522,""popularity_basis"":""BeatHit master-list game rank plus track position proxy""}"
35,MoonLight,Unknown credited artist,[],ETUDE ~a Wish to the Moon~ / JOE HISAISHI (etude-a-wish-to-the-moon),,,"[""video game soundtrack""]","[""und""]",,,,To the Moon,,,khinsider_track_prominence_proxy,45.94785601631306,score_0_100,,,,76.57914240652522,,,,https://downloads.khinsider.com/game-soundtracks/album/etude-a-wish-to-the-moon,2026-10-05,Track title is taken from KHInsider's soundtrack/gamerip album index. Popularity is an explicitly labelled proxy based on BeatHit game rank and track prominence.,"{""culture_category"":""video_game_music"",""video_game"":""To the Moon"",""game_rank"":1129,""game_association_kind"":""khinsider_game_soundtrack"",""khinsider_album_url"":""https://downloads.khinsider.com/game-soundtracks/album/etude-a-wish-to-the-moon"",""khinsider_album_title"":""ETUDE ~a Wish to the Moon~ / JOE HISAISHI (etude-a-wish-to-the-moon)"",""khinsider_album_kind"":""unclassified_game_album"",""khinsider_album_match_score"":100.0,""relevance_score_100"":97.0,""popularity_score_100"":45.94785601631306,""score_100"":76.57914240652522,""popularity_basis"":""BeatHit master-list game rank plus track position proxy""}"
36,Putt-Putt Goes to the Moon Music - Moon 1,Unknown credited artist,[],Putt-Putt Goes to the Moon (putt-putt-goes-to-the-moon),,,"[""video game soundtrack""]","[""und""]",,,,To the Moon,,,khinsider_track_prominence_proxy,45.94785601631306,score_0_100,,,,76.57914240652522,,,,https://downloads.khinsider.com/game-soundtracks/album/putt-putt-goes-to-the-moon,2026-10-05,Track title is taken from KHInsider's soundtrack/gamerip album index. Popularity is an explicitly labelled proxy based on BeatHit game rank and track prominence.,"{""culture_category"":""video_game_music"",""video_game"":""To the Moon"",""game_rank"":1129,""game_association_kind"":""khinsider_game_soundtrack"",""khinsider_album_url"":""https://downloads.khinsider.com/game-soundtracks/album/putt-putt-goes-to-the-moon"",""khinsider_album_title"":""Putt-Putt Goes to the Moon (putt-putt-goes-to-the-moon)"",""khinsider_album_kind"":""unclassified_game_album"",""khinsider_album_match_score"":100.0,""relevance_score_100"":97.0,""popularity_score_100"":45.94785601631306,""score_100"":76.57914240652522,""popularity_basis"":""BeatHit master-list game rank plus track position proxy""}"
37,For River - Piano (Sarah & Tommy's Version),Unknown credited artist,[],To The Moon (to-the-moon),,,"[""video game soundtrack""]","[""und""]",,,,To the Moon,,,khinsider_track_prominence_proxy,45.94785601631306,score_0_100,,,,76.57914240652522,,,,https://downloads.khinsider.com/game-soundtracks/album/to-the-moon,2026-10-05,Track title is taken from KHInsider's soundtrack/gamerip album index. Popularity is an explicitly labelled proxy based on BeatHit game rank and track prominence.,"{""culture_category"":""video_game_music"",""video_game"":""To the Moon"",""game_rank"":1129,""game_association_kind"":""khinsider_game_soundtrack"",""khinsider_album_url"":""https://downloads.khinsider.com/game-soundtracks/album/to-the-moon"",""khinsider_album_title"":""To The Moon (to-the-moon)"",""khinsider_album_kind"":""unclassified_game_album"",""khinsider_album_match_score"":100.0,""relevance_score_100"":97.0,""popularity_score_100"":45.94785601631306,""score_100"":76.57914240652522,""popularity_basis"":""BeatHit master-list game rank plus track position proxy""}"
38,Motorcar Organ,Unknown credited artist,[],Putt-Putt Goes to the Moon Remastered Soundtrack (putt-putt-goes-to-the-moon-remastered),,,"[""video game soundtrack""]","[""und""]",,,,To the Moon,,,khinsider_track_prominence_proxy,41.32785601631306,score_0_100,,,,76.53114240652522,,,,https://downloads.khinsider.com/game-soundtracks/album/putt-putt-goes-to-the-moon-remastered,2026-10-05,Track title is taken from KHInsider's soundtrack/gamerip album index. Popularity is an explicitly labelled proxy based on BeatHit game rank and track prominence.,"{""culture_category"":""video_game_music"",""video_game"":""To the Moon"",""game_rank"":1129,""game_association_kind"":""khinsider_game_soundtrack"",""khinsider_album_url"":""https://downloads.khinsider.com/game-soundtracks/album/putt-putt-goes-to-the-moon-remastered"",""khinsider_album_title"":""Putt-Putt Goes to the Moon Remastered Soundtrack (putt-putt-goes-to-the-moon-remastered)"",""khinsider_album_kind"":""official_or_gamerip"",""khinsider_album_match_score"":100.0,""relevance_score_100"":100.0,""popularity_score_100"":41.32785601631306,""score_100"":76.53114240652522,""popularity_basis"":""BeatHit master-list game rank plus track position proxy""}"
39,MONOCHROMATIC,Unknown credited artist,[],ETUDE ~a Wish to the Moon~ / JOE HISAISHI (etude-a-wish-to-the-moon),,,"[""video game soundtrack""]","[""und""]",,,,To the Moon,,,khinsider_track_prominence_proxy,45.73785601631306,score_0_100,,,,76.49514240652522,,,,https://downloads.khinsider.com/game-soundtracks/album/etude-a-wish-to-the-moon,2026-10-05,Track title is taken from KHInsider's soundtrack/gamerip album index. Popularity is an explicitly labelled proxy based on BeatHit game rank and track prominence.,"{""culture_category"":""video_game_music"",""video_game"":""To the Moon"",""game_rank"":1129,""game_association_kind"":""khinsider_game_soundtrack"",""khinsider_album_url"":""https://downloads.khinsider.com/game-soundtracks/album/etude-a-wish-to-the-moon"",""khinsider_album_title"":""ETUDE ~a Wish to the Moon~ / JOE HISAISHI (etude-a-wish-to-the-moon)"",""khinsider_album_kind"":""unclassified_game_album"",""khinsider_album_match_score"":100.0,""relevance_score_100"":97.0,""popularity_score_100"":45.73785601631306,""score_100"":76.49514240652522,""popularity_basis"":""BeatHit master-list game rank plus track position proxy""}"
40,Putt-Putt Goes to the Moon Music - Moon 2,Unknown credited artist,[],Putt-Putt Goes to the Moon (putt-putt-goes-to-the-moon),,,"[""video game soundtrack""]","[""und""]",,,,To the Moon,,,khinsider_track_prominence_proxy,45.73785601631306,score_0_100,,,,76.49514240652522,,,,https://downloads.khinsider.com/game-soundtracks/album/putt-putt-goes-to-the-moon,2026-10-05,Track title is taken from KHInsider's soundtrack/gamerip album index. Popularity is an explicitly labelled proxy based on BeatHit game rank and track prominence.,"{""culture_category"":""video_game_music"",""video_game"":""To the Moon"",""game_rank"":1129,""game_association_kind"":""khinsider_game_soundtrack"",""khinsider_album_url"":""https://downloads.khinsider.com/game-soundtracks/album/putt-putt-goes-to-the-moon"",""khinsider_album_title"":""Putt-Putt Goes to the Moon (putt-putt-goes-to-the-moon)"",""khinsider_album_kind"":""unclassified_game_album"",""khinsider_album_match_score"":100.0,""relevance_score_100"":97.0,""popularity_score_100"":45.73785601631306,""score_100"":76.49514240652522,""popularity_basis"":""BeatHit master-list game rank plus track position proxy""}"
41,Bestest Detectives in the World,Unknown credited artist,[],To The Moon (to-the-moon),,,"[""video game soundtrack""]","[""und""]",,,,To the Moon,,,khinsider_track_prominence_proxy,45.73785601631306,score_0_100,,,,76.49514240652522,,,,https://downloads.khinsider.com/game-soundtracks/album/to-the-moon,2026-10-05,Track title is taken from KHInsider's soundtrack/gamerip album index. Popularity is an explicitly labelled proxy based on BeatHit game rank and track prominence.,"{""culture_category"":""video_game_music"",""video_game"":""To the Moon"",""game_rank"":1129,""game_association_kind"":""khinsider_game_soundtrack"",""khinsider_album_url"":""https://downloads.khinsider.com/game-soundtracks/album/to-the-moon"",""khinsider_album_title"":""To The Moon (to-the-moon)"",""khinsider_album_kind"":""unclassified_game_album"",""khinsider_album_match_score"":100.0,""relevance_score_100"":97.0,""popularity_score_100"":45.73785601631306,""score_100"":76.49514240652522,""popularity_basis"":""BeatHit master-list game rank plus track position proxy""}"
42,Slide Jam,Unknown credited artist,[],Putt-Putt Goes to the Moon Remastered Soundtrack (putt-putt-goes-to-the-moon-remastered),,,"[""video game soundtrack""]","[""und""]",,,,To the Moon,,,khinsider_track_prominence_proxy,41.117856016313056,score_0_100,,,,76.44714240652522,,,,https://downloads.khinsider.com/game-soundtracks/album/putt-putt-goes-to-the-moon-remastered,2026-10-05,Track title is taken from KHInsider's soundtrack/gamerip album index. Popularity is an explicitly labelled proxy based on BeatHit game rank and track prominence.,"{""culture_category"":""video_game_music"",""video_game"":""To the Moon"",""game_rank"":1129,""game_association_kind"":""khinsider_game_soundtrack"",""khinsider_album_url"":""https://downloads.khinsider.com/game-soundtracks/album/putt-putt-goes-to-the-moon-remastered"",""khinsider_album_title"":""Putt-Putt Goes to the Moon Remastered Soundtrack (putt-putt-goes-to-the-moon-remastered)"",""khinsider_album_kind"":""official_or_gamerip"",""khinsider_album_match_score"":100.0,""relevance_score_100"":100.0,""popularity_score_100"":41.117856016313056,""score_100"":76.44714240652522,""popularity_basis"":""BeatHit master-list game rank plus track position proxy""}"
43,A Man Possessed by the Moon,Unknown credited artist,[],ETUDE ~a Wish to the Moon~ / JOE HISAISHI (etude-a-wish-to-the-moon),,,"[""video game soundtrack""]","[""und""]",,,,To the Moon,,,khinsider_track_prominence_proxy,45.52785601631306,score_0_100,,,,76.41114240652522,,,,https://downloads.khinsider.com/game-soundtracks/album/etude-a-wish-to-the-moon,2026-10-05,Track title is taken from KHInsider's soundtrack/gamerip album index. Popularity is an explicitly labelled proxy based on BeatHit game rank and track prominence.,"{""culture_category"":""video_game_music"",""video_game"":""To the Moon"",""game_rank"":1129,""game_association_kind"":""khinsider_game_soundtrack"",""khinsider_album_url"":""https://downloads.khinsider.com/game-soundtracks/album/etude-a-wish-to-the-moon"",""khinsider_album_title"":""ETUDE ~a Wish to the Moon~ / JOE HISAISHI (etude-a-wish-to-the-moon)"",""khinsider_album_kind"":""unclassified_game_album"",""khinsider_album_match_score"":100.0,""relevance_score_100"":97.0,""popularity_score_100"":45.52785601631306,""score_100"":76.41114240652522,""popularity_basis"":""BeatHit master-list game rank plus track position proxy""}"
44,Putt-Putt Goes to the Moon Music - Moon 3,Unknown credited artist,[],Putt-Putt Goes to the Moon (putt-putt-goes-to-the-moon),,,"[""video game soundtrack""]","[""und""]",,,,To the Moon,,,khinsider_track_prominence_proxy,45.52785601631306,score_0_100,,,,76.41114240652522,,,,https://downloads.khinsider.com/game-soundtracks/album/putt-putt-goes-to-the-moon,2026-10-05,Track title is taken from KHInsider's soundtrack/gamerip album index. Popularity is an explicitly labelled proxy based on BeatHit game rank and track prominence.,"{""culture_category"":""video_game_music"",""video_game"":""To the Moon"",""game_rank"":1129,""game_association_kind"":""khinsider_game_soundtrack"",""khinsider_album_url"":""https://downloads.khinsider.com/game-soundtracks/album/putt-putt-goes-to-the-moon"",""khinsider_album_title"":""Putt-Putt Goes to the Moon (putt-putt-goes-to-the-moon)"",""khinsider_album_kind"":""unclassified_game_album"",""khinsider_album_match_score"":100.0,""relevance_score_100"":97.0,""popularity_score_100"":45.52785601631306,""score_100"":76.41114240652522,""popularity_basis"":""BeatHit master-list game rank plus track position proxy""}"
45,Too Bad So Sad,Unknown credited artist,[],To The Moon (to-the-moon),,,"[""video game soundtrack""]","[""und""]",,,,To the Moon,,,khinsider_track_prominence_proxy,45.52785601631306,score_0_100,,,,76.41114240652522,,,,https://downloads.khinsider.com/game-soundtracks/album/to-the-moon,2026-10-05,Track title is taken from KHInsider's soundtrack/gamerip album index. Popularity is an explicitly labelled proxy based on BeatHit game rank and track prominence.,"{""culture_category"":""video_game_music"",""video_game"":""To the Moon"",""game_rank"":1129,""game_association_kind"":""khinsider_game_soundtrack"",""khinsider_album_url"":""https://downloads.khinsider.com/game-soundtracks/album/to-the-moon"",""khinsider_album_title"":""To The Moon (to-the-moon)"",""khinsider_album_kind"":""unclassified_game_album"",""khinsider_album_match_score"":100.0,""relevance_score_100"":97.0,""popularity_score_100"":45.52785601631306,""score_100"":76.41114240652522,""popularity_basis"":""BeatHit master-list game rank plus track position proxy""}"
46,Half Moon,Unknown credited artist,[],Putt-Putt Goes to the Moon Remastered Soundtrack (putt-putt-goes-to-the-moon-remastered),,,"[""video game soundtrack""]","[""und""]",,,,To the Moon,,,khinsider_track_prominence_proxy,40.90785601631306,score_0_100,,,,76.36314240652523,,,,https://downloads.khinsider.com/game-soundtracks/album/putt-putt-goes-to-the-moon-remastered,2026-10-05,Track title is taken from KHInsider's soundtrack/gamerip album index. Popularity is an explicitly labelled proxy based on BeatHit game rank and track prominence.,"{""culture_category"":""video_game_music"",""video_game"":""To the Moon"",""game_rank"":1129,""game_association_kind"":""khinsider_game_soundtrack"",""khinsider_album_url"":""https://downloads.khinsider.com/game-soundtracks/album/putt-putt-goes-to-the-moon-remastered"",""khinsider_album_title"":""Putt-Putt Goes to the Moon Remastered Soundtrack (putt-putt-goes-to-the-moon-remastered)"",""khinsider_album_kind"":""official_or_gamerip"",""khinsider_album_match_score"":100.0,""relevance_score_100"":100.0,""popularity_score_100"":40.90785601631306,""score_100"":76.36314240652523,""popularity_basis"":""BeatHit master-list game rank plus track position proxy""}"
47,Impossible Dream,Unknown credited artist,[],ETUDE ~a Wish to the Moon~ / JOE HISAISHI (etude-a-wish-to-the-moon),,,"[""video game soundtrack""]","[""und""]",,,,To the Moon,,,khinsider_track_prominence_proxy,45.31785601631306,score_0_100,,,,76.32714240652521,,,,https://downloads.khinsider.com/game-soundtracks/album/etude-a-wish-to-the-moon,2026-10-05,Track title is taken from KHInsider's soundtrack/gamerip album index. Popularity is an explicitly labelled proxy based on BeatHit game rank and track prominence.,"{""culture_category"":""video_game_music"",""video_game"":""To the Moon"",""game_rank"":1129,""game_association_kind"":""khinsider_game_soundtrack"",""khinsider_album_url"":""https://downloads.khinsider.com/game-soundtracks/album/etude-a-wish-to-the-moon"",""khinsider_album_title"":""ETUDE ~a Wish to the Moon~ / JOE HISAISHI (etude-a-wish-to-the-moon)"",""khinsider_album_kind"":""unclassified_game_album"",""khinsider_album_match_score"":100.0,""relevance_score_100"":97.0,""popularity_score_100"":45.31785601631306,""score_100"":76.32714240652521,""popularity_basis"":""BeatHit master-list game rank plus track position proxy""}"
48,Putt-Putt Goes to the Moon Music - Moon 4,Unknown credited artist,[],Putt-Putt Goes to the Moon (putt-putt-goes-to-the-moon),,,"[""video game soundtrack""]","[""und""]",,,,To the Moon,,,khinsider_track_prominence_proxy,45.31785601631306,score_0_100,,,,76.32714240652521,,,,https://downloads.khinsider.com/game-soundtracks/album/putt-putt-goes-to-the-moon,2026-10-05,Track title is taken from KHInsider's soundtrack/gamerip album index. Popularity is an explicitly labelled proxy based on BeatHit game rank and track prominence.,"{""culture_category"":""video_game_music"",""video_game"":""To the Moon"",""game_rank"":1129,""game_association_kind"":""khinsider_game_soundtrack"",""khinsider_album_url"":""https://downloads.khinsider.com/game-soundtracks/album/putt-putt-goes-to-the-moon"",""khinsider_album_title"":""Putt-Putt Goes to the Moon (putt-putt-goes-to-the-moon)"",""khinsider_album_kind"":""unclassified_game_album"",""khinsider_album_match_score"":100.0,""relevance_score_100"":97.0,""popularity_score_100"":45.31785601631306,""score_100"":76.32714240652521,""popularity_basis"":""BeatHit master-list game rank plus track position proxy""}"
49,Teddy,Unknown credited artist,[],To The Moon (to-the-moon),,,"[""video game soundtrack""]","[""und""]",,,,To the Moon,,,khinsider_track_prominence_proxy,45.31785601631306,score_0_100,,,,76.32714240652521,,,,https://downloads.khinsider.com/game-soundtracks/album/to-the-moon,2026-10-05,Track title is taken from KHInsider's soundtrack/gamerip album index. Popularity is an explicitly labelled proxy based on BeatHit game rank and track prominence.,"{""culture_category"":""video_game_music"",""video_game"":""To the Moon"",""game_rank"":1129,""game_association_kind"":""khinsider_game_soundtrack"",""khinsider_album_url"":""https://downloads.khinsider.com/game-soundtracks/album/to-the-moon"",""khinsider_album_title"":""To The Moon (to-the-moon)"",""khinsider_album_kind"":""unclassified_game_album"",""khinsider_album_match_score"":100.0,""relevance_score_100"":97.0,""popularity_score_100"":45.31785601631306,""score_100"":76.32714240652521,""popularity_basis"":""BeatHit master-list game rank plus track position proxy""}"
50,KGSR,Unknown credited artist,[],Putt-Putt Goes to the Moon Remastered Soundtrack (putt-putt-goes-to-the-moon-remastered),,,"[""video game soundtrack""]","[""und""]",,,,To the Moon,,,khinsider_track_prominence_proxy,40.69785601631306,score_0_100,,,,76.27914240652522,,,,https://downloads.khinsider.com/game-soundtracks/album/putt-putt-goes-to-the-moon-remastered,2026-10-05,Track title is taken from KHInsider's soundtrack/gamerip album index. Popularity is an explicitly labelled proxy based on BeatHit game rank and track prominence.,"{""culture_category"":""video_game_music"",""video_game"":""To the Moon"",""game_rank"":1129,""game_association_kind"":""khinsider_game_soundtrack"",""khinsider_album_url"":""https://downloads.khinsider.com/game-soundtracks/album/putt-putt-goes-to-the-moon-remastered"",""khinsider_album_title"":""Putt-Putt Goes to the Moon Remastered Soundtrack (putt-putt-goes-to-the-moon-remastered)"",""khinsider_album_kind"":""official_or_gamerip"",""khinsider_album_match_score"":100.0,""relevance_score_100"":100.0,""popularity_score_100"":40.69785601631306,""score_100"":76.27914240652522,""popularity_basis"":""BeatHit master-list game rank plus track position proxy""}"
51,Stars in a Dream,Unknown credited artist,[],ETUDE ~a Wish to the Moon~ / JOE HISAISHI (etude-a-wish-to-the-moon),,,"[""video game soundtrack""]","[""und""]",,,,To the Moon,,,khinsider_track_prominence_proxy,45.10785601631306,score_0_100,,,,76.24314240652522,,,,https://downloads.khinsider.com/game-soundtracks/album/etude-a-wish-to-the-moon,2026-10-05,Track title is taken from KHInsider's soundtrack/gamerip album index. Popularity is an explicitly labelled proxy based on BeatHit game rank and track prominence.,"{""culture_category"":""video_game_music"",""video_game"":""To the Moon"",""game_rank"":1129,""game_association_kind"":""khinsider_game_soundtrack"",""khinsider_album_url"":""https://downloads.khinsider.com/game-soundtracks/album/etude-a-wish-to-the-moon"",""khinsider_album_title"":""ETUDE ~a Wish to the Moon~ / JOE HISAISHI (etude-a-wish-to-the-moon)"",""khinsider_album_kind"":""unclassified_game_album"",""khinsider_album_match_score"":100.0,""relevance_score_100"":97.0,""popularity_score_100"":45.10785601631306,""score_100"":76.24314240652522,""popularity_basis"":""BeatHit master-list game rank plus track position proxy""}"
52,Putt-Putt Goes to the Moon Music - Moon 5,Unknown credited artist,[],Putt-Putt Goes to the Moon (putt-putt-goes-to-the-moon),,,"[""video game soundtrack""]","[""und""]",,,,To the Moon,,,khinsider_track_prominence_proxy,45.10785601631306,score_0_100,,,,76.24314240652522,,,,https://downloads.khinsider.com/game-soundtracks/album/putt-putt-goes-to-the-moon,2026-10-05,Track title is taken from KHInsider's soundtrack/gamerip album index. Popularity is an explicitly labelled proxy based on BeatHit game rank and track prominence.,"{""culture_category"":""video_game_music"",""video_game"":""To the Moon"",""game_rank"":1129,""game_association_kind"":""khinsider_game_soundtrack"",""khinsider_album_url"":""https://downloads.khinsider.com/game-soundtracks/album/putt-putt-goes-to-the-moon"",""khinsider_album_title"":""Putt-Putt Goes to the Moon (putt-putt-goes-to-the-moon)"",""khinsider_album_kind"":""unclassified_game_album"",""khinsider_album_match_score"":100.0,""relevance_score_100"":97.0,""popularity_score_100"":45.10785601631306,""score_100"":76.24314240652522,""popularity_basis"":""BeatHit master-list game rank plus track position proxy""}"
53,Uncharted Realms,Unknown credited artist,[],To The Moon (to-the-moon),,,"[""video game soundtrack""]","[""und""]",,,,To the Moon,,,khinsider_track_prominence_proxy,45.10785601631306,score_0_100,,,,76.24314240652522,,,,https://downloads.khinsider.com/game-soundtracks/album/to-the-moon,2026-10-05,Track title is taken from KHInsider's soundtrack/gamerip album index. Popularity is an explicitly labelled proxy based on BeatHit game rank and track prominence.,"{""culture_category"":""video_game_music"",""video_game"":""To the Moon"",""game_rank"":1129,""game_association_kind"":""khinsider_game_soundtrack"",""khinsider_album_url"":""https://downloads.khinsider.com/game-soundtracks/album/to-the-moon"",""khinsider_album_title"":""To The Moon (to-the-moon)"",""khinsider_album_kind"":""unclassified_game_album"",""khinsider_album_match_score"":100.0,""relevance_score_100"":97.0,""popularity_score_100"":45.10785601631306,""score_100"":76.24314240652522,""popularity_basis"":""BeatHit master-list game rank plus track position proxy""}"
54,Beguine,Unknown credited artist,[],Putt-Putt Goes to the Moon Remastered Soundtrack (putt-putt-goes-to-the-moon-remastered),,,"[""video game soundtrack""]","[""und""]",,,,To the Moon,,,khinsider_track_prominence_proxy,40.48785601631306,score_0_100,,,,76.19514240652522,,,,https://downloads.khinsider.com/game-soundtracks/album/putt-putt-goes-to-the-moon-remastered,2026-10-05,Track title is taken from KHInsider's soundtrack/gamerip album index. Popularity is an explicitly labelled proxy based on BeatHit game rank and track prominence.,"{""culture_category"":""video_game_music"",""video_game"":""To the Moon"",""game_rank"":1129,""game_association_kind"":""khinsider_game_soundtrack"",""khinsider_album_url"":""https://downloads.khinsider.com/game-soundtracks/album/putt-putt-goes-to-the-moon-remastered"",""khinsider_album_title"":""Putt-Putt Goes to the Moon Remastered Soundtrack (putt-putt-goes-to-the-moon-remastered)"",""khinsider_album_kind"":""official_or_gamerip"",""khinsider_album_match_score"":100.0,""relevance_score_100"":100.0,""popularity_score_100"":40.48785601631306,""score_100"":76.19514240652522,""popularity_basis"":""BeatHit master-list game rank plus track position proxy""}"
55,Dawn Flight,Unknown credited artist,[],ETUDE ~a Wish to the Moon~ / JOE HISAISHI (etude-a-wish-to-the-moon),,,"[""video game soundtrack""]","[""und""]",,,,To the Moon,,,khinsider_track_prominence_proxy,44.89785601631306,score_0_100,,,,76.15914240652522,,,,https://downloads.khinsider.com/game-soundtracks/album/etude-a-wish-to-the-moon,2026-10-05,Track title is taken from KHInsider's soundtrack/gamerip album index. Popularity is an explicitly labelled proxy based on BeatHit game rank and track prominence.,"{""culture_category"":""video_game_music"",""video_game"":""To the Moon"",""game_rank"":1129,""game_association_kind"":""khinsider_game_soundtrack"",""khinsider_album_url"":""https://downloads.khinsider.com/game-soundtracks/album/etude-a-wish-to-the-moon"",""khinsider_album_title"":""ETUDE ~a Wish to the Moon~ / JOE HISAISHI (etude-a-wish-to-the-moon)"",""khinsider_album_kind"":""unclassified_game_album"",""khinsider_album_match_score"":100.0,""relevance_score_100"":97.0,""popularity_score_100"":44.89785601631306,""score_100"":76.15914240652522,""popularity_basis"":""BeatHit master-list game rank plus track position proxy""}"
56,Putt-Putt Goes to the Moon Music - Moon 6,Unknown credited artist,[],Putt-Putt Goes to the Moon (putt-putt-goes-to-the-moon),,,"[""video game soundtrack""]","[""und""]",,,,To the Moon,,,khinsider_track_prominence_proxy,44.89785601631306,score_0_100,,,,76.15914240652522,,,,https://downloads.khinsider.com/game-soundtracks/album/putt-putt-goes-to-the-moon,2026-10-05,Track title is taken from KHInsider's soundtrack/gamerip album index. Popularity is an explicitly labelled proxy based on BeatHit game rank and track prominence.,"{""culture_category"":""video_game_music"",""video_game"":""To the Moon"",""game_rank"":1129,""game_association_kind"":""khinsider_game_soundtrack"",""khinsider_album_url"":""https://downloads.khinsider.com/game-soundtracks/album/putt-putt-goes-to-the-moon"",""khinsider_album_title"":""Putt-Putt Goes to the Moon (putt-putt-goes-to-the-moon)"",""khinsider_album_kind"":""unclassified_game_album"",""khinsider_album_match_score"":100.0,""relevance_score_100"":97.0,""popularity_score_100"":44.89785601631306,""score_100"":76.15914240652522,""popularity_basis"":""BeatHit master-list game rank plus track position proxy""}"
57,Having Lived,Unknown credited artist,[],To The Moon (to-the-moon),,,"[""video game soundtrack""]","[""und""]",,,,To the Moon,,,khinsider_track_prominence_proxy,44.89785601631306,score_0_100,,,,76.15914240652522,,,,https://downloads.khinsider.com/game-soundtracks/album/to-the-moon,2026-10-05,Track title is taken from KHInsider's soundtrack/gamerip album index. Popularity is an explicitly labelled proxy based on BeatHit game rank and track prominence.,"{""culture_category"":""video_game_music"",""video_game"":""To the Moon"",""game_rank"":1129,""game_association_kind"":""khinsider_game_soundtrack"",""khinsider_album_url"":""https://downloads.khinsider.com/game-soundtracks/album/to-the-moon"",""khinsider_album_title"":""To The Moon (to-the-moon)"",""khinsider_album_kind"":""unclassified_game_album"",""khinsider_album_match_score"":100.0,""relevance_score_100"":97.0,""popularity_score_100"":44.89785601631306,""score_100"":76.15914240652522,""popularity_basis"":""BeatHit master-list game rank plus track position proxy""}"
58,Going Home Fast,Unknown credited artist,[],Putt-Putt Goes to the Moon Remastered Soundtrack (putt-putt-goes-to-the-moon-remastered),,,"[""video game soundtrack""]","[""und""]",,,,To the Moon,,,khinsider_track_prominence_proxy,40.27785601631306,score_0_100,,,,76.11114240652523,,,,https://downloads.khinsider.com/game-soundtracks/album/putt-putt-goes-to-the-moon-remastered,2026-10-05,Track title is taken from KHInsider's soundtrack/gamerip album index. Popularity is an explicitly labelled proxy based on BeatHit game rank and track prominence.,"{""culture_category"":""video_game_music"",""video_game"":""To the Moon"",""game_rank"":1129,""game_association_kind"":""khinsider_game_soundtrack"",""khinsider_album_url"":""https://downloads.khinsider.com/game-soundtracks/album/putt-putt-goes-to-the-moon-remastered"",""khinsider_album_title"":""Putt-Putt Goes to the Moon Remastered Soundtrack (putt-putt-goes-to-the-moon-remastered)"",""khinsider_album_kind"":""official_or_gamerip"",""khinsider_album_match_score"":100.0,""relevance_score_100"":100.0,""popularity_score_100"":40.27785601631306,""score_100"":76.11114240652523,""popularity_basis"":""BeatHit master-list game rank plus track position proxy""}"
59,a Wish to the Moon,Unknown credited artist,[],ETUDE ~a Wish to the Moon~ / JOE HISAISHI (etude-a-wish-to-the-moon),,,"[""video game soundtrack""]","[""und""]",,,,To the Moon,,,khinsider_track_prominence_proxy,44.68785601631306,score_0_100,,,,76.07514240652522,,,,https://downloads.khinsider.com/game-soundtracks/album/etude-a-wish-to-the-moon,2026-10-05,Track title is taken from KHInsider's soundtrack/gamerip album index. Popularity is an explicitly labelled proxy based on BeatHit game rank and track prominence.,"{""culture_category"":""video_game_music"",""video_game"":""To the Moon"",""game_rank"":1129,""game_association_kind"":""khinsider_game_soundtrack"",""khinsider_album_url"":""https://downloads.khinsider.com/game-soundtracks/album/etude-a-wish-to-the-moon"",""khinsider_album_title"":""ETUDE ~a Wish to the Moon~ / JOE HISAISHI (etude-a-wish-to-the-moon)"",""khinsider_album_kind"":""unclassified_game_album"",""khinsider_album_match_score"":100.0,""relevance_score_100"":97.0,""popularity_score_100"":44.68785601631306,""score_100"":76.07514240652522,""popularity_basis"":""BeatHit master-list game rank plus track position proxy""}"
60,Putt-Putt Goes to the Moon Music - Moon 7,Unknown credited artist,[],Putt-Putt Goes to the Moon (putt-putt-goes-to-the-moon),,,"[""video game soundtrack""]","[""und""]",,,,To the Moon,,,khinsider_track_prominence_proxy,44.68785601631306,score_0_100,,,,76.07514240652522,,,,https://downloads.khinsider.com/game-soundtracks/album/putt-putt-goes-to-the-moon,2026-10-05,Track title is taken from KHInsider's soundtrack/gamerip album index. Popularity is an explicitly labelled proxy based on BeatHit game rank and track prominence.,"{""culture_category"":""video_game_music"",""video_game"":""To the Moon"",""game_rank"":1129,""game_association_kind"":""khinsider_game_soundtrack"",""khinsider_album_url"":""https://downloads.khinsider.com/game-soundtracks/album/putt-putt-goes-to-the-moon"",""khinsider_album_title"":""Putt-Putt Goes to the Moon (putt-putt-goes-to-the-moon)"",""khinsider_album_kind"":""unclassified_game_album"",""khinsider_album_match_score"":100.0,""relevance_score_100"":97.0,""popularity_score_100"":44.68785601631306,""score_100"":76.07514240652522,""popularity_basis"":""BeatHit master-list game rank plus track position proxy""}"
61,Moonwisher,Unknown credited artist,[],To The Moon (to-the-moon),,,"[""video game soundtrack""]","[""und""]",,,,To the Moon,,,khinsider_track_prominence_proxy,44.68785601631306,score_0_100,,,,76.07514240652522,,,,https://downloads.khinsider.com/game-soundtracks/album/to-the-moon,2026-10-05,Track title is taken from KHInsider's soundtrack/gamerip album index. Popularity is an explicitly labelled proxy based on BeatHit game rank and track prominence.,"{""culture_category"":""video_game_music"",""video_game"":""To the Moon"",""game_rank"":1129,""game_association_kind"":""khinsider_game_soundtrack"",""khinsider_album_url"":""https://downloads.khinsider.com/game-soundtracks/album/to-the-moon"",""khinsider_album_title"":""To The Moon (to-the-moon)"",""khinsider_album_kind"":""unclassified_game_album"",""khinsider_album_match_score"":100.0,""relevance_score_100"":97.0,""popularity_score_100"":44.68785601631306,""score_100"":76.07514240652522,""popularity_basis"":""BeatHit master-list game rank plus track position proxy""}"
62,He's Swingin',Unknown credited artist,[],Putt-Putt Goes to the Moon Remastered Soundtrack (putt-putt-goes-to-the-moon-remastered),,,"[""video game soundtrack""]","[""und""]",,,,To the Moon,,,khinsider_track_prominence_proxy,40.06785601631306,score_0_100,,,,76.02714240652523,,,,https://downloads.khinsider.com/game-soundtracks/album/putt-putt-goes-to-the-moon-remastered,2026-10-05,Track title is taken from KHInsider's soundtrack/gamerip album index. Popularity is an explicitly labelled proxy based on BeatHit game rank and track prominence.,"{""culture_category"":""video_game_music"",""video_game"":""To the Moon"",""game_rank"":1129,""game_association_kind"":""khinsider_game_soundtrack"",""khinsider_album_url"":""https://downloads.khinsider.com/game-soundtracks/album/putt-putt-goes-to-the-moon-remastered"",""khinsider_album_title"":""Putt-Putt Goes to the Moon Remastered Soundtrack (putt-putt-goes-to-the-moon-remastered)"",""khinsider_album_kind"":""official_or_gamerip"",""khinsider_album_match_score"":100.0,""relevance_score_100"":100.0,""popularity_score_100"":40.06785601631306,""score_100"":76.02714240652523,""popularity_basis"":""BeatHit master-list game rank plus track position proxy""}"
63,Putt-Putt Goes to the Moon Music - Moon 8,Unknown credited artist,[],Putt-Putt Goes to the Moon (putt-putt-goes-to-the-moon),,,"[""video game soundtrack""]","[""und""]",,,,To the Moon,,,khinsider_track_prominence_proxy,44.477856016313055,score_0_100,,,,75.99114240652521,,,,https://downloads.khinsider.com/game-soundtracks/album/putt-putt-goes-to-the-moon,2026-10-05,Track title is taken from KHInsider's soundtrack/gamerip album index. Popularity is an explicitly labelled proxy based on BeatHit game rank and track prominence.,"{""culture_category"":""video_game_music"",""video_game"":""To the Moon"",""game_rank"":1129,""game_association_kind"":""khinsider_game_soundtrack"",""khinsider_album_url"":""https://downloads.khinsider.com/game-soundtracks/album/putt-putt-goes-to-the-moon"",""khinsider_album_title"":""Putt-Putt Goes to the Moon (putt-putt-goes-to-the-moon)"",""khinsider_album_kind"":""unclassified_game_album"",""khinsider_album_match_score"":100.0,""relevance_score_100"":97.0,""popularity_score_100"":44.477856016313055,""score_100"":75.99114240652521,""popularity_basis"":""BeatHit master-list game rank plus track position proxy""}"
64,Born a Stranger,Unknown credited artist,[],To The Moon (to-the-moon),,,"[""video game soundtrack""]","[""und""]",,,,To the Moon,,,khinsider_track_prominence_proxy,44.477856016313055,score_0_100,,,,75.99114240652521,,,,https://downloads.khinsider.com/game-soundtracks/album/to-the-moon,2026-10-05,Track title is taken from KHInsider's soundtrack/gamerip album index. Popularity is an explicitly labelled proxy based on BeatHit game rank and track prominence.,"{""culture_category"":""video_game_music"",""video_game"":""To the Moon"",""game_rank"":1129,""game_association_kind"":""khinsider_game_soundtrack"",""khinsider_album_url"":""https://downloads.khinsider.com/game-soundtracks/album/to-the-moon"",""khinsider_album_title"":""To The Moon (to-the-moon)"",""khinsider_album_kind"":""unclassified_game_album"",""khinsider_album_match_score"":100.0,""relevance_score_100"":97.0,""popularity_score_100"":44.477856016313055,""score_100"":75.99114240652521,""popularity_basis"":""BeatHit master-list game rank plus track position proxy""}"
65,Come Home Sooner,Unknown credited artist,[],Putt-Putt Goes to the Moon Remastered Soundtrack (putt-putt-goes-to-the-moon-remastered),,,"[""video game soundtrack""]","[""und""]",,,,To the Moon,,,khinsider_track_prominence_proxy,39.85785601631306,score_0_100,,,,75.94314240652523,,,,https://downloads.khinsider.com/game-soundtracks/album/putt-putt-goes-to-the-moon-remastered,2026-10-05,Track title is taken from KHInsider's soundtrack/gamerip album index. Popularity is an explicitly labelled proxy based on BeatHit game rank and track prominence.,"{""culture_category"":""video_game_music"",""video_game"":""To the Moon"",""game_rank"":1129,""game_association_kind"":""khinsider_game_soundtrack"",""khinsider_album_url"":""https://downloads.khinsider.com/game-soundtracks/album/putt-putt-goes-to-the-moon-remastered"",""khinsider_album_title"":""Putt-Putt Goes to the Moon Remastered Soundtrack (putt-putt-goes-to-the-moon-remastered)"",""khinsider_album_kind"":""official_or_gamerip"",""khinsider_album_match_score"":100.0,""relevance_score_100"":100.0,""popularity_score_100"":39.85785601631306,""score_100"":75.94314240652523,""popularity_basis"":""BeatHit master-list game rank plus track position proxy""}"
66,Putt-Putt Goes to the Moon Music - Stuck in the Moon Goo,Unknown credited artist,[],Putt-Putt Goes to the Moon (putt-putt-goes-to-the-moon),,,"[""video game soundtrack""]","[""und""]",,,,To the Moon,,,khinsider_track_prominence_proxy,44.26785601631306,score_0_100,,,,75.90714240652522,,,,https://downloads.khinsider.com/game-soundtracks/album/putt-putt-goes-to-the-moon,2026-10-05,Track title is taken from KHInsider's soundtrack/gamerip album index. Popularity is an explicitly labelled proxy based on BeatHit game rank and track prominence.,"{""culture_category"":""video_game_music"",""video_game"":""To the Moon"",""game_rank"":1129,""game_association_kind"":""khinsider_game_soundtrack"",""khinsider_album_url"":""https://downloads.khinsider.com/game-soundtracks/album/putt-putt-goes-to-the-moon"",""khinsider_album_title"":""Putt-Putt Goes to the Moon (putt-putt-goes-to-the-moon)"",""khinsider_album_kind"":""unclassified_game_album"",""khinsider_album_match_score"":100.0,""relevance_score_100"":97.0,""popularity_score_100"":44.26785601631306,""score_100"":75.90714240652522,""popularity_basis"":""BeatHit master-list game rank plus track position proxy""}"
67,For River - Piano (Johnny's Version),Unknown credited artist,[],To The Moon (to-the-moon),,,"[""video game soundtrack""]","[""und""]",,,,To the Moon,,,khinsider_track_prominence_proxy,44.26785601631306,score_0_100,,,,75.90714240652522,,,,https://downloads.khinsider.com/game-soundtracks/album/to-the-moon,2026-10-05,Track title is taken from KHInsider's soundtrack/gamerip album index. Popularity is an explicitly labelled proxy based on BeatHit game rank and track prominence.,"{""culture_category"":""video_game_music"",""video_game"":""To the Moon"",""game_rank"":1129,""game_association_kind"":""khinsider_game_soundtrack"",""khinsider_album_url"":""https://downloads.khinsider.com/game-soundtracks/album/to-the-moon"",""khinsider_album_title"":""To The Moon (to-the-moon)"",""khinsider_album_kind"":""unclassified_game_album"",""khinsider_album_match_score"":100.0,""relevance_score_100"":97.0,""popularity_score_100"":44.26785601631306,""score_100"":75.90714240652522,""popularity_basis"":""BeatHit master-list game rank plus track position proxy""}"
68,Come Home Sooner (Instrumental),Unknown credited artist,[],Putt-Putt Goes to the Moon Remastered Soundtrack (putt-putt-goes-to-the-moon-remastered),,,"[""video game soundtrack""]","[""und""]",,,,To the Moon,,,khinsider_track_prominence_proxy,39.64785601631306,score_0_100,,,,75.85914240652522,,,,https://downloads.khinsider.com/game-soundtracks/album/putt-putt-goes-to-the-moon-remastered,2026-10-05,Track title is taken from KHInsider's soundtrack/gamerip album index. Popularity is an explicitly labelled proxy based on BeatHit game rank and track prominence.,"{""culture_category"":""video_game_music"",""video_game"":""To the Moon"",""game_rank"":1129,""game_association_kind"":""khinsider_game_soundtrack"",""khinsider_album_url"":""https://downloads.khinsider.com/game-soundtracks/album/putt-putt-goes-to-the-moon-remastered"",""khinsider_album_title"":""Putt-Putt Goes to the Moon Remastered Soundtrack (putt-putt-goes-to-the-moon-remastered)"",""khinsider_album_kind"":""official_or_gamerip"",""khinsider_album_match_score"":100.0,""relevance_score_100"":100.0,""popularity_score_100"":39.64785601631306,""score_100"":75.85914240652522,""popularity_basis"":""BeatHit master-list game rank plus track position proxy""}"
69,Putt-Putt Goes to the Moon Music - Rover's Theme,Unknown credited artist,[],Putt-Putt Goes to the Moon (putt-putt-goes-to-the-moon),,,"[""video game soundtrack""]","[""und""]",,,,To the Moon,,,khinsider_track_prominence_proxy,44.05785601631305,score_0_100,,,,75.82314240652522,,,,https://downloads.khinsider.com/game-soundtracks/album/putt-putt-goes-to-the-moon,2026-10-05,Track title is taken from KHInsider's soundtrack/gamerip album index. Popularity is an explicitly labelled proxy based on BeatHit game rank and track prominence.,"{""culture_category"":""video_game_music"",""video_game"":""To the Moon"",""game_rank"":1129,""game_association_kind"":""khinsider_game_soundtrack"",""khinsider_album_url"":""https://downloads.khinsider.com/game-soundtracks/album/putt-putt-goes-to-the-moon"",""khinsider_album_title"":""Putt-Putt Goes to the Moon (putt-putt-goes-to-the-moon)"",""khinsider_album_kind"":""unclassified_game_album"",""khinsider_album_match_score"":100.0,""relevance_score_100"":97.0,""popularity_score_100"":44.05785601631305,""score_100"":75.82314240652522,""popularity_basis"":""BeatHit master-list game rank plus track position proxy""}"
70,Lament of a Stranger,Unknown credited artist,[],To The Moon (to-the-moon),,,"[""video game soundtrack""]","[""und""]",,,,To the Moon,,,khinsider_track_prominence_proxy,44.05785601631305,score_0_100,,,,75.82314240652522,,,,https://downloads.khinsider.com/game-soundtracks/album/to-the-moon,2026-10-05,Track title is taken from KHInsider's soundtrack/gamerip album index. Popularity is an explicitly labelled proxy based on BeatHit game rank and track prominence.,"{""culture_category"":""video_game_music"",""video_game"":""To the Moon"",""game_rank"":1129,""game_association_kind"":""khinsider_game_soundtrack"",""khinsider_album_url"":""https://downloads.khinsider.com/game-soundtracks/album/to-the-moon"",""khinsider_album_title"":""To The Moon (to-the-moon)"",""khinsider_album_kind"":""unclassified_game_album"",""khinsider_album_match_score"":100.0,""relevance_score_100"":97.0,""popularity_score_100"":44.05785601631305,""score_100"":75.82314240652522,""popularity_basis"":""BeatHit master-list game rank plus track position proxy""}"
71,Putt-Putt Goes to the Moon Music - Rover's Story,Unknown credited artist,[],Putt-Putt Goes to the Moon (putt-putt-goes-to-the-moon),,,"[""video game soundtrack""]","[""und""]",,,,To the Moon,,,khinsider_track_prominence_proxy,43.84785601631306,score_0_100,,,,75.73914240652522,,,,https://downloads.khinsider.com/game-soundtracks/album/putt-putt-goes-to-the-moon,2026-10-05,Track title is taken from KHInsider's soundtrack/gamerip album index. Popularity is an explicitly labelled proxy based on BeatHit game rank and track prominence.,"{""culture_category"":""video_game_music"",""video_game"":""To the Moon"",""game_rank"":1129,""game_association_kind"":""khinsider_game_soundtrack"",""khinsider_album_url"":""https://downloads.khinsider.com/game-soundtracks/album/putt-putt-goes-to-the-moon"",""khinsider_album_title"":""Putt-Putt Goes to the Moon (putt-putt-goes-to-the-moon)"",""khinsider_album_kind"":""unclassified_game_album"",""khinsider_album_match_score"":100.0,""relevance_score_100"":97.0,""popularity_score_100"":43.84785601631306,""score_100"":75.73914240652522,""popularity_basis"":""BeatHit master-list game rank plus track position proxy""}"
72,Everything's Alright (Music Box),Unknown credited artist,[],To The Moon (to-the-moon),,,"[""video game soundtrack""]","[""und""]",,,,To the Moon,,,khinsider_track_prominence_proxy,43.84785601631306,score_0_100,,,,75.73914240652522,,,,https://downloads.khinsider.com/game-soundtracks/album/to-the-moon,2026-10-05,Track title is taken from KHInsider's soundtrack/gamerip album index. Popularity is an explicitly labelled proxy based on BeatHit game rank and track prominence.,"{""culture_category"":""video_game_music"",""video_game"":""To the Moon"",""game_rank"":1129,""game_association_kind"":""khinsider_game_soundtrack"",""khinsider_album_url"":""https://downloads.khinsider.com/game-soundtracks/album/to-the-moon"",""khinsider_album_title"":""To The Moon (to-the-moon)"",""khinsider_album_kind"":""unclassified_game_album"",""khinsider_album_match_score"":100.0,""relevance_score_100"":97.0,""popularity_score_100"":43.84785601631306,""score_100"":75.73914240652522,""popularity_basis"":""BeatHit master-list game rank plus track position proxy""}"
73,Putt-Putt Goes to the Moon Music - I've Got an Idea!,Unknown credited artist,[],Putt-Putt Goes to the Moon (putt-putt-goes-to-the-moon),,,"[""video game soundtrack""]","[""und""]",,,,To the Moon,,,khinsider_track_prominence_proxy,43.63785601631306,score_0_100,,,,75.65514240652521,,,,https://downloads.khinsider.com/game-soundtracks/album/putt-putt-goes-to-the-moon,2026-10-05,Track title is taken from KHInsider's soundtrack/gamerip album index. Popularity is an explicitly labelled proxy based on BeatHit game rank and track prominence.,"{""culture_category"":""video_game_music"",""video_game"":""To the Moon"",""game_rank"":1129,""game_association_kind"":""khinsider_game_soundtrack"",""khinsider_album_url"":""https://downloads.khinsider.com/game-soundtracks/album/putt-putt-goes-to-the-moon"",""khinsider_album_title"":""Putt-Putt Goes to the Moon (putt-putt-goes-to-the-moon)"",""khinsider_album_kind"":""unclassified_game_album"",""khinsider_album_match_score"":100.0,""relevance_score_100"":97.0,""popularity_score_100"":43.63785601631306,""score_100"":75.65514240652521,""popularity_basis"":""BeatHit master-list game rank plus track position proxy""}"
74,Moongazer,Unknown credited artist,[],To The Moon (to-the-moon),,,"[""video game soundtrack""]","[""und""]",,,,To the Moon,,,khinsider_track_prominence_proxy,43.63785601631306,score_0_100,,,,75.65514240652521,,,,https://downloads.khinsider.com/game-soundtracks/album/to-the-moon,2026-10-05,Track title is taken from KHInsider's soundtrack/gamerip album index. Popularity is an explicitly labelled proxy based on BeatHit game rank and track prominence.,"{""culture_category"":""video_game_music"",""video_game"":""To the Moon"",""game_rank"":1129,""game_association_kind"":""khinsider_game_soundtrack"",""khinsider_album_url"":""https://downloads.khinsider.com/game-soundtracks/album/to-the-moon"",""khinsider_album_title"":""To The Moon (to-the-moon)"",""khinsider_album_kind"":""unclassified_game_album"",""khinsider_album_match_score"":100.0,""relevance_score_100"":97.0,""popularity_score_100"":43.63785601631306,""score_100"":75.65514240652521,""popularity_basis"":""BeatHit master-list game rank plus track position proxy""}"
75,Putt-Putt Goes to the Moon Music - Cosmic Dust Diner 1,Unknown credited artist,[],Putt-Putt Goes to the Moon (putt-putt-goes-to-the-moon),,,"[""video game soundtrack""]","[""und""]",,,,To the Moon,,,khinsider_track_prominence_proxy,43.42785601631306,score_0_100,,,,75.57114240652521,,,,https://downloads.khinsider.com/game-soundtracks/album/putt-putt-goes-to-the-moon,2026-10-05,Track title is taken from KHInsider's soundtrack/gamerip album index. Popularity is an explicitly labelled proxy based on BeatHit game rank and track prominence.,"{""culture_category"":""video_game_music"",""video_game"":""To the Moon"",""game_rank"":1129,""game_association_kind"":""khinsider_game_soundtrack"",""khinsider_album_url"":""https://downloads.khinsider.com/game-soundtracks/album/putt-putt-goes-to-the-moon"",""khinsider_album_title"":""Putt-Putt Goes to the Moon (putt-putt-goes-to-the-moon)"",""khinsider_album_kind"":""unclassified_game_album"",""khinsider_album_match_score"":100.0,""relevance_score_100"":97.0,""popularity_score_100"":43.42785601631306,""score_100"":75.57114240652521,""popularity_basis"":""BeatHit master-list game rank plus track position proxy""}"
76,Anya by the Stars,Unknown credited artist,[],To The Moon (to-the-moon),,,"[""video game soundtrack""]","[""und""]",,,,To the Moon,,,khinsider_track_prominence_proxy,43.42785601631306,score_0_100,,,,75.57114240652521,,,,https://downloads.khinsider.com/game-soundtracks/album/to-the-moon,2026-10-05,Track title is taken from KHInsider's soundtrack/gamerip album index. Popularity is an explicitly labelled proxy based on BeatHit game rank and track prominence.,"{""culture_category"":""video_game_music"",""video_game"":""To the Moon"",""game_rank"":1129,""game_association_kind"":""khinsider_game_soundtrack"",""khinsider_album_url"":""https://downloads.khinsider.com/game-soundtracks/album/to-the-moon"",""khinsider_album_title"":""To The Moon (to-the-moon)"",""khinsider_album_kind"":""unclassified_game_album"",""khinsider_album_match_score"":100.0,""relevance_score_100"":97.0,""popularity_score_100"":43.42785601631306,""score_100"":75.57114240652521,""popularity_basis"":""BeatHit master-list game rank plus track position proxy""}"
77,Putt-Putt Goes to the Moon Music - Cosmic Dust Diner 2,Unknown credited artist,[],Putt-Putt Goes to the Moon (putt-putt-goes-to-the-moon),,,"[""video game soundtrack""]","[""und""]",,,,To the Moon,,,khinsider_track_prominence_proxy,43.21785601631306,score_0_100,,,,75.48714240652522,,,,https://downloads.khinsider.com/game-soundtracks/album/putt-putt-goes-to-the-moon,2026-10-05,Track title is taken from KHInsider's soundtrack/gamerip album index. Popularity is an explicitly labelled proxy based on BeatHit game rank and track prominence.,"{""culture_category"":""video_game_music"",""video_game"":""To the Moon"",""game_rank"":1129,""game_association_kind"":""khinsider_game_soundtrack"",""khinsider_album_url"":""https://downloads.khinsider.com/game-soundtracks/album/putt-putt-goes-to-the-moon"",""khinsider_album_title"":""Putt-Putt Goes to the Moon (putt-putt-goes-to-the-moon)"",""khinsider_album_kind"":""unclassified_game_album"",""khinsider_album_match_score"":100.0,""relevance_score_100"":97.0,""popularity_score_100"":43.21785601631306,""score_100"":75.48714240652522,""popularity_basis"":""BeatHit master-list game rank plus track position proxy""}"
78,Take Me Anywhere,Unknown credited artist,[],To The Moon (to-the-moon),,,"[""video game soundtrack""]","[""und""]",,,,To the Moon,,,khinsider_track_prominence_proxy,43.21785601631306,score_0_100,,,,75.48714240652522,,,,https://downloads.khinsider.com/game-soundtracks/album/to-the-moon,2026-10-05,Track title is taken from KHInsider's soundtrack/gamerip album index. Popularity is an explicitly labelled proxy based on BeatHit game rank and track prominence.,"{""culture_category"":""video_game_music"",""video_game"":""To the Moon"",""game_rank"":1129,""game_association_kind"":""khinsider_game_soundtrack"",""khinsider_album_url"":""https://downloads.khinsider.com/game-soundtracks/album/to-the-moon"",""khinsider_album_title"":""To The Moon (to-the-moon)"",""khinsider_album_kind"":""unclassified_game_album"",""khinsider_album_match_score"":100.0,""relevance_score_100"":97.0,""popularity_score_100"":43.21785601631306,""score_100"":75.48714240652522,""popularity_basis"":""BeatHit master-list game rank plus track position proxy""}"
79,Putt-Putt Goes to the Moon Music - Bear Stormin',Unknown credited artist,[],Putt-Putt Goes to the Moon (putt-putt-goes-to-the-moon),,,"[""video game soundtrack""]","[""und""]",,,,To the Moon,,,khinsider_track_prominence_proxy,43.007856016313056,score_0_100,,,,75.40314240652522,,,,https://downloads.khinsider.com/game-soundtracks/album/putt-putt-goes-to-the-moon,2026-10-05,Track title is taken from KHInsider's soundtrack/gamerip album index. Popularity is an explicitly labelled proxy based on BeatHit game rank and track prominence.,"{""culture_category"":""video_game_music"",""video_game"":""To the Moon"",""game_rank"":1129,""game_association_kind"":""khinsider_game_soundtrack"",""khinsider_album_url"":""https://downloads.khinsider.com/game-soundtracks/album/putt-putt-goes-to-the-moon"",""khinsider_album_title"":""Putt-Putt Goes to the Moon (putt-putt-goes-to-the-moon)"",""khinsider_album_kind"":""unclassified_game_album"",""khinsider_album_match_score"":100.0,""relevance_score_100"":97.0,""popularity_score_100"":43.007856016313056,""score_100"":75.40314240652522,""popularity_basis"":""BeatHit master-list game rank plus track position proxy""}"
80,Warning (AKA best track ever),Unknown credited artist,[],To The Moon (to-the-moon),,,"[""video game soundtrack""]","[""und""]",,,,To the Moon,,,khinsider_track_prominence_proxy,43.007856016313056,score_0_100,,,,75.40314240652522,,,,https://downloads.khinsider.com/game-soundtracks/album/to-the-moon,2026-10-05,Track title is taken from KHInsider's soundtrack/gamerip album index. Popularity is an explicitly labelled proxy based on BeatHit game rank and track prominence.,"{""culture_category"":""video_game_music"",""video_game"":""To the Moon"",""game_rank"":1129,""game_association_kind"":""khinsider_game_soundtrack"",""khinsider_album_url"":""https://downloads.khinsider.com/game-soundtracks/album/to-the-moon"",""khinsider_album_title"":""To The Moon (to-the-moon)"",""khinsider_album_kind"":""unclassified_game_album"",""khinsider_album_match_score"":100.0,""relevance_score_100"":97.0,""popularity_score_100"":43.007856016313056,""score_100"":75.40314240652522,""popularity_basis"":""BeatHit master-list game rank plus track position proxy""}"
81,Putt-Putt Goes to the Moon Music - Trampoline,Unknown credited artist,[],Putt-Putt Goes to the Moon (putt-putt-goes-to-the-moon),,,"[""video game soundtrack""]","[""und""]",,,,To the Moon,,,khinsider_track_prominence_proxy,42.79785601631306,score_0_100,,,,75.31914240652522,,,,https://downloads.khinsider.com/game-soundtracks/album/putt-putt-goes-to-the-moon,2026-10-05,Track title is taken from KHInsider's soundtrack/gamerip album index. Popularity is an explicitly labelled proxy based on BeatHit game rank and track prominence.,"{""culture_category"":""video_game_music"",""video_game"":""To the Moon"",""game_rank"":1129,""game_association_kind"":""khinsider_game_soundtrack"",""khinsider_album_url"":""https://downloads.khinsider.com/game-soundtracks/album/putt-putt-goes-to-the-moon"",""khinsider_album_title"":""Putt-Putt Goes to the Moon (putt-putt-goes-to-the-moon)"",""khinsider_album_kind"":""unclassified_game_album"",""khinsider_album_match_score"":100.0,""relevance_score_100"":97.0,""popularity_score_100"":42.79785601631306,""score_100"":75.31914240652522,""popularity_basis"":""BeatHit master-list game rank plus track position proxy""}"
82,Beta-B,Unknown credited artist,[],To The Moon (to-the-moon),,,"[""video game soundtrack""]","[""und""]",,,,To the Moon,,,khinsider_track_prominence_proxy,42.79785601631306,score_0_100,,,,75.31914240652522,,,,https://downloads.khinsider.com/game-soundtracks/album/to-the-moon,2026-10-05,Track title is taken from KHInsider's soundtrack/gamerip album index. Popularity is an explicitly labelled proxy based on BeatHit game rank and track prominence.,"{""culture_category"":""video_game_music"",""video_game"":""To the Moon"",""game_rank"":1129,""game_association_kind"":""khinsider_game_soundtrack"",""khinsider_album_url"":""https://downloads.khinsider.com/game-soundtracks/album/to-the-moon"",""khinsider_album_title"":""To The Moon (to-the-moon)"",""khinsider_album_kind"":""unclassified_game_album"",""khinsider_album_match_score"":100.0,""relevance_score_100"":97.0,""popularity_score_100"":42.79785601631306,""score_100"":75.31914240652522,""popularity_basis"":""BeatHit master-list game rank plus track position proxy""}"
83,Putt-Putt Goes to the Moon Music - Man in the Moon 1,Unknown credited artist,[],Putt-Putt Goes to the Moon (putt-putt-goes-to-the-moon),,,"[""video game soundtrack""]","[""und""]",,,,To the Moon,,,khinsider_track_prominence_proxy,42.58785601631306,score_0_100,,,,75.23514240652523,,,,https://downloads.khinsider.com/game-soundtracks/album/putt-putt-goes-to-the-moon,2026-10-05,Track title is taken from KHInsider's soundtrack/gamerip album index. Popularity is an explicitly labelled proxy based on BeatHit game rank and track prominence.,"{""culture_category"":""video_game_music"",""video_game"":""To the Moon"",""game_rank"":1129,""game_association_kind"":""khinsider_game_soundtrack"",""khinsider_album_url"":""https://downloads.khinsider.com/game-soundtracks/album/putt-putt-goes-to-the-moon"",""khinsider_album_title"":""Putt-Putt Goes to the Moon (putt-putt-goes-to-the-moon)"",""khinsider_album_kind"":""unclassified_game_album"",""khinsider_album_match_score"":100.0,""relevance_score_100"":97.0,""popularity_score_100"":42.58785601631306,""score_100"":75.23514240652523,""popularity_basis"":""BeatHit master-list game rank plus track position proxy""}"
84,World's Smallest Ferris Wheel,Unknown credited artist,[],To The Moon (to-the-moon),,,"[""video game soundtrack""]","[""und""]",,,,To the Moon,,,khinsider_track_prominence_proxy,42.58785601631306,score_0_100,,,,75.23514240652523,,,,https://downloads.khinsider.com/game-soundtracks/album/to-the-moon,2026-10-05,Track title is taken from KHInsider's soundtrack/gamerip album index. Popularity is an explicitly labelled proxy based on BeatHit game rank and track prominence.,"{""culture_category"":""video_game_music"",""video_game"":""To the Moon"",""game_rank"":1129,""game_association_kind"":""khinsider_game_soundtrack"",""khinsider_album_url"":""https://downloads.khinsider.com/game-soundtracks/album/to-the-moon"",""khinsider_album_title"":""To The Moon (to-the-moon)"",""khinsider_album_kind"":""unclassified_game_album"",""khinsider_album_match_score"":100.0,""relevance_score_100"":97.0,""popularity_score_100"":42.58785601631306,""score_100"":75.23514240652523,""popularity_basis"":""BeatHit master-list game rank plus track position proxy""}"
85,Putt-Putt Goes to the Moon Music - Man in the Moon 2,Unknown credited artist,[],Putt-Putt Goes to the Moon (putt-putt-goes-to-the-moon),,,"[""video game soundtrack""]","[""und""]",,,,To the Moon,,,khinsider_track_prominence_proxy,42.37785601631306,score_0_100,,,,75.15114240652522,,,,https://downloads.khinsider.com/game-soundtracks/album/putt-putt-goes-to-the-moon,2026-10-05,Track title is taken from KHInsider's soundtrack/gamerip album index. Popularity is an explicitly labelled proxy based on BeatHit game rank and track prominence.,"{""culture_category"":""video_game_music"",""video_game"":""To the Moon"",""game_rank"":1129,""game_association_kind"":""khinsider_game_soundtrack"",""khinsider_album_url"":""https://downloads.khinsider.com/game-soundtracks/album/putt-putt-goes-to-the-moon"",""khinsider_album_title"":""Putt-Putt Goes to the Moon (putt-putt-goes-to-the-moon)"",""khinsider_album_kind"":""unclassified_game_album"",""khinsider_album_match_score"":100.0,""relevance_score_100"":97.0,""popularity_score_100"":42.37785601631306,""score_100"":75.15114240652522,""popularity_basis"":""BeatHit master-list game rank plus track position proxy""}"
86,Once Upon a Memory,Unknown credited artist,[],To The Moon (to-the-moon),,,"[""video game soundtrack""]","[""und""]",,,,To the Moon,,,khinsider_track_prominence_proxy,42.37785601631306,score_0_100,,,,75.15114240652522,,,,https://downloads.khinsider.com/game-soundtracks/album/to-the-moon,2026-10-05,Track title is taken from KHInsider's soundtrack/gamerip album index. Popularity is an explicitly labelled proxy based on BeatHit game rank and track prominence.,"{""culture_category"":""video_game_music"",""video_game"":""To the Moon"",""game_rank"":1129,""game_association_kind"":""khinsider_game_soundtrack"",""khinsider_album_url"":""https://downloads.khinsider.com/game-soundtracks/album/to-the-moon"",""khinsider_album_title"":""To The Moon (to-the-moon)"",""khinsider_album_kind"":""unclassified_game_album"",""khinsider_album_match_score"":100.0,""relevance_score_100"":97.0,""popularity_score_100"":42.37785601631306,""score_100"":75.15114240652522,""popularity_basis"":""BeatHit master-list game rank plus track position proxy""}"
87,Putt-Putt Goes to the Moon Music - Ending,Unknown credited artist,[],Putt-Putt Goes to the Moon (putt-putt-goes-to-the-moon),,,"[""video game soundtrack""]","[""und""]",,,,To the Moon,,,khinsider_track_prominence_proxy,42.16785601631306,score_0_100,,,,75.06714240652522,,,,https://downloads.khinsider.com/game-soundtracks/album/putt-putt-goes-to-the-moon,2026-10-05,Track title is taken from KHInsider's soundtrack/gamerip album index. Popularity is an explicitly labelled proxy based on BeatHit game rank and track prominence.,"{""culture_category"":""video_game_music"",""video_game"":""To the Moon"",""game_rank"":1129,""game_association_kind"":""khinsider_game_soundtrack"",""khinsider_album_url"":""https://downloads.khinsider.com/game-soundtracks/album/putt-putt-goes-to-the-moon"",""khinsider_album_title"":""Putt-Putt Goes to the Moon (putt-putt-goes-to-the-moon)"",""khinsider_album_kind"":""unclassified_game_album"",""khinsider_album_match_score"":100.0,""relevance_score_100"":97.0,""popularity_score_100"":42.16785601631306,""score_100"":75.06714240652522,""popularity_basis"":""BeatHit master-list game rank plus track position proxy""}"
88,Once Upon a Memory (Piano),Unknown credited artist,[],To The Moon (to-the-moon),,,"[""video game soundtrack""]","[""und""]",,,,To the Moon,,,khinsider_track_prominence_proxy,42.16785601631306,score_0_100,,,,75.06714240652522,,,,https://downloads.khinsider.com/game-soundtracks/album/to-the-moon,2026-10-05,Track title is taken from KHInsider's soundtrack/gamerip album index. Popularity is an explicitly labelled proxy based on BeatHit game rank and track prominence.,"{""culture_category"":""video_game_music"",""video_game"":""To the Moon"",""game_rank"":1129,""game_association_kind"":""khinsider_game_soundtrack"",""khinsider_album_url"":""https://downloads.khinsider.com/game-soundtracks/album/to-the-moon"",""khinsider_album_title"":""To The Moon (to-the-moon)"",""khinsider_album_kind"":""unclassified_game_album"",""khinsider_album_match_score"":100.0,""relevance_score_100"":97.0,""popularity_score_100"":42.16785601631306,""score_100"":75.06714240652522,""popularity_basis"":""BeatHit master-list game rank plus track position proxy""}"
89,Everything's Alright,Unknown credited artist,[],To The Moon (to-the-moon),,,"[""video game soundtrack""]","[""und""]",,,,To the Moon,,,khinsider_track_prominence_proxy,41.95785601631306,score_0_100,,,,74.98314240652522,,,,https://downloads.khinsider.com/game-soundtracks/album/to-the-moon,2026-10-05,Track title is taken from KHInsider's soundtrack/gamerip album index. Popularity is an explicitly labelled proxy based on BeatHit game rank and track prominence.,"{""culture_category"":""video_game_music"",""video_game"":""To the Moon"",""game_rank"":1129,""game_association_kind"":""khinsider_game_soundtrack"",""khinsider_album_url"":""https://downloads.khinsider.com/game-soundtracks/album/to-the-moon"",""khinsider_album_title"":""To The Moon (to-the-moon)"",""khinsider_album_kind"":""unclassified_game_album"",""khinsider_album_match_score"":100.0,""relevance_score_100"":97.0,""popularity_score_100"":41.95785601631306,""score_100"":74.98314240652522,""popularity_basis"":""BeatHit master-list game rank plus track position proxy""}"
90,Everything's Alright (Reprise),Unknown credited artist,[],To The Moon (to-the-moon),,,"[""video game soundtrack""]","[""und""]",,,,To the Moon,,,khinsider_track_prominence_proxy,41.747856016313065,score_0_100,,,,74.89914240652521,,,,https://downloads.khinsider.com/game-soundtracks/album/to-the-moon,2026-10-05,Track title is taken from KHInsider's soundtrack/gamerip album index. Popularity is an explicitly labelled proxy based on BeatHit game rank and track prominence.,"{""culture_category"":""video_game_music"",""video_game"":""To the Moon"",""game_rank"":1129,""game_association_kind"":""khinsider_game_soundtrack"",""khinsider_album_url"":""https://downloads.khinsider.com/game-soundtracks/album/to-the-moon"",""khinsider_album_title"":""To The Moon (to-the-moon)"",""khinsider_album_kind"":""unclassified_game_album"",""khinsider_album_match_score"":100.0,""relevance_score_100"":97.0,""popularity_score_100"":41.747856016313065,""score_100"":74.89914240652521,""popularity_basis"":""BeatHit master-list game rank plus track position proxy""}"
91,Tomorrow,Unknown credited artist,[],To The Moon (to-the-moon),,,"[""video game soundtrack""]","[""und""]",,,,To the Moon,,,khinsider_track_prominence_proxy,41.53785601631306,score_0_100,,,,74.81514240652521,,,,https://downloads.khinsider.com/game-soundtracks/album/to-the-moon,2026-10-05,Track title is taken from KHInsider's soundtrack/gamerip album index. Popularity is an explicitly labelled proxy based on BeatHit game rank and track prominence.,"{""culture_category"":""video_game_music"",""video_game"":""To the Moon"",""game_rank"":1129,""game_association_kind"":""khinsider_game_soundtrack"",""khinsider_album_url"":""https://downloads.khinsider.com/game-soundtracks/album/to-the-moon"",""khinsider_album_title"":""To The Moon (to-the-moon)"",""khinsider_album_kind"":""unclassified_game_album"",""khinsider_album_match_score"":100.0,""relevance_score_100"":97.0,""popularity_score_100"":41.53785601631306,""score_100"":74.81514240652521,""popularity_basis"":""BeatHit master-list game rank plus track position proxy""}"
92,Launch,Unknown credited artist,[],To The Moon (to-the-moon),,,"[""video game soundtrack""]","[""und""]",,,,To the Moon,,,khinsider_track_prominence_proxy,41.32785601631306,score_0_100,,,,74.73114240652522,,,,https://downloads.khinsider.com/game-soundtracks/album/to-the-moon,2026-10-05,Track title is taken from KHInsider's soundtrack/gamerip album index. Popularity is an explicitly labelled proxy based on BeatHit game rank and track prominence.,"{""culture_category"":""video_game_music"",""video_game"":""To the Moon"",""game_rank"":1129,""game_association_kind"":""khinsider_game_soundtrack"",""khinsider_album_url"":""https://downloads.khinsider.com/game-soundtracks/album/to-the-moon"",""khinsider_album_title"":""To The Moon (to-the-moon)"",""khinsider_album_kind"":""unclassified_game_album"",""khinsider_album_match_score"":100.0,""relevance_score_100"":97.0,""popularity_score_100"":41.32785601631306,""score_100"":74.73114240652522,""popularity_basis"":""BeatHit master-list game rank plus track position proxy""}"
93,To the Moon  - Piano (Ending Version),Unknown credited artist,[],To The Moon (to-the-moon),,,"[""video game soundtrack""]","[""und""]",,,,To the Moon,,,khinsider_track_prominence_proxy,41.117856016313056,score_0_100,,,,74.64714240652522,,,,https://downloads.khinsider.com/game-soundtracks/album/to-the-moon,2026-10-05,Track title is taken from KHInsider's soundtrack/gamerip album index. Popularity is an explicitly labelled proxy based on BeatHit game rank and track prominence.,"{""culture_category"":""video_game_music"",""video_game"":""To the Moon"",""game_rank"":1129,""game_association_kind"":""khinsider_game_soundtrack"",""khinsider_album_url"":""https://downloads.khinsider.com/game-soundtracks/album/to-the-moon"",""khinsider_album_title"":""To The Moon (to-the-moon)"",""khinsider_album_kind"":""unclassified_game_album"",""khinsider_album_match_score"":100.0,""relevance_score_100"":97.0,""popularity_score_100"":41.117856016313056,""score_100"":74.64714240652522,""popularity_basis"":""BeatHit master-list game rank plus track position proxy""}"
94,Eva's Ringtone,Unknown credited artist,[],To The Moon (to-the-moon),,,"[""video game soundtrack""]","[""und""]",,,,To the Moon,,,khinsider_track_prominence_proxy,40.90785601631306,score_0_100,,,,74.56314240652522,,,,https://downloads.khinsider.com/game-soundtracks/album/to-the-moon,2026-10-05,Track title is taken from KHInsider's soundtrack/gamerip album index. Popularity is an explicitly labelled proxy based on BeatHit game rank and track prominence.,"{""culture_category"":""video_game_music"",""video_game"":""To the Moon"",""game_rank"":1129,""game_association_kind"":""khinsider_game_soundtrack"",""khinsider_album_url"":""https://downloads.khinsider.com/game-soundtracks/album/to-the-moon"",""khinsider_album_title"":""To The Moon (to-the-moon)"",""khinsider_album_kind"":""unclassified_game_album"",""khinsider_album_match_score"":100.0,""relevance_score_100"":97.0,""popularity_score_100"":40.90785601631306,""score_100"":74.56314240652522,""popularity_basis"":""BeatHit master-list game rank plus track position proxy""}"
95,Trailer Theme - Part 1,Unknown credited artist,[],To The Moon (to-the-moon),,,"[""video game soundtrack""]","[""und""]",,,,To the Moon,,,khinsider_track_prominence_proxy,40.69785601631306,score_0_100,,,,74.47914240652523,,,,https://downloads.khinsider.com/game-soundtracks/album/to-the-moon,2026-10-05,Track title is taken from KHInsider's soundtrack/gamerip album index. Popularity is an explicitly labelled proxy based on BeatHit game rank and track prominence.,"{""culture_category"":""video_game_music"",""video_game"":""To the Moon"",""game_rank"":1129,""game_association_kind"":""khinsider_game_soundtrack"",""khinsider_album_url"":""https://downloads.khinsider.com/game-soundtracks/album/to-the-moon"",""khinsider_album_title"":""To The Moon (to-the-moon)"",""khinsider_album_kind"":""unclassified_game_album"",""khinsider_album_match_score"":100.0,""relevance_score_100"":97.0,""popularity_score_100"":40.69785601631306,""score_100"":74.47914240652523,""popularity_basis"":""BeatHit master-list game rank plus track position proxy""}"
96,Trailer Theme - Part 2 (feat. Laura Shigihara),Unknown credited artist,[],To The Moon (to-the-moon),,,"[""video game soundtrack""]","[""und""]",,,,To the Moon,,,khinsider_track_prominence_proxy,40.48785601631306,score_0_100,,,,74.39514240652522,,,,https://downloads.khinsider.com/game-soundtracks/album/to-the-moon,2026-10-05,Track title is taken from KHInsider's soundtrack/gamerip album index. Popularity is an explicitly labelled proxy based on BeatHit game rank and track prominence.,"{""culture_category"":""video_game_music"",""video_game"":""To the Moon"",""game_rank"":1129,""game_association_kind"":""khinsider_game_soundtrack"",""khinsider_album_url"":""https://downloads.khinsider.com/game-soundtracks/album/to-the-moon"",""khinsider_album_title"":""To The Moon (to-the-moon)"",""khinsider_album_kind"":""unclassified_game_album"",""khinsider_album_match_score"":100.0,""relevance_score_100"":97.0,""popularity_score_100"":40.48785601631306,""score_100"":74.39514240652522,""popularity_basis"":""BeatHit master-list game rank plus track position proxy""}"
97,Trailer Theme - Part 2 (Instrumental),Unknown credited artist,[],To The Moon (to-the-moon),,,"[""video game soundtrack""]","[""und""]",,,,To the Moon,,,khinsider_track_prominence_proxy,40.27785601631306,score_0_100,,,,74.31114240652522,,,,https://downloads.khinsider.com/game-soundtracks/album/to-the-moon,2026-10-05,Track title is taken from KHInsider's soundtrack/gamerip album index. Popularity is an explicitly labelled proxy based on BeatHit game rank and track prominence.,"{""culture_category"":""video_game_music"",""video_game"":""To the Moon"",""game_rank"":1129,""game_association_kind"":""khinsider_game_soundtrack"",""khinsider_album_url"":""https://downloads.khinsider.com/game-soundtracks/album/to-the-moon"",""khinsider_album_title"":""To The Moon (to-the-moon)"",""khinsider_album_kind"":""unclassified_game_album"",""khinsider_album_match_score"":100.0,""relevance_score_100"":97.0,""popularity_score_100"":40.27785601631306,""score_100"":74.31114240652522,""popularity_basis"":""BeatHit master-list game rank plus track position proxy""}"
98,For River - Holiday Edition,Unknown credited artist,[],To The Moon (to-the-moon),,,"[""video game soundtrack""]","[""und""]",,,,To the Moon,,,khinsider_track_prominence_proxy,40.06785601631306,score_0_100,,,,74.22714240652522,,,,https://downloads.khinsider.com/game-soundtracks/album/to-the-moon,2026-10-05,Track title is taken from KHInsider's soundtrack/gamerip album index. Popularity is an explicitly labelled proxy based on BeatHit game rank and track prominence.,"{""culture_category"":""video_game_music"",""video_game"":""To the Moon"",""game_rank"":1129,""game_association_kind"":""khinsider_game_soundtrack"",""khinsider_album_url"":""https://downloads.khinsider.com/game-soundtracks/album/to-the-moon"",""khinsider_album_title"":""To The Moon (to-the-moon)"",""khinsider_album_kind"":""unclassified_game_album"",""khinsider_album_match_score"":100.0,""relevance_score_100"":97.0,""popularity_score_100"":40.06785601631306,""score_100"":74.22714240652522,""popularity_basis"":""BeatHit master-list game rank plus track position proxy""}"
99,Everything's Alright (Bonus Version),Unknown credited artist,[],To The Moon (to-the-moon),,,"[""video game soundtrack""]","[""und""]",,,,To the Moon,,,khinsider_track_prominence_proxy,39.85785601631306,score_0_100,,,,74.14314240652521,,,,https://downloads.khinsider.com/game-soundtracks/album/to-the-moon,2026-10-05,Track title is taken from KHInsider's soundtrack/gamerip album index. Popularity is an explicitly labelled proxy based on BeatHit game rank and track prominence.,"{""culture_category"":""video_game_music"",""video_game"":""To the Moon"",""game_rank"":1129,""game_association_kind"":""khinsider_game_soundtrack"",""khinsider_album_url"":""https://downloads.khinsider.com/game-soundtracks/album/to-the-moon"",""khinsider_album_title"":""To The Moon (to-the-moon)"",""khinsider_album_kind"":""unclassified_game_album"",""khinsider_album_match_score"":100.0,""relevance_score_100"":97.0,""popularity_score_100"":39.85785601631306,""score_100"":74.14314240652521,""popularity_basis"":""BeatHit master-list game rank plus track position proxy""}"
100,To the Moon ABS Medley,Unknown credited artist,[],To The Moon (to-the-moon),,,"[""video game soundtrack""]","[""und""]",,,,To the Moon,,,khinsider_track_prominence_proxy,39.64785601631306,score_0_100,,,,74.05914240652521,,,,https://downloads.khinsider.com/game-soundtracks/album/to-the-moon,2026-10-05,Track title is taken from KHInsider's soundtrack/gamerip album index. Popularity is an explicitly labelled proxy based on BeatHit game rank and track prominence.,"{""culture_category"":""video_game_music"",""video_game"":""To the Moon"",""game_rank"":1129,""game_association_kind"":""khinsider_game_soundtrack"",""khinsider_album_url"":""https://downloads.khinsider.com/game-soundtracks/album/to-the-moon"",""khinsider_album_title"":""To The Moon (to-the-moon)"",""khinsider_album_kind"":""unclassified_game_album"",""khinsider_album_match_score"":100.0,""relevance_score_100"":97.0,""popularity_score_100"":39.64785601631306,""score_100"":74.05914240652521,""popularity_basis"":""BeatHit master-list game rank plus track position proxy""}"
