rank,title,main_artist,featured_artists,album,release_date,release_year,genres,languages,composer,anime_title,anime_popularity,screen_work,vtuber,is_original,metric_name,metric_value,metric_unit,listen_count,listen_source,view_count,overall_popularity_score,spotify_track_id,musicbrainz_recording_mbid,isrc,source_url,retrieved_at,source_notes,extra
1,Title Theme & Princess Leia,Unknown credited artist,[],Star Wars (star-wars-gb-1992-gamerip),,,"[""video game soundtrack""]","[""und""]",,,,STAR WARS Jedi Knight - Jedi Academy,,,khinsider_track_prominence_proxy,45.53527905269777,score_0_100,,,,78.21411162107911,,,,https://downloads.khinsider.com/game-soundtracks/album/star-wars-gb-1992-gamerip,2026-10-05,Track title is taken from KHInsider's soundtrack/gamerip album index. Popularity is an explicitly labelled proxy based on BeatHit game rank and track prominence.,"{""culture_category"":""video_game_music"",""video_game"":""STAR WARS Jedi Knight - Jedi Academy"",""game_rank"":1295,""game_association_kind"":""khinsider_game_soundtrack"",""khinsider_album_url"":""https://downloads.khinsider.com/game-soundtracks/album/star-wars-gb-1992-gamerip"",""khinsider_album_title"":""Star Wars (star-wars-gb-1992-gamerip)"",""khinsider_album_kind"":""official_or_gamerip"",""khinsider_album_match_score"":100.0,""relevance_score_100"":100.0,""popularity_score_100"":45.53527905269777,""score_100"":78.21411162107911,""popularity_basis"":""BeatHit master-list game rank plus track position proxy""}"
2,STAR WARS- Jedi Academy Main Title,Unknown credited artist,[],Star Wars: Jedi Knight - Jedi Academy (star-wars-jedi-knight-jedi-academy-gamerip),,,"[""video game soundtrack""]","[""und""]",,,,STAR WARS Jedi Knight - Jedi Academy,,,khinsider_track_prominence_proxy,45.53527905269777,score_0_100,,,,78.21411162107911,,,,https://downloads.khinsider.com/game-soundtracks/album/star-wars-jedi-knight-jedi-academy-gamerip,2026-10-05,Track title is taken from KHInsider's soundtrack/gamerip album index. Popularity is an explicitly labelled proxy based on BeatHit game rank and track prominence.,"{""culture_category"":""video_game_music"",""video_game"":""STAR WARS Jedi Knight - Jedi Academy"",""game_rank"":1295,""game_association_kind"":""khinsider_game_soundtrack"",""khinsider_album_url"":""https://downloads.khinsider.com/game-soundtracks/album/star-wars-jedi-knight-jedi-academy-gamerip"",""khinsider_album_title"":""Star Wars: Jedi Knight - Jedi Academy (star-wars-jedi-knight-jedi-academy-gamerip)"",""khinsider_album_kind"":""official_or_gamerip"",""khinsider_album_match_score"":100.0,""relevance_score_100"":100.0,""popularity_score_100"":45.53527905269777,""score_100"":78.21411162107911,""popularity_basis"":""BeatHit master-list game rank plus track position proxy""}"
3,Tatooine,Unknown credited artist,[],Star Wars (star-wars-gb-1992-gamerip),,,"[""video game soundtrack""]","[""und""]",,,,STAR WARS Jedi Knight - Jedi Academy,,,khinsider_track_prominence_proxy,45.325279052697766,score_0_100,,,,78.13011162107911,,,,https://downloads.khinsider.com/game-soundtracks/album/star-wars-gb-1992-gamerip,2026-10-05,Track title is taken from KHInsider's soundtrack/gamerip album index. Popularity is an explicitly labelled proxy based on BeatHit game rank and track prominence.,"{""culture_category"":""video_game_music"",""video_game"":""STAR WARS Jedi Knight - Jedi Academy"",""game_rank"":1295,""game_association_kind"":""khinsider_game_soundtrack"",""khinsider_album_url"":""https://downloads.khinsider.com/game-soundtracks/album/star-wars-gb-1992-gamerip"",""khinsider_album_title"":""Star Wars (star-wars-gb-1992-gamerip)"",""khinsider_album_kind"":""official_or_gamerip"",""khinsider_album_match_score"":100.0,""relevance_score_100"":100.0,""popularity_score_100"":45.325279052697766,""score_100"":78.13011162107911,""popularity_basis"":""BeatHit master-list game rank plus track position proxy""}"
4,Yavin IV- Swamp,Unknown credited artist,[],Star Wars: Jedi Knight - Jedi Academy (star-wars-jedi-knight-jedi-academy-gamerip),,,"[""video game soundtrack""]","[""und""]",,,,STAR WARS Jedi Knight - Jedi Academy,,,khinsider_track_prominence_proxy,45.325279052697766,score_0_100,,,,78.13011162107911,,,,https://downloads.khinsider.com/game-soundtracks/album/star-wars-jedi-knight-jedi-academy-gamerip,2026-10-05,Track title is taken from KHInsider's soundtrack/gamerip album index. Popularity is an explicitly labelled proxy based on BeatHit game rank and track prominence.,"{""culture_category"":""video_game_music"",""video_game"":""STAR WARS Jedi Knight - Jedi Academy"",""game_rank"":1295,""game_association_kind"":""khinsider_game_soundtrack"",""khinsider_album_url"":""https://downloads.khinsider.com/game-soundtracks/album/star-wars-jedi-knight-jedi-academy-gamerip"",""khinsider_album_title"":""Star Wars: Jedi Knight - Jedi Academy (star-wars-jedi-knight-jedi-academy-gamerip)"",""khinsider_album_kind"":""official_or_gamerip"",""khinsider_album_match_score"":100.0,""relevance_score_100"":100.0,""popularity_score_100"":45.325279052697766,""score_100"":78.13011162107911,""popularity_basis"":""BeatHit master-list game rank plus track position proxy""}"
5,Cave & Sandcrawler,Unknown credited artist,[],Star Wars (star-wars-gb-1992-gamerip),,,"[""video game soundtrack""]","[""und""]",,,,STAR WARS Jedi Knight - Jedi Academy,,,khinsider_track_prominence_proxy,45.115279052697765,score_0_100,,,,78.0461116210791,,,,https://downloads.khinsider.com/game-soundtracks/album/star-wars-gb-1992-gamerip,2026-10-05,Track title is taken from KHInsider's soundtrack/gamerip album index. Popularity is an explicitly labelled proxy based on BeatHit game rank and track prominence.,"{""culture_category"":""video_game_music"",""video_game"":""STAR WARS Jedi Knight - Jedi Academy"",""game_rank"":1295,""game_association_kind"":""khinsider_game_soundtrack"",""khinsider_album_url"":""https://downloads.khinsider.com/game-soundtracks/album/star-wars-gb-1992-gamerip"",""khinsider_album_title"":""Star Wars (star-wars-gb-1992-gamerip)"",""khinsider_album_kind"":""official_or_gamerip"",""khinsider_album_match_score"":100.0,""relevance_score_100"":100.0,""popularity_score_100"":45.115279052697765,""score_100"":78.0461116210791,""popularity_basis"":""BeatHit master-list game rank plus track position proxy""}"
6,Yavin IV- Swamp Etr00,Unknown credited artist,[],Star Wars: Jedi Knight - Jedi Academy (star-wars-jedi-knight-jedi-academy-gamerip),,,"[""video game soundtrack""]","[""und""]",,,,STAR WARS Jedi Knight - Jedi Academy,,,khinsider_track_prominence_proxy,45.115279052697765,score_0_100,,,,78.0461116210791,,,,https://downloads.khinsider.com/game-soundtracks/album/star-wars-jedi-knight-jedi-academy-gamerip,2026-10-05,Track title is taken from KHInsider's soundtrack/gamerip album index. Popularity is an explicitly labelled proxy based on BeatHit game rank and track prominence.,"{""culture_category"":""video_game_music"",""video_game"":""STAR WARS Jedi Knight - Jedi Academy"",""game_rank"":1295,""game_association_kind"":""khinsider_game_soundtrack"",""khinsider_album_url"":""https://downloads.khinsider.com/game-soundtracks/album/star-wars-jedi-knight-jedi-academy-gamerip"",""khinsider_album_title"":""Star Wars: Jedi Knight - Jedi Academy (star-wars-jedi-knight-jedi-academy-gamerip)"",""khinsider_album_kind"":""official_or_gamerip"",""khinsider_album_match_score"":100.0,""relevance_score_100"":100.0,""popularity_score_100"":45.115279052697765,""score_100"":78.0461116210791,""popularity_basis"":""BeatHit master-list game rank plus track position proxy""}"
7,Mos Eisley Spaceport,Unknown credited artist,[],Star Wars (star-wars-gb-1992-gamerip),,,"[""video game soundtrack""]","[""und""]",,,,STAR WARS Jedi Knight - Jedi Academy,,,khinsider_track_prominence_proxy,44.905279052697765,score_0_100,,,,77.9621116210791,,,,https://downloads.khinsider.com/game-soundtracks/album/star-wars-gb-1992-gamerip,2026-10-05,Track title is taken from KHInsider's soundtrack/gamerip album index. Popularity is an explicitly labelled proxy based on BeatHit game rank and track prominence.,"{""culture_category"":""video_game_music"",""video_game"":""STAR WARS Jedi Knight - Jedi Academy"",""game_rank"":1295,""game_association_kind"":""khinsider_game_soundtrack"",""khinsider_album_url"":""https://downloads.khinsider.com/game-soundtracks/album/star-wars-gb-1992-gamerip"",""khinsider_album_title"":""Star Wars (star-wars-gb-1992-gamerip)"",""khinsider_album_kind"":""official_or_gamerip"",""khinsider_album_match_score"":100.0,""relevance_score_100"":100.0,""popularity_score_100"":44.905279052697765,""score_100"":77.9621116210791,""popularity_basis"":""BeatHit master-list game rank plus track position proxy""}"
8,Yavin IV- Swamp Etr01,Unknown credited artist,[],Star Wars: Jedi Knight - Jedi Academy (star-wars-jedi-knight-jedi-academy-gamerip),,,"[""video game soundtrack""]","[""und""]",,,,STAR WARS Jedi Knight - Jedi Academy,,,khinsider_track_prominence_proxy,44.905279052697765,score_0_100,,,,77.9621116210791,,,,https://downloads.khinsider.com/game-soundtracks/album/star-wars-jedi-knight-jedi-academy-gamerip,2026-10-05,Track title is taken from KHInsider's soundtrack/gamerip album index. Popularity is an explicitly labelled proxy based on BeatHit game rank and track prominence.,"{""culture_category"":""video_game_music"",""video_game"":""STAR WARS Jedi Knight - Jedi Academy"",""game_rank"":1295,""game_association_kind"":""khinsider_game_soundtrack"",""khinsider_album_url"":""https://downloads.khinsider.com/game-soundtracks/album/star-wars-jedi-knight-jedi-academy-gamerip"",""khinsider_album_title"":""Star Wars: Jedi Knight - Jedi Academy (star-wars-jedi-knight-jedi-academy-gamerip)"",""khinsider_album_kind"":""official_or_gamerip"",""khinsider_album_match_score"":100.0,""relevance_score_100"":100.0,""popularity_score_100"":44.905279052697765,""score_100"":77.9621116210791,""popularity_basis"":""BeatHit master-list game rank plus track position proxy""}"
9,Cantina & Asteroid Field,Unknown credited artist,[],Star Wars (star-wars-gb-1992-gamerip),,,"[""video game soundtrack""]","[""und""]",,,,STAR WARS Jedi Knight - Jedi Academy,,,khinsider_track_prominence_proxy,44.69527905269777,score_0_100,,,,77.87811162107911,,,,https://downloads.khinsider.com/game-soundtracks/album/star-wars-gb-1992-gamerip,2026-10-05,Track title is taken from KHInsider's soundtrack/gamerip album index. Popularity is an explicitly labelled proxy based on BeatHit game rank and track prominence.,"{""culture_category"":""video_game_music"",""video_game"":""STAR WARS Jedi Knight - Jedi Academy"",""game_rank"":1295,""game_association_kind"":""khinsider_game_soundtrack"",""khinsider_album_url"":""https://downloads.khinsider.com/game-soundtracks/album/star-wars-gb-1992-gamerip"",""khinsider_album_title"":""Star Wars (star-wars-gb-1992-gamerip)"",""khinsider_album_kind"":""official_or_gamerip"",""khinsider_album_match_score"":100.0,""relevance_score_100"":100.0,""popularity_score_100"":44.69527905269777,""score_100"":77.87811162107911,""popularity_basis"":""BeatHit master-list game rank plus track position proxy""}"
10,Yavin IV- Swamp Action,Unknown credited artist,[],Star Wars: Jedi Knight - Jedi Academy (star-wars-jedi-knight-jedi-academy-gamerip),,,"[""video game soundtrack""]","[""und""]",,,,STAR WARS Jedi Knight - Jedi Academy,,,khinsider_track_prominence_proxy,44.69527905269777,score_0_100,,,,77.87811162107911,,,,https://downloads.khinsider.com/game-soundtracks/album/star-wars-jedi-knight-jedi-academy-gamerip,2026-10-05,Track title is taken from KHInsider's soundtrack/gamerip album index. Popularity is an explicitly labelled proxy based on BeatHit game rank and track prominence.,"{""culture_category"":""video_game_music"",""video_game"":""STAR WARS Jedi Knight - Jedi Academy"",""game_rank"":1295,""game_association_kind"":""khinsider_game_soundtrack"",""khinsider_album_url"":""https://downloads.khinsider.com/game-soundtracks/album/star-wars-jedi-knight-jedi-academy-gamerip"",""khinsider_album_title"":""Star Wars: Jedi Knight - Jedi Academy (star-wars-jedi-knight-jedi-academy-gamerip)"",""khinsider_album_kind"":""official_or_gamerip"",""khinsider_album_match_score"":100.0,""relevance_score_100"":100.0,""popularity_score_100"":44.69527905269777,""score_100"":77.87811162107911,""popularity_basis"":""BeatHit master-list game rank plus track position proxy""}"
11,TIE Fighters,Unknown credited artist,[],Star Wars (star-wars-gb-1992-gamerip),,,"[""video game soundtrack""]","[""und""]",,,,STAR WARS Jedi Knight - Jedi Academy,,,khinsider_track_prominence_proxy,44.48527905269776,score_0_100,,,,77.79411162107911,,,,https://downloads.khinsider.com/game-soundtracks/album/star-wars-gb-1992-gamerip,2026-10-05,Track title is taken from KHInsider's soundtrack/gamerip album index. Popularity is an explicitly labelled proxy based on BeatHit game rank and track prominence.,"{""culture_category"":""video_game_music"",""video_game"":""STAR WARS Jedi Knight - Jedi Academy"",""game_rank"":1295,""game_association_kind"":""khinsider_game_soundtrack"",""khinsider_album_url"":""https://downloads.khinsider.com/game-soundtracks/album/star-wars-gb-1992-gamerip"",""khinsider_album_title"":""Star Wars (star-wars-gb-1992-gamerip)"",""khinsider_album_kind"":""official_or_gamerip"",""khinsider_album_match_score"":100.0,""relevance_score_100"":100.0,""popularity_score_100"":44.48527905269776,""score_100"":77.79411162107911,""popularity_basis"":""BeatHit master-list game rank plus track position proxy""}"
12,Yavin IV- Swamp Atr00,Unknown credited artist,[],Star Wars: Jedi Knight - Jedi Academy (star-wars-jedi-knight-jedi-academy-gamerip),,,"[""video game soundtrack""]","[""und""]",,,,STAR WARS Jedi Knight - Jedi Academy,,,khinsider_track_prominence_proxy,44.48527905269776,score_0_100,,,,77.79411162107911,,,,https://downloads.khinsider.com/game-soundtracks/album/star-wars-jedi-knight-jedi-academy-gamerip,2026-10-05,Track title is taken from KHInsider's soundtrack/gamerip album index. Popularity is an explicitly labelled proxy based on BeatHit game rank and track prominence.,"{""culture_category"":""video_game_music"",""video_game"":""STAR WARS Jedi Knight - Jedi Academy"",""game_rank"":1295,""game_association_kind"":""khinsider_game_soundtrack"",""khinsider_album_url"":""https://downloads.khinsider.com/game-soundtracks/album/star-wars-jedi-knight-jedi-academy-gamerip"",""khinsider_album_title"":""Star Wars: Jedi Knight - Jedi Academy (star-wars-jedi-knight-jedi-academy-gamerip)"",""khinsider_album_kind"":""official_or_gamerip"",""khinsider_album_match_score"":100.0,""relevance_score_100"":100.0,""popularity_score_100"":44.48527905269776,""score_100"":77.79411162107911,""popularity_basis"":""BeatHit master-list game rank plus track position proxy""}"
13,TIE Fighters & Death Star,Unknown credited artist,[],Star Wars (star-wars-gb-1992-gamerip),,,"[""video game soundtrack""]","[""und""]",,,,STAR WARS Jedi Knight - Jedi Academy,,,khinsider_track_prominence_proxy,44.27527905269777,score_0_100,,,,77.71011162107911,,,,https://downloads.khinsider.com/game-soundtracks/album/star-wars-gb-1992-gamerip,2026-10-05,Track title is taken from KHInsider's soundtrack/gamerip album index. Popularity is an explicitly labelled proxy based on BeatHit game rank and track prominence.,"{""culture_category"":""video_game_music"",""video_game"":""STAR WARS Jedi Knight - Jedi Academy"",""game_rank"":1295,""game_association_kind"":""khinsider_game_soundtrack"",""khinsider_album_url"":""https://downloads.khinsider.com/game-soundtracks/album/star-wars-gb-1992-gamerip"",""khinsider_album_title"":""Star Wars (star-wars-gb-1992-gamerip)"",""khinsider_album_kind"":""official_or_gamerip"",""khinsider_album_match_score"":100.0,""relevance_score_100"":100.0,""popularity_score_100"":44.27527905269777,""score_100"":77.71011162107911,""popularity_basis"":""BeatHit master-list game rank plus track position proxy""}"
14,Yavin IV- Swamp Atr01,Unknown credited artist,[],Star Wars: Jedi Knight - Jedi Academy (star-wars-jedi-knight-jedi-academy-gamerip),,,"[""video game soundtrack""]","[""und""]",,,,STAR WARS Jedi Knight - Jedi Academy,,,khinsider_track_prominence_proxy,44.27527905269777,score_0_100,,,,77.71011162107911,,,,https://downloads.khinsider.com/game-soundtracks/album/star-wars-jedi-knight-jedi-academy-gamerip,2026-10-05,Track title is taken from KHInsider's soundtrack/gamerip album index. Popularity is an explicitly labelled proxy based on BeatHit game rank and track prominence.,"{""culture_category"":""video_game_music"",""video_game"":""STAR WARS Jedi Knight - Jedi Academy"",""game_rank"":1295,""game_association_kind"":""khinsider_game_soundtrack"",""khinsider_album_url"":""https://downloads.khinsider.com/game-soundtracks/album/star-wars-jedi-knight-jedi-academy-gamerip"",""khinsider_album_title"":""Star Wars: Jedi Knight - Jedi Academy (star-wars-jedi-knight-jedi-academy-gamerip)"",""khinsider_album_kind"":""official_or_gamerip"",""khinsider_album_match_score"":100.0,""relevance_score_100"":100.0,""popularity_score_100"":44.27527905269777,""score_100"":77.71011162107911,""popularity_basis"":""BeatHit master-list game rank plus track position proxy""}"
15,Ending Theme,Unknown credited artist,[],Star Wars (star-wars-gb-1992-gamerip),,,"[""video game soundtrack""]","[""und""]",,,,STAR WARS Jedi Knight - Jedi Academy,,,khinsider_track_prominence_proxy,44.06527905269776,score_0_100,,,,77.6261116210791,,,,https://downloads.khinsider.com/game-soundtracks/album/star-wars-gb-1992-gamerip,2026-10-05,Track title is taken from KHInsider's soundtrack/gamerip album index. Popularity is an explicitly labelled proxy based on BeatHit game rank and track prominence.,"{""culture_category"":""video_game_music"",""video_game"":""STAR WARS Jedi Knight - Jedi Academy"",""game_rank"":1295,""game_association_kind"":""khinsider_game_soundtrack"",""khinsider_album_url"":""https://downloads.khinsider.com/game-soundtracks/album/star-wars-gb-1992-gamerip"",""khinsider_album_title"":""Star Wars (star-wars-gb-1992-gamerip)"",""khinsider_album_kind"":""official_or_gamerip"",""khinsider_album_match_score"":100.0,""relevance_score_100"":100.0,""popularity_score_100"":44.06527905269776,""score_100"":77.6261116210791,""popularity_basis"":""BeatHit master-list game rank plus track position proxy""}"
16,Yavin IV- Swamp Atr02,Unknown credited artist,[],Star Wars: Jedi Knight - Jedi Academy (star-wars-jedi-knight-jedi-academy-gamerip),,,"[""video game soundtrack""]","[""und""]",,,,STAR WARS Jedi Knight - Jedi Academy,,,khinsider_track_prominence_proxy,44.06527905269776,score_0_100,,,,77.6261116210791,,,,https://downloads.khinsider.com/game-soundtracks/album/star-wars-jedi-knight-jedi-academy-gamerip,2026-10-05,Track title is taken from KHInsider's soundtrack/gamerip album index. Popularity is an explicitly labelled proxy based on BeatHit game rank and track prominence.,"{""culture_category"":""video_game_music"",""video_game"":""STAR WARS Jedi Knight - Jedi Academy"",""game_rank"":1295,""game_association_kind"":""khinsider_game_soundtrack"",""khinsider_album_url"":""https://downloads.khinsider.com/game-soundtracks/album/star-wars-jedi-knight-jedi-academy-gamerip"",""khinsider_album_title"":""Star Wars: Jedi Knight - Jedi Academy (star-wars-jedi-knight-jedi-academy-gamerip)"",""khinsider_album_kind"":""official_or_gamerip"",""khinsider_album_match_score"":100.0,""relevance_score_100"":100.0,""popularity_score_100"":44.06527905269776,""score_100"":77.6261116210791,""popularity_basis"":""BeatHit master-list game rank plus track position proxy""}"
17,Yavin IV- Swamp Atr03,Unknown credited artist,[],Star Wars: Jedi Knight - Jedi Academy (star-wars-jedi-knight-jedi-academy-gamerip),,,"[""video game soundtrack""]","[""und""]",,,,STAR WARS Jedi Knight - Jedi Academy,,,khinsider_track_prominence_proxy,43.85527905269777,score_0_100,,,,77.5421116210791,,,,https://downloads.khinsider.com/game-soundtracks/album/star-wars-jedi-knight-jedi-academy-gamerip,2026-10-05,Track title is taken from KHInsider's soundtrack/gamerip album index. Popularity is an explicitly labelled proxy based on BeatHit game rank and track prominence.,"{""culture_category"":""video_game_music"",""video_game"":""STAR WARS Jedi Knight - Jedi Academy"",""game_rank"":1295,""game_association_kind"":""khinsider_game_soundtrack"",""khinsider_album_url"":""https://downloads.khinsider.com/game-soundtracks/album/star-wars-jedi-knight-jedi-academy-gamerip"",""khinsider_album_title"":""Star Wars: Jedi Knight - Jedi Academy (star-wars-jedi-knight-jedi-academy-gamerip)"",""khinsider_album_kind"":""official_or_gamerip"",""khinsider_album_match_score"":100.0,""relevance_score_100"":100.0,""popularity_score_100"":43.85527905269777,""score_100"":77.5421116210791,""popularity_basis"":""BeatHit master-list game rank plus track position proxy""}"
18,Yavin IV- Jedi Temple,Unknown credited artist,[],Star Wars: Jedi Knight - Jedi Academy (star-wars-jedi-knight-jedi-academy-gamerip),,,"[""video game soundtrack""]","[""und""]",,,,STAR WARS Jedi Knight - Jedi Academy,,,khinsider_track_prominence_proxy,43.64527905269777,score_0_100,,,,77.45811162107911,,,,https://downloads.khinsider.com/game-soundtracks/album/star-wars-jedi-knight-jedi-academy-gamerip,2026-10-05,Track title is taken from KHInsider's soundtrack/gamerip album index. Popularity is an explicitly labelled proxy based on BeatHit game rank and track prominence.,"{""culture_category"":""video_game_music"",""video_game"":""STAR WARS Jedi Knight - Jedi Academy"",""game_rank"":1295,""game_association_kind"":""khinsider_game_soundtrack"",""khinsider_album_url"":""https://downloads.khinsider.com/game-soundtracks/album/star-wars-jedi-knight-jedi-academy-gamerip"",""khinsider_album_title"":""Star Wars: Jedi Knight - Jedi Academy (star-wars-jedi-knight-jedi-academy-gamerip)"",""khinsider_album_kind"":""official_or_gamerip"",""khinsider_album_match_score"":100.0,""relevance_score_100"":100.0,""popularity_score_100"":43.64527905269777,""score_100"":77.45811162107911,""popularity_basis"":""BeatHit master-list game rank plus track position proxy""}"
19,Yavin IV- Jedi Trials,Unknown credited artist,[],Star Wars: Jedi Knight - Jedi Academy (star-wars-jedi-knight-jedi-academy-gamerip),,,"[""video game soundtrack""]","[""und""]",,,,STAR WARS Jedi Knight - Jedi Academy,,,khinsider_track_prominence_proxy,43.435279052697766,score_0_100,,,,77.37411162107911,,,,https://downloads.khinsider.com/game-soundtracks/album/star-wars-jedi-knight-jedi-academy-gamerip,2026-10-05,Track title is taken from KHInsider's soundtrack/gamerip album index. Popularity is an explicitly labelled proxy based on BeatHit game rank and track prominence.,"{""culture_category"":""video_game_music"",""video_game"":""STAR WARS Jedi Knight - Jedi Academy"",""game_rank"":1295,""game_association_kind"":""khinsider_game_soundtrack"",""khinsider_album_url"":""https://downloads.khinsider.com/game-soundtracks/album/star-wars-jedi-knight-jedi-academy-gamerip"",""khinsider_album_title"":""Star Wars: Jedi Knight - Jedi Academy (star-wars-jedi-knight-jedi-academy-gamerip)"",""khinsider_album_kind"":""official_or_gamerip"",""khinsider_album_match_score"":100.0,""relevance_score_100"":100.0,""popularity_score_100"":43.435279052697766,""score_100"":77.37411162107911,""popularity_basis"":""BeatHit master-list game rank plus track position proxy""}"
20,Yavin IV- Jedi Temple Etr00,Unknown credited artist,[],Star Wars: Jedi Knight - Jedi Academy (star-wars-jedi-knight-jedi-academy-gamerip),,,"[""video game soundtrack""]","[""und""]",,,,STAR WARS Jedi Knight - Jedi Academy,,,khinsider_track_prominence_proxy,43.225279052697765,score_0_100,,,,77.2901116210791,,,,https://downloads.khinsider.com/game-soundtracks/album/star-wars-jedi-knight-jedi-academy-gamerip,2026-10-05,Track title is taken from KHInsider's soundtrack/gamerip album index. Popularity is an explicitly labelled proxy based on BeatHit game rank and track prominence.,"{""culture_category"":""video_game_music"",""video_game"":""STAR WARS Jedi Knight - Jedi Academy"",""game_rank"":1295,""game_association_kind"":""khinsider_game_soundtrack"",""khinsider_album_url"":""https://downloads.khinsider.com/game-soundtracks/album/star-wars-jedi-knight-jedi-academy-gamerip"",""khinsider_album_title"":""Star Wars: Jedi Knight - Jedi Academy (star-wars-jedi-knight-jedi-academy-gamerip)"",""khinsider_album_kind"":""official_or_gamerip"",""khinsider_album_match_score"":100.0,""relevance_score_100"":100.0,""popularity_score_100"":43.225279052697765,""score_100"":77.2901116210791,""popularity_basis"":""BeatHit master-list game rank plus track position proxy""}"
21,Yavin IV- Jedi Temple Etr01,Unknown credited artist,[],Star Wars: Jedi Knight - Jedi Academy (star-wars-jedi-knight-jedi-academy-gamerip),,,"[""video game soundtrack""]","[""und""]",,,,STAR WARS Jedi Knight - Jedi Academy,,,khinsider_track_prominence_proxy,43.015279052697764,score_0_100,,,,77.2061116210791,,,,https://downloads.khinsider.com/game-soundtracks/album/star-wars-jedi-knight-jedi-academy-gamerip,2026-10-05,Track title is taken from KHInsider's soundtrack/gamerip album index. Popularity is an explicitly labelled proxy based on BeatHit game rank and track prominence.,"{""culture_category"":""video_game_music"",""video_game"":""STAR WARS Jedi Knight - Jedi Academy"",""game_rank"":1295,""game_association_kind"":""khinsider_game_soundtrack"",""khinsider_album_url"":""https://downloads.khinsider.com/game-soundtracks/album/star-wars-jedi-knight-jedi-academy-gamerip"",""khinsider_album_title"":""Star Wars: Jedi Knight - Jedi Academy (star-wars-jedi-knight-jedi-academy-gamerip)"",""khinsider_album_kind"":""official_or_gamerip"",""khinsider_album_match_score"":100.0,""relevance_score_100"":100.0,""popularity_score_100"":43.015279052697764,""score_100"":77.2061116210791,""popularity_basis"":""BeatHit master-list game rank plus track position proxy""}"
22,Yavin IV- Jedi Temple Action,Unknown credited artist,[],Star Wars: Jedi Knight - Jedi Academy (star-wars-jedi-knight-jedi-academy-gamerip),,,"[""video game soundtrack""]","[""und""]",,,,STAR WARS Jedi Knight - Jedi Academy,,,khinsider_track_prominence_proxy,42.80527905269777,score_0_100,,,,77.12211162107911,,,,https://downloads.khinsider.com/game-soundtracks/album/star-wars-jedi-knight-jedi-academy-gamerip,2026-10-05,Track title is taken from KHInsider's soundtrack/gamerip album index. Popularity is an explicitly labelled proxy based on BeatHit game rank and track prominence.,"{""culture_category"":""video_game_music"",""video_game"":""STAR WARS Jedi Knight - Jedi Academy"",""game_rank"":1295,""game_association_kind"":""khinsider_game_soundtrack"",""khinsider_album_url"":""https://downloads.khinsider.com/game-soundtracks/album/star-wars-jedi-knight-jedi-academy-gamerip"",""khinsider_album_title"":""Star Wars: Jedi Knight - Jedi Academy (star-wars-jedi-knight-jedi-academy-gamerip)"",""khinsider_album_kind"":""official_or_gamerip"",""khinsider_album_match_score"":100.0,""relevance_score_100"":100.0,""popularity_score_100"":42.80527905269777,""score_100"":77.12211162107911,""popularity_basis"":""BeatHit master-list game rank plus track position proxy""}"
23,Yavin IV- Jedi Temple Atr00,Unknown credited artist,[],Star Wars: Jedi Knight - Jedi Academy (star-wars-jedi-knight-jedi-academy-gamerip),,,"[""video game soundtrack""]","[""und""]",,,,STAR WARS Jedi Knight - Jedi Academy,,,khinsider_track_prominence_proxy,42.59527905269776,score_0_100,,,,77.03811162107911,,,,https://downloads.khinsider.com/game-soundtracks/album/star-wars-jedi-knight-jedi-academy-gamerip,2026-10-05,Track title is taken from KHInsider's soundtrack/gamerip album index. Popularity is an explicitly labelled proxy based on BeatHit game rank and track prominence.,"{""culture_category"":""video_game_music"",""video_game"":""STAR WARS Jedi Knight - Jedi Academy"",""game_rank"":1295,""game_association_kind"":""khinsider_game_soundtrack"",""khinsider_album_url"":""https://downloads.khinsider.com/game-soundtracks/album/star-wars-jedi-knight-jedi-academy-gamerip"",""khinsider_album_title"":""Star Wars: Jedi Knight - Jedi Academy (star-wars-jedi-knight-jedi-academy-gamerip)"",""khinsider_album_kind"":""official_or_gamerip"",""khinsider_album_match_score"":100.0,""relevance_score_100"":100.0,""popularity_score_100"":42.59527905269776,""score_100"":77.03811162107911,""popularity_basis"":""BeatHit master-list game rank plus track position proxy""}"
24,Yavin IV- Jedi Temple Atr01,Unknown credited artist,[],Star Wars: Jedi Knight - Jedi Academy (star-wars-jedi-knight-jedi-academy-gamerip),,,"[""video game soundtrack""]","[""und""]",,,,STAR WARS Jedi Knight - Jedi Academy,,,khinsider_track_prominence_proxy,42.38527905269777,score_0_100,,,,76.95411162107911,,,,https://downloads.khinsider.com/game-soundtracks/album/star-wars-jedi-knight-jedi-academy-gamerip,2026-10-05,Track title is taken from KHInsider's soundtrack/gamerip album index. Popularity is an explicitly labelled proxy based on BeatHit game rank and track prominence.,"{""culture_category"":""video_game_music"",""video_game"":""STAR WARS Jedi Knight - Jedi Academy"",""game_rank"":1295,""game_association_kind"":""khinsider_game_soundtrack"",""khinsider_album_url"":""https://downloads.khinsider.com/game-soundtracks/album/star-wars-jedi-knight-jedi-academy-gamerip"",""khinsider_album_title"":""Star Wars: Jedi Knight - Jedi Academy (star-wars-jedi-knight-jedi-academy-gamerip)"",""khinsider_album_kind"":""official_or_gamerip"",""khinsider_album_match_score"":100.0,""relevance_score_100"":100.0,""popularity_score_100"":42.38527905269777,""score_100"":76.95411162107911,""popularity_basis"":""BeatHit master-list game rank plus track position proxy""}"
25,Yavin IV- Jedi Temple Atr02,Unknown credited artist,[],Star Wars: Jedi Knight - Jedi Academy (star-wars-jedi-knight-jedi-academy-gamerip),,,"[""video game soundtrack""]","[""und""]",,,,STAR WARS Jedi Knight - Jedi Academy,,,khinsider_track_prominence_proxy,42.17527905269776,score_0_100,,,,76.8701116210791,,,,https://downloads.khinsider.com/game-soundtracks/album/star-wars-jedi-knight-jedi-academy-gamerip,2026-10-05,Track title is taken from KHInsider's soundtrack/gamerip album index. Popularity is an explicitly labelled proxy based on BeatHit game rank and track prominence.,"{""culture_category"":""video_game_music"",""video_game"":""STAR WARS Jedi Knight - Jedi Academy"",""game_rank"":1295,""game_association_kind"":""khinsider_game_soundtrack"",""khinsider_album_url"":""https://downloads.khinsider.com/game-soundtracks/album/star-wars-jedi-knight-jedi-academy-gamerip"",""khinsider_album_title"":""Star Wars: Jedi Knight - Jedi Academy (star-wars-jedi-knight-jedi-academy-gamerip)"",""khinsider_album_kind"":""official_or_gamerip"",""khinsider_album_match_score"":100.0,""relevance_score_100"":100.0,""popularity_score_100"":42.17527905269776,""score_100"":76.8701116210791,""popularity_basis"":""BeatHit master-list game rank plus track position proxy""}"
26,Yavin IV- Jedi Temple Atr03,Unknown credited artist,[],Star Wars: Jedi Knight - Jedi Academy (star-wars-jedi-knight-jedi-academy-gamerip),,,"[""video game soundtrack""]","[""und""]",,,,STAR WARS Jedi Knight - Jedi Academy,,,khinsider_track_prominence_proxy,41.96527905269777,score_0_100,,,,76.7861116210791,,,,https://downloads.khinsider.com/game-soundtracks/album/star-wars-jedi-knight-jedi-academy-gamerip,2026-10-05,Track title is taken from KHInsider's soundtrack/gamerip album index. Popularity is an explicitly labelled proxy based on BeatHit game rank and track prominence.,"{""culture_category"":""video_game_music"",""video_game"":""STAR WARS Jedi Knight - Jedi Academy"",""game_rank"":1295,""game_association_kind"":""khinsider_game_soundtrack"",""khinsider_album_url"":""https://downloads.khinsider.com/game-soundtracks/album/star-wars-jedi-knight-jedi-academy-gamerip"",""khinsider_album_title"":""Star Wars: Jedi Knight - Jedi Academy (star-wars-jedi-knight-jedi-academy-gamerip)"",""khinsider_album_kind"":""official_or_gamerip"",""khinsider_album_match_score"":100.0,""relevance_score_100"":100.0,""popularity_score_100"":41.96527905269777,""score_100"":76.7861116210791,""popularity_basis"":""BeatHit master-list game rank plus track position proxy""}"
27,Tatooine- Mos Eisley Explore,Unknown credited artist,[],Star Wars: Jedi Knight - Jedi Academy (star-wars-jedi-knight-jedi-academy-gamerip),,,"[""video game soundtrack""]","[""und""]",,,,STAR WARS Jedi Knight - Jedi Academy,,,khinsider_track_prominence_proxy,41.75527905269777,score_0_100,,,,76.70211162107911,,,,https://downloads.khinsider.com/game-soundtracks/album/star-wars-jedi-knight-jedi-academy-gamerip,2026-10-05,Track title is taken from KHInsider's soundtrack/gamerip album index. Popularity is an explicitly labelled proxy based on BeatHit game rank and track prominence.,"{""culture_category"":""video_game_music"",""video_game"":""STAR WARS Jedi Knight - Jedi Academy"",""game_rank"":1295,""game_association_kind"":""khinsider_game_soundtrack"",""khinsider_album_url"":""https://downloads.khinsider.com/game-soundtracks/album/star-wars-jedi-knight-jedi-academy-gamerip"",""khinsider_album_title"":""Star Wars: Jedi Knight - Jedi Academy (star-wars-jedi-knight-jedi-academy-gamerip)"",""khinsider_album_kind"":""official_or_gamerip"",""khinsider_album_match_score"":100.0,""relevance_score_100"":100.0,""popularity_score_100"":41.75527905269777,""score_100"":76.70211162107911,""popularity_basis"":""BeatHit master-list game rank plus track position proxy""}"
28,Tatooine- Mos Eisley Etr00,Unknown credited artist,[],Star Wars: Jedi Knight - Jedi Academy (star-wars-jedi-knight-jedi-academy-gamerip),,,"[""video game soundtrack""]","[""und""]",,,,STAR WARS Jedi Knight - Jedi Academy,,,khinsider_track_prominence_proxy,41.545279052697765,score_0_100,,,,76.61811162107911,,,,https://downloads.khinsider.com/game-soundtracks/album/star-wars-jedi-knight-jedi-academy-gamerip,2026-10-05,Track title is taken from KHInsider's soundtrack/gamerip album index. Popularity is an explicitly labelled proxy based on BeatHit game rank and track prominence.,"{""culture_category"":""video_game_music"",""video_game"":""STAR WARS Jedi Knight - Jedi Academy"",""game_rank"":1295,""game_association_kind"":""khinsider_game_soundtrack"",""khinsider_album_url"":""https://downloads.khinsider.com/game-soundtracks/album/star-wars-jedi-knight-jedi-academy-gamerip"",""khinsider_album_title"":""Star Wars: Jedi Knight - Jedi Academy (star-wars-jedi-knight-jedi-academy-gamerip)"",""khinsider_album_kind"":""official_or_gamerip"",""khinsider_album_match_score"":100.0,""relevance_score_100"":100.0,""popularity_score_100"":41.545279052697765,""score_100"":76.61811162107911,""popularity_basis"":""BeatHit master-list game rank plus track position proxy""}"
29,Tatooine- Mos Eisley Etr01,Unknown credited artist,[],Star Wars: Jedi Knight - Jedi Academy (star-wars-jedi-knight-jedi-academy-gamerip),,,"[""video game soundtrack""]","[""und""]",,,,STAR WARS Jedi Knight - Jedi Academy,,,khinsider_track_prominence_proxy,41.33527905269777,score_0_100,,,,76.5341116210791,,,,https://downloads.khinsider.com/game-soundtracks/album/star-wars-jedi-knight-jedi-academy-gamerip,2026-10-05,Track title is taken from KHInsider's soundtrack/gamerip album index. Popularity is an explicitly labelled proxy based on BeatHit game rank and track prominence.,"{""culture_category"":""video_game_music"",""video_game"":""STAR WARS Jedi Knight - Jedi Academy"",""game_rank"":1295,""game_association_kind"":""khinsider_game_soundtrack"",""khinsider_album_url"":""https://downloads.khinsider.com/game-soundtracks/album/star-wars-jedi-knight-jedi-academy-gamerip"",""khinsider_album_title"":""Star Wars: Jedi Knight - Jedi Academy (star-wars-jedi-knight-jedi-academy-gamerip)"",""khinsider_album_kind"":""official_or_gamerip"",""khinsider_album_match_score"":100.0,""relevance_score_100"":100.0,""popularity_score_100"":41.33527905269777,""score_100"":76.5341116210791,""popularity_basis"":""BeatHit master-list game rank plus track position proxy""}"
30,Tatooine- Mos Eisley Action,Unknown credited artist,[],Star Wars: Jedi Knight - Jedi Academy (star-wars-jedi-knight-jedi-academy-gamerip),,,"[""video game soundtrack""]","[""und""]",,,,STAR WARS Jedi Knight - Jedi Academy,,,khinsider_track_prominence_proxy,41.12527905269776,score_0_100,,,,76.4501116210791,,,,https://downloads.khinsider.com/game-soundtracks/album/star-wars-jedi-knight-jedi-academy-gamerip,2026-10-05,Track title is taken from KHInsider's soundtrack/gamerip album index. Popularity is an explicitly labelled proxy based on BeatHit game rank and track prominence.,"{""culture_category"":""video_game_music"",""video_game"":""STAR WARS Jedi Knight - Jedi Academy"",""game_rank"":1295,""game_association_kind"":""khinsider_game_soundtrack"",""khinsider_album_url"":""https://downloads.khinsider.com/game-soundtracks/album/star-wars-jedi-knight-jedi-academy-gamerip"",""khinsider_album_title"":""Star Wars: Jedi Knight - Jedi Academy (star-wars-jedi-knight-jedi-academy-gamerip)"",""khinsider_album_kind"":""official_or_gamerip"",""khinsider_album_match_score"":100.0,""relevance_score_100"":100.0,""popularity_score_100"":41.12527905269776,""score_100"":76.4501116210791,""popularity_basis"":""BeatHit master-list game rank plus track position proxy""}"
31,Title Screen,Unknown credited artist,[],Star Wars (star-wars-master-system),,,"[""video game soundtrack""]","[""und""]",,,,STAR WARS Jedi Knight - Jedi Academy,,,khinsider_track_prominence_proxy,45.53527905269777,score_0_100,,,,76.4141116210791,,,,https://downloads.khinsider.com/game-soundtracks/album/star-wars-master-system,2026-10-05,Track title is taken from KHInsider's soundtrack/gamerip album index. Popularity is an explicitly labelled proxy based on BeatHit game rank and track prominence.,"{""culture_category"":""video_game_music"",""video_game"":""STAR WARS Jedi Knight - Jedi Academy"",""game_rank"":1295,""game_association_kind"":""khinsider_game_soundtrack"",""khinsider_album_url"":""https://downloads.khinsider.com/game-soundtracks/album/star-wars-master-system"",""khinsider_album_title"":""Star Wars (star-wars-master-system)"",""khinsider_album_kind"":""unclassified_game_album"",""khinsider_album_match_score"":100.0,""relevance_score_100"":97.0,""popularity_score_100"":45.53527905269777,""score_100"":76.4141116210791,""popularity_basis"":""BeatHit master-list game rank plus track position proxy""}"
32,Tatooine- Mos Eisley Atr00,Unknown credited artist,[],Star Wars: Jedi Knight - Jedi Academy (star-wars-jedi-knight-jedi-academy-gamerip),,,"[""video game soundtrack""]","[""und""]",,,,STAR WARS Jedi Knight - Jedi Academy,,,khinsider_track_prominence_proxy,40.91527905269777,score_0_100,,,,76.36611162107911,,,,https://downloads.khinsider.com/game-soundtracks/album/star-wars-jedi-knight-jedi-academy-gamerip,2026-10-05,Track title is taken from KHInsider's soundtrack/gamerip album index. Popularity is an explicitly labelled proxy based on BeatHit game rank and track prominence.,"{""culture_category"":""video_game_music"",""video_game"":""STAR WARS Jedi Knight - Jedi Academy"",""game_rank"":1295,""game_association_kind"":""khinsider_game_soundtrack"",""khinsider_album_url"":""https://downloads.khinsider.com/game-soundtracks/album/star-wars-jedi-knight-jedi-academy-gamerip"",""khinsider_album_title"":""Star Wars: Jedi Knight - Jedi Academy (star-wars-jedi-knight-jedi-academy-gamerip)"",""khinsider_album_kind"":""official_or_gamerip"",""khinsider_album_match_score"":100.0,""relevance_score_100"":100.0,""popularity_score_100"":40.91527905269777,""score_100"":76.36611162107911,""popularity_basis"":""BeatHit master-list game rank plus track position proxy""}"
33,Jedi or Cadet,Unknown credited artist,[],Star Wars (star-wars-master-system),,,"[""video game soundtrack""]","[""und""]",,,,STAR WARS Jedi Knight - Jedi Academy,,,khinsider_track_prominence_proxy,45.325279052697766,score_0_100,,,,76.3301116210791,,,,https://downloads.khinsider.com/game-soundtracks/album/star-wars-master-system,2026-10-05,Track title is taken from KHInsider's soundtrack/gamerip album index. Popularity is an explicitly labelled proxy based on BeatHit game rank and track prominence.,"{""culture_category"":""video_game_music"",""video_game"":""STAR WARS Jedi Knight - Jedi Academy"",""game_rank"":1295,""game_association_kind"":""khinsider_game_soundtrack"",""khinsider_album_url"":""https://downloads.khinsider.com/game-soundtracks/album/star-wars-master-system"",""khinsider_album_title"":""Star Wars (star-wars-master-system)"",""khinsider_album_kind"":""unclassified_game_album"",""khinsider_album_match_score"":100.0,""relevance_score_100"":97.0,""popularity_score_100"":45.325279052697766,""score_100"":76.3301116210791,""popularity_basis"":""BeatHit master-list game rank plus track position proxy""}"
34,Tatooine- Mos Eisley Atr01,Unknown credited artist,[],Star Wars: Jedi Knight - Jedi Academy (star-wars-jedi-knight-jedi-academy-gamerip),,,"[""video game soundtrack""]","[""und""]",,,,STAR WARS Jedi Knight - Jedi Academy,,,khinsider_track_prominence_proxy,40.70527905269777,score_0_100,,,,76.28211162107911,,,,https://downloads.khinsider.com/game-soundtracks/album/star-wars-jedi-knight-jedi-academy-gamerip,2026-10-05,Track title is taken from KHInsider's soundtrack/gamerip album index. Popularity is an explicitly labelled proxy based on BeatHit game rank and track prominence.,"{""culture_category"":""video_game_music"",""video_game"":""STAR WARS Jedi Knight - Jedi Academy"",""game_rank"":1295,""game_association_kind"":""khinsider_game_soundtrack"",""khinsider_album_url"":""https://downloads.khinsider.com/game-soundtracks/album/star-wars-jedi-knight-jedi-academy-gamerip"",""khinsider_album_title"":""Star Wars: Jedi Knight - Jedi Academy (star-wars-jedi-knight-jedi-academy-gamerip)"",""khinsider_album_kind"":""official_or_gamerip"",""khinsider_album_match_score"":100.0,""relevance_score_100"":100.0,""popularity_score_100"":40.70527905269777,""score_100"":76.28211162107911,""popularity_basis"":""BeatHit master-list game rank plus track position proxy""}"
35,Map,Unknown credited artist,[],Star Wars (star-wars-master-system),,,"[""video game soundtrack""]","[""und""]",,,,STAR WARS Jedi Knight - Jedi Academy,,,khinsider_track_prominence_proxy,45.115279052697765,score_0_100,,,,76.24611162107911,,,,https://downloads.khinsider.com/game-soundtracks/album/star-wars-master-system,2026-10-05,Track title is taken from KHInsider's soundtrack/gamerip album index. Popularity is an explicitly labelled proxy based on BeatHit game rank and track prominence.,"{""culture_category"":""video_game_music"",""video_game"":""STAR WARS Jedi Knight - Jedi Academy"",""game_rank"":1295,""game_association_kind"":""khinsider_game_soundtrack"",""khinsider_album_url"":""https://downloads.khinsider.com/game-soundtracks/album/star-wars-master-system"",""khinsider_album_title"":""Star Wars (star-wars-master-system)"",""khinsider_album_kind"":""unclassified_game_album"",""khinsider_album_match_score"":100.0,""relevance_score_100"":97.0,""popularity_score_100"":45.115279052697765,""score_100"":76.24611162107911,""popularity_basis"":""BeatHit master-list game rank plus track position proxy""}"
36,Tatooine- Mos Eisley Atr02,Unknown credited artist,[],Star Wars: Jedi Knight - Jedi Academy (star-wars-jedi-knight-jedi-academy-gamerip),,,"[""video game soundtrack""]","[""und""]",,,,STAR WARS Jedi Knight - Jedi Academy,,,khinsider_track_prominence_proxy,40.49527905269777,score_0_100,,,,76.19811162107911,,,,https://downloads.khinsider.com/game-soundtracks/album/star-wars-jedi-knight-jedi-academy-gamerip,2026-10-05,Track title is taken from KHInsider's soundtrack/gamerip album index. Popularity is an explicitly labelled proxy based on BeatHit game rank and track prominence.,"{""culture_category"":""video_game_music"",""video_game"":""STAR WARS Jedi Knight - Jedi Academy"",""game_rank"":1295,""game_association_kind"":""khinsider_game_soundtrack"",""khinsider_album_url"":""https://downloads.khinsider.com/game-soundtracks/album/star-wars-jedi-knight-jedi-academy-gamerip"",""khinsider_album_title"":""Star Wars: Jedi Knight - Jedi Academy (star-wars-jedi-knight-jedi-academy-gamerip)"",""khinsider_album_kind"":""official_or_gamerip"",""khinsider_album_match_score"":100.0,""relevance_score_100"":100.0,""popularity_score_100"":40.49527905269777,""score_100"":76.19811162107911,""popularity_basis"":""BeatHit master-list game rank plus track position proxy""}"
37,Cave,Unknown credited artist,[],Star Wars (star-wars-master-system),,,"[""video game soundtrack""]","[""und""]",,,,STAR WARS Jedi Knight - Jedi Academy,,,khinsider_track_prominence_proxy,44.905279052697765,score_0_100,,,,76.1621116210791,,,,https://downloads.khinsider.com/game-soundtracks/album/star-wars-master-system,2026-10-05,Track title is taken from KHInsider's soundtrack/gamerip album index. Popularity is an explicitly labelled proxy based on BeatHit game rank and track prominence.,"{""culture_category"":""video_game_music"",""video_game"":""STAR WARS Jedi Knight - Jedi Academy"",""game_rank"":1295,""game_association_kind"":""khinsider_game_soundtrack"",""khinsider_album_url"":""https://downloads.khinsider.com/game-soundtracks/album/star-wars-master-system"",""khinsider_album_title"":""Star Wars (star-wars-master-system)"",""khinsider_album_kind"":""unclassified_game_album"",""khinsider_album_match_score"":100.0,""relevance_score_100"":97.0,""popularity_score_100"":44.905279052697765,""score_100"":76.1621116210791,""popularity_basis"":""BeatHit master-list game rank plus track position proxy""}"
38,Tatooine- Tusken Raider Explore,Unknown credited artist,[],Star Wars: Jedi Knight - Jedi Academy (star-wars-jedi-knight-jedi-academy-gamerip),,,"[""video game soundtrack""]","[""und""]",,,,STAR WARS Jedi Knight - Jedi Academy,,,khinsider_track_prominence_proxy,40.28527905269777,score_0_100,,,,76.1141116210791,,,,https://downloads.khinsider.com/game-soundtracks/album/star-wars-jedi-knight-jedi-academy-gamerip,2026-10-05,Track title is taken from KHInsider's soundtrack/gamerip album index. Popularity is an explicitly labelled proxy based on BeatHit game rank and track prominence.,"{""culture_category"":""video_game_music"",""video_game"":""STAR WARS Jedi Knight - Jedi Academy"",""game_rank"":1295,""game_association_kind"":""khinsider_game_soundtrack"",""khinsider_album_url"":""https://downloads.khinsider.com/game-soundtracks/album/star-wars-jedi-knight-jedi-academy-gamerip"",""khinsider_album_title"":""Star Wars: Jedi Knight - Jedi Academy (star-wars-jedi-knight-jedi-academy-gamerip)"",""khinsider_album_kind"":""official_or_gamerip"",""khinsider_album_match_score"":100.0,""relevance_score_100"":100.0,""popularity_score_100"":40.28527905269777,""score_100"":76.1141116210791,""popularity_basis"":""BeatHit master-list game rank plus track position proxy""}"
39,Find R2D2,Unknown credited artist,[],Star Wars (star-wars-master-system),,,"[""video game soundtrack""]","[""und""]",,,,STAR WARS Jedi Knight - Jedi Academy,,,khinsider_track_prominence_proxy,44.69527905269777,score_0_100,,,,76.0781116210791,,,,https://downloads.khinsider.com/game-soundtracks/album/star-wars-master-system,2026-10-05,Track title is taken from KHInsider's soundtrack/gamerip album index. Popularity is an explicitly labelled proxy based on BeatHit game rank and track prominence.,"{""culture_category"":""video_game_music"",""video_game"":""STAR WARS Jedi Knight - Jedi Academy"",""game_rank"":1295,""game_association_kind"":""khinsider_game_soundtrack"",""khinsider_album_url"":""https://downloads.khinsider.com/game-soundtracks/album/star-wars-master-system"",""khinsider_album_title"":""Star Wars (star-wars-master-system)"",""khinsider_album_kind"":""unclassified_game_album"",""khinsider_album_match_score"":100.0,""relevance_score_100"":97.0,""popularity_score_100"":44.69527905269777,""score_100"":76.0781116210791,""popularity_basis"":""BeatHit master-list game rank plus track position proxy""}"
40,Tatooine- Tusken Raider Etr00,Unknown credited artist,[],Star Wars: Jedi Knight - Jedi Academy (star-wars-jedi-knight-jedi-academy-gamerip),,,"[""video game soundtrack""]","[""und""]",,,,STAR WARS Jedi Knight - Jedi Academy,,,khinsider_track_prominence_proxy,40.075279052697766,score_0_100,,,,76.0301116210791,,,,https://downloads.khinsider.com/game-soundtracks/album/star-wars-jedi-knight-jedi-academy-gamerip,2026-10-05,Track title is taken from KHInsider's soundtrack/gamerip album index. Popularity is an explicitly labelled proxy based on BeatHit game rank and track prominence.,"{""culture_category"":""video_game_music"",""video_game"":""STAR WARS Jedi Knight - Jedi Academy"",""game_rank"":1295,""game_association_kind"":""khinsider_game_soundtrack"",""khinsider_album_url"":""https://downloads.khinsider.com/game-soundtracks/album/star-wars-jedi-knight-jedi-academy-gamerip"",""khinsider_album_title"":""Star Wars: Jedi Knight - Jedi Academy (star-wars-jedi-knight-jedi-academy-gamerip)"",""khinsider_album_kind"":""official_or_gamerip"",""khinsider_album_match_score"":100.0,""relevance_score_100"":100.0,""popularity_score_100"":40.075279052697766,""score_100"":76.0301116210791,""popularity_basis"":""BeatHit master-list game rank plus track position proxy""}"
41,Spaceport,Unknown credited artist,[],Star Wars (star-wars-master-system),,,"[""video game soundtrack""]","[""und""]",,,,STAR WARS Jedi Knight - Jedi Academy,,,khinsider_track_prominence_proxy,44.48527905269776,score_0_100,,,,75.9941116210791,,,,https://downloads.khinsider.com/game-soundtracks/album/star-wars-master-system,2026-10-05,Track title is taken from KHInsider's soundtrack/gamerip album index. Popularity is an explicitly labelled proxy based on BeatHit game rank and track prominence.,"{""culture_category"":""video_game_music"",""video_game"":""STAR WARS Jedi Knight - Jedi Academy"",""game_rank"":1295,""game_association_kind"":""khinsider_game_soundtrack"",""khinsider_album_url"":""https://downloads.khinsider.com/game-soundtracks/album/star-wars-master-system"",""khinsider_album_title"":""Star Wars (star-wars-master-system)"",""khinsider_album_kind"":""unclassified_game_album"",""khinsider_album_match_score"":100.0,""relevance_score_100"":97.0,""popularity_score_100"":44.48527905269776,""score_100"":75.9941116210791,""popularity_basis"":""BeatHit master-list game rank plus track position proxy""}"
42,Tatooine- Tusken Raider Etr01,Unknown credited artist,[],Star Wars: Jedi Knight - Jedi Academy (star-wars-jedi-knight-jedi-academy-gamerip),,,"[""video game soundtrack""]","[""und""]",,,,STAR WARS Jedi Knight - Jedi Academy,,,khinsider_track_prominence_proxy,39.865279052697765,score_0_100,,,,75.94611162107911,,,,https://downloads.khinsider.com/game-soundtracks/album/star-wars-jedi-knight-jedi-academy-gamerip,2026-10-05,Track title is taken from KHInsider's soundtrack/gamerip album index. Popularity is an explicitly labelled proxy based on BeatHit game rank and track prominence.,"{""culture_category"":""video_game_music"",""video_game"":""STAR WARS Jedi Knight - Jedi Academy"",""game_rank"":1295,""game_association_kind"":""khinsider_game_soundtrack"",""khinsider_album_url"":""https://downloads.khinsider.com/game-soundtracks/album/star-wars-jedi-knight-jedi-academy-gamerip"",""khinsider_album_title"":""Star Wars: Jedi Knight - Jedi Academy (star-wars-jedi-knight-jedi-academy-gamerip)"",""khinsider_album_kind"":""official_or_gamerip"",""khinsider_album_match_score"":100.0,""relevance_score_100"":100.0,""popularity_score_100"":39.865279052697765,""score_100"":75.94611162107911,""popularity_basis"":""BeatHit master-list game rank plus track position proxy""}"
43,Cantina,Unknown credited artist,[],Star Wars (star-wars-master-system),,,"[""video game soundtrack""]","[""und""]",,,,STAR WARS Jedi Knight - Jedi Academy,,,khinsider_track_prominence_proxy,44.27527905269777,score_0_100,,,,75.9101116210791,,,,https://downloads.khinsider.com/game-soundtracks/album/star-wars-master-system,2026-10-05,Track title is taken from KHInsider's soundtrack/gamerip album index. Popularity is an explicitly labelled proxy based on BeatHit game rank and track prominence.,"{""culture_category"":""video_game_music"",""video_game"":""STAR WARS Jedi Knight - Jedi Academy"",""game_rank"":1295,""game_association_kind"":""khinsider_game_soundtrack"",""khinsider_album_url"":""https://downloads.khinsider.com/game-soundtracks/album/star-wars-master-system"",""khinsider_album_title"":""Star Wars (star-wars-master-system)"",""khinsider_album_kind"":""unclassified_game_album"",""khinsider_album_match_score"":100.0,""relevance_score_100"":97.0,""popularity_score_100"":44.27527905269777,""score_100"":75.9101116210791,""popularity_basis"":""BeatHit master-list game rank plus track position proxy""}"
44,Tatooine- Tusken Raider Action,Unknown credited artist,[],Star Wars: Jedi Knight - Jedi Academy (star-wars-jedi-knight-jedi-academy-gamerip),,,"[""video game soundtrack""]","[""und""]",,,,STAR WARS Jedi Knight - Jedi Academy,,,khinsider_track_prominence_proxy,39.655279052697765,score_0_100,,,,75.86211162107911,,,,https://downloads.khinsider.com/game-soundtracks/album/star-wars-jedi-knight-jedi-academy-gamerip,2026-10-05,Track title is taken from KHInsider's soundtrack/gamerip album index. Popularity is an explicitly labelled proxy based on BeatHit game rank and track prominence.,"{""culture_category"":""video_game_music"",""video_game"":""STAR WARS Jedi Knight - Jedi Academy"",""game_rank"":1295,""game_association_kind"":""khinsider_game_soundtrack"",""khinsider_album_url"":""https://downloads.khinsider.com/game-soundtracks/album/star-wars-jedi-knight-jedi-academy-gamerip"",""khinsider_album_title"":""Star Wars: Jedi Knight - Jedi Academy (star-wars-jedi-knight-jedi-academy-gamerip)"",""khinsider_album_kind"":""official_or_gamerip"",""khinsider_album_match_score"":100.0,""relevance_score_100"":100.0,""popularity_score_100"":39.655279052697765,""score_100"":75.86211162107911,""popularity_basis"":""BeatHit master-list game rank plus track position proxy""}"
45,Han Solo,Unknown credited artist,[],Star Wars (star-wars-master-system),,,"[""video game soundtrack""]","[""und""]",,,,STAR WARS Jedi Knight - Jedi Academy,,,khinsider_track_prominence_proxy,44.06527905269776,score_0_100,,,,75.8261116210791,,,,https://downloads.khinsider.com/game-soundtracks/album/star-wars-master-system,2026-10-05,Track title is taken from KHInsider's soundtrack/gamerip album index. Popularity is an explicitly labelled proxy based on BeatHit game rank and track prominence.,"{""culture_category"":""video_game_music"",""video_game"":""STAR WARS Jedi Knight - Jedi Academy"",""game_rank"":1295,""game_association_kind"":""khinsider_game_soundtrack"",""khinsider_album_url"":""https://downloads.khinsider.com/game-soundtracks/album/star-wars-master-system"",""khinsider_album_title"":""Star Wars (star-wars-master-system)"",""khinsider_album_kind"":""unclassified_game_album"",""khinsider_album_match_score"":100.0,""relevance_score_100"":97.0,""popularity_score_100"":44.06527905269776,""score_100"":75.8261116210791,""popularity_basis"":""BeatHit master-list game rank plus track position proxy""}"
46,Tatooine- Tusken Raider Atr00,Unknown credited artist,[],Star Wars: Jedi Knight - Jedi Academy (star-wars-jedi-knight-jedi-academy-gamerip),,,"[""video game soundtrack""]","[""und""]",,,,STAR WARS Jedi Knight - Jedi Academy,,,khinsider_track_prominence_proxy,39.44527905269777,score_0_100,,,,75.7781116210791,,,,https://downloads.khinsider.com/game-soundtracks/album/star-wars-jedi-knight-jedi-academy-gamerip,2026-10-05,Track title is taken from KHInsider's soundtrack/gamerip album index. Popularity is an explicitly labelled proxy based on BeatHit game rank and track prominence.,"{""culture_category"":""video_game_music"",""video_game"":""STAR WARS Jedi Knight - Jedi Academy"",""game_rank"":1295,""game_association_kind"":""khinsider_game_soundtrack"",""khinsider_album_url"":""https://downloads.khinsider.com/game-soundtracks/album/star-wars-jedi-knight-jedi-academy-gamerip"",""khinsider_album_title"":""Star Wars: Jedi Knight - Jedi Academy (star-wars-jedi-knight-jedi-academy-gamerip)"",""khinsider_album_kind"":""official_or_gamerip"",""khinsider_album_match_score"":100.0,""relevance_score_100"":100.0,""popularity_score_100"":39.44527905269777,""score_100"":75.7781116210791,""popularity_basis"":""BeatHit master-list game rank plus track position proxy""}"
47,Prison,Unknown credited artist,[],Star Wars (star-wars-master-system),,,"[""video game soundtrack""]","[""und""]",,,,STAR WARS Jedi Knight - Jedi Academy,,,khinsider_track_prominence_proxy,43.85527905269777,score_0_100,,,,75.7421116210791,,,,https://downloads.khinsider.com/game-soundtracks/album/star-wars-master-system,2026-10-05,Track title is taken from KHInsider's soundtrack/gamerip album index. Popularity is an explicitly labelled proxy based on BeatHit game rank and track prominence.,"{""culture_category"":""video_game_music"",""video_game"":""STAR WARS Jedi Knight - Jedi Academy"",""game_rank"":1295,""game_association_kind"":""khinsider_game_soundtrack"",""khinsider_album_url"":""https://downloads.khinsider.com/game-soundtracks/album/star-wars-master-system"",""khinsider_album_title"":""Star Wars (star-wars-master-system)"",""khinsider_album_kind"":""unclassified_game_album"",""khinsider_album_match_score"":100.0,""relevance_score_100"":97.0,""popularity_score_100"":43.85527905269777,""score_100"":75.7421116210791,""popularity_basis"":""BeatHit master-list game rank plus track position proxy""}"
48,Tatooine- Tusken Raider Atr01,Unknown credited artist,[],Star Wars: Jedi Knight - Jedi Academy (star-wars-jedi-knight-jedi-academy-gamerip),,,"[""video game soundtrack""]","[""und""]",,,,STAR WARS Jedi Knight - Jedi Academy,,,khinsider_track_prominence_proxy,39.23527905269776,score_0_100,,,,75.6941116210791,,,,https://downloads.khinsider.com/game-soundtracks/album/star-wars-jedi-knight-jedi-academy-gamerip,2026-10-05,Track title is taken from KHInsider's soundtrack/gamerip album index. Popularity is an explicitly labelled proxy based on BeatHit game rank and track prominence.,"{""culture_category"":""video_game_music"",""video_game"":""STAR WARS Jedi Knight - Jedi Academy"",""game_rank"":1295,""game_association_kind"":""khinsider_game_soundtrack"",""khinsider_album_url"":""https://downloads.khinsider.com/game-soundtracks/album/star-wars-jedi-knight-jedi-academy-gamerip"",""khinsider_album_title"":""Star Wars: Jedi Knight - Jedi Academy (star-wars-jedi-knight-jedi-academy-gamerip)"",""khinsider_album_kind"":""official_or_gamerip"",""khinsider_album_match_score"":100.0,""relevance_score_100"":100.0,""popularity_score_100"":39.23527905269776,""score_100"":75.6941116210791,""popularity_basis"":""BeatHit master-list game rank plus track position proxy""}"
49,Princess Leia,Unknown credited artist,[],Star Wars (star-wars-master-system),,,"[""video game soundtrack""]","[""und""]",,,,STAR WARS Jedi Knight - Jedi Academy,,,khinsider_track_prominence_proxy,43.64527905269777,score_0_100,,,,75.6581116210791,,,,https://downloads.khinsider.com/game-soundtracks/album/star-wars-master-system,2026-10-05,Track title is taken from KHInsider's soundtrack/gamerip album index. Popularity is an explicitly labelled proxy based on BeatHit game rank and track prominence.,"{""culture_category"":""video_game_music"",""video_game"":""STAR WARS Jedi Knight - Jedi Academy"",""game_rank"":1295,""game_association_kind"":""khinsider_game_soundtrack"",""khinsider_album_url"":""https://downloads.khinsider.com/game-soundtracks/album/star-wars-master-system"",""khinsider_album_title"":""Star Wars (star-wars-master-system)"",""khinsider_album_kind"":""unclassified_game_album"",""khinsider_album_match_score"":100.0,""relevance_score_100"":97.0,""popularity_score_100"":43.64527905269777,""score_100"":75.6581116210791,""popularity_basis"":""BeatHit master-list game rank plus track position proxy""}"
50,Tatooine- Tusken Raider Atr02,Unknown credited artist,[],Star Wars: Jedi Knight - Jedi Academy (star-wars-jedi-knight-jedi-academy-gamerip),,,"[""video game soundtrack""]","[""und""]",,,,STAR WARS Jedi Knight - Jedi Academy,,,khinsider_track_prominence_proxy,39.02527905269777,score_0_100,,,,75.61011162107911,,,,https://downloads.khinsider.com/game-soundtracks/album/star-wars-jedi-knight-jedi-academy-gamerip,2026-10-05,Track title is taken from KHInsider's soundtrack/gamerip album index. Popularity is an explicitly labelled proxy based on BeatHit game rank and track prominence.,"{""culture_category"":""video_game_music"",""video_game"":""STAR WARS Jedi Knight - Jedi Academy"",""game_rank"":1295,""game_association_kind"":""khinsider_game_soundtrack"",""khinsider_album_url"":""https://downloads.khinsider.com/game-soundtracks/album/star-wars-jedi-knight-jedi-academy-gamerip"",""khinsider_album_title"":""Star Wars: Jedi Knight - Jedi Academy (star-wars-jedi-knight-jedi-academy-gamerip)"",""khinsider_album_kind"":""official_or_gamerip"",""khinsider_album_match_score"":100.0,""relevance_score_100"":100.0,""popularity_score_100"":39.02527905269777,""score_100"":75.61011162107911,""popularity_basis"":""BeatHit master-list game rank plus track position proxy""}"
51,X-Wing,Unknown credited artist,[],Star Wars (star-wars-master-system),,,"[""video game soundtrack""]","[""und""]",,,,STAR WARS Jedi Knight - Jedi Academy,,,khinsider_track_prominence_proxy,43.435279052697766,score_0_100,,,,75.5741116210791,,,,https://downloads.khinsider.com/game-soundtracks/album/star-wars-master-system,2026-10-05,Track title is taken from KHInsider's soundtrack/gamerip album index. Popularity is an explicitly labelled proxy based on BeatHit game rank and track prominence.,"{""culture_category"":""video_game_music"",""video_game"":""STAR WARS Jedi Knight - Jedi Academy"",""game_rank"":1295,""game_association_kind"":""khinsider_game_soundtrack"",""khinsider_album_url"":""https://downloads.khinsider.com/game-soundtracks/album/star-wars-master-system"",""khinsider_album_title"":""Star Wars (star-wars-master-system)"",""khinsider_album_kind"":""unclassified_game_album"",""khinsider_album_match_score"":100.0,""relevance_score_100"":97.0,""popularity_score_100"":43.435279052697766,""score_100"":75.5741116210791,""popularity_basis"":""BeatHit master-list game rank plus track position proxy""}"
52,Tatooine- Tusken Raider Atr03,Unknown credited artist,[],Star Wars: Jedi Knight - Jedi Academy (star-wars-jedi-knight-jedi-academy-gamerip),,,"[""video game soundtrack""]","[""und""]",,,,STAR WARS Jedi Knight - Jedi Academy,,,khinsider_track_prominence_proxy,38.81527905269776,score_0_100,,,,75.52611162107911,,,,https://downloads.khinsider.com/game-soundtracks/album/star-wars-jedi-knight-jedi-academy-gamerip,2026-10-05,Track title is taken from KHInsider's soundtrack/gamerip album index. Popularity is an explicitly labelled proxy based on BeatHit game rank and track prominence.,"{""culture_category"":""video_game_music"",""video_game"":""STAR WARS Jedi Knight - Jedi Academy"",""game_rank"":1295,""game_association_kind"":""khinsider_game_soundtrack"",""khinsider_album_url"":""https://downloads.khinsider.com/game-soundtracks/album/star-wars-jedi-knight-jedi-academy-gamerip"",""khinsider_album_title"":""Star Wars: Jedi Knight - Jedi Academy (star-wars-jedi-knight-jedi-academy-gamerip)"",""khinsider_album_kind"":""official_or_gamerip"",""khinsider_album_match_score"":100.0,""relevance_score_100"":100.0,""popularity_score_100"":38.81527905269776,""score_100"":75.52611162107911,""popularity_basis"":""BeatHit master-list game rank plus track position proxy""}"
53,Ending,Unknown credited artist,[],Star Wars (star-wars-master-system),,,"[""video game soundtrack""]","[""und""]",,,,STAR WARS Jedi Knight - Jedi Academy,,,khinsider_track_prominence_proxy,43.225279052697765,score_0_100,,,,75.49011162107911,,,,https://downloads.khinsider.com/game-soundtracks/album/star-wars-master-system,2026-10-05,Track title is taken from KHInsider's soundtrack/gamerip album index. Popularity is an explicitly labelled proxy based on BeatHit game rank and track prominence.,"{""culture_category"":""video_game_music"",""video_game"":""STAR WARS Jedi Knight - Jedi Academy"",""game_rank"":1295,""game_association_kind"":""khinsider_game_soundtrack"",""khinsider_album_url"":""https://downloads.khinsider.com/game-soundtracks/album/star-wars-master-system"",""khinsider_album_title"":""Star Wars (star-wars-master-system)"",""khinsider_album_kind"":""unclassified_game_album"",""khinsider_album_match_score"":100.0,""relevance_score_100"":97.0,""popularity_score_100"":43.225279052697765,""score_100"":75.49011162107911,""popularity_basis"":""BeatHit master-list game rank plus track position proxy""}"
54,Bakura- New Republic Base Explore,Unknown credited artist,[],Star Wars: Jedi Knight - Jedi Academy (star-wars-jedi-knight-jedi-academy-gamerip),,,"[""video game soundtrack""]","[""und""]",,,,STAR WARS Jedi Knight - Jedi Academy,,,khinsider_track_prominence_proxy,38.60527905269777,score_0_100,,,,75.4421116210791,,,,https://downloads.khinsider.com/game-soundtracks/album/star-wars-jedi-knight-jedi-academy-gamerip,2026-10-05,Track title is taken from KHInsider's soundtrack/gamerip album index. Popularity is an explicitly labelled proxy based on BeatHit game rank and track prominence.,"{""culture_category"":""video_game_music"",""video_game"":""STAR WARS Jedi Knight - Jedi Academy"",""game_rank"":1295,""game_association_kind"":""khinsider_game_soundtrack"",""khinsider_album_url"":""https://downloads.khinsider.com/game-soundtracks/album/star-wars-jedi-knight-jedi-academy-gamerip"",""khinsider_album_title"":""Star Wars: Jedi Knight - Jedi Academy (star-wars-jedi-knight-jedi-academy-gamerip)"",""khinsider_album_kind"":""official_or_gamerip"",""khinsider_album_match_score"":100.0,""relevance_score_100"":100.0,""popularity_score_100"":38.60527905269777,""score_100"":75.4421116210791,""popularity_basis"":""BeatHit master-list game rank plus track position proxy""}"
55,Bakura- New Republic Base Etr00,Unknown credited artist,[],Star Wars: Jedi Knight - Jedi Academy (star-wars-jedi-knight-jedi-academy-gamerip),,,"[""video game soundtrack""]","[""und""]",,,,STAR WARS Jedi Knight - Jedi Academy,,,khinsider_track_prominence_proxy,38.39527905269777,score_0_100,,,,75.3581116210791,,,,https://downloads.khinsider.com/game-soundtracks/album/star-wars-jedi-knight-jedi-academy-gamerip,2026-10-05,Track title is taken from KHInsider's soundtrack/gamerip album index. Popularity is an explicitly labelled proxy based on BeatHit game rank and track prominence.,"{""culture_category"":""video_game_music"",""video_game"":""STAR WARS Jedi Knight - Jedi Academy"",""game_rank"":1295,""game_association_kind"":""khinsider_game_soundtrack"",""khinsider_album_url"":""https://downloads.khinsider.com/game-soundtracks/album/star-wars-jedi-knight-jedi-academy-gamerip"",""khinsider_album_title"":""Star Wars: Jedi Knight - Jedi Academy (star-wars-jedi-knight-jedi-academy-gamerip)"",""khinsider_album_kind"":""official_or_gamerip"",""khinsider_album_match_score"":100.0,""relevance_score_100"":100.0,""popularity_score_100"":38.39527905269777,""score_100"":75.3581116210791,""popularity_basis"":""BeatHit master-list game rank plus track position proxy""}"
56,Bakura- New Republic Base Etr01,Unknown credited artist,[],Star Wars: Jedi Knight - Jedi Academy (star-wars-jedi-knight-jedi-academy-gamerip),,,"[""video game soundtrack""]","[""und""]",,,,STAR WARS Jedi Knight - Jedi Academy,,,khinsider_track_prominence_proxy,38.185279052697766,score_0_100,,,,75.2741116210791,,,,https://downloads.khinsider.com/game-soundtracks/album/star-wars-jedi-knight-jedi-academy-gamerip,2026-10-05,Track title is taken from KHInsider's soundtrack/gamerip album index. Popularity is an explicitly labelled proxy based on BeatHit game rank and track prominence.,"{""culture_category"":""video_game_music"",""video_game"":""STAR WARS Jedi Knight - Jedi Academy"",""game_rank"":1295,""game_association_kind"":""khinsider_game_soundtrack"",""khinsider_album_url"":""https://downloads.khinsider.com/game-soundtracks/album/star-wars-jedi-knight-jedi-academy-gamerip"",""khinsider_album_title"":""Star Wars: Jedi Knight - Jedi Academy (star-wars-jedi-knight-jedi-academy-gamerip)"",""khinsider_album_kind"":""official_or_gamerip"",""khinsider_album_match_score"":100.0,""relevance_score_100"":100.0,""popularity_score_100"":38.185279052697766,""score_100"":75.2741116210791,""popularity_basis"":""BeatHit master-list game rank plus track position proxy""}"
57,Bakura- New Republic Base Action,Unknown credited artist,[],Star Wars: Jedi Knight - Jedi Academy (star-wars-jedi-knight-jedi-academy-gamerip),,,"[""video game soundtrack""]","[""und""]",,,,STAR WARS Jedi Knight - Jedi Academy,,,khinsider_track_prominence_proxy,37.975279052697765,score_0_100,,,,75.19011162107911,,,,https://downloads.khinsider.com/game-soundtracks/album/star-wars-jedi-knight-jedi-academy-gamerip,2026-10-05,Track title is taken from KHInsider's soundtrack/gamerip album index. Popularity is an explicitly labelled proxy based on BeatHit game rank and track prominence.,"{""culture_category"":""video_game_music"",""video_game"":""STAR WARS Jedi Knight - Jedi Academy"",""game_rank"":1295,""game_association_kind"":""khinsider_game_soundtrack"",""khinsider_album_url"":""https://downloads.khinsider.com/game-soundtracks/album/star-wars-jedi-knight-jedi-academy-gamerip"",""khinsider_album_title"":""Star Wars: Jedi Knight - Jedi Academy (star-wars-jedi-knight-jedi-academy-gamerip)"",""khinsider_album_kind"":""official_or_gamerip"",""khinsider_album_match_score"":100.0,""relevance_score_100"":100.0,""popularity_score_100"":37.975279052697765,""score_100"":75.19011162107911,""popularity_basis"":""BeatHit master-list game rank plus track position proxy""}"
58,Bakura- New Republic Base Atr00,Unknown credited artist,[],Star Wars: Jedi Knight - Jedi Academy (star-wars-jedi-knight-jedi-academy-gamerip),,,"[""video game soundtrack""]","[""und""]",,,,STAR WARS Jedi Knight - Jedi Academy,,,khinsider_track_prominence_proxy,37.765279052697764,score_0_100,,,,75.10611162107911,,,,https://downloads.khinsider.com/game-soundtracks/album/star-wars-jedi-knight-jedi-academy-gamerip,2026-10-05,Track title is taken from KHInsider's soundtrack/gamerip album index. Popularity is an explicitly labelled proxy based on BeatHit game rank and track prominence.,"{""culture_category"":""video_game_music"",""video_game"":""STAR WARS Jedi Knight - Jedi Academy"",""game_rank"":1295,""game_association_kind"":""khinsider_game_soundtrack"",""khinsider_album_url"":""https://downloads.khinsider.com/game-soundtracks/album/star-wars-jedi-knight-jedi-academy-gamerip"",""khinsider_album_title"":""Star Wars: Jedi Knight - Jedi Academy (star-wars-jedi-knight-jedi-academy-gamerip)"",""khinsider_album_kind"":""official_or_gamerip"",""khinsider_album_match_score"":100.0,""relevance_score_100"":100.0,""popularity_score_100"":37.765279052697764,""score_100"":75.10611162107911,""popularity_basis"":""BeatHit master-list game rank plus track position proxy""}"
59,Bakura- New Republic Base Atr01,Unknown credited artist,[],Star Wars: Jedi Knight - Jedi Academy (star-wars-jedi-knight-jedi-academy-gamerip),,,"[""video game soundtrack""]","[""und""]",,,,STAR WARS Jedi Knight - Jedi Academy,,,khinsider_track_prominence_proxy,37.55527905269777,score_0_100,,,,75.0221116210791,,,,https://downloads.khinsider.com/game-soundtracks/album/star-wars-jedi-knight-jedi-academy-gamerip,2026-10-05,Track title is taken from KHInsider's soundtrack/gamerip album index. Popularity is an explicitly labelled proxy based on BeatHit game rank and track prominence.,"{""culture_category"":""video_game_music"",""video_game"":""STAR WARS Jedi Knight - Jedi Academy"",""game_rank"":1295,""game_association_kind"":""khinsider_game_soundtrack"",""khinsider_album_url"":""https://downloads.khinsider.com/game-soundtracks/album/star-wars-jedi-knight-jedi-academy-gamerip"",""khinsider_album_title"":""Star Wars: Jedi Knight - Jedi Academy (star-wars-jedi-knight-jedi-academy-gamerip)"",""khinsider_album_kind"":""official_or_gamerip"",""khinsider_album_match_score"":100.0,""relevance_score_100"":100.0,""popularity_score_100"":37.55527905269777,""score_100"":75.0221116210791,""popularity_basis"":""BeatHit master-list game rank plus track position proxy""}"
60,Bakura- New Republic Base Atr02,Unknown credited artist,[],Star Wars: Jedi Knight - Jedi Academy (star-wars-jedi-knight-jedi-academy-gamerip),,,"[""video game soundtrack""]","[""und""]",,,,STAR WARS Jedi Knight - Jedi Academy,,,khinsider_track_prominence_proxy,37.34527905269776,score_0_100,,,,74.9381116210791,,,,https://downloads.khinsider.com/game-soundtracks/album/star-wars-jedi-knight-jedi-academy-gamerip,2026-10-05,Track title is taken from KHInsider's soundtrack/gamerip album index. Popularity is an explicitly labelled proxy based on BeatHit game rank and track prominence.,"{""culture_category"":""video_game_music"",""video_game"":""STAR WARS Jedi Knight - Jedi Academy"",""game_rank"":1295,""game_association_kind"":""khinsider_game_soundtrack"",""khinsider_album_url"":""https://downloads.khinsider.com/game-soundtracks/album/star-wars-jedi-knight-jedi-academy-gamerip"",""khinsider_album_title"":""Star Wars: Jedi Knight - Jedi Academy (star-wars-jedi-knight-jedi-academy-gamerip)"",""khinsider_album_kind"":""official_or_gamerip"",""khinsider_album_match_score"":100.0,""relevance_score_100"":100.0,""popularity_score_100"":37.34527905269776,""score_100"":74.9381116210791,""popularity_basis"":""BeatHit master-list game rank plus track position proxy""}"
61,Bakura- New Republic Base Atr03,Unknown credited artist,[],Star Wars: Jedi Knight - Jedi Academy (star-wars-jedi-knight-jedi-academy-gamerip),,,"[""video game soundtrack""]","[""und""]",,,,STAR WARS Jedi Knight - Jedi Academy,,,khinsider_track_prominence_proxy,37.13527905269777,score_0_100,,,,74.85411162107911,,,,https://downloads.khinsider.com/game-soundtracks/album/star-wars-jedi-knight-jedi-academy-gamerip,2026-10-05,Track title is taken from KHInsider's soundtrack/gamerip album index. Popularity is an explicitly labelled proxy based on BeatHit game rank and track prominence.,"{""culture_category"":""video_game_music"",""video_game"":""STAR WARS Jedi Knight - Jedi Academy"",""game_rank"":1295,""game_association_kind"":""khinsider_game_soundtrack"",""khinsider_album_url"":""https://downloads.khinsider.com/game-soundtracks/album/star-wars-jedi-knight-jedi-academy-gamerip"",""khinsider_album_title"":""Star Wars: Jedi Knight - Jedi Academy (star-wars-jedi-knight-jedi-academy-gamerip)"",""khinsider_album_kind"":""official_or_gamerip"",""khinsider_album_match_score"":100.0,""relevance_score_100"":100.0,""popularity_score_100"":37.13527905269777,""score_100"":74.85411162107911,""popularity_basis"":""BeatHit master-list game rank plus track position proxy""}"
62,Corellia- Stop the Tram,Unknown credited artist,[],Star Wars: Jedi Knight - Jedi Academy (star-wars-jedi-knight-jedi-academy-gamerip),,,"[""video game soundtrack""]","[""und""]",,,,STAR WARS Jedi Knight - Jedi Academy,,,khinsider_track_prominence_proxy,36.92527905269776,score_0_100,,,,74.77011162107911,,,,https://downloads.khinsider.com/game-soundtracks/album/star-wars-jedi-knight-jedi-academy-gamerip,2026-10-05,Track title is taken from KHInsider's soundtrack/gamerip album index. Popularity is an explicitly labelled proxy based on BeatHit game rank and track prominence.,"{""culture_category"":""video_game_music"",""video_game"":""STAR WARS Jedi Knight - Jedi Academy"",""game_rank"":1295,""game_association_kind"":""khinsider_game_soundtrack"",""khinsider_album_url"":""https://downloads.khinsider.com/game-soundtracks/album/star-wars-jedi-knight-jedi-academy-gamerip"",""khinsider_album_title"":""Star Wars: Jedi Knight - Jedi Academy (star-wars-jedi-knight-jedi-academy-gamerip)"",""khinsider_album_kind"":""official_or_gamerip"",""khinsider_album_match_score"":100.0,""relevance_score_100"":100.0,""popularity_score_100"":36.92527905269776,""score_100"":74.77011162107911,""popularity_basis"":""BeatHit master-list game rank plus track position proxy""}"
63,Hoth- Echo Base Explore,Unknown credited artist,[],Star Wars: Jedi Knight - Jedi Academy (star-wars-jedi-knight-jedi-academy-gamerip),,,"[""video game soundtrack""]","[""und""]",,,,STAR WARS Jedi Knight - Jedi Academy,,,khinsider_track_prominence_proxy,36.71527905269777,score_0_100,,,,74.6861116210791,,,,https://downloads.khinsider.com/game-soundtracks/album/star-wars-jedi-knight-jedi-academy-gamerip,2026-10-05,Track title is taken from KHInsider's soundtrack/gamerip album index. Popularity is an explicitly labelled proxy based on BeatHit game rank and track prominence.,"{""culture_category"":""video_game_music"",""video_game"":""STAR WARS Jedi Knight - Jedi Academy"",""game_rank"":1295,""game_association_kind"":""khinsider_game_soundtrack"",""khinsider_album_url"":""https://downloads.khinsider.com/game-soundtracks/album/star-wars-jedi-knight-jedi-academy-gamerip"",""khinsider_album_title"":""Star Wars: Jedi Knight - Jedi Academy (star-wars-jedi-knight-jedi-academy-gamerip)"",""khinsider_album_kind"":""official_or_gamerip"",""khinsider_album_match_score"":100.0,""relevance_score_100"":100.0,""popularity_score_100"":36.71527905269777,""score_100"":74.6861116210791,""popularity_basis"":""BeatHit master-list game rank plus track position proxy""}"
64,Hoth- Echo Base Etr00,Unknown credited artist,[],Star Wars: Jedi Knight - Jedi Academy (star-wars-jedi-knight-jedi-academy-gamerip),,,"[""video game soundtrack""]","[""und""]",,,,STAR WARS Jedi Knight - Jedi Academy,,,khinsider_track_prominence_proxy,36.50527905269777,score_0_100,,,,74.6021116210791,,,,https://downloads.khinsider.com/game-soundtracks/album/star-wars-jedi-knight-jedi-academy-gamerip,2026-10-05,Track title is taken from KHInsider's soundtrack/gamerip album index. Popularity is an explicitly labelled proxy based on BeatHit game rank and track prominence.,"{""culture_category"":""video_game_music"",""video_game"":""STAR WARS Jedi Knight - Jedi Academy"",""game_rank"":1295,""game_association_kind"":""khinsider_game_soundtrack"",""khinsider_album_url"":""https://downloads.khinsider.com/game-soundtracks/album/star-wars-jedi-knight-jedi-academy-gamerip"",""khinsider_album_title"":""Star Wars: Jedi Knight - Jedi Academy (star-wars-jedi-knight-jedi-academy-gamerip)"",""khinsider_album_kind"":""official_or_gamerip"",""khinsider_album_match_score"":100.0,""relevance_score_100"":100.0,""popularity_score_100"":36.50527905269777,""score_100"":74.6021116210791,""popularity_basis"":""BeatHit master-list game rank plus track position proxy""}"
65,Hoth- Echo Base Etr01,Unknown credited artist,[],Star Wars: Jedi Knight - Jedi Academy (star-wars-jedi-knight-jedi-academy-gamerip),,,"[""video game soundtrack""]","[""und""]",,,,STAR WARS Jedi Knight - Jedi Academy,,,khinsider_track_prominence_proxy,36.295279052697765,score_0_100,,,,74.5181116210791,,,,https://downloads.khinsider.com/game-soundtracks/album/star-wars-jedi-knight-jedi-academy-gamerip,2026-10-05,Track title is taken from KHInsider's soundtrack/gamerip album index. Popularity is an explicitly labelled proxy based on BeatHit game rank and track prominence.,"{""culture_category"":""video_game_music"",""video_game"":""STAR WARS Jedi Knight - Jedi Academy"",""game_rank"":1295,""game_association_kind"":""khinsider_game_soundtrack"",""khinsider_album_url"":""https://downloads.khinsider.com/game-soundtracks/album/star-wars-jedi-knight-jedi-academy-gamerip"",""khinsider_album_title"":""Star Wars: Jedi Knight - Jedi Academy (star-wars-jedi-knight-jedi-academy-gamerip)"",""khinsider_album_kind"":""official_or_gamerip"",""khinsider_album_match_score"":100.0,""relevance_score_100"":100.0,""popularity_score_100"":36.295279052697765,""score_100"":74.5181116210791,""popularity_basis"":""BeatHit master-list game rank plus track position proxy""}"
66,Hoth- Echo Base Action,Unknown credited artist,[],Star Wars: Jedi Knight - Jedi Academy (star-wars-jedi-knight-jedi-academy-gamerip),,,"[""video game soundtrack""]","[""und""]",,,,STAR WARS Jedi Knight - Jedi Academy,,,khinsider_track_prominence_proxy,36.08527905269777,score_0_100,,,,74.43411162107911,,,,https://downloads.khinsider.com/game-soundtracks/album/star-wars-jedi-knight-jedi-academy-gamerip,2026-10-05,Track title is taken from KHInsider's soundtrack/gamerip album index. Popularity is an explicitly labelled proxy based on BeatHit game rank and track prominence.,"{""culture_category"":""video_game_music"",""video_game"":""STAR WARS Jedi Knight - Jedi Academy"",""game_rank"":1295,""game_association_kind"":""khinsider_game_soundtrack"",""khinsider_album_url"":""https://downloads.khinsider.com/game-soundtracks/album/star-wars-jedi-knight-jedi-academy-gamerip"",""khinsider_album_title"":""Star Wars: Jedi Knight - Jedi Academy (star-wars-jedi-knight-jedi-academy-gamerip)"",""khinsider_album_kind"":""official_or_gamerip"",""khinsider_album_match_score"":100.0,""relevance_score_100"":100.0,""popularity_score_100"":36.08527905269777,""score_100"":74.43411162107911,""popularity_basis"":""BeatHit master-list game rank plus track position proxy""}"
67,Hoth- Echo Base Atr00,Unknown credited artist,[],Star Wars: Jedi Knight - Jedi Academy (star-wars-jedi-knight-jedi-academy-gamerip),,,"[""video game soundtrack""]","[""und""]",,,,STAR WARS Jedi Knight - Jedi Academy,,,khinsider_track_prominence_proxy,35.87527905269777,score_0_100,,,,74.35011162107911,,,,https://downloads.khinsider.com/game-soundtracks/album/star-wars-jedi-knight-jedi-academy-gamerip,2026-10-05,Track title is taken from KHInsider's soundtrack/gamerip album index. Popularity is an explicitly labelled proxy based on BeatHit game rank and track prominence.,"{""culture_category"":""video_game_music"",""video_game"":""STAR WARS Jedi Knight - Jedi Academy"",""game_rank"":1295,""game_association_kind"":""khinsider_game_soundtrack"",""khinsider_album_url"":""https://downloads.khinsider.com/game-soundtracks/album/star-wars-jedi-knight-jedi-academy-gamerip"",""khinsider_album_title"":""Star Wars: Jedi Knight - Jedi Academy (star-wars-jedi-knight-jedi-academy-gamerip)"",""khinsider_album_kind"":""official_or_gamerip"",""khinsider_album_match_score"":100.0,""relevance_score_100"":100.0,""popularity_score_100"":35.87527905269777,""score_100"":74.35011162107911,""popularity_basis"":""BeatHit master-list game rank plus track position proxy""}"
68,Hoth- Echo Base Atr01,Unknown credited artist,[],Star Wars: Jedi Knight - Jedi Academy (star-wars-jedi-knight-jedi-academy-gamerip),,,"[""video game soundtrack""]","[""und""]",,,,STAR WARS Jedi Knight - Jedi Academy,,,khinsider_track_prominence_proxy,35.66527905269777,score_0_100,,,,74.2661116210791,,,,https://downloads.khinsider.com/game-soundtracks/album/star-wars-jedi-knight-jedi-academy-gamerip,2026-10-05,Track title is taken from KHInsider's soundtrack/gamerip album index. Popularity is an explicitly labelled proxy based on BeatHit game rank and track prominence.,"{""culture_category"":""video_game_music"",""video_game"":""STAR WARS Jedi Knight - Jedi Academy"",""game_rank"":1295,""game_association_kind"":""khinsider_game_soundtrack"",""khinsider_album_url"":""https://downloads.khinsider.com/game-soundtracks/album/star-wars-jedi-knight-jedi-academy-gamerip"",""khinsider_album_title"":""Star Wars: Jedi Knight - Jedi Academy (star-wars-jedi-knight-jedi-academy-gamerip)"",""khinsider_album_kind"":""official_or_gamerip"",""khinsider_album_match_score"":100.0,""relevance_score_100"":100.0,""popularity_score_100"":35.66527905269777,""score_100"":74.2661116210791,""popularity_basis"":""BeatHit master-list game rank plus track position proxy""}"
69,Hoth- Echo Base Atr02,Unknown credited artist,[],Star Wars: Jedi Knight - Jedi Academy (star-wars-jedi-knight-jedi-academy-gamerip),,,"[""video game soundtrack""]","[""und""]",,,,STAR WARS Jedi Knight - Jedi Academy,,,khinsider_track_prominence_proxy,35.45527905269777,score_0_100,,,,74.18211162107912,,,,https://downloads.khinsider.com/game-soundtracks/album/star-wars-jedi-knight-jedi-academy-gamerip,2026-10-05,Track title is taken from KHInsider's soundtrack/gamerip album index. Popularity is an explicitly labelled proxy based on BeatHit game rank and track prominence.,"{""culture_category"":""video_game_music"",""video_game"":""STAR WARS Jedi Knight - Jedi Academy"",""game_rank"":1295,""game_association_kind"":""khinsider_game_soundtrack"",""khinsider_album_url"":""https://downloads.khinsider.com/game-soundtracks/album/star-wars-jedi-knight-jedi-academy-gamerip"",""khinsider_album_title"":""Star Wars: Jedi Knight - Jedi Academy (star-wars-jedi-knight-jedi-academy-gamerip)"",""khinsider_album_kind"":""official_or_gamerip"",""khinsider_album_match_score"":100.0,""relevance_score_100"":100.0,""popularity_score_100"":35.45527905269777,""score_100"":74.18211162107912,""popularity_basis"":""BeatHit master-list game rank plus track position proxy""}"
70,Hoth- Echo Base Atr03,Unknown credited artist,[],Star Wars: Jedi Knight - Jedi Academy (star-wars-jedi-knight-jedi-academy-gamerip),,,"[""video game soundtrack""]","[""und""]",,,,STAR WARS Jedi Knight - Jedi Academy,,,khinsider_track_prominence_proxy,35.24527905269777,score_0_100,,,,74.09811162107911,,,,https://downloads.khinsider.com/game-soundtracks/album/star-wars-jedi-knight-jedi-academy-gamerip,2026-10-05,Track title is taken from KHInsider's soundtrack/gamerip album index. Popularity is an explicitly labelled proxy based on BeatHit game rank and track prominence.,"{""culture_category"":""video_game_music"",""video_game"":""STAR WARS Jedi Knight - Jedi Academy"",""game_rank"":1295,""game_association_kind"":""khinsider_game_soundtrack"",""khinsider_album_url"":""https://downloads.khinsider.com/game-soundtracks/album/star-wars-jedi-knight-jedi-academy-gamerip"",""khinsider_album_title"":""Star Wars: Jedi Knight - Jedi Academy (star-wars-jedi-knight-jedi-academy-gamerip)"",""khinsider_album_kind"":""official_or_gamerip"",""khinsider_album_match_score"":100.0,""relevance_score_100"":100.0,""popularity_score_100"":35.24527905269777,""score_100"":74.09811162107911,""popularity_basis"":""BeatHit master-list game rank plus track position proxy""}"
71,Nar Kreeta- Rancor Explore,Unknown credited artist,[],Star Wars: Jedi Knight - Jedi Academy (star-wars-jedi-knight-jedi-academy-gamerip),,,"[""video game soundtrack""]","[""und""]",,,,STAR WARS Jedi Knight - Jedi Academy,,,khinsider_track_prominence_proxy,35.03527905269777,score_0_100,,,,74.01411162107911,,,,https://downloads.khinsider.com/game-soundtracks/album/star-wars-jedi-knight-jedi-academy-gamerip,2026-10-05,Track title is taken from KHInsider's soundtrack/gamerip album index. Popularity is an explicitly labelled proxy based on BeatHit game rank and track prominence.,"{""culture_category"":""video_game_music"",""video_game"":""STAR WARS Jedi Knight - Jedi Academy"",""game_rank"":1295,""game_association_kind"":""khinsider_game_soundtrack"",""khinsider_album_url"":""https://downloads.khinsider.com/game-soundtracks/album/star-wars-jedi-knight-jedi-academy-gamerip"",""khinsider_album_title"":""Star Wars: Jedi Knight - Jedi Academy (star-wars-jedi-knight-jedi-academy-gamerip)"",""khinsider_album_kind"":""official_or_gamerip"",""khinsider_album_match_score"":100.0,""relevance_score_100"":100.0,""popularity_score_100"":35.03527905269777,""score_100"":74.01411162107911,""popularity_basis"":""BeatHit master-list game rank plus track position proxy""}"
72,Nar Kreeta- Rancor Etr00,Unknown credited artist,[],Star Wars: Jedi Knight - Jedi Academy (star-wars-jedi-knight-jedi-academy-gamerip),,,"[""video game soundtrack""]","[""und""]",,,,STAR WARS Jedi Knight - Jedi Academy,,,khinsider_track_prominence_proxy,34.825279052697766,score_0_100,,,,73.9301116210791,,,,https://downloads.khinsider.com/game-soundtracks/album/star-wars-jedi-knight-jedi-academy-gamerip,2026-10-05,Track title is taken from KHInsider's soundtrack/gamerip album index. Popularity is an explicitly labelled proxy based on BeatHit game rank and track prominence.,"{""culture_category"":""video_game_music"",""video_game"":""STAR WARS Jedi Knight - Jedi Academy"",""game_rank"":1295,""game_association_kind"":""khinsider_game_soundtrack"",""khinsider_album_url"":""https://downloads.khinsider.com/game-soundtracks/album/star-wars-jedi-knight-jedi-academy-gamerip"",""khinsider_album_title"":""Star Wars: Jedi Knight - Jedi Academy (star-wars-jedi-knight-jedi-academy-gamerip)"",""khinsider_album_kind"":""official_or_gamerip"",""khinsider_album_match_score"":100.0,""relevance_score_100"":100.0,""popularity_score_100"":34.825279052697766,""score_100"":73.9301116210791,""popularity_basis"":""BeatHit master-list game rank plus track position proxy""}"
73,Nar Kreeta- Rancor Etr01,Unknown credited artist,[],Star Wars: Jedi Knight - Jedi Academy (star-wars-jedi-knight-jedi-academy-gamerip),,,"[""video game soundtrack""]","[""und""]",,,,STAR WARS Jedi Knight - Jedi Academy,,,khinsider_track_prominence_proxy,34.615279052697765,score_0_100,,,,73.8461116210791,,,,https://downloads.khinsider.com/game-soundtracks/album/star-wars-jedi-knight-jedi-academy-gamerip,2026-10-05,Track title is taken from KHInsider's soundtrack/gamerip album index. Popularity is an explicitly labelled proxy based on BeatHit game rank and track prominence.,"{""culture_category"":""video_game_music"",""video_game"":""STAR WARS Jedi Knight - Jedi Academy"",""game_rank"":1295,""game_association_kind"":""khinsider_game_soundtrack"",""khinsider_album_url"":""https://downloads.khinsider.com/game-soundtracks/album/star-wars-jedi-knight-jedi-academy-gamerip"",""khinsider_album_title"":""Star Wars: Jedi Knight - Jedi Academy (star-wars-jedi-knight-jedi-academy-gamerip)"",""khinsider_album_kind"":""official_or_gamerip"",""khinsider_album_match_score"":100.0,""relevance_score_100"":100.0,""popularity_score_100"":34.615279052697765,""score_100"":73.8461116210791,""popularity_basis"":""BeatHit master-list game rank plus track position proxy""}"
74,Nar Kreeta- Rancor Action,Unknown credited artist,[],Star Wars: Jedi Knight - Jedi Academy (star-wars-jedi-knight-jedi-academy-gamerip),,,"[""video game soundtrack""]","[""und""]",,,,STAR WARS Jedi Knight - Jedi Academy,,,khinsider_track_prominence_proxy,34.405279052697765,score_0_100,,,,73.7621116210791,,,,https://downloads.khinsider.com/game-soundtracks/album/star-wars-jedi-knight-jedi-academy-gamerip,2026-10-05,Track title is taken from KHInsider's soundtrack/gamerip album index. Popularity is an explicitly labelled proxy based on BeatHit game rank and track prominence.,"{""culture_category"":""video_game_music"",""video_game"":""STAR WARS Jedi Knight - Jedi Academy"",""game_rank"":1295,""game_association_kind"":""khinsider_game_soundtrack"",""khinsider_album_url"":""https://downloads.khinsider.com/game-soundtracks/album/star-wars-jedi-knight-jedi-academy-gamerip"",""khinsider_album_title"":""Star Wars: Jedi Knight - Jedi Academy (star-wars-jedi-knight-jedi-academy-gamerip)"",""khinsider_album_kind"":""official_or_gamerip"",""khinsider_album_match_score"":100.0,""relevance_score_100"":100.0,""popularity_score_100"":34.405279052697765,""score_100"":73.7621116210791,""popularity_basis"":""BeatHit master-list game rank plus track position proxy""}"
75,Nar Kreeta- Rancor Atr00,Unknown credited artist,[],Star Wars: Jedi Knight - Jedi Academy (star-wars-jedi-knight-jedi-academy-gamerip),,,"[""video game soundtrack""]","[""und""]",,,,STAR WARS Jedi Knight - Jedi Academy,,,khinsider_track_prominence_proxy,34.19527905269777,score_0_100,,,,73.67811162107911,,,,https://downloads.khinsider.com/game-soundtracks/album/star-wars-jedi-knight-jedi-academy-gamerip,2026-10-05,Track title is taken from KHInsider's soundtrack/gamerip album index. Popularity is an explicitly labelled proxy based on BeatHit game rank and track prominence.,"{""culture_category"":""video_game_music"",""video_game"":""STAR WARS Jedi Knight - Jedi Academy"",""game_rank"":1295,""game_association_kind"":""khinsider_game_soundtrack"",""khinsider_album_url"":""https://downloads.khinsider.com/game-soundtracks/album/star-wars-jedi-knight-jedi-academy-gamerip"",""khinsider_album_title"":""Star Wars: Jedi Knight - Jedi Academy (star-wars-jedi-knight-jedi-academy-gamerip)"",""khinsider_album_kind"":""official_or_gamerip"",""khinsider_album_match_score"":100.0,""relevance_score_100"":100.0,""popularity_score_100"":34.19527905269777,""score_100"":73.67811162107911,""popularity_basis"":""BeatHit master-list game rank plus track position proxy""}"
76,Nar Kreeta- Rancor Atr01,Unknown credited artist,[],Star Wars: Jedi Knight - Jedi Academy (star-wars-jedi-knight-jedi-academy-gamerip),,,"[""video game soundtrack""]","[""und""]",,,,STAR WARS Jedi Knight - Jedi Academy,,,khinsider_track_prominence_proxy,33.98527905269776,score_0_100,,,,73.59411162107911,,,,https://downloads.khinsider.com/game-soundtracks/album/star-wars-jedi-knight-jedi-academy-gamerip,2026-10-05,Track title is taken from KHInsider's soundtrack/gamerip album index. Popularity is an explicitly labelled proxy based on BeatHit game rank and track prominence.,"{""culture_category"":""video_game_music"",""video_game"":""STAR WARS Jedi Knight - Jedi Academy"",""game_rank"":1295,""game_association_kind"":""khinsider_game_soundtrack"",""khinsider_album_url"":""https://downloads.khinsider.com/game-soundtracks/album/star-wars-jedi-knight-jedi-academy-gamerip"",""khinsider_album_title"":""Star Wars: Jedi Knight - Jedi Academy (star-wars-jedi-knight-jedi-academy-gamerip)"",""khinsider_album_kind"":""official_or_gamerip"",""khinsider_album_match_score"":100.0,""relevance_score_100"":100.0,""popularity_score_100"":33.98527905269776,""score_100"":73.59411162107911,""popularity_basis"":""BeatHit master-list game rank plus track position proxy""}"
77,Nar Kreeta- Rancor Atr02,Unknown credited artist,[],Star Wars: Jedi Knight - Jedi Academy (star-wars-jedi-knight-jedi-academy-gamerip),,,"[""video game soundtrack""]","[""und""]",,,,STAR WARS Jedi Knight - Jedi Academy,,,khinsider_track_prominence_proxy,33.77527905269777,score_0_100,,,,73.5101116210791,,,,https://downloads.khinsider.com/game-soundtracks/album/star-wars-jedi-knight-jedi-academy-gamerip,2026-10-05,Track title is taken from KHInsider's soundtrack/gamerip album index. Popularity is an explicitly labelled proxy based on BeatHit game rank and track prominence.,"{""culture_category"":""video_game_music"",""video_game"":""STAR WARS Jedi Knight - Jedi Academy"",""game_rank"":1295,""game_association_kind"":""khinsider_game_soundtrack"",""khinsider_album_url"":""https://downloads.khinsider.com/game-soundtracks/album/star-wars-jedi-knight-jedi-academy-gamerip"",""khinsider_album_title"":""Star Wars: Jedi Knight - Jedi Academy (star-wars-jedi-knight-jedi-academy-gamerip)"",""khinsider_album_kind"":""official_or_gamerip"",""khinsider_album_match_score"":100.0,""relevance_score_100"":100.0,""popularity_score_100"":33.77527905269777,""score_100"":73.5101116210791,""popularity_basis"":""BeatHit master-list game rank plus track position proxy""}"
78,Kril'Dor- Rogue Squadron Explore,Unknown credited artist,[],Star Wars: Jedi Knight - Jedi Academy (star-wars-jedi-knight-jedi-academy-gamerip),,,"[""video game soundtrack""]","[""und""]",,,,STAR WARS Jedi Knight - Jedi Academy,,,khinsider_track_prominence_proxy,33.56527905269777,score_0_100,,,,73.42611162107912,,,,https://downloads.khinsider.com/game-soundtracks/album/star-wars-jedi-knight-jedi-academy-gamerip,2026-10-05,Track title is taken from KHInsider's soundtrack/gamerip album index. Popularity is an explicitly labelled proxy based on BeatHit game rank and track prominence.,"{""culture_category"":""video_game_music"",""video_game"":""STAR WARS Jedi Knight - Jedi Academy"",""game_rank"":1295,""game_association_kind"":""khinsider_game_soundtrack"",""khinsider_album_url"":""https://downloads.khinsider.com/game-soundtracks/album/star-wars-jedi-knight-jedi-academy-gamerip"",""khinsider_album_title"":""Star Wars: Jedi Knight - Jedi Academy (star-wars-jedi-knight-jedi-academy-gamerip)"",""khinsider_album_kind"":""official_or_gamerip"",""khinsider_album_match_score"":100.0,""relevance_score_100"":100.0,""popularity_score_100"":33.56527905269777,""score_100"":73.42611162107912,""popularity_basis"":""BeatHit master-list game rank plus track position proxy""}"
79,Kril'Dor- Rogue Squadron Etr00,Unknown credited artist,[],Star Wars: Jedi Knight - Jedi Academy (star-wars-jedi-knight-jedi-academy-gamerip),,,"[""video game soundtrack""]","[""und""]",,,,STAR WARS Jedi Knight - Jedi Academy,,,khinsider_track_prominence_proxy,33.35527905269777,score_0_100,,,,73.34211162107911,,,,https://downloads.khinsider.com/game-soundtracks/album/star-wars-jedi-knight-jedi-academy-gamerip,2026-10-05,Track title is taken from KHInsider's soundtrack/gamerip album index. Popularity is an explicitly labelled proxy based on BeatHit game rank and track prominence.,"{""culture_category"":""video_game_music"",""video_game"":""STAR WARS Jedi Knight - Jedi Academy"",""game_rank"":1295,""game_association_kind"":""khinsider_game_soundtrack"",""khinsider_album_url"":""https://downloads.khinsider.com/game-soundtracks/album/star-wars-jedi-knight-jedi-academy-gamerip"",""khinsider_album_title"":""Star Wars: Jedi Knight - Jedi Academy (star-wars-jedi-knight-jedi-academy-gamerip)"",""khinsider_album_kind"":""official_or_gamerip"",""khinsider_album_match_score"":100.0,""relevance_score_100"":100.0,""popularity_score_100"":33.35527905269777,""score_100"":73.34211162107911,""popularity_basis"":""BeatHit master-list game rank plus track position proxy""}"
80,Kril'Dor- Rogue Squadron Etr01,Unknown credited artist,[],Star Wars: Jedi Knight - Jedi Academy (star-wars-jedi-knight-jedi-academy-gamerip),,,"[""video game soundtrack""]","[""und""]",,,,STAR WARS Jedi Knight - Jedi Academy,,,khinsider_track_prominence_proxy,33.14527905269777,score_0_100,,,,73.25811162107911,,,,https://downloads.khinsider.com/game-soundtracks/album/star-wars-jedi-knight-jedi-academy-gamerip,2026-10-05,Track title is taken from KHInsider's soundtrack/gamerip album index. Popularity is an explicitly labelled proxy based on BeatHit game rank and track prominence.,"{""culture_category"":""video_game_music"",""video_game"":""STAR WARS Jedi Knight - Jedi Academy"",""game_rank"":1295,""game_association_kind"":""khinsider_game_soundtrack"",""khinsider_album_url"":""https://downloads.khinsider.com/game-soundtracks/album/star-wars-jedi-knight-jedi-academy-gamerip"",""khinsider_album_title"":""Star Wars: Jedi Knight - Jedi Academy (star-wars-jedi-knight-jedi-academy-gamerip)"",""khinsider_album_kind"":""official_or_gamerip"",""khinsider_album_match_score"":100.0,""relevance_score_100"":100.0,""popularity_score_100"":33.14527905269777,""score_100"":73.25811162107911,""popularity_basis"":""BeatHit master-list game rank plus track position proxy""}"
81,Kril'Dor- Rogue Squadron Action,Unknown credited artist,[],Star Wars: Jedi Knight - Jedi Academy (star-wars-jedi-knight-jedi-academy-gamerip),,,"[""video game soundtrack""]","[""und""]",,,,STAR WARS Jedi Knight - Jedi Academy,,,khinsider_track_prominence_proxy,32.935279052697766,score_0_100,,,,73.1741116210791,,,,https://downloads.khinsider.com/game-soundtracks/album/star-wars-jedi-knight-jedi-academy-gamerip,2026-10-05,Track title is taken from KHInsider's soundtrack/gamerip album index. Popularity is an explicitly labelled proxy based on BeatHit game rank and track prominence.,"{""culture_category"":""video_game_music"",""video_game"":""STAR WARS Jedi Knight - Jedi Academy"",""game_rank"":1295,""game_association_kind"":""khinsider_game_soundtrack"",""khinsider_album_url"":""https://downloads.khinsider.com/game-soundtracks/album/star-wars-jedi-knight-jedi-academy-gamerip"",""khinsider_album_title"":""Star Wars: Jedi Knight - Jedi Academy (star-wars-jedi-knight-jedi-academy-gamerip)"",""khinsider_album_kind"":""official_or_gamerip"",""khinsider_album_match_score"":100.0,""relevance_score_100"":100.0,""popularity_score_100"":32.935279052697766,""score_100"":73.1741116210791,""popularity_basis"":""BeatHit master-list game rank plus track position proxy""}"
82,Kril'Dor- Rogue Squadron Atr00,Unknown credited artist,[],Star Wars: Jedi Knight - Jedi Academy (star-wars-jedi-knight-jedi-academy-gamerip),,,"[""video game soundtrack""]","[""und""]",,,,STAR WARS Jedi Knight - Jedi Academy,,,khinsider_track_prominence_proxy,32.72527905269777,score_0_100,,,,73.0901116210791,,,,https://downloads.khinsider.com/game-soundtracks/album/star-wars-jedi-knight-jedi-academy-gamerip,2026-10-05,Track title is taken from KHInsider's soundtrack/gamerip album index. Popularity is an explicitly labelled proxy based on BeatHit game rank and track prominence.,"{""culture_category"":""video_game_music"",""video_game"":""STAR WARS Jedi Knight - Jedi Academy"",""game_rank"":1295,""game_association_kind"":""khinsider_game_soundtrack"",""khinsider_album_url"":""https://downloads.khinsider.com/game-soundtracks/album/star-wars-jedi-knight-jedi-academy-gamerip"",""khinsider_album_title"":""Star Wars: Jedi Knight - Jedi Academy (star-wars-jedi-knight-jedi-academy-gamerip)"",""khinsider_album_kind"":""official_or_gamerip"",""khinsider_album_match_score"":100.0,""relevance_score_100"":100.0,""popularity_score_100"":32.72527905269777,""score_100"":73.0901116210791,""popularity_basis"":""BeatHit master-list game rank plus track position proxy""}"
83,Kril'Dor- Rogue Squadron Atr01,Unknown credited artist,[],Star Wars: Jedi Knight - Jedi Academy (star-wars-jedi-knight-jedi-academy-gamerip),,,"[""video game soundtrack""]","[""und""]",,,,STAR WARS Jedi Knight - Jedi Academy,,,khinsider_track_prominence_proxy,32.515279052697764,score_0_100,,,,73.0061116210791,,,,https://downloads.khinsider.com/game-soundtracks/album/star-wars-jedi-knight-jedi-academy-gamerip,2026-10-05,Track title is taken from KHInsider's soundtrack/gamerip album index. Popularity is an explicitly labelled proxy based on BeatHit game rank and track prominence.,"{""culture_category"":""video_game_music"",""video_game"":""STAR WARS Jedi Knight - Jedi Academy"",""game_rank"":1295,""game_association_kind"":""khinsider_game_soundtrack"",""khinsider_album_url"":""https://downloads.khinsider.com/game-soundtracks/album/star-wars-jedi-knight-jedi-academy-gamerip"",""khinsider_album_title"":""Star Wars: Jedi Knight - Jedi Academy (star-wars-jedi-knight-jedi-academy-gamerip)"",""khinsider_album_kind"":""official_or_gamerip"",""khinsider_album_match_score"":100.0,""relevance_score_100"":100.0,""popularity_score_100"":32.515279052697764,""score_100"":73.0061116210791,""popularity_basis"":""BeatHit master-list game rank plus track position proxy""}"
84,Kril'Dor- Rogue Squadron Atr02,Unknown credited artist,[],Star Wars: Jedi Knight - Jedi Academy (star-wars-jedi-knight-jedi-academy-gamerip),,,"[""video game soundtrack""]","[""und""]",,,,STAR WARS Jedi Knight - Jedi Academy,,,khinsider_track_prominence_proxy,32.30527905269777,score_0_100,,,,72.92211162107911,,,,https://downloads.khinsider.com/game-soundtracks/album/star-wars-jedi-knight-jedi-academy-gamerip,2026-10-05,Track title is taken from KHInsider's soundtrack/gamerip album index. Popularity is an explicitly labelled proxy based on BeatHit game rank and track prominence.,"{""culture_category"":""video_game_music"",""video_game"":""STAR WARS Jedi Knight - Jedi Academy"",""game_rank"":1295,""game_association_kind"":""khinsider_game_soundtrack"",""khinsider_album_url"":""https://downloads.khinsider.com/game-soundtracks/album/star-wars-jedi-knight-jedi-academy-gamerip"",""khinsider_album_title"":""Star Wars: Jedi Knight - Jedi Academy (star-wars-jedi-knight-jedi-academy-gamerip)"",""khinsider_album_kind"":""official_or_gamerip"",""khinsider_album_match_score"":100.0,""relevance_score_100"":100.0,""popularity_score_100"":32.30527905269777,""score_100"":72.92211162107911,""popularity_basis"":""BeatHit master-list game rank plus track position proxy""}"
85,Kril'Dor- Rogue Squadron Boss,Unknown credited artist,[],Star Wars: Jedi Knight - Jedi Academy (star-wars-jedi-knight-jedi-academy-gamerip),,,"[""video game soundtrack""]","[""und""]",,,,STAR WARS Jedi Knight - Jedi Academy,,,khinsider_track_prominence_proxy,32.09527905269776,score_0_100,,,,72.83811162107911,,,,https://downloads.khinsider.com/game-soundtracks/album/star-wars-jedi-knight-jedi-academy-gamerip,2026-10-05,Track title is taken from KHInsider's soundtrack/gamerip album index. Popularity is an explicitly labelled proxy based on BeatHit game rank and track prominence.,"{""culture_category"":""video_game_music"",""video_game"":""STAR WARS Jedi Knight - Jedi Academy"",""game_rank"":1295,""game_association_kind"":""khinsider_game_soundtrack"",""khinsider_album_url"":""https://downloads.khinsider.com/game-soundtracks/album/star-wars-jedi-knight-jedi-academy-gamerip"",""khinsider_album_title"":""Star Wars: Jedi Knight - Jedi Academy (star-wars-jedi-knight-jedi-academy-gamerip)"",""khinsider_album_kind"":""official_or_gamerip"",""khinsider_album_match_score"":100.0,""relevance_score_100"":100.0,""popularity_score_100"":32.09527905269776,""score_100"":72.83811162107911,""popularity_basis"":""BeatHit master-list game rank plus track position proxy""}"
86,Coruscant- Capture Crime Lord Explore,Unknown credited artist,[],Star Wars: Jedi Knight - Jedi Academy (star-wars-jedi-knight-jedi-academy-gamerip),,,"[""video game soundtrack""]","[""und""]",,,,STAR WARS Jedi Knight - Jedi Academy,,,khinsider_track_prominence_proxy,31.885279052697765,score_0_100,,,,72.7541116210791,,,,https://downloads.khinsider.com/game-soundtracks/album/star-wars-jedi-knight-jedi-academy-gamerip,2026-10-05,Track title is taken from KHInsider's soundtrack/gamerip album index. Popularity is an explicitly labelled proxy based on BeatHit game rank and track prominence.,"{""culture_category"":""video_game_music"",""video_game"":""STAR WARS Jedi Knight - Jedi Academy"",""game_rank"":1295,""game_association_kind"":""khinsider_game_soundtrack"",""khinsider_album_url"":""https://downloads.khinsider.com/game-soundtracks/album/star-wars-jedi-knight-jedi-academy-gamerip"",""khinsider_album_title"":""Star Wars: Jedi Knight - Jedi Academy (star-wars-jedi-knight-jedi-academy-gamerip)"",""khinsider_album_kind"":""official_or_gamerip"",""khinsider_album_match_score"":100.0,""relevance_score_100"":100.0,""popularity_score_100"":31.885279052697765,""score_100"":72.7541116210791,""popularity_basis"":""BeatHit master-list game rank plus track position proxy""}"
87,Coruscant- Capture Crime Lord Etr00,Unknown credited artist,[],Star Wars: Jedi Knight - Jedi Academy (star-wars-jedi-knight-jedi-academy-gamerip),,,"[""video game soundtrack""]","[""und""]",,,,STAR WARS Jedi Knight - Jedi Academy,,,khinsider_track_prominence_proxy,31.675279052697768,score_0_100,,,,72.67011162107912,,,,https://downloads.khinsider.com/game-soundtracks/album/star-wars-jedi-knight-jedi-academy-gamerip,2026-10-05,Track title is taken from KHInsider's soundtrack/gamerip album index. Popularity is an explicitly labelled proxy based on BeatHit game rank and track prominence.,"{""culture_category"":""video_game_music"",""video_game"":""STAR WARS Jedi Knight - Jedi Academy"",""game_rank"":1295,""game_association_kind"":""khinsider_game_soundtrack"",""khinsider_album_url"":""https://downloads.khinsider.com/game-soundtracks/album/star-wars-jedi-knight-jedi-academy-gamerip"",""khinsider_album_title"":""Star Wars: Jedi Knight - Jedi Academy (star-wars-jedi-knight-jedi-academy-gamerip)"",""khinsider_album_kind"":""official_or_gamerip"",""khinsider_album_match_score"":100.0,""relevance_score_100"":100.0,""popularity_score_100"":31.675279052697768,""score_100"":72.67011162107912,""popularity_basis"":""BeatHit master-list game rank plus track position proxy""}"
88,Coruscant- Capture Crime Lord Etr01,Unknown credited artist,[],Star Wars: Jedi Knight - Jedi Academy (star-wars-jedi-knight-jedi-academy-gamerip),,,"[""video game soundtrack""]","[""und""]",,,,STAR WARS Jedi Knight - Jedi Academy,,,khinsider_track_prominence_proxy,31.465279052697767,score_0_100,,,,72.58611162107911,,,,https://downloads.khinsider.com/game-soundtracks/album/star-wars-jedi-knight-jedi-academy-gamerip,2026-10-05,Track title is taken from KHInsider's soundtrack/gamerip album index. Popularity is an explicitly labelled proxy based on BeatHit game rank and track prominence.,"{""culture_category"":""video_game_music"",""video_game"":""STAR WARS Jedi Knight - Jedi Academy"",""game_rank"":1295,""game_association_kind"":""khinsider_game_soundtrack"",""khinsider_album_url"":""https://downloads.khinsider.com/game-soundtracks/album/star-wars-jedi-knight-jedi-academy-gamerip"",""khinsider_album_title"":""Star Wars: Jedi Knight - Jedi Academy (star-wars-jedi-knight-jedi-academy-gamerip)"",""khinsider_album_kind"":""official_or_gamerip"",""khinsider_album_match_score"":100.0,""relevance_score_100"":100.0,""popularity_score_100"":31.465279052697767,""score_100"":72.58611162107911,""popularity_basis"":""BeatHit master-list game rank plus track position proxy""}"
89,Coruscant- Capture Crime Lord Action,Unknown credited artist,[],Star Wars: Jedi Knight - Jedi Academy (star-wars-jedi-knight-jedi-academy-gamerip),,,"[""video game soundtrack""]","[""und""]",,,,STAR WARS Jedi Knight - Jedi Academy,,,khinsider_track_prominence_proxy,31.255279052697766,score_0_100,,,,72.50211162107911,,,,https://downloads.khinsider.com/game-soundtracks/album/star-wars-jedi-knight-jedi-academy-gamerip,2026-10-05,Track title is taken from KHInsider's soundtrack/gamerip album index. Popularity is an explicitly labelled proxy based on BeatHit game rank and track prominence.,"{""culture_category"":""video_game_music"",""video_game"":""STAR WARS Jedi Knight - Jedi Academy"",""game_rank"":1295,""game_association_kind"":""khinsider_game_soundtrack"",""khinsider_album_url"":""https://downloads.khinsider.com/game-soundtracks/album/star-wars-jedi-knight-jedi-academy-gamerip"",""khinsider_album_title"":""Star Wars: Jedi Knight - Jedi Academy (star-wars-jedi-knight-jedi-academy-gamerip)"",""khinsider_album_kind"":""official_or_gamerip"",""khinsider_album_match_score"":100.0,""relevance_score_100"":100.0,""popularity_score_100"":31.255279052697766,""score_100"":72.50211162107911,""popularity_basis"":""BeatHit master-list game rank plus track position proxy""}"
90,Coruscant- Capture Crime Lord Atr00,Unknown credited artist,[],Star Wars: Jedi Knight - Jedi Academy (star-wars-jedi-knight-jedi-academy-gamerip),,,"[""video game soundtrack""]","[""und""]",,,,STAR WARS Jedi Knight - Jedi Academy,,,khinsider_track_prominence_proxy,31.045279052697765,score_0_100,,,,72.4181116210791,,,,https://downloads.khinsider.com/game-soundtracks/album/star-wars-jedi-knight-jedi-academy-gamerip,2026-10-05,Track title is taken from KHInsider's soundtrack/gamerip album index. Popularity is an explicitly labelled proxy based on BeatHit game rank and track prominence.,"{""culture_category"":""video_game_music"",""video_game"":""STAR WARS Jedi Knight - Jedi Academy"",""game_rank"":1295,""game_association_kind"":""khinsider_game_soundtrack"",""khinsider_album_url"":""https://downloads.khinsider.com/game-soundtracks/album/star-wars-jedi-knight-jedi-academy-gamerip"",""khinsider_album_title"":""Star Wars: Jedi Knight - Jedi Academy (star-wars-jedi-knight-jedi-academy-gamerip)"",""khinsider_album_kind"":""official_or_gamerip"",""khinsider_album_match_score"":100.0,""relevance_score_100"":100.0,""popularity_score_100"":31.045279052697765,""score_100"":72.4181116210791,""popularity_basis"":""BeatHit master-list game rank plus track position proxy""}"
91,Coruscant- Capture Crime Lord Atr01,Unknown credited artist,[],Star Wars: Jedi Knight - Jedi Academy (star-wars-jedi-knight-jedi-academy-gamerip),,,"[""video game soundtrack""]","[""und""]",,,,STAR WARS Jedi Knight - Jedi Academy,,,khinsider_track_prominence_proxy,30.835279052697764,score_0_100,,,,72.3341116210791,,,,https://downloads.khinsider.com/game-soundtracks/album/star-wars-jedi-knight-jedi-academy-gamerip,2026-10-05,Track title is taken from KHInsider's soundtrack/gamerip album index. Popularity is an explicitly labelled proxy based on BeatHit game rank and track prominence.,"{""culture_category"":""video_game_music"",""video_game"":""STAR WARS Jedi Knight - Jedi Academy"",""game_rank"":1295,""game_association_kind"":""khinsider_game_soundtrack"",""khinsider_album_url"":""https://downloads.khinsider.com/game-soundtracks/album/star-wars-jedi-knight-jedi-academy-gamerip"",""khinsider_album_title"":""Star Wars: Jedi Knight - Jedi Academy (star-wars-jedi-knight-jedi-academy-gamerip)"",""khinsider_album_kind"":""official_or_gamerip"",""khinsider_album_match_score"":100.0,""relevance_score_100"":100.0,""popularity_score_100"":30.835279052697764,""score_100"":72.3341116210791,""popularity_basis"":""BeatHit master-list game rank plus track position proxy""}"
92,Coruscant- Capture Crime Lord Atr02,Unknown credited artist,[],Star Wars: Jedi Knight - Jedi Academy (star-wars-jedi-knight-jedi-academy-gamerip),,,"[""video game soundtrack""]","[""und""]",,,,STAR WARS Jedi Knight - Jedi Academy,,,khinsider_track_prominence_proxy,30.625279052697767,score_0_100,,,,72.2501116210791,,,,https://downloads.khinsider.com/game-soundtracks/album/star-wars-jedi-knight-jedi-academy-gamerip,2026-10-05,Track title is taken from KHInsider's soundtrack/gamerip album index. Popularity is an explicitly labelled proxy based on BeatHit game rank and track prominence.,"{""culture_category"":""video_game_music"",""video_game"":""STAR WARS Jedi Knight - Jedi Academy"",""game_rank"":1295,""game_association_kind"":""khinsider_game_soundtrack"",""khinsider_album_url"":""https://downloads.khinsider.com/game-soundtracks/album/star-wars-jedi-knight-jedi-academy-gamerip"",""khinsider_album_title"":""Star Wars: Jedi Knight - Jedi Academy (star-wars-jedi-knight-jedi-academy-gamerip)"",""khinsider_album_kind"":""official_or_gamerip"",""khinsider_album_match_score"":100.0,""relevance_score_100"":100.0,""popularity_score_100"":30.625279052697767,""score_100"":72.2501116210791,""popularity_basis"":""BeatHit master-list game rank plus track position proxy""}"
93,Coruscant- Capture Crime Lord Atr03,Unknown credited artist,[],Star Wars: Jedi Knight - Jedi Academy (star-wars-jedi-knight-jedi-academy-gamerip),,,"[""video game soundtrack""]","[""und""]",,,,STAR WARS Jedi Knight - Jedi Academy,,,khinsider_track_prominence_proxy,30.415279052697766,score_0_100,,,,72.16611162107911,,,,https://downloads.khinsider.com/game-soundtracks/album/star-wars-jedi-knight-jedi-academy-gamerip,2026-10-05,Track title is taken from KHInsider's soundtrack/gamerip album index. Popularity is an explicitly labelled proxy based on BeatHit game rank and track prominence.,"{""culture_category"":""video_game_music"",""video_game"":""STAR WARS Jedi Knight - Jedi Academy"",""game_rank"":1295,""game_association_kind"":""khinsider_game_soundtrack"",""khinsider_album_url"":""https://downloads.khinsider.com/game-soundtracks/album/star-wars-jedi-knight-jedi-academy-gamerip"",""khinsider_album_title"":""Star Wars: Jedi Knight - Jedi Academy (star-wars-jedi-knight-jedi-academy-gamerip)"",""khinsider_album_kind"":""official_or_gamerip"",""khinsider_album_match_score"":100.0,""relevance_score_100"":100.0,""popularity_score_100"":30.415279052697766,""score_100"":72.16611162107911,""popularity_basis"":""BeatHit master-list game rank plus track position proxy""}"
94,Dosuun- Imperial Base Explore,Unknown credited artist,[],Star Wars: Jedi Knight - Jedi Academy (star-wars-jedi-knight-jedi-academy-gamerip),,,"[""video game soundtrack""]","[""und""]",,,,STAR WARS Jedi Knight - Jedi Academy,,,khinsider_track_prominence_proxy,30.20527905269777,score_0_100,,,,72.08211162107911,,,,https://downloads.khinsider.com/game-soundtracks/album/star-wars-jedi-knight-jedi-academy-gamerip,2026-10-05,Track title is taken from KHInsider's soundtrack/gamerip album index. Popularity is an explicitly labelled proxy based on BeatHit game rank and track prominence.,"{""culture_category"":""video_game_music"",""video_game"":""STAR WARS Jedi Knight - Jedi Academy"",""game_rank"":1295,""game_association_kind"":""khinsider_game_soundtrack"",""khinsider_album_url"":""https://downloads.khinsider.com/game-soundtracks/album/star-wars-jedi-knight-jedi-academy-gamerip"",""khinsider_album_title"":""Star Wars: Jedi Knight - Jedi Academy (star-wars-jedi-knight-jedi-academy-gamerip)"",""khinsider_album_kind"":""official_or_gamerip"",""khinsider_album_match_score"":100.0,""relevance_score_100"":100.0,""popularity_score_100"":30.20527905269777,""score_100"":72.08211162107911,""popularity_basis"":""BeatHit master-list game rank plus track position proxy""}"
95,Dosuun- Imperial Base Etr00,Unknown credited artist,[],Star Wars: Jedi Knight - Jedi Academy (star-wars-jedi-knight-jedi-academy-gamerip),,,"[""video game soundtrack""]","[""und""]",,,,STAR WARS Jedi Knight - Jedi Academy,,,khinsider_track_prominence_proxy,29.995279052697768,score_0_100,,,,71.9981116210791,,,,https://downloads.khinsider.com/game-soundtracks/album/star-wars-jedi-knight-jedi-academy-gamerip,2026-10-05,Track title is taken from KHInsider's soundtrack/gamerip album index. Popularity is an explicitly labelled proxy based on BeatHit game rank and track prominence.,"{""culture_category"":""video_game_music"",""video_game"":""STAR WARS Jedi Knight - Jedi Academy"",""game_rank"":1295,""game_association_kind"":""khinsider_game_soundtrack"",""khinsider_album_url"":""https://downloads.khinsider.com/game-soundtracks/album/star-wars-jedi-knight-jedi-academy-gamerip"",""khinsider_album_title"":""Star Wars: Jedi Knight - Jedi Academy (star-wars-jedi-knight-jedi-academy-gamerip)"",""khinsider_album_kind"":""official_or_gamerip"",""khinsider_album_match_score"":100.0,""relevance_score_100"":100.0,""popularity_score_100"":29.995279052697768,""score_100"":71.9981116210791,""popularity_basis"":""BeatHit master-list game rank plus track position proxy""}"
96,Dosuun- Imperial Base Etr01,Unknown credited artist,[],Star Wars: Jedi Knight - Jedi Academy (star-wars-jedi-knight-jedi-academy-gamerip),,,"[""video game soundtrack""]","[""und""]",,,,STAR WARS Jedi Knight - Jedi Academy,,,khinsider_track_prominence_proxy,29.785279052697767,score_0_100,,,,71.91411162107912,,,,https://downloads.khinsider.com/game-soundtracks/album/star-wars-jedi-knight-jedi-academy-gamerip,2026-10-05,Track title is taken from KHInsider's soundtrack/gamerip album index. Popularity is an explicitly labelled proxy based on BeatHit game rank and track prominence.,"{""culture_category"":""video_game_music"",""video_game"":""STAR WARS Jedi Knight - Jedi Academy"",""game_rank"":1295,""game_association_kind"":""khinsider_game_soundtrack"",""khinsider_album_url"":""https://downloads.khinsider.com/game-soundtracks/album/star-wars-jedi-knight-jedi-academy-gamerip"",""khinsider_album_title"":""Star Wars: Jedi Knight - Jedi Academy (star-wars-jedi-knight-jedi-academy-gamerip)"",""khinsider_album_kind"":""official_or_gamerip"",""khinsider_album_match_score"":100.0,""relevance_score_100"":100.0,""popularity_score_100"":29.785279052697767,""score_100"":71.91411162107912,""popularity_basis"":""BeatHit master-list game rank plus track position proxy""}"
97,Dosuun- Imperial Base Action,Unknown credited artist,[],Star Wars: Jedi Knight - Jedi Academy (star-wars-jedi-knight-jedi-academy-gamerip),,,"[""video game soundtrack""]","[""und""]",,,,STAR WARS Jedi Knight - Jedi Academy,,,khinsider_track_prominence_proxy,29.575279052697766,score_0_100,,,,71.83011162107911,,,,https://downloads.khinsider.com/game-soundtracks/album/star-wars-jedi-knight-jedi-academy-gamerip,2026-10-05,Track title is taken from KHInsider's soundtrack/gamerip album index. Popularity is an explicitly labelled proxy based on BeatHit game rank and track prominence.,"{""culture_category"":""video_game_music"",""video_game"":""STAR WARS Jedi Knight - Jedi Academy"",""game_rank"":1295,""game_association_kind"":""khinsider_game_soundtrack"",""khinsider_album_url"":""https://downloads.khinsider.com/game-soundtracks/album/star-wars-jedi-knight-jedi-academy-gamerip"",""khinsider_album_title"":""Star Wars: Jedi Knight - Jedi Academy (star-wars-jedi-knight-jedi-academy-gamerip)"",""khinsider_album_kind"":""official_or_gamerip"",""khinsider_album_match_score"":100.0,""relevance_score_100"":100.0,""popularity_score_100"":29.575279052697766,""score_100"":71.83011162107911,""popularity_basis"":""BeatHit master-list game rank plus track position proxy""}"
98,Dosuun- Imperial Base Atr00,Unknown credited artist,[],Star Wars: Jedi Knight - Jedi Academy (star-wars-jedi-knight-jedi-academy-gamerip),,,"[""video game soundtrack""]","[""und""]",,,,STAR WARS Jedi Knight - Jedi Academy,,,khinsider_track_prominence_proxy,29.365279052697765,score_0_100,,,,71.74611162107911,,,,https://downloads.khinsider.com/game-soundtracks/album/star-wars-jedi-knight-jedi-academy-gamerip,2026-10-05,Track title is taken from KHInsider's soundtrack/gamerip album index. Popularity is an explicitly labelled proxy based on BeatHit game rank and track prominence.,"{""culture_category"":""video_game_music"",""video_game"":""STAR WARS Jedi Knight - Jedi Academy"",""game_rank"":1295,""game_association_kind"":""khinsider_game_soundtrack"",""khinsider_album_url"":""https://downloads.khinsider.com/game-soundtracks/album/star-wars-jedi-knight-jedi-academy-gamerip"",""khinsider_album_title"":""Star Wars: Jedi Knight - Jedi Academy (star-wars-jedi-knight-jedi-academy-gamerip)"",""khinsider_album_kind"":""official_or_gamerip"",""khinsider_album_match_score"":100.0,""relevance_score_100"":100.0,""popularity_score_100"":29.365279052697765,""score_100"":71.74611162107911,""popularity_basis"":""BeatHit master-list game rank plus track position proxy""}"
99,Dosuun- Imperial Base Atr01,Unknown credited artist,[],Star Wars: Jedi Knight - Jedi Academy (star-wars-jedi-knight-jedi-academy-gamerip),,,"[""video game soundtrack""]","[""und""]",,,,STAR WARS Jedi Knight - Jedi Academy,,,khinsider_track_prominence_proxy,29.155279052697768,score_0_100,,,,71.6621116210791,,,,https://downloads.khinsider.com/game-soundtracks/album/star-wars-jedi-knight-jedi-academy-gamerip,2026-10-05,Track title is taken from KHInsider's soundtrack/gamerip album index. Popularity is an explicitly labelled proxy based on BeatHit game rank and track prominence.,"{""culture_category"":""video_game_music"",""video_game"":""STAR WARS Jedi Knight - Jedi Academy"",""game_rank"":1295,""game_association_kind"":""khinsider_game_soundtrack"",""khinsider_album_url"":""https://downloads.khinsider.com/game-soundtracks/album/star-wars-jedi-knight-jedi-academy-gamerip"",""khinsider_album_title"":""Star Wars: Jedi Knight - Jedi Academy (star-wars-jedi-knight-jedi-academy-gamerip)"",""khinsider_album_kind"":""official_or_gamerip"",""khinsider_album_match_score"":100.0,""relevance_score_100"":100.0,""popularity_score_100"":29.155279052697768,""score_100"":71.6621116210791,""popularity_basis"":""BeatHit master-list game rank plus track position proxy""}"
100,Dosuun- Imperial Base Atr02,Unknown credited artist,[],Star Wars: Jedi Knight - Jedi Academy (star-wars-jedi-knight-jedi-academy-gamerip),,,"[""video game soundtrack""]","[""und""]",,,,STAR WARS Jedi Knight - Jedi Academy,,,khinsider_track_prominence_proxy,28.945279052697767,score_0_100,,,,71.5781116210791,,,,https://downloads.khinsider.com/game-soundtracks/album/star-wars-jedi-knight-jedi-academy-gamerip,2026-10-05,Track title is taken from KHInsider's soundtrack/gamerip album index. Popularity is an explicitly labelled proxy based on BeatHit game rank and track prominence.,"{""culture_category"":""video_game_music"",""video_game"":""STAR WARS Jedi Knight - Jedi Academy"",""game_rank"":1295,""game_association_kind"":""khinsider_game_soundtrack"",""khinsider_album_url"":""https://downloads.khinsider.com/game-soundtracks/album/star-wars-jedi-knight-jedi-academy-gamerip"",""khinsider_album_title"":""Star Wars: Jedi Knight - Jedi Academy (star-wars-jedi-knight-jedi-academy-gamerip)"",""khinsider_album_kind"":""official_or_gamerip"",""khinsider_album_match_score"":100.0,""relevance_score_100"":100.0,""popularity_score_100"":28.945279052697767,""score_100"":71.5781116210791,""popularity_basis"":""BeatHit master-list game rank plus track position proxy""}"
101,Dosuun- Imperial Base Atr03,Unknown credited artist,[],Star Wars: Jedi Knight - Jedi Academy (star-wars-jedi-knight-jedi-academy-gamerip),,,"[""video game soundtrack""]","[""und""]",,,,STAR WARS Jedi Knight - Jedi Academy,,,khinsider_track_prominence_proxy,28.735279052697766,score_0_100,,,,71.4941116210791,,,,https://downloads.khinsider.com/game-soundtracks/album/star-wars-jedi-knight-jedi-academy-gamerip,2026-10-05,Track title is taken from KHInsider's soundtrack/gamerip album index. Popularity is an explicitly labelled proxy based on BeatHit game rank and track prominence.,"{""culture_category"":""video_game_music"",""video_game"":""STAR WARS Jedi Knight - Jedi Academy"",""game_rank"":1295,""game_association_kind"":""khinsider_game_soundtrack"",""khinsider_album_url"":""https://downloads.khinsider.com/game-soundtracks/album/star-wars-jedi-knight-jedi-academy-gamerip"",""khinsider_album_title"":""Star Wars: Jedi Knight - Jedi Academy (star-wars-jedi-knight-jedi-academy-gamerip)"",""khinsider_album_kind"":""official_or_gamerip"",""khinsider_album_match_score"":100.0,""relevance_score_100"":100.0,""popularity_score_100"":28.735279052697766,""score_100"":71.4941116210791,""popularity_basis"":""BeatHit master-list game rank plus track position proxy""}"
102,Vjun- Darth Vader's Castle Explore,Unknown credited artist,[],Star Wars: Jedi Knight - Jedi Academy (star-wars-jedi-knight-jedi-academy-gamerip),,,"[""video game soundtrack""]","[""und""]",,,,STAR WARS Jedi Knight - Jedi Academy,,,khinsider_track_prominence_proxy,28.52527905269777,score_0_100,,,,71.41011162107911,,,,https://downloads.khinsider.com/game-soundtracks/album/star-wars-jedi-knight-jedi-academy-gamerip,2026-10-05,Track title is taken from KHInsider's soundtrack/gamerip album index. Popularity is an explicitly labelled proxy based on BeatHit game rank and track prominence.,"{""culture_category"":""video_game_music"",""video_game"":""STAR WARS Jedi Knight - Jedi Academy"",""game_rank"":1295,""game_association_kind"":""khinsider_game_soundtrack"",""khinsider_album_url"":""https://downloads.khinsider.com/game-soundtracks/album/star-wars-jedi-knight-jedi-academy-gamerip"",""khinsider_album_title"":""Star Wars: Jedi Knight - Jedi Academy (star-wars-jedi-knight-jedi-academy-gamerip)"",""khinsider_album_kind"":""official_or_gamerip"",""khinsider_album_match_score"":100.0,""relevance_score_100"":100.0,""popularity_score_100"":28.52527905269777,""score_100"":71.41011162107911,""popularity_basis"":""BeatHit master-list game rank plus track position proxy""}"
103,Vjun- Darth Vader's Castle Etr00,Unknown credited artist,[],Star Wars: Jedi Knight - Jedi Academy (star-wars-jedi-knight-jedi-academy-gamerip),,,"[""video game soundtrack""]","[""und""]",,,,STAR WARS Jedi Knight - Jedi Academy,,,khinsider_track_prominence_proxy,28.31527905269777,score_0_100,,,,71.32611162107911,,,,https://downloads.khinsider.com/game-soundtracks/album/star-wars-jedi-knight-jedi-academy-gamerip,2026-10-05,Track title is taken from KHInsider's soundtrack/gamerip album index. Popularity is an explicitly labelled proxy based on BeatHit game rank and track prominence.,"{""culture_category"":""video_game_music"",""video_game"":""STAR WARS Jedi Knight - Jedi Academy"",""game_rank"":1295,""game_association_kind"":""khinsider_game_soundtrack"",""khinsider_album_url"":""https://downloads.khinsider.com/game-soundtracks/album/star-wars-jedi-knight-jedi-academy-gamerip"",""khinsider_album_title"":""Star Wars: Jedi Knight - Jedi Academy (star-wars-jedi-knight-jedi-academy-gamerip)"",""khinsider_album_kind"":""official_or_gamerip"",""khinsider_album_match_score"":100.0,""relevance_score_100"":100.0,""popularity_score_100"":28.31527905269777,""score_100"":71.32611162107911,""popularity_basis"":""BeatHit master-list game rank plus track position proxy""}"
104,Vjun- Darth Vader's Castle Etr01,Unknown credited artist,[],Star Wars: Jedi Knight - Jedi Academy (star-wars-jedi-knight-jedi-academy-gamerip),,,"[""video game soundtrack""]","[""und""]",,,,STAR WARS Jedi Knight - Jedi Academy,,,khinsider_track_prominence_proxy,28.105279052697767,score_0_100,,,,71.2421116210791,,,,https://downloads.khinsider.com/game-soundtracks/album/star-wars-jedi-knight-jedi-academy-gamerip,2026-10-05,Track title is taken from KHInsider's soundtrack/gamerip album index. Popularity is an explicitly labelled proxy based on BeatHit game rank and track prominence.,"{""culture_category"":""video_game_music"",""video_game"":""STAR WARS Jedi Knight - Jedi Academy"",""game_rank"":1295,""game_association_kind"":""khinsider_game_soundtrack"",""khinsider_album_url"":""https://downloads.khinsider.com/game-soundtracks/album/star-wars-jedi-knight-jedi-academy-gamerip"",""khinsider_album_title"":""Star Wars: Jedi Knight - Jedi Academy (star-wars-jedi-knight-jedi-academy-gamerip)"",""khinsider_album_kind"":""official_or_gamerip"",""khinsider_album_match_score"":100.0,""relevance_score_100"":100.0,""popularity_score_100"":28.105279052697767,""score_100"":71.2421116210791,""popularity_basis"":""BeatHit master-list game rank plus track position proxy""}"
105,Vjun- Darth Vader's Castle Action,Unknown credited artist,[],Star Wars: Jedi Knight - Jedi Academy (star-wars-jedi-knight-jedi-academy-gamerip),,,"[""video game soundtrack""]","[""und""]",,,,STAR WARS Jedi Knight - Jedi Academy,,,khinsider_track_prominence_proxy,27.895279052697767,score_0_100,,,,71.15811162107912,,,,https://downloads.khinsider.com/game-soundtracks/album/star-wars-jedi-knight-jedi-academy-gamerip,2026-10-05,Track title is taken from KHInsider's soundtrack/gamerip album index. Popularity is an explicitly labelled proxy based on BeatHit game rank and track prominence.,"{""culture_category"":""video_game_music"",""video_game"":""STAR WARS Jedi Knight - Jedi Academy"",""game_rank"":1295,""game_association_kind"":""khinsider_game_soundtrack"",""khinsider_album_url"":""https://downloads.khinsider.com/game-soundtracks/album/star-wars-jedi-knight-jedi-academy-gamerip"",""khinsider_album_title"":""Star Wars: Jedi Knight - Jedi Academy (star-wars-jedi-knight-jedi-academy-gamerip)"",""khinsider_album_kind"":""official_or_gamerip"",""khinsider_album_match_score"":100.0,""relevance_score_100"":100.0,""popularity_score_100"":27.895279052697767,""score_100"":71.15811162107912,""popularity_basis"":""BeatHit master-list game rank plus track position proxy""}"
106,Vjun- Darth Vader's Castle Atr00,Unknown credited artist,[],Star Wars: Jedi Knight - Jedi Academy (star-wars-jedi-knight-jedi-academy-gamerip),,,"[""video game soundtrack""]","[""und""]",,,,STAR WARS Jedi Knight - Jedi Academy,,,khinsider_track_prominence_proxy,27.68527905269777,score_0_100,,,,71.07411162107911,,,,https://downloads.khinsider.com/game-soundtracks/album/star-wars-jedi-knight-jedi-academy-gamerip,2026-10-05,Track title is taken from KHInsider's soundtrack/gamerip album index. Popularity is an explicitly labelled proxy based on BeatHit game rank and track prominence.,"{""culture_category"":""video_game_music"",""video_game"":""STAR WARS Jedi Knight - Jedi Academy"",""game_rank"":1295,""game_association_kind"":""khinsider_game_soundtrack"",""khinsider_album_url"":""https://downloads.khinsider.com/game-soundtracks/album/star-wars-jedi-knight-jedi-academy-gamerip"",""khinsider_album_title"":""Star Wars: Jedi Knight - Jedi Academy (star-wars-jedi-knight-jedi-academy-gamerip)"",""khinsider_album_kind"":""official_or_gamerip"",""khinsider_album_match_score"":100.0,""relevance_score_100"":100.0,""popularity_score_100"":27.68527905269777,""score_100"":71.07411162107911,""popularity_basis"":""BeatHit master-list game rank plus track position proxy""}"
107,Vjun- Darth Vader's Castle Atr01,Unknown credited artist,[],Star Wars: Jedi Knight - Jedi Academy (star-wars-jedi-knight-jedi-academy-gamerip),,,"[""video game soundtrack""]","[""und""]",,,,STAR WARS Jedi Knight - Jedi Academy,,,khinsider_track_prominence_proxy,27.47527905269777,score_0_100,,,,70.99011162107911,,,,https://downloads.khinsider.com/game-soundtracks/album/star-wars-jedi-knight-jedi-academy-gamerip,2026-10-05,Track title is taken from KHInsider's soundtrack/gamerip album index. Popularity is an explicitly labelled proxy based on BeatHit game rank and track prominence.,"{""culture_category"":""video_game_music"",""video_game"":""STAR WARS Jedi Knight - Jedi Academy"",""game_rank"":1295,""game_association_kind"":""khinsider_game_soundtrack"",""khinsider_album_url"":""https://downloads.khinsider.com/game-soundtracks/album/star-wars-jedi-knight-jedi-academy-gamerip"",""khinsider_album_title"":""Star Wars: Jedi Knight - Jedi Academy (star-wars-jedi-knight-jedi-academy-gamerip)"",""khinsider_album_kind"":""official_or_gamerip"",""khinsider_album_match_score"":100.0,""relevance_score_100"":100.0,""popularity_score_100"":27.47527905269777,""score_100"":70.99011162107911,""popularity_basis"":""BeatHit master-list game rank plus track position proxy""}"
108,Vjun- Darth Vader's Castle Atr02,Unknown credited artist,[],Star Wars: Jedi Knight - Jedi Academy (star-wars-jedi-knight-jedi-academy-gamerip),,,"[""video game soundtrack""]","[""und""]",,,,STAR WARS Jedi Knight - Jedi Academy,,,khinsider_track_prominence_proxy,27.265279052697768,score_0_100,,,,70.9061116210791,,,,https://downloads.khinsider.com/game-soundtracks/album/star-wars-jedi-knight-jedi-academy-gamerip,2026-10-05,Track title is taken from KHInsider's soundtrack/gamerip album index. Popularity is an explicitly labelled proxy based on BeatHit game rank and track prominence.,"{""culture_category"":""video_game_music"",""video_game"":""STAR WARS Jedi Knight - Jedi Academy"",""game_rank"":1295,""game_association_kind"":""khinsider_game_soundtrack"",""khinsider_album_url"":""https://downloads.khinsider.com/game-soundtracks/album/star-wars-jedi-knight-jedi-academy-gamerip"",""khinsider_album_title"":""Star Wars: Jedi Knight - Jedi Academy (star-wars-jedi-knight-jedi-academy-gamerip)"",""khinsider_album_kind"":""official_or_gamerip"",""khinsider_album_match_score"":100.0,""relevance_score_100"":100.0,""popularity_score_100"":27.265279052697768,""score_100"":70.9061116210791,""popularity_basis"":""BeatHit master-list game rank plus track position proxy""}"
109,Vjun- Darth Vader's Castle Atr03,Unknown credited artist,[],Star Wars: Jedi Knight - Jedi Academy (star-wars-jedi-knight-jedi-academy-gamerip),,,"[""video game soundtrack""]","[""und""]",,,,STAR WARS Jedi Knight - Jedi Academy,,,khinsider_track_prominence_proxy,27.05527905269777,score_0_100,,,,70.8221116210791,,,,https://downloads.khinsider.com/game-soundtracks/album/star-wars-jedi-knight-jedi-academy-gamerip,2026-10-05,Track title is taken from KHInsider's soundtrack/gamerip album index. Popularity is an explicitly labelled proxy based on BeatHit game rank and track prominence.,"{""culture_category"":""video_game_music"",""video_game"":""STAR WARS Jedi Knight - Jedi Academy"",""game_rank"":1295,""game_association_kind"":""khinsider_game_soundtrack"",""khinsider_album_url"":""https://downloads.khinsider.com/game-soundtracks/album/star-wars-jedi-knight-jedi-academy-gamerip"",""khinsider_album_title"":""Star Wars: Jedi Knight - Jedi Academy (star-wars-jedi-knight-jedi-academy-gamerip)"",""khinsider_album_kind"":""official_or_gamerip"",""khinsider_album_match_score"":100.0,""relevance_score_100"":100.0,""popularity_score_100"":27.05527905269777,""score_100"":70.8221116210791,""popularity_basis"":""BeatHit master-list game rank plus track position proxy""}"
110,Vjun- Castle Interior Explore,Unknown credited artist,[],Star Wars: Jedi Knight - Jedi Academy (star-wars-jedi-knight-jedi-academy-gamerip),,,"[""video game soundtrack""]","[""und""]",,,,STAR WARS Jedi Knight - Jedi Academy,,,khinsider_track_prominence_proxy,26.84527905269777,score_0_100,,,,70.73811162107911,,,,https://downloads.khinsider.com/game-soundtracks/album/star-wars-jedi-knight-jedi-academy-gamerip,2026-10-05,Track title is taken from KHInsider's soundtrack/gamerip album index. Popularity is an explicitly labelled proxy based on BeatHit game rank and track prominence.,"{""culture_category"":""video_game_music"",""video_game"":""STAR WARS Jedi Knight - Jedi Academy"",""game_rank"":1295,""game_association_kind"":""khinsider_game_soundtrack"",""khinsider_album_url"":""https://downloads.khinsider.com/game-soundtracks/album/star-wars-jedi-knight-jedi-academy-gamerip"",""khinsider_album_title"":""Star Wars: Jedi Knight - Jedi Academy (star-wars-jedi-knight-jedi-academy-gamerip)"",""khinsider_album_kind"":""official_or_gamerip"",""khinsider_album_match_score"":100.0,""relevance_score_100"":100.0,""popularity_score_100"":26.84527905269777,""score_100"":70.73811162107911,""popularity_basis"":""BeatHit master-list game rank plus track position proxy""}"
111,Vjun- Castle Interior Etr00,Unknown credited artist,[],Star Wars: Jedi Knight - Jedi Academy (star-wars-jedi-knight-jedi-academy-gamerip),,,"[""video game soundtrack""]","[""und""]",,,,STAR WARS Jedi Knight - Jedi Academy,,,khinsider_track_prominence_proxy,26.63527905269777,score_0_100,,,,70.65411162107911,,,,https://downloads.khinsider.com/game-soundtracks/album/star-wars-jedi-knight-jedi-academy-gamerip,2026-10-05,Track title is taken from KHInsider's soundtrack/gamerip album index. Popularity is an explicitly labelled proxy based on BeatHit game rank and track prominence.,"{""culture_category"":""video_game_music"",""video_game"":""STAR WARS Jedi Knight - Jedi Academy"",""game_rank"":1295,""game_association_kind"":""khinsider_game_soundtrack"",""khinsider_album_url"":""https://downloads.khinsider.com/game-soundtracks/album/star-wars-jedi-knight-jedi-academy-gamerip"",""khinsider_album_title"":""Star Wars: Jedi Knight - Jedi Academy (star-wars-jedi-knight-jedi-academy-gamerip)"",""khinsider_album_kind"":""official_or_gamerip"",""khinsider_album_match_score"":100.0,""relevance_score_100"":100.0,""popularity_score_100"":26.63527905269777,""score_100"":70.65411162107911,""popularity_basis"":""BeatHit master-list game rank plus track position proxy""}"
112,Vjun- Castle Interior Etr01,Unknown credited artist,[],Star Wars: Jedi Knight - Jedi Academy (star-wars-jedi-knight-jedi-academy-gamerip),,,"[""video game soundtrack""]","[""und""]",,,,STAR WARS Jedi Knight - Jedi Academy,,,khinsider_track_prominence_proxy,26.425279052697768,score_0_100,,,,70.5701116210791,,,,https://downloads.khinsider.com/game-soundtracks/album/star-wars-jedi-knight-jedi-academy-gamerip,2026-10-05,Track title is taken from KHInsider's soundtrack/gamerip album index. Popularity is an explicitly labelled proxy based on BeatHit game rank and track prominence.,"{""culture_category"":""video_game_music"",""video_game"":""STAR WARS Jedi Knight - Jedi Academy"",""game_rank"":1295,""game_association_kind"":""khinsider_game_soundtrack"",""khinsider_album_url"":""https://downloads.khinsider.com/game-soundtracks/album/star-wars-jedi-knight-jedi-academy-gamerip"",""khinsider_album_title"":""Star Wars: Jedi Knight - Jedi Academy (star-wars-jedi-knight-jedi-academy-gamerip)"",""khinsider_album_kind"":""official_or_gamerip"",""khinsider_album_match_score"":100.0,""relevance_score_100"":100.0,""popularity_score_100"":26.425279052697768,""score_100"":70.5701116210791,""popularity_basis"":""BeatHit master-list game rank plus track position proxy""}"
113,Vjun- Castle Interior Action,Unknown credited artist,[],Star Wars: Jedi Knight - Jedi Academy (star-wars-jedi-knight-jedi-academy-gamerip),,,"[""video game soundtrack""]","[""und""]",,,,STAR WARS Jedi Knight - Jedi Academy,,,khinsider_track_prominence_proxy,26.215279052697767,score_0_100,,,,70.4861116210791,,,,https://downloads.khinsider.com/game-soundtracks/album/star-wars-jedi-knight-jedi-academy-gamerip,2026-10-05,Track title is taken from KHInsider's soundtrack/gamerip album index. Popularity is an explicitly labelled proxy based on BeatHit game rank and track prominence.,"{""culture_category"":""video_game_music"",""video_game"":""STAR WARS Jedi Knight - Jedi Academy"",""game_rank"":1295,""game_association_kind"":""khinsider_game_soundtrack"",""khinsider_album_url"":""https://downloads.khinsider.com/game-soundtracks/album/star-wars-jedi-knight-jedi-academy-gamerip"",""khinsider_album_title"":""Star Wars: Jedi Knight - Jedi Academy (star-wars-jedi-knight-jedi-academy-gamerip)"",""khinsider_album_kind"":""official_or_gamerip"",""khinsider_album_match_score"":100.0,""relevance_score_100"":100.0,""popularity_score_100"":26.215279052697767,""score_100"":70.4861116210791,""popularity_basis"":""BeatHit master-list game rank plus track position proxy""}"
114,Vjun- Castle Interior Atr00,Unknown credited artist,[],Star Wars: Jedi Knight - Jedi Academy (star-wars-jedi-knight-jedi-academy-gamerip),,,"[""video game soundtrack""]","[""und""]",,,,STAR WARS Jedi Knight - Jedi Academy,,,khinsider_track_prominence_proxy,26.005279052697766,score_0_100,,,,70.40211162107911,,,,https://downloads.khinsider.com/game-soundtracks/album/star-wars-jedi-knight-jedi-academy-gamerip,2026-10-05,Track title is taken from KHInsider's soundtrack/gamerip album index. Popularity is an explicitly labelled proxy based on BeatHit game rank and track prominence.,"{""culture_category"":""video_game_music"",""video_game"":""STAR WARS Jedi Knight - Jedi Academy"",""game_rank"":1295,""game_association_kind"":""khinsider_game_soundtrack"",""khinsider_album_url"":""https://downloads.khinsider.com/game-soundtracks/album/star-wars-jedi-knight-jedi-academy-gamerip"",""khinsider_album_title"":""Star Wars: Jedi Knight - Jedi Academy (star-wars-jedi-knight-jedi-academy-gamerip)"",""khinsider_album_kind"":""official_or_gamerip"",""khinsider_album_match_score"":100.0,""relevance_score_100"":100.0,""popularity_score_100"":26.005279052697766,""score_100"":70.40211162107911,""popularity_basis"":""BeatHit master-list game rank plus track position proxy""}"
115,Vjun- Castle Interior Atr01,Unknown credited artist,[],Star Wars: Jedi Knight - Jedi Academy (star-wars-jedi-knight-jedi-academy-gamerip),,,"[""video game soundtrack""]","[""und""]",,,,STAR WARS Jedi Knight - Jedi Academy,,,khinsider_track_prominence_proxy,25.795279052697765,score_0_100,,,,70.31811162107911,,,,https://downloads.khinsider.com/game-soundtracks/album/star-wars-jedi-knight-jedi-academy-gamerip,2026-10-05,Track title is taken from KHInsider's soundtrack/gamerip album index. Popularity is an explicitly labelled proxy based on BeatHit game rank and track prominence.,"{""culture_category"":""video_game_music"",""video_game"":""STAR WARS Jedi Knight - Jedi Academy"",""game_rank"":1295,""game_association_kind"":""khinsider_game_soundtrack"",""khinsider_album_url"":""https://downloads.khinsider.com/game-soundtracks/album/star-wars-jedi-knight-jedi-academy-gamerip"",""khinsider_album_title"":""Star Wars: Jedi Knight - Jedi Academy (star-wars-jedi-knight-jedi-academy-gamerip)"",""khinsider_album_kind"":""official_or_gamerip"",""khinsider_album_match_score"":100.0,""relevance_score_100"":100.0,""popularity_score_100"":25.795279052697765,""score_100"":70.31811162107911,""popularity_basis"":""BeatHit master-list game rank plus track position proxy""}"
116,Vjun- Castle Interior Atr02,Unknown credited artist,[],Star Wars: Jedi Knight - Jedi Academy (star-wars-jedi-knight-jedi-academy-gamerip),,,"[""video game soundtrack""]","[""und""]",,,,STAR WARS Jedi Knight - Jedi Academy,,,khinsider_track_prominence_proxy,25.585279052697764,score_0_100,,,,70.23411162107911,,,,https://downloads.khinsider.com/game-soundtracks/album/star-wars-jedi-knight-jedi-academy-gamerip,2026-10-05,Track title is taken from KHInsider's soundtrack/gamerip album index. Popularity is an explicitly labelled proxy based on BeatHit game rank and track prominence.,"{""culture_category"":""video_game_music"",""video_game"":""STAR WARS Jedi Knight - Jedi Academy"",""game_rank"":1295,""game_association_kind"":""khinsider_game_soundtrack"",""khinsider_album_url"":""https://downloads.khinsider.com/game-soundtracks/album/star-wars-jedi-knight-jedi-academy-gamerip"",""khinsider_album_title"":""Star Wars: Jedi Knight - Jedi Academy (star-wars-jedi-knight-jedi-academy-gamerip)"",""khinsider_album_kind"":""official_or_gamerip"",""khinsider_album_match_score"":100.0,""relevance_score_100"":100.0,""popularity_score_100"":25.585279052697764,""score_100"":70.23411162107911,""popularity_basis"":""BeatHit master-list game rank plus track position proxy""}"
117,Byss- Alien Base Explore,Unknown credited artist,[],Star Wars: Jedi Knight - Jedi Academy (star-wars-jedi-knight-jedi-academy-gamerip),,,"[""video game soundtrack""]","[""und""]",,,,STAR WARS Jedi Knight - Jedi Academy,,,khinsider_track_prominence_proxy,25.37527905269777,score_0_100,,,,70.1501116210791,,,,https://downloads.khinsider.com/game-soundtracks/album/star-wars-jedi-knight-jedi-academy-gamerip,2026-10-05,Track title is taken from KHInsider's soundtrack/gamerip album index. Popularity is an explicitly labelled proxy based on BeatHit game rank and track prominence.,"{""culture_category"":""video_game_music"",""video_game"":""STAR WARS Jedi Knight - Jedi Academy"",""game_rank"":1295,""game_association_kind"":""khinsider_game_soundtrack"",""khinsider_album_url"":""https://downloads.khinsider.com/game-soundtracks/album/star-wars-jedi-knight-jedi-academy-gamerip"",""khinsider_album_title"":""Star Wars: Jedi Knight - Jedi Academy (star-wars-jedi-knight-jedi-academy-gamerip)"",""khinsider_album_kind"":""official_or_gamerip"",""khinsider_album_match_score"":100.0,""relevance_score_100"":100.0,""popularity_score_100"":25.37527905269777,""score_100"":70.1501116210791,""popularity_basis"":""BeatHit master-list game rank plus track position proxy""}"
118,Byss- Alien Base Etr00,Unknown credited artist,[],Star Wars: Jedi Knight - Jedi Academy (star-wars-jedi-knight-jedi-academy-gamerip),,,"[""video game soundtrack""]","[""und""]",,,,STAR WARS Jedi Knight - Jedi Academy,,,khinsider_track_prominence_proxy,25.16527905269777,score_0_100,,,,70.0661116210791,,,,https://downloads.khinsider.com/game-soundtracks/album/star-wars-jedi-knight-jedi-academy-gamerip,2026-10-05,Track title is taken from KHInsider's soundtrack/gamerip album index. Popularity is an explicitly labelled proxy based on BeatHit game rank and track prominence.,"{""culture_category"":""video_game_music"",""video_game"":""STAR WARS Jedi Knight - Jedi Academy"",""game_rank"":1295,""game_association_kind"":""khinsider_game_soundtrack"",""khinsider_album_url"":""https://downloads.khinsider.com/game-soundtracks/album/star-wars-jedi-knight-jedi-academy-gamerip"",""khinsider_album_title"":""Star Wars: Jedi Knight - Jedi Academy (star-wars-jedi-knight-jedi-academy-gamerip)"",""khinsider_album_kind"":""official_or_gamerip"",""khinsider_album_match_score"":100.0,""relevance_score_100"":100.0,""popularity_score_100"":25.16527905269777,""score_100"":70.0661116210791,""popularity_basis"":""BeatHit master-list game rank plus track position proxy""}"
119,Byss- Alien Base Etr01,Unknown credited artist,[],Star Wars: Jedi Knight - Jedi Academy (star-wars-jedi-knight-jedi-academy-gamerip),,,"[""video game soundtrack""]","[""und""]",,,,STAR WARS Jedi Knight - Jedi Academy,,,khinsider_track_prominence_proxy,24.95527905269777,score_0_100,,,,69.98211162107911,,,,https://downloads.khinsider.com/game-soundtracks/album/star-wars-jedi-knight-jedi-academy-gamerip,2026-10-05,Track title is taken from KHInsider's soundtrack/gamerip album index. Popularity is an explicitly labelled proxy based on BeatHit game rank and track prominence.,"{""culture_category"":""video_game_music"",""video_game"":""STAR WARS Jedi Knight - Jedi Academy"",""game_rank"":1295,""game_association_kind"":""khinsider_game_soundtrack"",""khinsider_album_url"":""https://downloads.khinsider.com/game-soundtracks/album/star-wars-jedi-knight-jedi-academy-gamerip"",""khinsider_album_title"":""Star Wars: Jedi Knight - Jedi Academy (star-wars-jedi-knight-jedi-academy-gamerip)"",""khinsider_album_kind"":""official_or_gamerip"",""khinsider_album_match_score"":100.0,""relevance_score_100"":100.0,""popularity_score_100"":24.95527905269777,""score_100"":69.98211162107911,""popularity_basis"":""BeatHit master-list game rank plus track position proxy""}"
120,Byss- Alien Base Action,Unknown credited artist,[],Star Wars: Jedi Knight - Jedi Academy (star-wars-jedi-knight-jedi-academy-gamerip),,,"[""video game soundtrack""]","[""und""]",,,,STAR WARS Jedi Knight - Jedi Academy,,,khinsider_track_prominence_proxy,24.745279052697768,score_0_100,,,,69.89811162107911,,,,https://downloads.khinsider.com/game-soundtracks/album/star-wars-jedi-knight-jedi-academy-gamerip,2026-10-05,Track title is taken from KHInsider's soundtrack/gamerip album index. Popularity is an explicitly labelled proxy based on BeatHit game rank and track prominence.,"{""culture_category"":""video_game_music"",""video_game"":""STAR WARS Jedi Knight - Jedi Academy"",""game_rank"":1295,""game_association_kind"":""khinsider_game_soundtrack"",""khinsider_album_url"":""https://downloads.khinsider.com/game-soundtracks/album/star-wars-jedi-knight-jedi-academy-gamerip"",""khinsider_album_title"":""Star Wars: Jedi Knight - Jedi Academy (star-wars-jedi-knight-jedi-academy-gamerip)"",""khinsider_album_kind"":""official_or_gamerip"",""khinsider_album_match_score"":100.0,""relevance_score_100"":100.0,""popularity_score_100"":24.745279052697768,""score_100"":69.89811162107911,""popularity_basis"":""BeatHit master-list game rank plus track position proxy""}"
121,Byss- Alien Base Atr00,Unknown credited artist,[],Star Wars: Jedi Knight - Jedi Academy (star-wars-jedi-knight-jedi-academy-gamerip),,,"[""video game soundtrack""]","[""und""]",,,,STAR WARS Jedi Knight - Jedi Academy,,,khinsider_track_prominence_proxy,24.745279052697768,score_0_100,,,,69.89811162107911,,,,https://downloads.khinsider.com/game-soundtracks/album/star-wars-jedi-knight-jedi-academy-gamerip,2026-10-05,Track title is taken from KHInsider's soundtrack/gamerip album index. Popularity is an explicitly labelled proxy based on BeatHit game rank and track prominence.,"{""culture_category"":""video_game_music"",""video_game"":""STAR WARS Jedi Knight - Jedi Academy"",""game_rank"":1295,""game_association_kind"":""khinsider_game_soundtrack"",""khinsider_album_url"":""https://downloads.khinsider.com/game-soundtracks/album/star-wars-jedi-knight-jedi-academy-gamerip"",""khinsider_album_title"":""Star Wars: Jedi Knight - Jedi Academy (star-wars-jedi-knight-jedi-academy-gamerip)"",""khinsider_album_kind"":""official_or_gamerip"",""khinsider_album_match_score"":100.0,""relevance_score_100"":100.0,""popularity_score_100"":24.745279052697768,""score_100"":69.89811162107911,""popularity_basis"":""BeatHit master-list game rank plus track position proxy""}"
122,Byss- Alien Base Atr01,Unknown credited artist,[],Star Wars: Jedi Knight - Jedi Academy (star-wars-jedi-knight-jedi-academy-gamerip),,,"[""video game soundtrack""]","[""und""]",,,,STAR WARS Jedi Knight - Jedi Academy,,,khinsider_track_prominence_proxy,24.745279052697768,score_0_100,,,,69.89811162107911,,,,https://downloads.khinsider.com/game-soundtracks/album/star-wars-jedi-knight-jedi-academy-gamerip,2026-10-05,Track title is taken from KHInsider's soundtrack/gamerip album index. Popularity is an explicitly labelled proxy based on BeatHit game rank and track prominence.,"{""culture_category"":""video_game_music"",""video_game"":""STAR WARS Jedi Knight - Jedi Academy"",""game_rank"":1295,""game_association_kind"":""khinsider_game_soundtrack"",""khinsider_album_url"":""https://downloads.khinsider.com/game-soundtracks/album/star-wars-jedi-knight-jedi-academy-gamerip"",""khinsider_album_title"":""Star Wars: Jedi Knight - Jedi Academy (star-wars-jedi-knight-jedi-academy-gamerip)"",""khinsider_album_kind"":""official_or_gamerip"",""khinsider_album_match_score"":100.0,""relevance_score_100"":100.0,""popularity_score_100"":24.745279052697768,""score_100"":69.89811162107911,""popularity_basis"":""BeatHit master-list game rank plus track position proxy""}"
123,Byss- Alien Base Atr02,Unknown credited artist,[],Star Wars: Jedi Knight - Jedi Academy (star-wars-jedi-knight-jedi-academy-gamerip),,,"[""video game soundtrack""]","[""und""]",,,,STAR WARS Jedi Knight - Jedi Academy,,,khinsider_track_prominence_proxy,24.745279052697768,score_0_100,,,,69.89811162107911,,,,https://downloads.khinsider.com/game-soundtracks/album/star-wars-jedi-knight-jedi-academy-gamerip,2026-10-05,Track title is taken from KHInsider's soundtrack/gamerip album index. Popularity is an explicitly labelled proxy based on BeatHit game rank and track prominence.,"{""culture_category"":""video_game_music"",""video_game"":""STAR WARS Jedi Knight - Jedi Academy"",""game_rank"":1295,""game_association_kind"":""khinsider_game_soundtrack"",""khinsider_album_url"":""https://downloads.khinsider.com/game-soundtracks/album/star-wars-jedi-knight-jedi-academy-gamerip"",""khinsider_album_title"":""Star Wars: Jedi Knight - Jedi Academy (star-wars-jedi-knight-jedi-academy-gamerip)"",""khinsider_album_kind"":""official_or_gamerip"",""khinsider_album_match_score"":100.0,""relevance_score_100"":100.0,""popularity_score_100"":24.745279052697768,""score_100"":69.89811162107911,""popularity_basis"":""BeatHit master-list game rank plus track position proxy""}"
124,Korriban- Light Side Explore,Unknown credited artist,[],Star Wars: Jedi Knight - Jedi Academy (star-wars-jedi-knight-jedi-academy-gamerip),,,"[""video game soundtrack""]","[""und""]",,,,STAR WARS Jedi Knight - Jedi Academy,,,khinsider_track_prominence_proxy,24.745279052697768,score_0_100,,,,69.89811162107911,,,,https://downloads.khinsider.com/game-soundtracks/album/star-wars-jedi-knight-jedi-academy-gamerip,2026-10-05,Track title is taken from KHInsider's soundtrack/gamerip album index. Popularity is an explicitly labelled proxy based on BeatHit game rank and track prominence.,"{""culture_category"":""video_game_music"",""video_game"":""STAR WARS Jedi Knight - Jedi Academy"",""game_rank"":1295,""game_association_kind"":""khinsider_game_soundtrack"",""khinsider_album_url"":""https://downloads.khinsider.com/game-soundtracks/album/star-wars-jedi-knight-jedi-academy-gamerip"",""khinsider_album_title"":""Star Wars: Jedi Knight - Jedi Academy (star-wars-jedi-knight-jedi-academy-gamerip)"",""khinsider_album_kind"":""official_or_gamerip"",""khinsider_album_match_score"":100.0,""relevance_score_100"":100.0,""popularity_score_100"":24.745279052697768,""score_100"":69.89811162107911,""popularity_basis"":""BeatHit master-list game rank plus track position proxy""}"
125,Korriban- Light Side Etr00,Unknown credited artist,[],Star Wars: Jedi Knight - Jedi Academy (star-wars-jedi-knight-jedi-academy-gamerip),,,"[""video game soundtrack""]","[""und""]",,,,STAR WARS Jedi Knight - Jedi Academy,,,khinsider_track_prominence_proxy,24.745279052697768,score_0_100,,,,69.89811162107911,,,,https://downloads.khinsider.com/game-soundtracks/album/star-wars-jedi-knight-jedi-academy-gamerip,2026-10-05,Track title is taken from KHInsider's soundtrack/gamerip album index. Popularity is an explicitly labelled proxy based on BeatHit game rank and track prominence.,"{""culture_category"":""video_game_music"",""video_game"":""STAR WARS Jedi Knight - Jedi Academy"",""game_rank"":1295,""game_association_kind"":""khinsider_game_soundtrack"",""khinsider_album_url"":""https://downloads.khinsider.com/game-soundtracks/album/star-wars-jedi-knight-jedi-academy-gamerip"",""khinsider_album_title"":""Star Wars: Jedi Knight - Jedi Academy (star-wars-jedi-knight-jedi-academy-gamerip)"",""khinsider_album_kind"":""official_or_gamerip"",""khinsider_album_match_score"":100.0,""relevance_score_100"":100.0,""popularity_score_100"":24.745279052697768,""score_100"":69.89811162107911,""popularity_basis"":""BeatHit master-list game rank plus track position proxy""}"
126,Korriban- Light Side Etr01,Unknown credited artist,[],Star Wars: Jedi Knight - Jedi Academy (star-wars-jedi-knight-jedi-academy-gamerip),,,"[""video game soundtrack""]","[""und""]",,,,STAR WARS Jedi Knight - Jedi Academy,,,khinsider_track_prominence_proxy,24.745279052697768,score_0_100,,,,69.89811162107911,,,,https://downloads.khinsider.com/game-soundtracks/album/star-wars-jedi-knight-jedi-academy-gamerip,2026-10-05,Track title is taken from KHInsider's soundtrack/gamerip album index. Popularity is an explicitly labelled proxy based on BeatHit game rank and track prominence.,"{""culture_category"":""video_game_music"",""video_game"":""STAR WARS Jedi Knight - Jedi Academy"",""game_rank"":1295,""game_association_kind"":""khinsider_game_soundtrack"",""khinsider_album_url"":""https://downloads.khinsider.com/game-soundtracks/album/star-wars-jedi-knight-jedi-academy-gamerip"",""khinsider_album_title"":""Star Wars: Jedi Knight - Jedi Academy (star-wars-jedi-knight-jedi-academy-gamerip)"",""khinsider_album_kind"":""official_or_gamerip"",""khinsider_album_match_score"":100.0,""relevance_score_100"":100.0,""popularity_score_100"":24.745279052697768,""score_100"":69.89811162107911,""popularity_basis"":""BeatHit master-list game rank plus track position proxy""}"
127,Korriban- Dark Side Explore,Unknown credited artist,[],Star Wars: Jedi Knight - Jedi Academy (star-wars-jedi-knight-jedi-academy-gamerip),,,"[""video game soundtrack""]","[""und""]",,,,STAR WARS Jedi Knight - Jedi Academy,,,khinsider_track_prominence_proxy,24.745279052697768,score_0_100,,,,69.89811162107911,,,,https://downloads.khinsider.com/game-soundtracks/album/star-wars-jedi-knight-jedi-academy-gamerip,2026-10-05,Track title is taken from KHInsider's soundtrack/gamerip album index. Popularity is an explicitly labelled proxy based on BeatHit game rank and track prominence.,"{""culture_category"":""video_game_music"",""video_game"":""STAR WARS Jedi Knight - Jedi Academy"",""game_rank"":1295,""game_association_kind"":""khinsider_game_soundtrack"",""khinsider_album_url"":""https://downloads.khinsider.com/game-soundtracks/album/star-wars-jedi-knight-jedi-academy-gamerip"",""khinsider_album_title"":""Star Wars: Jedi Knight - Jedi Academy (star-wars-jedi-knight-jedi-academy-gamerip)"",""khinsider_album_kind"":""official_or_gamerip"",""khinsider_album_match_score"":100.0,""relevance_score_100"":100.0,""popularity_score_100"":24.745279052697768,""score_100"":69.89811162107911,""popularity_basis"":""BeatHit master-list game rank plus track position proxy""}"
128,Korriban- Dark Side Etr00,Unknown credited artist,[],Star Wars: Jedi Knight - Jedi Academy (star-wars-jedi-knight-jedi-academy-gamerip),,,"[""video game soundtrack""]","[""und""]",,,,STAR WARS Jedi Knight - Jedi Academy,,,khinsider_track_prominence_proxy,24.745279052697768,score_0_100,,,,69.89811162107911,,,,https://downloads.khinsider.com/game-soundtracks/album/star-wars-jedi-knight-jedi-academy-gamerip,2026-10-05,Track title is taken from KHInsider's soundtrack/gamerip album index. Popularity is an explicitly labelled proxy based on BeatHit game rank and track prominence.,"{""culture_category"":""video_game_music"",""video_game"":""STAR WARS Jedi Knight - Jedi Academy"",""game_rank"":1295,""game_association_kind"":""khinsider_game_soundtrack"",""khinsider_album_url"":""https://downloads.khinsider.com/game-soundtracks/album/star-wars-jedi-knight-jedi-academy-gamerip"",""khinsider_album_title"":""Star Wars: Jedi Knight - Jedi Academy (star-wars-jedi-knight-jedi-academy-gamerip)"",""khinsider_album_kind"":""official_or_gamerip"",""khinsider_album_match_score"":100.0,""relevance_score_100"":100.0,""popularity_score_100"":24.745279052697768,""score_100"":69.89811162107911,""popularity_basis"":""BeatHit master-list game rank plus track position proxy""}"
129,Korriban- Dark Side Etr01,Unknown credited artist,[],Star Wars: Jedi Knight - Jedi Academy (star-wars-jedi-knight-jedi-academy-gamerip),,,"[""video game soundtrack""]","[""und""]",,,,STAR WARS Jedi Knight - Jedi Academy,,,khinsider_track_prominence_proxy,24.745279052697768,score_0_100,,,,69.89811162107911,,,,https://downloads.khinsider.com/game-soundtracks/album/star-wars-jedi-knight-jedi-academy-gamerip,2026-10-05,Track title is taken from KHInsider's soundtrack/gamerip album index. Popularity is an explicitly labelled proxy based on BeatHit game rank and track prominence.,"{""culture_category"":""video_game_music"",""video_game"":""STAR WARS Jedi Knight - Jedi Academy"",""game_rank"":1295,""game_association_kind"":""khinsider_game_soundtrack"",""khinsider_album_url"":""https://downloads.khinsider.com/game-soundtracks/album/star-wars-jedi-knight-jedi-academy-gamerip"",""khinsider_album_title"":""Star Wars: Jedi Knight - Jedi Academy (star-wars-jedi-knight-jedi-academy-gamerip)"",""khinsider_album_kind"":""official_or_gamerip"",""khinsider_album_match_score"":100.0,""relevance_score_100"":100.0,""popularity_score_100"":24.745279052697768,""score_100"":69.89811162107911,""popularity_basis"":""BeatHit master-list game rank plus track position proxy""}"
130,Korriban- Tomb of Marka Ragnos Action,Unknown credited artist,[],Star Wars: Jedi Knight - Jedi Academy (star-wars-jedi-knight-jedi-academy-gamerip),,,"[""video game soundtrack""]","[""und""]",,,,STAR WARS Jedi Knight - Jedi Academy,,,khinsider_track_prominence_proxy,24.745279052697768,score_0_100,,,,69.89811162107911,,,,https://downloads.khinsider.com/game-soundtracks/album/star-wars-jedi-knight-jedi-academy-gamerip,2026-10-05,Track title is taken from KHInsider's soundtrack/gamerip album index. Popularity is an explicitly labelled proxy based on BeatHit game rank and track prominence.,"{""culture_category"":""video_game_music"",""video_game"":""STAR WARS Jedi Knight - Jedi Academy"",""game_rank"":1295,""game_association_kind"":""khinsider_game_soundtrack"",""khinsider_album_url"":""https://downloads.khinsider.com/game-soundtracks/album/star-wars-jedi-knight-jedi-academy-gamerip"",""khinsider_album_title"":""Star Wars: Jedi Knight - Jedi Academy (star-wars-jedi-knight-jedi-academy-gamerip)"",""khinsider_album_kind"":""official_or_gamerip"",""khinsider_album_match_score"":100.0,""relevance_score_100"":100.0,""popularity_score_100"":24.745279052697768,""score_100"":69.89811162107911,""popularity_basis"":""BeatHit master-list game rank plus track position proxy""}"
131,Korriban- Tomb of Marka Ragnos Atr00,Unknown credited artist,[],Star Wars: Jedi Knight - Jedi Academy (star-wars-jedi-knight-jedi-academy-gamerip),,,"[""video game soundtrack""]","[""und""]",,,,STAR WARS Jedi Knight - Jedi Academy,,,khinsider_track_prominence_proxy,24.745279052697768,score_0_100,,,,69.89811162107911,,,,https://downloads.khinsider.com/game-soundtracks/album/star-wars-jedi-knight-jedi-academy-gamerip,2026-10-05,Track title is taken from KHInsider's soundtrack/gamerip album index. Popularity is an explicitly labelled proxy based on BeatHit game rank and track prominence.,"{""culture_category"":""video_game_music"",""video_game"":""STAR WARS Jedi Knight - Jedi Academy"",""game_rank"":1295,""game_association_kind"":""khinsider_game_soundtrack"",""khinsider_album_url"":""https://downloads.khinsider.com/game-soundtracks/album/star-wars-jedi-knight-jedi-academy-gamerip"",""khinsider_album_title"":""Star Wars: Jedi Knight - Jedi Academy (star-wars-jedi-knight-jedi-academy-gamerip)"",""khinsider_album_kind"":""official_or_gamerip"",""khinsider_album_match_score"":100.0,""relevance_score_100"":100.0,""popularity_score_100"":24.745279052697768,""score_100"":69.89811162107911,""popularity_basis"":""BeatHit master-list game rank plus track position proxy""}"
132,Korriban- Tomb of Marka Ragnos Atr01,Unknown credited artist,[],Star Wars: Jedi Knight - Jedi Academy (star-wars-jedi-knight-jedi-academy-gamerip),,,"[""video game soundtrack""]","[""und""]",,,,STAR WARS Jedi Knight - Jedi Academy,,,khinsider_track_prominence_proxy,24.745279052697768,score_0_100,,,,69.89811162107911,,,,https://downloads.khinsider.com/game-soundtracks/album/star-wars-jedi-knight-jedi-academy-gamerip,2026-10-05,Track title is taken from KHInsider's soundtrack/gamerip album index. Popularity is an explicitly labelled proxy based on BeatHit game rank and track prominence.,"{""culture_category"":""video_game_music"",""video_game"":""STAR WARS Jedi Knight - Jedi Academy"",""game_rank"":1295,""game_association_kind"":""khinsider_game_soundtrack"",""khinsider_album_url"":""https://downloads.khinsider.com/game-soundtracks/album/star-wars-jedi-knight-jedi-academy-gamerip"",""khinsider_album_title"":""Star Wars: Jedi Knight - Jedi Academy (star-wars-jedi-knight-jedi-academy-gamerip)"",""khinsider_album_kind"":""official_or_gamerip"",""khinsider_album_match_score"":100.0,""relevance_score_100"":100.0,""popularity_score_100"":24.745279052697768,""score_100"":69.89811162107911,""popularity_basis"":""BeatHit master-list game rank plus track position proxy""}"
133,Korriban- Tomb of Marka Ragnos Atr02,Unknown credited artist,[],Star Wars: Jedi Knight - Jedi Academy (star-wars-jedi-knight-jedi-academy-gamerip),,,"[""video game soundtrack""]","[""und""]",,,,STAR WARS Jedi Knight - Jedi Academy,,,khinsider_track_prominence_proxy,24.745279052697768,score_0_100,,,,69.89811162107911,,,,https://downloads.khinsider.com/game-soundtracks/album/star-wars-jedi-knight-jedi-academy-gamerip,2026-10-05,Track title is taken from KHInsider's soundtrack/gamerip album index. Popularity is an explicitly labelled proxy based on BeatHit game rank and track prominence.,"{""culture_category"":""video_game_music"",""video_game"":""STAR WARS Jedi Knight - Jedi Academy"",""game_rank"":1295,""game_association_kind"":""khinsider_game_soundtrack"",""khinsider_album_url"":""https://downloads.khinsider.com/game-soundtracks/album/star-wars-jedi-knight-jedi-academy-gamerip"",""khinsider_album_title"":""Star Wars: Jedi Knight - Jedi Academy (star-wars-jedi-knight-jedi-academy-gamerip)"",""khinsider_album_kind"":""official_or_gamerip"",""khinsider_album_match_score"":100.0,""relevance_score_100"":100.0,""popularity_score_100"":24.745279052697768,""score_100"":69.89811162107911,""popularity_basis"":""BeatHit master-list game rank plus track position proxy""}"
134,Korriban- Tomb of Marka Ragnos Atr03,Unknown credited artist,[],Star Wars: Jedi Knight - Jedi Academy (star-wars-jedi-knight-jedi-academy-gamerip),,,"[""video game soundtrack""]","[""und""]",,,,STAR WARS Jedi Knight - Jedi Academy,,,khinsider_track_prominence_proxy,24.745279052697768,score_0_100,,,,69.89811162107911,,,,https://downloads.khinsider.com/game-soundtracks/album/star-wars-jedi-knight-jedi-academy-gamerip,2026-10-05,Track title is taken from KHInsider's soundtrack/gamerip album index. Popularity is an explicitly labelled proxy based on BeatHit game rank and track prominence.,"{""culture_category"":""video_game_music"",""video_game"":""STAR WARS Jedi Knight - Jedi Academy"",""game_rank"":1295,""game_association_kind"":""khinsider_game_soundtrack"",""khinsider_album_url"":""https://downloads.khinsider.com/game-soundtracks/album/star-wars-jedi-knight-jedi-academy-gamerip"",""khinsider_album_title"":""Star Wars: Jedi Knight - Jedi Academy (star-wars-jedi-knight-jedi-academy-gamerip)"",""khinsider_album_kind"":""official_or_gamerip"",""khinsider_album_match_score"":100.0,""relevance_score_100"":100.0,""popularity_score_100"":24.745279052697768,""score_100"":69.89811162107911,""popularity_basis"":""BeatHit master-list game rank plus track position proxy""}"
135,Final Battle,Unknown credited artist,[],Star Wars: Jedi Knight - Jedi Academy (star-wars-jedi-knight-jedi-academy-gamerip),,,"[""video game soundtrack""]","[""und""]",,,,STAR WARS Jedi Knight - Jedi Academy,,,khinsider_track_prominence_proxy,24.745279052697768,score_0_100,,,,69.89811162107911,,,,https://downloads.khinsider.com/game-soundtracks/album/star-wars-jedi-knight-jedi-academy-gamerip,2026-10-05,Track title is taken from KHInsider's soundtrack/gamerip album index. Popularity is an explicitly labelled proxy based on BeatHit game rank and track prominence.,"{""culture_category"":""video_game_music"",""video_game"":""STAR WARS Jedi Knight - Jedi Academy"",""game_rank"":1295,""game_association_kind"":""khinsider_game_soundtrack"",""khinsider_album_url"":""https://downloads.khinsider.com/game-soundtracks/album/star-wars-jedi-knight-jedi-academy-gamerip"",""khinsider_album_title"":""Star Wars: Jedi Knight - Jedi Academy (star-wars-jedi-knight-jedi-academy-gamerip)"",""khinsider_album_kind"":""official_or_gamerip"",""khinsider_album_match_score"":100.0,""relevance_score_100"":100.0,""popularity_score_100"":24.745279052697768,""score_100"":69.89811162107911,""popularity_basis"":""BeatHit master-list game rank plus track position proxy""}"
136,Light Side Ending,Unknown credited artist,[],Star Wars: Jedi Knight - Jedi Academy (star-wars-jedi-knight-jedi-academy-gamerip),,,"[""video game soundtrack""]","[""und""]",,,,STAR WARS Jedi Knight - Jedi Academy,,,khinsider_track_prominence_proxy,24.745279052697768,score_0_100,,,,69.89811162107911,,,,https://downloads.khinsider.com/game-soundtracks/album/star-wars-jedi-knight-jedi-academy-gamerip,2026-10-05,Track title is taken from KHInsider's soundtrack/gamerip album index. Popularity is an explicitly labelled proxy based on BeatHit game rank and track prominence.,"{""culture_category"":""video_game_music"",""video_game"":""STAR WARS Jedi Knight - Jedi Academy"",""game_rank"":1295,""game_association_kind"":""khinsider_game_soundtrack"",""khinsider_album_url"":""https://downloads.khinsider.com/game-soundtracks/album/star-wars-jedi-knight-jedi-academy-gamerip"",""khinsider_album_title"":""Star Wars: Jedi Knight - Jedi Academy (star-wars-jedi-knight-jedi-academy-gamerip)"",""khinsider_album_kind"":""official_or_gamerip"",""khinsider_album_match_score"":100.0,""relevance_score_100"":100.0,""popularity_score_100"":24.745279052697768,""score_100"":69.89811162107911,""popularity_basis"":""BeatHit master-list game rank plus track position proxy""}"
137,Dark Side Ending,Unknown credited artist,[],Star Wars: Jedi Knight - Jedi Academy (star-wars-jedi-knight-jedi-academy-gamerip),,,"[""video game soundtrack""]","[""und""]",,,,STAR WARS Jedi Knight - Jedi Academy,,,khinsider_track_prominence_proxy,24.745279052697768,score_0_100,,,,69.89811162107911,,,,https://downloads.khinsider.com/game-soundtracks/album/star-wars-jedi-knight-jedi-academy-gamerip,2026-10-05,Track title is taken from KHInsider's soundtrack/gamerip album index. Popularity is an explicitly labelled proxy based on BeatHit game rank and track prominence.,"{""culture_category"":""video_game_music"",""video_game"":""STAR WARS Jedi Knight - Jedi Academy"",""game_rank"":1295,""game_association_kind"":""khinsider_game_soundtrack"",""khinsider_album_url"":""https://downloads.khinsider.com/game-soundtracks/album/star-wars-jedi-knight-jedi-academy-gamerip"",""khinsider_album_title"":""Star Wars: Jedi Knight - Jedi Academy (star-wars-jedi-knight-jedi-academy-gamerip)"",""khinsider_album_kind"":""official_or_gamerip"",""khinsider_album_match_score"":100.0,""relevance_score_100"":100.0,""popularity_score_100"":24.745279052697768,""score_100"":69.89811162107911,""popularity_basis"":""BeatHit master-list game rank plus track position proxy""}"
138,Staff Roll,Unknown credited artist,[],Star Wars: Jedi Knight - Jedi Academy (star-wars-jedi-knight-jedi-academy-gamerip),,,"[""video game soundtrack""]","[""und""]",,,,STAR WARS Jedi Knight - Jedi Academy,,,khinsider_track_prominence_proxy,24.745279052697768,score_0_100,,,,69.89811162107911,,,,https://downloads.khinsider.com/game-soundtracks/album/star-wars-jedi-knight-jedi-academy-gamerip,2026-10-05,Track title is taken from KHInsider's soundtrack/gamerip album index. Popularity is an explicitly labelled proxy based on BeatHit game rank and track prominence.,"{""culture_category"":""video_game_music"",""video_game"":""STAR WARS Jedi Knight - Jedi Academy"",""game_rank"":1295,""game_association_kind"":""khinsider_game_soundtrack"",""khinsider_album_url"":""https://downloads.khinsider.com/game-soundtracks/album/star-wars-jedi-knight-jedi-academy-gamerip"",""khinsider_album_title"":""Star Wars: Jedi Knight - Jedi Academy (star-wars-jedi-knight-jedi-academy-gamerip)"",""khinsider_album_kind"":""official_or_gamerip"",""khinsider_album_match_score"":100.0,""relevance_score_100"":100.0,""popularity_score_100"":24.745279052697768,""score_100"":69.89811162107911,""popularity_basis"":""BeatHit master-list game rank plus track position proxy""}"
139,Multiplayer- Duel,Unknown credited artist,[],Star Wars: Jedi Knight - Jedi Academy (star-wars-jedi-knight-jedi-academy-gamerip),,,"[""video game soundtrack""]","[""und""]",,,,STAR WARS Jedi Knight - Jedi Academy,,,khinsider_track_prominence_proxy,24.745279052697768,score_0_100,,,,69.89811162107911,,,,https://downloads.khinsider.com/game-soundtracks/album/star-wars-jedi-knight-jedi-academy-gamerip,2026-10-05,Track title is taken from KHInsider's soundtrack/gamerip album index. Popularity is an explicitly labelled proxy based on BeatHit game rank and track prominence.,"{""culture_category"":""video_game_music"",""video_game"":""STAR WARS Jedi Knight - Jedi Academy"",""game_rank"":1295,""game_association_kind"":""khinsider_game_soundtrack"",""khinsider_album_url"":""https://downloads.khinsider.com/game-soundtracks/album/star-wars-jedi-knight-jedi-academy-gamerip"",""khinsider_album_title"":""Star Wars: Jedi Knight - Jedi Academy (star-wars-jedi-knight-jedi-academy-gamerip)"",""khinsider_album_kind"":""official_or_gamerip"",""khinsider_album_match_score"":100.0,""relevance_score_100"":100.0,""popularity_score_100"":24.745279052697768,""score_100"":69.89811162107911,""popularity_basis"":""BeatHit master-list game rank plus track position proxy""}"
140,Multiplayer- Action 1,Unknown credited artist,[],Star Wars: Jedi Knight - Jedi Academy (star-wars-jedi-knight-jedi-academy-gamerip),,,"[""video game soundtrack""]","[""und""]",,,,STAR WARS Jedi Knight - Jedi Academy,,,khinsider_track_prominence_proxy,24.745279052697768,score_0_100,,,,69.89811162107911,,,,https://downloads.khinsider.com/game-soundtracks/album/star-wars-jedi-knight-jedi-academy-gamerip,2026-10-05,Track title is taken from KHInsider's soundtrack/gamerip album index. Popularity is an explicitly labelled proxy based on BeatHit game rank and track prominence.,"{""culture_category"":""video_game_music"",""video_game"":""STAR WARS Jedi Knight - Jedi Academy"",""game_rank"":1295,""game_association_kind"":""khinsider_game_soundtrack"",""khinsider_album_url"":""https://downloads.khinsider.com/game-soundtracks/album/star-wars-jedi-knight-jedi-academy-gamerip"",""khinsider_album_title"":""Star Wars: Jedi Knight - Jedi Academy (star-wars-jedi-knight-jedi-academy-gamerip)"",""khinsider_album_kind"":""official_or_gamerip"",""khinsider_album_match_score"":100.0,""relevance_score_100"":100.0,""popularity_score_100"":24.745279052697768,""score_100"":69.89811162107911,""popularity_basis"":""BeatHit master-list game rank plus track position proxy""}"
141,Multiplayer- Action 2,Unknown credited artist,[],Star Wars: Jedi Knight - Jedi Academy (star-wars-jedi-knight-jedi-academy-gamerip),,,"[""video game soundtrack""]","[""und""]",,,,STAR WARS Jedi Knight - Jedi Academy,,,khinsider_track_prominence_proxy,24.745279052697768,score_0_100,,,,69.89811162107911,,,,https://downloads.khinsider.com/game-soundtracks/album/star-wars-jedi-knight-jedi-academy-gamerip,2026-10-05,Track title is taken from KHInsider's soundtrack/gamerip album index. Popularity is an explicitly labelled proxy based on BeatHit game rank and track prominence.,"{""culture_category"":""video_game_music"",""video_game"":""STAR WARS Jedi Knight - Jedi Academy"",""game_rank"":1295,""game_association_kind"":""khinsider_game_soundtrack"",""khinsider_album_url"":""https://downloads.khinsider.com/game-soundtracks/album/star-wars-jedi-knight-jedi-academy-gamerip"",""khinsider_album_title"":""Star Wars: Jedi Knight - Jedi Academy (star-wars-jedi-knight-jedi-academy-gamerip)"",""khinsider_album_kind"":""official_or_gamerip"",""khinsider_album_match_score"":100.0,""relevance_score_100"":100.0,""popularity_score_100"":24.745279052697768,""score_100"":69.89811162107911,""popularity_basis"":""BeatHit master-list game rank plus track position proxy""}"
142,Multiplayer- Action 3,Unknown credited artist,[],Star Wars: Jedi Knight - Jedi Academy (star-wars-jedi-knight-jedi-academy-gamerip),,,"[""video game soundtrack""]","[""und""]",,,,STAR WARS Jedi Knight - Jedi Academy,,,khinsider_track_prominence_proxy,24.745279052697768,score_0_100,,,,69.89811162107911,,,,https://downloads.khinsider.com/game-soundtracks/album/star-wars-jedi-knight-jedi-academy-gamerip,2026-10-05,Track title is taken from KHInsider's soundtrack/gamerip album index. Popularity is an explicitly labelled proxy based on BeatHit game rank and track prominence.,"{""culture_category"":""video_game_music"",""video_game"":""STAR WARS Jedi Knight - Jedi Academy"",""game_rank"":1295,""game_association_kind"":""khinsider_game_soundtrack"",""khinsider_album_url"":""https://downloads.khinsider.com/game-soundtracks/album/star-wars-jedi-knight-jedi-academy-gamerip"",""khinsider_album_title"":""Star Wars: Jedi Knight - Jedi Academy (star-wars-jedi-knight-jedi-academy-gamerip)"",""khinsider_album_kind"":""official_or_gamerip"",""khinsider_album_match_score"":100.0,""relevance_score_100"":100.0,""popularity_score_100"":24.745279052697768,""score_100"":69.89811162107911,""popularity_basis"":""BeatHit master-list game rank plus track position proxy""}"
143,Multiplayer- Action 4,Unknown credited artist,[],Star Wars: Jedi Knight - Jedi Academy (star-wars-jedi-knight-jedi-academy-gamerip),,,"[""video game soundtrack""]","[""und""]",,,,STAR WARS Jedi Knight - Jedi Academy,,,khinsider_track_prominence_proxy,24.745279052697768,score_0_100,,,,69.89811162107911,,,,https://downloads.khinsider.com/game-soundtracks/album/star-wars-jedi-knight-jedi-academy-gamerip,2026-10-05,Track title is taken from KHInsider's soundtrack/gamerip album index. Popularity is an explicitly labelled proxy based on BeatHit game rank and track prominence.,"{""culture_category"":""video_game_music"",""video_game"":""STAR WARS Jedi Knight - Jedi Academy"",""game_rank"":1295,""game_association_kind"":""khinsider_game_soundtrack"",""khinsider_album_url"":""https://downloads.khinsider.com/game-soundtracks/album/star-wars-jedi-knight-jedi-academy-gamerip"",""khinsider_album_title"":""Star Wars: Jedi Knight - Jedi Academy (star-wars-jedi-knight-jedi-academy-gamerip)"",""khinsider_album_kind"":""official_or_gamerip"",""khinsider_album_match_score"":100.0,""relevance_score_100"":100.0,""popularity_score_100"":24.745279052697768,""score_100"":69.89811162107911,""popularity_basis"":""BeatHit master-list game rank plus track position proxy""}"
144,Artus Topside,Unknown credited artist,[],Star Wars: Jedi Knight - Jedi Academy (star-wars-jedi-knight-jedi-academy-gamerip),,,"[""video game soundtrack""]","[""und""]",,,,STAR WARS Jedi Knight - Jedi Academy,,,khinsider_track_prominence_proxy,24.745279052697768,score_0_100,,,,69.89811162107911,,,,https://downloads.khinsider.com/game-soundtracks/album/star-wars-jedi-knight-jedi-academy-gamerip,2026-10-05,Track title is taken from KHInsider's soundtrack/gamerip album index. Popularity is an explicitly labelled proxy based on BeatHit game rank and track prominence.,"{""culture_category"":""video_game_music"",""video_game"":""STAR WARS Jedi Knight - Jedi Academy"",""game_rank"":1295,""game_association_kind"":""khinsider_game_soundtrack"",""khinsider_album_url"":""https://downloads.khinsider.com/game-soundtracks/album/star-wars-jedi-knight-jedi-academy-gamerip"",""khinsider_album_title"":""Star Wars: Jedi Knight - Jedi Academy (star-wars-jedi-knight-jedi-academy-gamerip)"",""khinsider_album_kind"":""official_or_gamerip"",""khinsider_album_match_score"":100.0,""relevance_score_100"":100.0,""popularity_score_100"":24.745279052697768,""score_100"":69.89811162107911,""popularity_basis"":""BeatHit master-list game rank plus track position proxy""}"
145,Bespin Streets,Unknown credited artist,[],Star Wars: Jedi Knight - Jedi Academy (star-wars-jedi-knight-jedi-academy-gamerip),,,"[""video game soundtrack""]","[""und""]",,,,STAR WARS Jedi Knight - Jedi Academy,,,khinsider_track_prominence_proxy,24.745279052697768,score_0_100,,,,69.89811162107911,,,,https://downloads.khinsider.com/game-soundtracks/album/star-wars-jedi-knight-jedi-academy-gamerip,2026-10-05,Track title is taken from KHInsider's soundtrack/gamerip album index. Popularity is an explicitly labelled proxy based on BeatHit game rank and track prominence.,"{""culture_category"":""video_game_music"",""video_game"":""STAR WARS Jedi Knight - Jedi Academy"",""game_rank"":1295,""game_association_kind"":""khinsider_game_soundtrack"",""khinsider_album_url"":""https://downloads.khinsider.com/game-soundtracks/album/star-wars-jedi-knight-jedi-academy-gamerip"",""khinsider_album_title"":""Star Wars: Jedi Knight - Jedi Academy (star-wars-jedi-knight-jedi-academy-gamerip)"",""khinsider_album_kind"":""official_or_gamerip"",""khinsider_album_match_score"":100.0,""relevance_score_100"":100.0,""popularity_score_100"":24.745279052697768,""score_100"":69.89811162107911,""popularity_basis"":""BeatHit master-list game rank plus track position proxy""}"
146,Death,Unknown credited artist,[],Star Wars: Jedi Knight - Jedi Academy (star-wars-jedi-knight-jedi-academy-gamerip),,,"[""video game soundtrack""]","[""und""]",,,,STAR WARS Jedi Knight - Jedi Academy,,,khinsider_track_prominence_proxy,24.745279052697768,score_0_100,,,,69.89811162107911,,,,https://downloads.khinsider.com/game-soundtracks/album/star-wars-jedi-knight-jedi-academy-gamerip,2026-10-05,Track title is taken from KHInsider's soundtrack/gamerip album index. Popularity is an explicitly labelled proxy based on BeatHit game rank and track prominence.,"{""culture_category"":""video_game_music"",""video_game"":""STAR WARS Jedi Knight - Jedi Academy"",""game_rank"":1295,""game_association_kind"":""khinsider_game_soundtrack"",""khinsider_album_url"":""https://downloads.khinsider.com/game-soundtracks/album/star-wars-jedi-knight-jedi-academy-gamerip"",""khinsider_album_title"":""Star Wars: Jedi Knight - Jedi Academy (star-wars-jedi-knight-jedi-academy-gamerip)"",""khinsider_album_kind"":""official_or_gamerip"",""khinsider_album_match_score"":100.0,""relevance_score_100"":100.0,""popularity_score_100"":24.745279052697768,""score_100"":69.89811162107911,""popularity_basis"":""BeatHit master-list game rank plus track position proxy""}"
