rank,title,main_artist,featured_artists,album,release_date,release_year,genres,languages,composer,anime_title,anime_popularity,screen_work,vtuber,is_original,metric_name,metric_value,metric_unit,listen_count,listen_source,view_count,overall_popularity_score,spotify_track_id,musicbrainz_recording_mbid,isrc,source_url,retrieved_at,source_notes,extra
1,MX Test Intro 1,Unknown credited artist,[],Orcs Must Die! (orcs-must-die-gamerip),,,"[""video game soundtrack""]","[""und""]",,,,Orcs Must Die!,,,khinsider_track_prominence_proxy,45.09076559835678,score_0_100,,,,78.03630623934271,,,,https://downloads.khinsider.com/game-soundtracks/album/orcs-must-die-gamerip,2026-10-05,Track title is taken from KHInsider's soundtrack/gamerip album index. Popularity is an explicitly labelled proxy based on BeatHit game rank and track prominence.,"{""culture_category"":""video_game_music"",""video_game"":""Orcs Must Die!"",""game_rank"":1373,""game_association_kind"":""khinsider_game_soundtrack"",""khinsider_album_url"":""https://downloads.khinsider.com/game-soundtracks/album/orcs-must-die-gamerip"",""khinsider_album_title"":""Orcs Must Die! (orcs-must-die-gamerip)"",""khinsider_album_kind"":""official_or_gamerip"",""khinsider_album_match_score"":100.0,""relevance_score_100"":100.0,""popularity_score_100"":45.09076559835678,""score_100"":78.03630623934271,""popularity_basis"":""BeatHit master-list game rank plus track position proxy""}"
2,MX Test Intro 2,Unknown credited artist,[],Orcs Must Die! (orcs-must-die-gamerip),,,"[""video game soundtrack""]","[""und""]",,,,Orcs Must Die!,,,khinsider_track_prominence_proxy,44.88076559835678,score_0_100,,,,77.95230623934272,,,,https://downloads.khinsider.com/game-soundtracks/album/orcs-must-die-gamerip,2026-10-05,Track title is taken from KHInsider's soundtrack/gamerip album index. Popularity is an explicitly labelled proxy based on BeatHit game rank and track prominence.,"{""culture_category"":""video_game_music"",""video_game"":""Orcs Must Die!"",""game_rank"":1373,""game_association_kind"":""khinsider_game_soundtrack"",""khinsider_album_url"":""https://downloads.khinsider.com/game-soundtracks/album/orcs-must-die-gamerip"",""khinsider_album_title"":""Orcs Must Die! (orcs-must-die-gamerip)"",""khinsider_album_kind"":""official_or_gamerip"",""khinsider_album_match_score"":100.0,""relevance_score_100"":100.0,""popularity_score_100"":44.88076559835678,""score_100"":77.95230623934272,""popularity_basis"":""BeatHit master-list game rank plus track position proxy""}"
3,MX Test Intro 3,Unknown credited artist,[],Orcs Must Die! (orcs-must-die-gamerip),,,"[""video game soundtrack""]","[""und""]",,,,Orcs Must Die!,,,khinsider_track_prominence_proxy,44.67076559835678,score_0_100,,,,77.86830623934272,,,,https://downloads.khinsider.com/game-soundtracks/album/orcs-must-die-gamerip,2026-10-05,Track title is taken from KHInsider's soundtrack/gamerip album index. Popularity is an explicitly labelled proxy based on BeatHit game rank and track prominence.,"{""culture_category"":""video_game_music"",""video_game"":""Orcs Must Die!"",""game_rank"":1373,""game_association_kind"":""khinsider_game_soundtrack"",""khinsider_album_url"":""https://downloads.khinsider.com/game-soundtracks/album/orcs-must-die-gamerip"",""khinsider_album_title"":""Orcs Must Die! (orcs-must-die-gamerip)"",""khinsider_album_kind"":""official_or_gamerip"",""khinsider_album_match_score"":100.0,""relevance_score_100"":100.0,""popularity_score_100"":44.67076559835678,""score_100"":77.86830623934272,""popularity_basis"":""BeatHit master-list game rank plus track position proxy""}"
4,MX Test Intro 4,Unknown credited artist,[],Orcs Must Die! (orcs-must-die-gamerip),,,"[""video game soundtrack""]","[""und""]",,,,Orcs Must Die!,,,khinsider_track_prominence_proxy,44.46076559835678,score_0_100,,,,77.78430623934271,,,,https://downloads.khinsider.com/game-soundtracks/album/orcs-must-die-gamerip,2026-10-05,Track title is taken from KHInsider's soundtrack/gamerip album index. Popularity is an explicitly labelled proxy based on BeatHit game rank and track prominence.,"{""culture_category"":""video_game_music"",""video_game"":""Orcs Must Die!"",""game_rank"":1373,""game_association_kind"":""khinsider_game_soundtrack"",""khinsider_album_url"":""https://downloads.khinsider.com/game-soundtracks/album/orcs-must-die-gamerip"",""khinsider_album_title"":""Orcs Must Die! (orcs-must-die-gamerip)"",""khinsider_album_kind"":""official_or_gamerip"",""khinsider_album_match_score"":100.0,""relevance_score_100"":100.0,""popularity_score_100"":44.46076559835678,""score_100"":77.78430623934271,""popularity_basis"":""BeatHit master-list game rank plus track position proxy""}"
5,MX Test Intro 5,Unknown credited artist,[],Orcs Must Die! (orcs-must-die-gamerip),,,"[""video game soundtrack""]","[""und""]",,,,Orcs Must Die!,,,khinsider_track_prominence_proxy,44.25076559835678,score_0_100,,,,77.70030623934271,,,,https://downloads.khinsider.com/game-soundtracks/album/orcs-must-die-gamerip,2026-10-05,Track title is taken from KHInsider's soundtrack/gamerip album index. Popularity is an explicitly labelled proxy based on BeatHit game rank and track prominence.,"{""culture_category"":""video_game_music"",""video_game"":""Orcs Must Die!"",""game_rank"":1373,""game_association_kind"":""khinsider_game_soundtrack"",""khinsider_album_url"":""https://downloads.khinsider.com/game-soundtracks/album/orcs-must-die-gamerip"",""khinsider_album_title"":""Orcs Must Die! (orcs-must-die-gamerip)"",""khinsider_album_kind"":""official_or_gamerip"",""khinsider_album_match_score"":100.0,""relevance_score_100"":100.0,""popularity_score_100"":44.25076559835678,""score_100"":77.70030623934271,""popularity_basis"":""BeatHit master-list game rank plus track position proxy""}"
6,MX Test Main 1,Unknown credited artist,[],Orcs Must Die! (orcs-must-die-gamerip),,,"[""video game soundtrack""]","[""und""]",,,,Orcs Must Die!,,,khinsider_track_prominence_proxy,44.04076559835678,score_0_100,,,,77.61630623934272,,,,https://downloads.khinsider.com/game-soundtracks/album/orcs-must-die-gamerip,2026-10-05,Track title is taken from KHInsider's soundtrack/gamerip album index. Popularity is an explicitly labelled proxy based on BeatHit game rank and track prominence.,"{""culture_category"":""video_game_music"",""video_game"":""Orcs Must Die!"",""game_rank"":1373,""game_association_kind"":""khinsider_game_soundtrack"",""khinsider_album_url"":""https://downloads.khinsider.com/game-soundtracks/album/orcs-must-die-gamerip"",""khinsider_album_title"":""Orcs Must Die! (orcs-must-die-gamerip)"",""khinsider_album_kind"":""official_or_gamerip"",""khinsider_album_match_score"":100.0,""relevance_score_100"":100.0,""popularity_score_100"":44.04076559835678,""score_100"":77.61630623934272,""popularity_basis"":""BeatHit master-list game rank plus track position proxy""}"
7,MX Test Main 2,Unknown credited artist,[],Orcs Must Die! (orcs-must-die-gamerip),,,"[""video game soundtrack""]","[""und""]",,,,Orcs Must Die!,,,khinsider_track_prominence_proxy,43.83076559835678,score_0_100,,,,77.53230623934272,,,,https://downloads.khinsider.com/game-soundtracks/album/orcs-must-die-gamerip,2026-10-05,Track title is taken from KHInsider's soundtrack/gamerip album index. Popularity is an explicitly labelled proxy based on BeatHit game rank and track prominence.,"{""culture_category"":""video_game_music"",""video_game"":""Orcs Must Die!"",""game_rank"":1373,""game_association_kind"":""khinsider_game_soundtrack"",""khinsider_album_url"":""https://downloads.khinsider.com/game-soundtracks/album/orcs-must-die-gamerip"",""khinsider_album_title"":""Orcs Must Die! (orcs-must-die-gamerip)"",""khinsider_album_kind"":""official_or_gamerip"",""khinsider_album_match_score"":100.0,""relevance_score_100"":100.0,""popularity_score_100"":43.83076559835678,""score_100"":77.53230623934272,""popularity_basis"":""BeatHit master-list game rank plus track position proxy""}"
8,MX Test Main 3,Unknown credited artist,[],Orcs Must Die! (orcs-must-die-gamerip),,,"[""video game soundtrack""]","[""und""]",,,,Orcs Must Die!,,,khinsider_track_prominence_proxy,43.620765598356776,score_0_100,,,,77.44830623934271,,,,https://downloads.khinsider.com/game-soundtracks/album/orcs-must-die-gamerip,2026-10-05,Track title is taken from KHInsider's soundtrack/gamerip album index. Popularity is an explicitly labelled proxy based on BeatHit game rank and track prominence.,"{""culture_category"":""video_game_music"",""video_game"":""Orcs Must Die!"",""game_rank"":1373,""game_association_kind"":""khinsider_game_soundtrack"",""khinsider_album_url"":""https://downloads.khinsider.com/game-soundtracks/album/orcs-must-die-gamerip"",""khinsider_album_title"":""Orcs Must Die! (orcs-must-die-gamerip)"",""khinsider_album_kind"":""official_or_gamerip"",""khinsider_album_match_score"":100.0,""relevance_score_100"":100.0,""popularity_score_100"":43.620765598356776,""score_100"":77.44830623934271,""popularity_basis"":""BeatHit master-list game rank plus track position proxy""}"
9,MX Test Main 4,Unknown credited artist,[],Orcs Must Die! (orcs-must-die-gamerip),,,"[""video game soundtrack""]","[""und""]",,,,Orcs Must Die!,,,khinsider_track_prominence_proxy,43.41076559835678,score_0_100,,,,77.36430623934271,,,,https://downloads.khinsider.com/game-soundtracks/album/orcs-must-die-gamerip,2026-10-05,Track title is taken from KHInsider's soundtrack/gamerip album index. Popularity is an explicitly labelled proxy based on BeatHit game rank and track prominence.,"{""culture_category"":""video_game_music"",""video_game"":""Orcs Must Die!"",""game_rank"":1373,""game_association_kind"":""khinsider_game_soundtrack"",""khinsider_album_url"":""https://downloads.khinsider.com/game-soundtracks/album/orcs-must-die-gamerip"",""khinsider_album_title"":""Orcs Must Die! (orcs-must-die-gamerip)"",""khinsider_album_kind"":""official_or_gamerip"",""khinsider_album_match_score"":100.0,""relevance_score_100"":100.0,""popularity_score_100"":43.41076559835678,""score_100"":77.36430623934271,""popularity_basis"":""BeatHit master-list game rank plus track position proxy""}"
10,MX Test Main 5,Unknown credited artist,[],Orcs Must Die! (orcs-must-die-gamerip),,,"[""video game soundtrack""]","[""und""]",,,,Orcs Must Die!,,,khinsider_track_prominence_proxy,43.20076559835678,score_0_100,,,,77.2803062393427,,,,https://downloads.khinsider.com/game-soundtracks/album/orcs-must-die-gamerip,2026-10-05,Track title is taken from KHInsider's soundtrack/gamerip album index. Popularity is an explicitly labelled proxy based on BeatHit game rank and track prominence.,"{""culture_category"":""video_game_music"",""video_game"":""Orcs Must Die!"",""game_rank"":1373,""game_association_kind"":""khinsider_game_soundtrack"",""khinsider_album_url"":""https://downloads.khinsider.com/game-soundtracks/album/orcs-must-die-gamerip"",""khinsider_album_title"":""Orcs Must Die! (orcs-must-die-gamerip)"",""khinsider_album_kind"":""official_or_gamerip"",""khinsider_album_match_score"":100.0,""relevance_score_100"":100.0,""popularity_score_100"":43.20076559835678,""score_100"":77.2803062393427,""popularity_basis"":""BeatHit master-list game rank plus track position proxy""}"
11,MX Test Outro,Unknown credited artist,[],Orcs Must Die! (orcs-must-die-gamerip),,,"[""video game soundtrack""]","[""und""]",,,,Orcs Must Die!,,,khinsider_track_prominence_proxy,42.99076559835678,score_0_100,,,,77.19630623934272,,,,https://downloads.khinsider.com/game-soundtracks/album/orcs-must-die-gamerip,2026-10-05,Track title is taken from KHInsider's soundtrack/gamerip album index. Popularity is an explicitly labelled proxy based on BeatHit game rank and track prominence.,"{""culture_category"":""video_game_music"",""video_game"":""Orcs Must Die!"",""game_rank"":1373,""game_association_kind"":""khinsider_game_soundtrack"",""khinsider_album_url"":""https://downloads.khinsider.com/game-soundtracks/album/orcs-must-die-gamerip"",""khinsider_album_title"":""Orcs Must Die! (orcs-must-die-gamerip)"",""khinsider_album_kind"":""official_or_gamerip"",""khinsider_album_match_score"":100.0,""relevance_score_100"":100.0,""popularity_score_100"":42.99076559835678,""score_100"":77.19630623934272,""popularity_basis"":""BeatHit master-list game rank plus track position proxy""}"
12,Ambient TuneUp,Unknown credited artist,[],Orcs Must Die! (orcs-must-die-gamerip),,,"[""video game soundtrack""]","[""und""]",,,,Orcs Must Die!,,,khinsider_track_prominence_proxy,42.78076559835678,score_0_100,,,,77.11230623934271,,,,https://downloads.khinsider.com/game-soundtracks/album/orcs-must-die-gamerip,2026-10-05,Track title is taken from KHInsider's soundtrack/gamerip album index. Popularity is an explicitly labelled proxy based on BeatHit game rank and track prominence.,"{""culture_category"":""video_game_music"",""video_game"":""Orcs Must Die!"",""game_rank"":1373,""game_association_kind"":""khinsider_game_soundtrack"",""khinsider_album_url"":""https://downloads.khinsider.com/game-soundtracks/album/orcs-must-die-gamerip"",""khinsider_album_title"":""Orcs Must Die! (orcs-must-die-gamerip)"",""khinsider_album_kind"":""official_or_gamerip"",""khinsider_album_match_score"":100.0,""relevance_score_100"":100.0,""popularity_score_100"":42.78076559835678,""score_100"":77.11230623934271,""popularity_basis"":""BeatHit master-list game rank plus track position proxy""}"
13,MX Amb Apocalipstick,Unknown credited artist,[],Orcs Must Die! (orcs-must-die-gamerip),,,"[""video game soundtrack""]","[""und""]",,,,Orcs Must Die!,,,khinsider_track_prominence_proxy,42.57076559835678,score_0_100,,,,77.02830623934271,,,,https://downloads.khinsider.com/game-soundtracks/album/orcs-must-die-gamerip,2026-10-05,Track title is taken from KHInsider's soundtrack/gamerip album index. Popularity is an explicitly labelled proxy based on BeatHit game rank and track prominence.,"{""culture_category"":""video_game_music"",""video_game"":""Orcs Must Die!"",""game_rank"":1373,""game_association_kind"":""khinsider_game_soundtrack"",""khinsider_album_url"":""https://downloads.khinsider.com/game-soundtracks/album/orcs-must-die-gamerip"",""khinsider_album_title"":""Orcs Must Die! (orcs-must-die-gamerip)"",""khinsider_album_kind"":""official_or_gamerip"",""khinsider_album_match_score"":100.0,""relevance_score_100"":100.0,""popularity_score_100"":42.57076559835678,""score_100"":77.02830623934271,""popularity_basis"":""BeatHit master-list game rank plus track position proxy""}"
14,MX Ambient LoversQuarrell,Unknown credited artist,[],Orcs Must Die! (orcs-must-die-gamerip),,,"[""video game soundtrack""]","[""und""]",,,,Orcs Must Die!,,,khinsider_track_prominence_proxy,42.36076559835678,score_0_100,,,,76.94430623934271,,,,https://downloads.khinsider.com/game-soundtracks/album/orcs-must-die-gamerip,2026-10-05,Track title is taken from KHInsider's soundtrack/gamerip album index. Popularity is an explicitly labelled proxy based on BeatHit game rank and track prominence.,"{""culture_category"":""video_game_music"",""video_game"":""Orcs Must Die!"",""game_rank"":1373,""game_association_kind"":""khinsider_game_soundtrack"",""khinsider_album_url"":""https://downloads.khinsider.com/game-soundtracks/album/orcs-must-die-gamerip"",""khinsider_album_title"":""Orcs Must Die! (orcs-must-die-gamerip)"",""khinsider_album_kind"":""official_or_gamerip"",""khinsider_album_match_score"":100.0,""relevance_score_100"":100.0,""popularity_score_100"":42.36076559835678,""score_100"":76.94430623934271,""popularity_basis"":""BeatHit master-list game rank plus track position proxy""}"
15,MX Death,Unknown credited artist,[],Orcs Must Die! (orcs-must-die-gamerip),,,"[""video game soundtrack""]","[""und""]",,,,Orcs Must Die!,,,khinsider_track_prominence_proxy,42.15076559835678,score_0_100,,,,76.86030623934272,,,,https://downloads.khinsider.com/game-soundtracks/album/orcs-must-die-gamerip,2026-10-05,Track title is taken from KHInsider's soundtrack/gamerip album index. Popularity is an explicitly labelled proxy based on BeatHit game rank and track prominence.,"{""culture_category"":""video_game_music"",""video_game"":""Orcs Must Die!"",""game_rank"":1373,""game_association_kind"":""khinsider_game_soundtrack"",""khinsider_album_url"":""https://downloads.khinsider.com/game-soundtracks/album/orcs-must-die-gamerip"",""khinsider_album_title"":""Orcs Must Die! (orcs-must-die-gamerip)"",""khinsider_album_kind"":""official_or_gamerip"",""khinsider_album_match_score"":100.0,""relevance_score_100"":100.0,""popularity_score_100"":42.15076559835678,""score_100"":76.86030623934272,""popularity_basis"":""BeatHit master-list game rank plus track position proxy""}"
16,MX Lose,Unknown credited artist,[],Orcs Must Die! (orcs-must-die-gamerip),,,"[""video game soundtrack""]","[""und""]",,,,Orcs Must Die!,,,khinsider_track_prominence_proxy,41.940765598356776,score_0_100,,,,76.77630623934272,,,,https://downloads.khinsider.com/game-soundtracks/album/orcs-must-die-gamerip,2026-10-05,Track title is taken from KHInsider's soundtrack/gamerip album index. Popularity is an explicitly labelled proxy based on BeatHit game rank and track prominence.,"{""culture_category"":""video_game_music"",""video_game"":""Orcs Must Die!"",""game_rank"":1373,""game_association_kind"":""khinsider_game_soundtrack"",""khinsider_album_url"":""https://downloads.khinsider.com/game-soundtracks/album/orcs-must-die-gamerip"",""khinsider_album_title"":""Orcs Must Die! (orcs-must-die-gamerip)"",""khinsider_album_kind"":""official_or_gamerip"",""khinsider_album_match_score"":100.0,""relevance_score_100"":100.0,""popularity_score_100"":41.940765598356776,""score_100"":76.77630623934272,""popularity_basis"":""BeatHit master-list game rank plus track position proxy""}"
17,MX Win,Unknown credited artist,[],Orcs Must Die! (orcs-must-die-gamerip),,,"[""video game soundtrack""]","[""und""]",,,,Orcs Must Die!,,,khinsider_track_prominence_proxy,41.730765598356776,score_0_100,,,,76.69230623934271,,,,https://downloads.khinsider.com/game-soundtracks/album/orcs-must-die-gamerip,2026-10-05,Track title is taken from KHInsider's soundtrack/gamerip album index. Popularity is an explicitly labelled proxy based on BeatHit game rank and track prominence.,"{""culture_category"":""video_game_music"",""video_game"":""Orcs Must Die!"",""game_rank"":1373,""game_association_kind"":""khinsider_game_soundtrack"",""khinsider_album_url"":""https://downloads.khinsider.com/game-soundtracks/album/orcs-must-die-gamerip"",""khinsider_album_title"":""Orcs Must Die! (orcs-must-die-gamerip)"",""khinsider_album_kind"":""official_or_gamerip"",""khinsider_album_match_score"":100.0,""relevance_score_100"":100.0,""popularity_score_100"":41.730765598356776,""score_100"":76.69230623934271,""popularity_basis"":""BeatHit master-list game rank plus track position proxy""}"
18,MenuTrack,Unknown credited artist,[],Orcs Must Die! (orcs-must-die-gamerip),,,"[""video game soundtrack""]","[""und""]",,,,Orcs Must Die!,,,khinsider_track_prominence_proxy,41.520765598356775,score_0_100,,,,76.60830623934271,,,,https://downloads.khinsider.com/game-soundtracks/album/orcs-must-die-gamerip,2026-10-05,Track title is taken from KHInsider's soundtrack/gamerip album index. Popularity is an explicitly labelled proxy based on BeatHit game rank and track prominence.,"{""culture_category"":""video_game_music"",""video_game"":""Orcs Must Die!"",""game_rank"":1373,""game_association_kind"":""khinsider_game_soundtrack"",""khinsider_album_url"":""https://downloads.khinsider.com/game-soundtracks/album/orcs-must-die-gamerip"",""khinsider_album_title"":""Orcs Must Die! (orcs-must-die-gamerip)"",""khinsider_album_kind"":""official_or_gamerip"",""khinsider_album_match_score"":100.0,""relevance_score_100"":100.0,""popularity_score_100"":41.520765598356775,""score_100"":76.60830623934271,""popularity_basis"":""BeatHit master-list game rank plus track position proxy""}"
19,Mx Amb LilMonster,Unknown credited artist,[],Orcs Must Die! (orcs-must-die-gamerip),,,"[""video game soundtrack""]","[""und""]",,,,Orcs Must Die!,,,khinsider_track_prominence_proxy,41.31076559835678,score_0_100,,,,76.5243062393427,,,,https://downloads.khinsider.com/game-soundtracks/album/orcs-must-die-gamerip,2026-10-05,Track title is taken from KHInsider's soundtrack/gamerip album index. Popularity is an explicitly labelled proxy based on BeatHit game rank and track prominence.,"{""culture_category"":""video_game_music"",""video_game"":""Orcs Must Die!"",""game_rank"":1373,""game_association_kind"":""khinsider_game_soundtrack"",""khinsider_album_url"":""https://downloads.khinsider.com/game-soundtracks/album/orcs-must-die-gamerip"",""khinsider_album_title"":""Orcs Must Die! (orcs-must-die-gamerip)"",""khinsider_album_kind"":""official_or_gamerip"",""khinsider_album_match_score"":100.0,""relevance_score_100"":100.0,""popularity_score_100"":41.31076559835678,""score_100"":76.5243062393427,""popularity_basis"":""BeatHit master-list game rank plus track position proxy""}"
20,OS Gothic MainLoop 01,Unknown credited artist,[],Orcs Must Die! (orcs-must-die-gamerip),,,"[""video game soundtrack""]","[""und""]",,,,Orcs Must Die!,,,khinsider_track_prominence_proxy,41.10076559835678,score_0_100,,,,76.44030623934272,,,,https://downloads.khinsider.com/game-soundtracks/album/orcs-must-die-gamerip,2026-10-05,Track title is taken from KHInsider's soundtrack/gamerip album index. Popularity is an explicitly labelled proxy based on BeatHit game rank and track prominence.,"{""culture_category"":""video_game_music"",""video_game"":""Orcs Must Die!"",""game_rank"":1373,""game_association_kind"":""khinsider_game_soundtrack"",""khinsider_album_url"":""https://downloads.khinsider.com/game-soundtracks/album/orcs-must-die-gamerip"",""khinsider_album_title"":""Orcs Must Die! (orcs-must-die-gamerip)"",""khinsider_album_kind"":""official_or_gamerip"",""khinsider_album_match_score"":100.0,""relevance_score_100"":100.0,""popularity_score_100"":41.10076559835678,""score_100"":76.44030623934272,""popularity_basis"":""BeatHit master-list game rank plus track position proxy""}"
21,OS Gothic MainLoop 02,Unknown credited artist,[],Orcs Must Die! (orcs-must-die-gamerip),,,"[""video game soundtrack""]","[""und""]",,,,Orcs Must Die!,,,khinsider_track_prominence_proxy,40.89076559835678,score_0_100,,,,76.35630623934271,,,,https://downloads.khinsider.com/game-soundtracks/album/orcs-must-die-gamerip,2026-10-05,Track title is taken from KHInsider's soundtrack/gamerip album index. Popularity is an explicitly labelled proxy based on BeatHit game rank and track prominence.,"{""culture_category"":""video_game_music"",""video_game"":""Orcs Must Die!"",""game_rank"":1373,""game_association_kind"":""khinsider_game_soundtrack"",""khinsider_album_url"":""https://downloads.khinsider.com/game-soundtracks/album/orcs-must-die-gamerip"",""khinsider_album_title"":""Orcs Must Die! (orcs-must-die-gamerip)"",""khinsider_album_kind"":""official_or_gamerip"",""khinsider_album_match_score"":100.0,""relevance_score_100"":100.0,""popularity_score_100"":40.89076559835678,""score_100"":76.35630623934271,""popularity_basis"":""BeatHit master-list game rank plus track position proxy""}"
22,Winning Jam Intro,Unknown credited artist,[],Orcs Must Die! (orcs-must-die-gamerip),,,"[""video game soundtrack""]","[""und""]",,,,Orcs Must Die!,,,khinsider_track_prominence_proxy,40.68076559835678,score_0_100,,,,76.27230623934271,,,,https://downloads.khinsider.com/game-soundtracks/album/orcs-must-die-gamerip,2026-10-05,Track title is taken from KHInsider's soundtrack/gamerip album index. Popularity is an explicitly labelled proxy based on BeatHit game rank and track prominence.,"{""culture_category"":""video_game_music"",""video_game"":""Orcs Must Die!"",""game_rank"":1373,""game_association_kind"":""khinsider_game_soundtrack"",""khinsider_album_url"":""https://downloads.khinsider.com/game-soundtracks/album/orcs-must-die-gamerip"",""khinsider_album_title"":""Orcs Must Die! (orcs-must-die-gamerip)"",""khinsider_album_kind"":""official_or_gamerip"",""khinsider_album_match_score"":100.0,""relevance_score_100"":100.0,""popularity_score_100"":40.68076559835678,""score_100"":76.27230623934271,""popularity_basis"":""BeatHit master-list game rank plus track position proxy""}"
23,Title Track,Unknown credited artist,[],Orcs Must Die! (orcs-must-die),,,"[""video game soundtrack""]","[""und""]",,,,Orcs Must Die!,,,khinsider_track_prominence_proxy,45.09076559835678,score_0_100,,,,76.23630623934271,,,,https://downloads.khinsider.com/game-soundtracks/album/orcs-must-die,2026-10-05,Track title is taken from KHInsider's soundtrack/gamerip album index. Popularity is an explicitly labelled proxy based on BeatHit game rank and track prominence.,"{""culture_category"":""video_game_music"",""video_game"":""Orcs Must Die!"",""game_rank"":1373,""game_association_kind"":""khinsider_game_soundtrack"",""khinsider_album_url"":""https://downloads.khinsider.com/game-soundtracks/album/orcs-must-die"",""khinsider_album_title"":""Orcs Must Die! (orcs-must-die)"",""khinsider_album_kind"":""unclassified_game_album"",""khinsider_album_match_score"":100.0,""relevance_score_100"":97.0,""popularity_score_100"":45.09076559835678,""score_100"":76.23630623934271,""popularity_basis"":""BeatHit master-list game rank plus track position proxy""}"
24,Winning Jam LP,Unknown credited artist,[],Orcs Must Die! (orcs-must-die-gamerip),,,"[""video game soundtrack""]","[""und""]",,,,Orcs Must Die!,,,khinsider_track_prominence_proxy,40.47076559835678,score_0_100,,,,76.18830623934271,,,,https://downloads.khinsider.com/game-soundtracks/album/orcs-must-die-gamerip,2026-10-05,Track title is taken from KHInsider's soundtrack/gamerip album index. Popularity is an explicitly labelled proxy based on BeatHit game rank and track prominence.,"{""culture_category"":""video_game_music"",""video_game"":""Orcs Must Die!"",""game_rank"":1373,""game_association_kind"":""khinsider_game_soundtrack"",""khinsider_album_url"":""https://downloads.khinsider.com/game-soundtracks/album/orcs-must-die-gamerip"",""khinsider_album_title"":""Orcs Must Die! (orcs-must-die-gamerip)"",""khinsider_album_kind"":""official_or_gamerip"",""khinsider_album_match_score"":100.0,""relevance_score_100"":100.0,""popularity_score_100"":40.47076559835678,""score_100"":76.18830623934271,""popularity_basis"":""BeatHit master-list game rank plus track position proxy""}"
25,Castlemania,Unknown credited artist,[],Orcs Must Die! (orcs-must-die),,,"[""video game soundtrack""]","[""und""]",,,,Orcs Must Die!,,,khinsider_track_prominence_proxy,44.88076559835678,score_0_100,,,,76.1523062393427,,,,https://downloads.khinsider.com/game-soundtracks/album/orcs-must-die,2026-10-05,Track title is taken from KHInsider's soundtrack/gamerip album index. Popularity is an explicitly labelled proxy based on BeatHit game rank and track prominence.,"{""culture_category"":""video_game_music"",""video_game"":""Orcs Must Die!"",""game_rank"":1373,""game_association_kind"":""khinsider_game_soundtrack"",""khinsider_album_url"":""https://downloads.khinsider.com/game-soundtracks/album/orcs-must-die"",""khinsider_album_title"":""Orcs Must Die! (orcs-must-die)"",""khinsider_album_kind"":""unclassified_game_album"",""khinsider_album_match_score"":100.0,""relevance_score_100"":97.0,""popularity_score_100"":44.88076559835678,""score_100"":76.1523062393427,""popularity_basis"":""BeatHit master-list game rank plus track position proxy""}"
26,OS Headshot Delay 01,Unknown credited artist,[],Orcs Must Die! (orcs-must-die-gamerip),,,"[""video game soundtrack""]","[""und""]",,,,Orcs Must Die!,,,khinsider_track_prominence_proxy,40.260765598356784,score_0_100,,,,76.10430623934272,,,,https://downloads.khinsider.com/game-soundtracks/album/orcs-must-die-gamerip,2026-10-05,Track title is taken from KHInsider's soundtrack/gamerip album index. Popularity is an explicitly labelled proxy based on BeatHit game rank and track prominence.,"{""culture_category"":""video_game_music"",""video_game"":""Orcs Must Die!"",""game_rank"":1373,""game_association_kind"":""khinsider_game_soundtrack"",""khinsider_album_url"":""https://downloads.khinsider.com/game-soundtracks/album/orcs-must-die-gamerip"",""khinsider_album_title"":""Orcs Must Die! (orcs-must-die-gamerip)"",""khinsider_album_kind"":""official_or_gamerip"",""khinsider_album_match_score"":100.0,""relevance_score_100"":100.0,""popularity_score_100"":40.260765598356784,""score_100"":76.10430623934272,""popularity_basis"":""BeatHit master-list game rank plus track position proxy""}"
27,Gore Mage,Unknown credited artist,[],Orcs Must Die! (orcs-must-die),,,"[""video game soundtrack""]","[""und""]",,,,Orcs Must Die!,,,khinsider_track_prominence_proxy,44.67076559835678,score_0_100,,,,76.0683062393427,,,,https://downloads.khinsider.com/game-soundtracks/album/orcs-must-die,2026-10-05,Track title is taken from KHInsider's soundtrack/gamerip album index. Popularity is an explicitly labelled proxy based on BeatHit game rank and track prominence.,"{""culture_category"":""video_game_music"",""video_game"":""Orcs Must Die!"",""game_rank"":1373,""game_association_kind"":""khinsider_game_soundtrack"",""khinsider_album_url"":""https://downloads.khinsider.com/game-soundtracks/album/orcs-must-die"",""khinsider_album_title"":""Orcs Must Die! (orcs-must-die)"",""khinsider_album_kind"":""unclassified_game_album"",""khinsider_album_match_score"":100.0,""relevance_score_100"":97.0,""popularity_score_100"":44.67076559835678,""score_100"":76.0683062393427,""popularity_basis"":""BeatHit master-list game rank plus track position proxy""}"
28,OS Headshot Delay 02,Unknown credited artist,[],Orcs Must Die! (orcs-must-die-gamerip),,,"[""video game soundtrack""]","[""und""]",,,,Orcs Must Die!,,,khinsider_track_prominence_proxy,40.05076559835678,score_0_100,,,,76.02030623934272,,,,https://downloads.khinsider.com/game-soundtracks/album/orcs-must-die-gamerip,2026-10-05,Track title is taken from KHInsider's soundtrack/gamerip album index. Popularity is an explicitly labelled proxy based on BeatHit game rank and track prominence.,"{""culture_category"":""video_game_music"",""video_game"":""Orcs Must Die!"",""game_rank"":1373,""game_association_kind"":""khinsider_game_soundtrack"",""khinsider_album_url"":""https://downloads.khinsider.com/game-soundtracks/album/orcs-must-die-gamerip"",""khinsider_album_title"":""Orcs Must Die! (orcs-must-die-gamerip)"",""khinsider_album_kind"":""official_or_gamerip"",""khinsider_album_match_score"":100.0,""relevance_score_100"":100.0,""popularity_score_100"":40.05076559835678,""score_100"":76.02030623934272,""popularity_basis"":""BeatHit master-list game rank plus track position proxy""}"
29,Apocalypstick,Unknown credited artist,[],Orcs Must Die! (orcs-must-die),,,"[""video game soundtrack""]","[""und""]",,,,Orcs Must Die!,,,khinsider_track_prominence_proxy,44.46076559835678,score_0_100,,,,75.98430623934271,,,,https://downloads.khinsider.com/game-soundtracks/album/orcs-must-die,2026-10-05,Track title is taken from KHInsider's soundtrack/gamerip album index. Popularity is an explicitly labelled proxy based on BeatHit game rank and track prominence.,"{""culture_category"":""video_game_music"",""video_game"":""Orcs Must Die!"",""game_rank"":1373,""game_association_kind"":""khinsider_game_soundtrack"",""khinsider_album_url"":""https://downloads.khinsider.com/game-soundtracks/album/orcs-must-die"",""khinsider_album_title"":""Orcs Must Die! (orcs-must-die)"",""khinsider_album_kind"":""unclassified_game_album"",""khinsider_album_match_score"":100.0,""relevance_score_100"":97.0,""popularity_score_100"":44.46076559835678,""score_100"":75.98430623934271,""popularity_basis"":""BeatHit master-list game rank plus track position proxy""}"
30,OS Headshot Delay 03,Unknown credited artist,[],Orcs Must Die! (orcs-must-die-gamerip),,,"[""video game soundtrack""]","[""und""]",,,,Orcs Must Die!,,,khinsider_track_prominence_proxy,39.84076559835678,score_0_100,,,,75.93630623934271,,,,https://downloads.khinsider.com/game-soundtracks/album/orcs-must-die-gamerip,2026-10-05,Track title is taken from KHInsider's soundtrack/gamerip album index. Popularity is an explicitly labelled proxy based on BeatHit game rank and track prominence.,"{""culture_category"":""video_game_music"",""video_game"":""Orcs Must Die!"",""game_rank"":1373,""game_association_kind"":""khinsider_game_soundtrack"",""khinsider_album_url"":""https://downloads.khinsider.com/game-soundtracks/album/orcs-must-die-gamerip"",""khinsider_album_title"":""Orcs Must Die! (orcs-must-die-gamerip)"",""khinsider_album_kind"":""official_or_gamerip"",""khinsider_album_match_score"":100.0,""relevance_score_100"":100.0,""popularity_score_100"":39.84076559835678,""score_100"":75.93630623934271,""popularity_basis"":""BeatHit master-list game rank plus track position proxy""}"
31,Giant Killerz,Unknown credited artist,[],Orcs Must Die! (orcs-must-die),,,"[""video game soundtrack""]","[""und""]",,,,Orcs Must Die!,,,khinsider_track_prominence_proxy,44.25076559835678,score_0_100,,,,75.90030623934271,,,,https://downloads.khinsider.com/game-soundtracks/album/orcs-must-die,2026-10-05,Track title is taken from KHInsider's soundtrack/gamerip album index. Popularity is an explicitly labelled proxy based on BeatHit game rank and track prominence.,"{""culture_category"":""video_game_music"",""video_game"":""Orcs Must Die!"",""game_rank"":1373,""game_association_kind"":""khinsider_game_soundtrack"",""khinsider_album_url"":""https://downloads.khinsider.com/game-soundtracks/album/orcs-must-die"",""khinsider_album_title"":""Orcs Must Die! (orcs-must-die)"",""khinsider_album_kind"":""unclassified_game_album"",""khinsider_album_match_score"":100.0,""relevance_score_100"":97.0,""popularity_score_100"":44.25076559835678,""score_100"":75.90030623934271,""popularity_basis"":""BeatHit master-list game rank plus track position proxy""}"
32,OS Headshot Delay 04,Unknown credited artist,[],Orcs Must Die! (orcs-must-die-gamerip),,,"[""video game soundtrack""]","[""und""]",,,,Orcs Must Die!,,,khinsider_track_prominence_proxy,39.63076559835678,score_0_100,,,,75.85230623934271,,,,https://downloads.khinsider.com/game-soundtracks/album/orcs-must-die-gamerip,2026-10-05,Track title is taken from KHInsider's soundtrack/gamerip album index. Popularity is an explicitly labelled proxy based on BeatHit game rank and track prominence.,"{""culture_category"":""video_game_music"",""video_game"":""Orcs Must Die!"",""game_rank"":1373,""game_association_kind"":""khinsider_game_soundtrack"",""khinsider_album_url"":""https://downloads.khinsider.com/game-soundtracks/album/orcs-must-die-gamerip"",""khinsider_album_title"":""Orcs Must Die! (orcs-must-die-gamerip)"",""khinsider_album_kind"":""official_or_gamerip"",""khinsider_album_match_score"":100.0,""relevance_score_100"":100.0,""popularity_score_100"":39.63076559835678,""score_100"":75.85230623934271,""popularity_basis"":""BeatHit master-list game rank plus track position proxy""}"
33,Slay Muffin,Unknown credited artist,[],Orcs Must Die! (orcs-must-die),,,"[""video game soundtrack""]","[""und""]",,,,Orcs Must Die!,,,khinsider_track_prominence_proxy,44.04076559835678,score_0_100,,,,75.81630623934271,,,,https://downloads.khinsider.com/game-soundtracks/album/orcs-must-die,2026-10-05,Track title is taken from KHInsider's soundtrack/gamerip album index. Popularity is an explicitly labelled proxy based on BeatHit game rank and track prominence.,"{""culture_category"":""video_game_music"",""video_game"":""Orcs Must Die!"",""game_rank"":1373,""game_association_kind"":""khinsider_game_soundtrack"",""khinsider_album_url"":""https://downloads.khinsider.com/game-soundtracks/album/orcs-must-die"",""khinsider_album_title"":""Orcs Must Die! (orcs-must-die)"",""khinsider_album_kind"":""unclassified_game_album"",""khinsider_album_match_score"":100.0,""relevance_score_100"":97.0,""popularity_score_100"":44.04076559835678,""score_100"":75.81630623934271,""popularity_basis"":""BeatHit master-list game rank plus track position proxy""}"
34,OS Headshot Delay 05,Unknown credited artist,[],Orcs Must Die! (orcs-must-die-gamerip),,,"[""video game soundtrack""]","[""und""]",,,,Orcs Must Die!,,,khinsider_track_prominence_proxy,39.42076559835678,score_0_100,,,,75.7683062393427,,,,https://downloads.khinsider.com/game-soundtracks/album/orcs-must-die-gamerip,2026-10-05,Track title is taken from KHInsider's soundtrack/gamerip album index. Popularity is an explicitly labelled proxy based on BeatHit game rank and track prominence.,"{""culture_category"":""video_game_music"",""video_game"":""Orcs Must Die!"",""game_rank"":1373,""game_association_kind"":""khinsider_game_soundtrack"",""khinsider_album_url"":""https://downloads.khinsider.com/game-soundtracks/album/orcs-must-die-gamerip"",""khinsider_album_title"":""Orcs Must Die! (orcs-must-die-gamerip)"",""khinsider_album_kind"":""official_or_gamerip"",""khinsider_album_match_score"":100.0,""relevance_score_100"":100.0,""popularity_score_100"":39.42076559835678,""score_100"":75.7683062393427,""popularity_basis"":""BeatHit master-list game rank plus track position proxy""}"
35,Samilton,Unknown credited artist,[],Orcs Must Die! (orcs-must-die),,,"[""video game soundtrack""]","[""und""]",,,,Orcs Must Die!,,,khinsider_track_prominence_proxy,43.83076559835678,score_0_100,,,,75.7323062393427,,,,https://downloads.khinsider.com/game-soundtracks/album/orcs-must-die,2026-10-05,Track title is taken from KHInsider's soundtrack/gamerip album index. Popularity is an explicitly labelled proxy based on BeatHit game rank and track prominence.,"{""culture_category"":""video_game_music"",""video_game"":""Orcs Must Die!"",""game_rank"":1373,""game_association_kind"":""khinsider_game_soundtrack"",""khinsider_album_url"":""https://downloads.khinsider.com/game-soundtracks/album/orcs-must-die"",""khinsider_album_title"":""Orcs Must Die! (orcs-must-die)"",""khinsider_album_kind"":""unclassified_game_album"",""khinsider_album_match_score"":100.0,""relevance_score_100"":97.0,""popularity_score_100"":43.83076559835678,""score_100"":75.7323062393427,""popularity_basis"":""BeatHit master-list game rank plus track position proxy""}"
36,OS Headshot Delay 06,Unknown credited artist,[],Orcs Must Die! (orcs-must-die-gamerip),,,"[""video game soundtrack""]","[""und""]",,,,Orcs Must Die!,,,khinsider_track_prominence_proxy,39.21076559835678,score_0_100,,,,75.68430623934272,,,,https://downloads.khinsider.com/game-soundtracks/album/orcs-must-die-gamerip,2026-10-05,Track title is taken from KHInsider's soundtrack/gamerip album index. Popularity is an explicitly labelled proxy based on BeatHit game rank and track prominence.,"{""culture_category"":""video_game_music"",""video_game"":""Orcs Must Die!"",""game_rank"":1373,""game_association_kind"":""khinsider_game_soundtrack"",""khinsider_album_url"":""https://downloads.khinsider.com/game-soundtracks/album/orcs-must-die-gamerip"",""khinsider_album_title"":""Orcs Must Die! (orcs-must-die-gamerip)"",""khinsider_album_kind"":""official_or_gamerip"",""khinsider_album_match_score"":100.0,""relevance_score_100"":100.0,""popularity_score_100"":39.21076559835678,""score_100"":75.68430623934272,""popularity_basis"":""BeatHit master-list game rank plus track position proxy""}"
37,Mine Games,Unknown credited artist,[],Orcs Must Die! (orcs-must-die),,,"[""video game soundtrack""]","[""und""]",,,,Orcs Must Die!,,,khinsider_track_prominence_proxy,43.620765598356776,score_0_100,,,,75.6483062393427,,,,https://downloads.khinsider.com/game-soundtracks/album/orcs-must-die,2026-10-05,Track title is taken from KHInsider's soundtrack/gamerip album index. Popularity is an explicitly labelled proxy based on BeatHit game rank and track prominence.,"{""culture_category"":""video_game_music"",""video_game"":""Orcs Must Die!"",""game_rank"":1373,""game_association_kind"":""khinsider_game_soundtrack"",""khinsider_album_url"":""https://downloads.khinsider.com/game-soundtracks/album/orcs-must-die"",""khinsider_album_title"":""Orcs Must Die! (orcs-must-die)"",""khinsider_album_kind"":""unclassified_game_album"",""khinsider_album_match_score"":100.0,""relevance_score_100"":97.0,""popularity_score_100"":43.620765598356776,""score_100"":75.6483062393427,""popularity_basis"":""BeatHit master-list game rank plus track position proxy""}"
38,OS Headshot Delay 07,Unknown credited artist,[],Orcs Must Die! (orcs-must-die-gamerip),,,"[""video game soundtrack""]","[""und""]",,,,Orcs Must Die!,,,khinsider_track_prominence_proxy,39.00076559835678,score_0_100,,,,75.60030623934271,,,,https://downloads.khinsider.com/game-soundtracks/album/orcs-must-die-gamerip,2026-10-05,Track title is taken from KHInsider's soundtrack/gamerip album index. Popularity is an explicitly labelled proxy based on BeatHit game rank and track prominence.,"{""culture_category"":""video_game_music"",""video_game"":""Orcs Must Die!"",""game_rank"":1373,""game_association_kind"":""khinsider_game_soundtrack"",""khinsider_album_url"":""https://downloads.khinsider.com/game-soundtracks/album/orcs-must-die-gamerip"",""khinsider_album_title"":""Orcs Must Die! (orcs-must-die-gamerip)"",""khinsider_album_kind"":""official_or_gamerip"",""khinsider_album_match_score"":100.0,""relevance_score_100"":100.0,""popularity_score_100"":39.00076559835678,""score_100"":75.60030623934271,""popularity_basis"":""BeatHit master-list game rank plus track position proxy""}"
39,Lil Monster,Unknown credited artist,[],Orcs Must Die! (orcs-must-die),,,"[""video game soundtrack""]","[""und""]",,,,Orcs Must Die!,,,khinsider_track_prominence_proxy,43.41076559835678,score_0_100,,,,75.56430623934271,,,,https://downloads.khinsider.com/game-soundtracks/album/orcs-must-die,2026-10-05,Track title is taken from KHInsider's soundtrack/gamerip album index. Popularity is an explicitly labelled proxy based on BeatHit game rank and track prominence.,"{""culture_category"":""video_game_music"",""video_game"":""Orcs Must Die!"",""game_rank"":1373,""game_association_kind"":""khinsider_game_soundtrack"",""khinsider_album_url"":""https://downloads.khinsider.com/game-soundtracks/album/orcs-must-die"",""khinsider_album_title"":""Orcs Must Die! (orcs-must-die)"",""khinsider_album_kind"":""unclassified_game_album"",""khinsider_album_match_score"":100.0,""relevance_score_100"":97.0,""popularity_score_100"":43.41076559835678,""score_100"":75.56430623934271,""popularity_basis"":""BeatHit master-list game rank plus track position proxy""}"
40,OS Gothic Intro 01,Unknown credited artist,[],Orcs Must Die! (orcs-must-die-gamerip),,,"[""video game soundtrack""]","[""und""]",,,,Orcs Must Die!,,,khinsider_track_prominence_proxy,38.79076559835678,score_0_100,,,,75.51630623934271,,,,https://downloads.khinsider.com/game-soundtracks/album/orcs-must-die-gamerip,2026-10-05,Track title is taken from KHInsider's soundtrack/gamerip album index. Popularity is an explicitly labelled proxy based on BeatHit game rank and track prominence.,"{""culture_category"":""video_game_music"",""video_game"":""Orcs Must Die!"",""game_rank"":1373,""game_association_kind"":""khinsider_game_soundtrack"",""khinsider_album_url"":""https://downloads.khinsider.com/game-soundtracks/album/orcs-must-die-gamerip"",""khinsider_album_title"":""Orcs Must Die! (orcs-must-die-gamerip)"",""khinsider_album_kind"":""official_or_gamerip"",""khinsider_album_match_score"":100.0,""relevance_score_100"":100.0,""popularity_score_100"":38.79076559835678,""score_100"":75.51630623934271,""popularity_basis"":""BeatHit master-list game rank plus track position proxy""}"
41,Bar Fight,Unknown credited artist,[],Orcs Must Die! (orcs-must-die),,,"[""video game soundtrack""]","[""und""]",,,,Orcs Must Die!,,,khinsider_track_prominence_proxy,43.20076559835678,score_0_100,,,,75.48030623934271,,,,https://downloads.khinsider.com/game-soundtracks/album/orcs-must-die,2026-10-05,Track title is taken from KHInsider's soundtrack/gamerip album index. Popularity is an explicitly labelled proxy based on BeatHit game rank and track prominence.,"{""culture_category"":""video_game_music"",""video_game"":""Orcs Must Die!"",""game_rank"":1373,""game_association_kind"":""khinsider_game_soundtrack"",""khinsider_album_url"":""https://downloads.khinsider.com/game-soundtracks/album/orcs-must-die"",""khinsider_album_title"":""Orcs Must Die! (orcs-must-die)"",""khinsider_album_kind"":""unclassified_game_album"",""khinsider_album_match_score"":100.0,""relevance_score_100"":97.0,""popularity_score_100"":43.20076559835678,""score_100"":75.48030623934271,""popularity_basis"":""BeatHit master-list game rank plus track position proxy""}"
42,OS Gothic Intro 02,Unknown credited artist,[],Orcs Must Die! (orcs-must-die-gamerip),,,"[""video game soundtrack""]","[""und""]",,,,Orcs Must Die!,,,khinsider_track_prominence_proxy,38.58076559835678,score_0_100,,,,75.43230623934271,,,,https://downloads.khinsider.com/game-soundtracks/album/orcs-must-die-gamerip,2026-10-05,Track title is taken from KHInsider's soundtrack/gamerip album index. Popularity is an explicitly labelled proxy based on BeatHit game rank and track prominence.,"{""culture_category"":""video_game_music"",""video_game"":""Orcs Must Die!"",""game_rank"":1373,""game_association_kind"":""khinsider_game_soundtrack"",""khinsider_album_url"":""https://downloads.khinsider.com/game-soundtracks/album/orcs-must-die-gamerip"",""khinsider_album_title"":""Orcs Must Die! (orcs-must-die-gamerip)"",""khinsider_album_kind"":""official_or_gamerip"",""khinsider_album_match_score"":100.0,""relevance_score_100"":100.0,""popularity_score_100"":38.58076559835678,""score_100"":75.43230623934271,""popularity_basis"":""BeatHit master-list game rank plus track position proxy""}"
43,Ludvig Von Bad Bottom,Unknown credited artist,[],Orcs Must Die! (orcs-must-die),,,"[""video game soundtrack""]","[""und""]",,,,Orcs Must Die!,,,khinsider_track_prominence_proxy,42.99076559835678,score_0_100,,,,75.3963062393427,,,,https://downloads.khinsider.com/game-soundtracks/album/orcs-must-die,2026-10-05,Track title is taken from KHInsider's soundtrack/gamerip album index. Popularity is an explicitly labelled proxy based on BeatHit game rank and track prominence.,"{""culture_category"":""video_game_music"",""video_game"":""Orcs Must Die!"",""game_rank"":1373,""game_association_kind"":""khinsider_game_soundtrack"",""khinsider_album_url"":""https://downloads.khinsider.com/game-soundtracks/album/orcs-must-die"",""khinsider_album_title"":""Orcs Must Die! (orcs-must-die)"",""khinsider_album_kind"":""unclassified_game_album"",""khinsider_album_match_score"":100.0,""relevance_score_100"":97.0,""popularity_score_100"":42.99076559835678,""score_100"":75.3963062393427,""popularity_basis"":""BeatHit master-list game rank plus track position proxy""}"
44,OS Gothic Intro 03,Unknown credited artist,[],Orcs Must Die! (orcs-must-die-gamerip),,,"[""video game soundtrack""]","[""und""]",,,,Orcs Must Die!,,,khinsider_track_prominence_proxy,38.370765598356776,score_0_100,,,,75.34830623934272,,,,https://downloads.khinsider.com/game-soundtracks/album/orcs-must-die-gamerip,2026-10-05,Track title is taken from KHInsider's soundtrack/gamerip album index. Popularity is an explicitly labelled proxy based on BeatHit game rank and track prominence.,"{""culture_category"":""video_game_music"",""video_game"":""Orcs Must Die!"",""game_rank"":1373,""game_association_kind"":""khinsider_game_soundtrack"",""khinsider_album_url"":""https://downloads.khinsider.com/game-soundtracks/album/orcs-must-die-gamerip"",""khinsider_album_title"":""Orcs Must Die! (orcs-must-die-gamerip)"",""khinsider_album_kind"":""official_or_gamerip"",""khinsider_album_match_score"":100.0,""relevance_score_100"":100.0,""popularity_score_100"":38.370765598356776,""score_100"":75.34830623934272,""popularity_basis"":""BeatHit master-list game rank plus track position proxy""}"
45,Two Tone Towers,Unknown credited artist,[],Orcs Must Die! (orcs-must-die),,,"[""video game soundtrack""]","[""und""]",,,,Orcs Must Die!,,,khinsider_track_prominence_proxy,42.78076559835678,score_0_100,,,,75.3123062393427,,,,https://downloads.khinsider.com/game-soundtracks/album/orcs-must-die,2026-10-05,Track title is taken from KHInsider's soundtrack/gamerip album index. Popularity is an explicitly labelled proxy based on BeatHit game rank and track prominence.,"{""culture_category"":""video_game_music"",""video_game"":""Orcs Must Die!"",""game_rank"":1373,""game_association_kind"":""khinsider_game_soundtrack"",""khinsider_album_url"":""https://downloads.khinsider.com/game-soundtracks/album/orcs-must-die"",""khinsider_album_title"":""Orcs Must Die! (orcs-must-die)"",""khinsider_album_kind"":""unclassified_game_album"",""khinsider_album_match_score"":100.0,""relevance_score_100"":97.0,""popularity_score_100"":42.78076559835678,""score_100"":75.3123062393427,""popularity_basis"":""BeatHit master-list game rank plus track position proxy""}"
46,OS Gothic Outro 01,Unknown credited artist,[],Orcs Must Die! (orcs-must-die-gamerip),,,"[""video game soundtrack""]","[""und""]",,,,Orcs Must Die!,,,khinsider_track_prominence_proxy,38.16076559835678,score_0_100,,,,75.26430623934272,,,,https://downloads.khinsider.com/game-soundtracks/album/orcs-must-die-gamerip,2026-10-05,Track title is taken from KHInsider's soundtrack/gamerip album index. Popularity is an explicitly labelled proxy based on BeatHit game rank and track prominence.,"{""culture_category"":""video_game_music"",""video_game"":""Orcs Must Die!"",""game_rank"":1373,""game_association_kind"":""khinsider_game_soundtrack"",""khinsider_album_url"":""https://downloads.khinsider.com/game-soundtracks/album/orcs-must-die-gamerip"",""khinsider_album_title"":""Orcs Must Die! (orcs-must-die-gamerip)"",""khinsider_album_kind"":""official_or_gamerip"",""khinsider_album_match_score"":100.0,""relevance_score_100"":100.0,""popularity_score_100"":38.16076559835678,""score_100"":75.26430623934272,""popularity_basis"":""BeatHit master-list game rank plus track position proxy""}"
47,Skull Crush,Unknown credited artist,[],Orcs Must Die! (orcs-must-die),,,"[""video game soundtrack""]","[""und""]",,,,Orcs Must Die!,,,khinsider_track_prominence_proxy,42.57076559835678,score_0_100,,,,75.22830623934271,,,,https://downloads.khinsider.com/game-soundtracks/album/orcs-must-die,2026-10-05,Track title is taken from KHInsider's soundtrack/gamerip album index. Popularity is an explicitly labelled proxy based on BeatHit game rank and track prominence.,"{""culture_category"":""video_game_music"",""video_game"":""Orcs Must Die!"",""game_rank"":1373,""game_association_kind"":""khinsider_game_soundtrack"",""khinsider_album_url"":""https://downloads.khinsider.com/game-soundtracks/album/orcs-must-die"",""khinsider_album_title"":""Orcs Must Die! (orcs-must-die)"",""khinsider_album_kind"":""unclassified_game_album"",""khinsider_album_match_score"":100.0,""relevance_score_100"":97.0,""popularity_score_100"":42.57076559835678,""score_100"":75.22830623934271,""popularity_basis"":""BeatHit master-list game rank plus track position proxy""}"
48,OS Gothic Outro 02,Unknown credited artist,[],Orcs Must Die! (orcs-must-die-gamerip),,,"[""video game soundtrack""]","[""und""]",,,,Orcs Must Die!,,,khinsider_track_prominence_proxy,37.95076559835678,score_0_100,,,,75.18030623934271,,,,https://downloads.khinsider.com/game-soundtracks/album/orcs-must-die-gamerip,2026-10-05,Track title is taken from KHInsider's soundtrack/gamerip album index. Popularity is an explicitly labelled proxy based on BeatHit game rank and track prominence.,"{""culture_category"":""video_game_music"",""video_game"":""Orcs Must Die!"",""game_rank"":1373,""game_association_kind"":""khinsider_game_soundtrack"",""khinsider_album_url"":""https://downloads.khinsider.com/game-soundtracks/album/orcs-must-die-gamerip"",""khinsider_album_title"":""Orcs Must Die! (orcs-must-die-gamerip)"",""khinsider_album_kind"":""official_or_gamerip"",""khinsider_album_match_score"":100.0,""relevance_score_100"":100.0,""popularity_score_100"":37.95076559835678,""score_100"":75.18030623934271,""popularity_basis"":""BeatHit master-list game rank plus track position proxy""}"
49,Womantastic,Unknown credited artist,[],Orcs Must Die! (orcs-must-die),,,"[""video game soundtrack""]","[""und""]",,,,Orcs Must Die!,,,khinsider_track_prominence_proxy,42.36076559835678,score_0_100,,,,75.14430623934271,,,,https://downloads.khinsider.com/game-soundtracks/album/orcs-must-die,2026-10-05,Track title is taken from KHInsider's soundtrack/gamerip album index. Popularity is an explicitly labelled proxy based on BeatHit game rank and track prominence.,"{""culture_category"":""video_game_music"",""video_game"":""Orcs Must Die!"",""game_rank"":1373,""game_association_kind"":""khinsider_game_soundtrack"",""khinsider_album_url"":""https://downloads.khinsider.com/game-soundtracks/album/orcs-must-die"",""khinsider_album_title"":""Orcs Must Die! (orcs-must-die)"",""khinsider_album_kind"":""unclassified_game_album"",""khinsider_album_match_score"":100.0,""relevance_score_100"":97.0,""popularity_score_100"":42.36076559835678,""score_100"":75.14430623934271,""popularity_basis"":""BeatHit master-list game rank plus track position proxy""}"
50,OS Gothic Stinger 01,Unknown credited artist,[],Orcs Must Die! (orcs-must-die-gamerip),,,"[""video game soundtrack""]","[""und""]",,,,Orcs Must Die!,,,khinsider_track_prominence_proxy,37.74076559835678,score_0_100,,,,75.09630623934271,,,,https://downloads.khinsider.com/game-soundtracks/album/orcs-must-die-gamerip,2026-10-05,Track title is taken from KHInsider's soundtrack/gamerip album index. Popularity is an explicitly labelled proxy based on BeatHit game rank and track prominence.,"{""culture_category"":""video_game_music"",""video_game"":""Orcs Must Die!"",""game_rank"":1373,""game_association_kind"":""khinsider_game_soundtrack"",""khinsider_album_url"":""https://downloads.khinsider.com/game-soundtracks/album/orcs-must-die-gamerip"",""khinsider_album_title"":""Orcs Must Die! (orcs-must-die-gamerip)"",""khinsider_album_kind"":""official_or_gamerip"",""khinsider_album_match_score"":100.0,""relevance_score_100"":100.0,""popularity_score_100"":37.74076559835678,""score_100"":75.09630623934271,""popularity_basis"":""BeatHit master-list game rank plus track position proxy""}"
51,Lovers Quarrel,Unknown credited artist,[],Orcs Must Die! (orcs-must-die),,,"[""video game soundtrack""]","[""und""]",,,,Orcs Must Die!,,,khinsider_track_prominence_proxy,42.15076559835678,score_0_100,,,,75.06030623934271,,,,https://downloads.khinsider.com/game-soundtracks/album/orcs-must-die,2026-10-05,Track title is taken from KHInsider's soundtrack/gamerip album index. Popularity is an explicitly labelled proxy based on BeatHit game rank and track prominence.,"{""culture_category"":""video_game_music"",""video_game"":""Orcs Must Die!"",""game_rank"":1373,""game_association_kind"":""khinsider_game_soundtrack"",""khinsider_album_url"":""https://downloads.khinsider.com/game-soundtracks/album/orcs-must-die"",""khinsider_album_title"":""Orcs Must Die! (orcs-must-die)"",""khinsider_album_kind"":""unclassified_game_album"",""khinsider_album_match_score"":100.0,""relevance_score_100"":97.0,""popularity_score_100"":42.15076559835678,""score_100"":75.06030623934271,""popularity_basis"":""BeatHit master-list game rank plus track position proxy""}"
52,OS Gothic Stinger 02,Unknown credited artist,[],Orcs Must Die! (orcs-must-die-gamerip),,,"[""video game soundtrack""]","[""und""]",,,,Orcs Must Die!,,,khinsider_track_prominence_proxy,37.53076559835678,score_0_100,,,,75.0123062393427,,,,https://downloads.khinsider.com/game-soundtracks/album/orcs-must-die-gamerip,2026-10-05,Track title is taken from KHInsider's soundtrack/gamerip album index. Popularity is an explicitly labelled proxy based on BeatHit game rank and track prominence.,"{""culture_category"":""video_game_music"",""video_game"":""Orcs Must Die!"",""game_rank"":1373,""game_association_kind"":""khinsider_game_soundtrack"",""khinsider_album_url"":""https://downloads.khinsider.com/game-soundtracks/album/orcs-must-die-gamerip"",""khinsider_album_title"":""Orcs Must Die! (orcs-must-die-gamerip)"",""khinsider_album_kind"":""official_or_gamerip"",""khinsider_album_match_score"":100.0,""relevance_score_100"":100.0,""popularity_score_100"":37.53076559835678,""score_100"":75.0123062393427,""popularity_basis"":""BeatHit master-list game rank plus track position proxy""}"
53,Ogres in Like,Unknown credited artist,[],Orcs Must Die! (orcs-must-die),,,"[""video game soundtrack""]","[""und""]",,,,Orcs Must Die!,,,khinsider_track_prominence_proxy,41.940765598356776,score_0_100,,,,74.9763062393427,,,,https://downloads.khinsider.com/game-soundtracks/album/orcs-must-die,2026-10-05,Track title is taken from KHInsider's soundtrack/gamerip album index. Popularity is an explicitly labelled proxy based on BeatHit game rank and track prominence.,"{""culture_category"":""video_game_music"",""video_game"":""Orcs Must Die!"",""game_rank"":1373,""game_association_kind"":""khinsider_game_soundtrack"",""khinsider_album_url"":""https://downloads.khinsider.com/game-soundtracks/album/orcs-must-die"",""khinsider_album_title"":""Orcs Must Die! (orcs-must-die)"",""khinsider_album_kind"":""unclassified_game_album"",""khinsider_album_match_score"":100.0,""relevance_score_100"":97.0,""popularity_score_100"":41.940765598356776,""score_100"":74.9763062393427,""popularity_basis"":""BeatHit master-list game rank plus track position proxy""}"
54,Msx GiantKillers156 1,Unknown credited artist,[],Orcs Must Die! (orcs-must-die-gamerip),,,"[""video game soundtrack""]","[""und""]",,,,Orcs Must Die!,,,khinsider_track_prominence_proxy,37.32076559835678,score_0_100,,,,74.92830623934272,,,,https://downloads.khinsider.com/game-soundtracks/album/orcs-must-die-gamerip,2026-10-05,Track title is taken from KHInsider's soundtrack/gamerip album index. Popularity is an explicitly labelled proxy based on BeatHit game rank and track prominence.,"{""culture_category"":""video_game_music"",""video_game"":""Orcs Must Die!"",""game_rank"":1373,""game_association_kind"":""khinsider_game_soundtrack"",""khinsider_album_url"":""https://downloads.khinsider.com/game-soundtracks/album/orcs-must-die-gamerip"",""khinsider_album_title"":""Orcs Must Die! (orcs-must-die-gamerip)"",""khinsider_album_kind"":""official_or_gamerip"",""khinsider_album_match_score"":100.0,""relevance_score_100"":100.0,""popularity_score_100"":37.32076559835678,""score_100"":74.92830623934272,""popularity_basis"":""BeatHit master-list game rank plus track position proxy""}"
55,You Win (Original),Unknown credited artist,[],Orcs Must Die! (orcs-must-die),,,"[""video game soundtrack""]","[""und""]",,,,Orcs Must Die!,,,khinsider_track_prominence_proxy,41.730765598356776,score_0_100,,,,74.8923062393427,,,,https://downloads.khinsider.com/game-soundtracks/album/orcs-must-die,2026-10-05,Track title is taken from KHInsider's soundtrack/gamerip album index. Popularity is an explicitly labelled proxy based on BeatHit game rank and track prominence.,"{""culture_category"":""video_game_music"",""video_game"":""Orcs Must Die!"",""game_rank"":1373,""game_association_kind"":""khinsider_game_soundtrack"",""khinsider_album_url"":""https://downloads.khinsider.com/game-soundtracks/album/orcs-must-die"",""khinsider_album_title"":""Orcs Must Die! (orcs-must-die)"",""khinsider_album_kind"":""unclassified_game_album"",""khinsider_album_match_score"":100.0,""relevance_score_100"":97.0,""popularity_score_100"":41.730765598356776,""score_100"":74.8923062393427,""popularity_basis"":""BeatHit master-list game rank plus track position proxy""}"
56,Msx GiantKillers156 2,Unknown credited artist,[],Orcs Must Die! (orcs-must-die-gamerip),,,"[""video game soundtrack""]","[""und""]",,,,Orcs Must Die!,,,khinsider_track_prominence_proxy,37.11076559835678,score_0_100,,,,74.84430623934271,,,,https://downloads.khinsider.com/game-soundtracks/album/orcs-must-die-gamerip,2026-10-05,Track title is taken from KHInsider's soundtrack/gamerip album index. Popularity is an explicitly labelled proxy based on BeatHit game rank and track prominence.,"{""culture_category"":""video_game_music"",""video_game"":""Orcs Must Die!"",""game_rank"":1373,""game_association_kind"":""khinsider_game_soundtrack"",""khinsider_album_url"":""https://downloads.khinsider.com/game-soundtracks/album/orcs-must-die-gamerip"",""khinsider_album_title"":""Orcs Must Die! (orcs-must-die-gamerip)"",""khinsider_album_kind"":""official_or_gamerip"",""khinsider_album_match_score"":100.0,""relevance_score_100"":100.0,""popularity_score_100"":37.11076559835678,""score_100"":74.84430623934271,""popularity_basis"":""BeatHit master-list game rank plus track position proxy""}"
57,Got Any Credits,Unknown credited artist,[],Orcs Must Die! (orcs-must-die),,,"[""video game soundtrack""]","[""und""]",,,,Orcs Must Die!,,,khinsider_track_prominence_proxy,41.520765598356775,score_0_100,,,,74.8083062393427,,,,https://downloads.khinsider.com/game-soundtracks/album/orcs-must-die,2026-10-05,Track title is taken from KHInsider's soundtrack/gamerip album index. Popularity is an explicitly labelled proxy based on BeatHit game rank and track prominence.,"{""culture_category"":""video_game_music"",""video_game"":""Orcs Must Die!"",""game_rank"":1373,""game_association_kind"":""khinsider_game_soundtrack"",""khinsider_album_url"":""https://downloads.khinsider.com/game-soundtracks/album/orcs-must-die"",""khinsider_album_title"":""Orcs Must Die! (orcs-must-die)"",""khinsider_album_kind"":""unclassified_game_album"",""khinsider_album_match_score"":100.0,""relevance_score_100"":97.0,""popularity_score_100"":41.520765598356775,""score_100"":74.8083062393427,""popularity_basis"":""BeatHit master-list game rank plus track position proxy""}"
58,Msx GiantKillers156 3,Unknown credited artist,[],Orcs Must Die! (orcs-must-die-gamerip),,,"[""video game soundtrack""]","[""und""]",,,,Orcs Must Die!,,,khinsider_track_prominence_proxy,36.90076559835678,score_0_100,,,,74.76030623934271,,,,https://downloads.khinsider.com/game-soundtracks/album/orcs-must-die-gamerip,2026-10-05,Track title is taken from KHInsider's soundtrack/gamerip album index. Popularity is an explicitly labelled proxy based on BeatHit game rank and track prominence.,"{""culture_category"":""video_game_music"",""video_game"":""Orcs Must Die!"",""game_rank"":1373,""game_association_kind"":""khinsider_game_soundtrack"",""khinsider_album_url"":""https://downloads.khinsider.com/game-soundtracks/album/orcs-must-die-gamerip"",""khinsider_album_title"":""Orcs Must Die! (orcs-must-die-gamerip)"",""khinsider_album_kind"":""official_or_gamerip"",""khinsider_album_match_score"":100.0,""relevance_score_100"":100.0,""popularity_score_100"":36.90076559835678,""score_100"":74.76030623934271,""popularity_basis"":""BeatHit master-list game rank plus track position proxy""}"
59,Msx GiantKillers156 4,Unknown credited artist,[],Orcs Must Die! (orcs-must-die-gamerip),,,"[""video game soundtrack""]","[""und""]",,,,Orcs Must Die!,,,khinsider_track_prominence_proxy,36.690765598356776,score_0_100,,,,74.67630623934271,,,,https://downloads.khinsider.com/game-soundtracks/album/orcs-must-die-gamerip,2026-10-05,Track title is taken from KHInsider's soundtrack/gamerip album index. Popularity is an explicitly labelled proxy based on BeatHit game rank and track prominence.,"{""culture_category"":""video_game_music"",""video_game"":""Orcs Must Die!"",""game_rank"":1373,""game_association_kind"":""khinsider_game_soundtrack"",""khinsider_album_url"":""https://downloads.khinsider.com/game-soundtracks/album/orcs-must-die-gamerip"",""khinsider_album_title"":""Orcs Must Die! (orcs-must-die-gamerip)"",""khinsider_album_kind"":""official_or_gamerip"",""khinsider_album_match_score"":100.0,""relevance_score_100"":100.0,""popularity_score_100"":36.690765598356776,""score_100"":74.67630623934271,""popularity_basis"":""BeatHit master-list game rank plus track position proxy""}"
60,Msx GiantKillers156 5,Unknown credited artist,[],Orcs Must Die! (orcs-must-die-gamerip),,,"[""video game soundtrack""]","[""und""]",,,,Orcs Must Die!,,,khinsider_track_prominence_proxy,36.480765598356776,score_0_100,,,,74.59230623934272,,,,https://downloads.khinsider.com/game-soundtracks/album/orcs-must-die-gamerip,2026-10-05,Track title is taken from KHInsider's soundtrack/gamerip album index. Popularity is an explicitly labelled proxy based on BeatHit game rank and track prominence.,"{""culture_category"":""video_game_music"",""video_game"":""Orcs Must Die!"",""game_rank"":1373,""game_association_kind"":""khinsider_game_soundtrack"",""khinsider_album_url"":""https://downloads.khinsider.com/game-soundtracks/album/orcs-must-die-gamerip"",""khinsider_album_title"":""Orcs Must Die! (orcs-must-die-gamerip)"",""khinsider_album_kind"":""official_or_gamerip"",""khinsider_album_match_score"":100.0,""relevance_score_100"":100.0,""popularity_score_100"":36.480765598356776,""score_100"":74.59230623934272,""popularity_basis"":""BeatHit master-list game rank plus track position proxy""}"
61,Msx GiantKillers156 Intro,Unknown credited artist,[],Orcs Must Die! (orcs-must-die-gamerip),,,"[""video game soundtrack""]","[""und""]",,,,Orcs Must Die!,,,khinsider_track_prominence_proxy,36.270765598356775,score_0_100,,,,74.50830623934272,,,,https://downloads.khinsider.com/game-soundtracks/album/orcs-must-die-gamerip,2026-10-05,Track title is taken from KHInsider's soundtrack/gamerip album index. Popularity is an explicitly labelled proxy based on BeatHit game rank and track prominence.,"{""culture_category"":""video_game_music"",""video_game"":""Orcs Must Die!"",""game_rank"":1373,""game_association_kind"":""khinsider_game_soundtrack"",""khinsider_album_url"":""https://downloads.khinsider.com/game-soundtracks/album/orcs-must-die-gamerip"",""khinsider_album_title"":""Orcs Must Die! (orcs-must-die-gamerip)"",""khinsider_album_kind"":""official_or_gamerip"",""khinsider_album_match_score"":100.0,""relevance_score_100"":100.0,""popularity_score_100"":36.270765598356775,""score_100"":74.50830623934272,""popularity_basis"":""BeatHit master-list game rank plus track position proxy""}"
62,Msx GiantKillers156 Outro,Unknown credited artist,[],Orcs Must Die! (orcs-must-die-gamerip),,,"[""video game soundtrack""]","[""und""]",,,,Orcs Must Die!,,,khinsider_track_prominence_proxy,36.06076559835678,score_0_100,,,,74.42430623934271,,,,https://downloads.khinsider.com/game-soundtracks/album/orcs-must-die-gamerip,2026-10-05,Track title is taken from KHInsider's soundtrack/gamerip album index. Popularity is an explicitly labelled proxy based on BeatHit game rank and track prominence.,"{""culture_category"":""video_game_music"",""video_game"":""Orcs Must Die!"",""game_rank"":1373,""game_association_kind"":""khinsider_game_soundtrack"",""khinsider_album_url"":""https://downloads.khinsider.com/game-soundtracks/album/orcs-must-die-gamerip"",""khinsider_album_title"":""Orcs Must Die! (orcs-must-die-gamerip)"",""khinsider_album_kind"":""official_or_gamerip"",""khinsider_album_match_score"":100.0,""relevance_score_100"":100.0,""popularity_score_100"":36.06076559835678,""score_100"":74.42430623934271,""popularity_basis"":""BeatHit master-list game rank plus track position proxy""}"
63,Msx SkullCrush 112 1,Unknown credited artist,[],Orcs Must Die! (orcs-must-die-gamerip),,,"[""video game soundtrack""]","[""und""]",,,,Orcs Must Die!,,,khinsider_track_prominence_proxy,35.85076559835678,score_0_100,,,,74.34030623934271,,,,https://downloads.khinsider.com/game-soundtracks/album/orcs-must-die-gamerip,2026-10-05,Track title is taken from KHInsider's soundtrack/gamerip album index. Popularity is an explicitly labelled proxy based on BeatHit game rank and track prominence.,"{""culture_category"":""video_game_music"",""video_game"":""Orcs Must Die!"",""game_rank"":1373,""game_association_kind"":""khinsider_game_soundtrack"",""khinsider_album_url"":""https://downloads.khinsider.com/game-soundtracks/album/orcs-must-die-gamerip"",""khinsider_album_title"":""Orcs Must Die! (orcs-must-die-gamerip)"",""khinsider_album_kind"":""official_or_gamerip"",""khinsider_album_match_score"":100.0,""relevance_score_100"":100.0,""popularity_score_100"":35.85076559835678,""score_100"":74.34030623934271,""popularity_basis"":""BeatHit master-list game rank plus track position proxy""}"
64,Msx SkullCrush 112 2,Unknown credited artist,[],Orcs Must Die! (orcs-must-die-gamerip),,,"[""video game soundtrack""]","[""und""]",,,,Orcs Must Die!,,,khinsider_track_prominence_proxy,35.64076559835678,score_0_100,,,,74.2563062393427,,,,https://downloads.khinsider.com/game-soundtracks/album/orcs-must-die-gamerip,2026-10-05,Track title is taken from KHInsider's soundtrack/gamerip album index. Popularity is an explicitly labelled proxy based on BeatHit game rank and track prominence.,"{""culture_category"":""video_game_music"",""video_game"":""Orcs Must Die!"",""game_rank"":1373,""game_association_kind"":""khinsider_game_soundtrack"",""khinsider_album_url"":""https://downloads.khinsider.com/game-soundtracks/album/orcs-must-die-gamerip"",""khinsider_album_title"":""Orcs Must Die! (orcs-must-die-gamerip)"",""khinsider_album_kind"":""official_or_gamerip"",""khinsider_album_match_score"":100.0,""relevance_score_100"":100.0,""popularity_score_100"":35.64076559835678,""score_100"":74.2563062393427,""popularity_basis"":""BeatHit master-list game rank plus track position proxy""}"
65,Msx SkullCrush 112 3,Unknown credited artist,[],Orcs Must Die! (orcs-must-die-gamerip),,,"[""video game soundtrack""]","[""und""]",,,,Orcs Must Die!,,,khinsider_track_prominence_proxy,35.430765598356786,score_0_100,,,,74.17230623934272,,,,https://downloads.khinsider.com/game-soundtracks/album/orcs-must-die-gamerip,2026-10-05,Track title is taken from KHInsider's soundtrack/gamerip album index. Popularity is an explicitly labelled proxy based on BeatHit game rank and track prominence.,"{""culture_category"":""video_game_music"",""video_game"":""Orcs Must Die!"",""game_rank"":1373,""game_association_kind"":""khinsider_game_soundtrack"",""khinsider_album_url"":""https://downloads.khinsider.com/game-soundtracks/album/orcs-must-die-gamerip"",""khinsider_album_title"":""Orcs Must Die! (orcs-must-die-gamerip)"",""khinsider_album_kind"":""official_or_gamerip"",""khinsider_album_match_score"":100.0,""relevance_score_100"":100.0,""popularity_score_100"":35.430765598356786,""score_100"":74.17230623934272,""popularity_basis"":""BeatHit master-list game rank plus track position proxy""}"
66,Msx SkullCrush 112 4,Unknown credited artist,[],Orcs Must Die! (orcs-must-die-gamerip),,,"[""video game soundtrack""]","[""und""]",,,,Orcs Must Die!,,,khinsider_track_prominence_proxy,35.22076559835678,score_0_100,,,,74.08830623934271,,,,https://downloads.khinsider.com/game-soundtracks/album/orcs-must-die-gamerip,2026-10-05,Track title is taken from KHInsider's soundtrack/gamerip album index. Popularity is an explicitly labelled proxy based on BeatHit game rank and track prominence.,"{""culture_category"":""video_game_music"",""video_game"":""Orcs Must Die!"",""game_rank"":1373,""game_association_kind"":""khinsider_game_soundtrack"",""khinsider_album_url"":""https://downloads.khinsider.com/game-soundtracks/album/orcs-must-die-gamerip"",""khinsider_album_title"":""Orcs Must Die! (orcs-must-die-gamerip)"",""khinsider_album_kind"":""official_or_gamerip"",""khinsider_album_match_score"":100.0,""relevance_score_100"":100.0,""popularity_score_100"":35.22076559835678,""score_100"":74.08830623934271,""popularity_basis"":""BeatHit master-list game rank plus track position proxy""}"
67,Msx SkullCrush 112 5,Unknown credited artist,[],Orcs Must Die! (orcs-must-die-gamerip),,,"[""video game soundtrack""]","[""und""]",,,,Orcs Must Die!,,,khinsider_track_prominence_proxy,35.010765598356784,score_0_100,,,,74.00430623934271,,,,https://downloads.khinsider.com/game-soundtracks/album/orcs-must-die-gamerip,2026-10-05,Track title is taken from KHInsider's soundtrack/gamerip album index. Popularity is an explicitly labelled proxy based on BeatHit game rank and track prominence.,"{""culture_category"":""video_game_music"",""video_game"":""Orcs Must Die!"",""game_rank"":1373,""game_association_kind"":""khinsider_game_soundtrack"",""khinsider_album_url"":""https://downloads.khinsider.com/game-soundtracks/album/orcs-must-die-gamerip"",""khinsider_album_title"":""Orcs Must Die! (orcs-must-die-gamerip)"",""khinsider_album_kind"":""official_or_gamerip"",""khinsider_album_match_score"":100.0,""relevance_score_100"":100.0,""popularity_score_100"":35.010765598356784,""score_100"":74.00430623934271,""popularity_basis"":""BeatHit master-list game rank plus track position proxy""}"
68,Msx SkullCrush 112 Intro,Unknown credited artist,[],Orcs Must Die! (orcs-must-die-gamerip),,,"[""video game soundtrack""]","[""und""]",,,,Orcs Must Die!,,,khinsider_track_prominence_proxy,34.80076559835678,score_0_100,,,,73.92030623934272,,,,https://downloads.khinsider.com/game-soundtracks/album/orcs-must-die-gamerip,2026-10-05,Track title is taken from KHInsider's soundtrack/gamerip album index. Popularity is an explicitly labelled proxy based on BeatHit game rank and track prominence.,"{""culture_category"":""video_game_music"",""video_game"":""Orcs Must Die!"",""game_rank"":1373,""game_association_kind"":""khinsider_game_soundtrack"",""khinsider_album_url"":""https://downloads.khinsider.com/game-soundtracks/album/orcs-must-die-gamerip"",""khinsider_album_title"":""Orcs Must Die! (orcs-must-die-gamerip)"",""khinsider_album_kind"":""official_or_gamerip"",""khinsider_album_match_score"":100.0,""relevance_score_100"":100.0,""popularity_score_100"":34.80076559835678,""score_100"":73.92030623934272,""popularity_basis"":""BeatHit master-list game rank plus track position proxy""}"
69,Msx SkullCrush 112 Outro,Unknown credited artist,[],Orcs Must Die! (orcs-must-die-gamerip),,,"[""video game soundtrack""]","[""und""]",,,,Orcs Must Die!,,,khinsider_track_prominence_proxy,34.59076559835678,score_0_100,,,,73.83630623934272,,,,https://downloads.khinsider.com/game-soundtracks/album/orcs-must-die-gamerip,2026-10-05,Track title is taken from KHInsider's soundtrack/gamerip album index. Popularity is an explicitly labelled proxy based on BeatHit game rank and track prominence.,"{""culture_category"":""video_game_music"",""video_game"":""Orcs Must Die!"",""game_rank"":1373,""game_association_kind"":""khinsider_game_soundtrack"",""khinsider_album_url"":""https://downloads.khinsider.com/game-soundtracks/album/orcs-must-die-gamerip"",""khinsider_album_title"":""Orcs Must Die! (orcs-must-die-gamerip)"",""khinsider_album_kind"":""official_or_gamerip"",""khinsider_album_match_score"":100.0,""relevance_score_100"":100.0,""popularity_score_100"":34.59076559835678,""score_100"":73.83630623934272,""popularity_basis"":""BeatHit master-list game rank plus track position proxy""}"
70,Msx BarFight 136 1,Unknown credited artist,[],Orcs Must Die! (orcs-must-die-gamerip),,,"[""video game soundtrack""]","[""und""]",,,,Orcs Must Die!,,,khinsider_track_prominence_proxy,34.38076559835678,score_0_100,,,,73.75230623934272,,,,https://downloads.khinsider.com/game-soundtracks/album/orcs-must-die-gamerip,2026-10-05,Track title is taken from KHInsider's soundtrack/gamerip album index. Popularity is an explicitly labelled proxy based on BeatHit game rank and track prominence.,"{""culture_category"":""video_game_music"",""video_game"":""Orcs Must Die!"",""game_rank"":1373,""game_association_kind"":""khinsider_game_soundtrack"",""khinsider_album_url"":""https://downloads.khinsider.com/game-soundtracks/album/orcs-must-die-gamerip"",""khinsider_album_title"":""Orcs Must Die! (orcs-must-die-gamerip)"",""khinsider_album_kind"":""official_or_gamerip"",""khinsider_album_match_score"":100.0,""relevance_score_100"":100.0,""popularity_score_100"":34.38076559835678,""score_100"":73.75230623934272,""popularity_basis"":""BeatHit master-list game rank plus track position proxy""}"
71,Msx BarFight 136 2,Unknown credited artist,[],Orcs Must Die! (orcs-must-die-gamerip),,,"[""video game soundtrack""]","[""und""]",,,,Orcs Must Die!,,,khinsider_track_prominence_proxy,34.17076559835678,score_0_100,,,,73.66830623934271,,,,https://downloads.khinsider.com/game-soundtracks/album/orcs-must-die-gamerip,2026-10-05,Track title is taken from KHInsider's soundtrack/gamerip album index. Popularity is an explicitly labelled proxy based on BeatHit game rank and track prominence.,"{""culture_category"":""video_game_music"",""video_game"":""Orcs Must Die!"",""game_rank"":1373,""game_association_kind"":""khinsider_game_soundtrack"",""khinsider_album_url"":""https://downloads.khinsider.com/game-soundtracks/album/orcs-must-die-gamerip"",""khinsider_album_title"":""Orcs Must Die! (orcs-must-die-gamerip)"",""khinsider_album_kind"":""official_or_gamerip"",""khinsider_album_match_score"":100.0,""relevance_score_100"":100.0,""popularity_score_100"":34.17076559835678,""score_100"":73.66830623934271,""popularity_basis"":""BeatHit master-list game rank plus track position proxy""}"
72,Msx BarFight 136 3,Unknown credited artist,[],Orcs Must Die! (orcs-must-die-gamerip),,,"[""video game soundtrack""]","[""und""]",,,,Orcs Must Die!,,,khinsider_track_prominence_proxy,33.96076559835678,score_0_100,,,,73.58430623934271,,,,https://downloads.khinsider.com/game-soundtracks/album/orcs-must-die-gamerip,2026-10-05,Track title is taken from KHInsider's soundtrack/gamerip album index. Popularity is an explicitly labelled proxy based on BeatHit game rank and track prominence.,"{""culture_category"":""video_game_music"",""video_game"":""Orcs Must Die!"",""game_rank"":1373,""game_association_kind"":""khinsider_game_soundtrack"",""khinsider_album_url"":""https://downloads.khinsider.com/game-soundtracks/album/orcs-must-die-gamerip"",""khinsider_album_title"":""Orcs Must Die! (orcs-must-die-gamerip)"",""khinsider_album_kind"":""official_or_gamerip"",""khinsider_album_match_score"":100.0,""relevance_score_100"":100.0,""popularity_score_100"":33.96076559835678,""score_100"":73.58430623934271,""popularity_basis"":""BeatHit master-list game rank plus track position proxy""}"
73,Msx BarFight 136 4,Unknown credited artist,[],Orcs Must Die! (orcs-must-die-gamerip),,,"[""video game soundtrack""]","[""und""]",,,,Orcs Must Die!,,,khinsider_track_prominence_proxy,33.75076559835678,score_0_100,,,,73.5003062393427,,,,https://downloads.khinsider.com/game-soundtracks/album/orcs-must-die-gamerip,2026-10-05,Track title is taken from KHInsider's soundtrack/gamerip album index. Popularity is an explicitly labelled proxy based on BeatHit game rank and track prominence.,"{""culture_category"":""video_game_music"",""video_game"":""Orcs Must Die!"",""game_rank"":1373,""game_association_kind"":""khinsider_game_soundtrack"",""khinsider_album_url"":""https://downloads.khinsider.com/game-soundtracks/album/orcs-must-die-gamerip"",""khinsider_album_title"":""Orcs Must Die! (orcs-must-die-gamerip)"",""khinsider_album_kind"":""official_or_gamerip"",""khinsider_album_match_score"":100.0,""relevance_score_100"":100.0,""popularity_score_100"":33.75076559835678,""score_100"":73.5003062393427,""popularity_basis"":""BeatHit master-list game rank plus track position proxy""}"
74,Msx BarFight 136 5,Unknown credited artist,[],Orcs Must Die! (orcs-must-die-gamerip),,,"[""video game soundtrack""]","[""und""]",,,,Orcs Must Die!,,,khinsider_track_prominence_proxy,33.54076559835678,score_0_100,,,,73.41630623934272,,,,https://downloads.khinsider.com/game-soundtracks/album/orcs-must-die-gamerip,2026-10-05,Track title is taken from KHInsider's soundtrack/gamerip album index. Popularity is an explicitly labelled proxy based on BeatHit game rank and track prominence.,"{""culture_category"":""video_game_music"",""video_game"":""Orcs Must Die!"",""game_rank"":1373,""game_association_kind"":""khinsider_game_soundtrack"",""khinsider_album_url"":""https://downloads.khinsider.com/game-soundtracks/album/orcs-must-die-gamerip"",""khinsider_album_title"":""Orcs Must Die! (orcs-must-die-gamerip)"",""khinsider_album_kind"":""official_or_gamerip"",""khinsider_album_match_score"":100.0,""relevance_score_100"":100.0,""popularity_score_100"":33.54076559835678,""score_100"":73.41630623934272,""popularity_basis"":""BeatHit master-list game rank plus track position proxy""}"
75,Msx BarFight 136 Intro,Unknown credited artist,[],Orcs Must Die! (orcs-must-die-gamerip),,,"[""video game soundtrack""]","[""und""]",,,,Orcs Must Die!,,,khinsider_track_prominence_proxy,33.330765598356784,score_0_100,,,,73.33230623934271,,,,https://downloads.khinsider.com/game-soundtracks/album/orcs-must-die-gamerip,2026-10-05,Track title is taken from KHInsider's soundtrack/gamerip album index. Popularity is an explicitly labelled proxy based on BeatHit game rank and track prominence.,"{""culture_category"":""video_game_music"",""video_game"":""Orcs Must Die!"",""game_rank"":1373,""game_association_kind"":""khinsider_game_soundtrack"",""khinsider_album_url"":""https://downloads.khinsider.com/game-soundtracks/album/orcs-must-die-gamerip"",""khinsider_album_title"":""Orcs Must Die! (orcs-must-die-gamerip)"",""khinsider_album_kind"":""official_or_gamerip"",""khinsider_album_match_score"":100.0,""relevance_score_100"":100.0,""popularity_score_100"":33.330765598356784,""score_100"":73.33230623934271,""popularity_basis"":""BeatHit master-list game rank plus track position proxy""}"
76,Msx BarFight 136 Outro,Unknown credited artist,[],Orcs Must Die! (orcs-must-die-gamerip),,,"[""video game soundtrack""]","[""und""]",,,,Orcs Must Die!,,,khinsider_track_prominence_proxy,33.12076559835678,score_0_100,,,,73.24830623934271,,,,https://downloads.khinsider.com/game-soundtracks/album/orcs-must-die-gamerip,2026-10-05,Track title is taken from KHInsider's soundtrack/gamerip album index. Popularity is an explicitly labelled proxy based on BeatHit game rank and track prominence.,"{""culture_category"":""video_game_music"",""video_game"":""Orcs Must Die!"",""game_rank"":1373,""game_association_kind"":""khinsider_game_soundtrack"",""khinsider_album_url"":""https://downloads.khinsider.com/game-soundtracks/album/orcs-must-die-gamerip"",""khinsider_album_title"":""Orcs Must Die! (orcs-must-die-gamerip)"",""khinsider_album_kind"":""official_or_gamerip"",""khinsider_album_match_score"":100.0,""relevance_score_100"":100.0,""popularity_score_100"":33.12076559835678,""score_100"":73.24830623934271,""popularity_basis"":""BeatHit master-list game rank plus track position proxy""}"
77,MX CastleMania 1,Unknown credited artist,[],Orcs Must Die! (orcs-must-die-gamerip),,,"[""video game soundtrack""]","[""und""]",,,,Orcs Must Die!,,,khinsider_track_prominence_proxy,32.91076559835678,score_0_100,,,,73.16430623934272,,,,https://downloads.khinsider.com/game-soundtracks/album/orcs-must-die-gamerip,2026-10-05,Track title is taken from KHInsider's soundtrack/gamerip album index. Popularity is an explicitly labelled proxy based on BeatHit game rank and track prominence.,"{""culture_category"":""video_game_music"",""video_game"":""Orcs Must Die!"",""game_rank"":1373,""game_association_kind"":""khinsider_game_soundtrack"",""khinsider_album_url"":""https://downloads.khinsider.com/game-soundtracks/album/orcs-must-die-gamerip"",""khinsider_album_title"":""Orcs Must Die! (orcs-must-die-gamerip)"",""khinsider_album_kind"":""official_or_gamerip"",""khinsider_album_match_score"":100.0,""relevance_score_100"":100.0,""popularity_score_100"":32.91076559835678,""score_100"":73.16430623934272,""popularity_basis"":""BeatHit master-list game rank plus track position proxy""}"
78,MX CastleMania 2,Unknown credited artist,[],Orcs Must Die! (orcs-must-die-gamerip),,,"[""video game soundtrack""]","[""und""]",,,,Orcs Must Die!,,,khinsider_track_prominence_proxy,32.70076559835678,score_0_100,,,,73.08030623934272,,,,https://downloads.khinsider.com/game-soundtracks/album/orcs-must-die-gamerip,2026-10-05,Track title is taken from KHInsider's soundtrack/gamerip album index. Popularity is an explicitly labelled proxy based on BeatHit game rank and track prominence.,"{""culture_category"":""video_game_music"",""video_game"":""Orcs Must Die!"",""game_rank"":1373,""game_association_kind"":""khinsider_game_soundtrack"",""khinsider_album_url"":""https://downloads.khinsider.com/game-soundtracks/album/orcs-must-die-gamerip"",""khinsider_album_title"":""Orcs Must Die! (orcs-must-die-gamerip)"",""khinsider_album_kind"":""official_or_gamerip"",""khinsider_album_match_score"":100.0,""relevance_score_100"":100.0,""popularity_score_100"":32.70076559835678,""score_100"":73.08030623934272,""popularity_basis"":""BeatHit master-list game rank plus track position proxy""}"
79,MX CastleMania 3,Unknown credited artist,[],Orcs Must Die! (orcs-must-die-gamerip),,,"[""video game soundtrack""]","[""und""]",,,,Orcs Must Die!,,,khinsider_track_prominence_proxy,32.49076559835678,score_0_100,,,,72.99630623934272,,,,https://downloads.khinsider.com/game-soundtracks/album/orcs-must-die-gamerip,2026-10-05,Track title is taken from KHInsider's soundtrack/gamerip album index. Popularity is an explicitly labelled proxy based on BeatHit game rank and track prominence.,"{""culture_category"":""video_game_music"",""video_game"":""Orcs Must Die!"",""game_rank"":1373,""game_association_kind"":""khinsider_game_soundtrack"",""khinsider_album_url"":""https://downloads.khinsider.com/game-soundtracks/album/orcs-must-die-gamerip"",""khinsider_album_title"":""Orcs Must Die! (orcs-must-die-gamerip)"",""khinsider_album_kind"":""official_or_gamerip"",""khinsider_album_match_score"":100.0,""relevance_score_100"":100.0,""popularity_score_100"":32.49076559835678,""score_100"":72.99630623934272,""popularity_basis"":""BeatHit master-list game rank plus track position proxy""}"
80,MX CastleMania 4,Unknown credited artist,[],Orcs Must Die! (orcs-must-die-gamerip),,,"[""video game soundtrack""]","[""und""]",,,,Orcs Must Die!,,,khinsider_track_prominence_proxy,32.28076559835678,score_0_100,,,,72.91230623934271,,,,https://downloads.khinsider.com/game-soundtracks/album/orcs-must-die-gamerip,2026-10-05,Track title is taken from KHInsider's soundtrack/gamerip album index. Popularity is an explicitly labelled proxy based on BeatHit game rank and track prominence.,"{""culture_category"":""video_game_music"",""video_game"":""Orcs Must Die!"",""game_rank"":1373,""game_association_kind"":""khinsider_game_soundtrack"",""khinsider_album_url"":""https://downloads.khinsider.com/game-soundtracks/album/orcs-must-die-gamerip"",""khinsider_album_title"":""Orcs Must Die! (orcs-must-die-gamerip)"",""khinsider_album_kind"":""official_or_gamerip"",""khinsider_album_match_score"":100.0,""relevance_score_100"":100.0,""popularity_score_100"":32.28076559835678,""score_100"":72.91230623934271,""popularity_basis"":""BeatHit master-list game rank plus track position proxy""}"
81,MX Creep 1,Unknown credited artist,[],Orcs Must Die! (orcs-must-die-gamerip),,,"[""video game soundtrack""]","[""und""]",,,,Orcs Must Die!,,,khinsider_track_prominence_proxy,32.07076559835678,score_0_100,,,,72.82830623934271,,,,https://downloads.khinsider.com/game-soundtracks/album/orcs-must-die-gamerip,2026-10-05,Track title is taken from KHInsider's soundtrack/gamerip album index. Popularity is an explicitly labelled proxy based on BeatHit game rank and track prominence.,"{""culture_category"":""video_game_music"",""video_game"":""Orcs Must Die!"",""game_rank"":1373,""game_association_kind"":""khinsider_game_soundtrack"",""khinsider_album_url"":""https://downloads.khinsider.com/game-soundtracks/album/orcs-must-die-gamerip"",""khinsider_album_title"":""Orcs Must Die! (orcs-must-die-gamerip)"",""khinsider_album_kind"":""official_or_gamerip"",""khinsider_album_match_score"":100.0,""relevance_score_100"":100.0,""popularity_score_100"":32.07076559835678,""score_100"":72.82830623934271,""popularity_basis"":""BeatHit master-list game rank plus track position proxy""}"
82,MX Creep 2,Unknown credited artist,[],Orcs Must Die! (orcs-must-die-gamerip),,,"[""video game soundtrack""]","[""und""]",,,,Orcs Must Die!,,,khinsider_track_prominence_proxy,31.860765598356778,score_0_100,,,,72.7443062393427,,,,https://downloads.khinsider.com/game-soundtracks/album/orcs-must-die-gamerip,2026-10-05,Track title is taken from KHInsider's soundtrack/gamerip album index. Popularity is an explicitly labelled proxy based on BeatHit game rank and track prominence.,"{""culture_category"":""video_game_music"",""video_game"":""Orcs Must Die!"",""game_rank"":1373,""game_association_kind"":""khinsider_game_soundtrack"",""khinsider_album_url"":""https://downloads.khinsider.com/game-soundtracks/album/orcs-must-die-gamerip"",""khinsider_album_title"":""Orcs Must Die! (orcs-must-die-gamerip)"",""khinsider_album_kind"":""official_or_gamerip"",""khinsider_album_match_score"":100.0,""relevance_score_100"":100.0,""popularity_score_100"":31.860765598356778,""score_100"":72.7443062393427,""popularity_basis"":""BeatHit master-list game rank plus track position proxy""}"
83,MX Creep 3,Unknown credited artist,[],Orcs Must Die! (orcs-must-die-gamerip),,,"[""video game soundtrack""]","[""und""]",,,,Orcs Must Die!,,,khinsider_track_prominence_proxy,31.650765598356777,score_0_100,,,,72.66030623934272,,,,https://downloads.khinsider.com/game-soundtracks/album/orcs-must-die-gamerip,2026-10-05,Track title is taken from KHInsider's soundtrack/gamerip album index. Popularity is an explicitly labelled proxy based on BeatHit game rank and track prominence.,"{""culture_category"":""video_game_music"",""video_game"":""Orcs Must Die!"",""game_rank"":1373,""game_association_kind"":""khinsider_game_soundtrack"",""khinsider_album_url"":""https://downloads.khinsider.com/game-soundtracks/album/orcs-must-die-gamerip"",""khinsider_album_title"":""Orcs Must Die! (orcs-must-die-gamerip)"",""khinsider_album_kind"":""official_or_gamerip"",""khinsider_album_match_score"":100.0,""relevance_score_100"":100.0,""popularity_score_100"":31.650765598356777,""score_100"":72.66030623934272,""popularity_basis"":""BeatHit master-list game rank plus track position proxy""}"
84,MX Creep 4,Unknown credited artist,[],Orcs Must Die! (orcs-must-die-gamerip),,,"[""video game soundtrack""]","[""und""]",,,,Orcs Must Die!,,,khinsider_track_prominence_proxy,31.440765598356776,score_0_100,,,,72.57630623934271,,,,https://downloads.khinsider.com/game-soundtracks/album/orcs-must-die-gamerip,2026-10-05,Track title is taken from KHInsider's soundtrack/gamerip album index. Popularity is an explicitly labelled proxy based on BeatHit game rank and track prominence.,"{""culture_category"":""video_game_music"",""video_game"":""Orcs Must Die!"",""game_rank"":1373,""game_association_kind"":""khinsider_game_soundtrack"",""khinsider_album_url"":""https://downloads.khinsider.com/game-soundtracks/album/orcs-must-die-gamerip"",""khinsider_album_title"":""Orcs Must Die! (orcs-must-die-gamerip)"",""khinsider_album_kind"":""official_or_gamerip"",""khinsider_album_match_score"":100.0,""relevance_score_100"":100.0,""popularity_score_100"":31.440765598356776,""score_100"":72.57630623934271,""popularity_basis"":""BeatHit master-list game rank plus track position proxy""}"
85,MX Creep 5,Unknown credited artist,[],Orcs Must Die! (orcs-must-die-gamerip),,,"[""video game soundtrack""]","[""und""]",,,,Orcs Must Die!,,,khinsider_track_prominence_proxy,31.230765598356783,score_0_100,,,,72.49230623934271,,,,https://downloads.khinsider.com/game-soundtracks/album/orcs-must-die-gamerip,2026-10-05,Track title is taken from KHInsider's soundtrack/gamerip album index. Popularity is an explicitly labelled proxy based on BeatHit game rank and track prominence.,"{""culture_category"":""video_game_music"",""video_game"":""Orcs Must Die!"",""game_rank"":1373,""game_association_kind"":""khinsider_game_soundtrack"",""khinsider_album_url"":""https://downloads.khinsider.com/game-soundtracks/album/orcs-must-die-gamerip"",""khinsider_album_title"":""Orcs Must Die! (orcs-must-die-gamerip)"",""khinsider_album_kind"":""official_or_gamerip"",""khinsider_album_match_score"":100.0,""relevance_score_100"":100.0,""popularity_score_100"":31.230765598356783,""score_100"":72.49230623934271,""popularity_basis"":""BeatHit master-list game rank plus track position proxy""}"
86,MX OgresInLove Intro 1,Unknown credited artist,[],Orcs Must Die! (orcs-must-die-gamerip),,,"[""video game soundtrack""]","[""und""]",,,,Orcs Must Die!,,,khinsider_track_prominence_proxy,31.020765598356782,score_0_100,,,,72.40830623934272,,,,https://downloads.khinsider.com/game-soundtracks/album/orcs-must-die-gamerip,2026-10-05,Track title is taken from KHInsider's soundtrack/gamerip album index. Popularity is an explicitly labelled proxy based on BeatHit game rank and track prominence.,"{""culture_category"":""video_game_music"",""video_game"":""Orcs Must Die!"",""game_rank"":1373,""game_association_kind"":""khinsider_game_soundtrack"",""khinsider_album_url"":""https://downloads.khinsider.com/game-soundtracks/album/orcs-must-die-gamerip"",""khinsider_album_title"":""Orcs Must Die! (orcs-must-die-gamerip)"",""khinsider_album_kind"":""official_or_gamerip"",""khinsider_album_match_score"":100.0,""relevance_score_100"":100.0,""popularity_score_100"":31.020765598356782,""score_100"":72.40830623934272,""popularity_basis"":""BeatHit master-list game rank plus track position proxy""}"
87,MX OgresInLove Intro 2,Unknown credited artist,[],Orcs Must Die! (orcs-must-die-gamerip),,,"[""video game soundtrack""]","[""und""]",,,,Orcs Must Die!,,,khinsider_track_prominence_proxy,30.81076559835678,score_0_100,,,,72.32430623934272,,,,https://downloads.khinsider.com/game-soundtracks/album/orcs-must-die-gamerip,2026-10-05,Track title is taken from KHInsider's soundtrack/gamerip album index. Popularity is an explicitly labelled proxy based on BeatHit game rank and track prominence.,"{""culture_category"":""video_game_music"",""video_game"":""Orcs Must Die!"",""game_rank"":1373,""game_association_kind"":""khinsider_game_soundtrack"",""khinsider_album_url"":""https://downloads.khinsider.com/game-soundtracks/album/orcs-must-die-gamerip"",""khinsider_album_title"":""Orcs Must Die! (orcs-must-die-gamerip)"",""khinsider_album_kind"":""official_or_gamerip"",""khinsider_album_match_score"":100.0,""relevance_score_100"":100.0,""popularity_score_100"":30.81076559835678,""score_100"":72.32430623934272,""popularity_basis"":""BeatHit master-list game rank plus track position proxy""}"
88,MX OgresInLove Intro 3,Unknown credited artist,[],Orcs Must Die! (orcs-must-die-gamerip),,,"[""video game soundtrack""]","[""und""]",,,,Orcs Must Die!,,,khinsider_track_prominence_proxy,30.60076559835678,score_0_100,,,,72.24030623934271,,,,https://downloads.khinsider.com/game-soundtracks/album/orcs-must-die-gamerip,2026-10-05,Track title is taken from KHInsider's soundtrack/gamerip album index. Popularity is an explicitly labelled proxy based on BeatHit game rank and track prominence.,"{""culture_category"":""video_game_music"",""video_game"":""Orcs Must Die!"",""game_rank"":1373,""game_association_kind"":""khinsider_game_soundtrack"",""khinsider_album_url"":""https://downloads.khinsider.com/game-soundtracks/album/orcs-must-die-gamerip"",""khinsider_album_title"":""Orcs Must Die! (orcs-must-die-gamerip)"",""khinsider_album_kind"":""official_or_gamerip"",""khinsider_album_match_score"":100.0,""relevance_score_100"":100.0,""popularity_score_100"":30.60076559835678,""score_100"":72.24030623934271,""popularity_basis"":""BeatHit master-list game rank plus track position proxy""}"
89,MX OgresInLove Main 1,Unknown credited artist,[],Orcs Must Die! (orcs-must-die-gamerip),,,"[""video game soundtrack""]","[""und""]",,,,Orcs Must Die!,,,khinsider_track_prominence_proxy,30.39076559835678,score_0_100,,,,72.15630623934271,,,,https://downloads.khinsider.com/game-soundtracks/album/orcs-must-die-gamerip,2026-10-05,Track title is taken from KHInsider's soundtrack/gamerip album index. Popularity is an explicitly labelled proxy based on BeatHit game rank and track prominence.,"{""culture_category"":""video_game_music"",""video_game"":""Orcs Must Die!"",""game_rank"":1373,""game_association_kind"":""khinsider_game_soundtrack"",""khinsider_album_url"":""https://downloads.khinsider.com/game-soundtracks/album/orcs-must-die-gamerip"",""khinsider_album_title"":""Orcs Must Die! (orcs-must-die-gamerip)"",""khinsider_album_kind"":""official_or_gamerip"",""khinsider_album_match_score"":100.0,""relevance_score_100"":100.0,""popularity_score_100"":30.39076559835678,""score_100"":72.15630623934271,""popularity_basis"":""BeatHit master-list game rank plus track position proxy""}"
90,MX OgresInLove Main 2,Unknown credited artist,[],Orcs Must Die! (orcs-must-die-gamerip),,,"[""video game soundtrack""]","[""und""]",,,,Orcs Must Die!,,,khinsider_track_prominence_proxy,30.18076559835678,score_0_100,,,,72.07230623934271,,,,https://downloads.khinsider.com/game-soundtracks/album/orcs-must-die-gamerip,2026-10-05,Track title is taken from KHInsider's soundtrack/gamerip album index. Popularity is an explicitly labelled proxy based on BeatHit game rank and track prominence.,"{""culture_category"":""video_game_music"",""video_game"":""Orcs Must Die!"",""game_rank"":1373,""game_association_kind"":""khinsider_game_soundtrack"",""khinsider_album_url"":""https://downloads.khinsider.com/game-soundtracks/album/orcs-must-die-gamerip"",""khinsider_album_title"":""Orcs Must Die! (orcs-must-die-gamerip)"",""khinsider_album_kind"":""official_or_gamerip"",""khinsider_album_match_score"":100.0,""relevance_score_100"":100.0,""popularity_score_100"":30.18076559835678,""score_100"":72.07230623934271,""popularity_basis"":""BeatHit master-list game rank plus track position proxy""}"
91,MX OgresInLove Main 3,Unknown credited artist,[],Orcs Must Die! (orcs-must-die-gamerip),,,"[""video game soundtrack""]","[""und""]",,,,Orcs Must Die!,,,khinsider_track_prominence_proxy,29.970765598356778,score_0_100,,,,71.9883062393427,,,,https://downloads.khinsider.com/game-soundtracks/album/orcs-must-die-gamerip,2026-10-05,Track title is taken from KHInsider's soundtrack/gamerip album index. Popularity is an explicitly labelled proxy based on BeatHit game rank and track prominence.,"{""culture_category"":""video_game_music"",""video_game"":""Orcs Must Die!"",""game_rank"":1373,""game_association_kind"":""khinsider_game_soundtrack"",""khinsider_album_url"":""https://downloads.khinsider.com/game-soundtracks/album/orcs-must-die-gamerip"",""khinsider_album_title"":""Orcs Must Die! (orcs-must-die-gamerip)"",""khinsider_album_kind"":""official_or_gamerip"",""khinsider_album_match_score"":100.0,""relevance_score_100"":100.0,""popularity_score_100"":29.970765598356778,""score_100"":71.9883062393427,""popularity_basis"":""BeatHit master-list game rank plus track position proxy""}"
92,MX OgresInLove Main 4,Unknown credited artist,[],Orcs Must Die! (orcs-must-die-gamerip),,,"[""video game soundtrack""]","[""und""]",,,,Orcs Must Die!,,,khinsider_track_prominence_proxy,29.760765598356784,score_0_100,,,,71.90430623934272,,,,https://downloads.khinsider.com/game-soundtracks/album/orcs-must-die-gamerip,2026-10-05,Track title is taken from KHInsider's soundtrack/gamerip album index. Popularity is an explicitly labelled proxy based on BeatHit game rank and track prominence.,"{""culture_category"":""video_game_music"",""video_game"":""Orcs Must Die!"",""game_rank"":1373,""game_association_kind"":""khinsider_game_soundtrack"",""khinsider_album_url"":""https://downloads.khinsider.com/game-soundtracks/album/orcs-must-die-gamerip"",""khinsider_album_title"":""Orcs Must Die! (orcs-must-die-gamerip)"",""khinsider_album_kind"":""official_or_gamerip"",""khinsider_album_match_score"":100.0,""relevance_score_100"":100.0,""popularity_score_100"":29.760765598356784,""score_100"":71.90430623934272,""popularity_basis"":""BeatHit master-list game rank plus track position proxy""}"
93,MX OgresInLove Main 5,Unknown credited artist,[],Orcs Must Die! (orcs-must-die-gamerip),,,"[""video game soundtrack""]","[""und""]",,,,Orcs Must Die!,,,khinsider_track_prominence_proxy,29.550765598356783,score_0_100,,,,71.82030623934271,,,,https://downloads.khinsider.com/game-soundtracks/album/orcs-must-die-gamerip,2026-10-05,Track title is taken from KHInsider's soundtrack/gamerip album index. Popularity is an explicitly labelled proxy based on BeatHit game rank and track prominence.,"{""culture_category"":""video_game_music"",""video_game"":""Orcs Must Die!"",""game_rank"":1373,""game_association_kind"":""khinsider_game_soundtrack"",""khinsider_album_url"":""https://downloads.khinsider.com/game-soundtracks/album/orcs-must-die-gamerip"",""khinsider_album_title"":""Orcs Must Die! (orcs-must-die-gamerip)"",""khinsider_album_kind"":""official_or_gamerip"",""khinsider_album_match_score"":100.0,""relevance_score_100"":100.0,""popularity_score_100"":29.550765598356783,""score_100"":71.82030623934271,""popularity_basis"":""BeatHit master-list game rank plus track position proxy""}"
94,MX OgresInLove Outro 1,Unknown credited artist,[],Orcs Must Die! (orcs-must-die-gamerip),,,"[""video game soundtrack""]","[""und""]",,,,Orcs Must Die!,,,khinsider_track_prominence_proxy,29.340765598356782,score_0_100,,,,71.73630623934271,,,,https://downloads.khinsider.com/game-soundtracks/album/orcs-must-die-gamerip,2026-10-05,Track title is taken from KHInsider's soundtrack/gamerip album index. Popularity is an explicitly labelled proxy based on BeatHit game rank and track prominence.,"{""culture_category"":""video_game_music"",""video_game"":""Orcs Must Die!"",""game_rank"":1373,""game_association_kind"":""khinsider_game_soundtrack"",""khinsider_album_url"":""https://downloads.khinsider.com/game-soundtracks/album/orcs-must-die-gamerip"",""khinsider_album_title"":""Orcs Must Die! (orcs-must-die-gamerip)"",""khinsider_album_kind"":""official_or_gamerip"",""khinsider_album_match_score"":100.0,""relevance_score_100"":100.0,""popularity_score_100"":29.340765598356782,""score_100"":71.73630623934271,""popularity_basis"":""BeatHit master-list game rank plus track position proxy""}"
95,MX OgresInLove Outro 2,Unknown credited artist,[],Orcs Must Die! (orcs-must-die-gamerip),,,"[""video game soundtrack""]","[""und""]",,,,Orcs Must Die!,,,khinsider_track_prominence_proxy,29.13076559835678,score_0_100,,,,71.65230623934272,,,,https://downloads.khinsider.com/game-soundtracks/album/orcs-must-die-gamerip,2026-10-05,Track title is taken from KHInsider's soundtrack/gamerip album index. Popularity is an explicitly labelled proxy based on BeatHit game rank and track prominence.,"{""culture_category"":""video_game_music"",""video_game"":""Orcs Must Die!"",""game_rank"":1373,""game_association_kind"":""khinsider_game_soundtrack"",""khinsider_album_url"":""https://downloads.khinsider.com/game-soundtracks/album/orcs-must-die-gamerip"",""khinsider_album_title"":""Orcs Must Die! (orcs-must-die-gamerip)"",""khinsider_album_kind"":""official_or_gamerip"",""khinsider_album_match_score"":100.0,""relevance_score_100"":100.0,""popularity_score_100"":29.13076559835678,""score_100"":71.65230623934272,""popularity_basis"":""BeatHit master-list game rank plus track position proxy""}"
96,MX OgresInLove Outro 3,Unknown credited artist,[],Orcs Must Die! (orcs-must-die-gamerip),,,"[""video game soundtrack""]","[""und""]",,,,Orcs Must Die!,,,khinsider_track_prominence_proxy,28.92076559835678,score_0_100,,,,71.56830623934272,,,,https://downloads.khinsider.com/game-soundtracks/album/orcs-must-die-gamerip,2026-10-05,Track title is taken from KHInsider's soundtrack/gamerip album index. Popularity is an explicitly labelled proxy based on BeatHit game rank and track prominence.,"{""culture_category"":""video_game_music"",""video_game"":""Orcs Must Die!"",""game_rank"":1373,""game_association_kind"":""khinsider_game_soundtrack"",""khinsider_album_url"":""https://downloads.khinsider.com/game-soundtracks/album/orcs-must-die-gamerip"",""khinsider_album_title"":""Orcs Must Die! (orcs-must-die-gamerip)"",""khinsider_album_kind"":""official_or_gamerip"",""khinsider_album_match_score"":100.0,""relevance_score_100"":100.0,""popularity_score_100"":28.92076559835678,""score_100"":71.56830623934272,""popularity_basis"":""BeatHit master-list game rank plus track position proxy""}"
97,MX SkullDance Intro,Unknown credited artist,[],Orcs Must Die! (orcs-must-die-gamerip),,,"[""video game soundtrack""]","[""und""]",,,,Orcs Must Die!,,,khinsider_track_prominence_proxy,28.71076559835678,score_0_100,,,,71.48430623934271,,,,https://downloads.khinsider.com/game-soundtracks/album/orcs-must-die-gamerip,2026-10-05,Track title is taken from KHInsider's soundtrack/gamerip album index. Popularity is an explicitly labelled proxy based on BeatHit game rank and track prominence.,"{""culture_category"":""video_game_music"",""video_game"":""Orcs Must Die!"",""game_rank"":1373,""game_association_kind"":""khinsider_game_soundtrack"",""khinsider_album_url"":""https://downloads.khinsider.com/game-soundtracks/album/orcs-must-die-gamerip"",""khinsider_album_title"":""Orcs Must Die! (orcs-must-die-gamerip)"",""khinsider_album_kind"":""official_or_gamerip"",""khinsider_album_match_score"":100.0,""relevance_score_100"":100.0,""popularity_score_100"":28.71076559835678,""score_100"":71.48430623934271,""popularity_basis"":""BeatHit master-list game rank plus track position proxy""}"
98,MX SkullDance Outro,Unknown credited artist,[],Orcs Must Die! (orcs-must-die-gamerip),,,"[""video game soundtrack""]","[""und""]",,,,Orcs Must Die!,,,khinsider_track_prominence_proxy,28.50076559835678,score_0_100,,,,71.40030623934271,,,,https://downloads.khinsider.com/game-soundtracks/album/orcs-must-die-gamerip,2026-10-05,Track title is taken from KHInsider's soundtrack/gamerip album index. Popularity is an explicitly labelled proxy based on BeatHit game rank and track prominence.,"{""culture_category"":""video_game_music"",""video_game"":""Orcs Must Die!"",""game_rank"":1373,""game_association_kind"":""khinsider_game_soundtrack"",""khinsider_album_url"":""https://downloads.khinsider.com/game-soundtracks/album/orcs-must-die-gamerip"",""khinsider_album_title"":""Orcs Must Die! (orcs-must-die-gamerip)"",""khinsider_album_kind"":""official_or_gamerip"",""khinsider_album_match_score"":100.0,""relevance_score_100"":100.0,""popularity_score_100"":28.50076559835678,""score_100"":71.40030623934271,""popularity_basis"":""BeatHit master-list game rank plus track position proxy""}"
99,MX SkullDance main 1,Unknown credited artist,[],Orcs Must Die! (orcs-must-die-gamerip),,,"[""video game soundtrack""]","[""und""]",,,,Orcs Must Die!,,,khinsider_track_prominence_proxy,28.290765598356778,score_0_100,,,,71.31630623934271,,,,https://downloads.khinsider.com/game-soundtracks/album/orcs-must-die-gamerip,2026-10-05,Track title is taken from KHInsider's soundtrack/gamerip album index. Popularity is an explicitly labelled proxy based on BeatHit game rank and track prominence.,"{""culture_category"":""video_game_music"",""video_game"":""Orcs Must Die!"",""game_rank"":1373,""game_association_kind"":""khinsider_game_soundtrack"",""khinsider_album_url"":""https://downloads.khinsider.com/game-soundtracks/album/orcs-must-die-gamerip"",""khinsider_album_title"":""Orcs Must Die! (orcs-must-die-gamerip)"",""khinsider_album_kind"":""official_or_gamerip"",""khinsider_album_match_score"":100.0,""relevance_score_100"":100.0,""popularity_score_100"":28.290765598356778,""score_100"":71.31630623934271,""popularity_basis"":""BeatHit master-list game rank plus track position proxy""}"
100,MX SkullDance main 2,Unknown credited artist,[],Orcs Must Die! (orcs-must-die-gamerip),,,"[""video game soundtrack""]","[""und""]",,,,Orcs Must Die!,,,khinsider_track_prominence_proxy,28.08076559835678,score_0_100,,,,71.2323062393427,,,,https://downloads.khinsider.com/game-soundtracks/album/orcs-must-die-gamerip,2026-10-05,Track title is taken from KHInsider's soundtrack/gamerip album index. Popularity is an explicitly labelled proxy based on BeatHit game rank and track prominence.,"{""culture_category"":""video_game_music"",""video_game"":""Orcs Must Die!"",""game_rank"":1373,""game_association_kind"":""khinsider_game_soundtrack"",""khinsider_album_url"":""https://downloads.khinsider.com/game-soundtracks/album/orcs-must-die-gamerip"",""khinsider_album_title"":""Orcs Must Die! (orcs-must-die-gamerip)"",""khinsider_album_kind"":""official_or_gamerip"",""khinsider_album_match_score"":100.0,""relevance_score_100"":100.0,""popularity_score_100"":28.08076559835678,""score_100"":71.2323062393427,""popularity_basis"":""BeatHit master-list game rank plus track position proxy""}"
101,MX SkullDance main 3,Unknown credited artist,[],Orcs Must Die! (orcs-must-die-gamerip),,,"[""video game soundtrack""]","[""und""]",,,,Orcs Must Die!,,,khinsider_track_prominence_proxy,27.87076559835678,score_0_100,,,,71.14830623934272,,,,https://downloads.khinsider.com/game-soundtracks/album/orcs-must-die-gamerip,2026-10-05,Track title is taken from KHInsider's soundtrack/gamerip album index. Popularity is an explicitly labelled proxy based on BeatHit game rank and track prominence.,"{""culture_category"":""video_game_music"",""video_game"":""Orcs Must Die!"",""game_rank"":1373,""game_association_kind"":""khinsider_game_soundtrack"",""khinsider_album_url"":""https://downloads.khinsider.com/game-soundtracks/album/orcs-must-die-gamerip"",""khinsider_album_title"":""Orcs Must Die! (orcs-must-die-gamerip)"",""khinsider_album_kind"":""official_or_gamerip"",""khinsider_album_match_score"":100.0,""relevance_score_100"":100.0,""popularity_score_100"":27.87076559835678,""score_100"":71.14830623934272,""popularity_basis"":""BeatHit master-list game rank plus track position proxy""}"
102,MX SkullDance main 4,Unknown credited artist,[],Orcs Must Die! (orcs-must-die-gamerip),,,"[""video game soundtrack""]","[""und""]",,,,Orcs Must Die!,,,khinsider_track_prominence_proxy,27.660765598356782,score_0_100,,,,71.06430623934271,,,,https://downloads.khinsider.com/game-soundtracks/album/orcs-must-die-gamerip,2026-10-05,Track title is taken from KHInsider's soundtrack/gamerip album index. Popularity is an explicitly labelled proxy based on BeatHit game rank and track prominence.,"{""culture_category"":""video_game_music"",""video_game"":""Orcs Must Die!"",""game_rank"":1373,""game_association_kind"":""khinsider_game_soundtrack"",""khinsider_album_url"":""https://downloads.khinsider.com/game-soundtracks/album/orcs-must-die-gamerip"",""khinsider_album_title"":""Orcs Must Die! (orcs-must-die-gamerip)"",""khinsider_album_kind"":""official_or_gamerip"",""khinsider_album_match_score"":100.0,""relevance_score_100"":100.0,""popularity_score_100"":27.660765598356782,""score_100"":71.06430623934271,""popularity_basis"":""BeatHit master-list game rank plus track position proxy""}"
103,MX Slayage Muffin Intro 1,Unknown credited artist,[],Orcs Must Die! (orcs-must-die-gamerip),,,"[""video game soundtrack""]","[""und""]",,,,Orcs Must Die!,,,khinsider_track_prominence_proxy,27.45076559835678,score_0_100,,,,70.98030623934271,,,,https://downloads.khinsider.com/game-soundtracks/album/orcs-must-die-gamerip,2026-10-05,Track title is taken from KHInsider's soundtrack/gamerip album index. Popularity is an explicitly labelled proxy based on BeatHit game rank and track prominence.,"{""culture_category"":""video_game_music"",""video_game"":""Orcs Must Die!"",""game_rank"":1373,""game_association_kind"":""khinsider_game_soundtrack"",""khinsider_album_url"":""https://downloads.khinsider.com/game-soundtracks/album/orcs-must-die-gamerip"",""khinsider_album_title"":""Orcs Must Die! (orcs-must-die-gamerip)"",""khinsider_album_kind"":""official_or_gamerip"",""khinsider_album_match_score"":100.0,""relevance_score_100"":100.0,""popularity_score_100"":27.45076559835678,""score_100"":70.98030623934271,""popularity_basis"":""BeatHit master-list game rank plus track position proxy""}"
104,MX Slayage Muffin Intro 2,Unknown credited artist,[],Orcs Must Die! (orcs-must-die-gamerip),,,"[""video game soundtrack""]","[""und""]",,,,Orcs Must Die!,,,khinsider_track_prominence_proxy,27.24076559835678,score_0_100,,,,70.89630623934272,,,,https://downloads.khinsider.com/game-soundtracks/album/orcs-must-die-gamerip,2026-10-05,Track title is taken from KHInsider's soundtrack/gamerip album index. Popularity is an explicitly labelled proxy based on BeatHit game rank and track prominence.,"{""culture_category"":""video_game_music"",""video_game"":""Orcs Must Die!"",""game_rank"":1373,""game_association_kind"":""khinsider_game_soundtrack"",""khinsider_album_url"":""https://downloads.khinsider.com/game-soundtracks/album/orcs-must-die-gamerip"",""khinsider_album_title"":""Orcs Must Die! (orcs-must-die-gamerip)"",""khinsider_album_kind"":""official_or_gamerip"",""khinsider_album_match_score"":100.0,""relevance_score_100"":100.0,""popularity_score_100"":27.24076559835678,""score_100"":70.89630623934272,""popularity_basis"":""BeatHit master-list game rank plus track position proxy""}"
105,MX Slayage Muffin Intro 3,Unknown credited artist,[],Orcs Must Die! (orcs-must-die-gamerip),,,"[""video game soundtrack""]","[""und""]",,,,Orcs Must Die!,,,khinsider_track_prominence_proxy,27.03076559835678,score_0_100,,,,70.81230623934272,,,,https://downloads.khinsider.com/game-soundtracks/album/orcs-must-die-gamerip,2026-10-05,Track title is taken from KHInsider's soundtrack/gamerip album index. Popularity is an explicitly labelled proxy based on BeatHit game rank and track prominence.,"{""culture_category"":""video_game_music"",""video_game"":""Orcs Must Die!"",""game_rank"":1373,""game_association_kind"":""khinsider_game_soundtrack"",""khinsider_album_url"":""https://downloads.khinsider.com/game-soundtracks/album/orcs-must-die-gamerip"",""khinsider_album_title"":""Orcs Must Die! (orcs-must-die-gamerip)"",""khinsider_album_kind"":""official_or_gamerip"",""khinsider_album_match_score"":100.0,""relevance_score_100"":100.0,""popularity_score_100"":27.03076559835678,""score_100"":70.81230623934272,""popularity_basis"":""BeatHit master-list game rank plus track position proxy""}"
106,MX Slayage Muffin Outro 3,Unknown credited artist,[],Orcs Must Die! (orcs-must-die-gamerip),,,"[""video game soundtrack""]","[""und""]",,,,Orcs Must Die!,,,khinsider_track_prominence_proxy,26.82076559835678,score_0_100,,,,70.72830623934271,,,,https://downloads.khinsider.com/game-soundtracks/album/orcs-must-die-gamerip,2026-10-05,Track title is taken from KHInsider's soundtrack/gamerip album index. Popularity is an explicitly labelled proxy based on BeatHit game rank and track prominence.,"{""culture_category"":""video_game_music"",""video_game"":""Orcs Must Die!"",""game_rank"":1373,""game_association_kind"":""khinsider_game_soundtrack"",""khinsider_album_url"":""https://downloads.khinsider.com/game-soundtracks/album/orcs-must-die-gamerip"",""khinsider_album_title"":""Orcs Must Die! (orcs-must-die-gamerip)"",""khinsider_album_kind"":""official_or_gamerip"",""khinsider_album_match_score"":100.0,""relevance_score_100"":100.0,""popularity_score_100"":26.82076559835678,""score_100"":70.72830623934271,""popularity_basis"":""BeatHit master-list game rank plus track position proxy""}"
107,MX Slayage Muffin V1,Unknown credited artist,[],Orcs Must Die! (orcs-must-die-gamerip),,,"[""video game soundtrack""]","[""und""]",,,,Orcs Must Die!,,,khinsider_track_prominence_proxy,26.61076559835678,score_0_100,,,,70.64430623934271,,,,https://downloads.khinsider.com/game-soundtracks/album/orcs-must-die-gamerip,2026-10-05,Track title is taken from KHInsider's soundtrack/gamerip album index. Popularity is an explicitly labelled proxy based on BeatHit game rank and track prominence.,"{""culture_category"":""video_game_music"",""video_game"":""Orcs Must Die!"",""game_rank"":1373,""game_association_kind"":""khinsider_game_soundtrack"",""khinsider_album_url"":""https://downloads.khinsider.com/game-soundtracks/album/orcs-must-die-gamerip"",""khinsider_album_title"":""Orcs Must Die! (orcs-must-die-gamerip)"",""khinsider_album_kind"":""official_or_gamerip"",""khinsider_album_match_score"":100.0,""relevance_score_100"":100.0,""popularity_score_100"":26.61076559835678,""score_100"":70.64430623934271,""popularity_basis"":""BeatHit master-list game rank plus track position proxy""}"
108,MX Slayage Muffin V2,Unknown credited artist,[],Orcs Must Die! (orcs-must-die-gamerip),,,"[""video game soundtrack""]","[""und""]",,,,Orcs Must Die!,,,khinsider_track_prominence_proxy,26.40076559835678,score_0_100,,,,70.56030623934271,,,,https://downloads.khinsider.com/game-soundtracks/album/orcs-must-die-gamerip,2026-10-05,Track title is taken from KHInsider's soundtrack/gamerip album index. Popularity is an explicitly labelled proxy based on BeatHit game rank and track prominence.,"{""culture_category"":""video_game_music"",""video_game"":""Orcs Must Die!"",""game_rank"":1373,""game_association_kind"":""khinsider_game_soundtrack"",""khinsider_album_url"":""https://downloads.khinsider.com/game-soundtracks/album/orcs-must-die-gamerip"",""khinsider_album_title"":""Orcs Must Die! (orcs-must-die-gamerip)"",""khinsider_album_kind"":""official_or_gamerip"",""khinsider_album_match_score"":100.0,""relevance_score_100"":100.0,""popularity_score_100"":26.40076559835678,""score_100"":70.56030623934271,""popularity_basis"":""BeatHit master-list game rank plus track position proxy""}"
109,MX Slayage Muffin V3,Unknown credited artist,[],Orcs Must Die! (orcs-must-die-gamerip),,,"[""video game soundtrack""]","[""und""]",,,,Orcs Must Die!,,,khinsider_track_prominence_proxy,26.190765598356784,score_0_100,,,,70.47630623934272,,,,https://downloads.khinsider.com/game-soundtracks/album/orcs-must-die-gamerip,2026-10-05,Track title is taken from KHInsider's soundtrack/gamerip album index. Popularity is an explicitly labelled proxy based on BeatHit game rank and track prominence.,"{""culture_category"":""video_game_music"",""video_game"":""Orcs Must Die!"",""game_rank"":1373,""game_association_kind"":""khinsider_game_soundtrack"",""khinsider_album_url"":""https://downloads.khinsider.com/game-soundtracks/album/orcs-must-die-gamerip"",""khinsider_album_title"":""Orcs Must Die! (orcs-must-die-gamerip)"",""khinsider_album_kind"":""official_or_gamerip"",""khinsider_album_match_score"":100.0,""relevance_score_100"":100.0,""popularity_score_100"":26.190765598356784,""score_100"":70.47630623934272,""popularity_basis"":""BeatHit master-list game rank plus track position proxy""}"
110,pregame,Unknown credited artist,[],Orcs Must Die! (orcs-must-die-gamerip),,,"[""video game soundtrack""]","[""und""]",,,,Orcs Must Die!,,,khinsider_track_prominence_proxy,25.980765598356783,score_0_100,,,,70.39230623934272,,,,https://downloads.khinsider.com/game-soundtracks/album/orcs-must-die-gamerip,2026-10-05,Track title is taken from KHInsider's soundtrack/gamerip album index. Popularity is an explicitly labelled proxy based on BeatHit game rank and track prominence.,"{""culture_category"":""video_game_music"",""video_game"":""Orcs Must Die!"",""game_rank"":1373,""game_association_kind"":""khinsider_game_soundtrack"",""khinsider_album_url"":""https://downloads.khinsider.com/game-soundtracks/album/orcs-must-die-gamerip"",""khinsider_album_title"":""Orcs Must Die! (orcs-must-die-gamerip)"",""khinsider_album_kind"":""official_or_gamerip"",""khinsider_album_match_score"":100.0,""relevance_score_100"":100.0,""popularity_score_100"":25.980765598356783,""score_100"":70.39230623934272,""popularity_basis"":""BeatHit master-list game rank plus track position proxy""}"
111,Amb Castle 1,Unknown credited artist,[],Orcs Must Die! (orcs-must-die-gamerip),,,"[""video game soundtrack""]","[""und""]",,,,Orcs Must Die!,,,khinsider_track_prominence_proxy,25.770765598356782,score_0_100,,,,70.30830623934271,,,,https://downloads.khinsider.com/game-soundtracks/album/orcs-must-die-gamerip,2026-10-05,Track title is taken from KHInsider's soundtrack/gamerip album index. Popularity is an explicitly labelled proxy based on BeatHit game rank and track prominence.,"{""culture_category"":""video_game_music"",""video_game"":""Orcs Must Die!"",""game_rank"":1373,""game_association_kind"":""khinsider_game_soundtrack"",""khinsider_album_url"":""https://downloads.khinsider.com/game-soundtracks/album/orcs-must-die-gamerip"",""khinsider_album_title"":""Orcs Must Die! (orcs-must-die-gamerip)"",""khinsider_album_kind"":""official_or_gamerip"",""khinsider_album_match_score"":100.0,""relevance_score_100"":100.0,""popularity_score_100"":25.770765598356782,""score_100"":70.30830623934271,""popularity_basis"":""BeatHit master-list game rank plus track position proxy""}"
112,Amb Castle 2,Unknown credited artist,[],Orcs Must Die! (orcs-must-die-gamerip),,,"[""video game soundtrack""]","[""und""]",,,,Orcs Must Die!,,,khinsider_track_prominence_proxy,25.56076559835678,score_0_100,,,,70.22430623934271,,,,https://downloads.khinsider.com/game-soundtracks/album/orcs-must-die-gamerip,2026-10-05,Track title is taken from KHInsider's soundtrack/gamerip album index. Popularity is an explicitly labelled proxy based on BeatHit game rank and track prominence.,"{""culture_category"":""video_game_music"",""video_game"":""Orcs Must Die!"",""game_rank"":1373,""game_association_kind"":""khinsider_game_soundtrack"",""khinsider_album_url"":""https://downloads.khinsider.com/game-soundtracks/album/orcs-must-die-gamerip"",""khinsider_album_title"":""Orcs Must Die! (orcs-must-die-gamerip)"",""khinsider_album_kind"":""official_or_gamerip"",""khinsider_album_match_score"":100.0,""relevance_score_100"":100.0,""popularity_score_100"":25.56076559835678,""score_100"":70.22430623934271,""popularity_basis"":""BeatHit master-list game rank plus track position proxy""}"
113,Amb Castle 3,Unknown credited artist,[],Orcs Must Die! (orcs-must-die-gamerip),,,"[""video game soundtrack""]","[""und""]",,,,Orcs Must Die!,,,khinsider_track_prominence_proxy,25.35076559835678,score_0_100,,,,70.14030623934272,,,,https://downloads.khinsider.com/game-soundtracks/album/orcs-must-die-gamerip,2026-10-05,Track title is taken from KHInsider's soundtrack/gamerip album index. Popularity is an explicitly labelled proxy based on BeatHit game rank and track prominence.,"{""culture_category"":""video_game_music"",""video_game"":""Orcs Must Die!"",""game_rank"":1373,""game_association_kind"":""khinsider_game_soundtrack"",""khinsider_album_url"":""https://downloads.khinsider.com/game-soundtracks/album/orcs-must-die-gamerip"",""khinsider_album_title"":""Orcs Must Die! (orcs-must-die-gamerip)"",""khinsider_album_kind"":""official_or_gamerip"",""khinsider_album_match_score"":100.0,""relevance_score_100"":100.0,""popularity_score_100"":25.35076559835678,""score_100"":70.14030623934272,""popularity_basis"":""BeatHit master-list game rank plus track position proxy""}"
114,SFX Scary Ambience,Unknown credited artist,[],Orcs Must Die! (orcs-must-die-gamerip),,,"[""video game soundtrack""]","[""und""]",,,,Orcs Must Die!,,,khinsider_track_prominence_proxy,25.14076559835678,score_0_100,,,,70.05630623934272,,,,https://downloads.khinsider.com/game-soundtracks/album/orcs-must-die-gamerip,2026-10-05,Track title is taken from KHInsider's soundtrack/gamerip album index. Popularity is an explicitly labelled proxy based on BeatHit game rank and track prominence.,"{""culture_category"":""video_game_music"",""video_game"":""Orcs Must Die!"",""game_rank"":1373,""game_association_kind"":""khinsider_game_soundtrack"",""khinsider_album_url"":""https://downloads.khinsider.com/game-soundtracks/album/orcs-must-die-gamerip"",""khinsider_album_title"":""Orcs Must Die! (orcs-must-die-gamerip)"",""khinsider_album_kind"":""official_or_gamerip"",""khinsider_album_match_score"":100.0,""relevance_score_100"":100.0,""popularity_score_100"":25.14076559835678,""score_100"":70.05630623934272,""popularity_basis"":""BeatHit master-list game rank plus track position proxy""}"
