rank,title,main_artist,featured_artists,album,release_date,release_year,genres,languages,composer,anime_title,anime_popularity,screen_work,vtuber,is_original,metric_name,metric_value,metric_unit,listen_count,listen_source,view_count,overall_popularity_score,spotify_track_id,musicbrainz_recording_mbid,isrc,source_url,retrieved_at,source_notes,extra
1,Leilani Wilson - Menu,Unknown credited artist,[],Spark the Electric Jester 3 (Original Video Game Soundtrack) (spark-the-electric-jester-3-original-video-game-soundtrack-2022),,,"[""video game soundtrack""]","[""und""]",,,,Spark the Electric Jester 3,,,khinsider_track_prominence_proxy,44.27784130080576,score_0_100,,,,77.7111365203223,,,,https://downloads.khinsider.com/game-soundtracks/album/spark-the-electric-jester-3-original-video-game-soundtrack-2022,2026-10-05,Track title is taken from KHInsider's soundtrack/gamerip album index. Popularity is an explicitly labelled proxy based on BeatHit game rank and track prominence.,"{""culture_category"":""video_game_music"",""video_game"":""Spark the Electric Jester 3"",""game_rank"":1528,""game_association_kind"":""khinsider_game_soundtrack"",""khinsider_album_url"":""https://downloads.khinsider.com/game-soundtracks/album/spark-the-electric-jester-3-original-video-game-soundtrack-2022"",""khinsider_album_title"":""Spark the Electric Jester 3 (Original Video Game Soundtrack) (spark-the-electric-jester-3-original-video-game-soundtrack-2022)"",""khinsider_album_kind"":""official_or_gamerip"",""khinsider_album_match_score"":100.0,""relevance_score_100"":100.0,""popularity_score_100"":44.27784130080576,""score_100"":77.7111365203223,""popularity_basis"":""BeatHit master-list game rank plus track position proxy""}"
2,Terminal Village - Alpine Carrera,Unknown credited artist,[],Spark the Electric Jester 3: Unofficial Soundtrack (spark-the-electric-jester-3-unofficial-soundtrack-windows-gamerip-2022),,,"[""video game soundtrack""]","[""und""]",,,,Spark the Electric Jester 3,,,khinsider_track_prominence_proxy,44.27784130080576,score_0_100,,,,77.7111365203223,,,,https://downloads.khinsider.com/game-soundtracks/album/spark-the-electric-jester-3-unofficial-soundtrack-windows-gamerip-2022,2026-10-05,Track title is taken from KHInsider's soundtrack/gamerip album index. Popularity is an explicitly labelled proxy based on BeatHit game rank and track prominence.,"{""culture_category"":""video_game_music"",""video_game"":""Spark the Electric Jester 3"",""game_rank"":1528,""game_association_kind"":""khinsider_game_soundtrack"",""khinsider_album_url"":""https://downloads.khinsider.com/game-soundtracks/album/spark-the-electric-jester-3-unofficial-soundtrack-windows-gamerip-2022"",""khinsider_album_title"":""Spark the Electric Jester 3: Unofficial Soundtrack (spark-the-electric-jester-3-unofficial-soundtrack-windows-gamerip-2022)"",""khinsider_album_kind"":""official_or_gamerip"",""khinsider_album_match_score"":100.0,""relevance_score_100"":100.0,""popularity_score_100"":44.27784130080576,""score_100"":77.7111365203223,""popularity_basis"":""BeatHit master-list game rank plus track position proxy""}"
3,Tudd - Terminal Village - Alpine Carrera,Unknown credited artist,[],Spark the Electric Jester 3 (Original Video Game Soundtrack) (spark-the-electric-jester-3-original-video-game-soundtrack-2022),,,"[""video game soundtrack""]","[""und""]",,,,Spark the Electric Jester 3,,,khinsider_track_prominence_proxy,44.06784130080576,score_0_100,,,,77.62713652032231,,,,https://downloads.khinsider.com/game-soundtracks/album/spark-the-electric-jester-3-original-video-game-soundtrack-2022,2026-10-05,Track title is taken from KHInsider's soundtrack/gamerip album index. Popularity is an explicitly labelled proxy based on BeatHit game rank and track prominence.,"{""culture_category"":""video_game_music"",""video_game"":""Spark the Electric Jester 3"",""game_rank"":1528,""game_association_kind"":""khinsider_game_soundtrack"",""khinsider_album_url"":""https://downloads.khinsider.com/game-soundtracks/album/spark-the-electric-jester-3-original-video-game-soundtrack-2022"",""khinsider_album_title"":""Spark the Electric Jester 3 (Original Video Game Soundtrack) (spark-the-electric-jester-3-original-video-game-soundtrack-2022)"",""khinsider_album_kind"":""official_or_gamerip"",""khinsider_album_match_score"":100.0,""relevance_score_100"":100.0,""popularity_score_100"":44.06784130080576,""score_100"":77.62713652032231,""popularity_basis"":""BeatHit master-list game rank plus track position proxy""}"
4,Victory Theme,Unknown credited artist,[],Spark the Electric Jester 3: Unofficial Soundtrack (spark-the-electric-jester-3-unofficial-soundtrack-windows-gamerip-2022),,,"[""video game soundtrack""]","[""und""]",,,,Spark the Electric Jester 3,,,khinsider_track_prominence_proxy,44.06784130080576,score_0_100,,,,77.62713652032231,,,,https://downloads.khinsider.com/game-soundtracks/album/spark-the-electric-jester-3-unofficial-soundtrack-windows-gamerip-2022,2026-10-05,Track title is taken from KHInsider's soundtrack/gamerip album index. Popularity is an explicitly labelled proxy based on BeatHit game rank and track prominence.,"{""culture_category"":""video_game_music"",""video_game"":""Spark the Electric Jester 3"",""game_rank"":1528,""game_association_kind"":""khinsider_game_soundtrack"",""khinsider_album_url"":""https://downloads.khinsider.com/game-soundtracks/album/spark-the-electric-jester-3-unofficial-soundtrack-windows-gamerip-2022"",""khinsider_album_title"":""Spark the Electric Jester 3: Unofficial Soundtrack (spark-the-electric-jester-3-unofficial-soundtrack-windows-gamerip-2022)"",""khinsider_album_kind"":""official_or_gamerip"",""khinsider_album_match_score"":100.0,""relevance_score_100"":100.0,""popularity_score_100"":44.06784130080576,""score_100"":77.62713652032231,""popularity_basis"":""BeatHit master-list game rank plus track position proxy""}"
5,Leilani Wilson - Stage Complete,Unknown credited artist,[],Spark the Electric Jester 3 (Original Video Game Soundtrack) (spark-the-electric-jester-3-original-video-game-soundtrack-2022),,,"[""video game soundtrack""]","[""und""]",,,,Spark the Electric Jester 3,,,khinsider_track_prominence_proxy,43.85784130080576,score_0_100,,,,77.5431365203223,,,,https://downloads.khinsider.com/game-soundtracks/album/spark-the-electric-jester-3-original-video-game-soundtrack-2022,2026-10-05,Track title is taken from KHInsider's soundtrack/gamerip album index. Popularity is an explicitly labelled proxy based on BeatHit game rank and track prominence.,"{""culture_category"":""video_game_music"",""video_game"":""Spark the Electric Jester 3"",""game_rank"":1528,""game_association_kind"":""khinsider_game_soundtrack"",""khinsider_album_url"":""https://downloads.khinsider.com/game-soundtracks/album/spark-the-electric-jester-3-original-video-game-soundtrack-2022"",""khinsider_album_title"":""Spark the Electric Jester 3 (Original Video Game Soundtrack) (spark-the-electric-jester-3-original-video-game-soundtrack-2022)"",""khinsider_album_kind"":""official_or_gamerip"",""khinsider_album_match_score"":100.0,""relevance_score_100"":100.0,""popularity_score_100"":43.85784130080576,""score_100"":77.5431365203223,""popularity_basis"":""BeatHit master-list game rank plus track position proxy""}"
6,World Map,Unknown credited artist,[],Spark the Electric Jester 3: Unofficial Soundtrack (spark-the-electric-jester-3-unofficial-soundtrack-windows-gamerip-2022),,,"[""video game soundtrack""]","[""und""]",,,,Spark the Electric Jester 3,,,khinsider_track_prominence_proxy,43.85784130080576,score_0_100,,,,77.5431365203223,,,,https://downloads.khinsider.com/game-soundtracks/album/spark-the-electric-jester-3-unofficial-soundtrack-windows-gamerip-2022,2026-10-05,Track title is taken from KHInsider's soundtrack/gamerip album index. Popularity is an explicitly labelled proxy based on BeatHit game rank and track prominence.,"{""culture_category"":""video_game_music"",""video_game"":""Spark the Electric Jester 3"",""game_rank"":1528,""game_association_kind"":""khinsider_game_soundtrack"",""khinsider_album_url"":""https://downloads.khinsider.com/game-soundtracks/album/spark-the-electric-jester-3-unofficial-soundtrack-windows-gamerip-2022"",""khinsider_album_title"":""Spark the Electric Jester 3: Unofficial Soundtrack (spark-the-electric-jester-3-unofficial-soundtrack-windows-gamerip-2022)"",""khinsider_album_kind"":""official_or_gamerip"",""khinsider_album_match_score"":100.0,""relevance_score_100"":100.0,""popularity_score_100"":43.85784130080576,""score_100"":77.5431365203223,""popularity_basis"":""BeatHit master-list game rank plus track position proxy""}"
7,Falk Au Yeong - World Map,Unknown credited artist,[],Spark the Electric Jester 3 (Original Video Game Soundtrack) (spark-the-electric-jester-3-original-video-game-soundtrack-2022),,,"[""video game soundtrack""]","[""und""]",,,,Spark the Electric Jester 3,,,khinsider_track_prominence_proxy,43.64784130080576,score_0_100,,,,77.4591365203223,,,,https://downloads.khinsider.com/game-soundtracks/album/spark-the-electric-jester-3-original-video-game-soundtrack-2022,2026-10-05,Track title is taken from KHInsider's soundtrack/gamerip album index. Popularity is an explicitly labelled proxy based on BeatHit game rank and track prominence.,"{""culture_category"":""video_game_music"",""video_game"":""Spark the Electric Jester 3"",""game_rank"":1528,""game_association_kind"":""khinsider_game_soundtrack"",""khinsider_album_url"":""https://downloads.khinsider.com/game-soundtracks/album/spark-the-electric-jester-3-original-video-game-soundtrack-2022"",""khinsider_album_title"":""Spark the Electric Jester 3 (Original Video Game Soundtrack) (spark-the-electric-jester-3-original-video-game-soundtrack-2022)"",""khinsider_album_kind"":""official_or_gamerip"",""khinsider_album_match_score"":100.0,""relevance_score_100"":100.0,""popularity_score_100"":43.64784130080576,""score_100"":77.4591365203223,""popularity_basis"":""BeatHit master-list game rank plus track position proxy""}"
8,Terminal Village - Main Stage,Unknown credited artist,[],Spark the Electric Jester 3: Unofficial Soundtrack (spark-the-electric-jester-3-unofficial-soundtrack-windows-gamerip-2022),,,"[""video game soundtrack""]","[""und""]",,,,Spark the Electric Jester 3,,,khinsider_track_prominence_proxy,43.64784130080576,score_0_100,,,,77.4591365203223,,,,https://downloads.khinsider.com/game-soundtracks/album/spark-the-electric-jester-3-unofficial-soundtrack-windows-gamerip-2022,2026-10-05,Track title is taken from KHInsider's soundtrack/gamerip album index. Popularity is an explicitly labelled proxy based on BeatHit game rank and track prominence.,"{""culture_category"":""video_game_music"",""video_game"":""Spark the Electric Jester 3"",""game_rank"":1528,""game_association_kind"":""khinsider_game_soundtrack"",""khinsider_album_url"":""https://downloads.khinsider.com/game-soundtracks/album/spark-the-electric-jester-3-unofficial-soundtrack-windows-gamerip-2022"",""khinsider_album_title"":""Spark the Electric Jester 3: Unofficial Soundtrack (spark-the-electric-jester-3-unofficial-soundtrack-windows-gamerip-2022)"",""khinsider_album_kind"":""official_or_gamerip"",""khinsider_album_match_score"":100.0,""relevance_score_100"":100.0,""popularity_score_100"":43.64784130080576,""score_100"":77.4591365203223,""popularity_basis"":""BeatHit master-list game rank plus track position proxy""}"
9,Leilani Wilson - Shopalo's Goods,Unknown credited artist,[],Spark the Electric Jester 3 (Original Video Game Soundtrack) (spark-the-electric-jester-3-original-video-game-soundtrack-2022),,,"[""video game soundtrack""]","[""und""]",,,,Spark the Electric Jester 3,,,khinsider_track_prominence_proxy,43.43784130080576,score_0_100,,,,77.3751365203223,,,,https://downloads.khinsider.com/game-soundtracks/album/spark-the-electric-jester-3-original-video-game-soundtrack-2022,2026-10-05,Track title is taken from KHInsider's soundtrack/gamerip album index. Popularity is an explicitly labelled proxy based on BeatHit game rank and track prominence.,"{""culture_category"":""video_game_music"",""video_game"":""Spark the Electric Jester 3"",""game_rank"":1528,""game_association_kind"":""khinsider_game_soundtrack"",""khinsider_album_url"":""https://downloads.khinsider.com/game-soundtracks/album/spark-the-electric-jester-3-original-video-game-soundtrack-2022"",""khinsider_album_title"":""Spark the Electric Jester 3 (Original Video Game Soundtrack) (spark-the-electric-jester-3-original-video-game-soundtrack-2022)"",""khinsider_album_kind"":""official_or_gamerip"",""khinsider_album_match_score"":100.0,""relevance_score_100"":100.0,""popularity_score_100"":43.43784130080576,""score_100"":77.3751365203223,""popularity_basis"":""BeatHit master-list game rank plus track position proxy""}"
10,Spark Explains (TutorialSave Select),Unknown credited artist,[],Spark the Electric Jester 3: Unofficial Soundtrack (spark-the-electric-jester-3-unofficial-soundtrack-windows-gamerip-2022),,,"[""video game soundtrack""]","[""und""]",,,,Spark the Electric Jester 3,,,khinsider_track_prominence_proxy,43.43784130080576,score_0_100,,,,77.3751365203223,,,,https://downloads.khinsider.com/game-soundtracks/album/spark-the-electric-jester-3-unofficial-soundtrack-windows-gamerip-2022,2026-10-05,Track title is taken from KHInsider's soundtrack/gamerip album index. Popularity is an explicitly labelled proxy based on BeatHit game rank and track prominence.,"{""culture_category"":""video_game_music"",""video_game"":""Spark the Electric Jester 3"",""game_rank"":1528,""game_association_kind"":""khinsider_game_soundtrack"",""khinsider_album_url"":""https://downloads.khinsider.com/game-soundtracks/album/spark-the-electric-jester-3-unofficial-soundtrack-windows-gamerip-2022"",""khinsider_album_title"":""Spark the Electric Jester 3: Unofficial Soundtrack (spark-the-electric-jester-3-unofficial-soundtrack-windows-gamerip-2022)"",""khinsider_album_kind"":""official_or_gamerip"",""khinsider_album_match_score"":100.0,""relevance_score_100"":100.0,""popularity_score_100"":43.43784130080576,""score_100"":77.3751365203223,""popularity_basis"":""BeatHit master-list game rank plus track position proxy""}"
11,Paul Bethers - Terminal Village - Doublemoon Villa,Unknown credited artist,[],Spark the Electric Jester 3 (Original Video Game Soundtrack) (spark-the-electric-jester-3-original-video-game-soundtrack-2022),,,"[""video game soundtrack""]","[""und""]",,,,Spark the Electric Jester 3,,,khinsider_track_prominence_proxy,43.22784130080576,score_0_100,,,,77.29113652032231,,,,https://downloads.khinsider.com/game-soundtracks/album/spark-the-electric-jester-3-original-video-game-soundtrack-2022,2026-10-05,Track title is taken from KHInsider's soundtrack/gamerip album index. Popularity is an explicitly labelled proxy based on BeatHit game rank and track prominence.,"{""culture_category"":""video_game_music"",""video_game"":""Spark the Electric Jester 3"",""game_rank"":1528,""game_association_kind"":""khinsider_game_soundtrack"",""khinsider_album_url"":""https://downloads.khinsider.com/game-soundtracks/album/spark-the-electric-jester-3-original-video-game-soundtrack-2022"",""khinsider_album_title"":""Spark the Electric Jester 3 (Original Video Game Soundtrack) (spark-the-electric-jester-3-original-video-game-soundtrack-2022)"",""khinsider_album_kind"":""official_or_gamerip"",""khinsider_album_match_score"":100.0,""relevance_score_100"":100.0,""popularity_score_100"":43.22784130080576,""score_100"":77.29113652032231,""popularity_basis"":""BeatHit master-list game rank plus track position proxy""}"
12,Terminal Village - Side Stage,Unknown credited artist,[],Spark the Electric Jester 3: Unofficial Soundtrack (spark-the-electric-jester-3-unofficial-soundtrack-windows-gamerip-2022),,,"[""video game soundtrack""]","[""und""]",,,,Spark the Electric Jester 3,,,khinsider_track_prominence_proxy,43.22784130080576,score_0_100,,,,77.29113652032231,,,,https://downloads.khinsider.com/game-soundtracks/album/spark-the-electric-jester-3-unofficial-soundtrack-windows-gamerip-2022,2026-10-05,Track title is taken from KHInsider's soundtrack/gamerip album index. Popularity is an explicitly labelled proxy based on BeatHit game rank and track prominence.,"{""culture_category"":""video_game_music"",""video_game"":""Spark the Electric Jester 3"",""game_rank"":1528,""game_association_kind"":""khinsider_game_soundtrack"",""khinsider_album_url"":""https://downloads.khinsider.com/game-soundtracks/album/spark-the-electric-jester-3-unofficial-soundtrack-windows-gamerip-2022"",""khinsider_album_title"":""Spark the Electric Jester 3: Unofficial Soundtrack (spark-the-electric-jester-3-unofficial-soundtrack-windows-gamerip-2022)"",""khinsider_album_kind"":""official_or_gamerip"",""khinsider_album_match_score"":100.0,""relevance_score_100"":100.0,""popularity_score_100"":43.22784130080576,""score_100"":77.29113652032231,""popularity_basis"":""BeatHit master-list game rank plus track position proxy""}"
13,Paul Bethers - Challenge,Unknown credited artist,[],Spark the Electric Jester 3 (Original Video Game Soundtrack) (spark-the-electric-jester-3-original-video-game-soundtrack-2022),,,"[""video game soundtrack""]","[""und""]",,,,Spark the Electric Jester 3,,,khinsider_track_prominence_proxy,43.017841300805756,score_0_100,,,,77.20713652032231,,,,https://downloads.khinsider.com/game-soundtracks/album/spark-the-electric-jester-3-original-video-game-soundtrack-2022,2026-10-05,Track title is taken from KHInsider's soundtrack/gamerip album index. Popularity is an explicitly labelled proxy based on BeatHit game rank and track prominence.,"{""culture_category"":""video_game_music"",""video_game"":""Spark the Electric Jester 3"",""game_rank"":1528,""game_association_kind"":""khinsider_game_soundtrack"",""khinsider_album_url"":""https://downloads.khinsider.com/game-soundtracks/album/spark-the-electric-jester-3-original-video-game-soundtrack-2022"",""khinsider_album_title"":""Spark the Electric Jester 3 (Original Video Game Soundtrack) (spark-the-electric-jester-3-original-video-game-soundtrack-2022)"",""khinsider_album_kind"":""official_or_gamerip"",""khinsider_album_match_score"":100.0,""relevance_score_100"":100.0,""popularity_score_100"":43.017841300805756,""score_100"":77.20713652032231,""popularity_basis"":""BeatHit master-list game rank plus track position proxy""}"
14,Shopalo's Goods,Unknown credited artist,[],Spark the Electric Jester 3: Unofficial Soundtrack (spark-the-electric-jester-3-unofficial-soundtrack-windows-gamerip-2022),,,"[""video game soundtrack""]","[""und""]",,,,Spark the Electric Jester 3,,,khinsider_track_prominence_proxy,43.017841300805756,score_0_100,,,,77.20713652032231,,,,https://downloads.khinsider.com/game-soundtracks/album/spark-the-electric-jester-3-unofficial-soundtrack-windows-gamerip-2022,2026-10-05,Track title is taken from KHInsider's soundtrack/gamerip album index. Popularity is an explicitly labelled proxy based on BeatHit game rank and track prominence.,"{""culture_category"":""video_game_music"",""video_game"":""Spark the Electric Jester 3"",""game_rank"":1528,""game_association_kind"":""khinsider_game_soundtrack"",""khinsider_album_url"":""https://downloads.khinsider.com/game-soundtracks/album/spark-the-electric-jester-3-unofficial-soundtrack-windows-gamerip-2022"",""khinsider_album_title"":""Spark the Electric Jester 3: Unofficial Soundtrack (spark-the-electric-jester-3-unofficial-soundtrack-windows-gamerip-2022)"",""khinsider_album_kind"":""official_or_gamerip"",""khinsider_album_match_score"":100.0,""relevance_score_100"":100.0,""popularity_score_100"":43.017841300805756,""score_100"":77.20713652032231,""popularity_basis"":""BeatHit master-list game rank plus track position proxy""}"
15,Paul Bethers - Terminal Village - High-Rise Tracks - Cold-Dry Desert - A.M. Village,Unknown credited artist,[],Spark the Electric Jester 3 (Original Video Game Soundtrack) (spark-the-electric-jester-3-original-video-game-soundtrack-2022),,,"[""video game soundtrack""]","[""und""]",,,,Spark the Electric Jester 3,,,khinsider_track_prominence_proxy,42.807841300805755,score_0_100,,,,77.1231365203223,,,,https://downloads.khinsider.com/game-soundtracks/album/spark-the-electric-jester-3-original-video-game-soundtrack-2022,2026-10-05,Track title is taken from KHInsider's soundtrack/gamerip album index. Popularity is an explicitly labelled proxy based on BeatHit game rank and track prominence.,"{""culture_category"":""video_game_music"",""video_game"":""Spark the Electric Jester 3"",""game_rank"":1528,""game_association_kind"":""khinsider_game_soundtrack"",""khinsider_album_url"":""https://downloads.khinsider.com/game-soundtracks/album/spark-the-electric-jester-3-original-video-game-soundtrack-2022"",""khinsider_album_title"":""Spark the Electric Jester 3 (Original Video Game Soundtrack) (spark-the-electric-jester-3-original-video-game-soundtrack-2022)"",""khinsider_album_kind"":""official_or_gamerip"",""khinsider_album_match_score"":100.0,""relevance_score_100"":100.0,""popularity_score_100"":42.807841300805755,""score_100"":77.1231365203223,""popularity_basis"":""BeatHit master-list game rank plus track position proxy""}"
16,Vs. Boss,Unknown credited artist,[],Spark the Electric Jester 3: Unofficial Soundtrack (spark-the-electric-jester-3-unofficial-soundtrack-windows-gamerip-2022),,,"[""video game soundtrack""]","[""und""]",,,,Spark the Electric Jester 3,,,khinsider_track_prominence_proxy,42.807841300805755,score_0_100,,,,77.1231365203223,,,,https://downloads.khinsider.com/game-soundtracks/album/spark-the-electric-jester-3-unofficial-soundtrack-windows-gamerip-2022,2026-10-05,Track title is taken from KHInsider's soundtrack/gamerip album index. Popularity is an explicitly labelled proxy based on BeatHit game rank and track prominence.,"{""culture_category"":""video_game_music"",""video_game"":""Spark the Electric Jester 3"",""game_rank"":1528,""game_association_kind"":""khinsider_game_soundtrack"",""khinsider_album_url"":""https://downloads.khinsider.com/game-soundtracks/album/spark-the-electric-jester-3-unofficial-soundtrack-windows-gamerip-2022"",""khinsider_album_title"":""Spark the Electric Jester 3: Unofficial Soundtrack (spark-the-electric-jester-3-unofficial-soundtrack-windows-gamerip-2022)"",""khinsider_album_kind"":""official_or_gamerip"",""khinsider_album_match_score"":100.0,""relevance_score_100"":100.0,""popularity_score_100"":42.807841300805755,""score_100"":77.1231365203223,""popularity_basis"":""BeatHit master-list game rank plus track position proxy""}"
17,Tudd - Boss Fight - Saw-Man,Unknown credited artist,[],Spark the Electric Jester 3 (Original Video Game Soundtrack) (spark-the-electric-jester-3-original-video-game-soundtrack-2022),,,"[""video game soundtrack""]","[""und""]",,,,Spark the Electric Jester 3,,,khinsider_track_prominence_proxy,42.59784130080576,score_0_100,,,,77.0391365203223,,,,https://downloads.khinsider.com/game-soundtracks/album/spark-the-electric-jester-3-original-video-game-soundtrack-2022,2026-10-05,Track title is taken from KHInsider's soundtrack/gamerip album index. Popularity is an explicitly labelled proxy based on BeatHit game rank and track prominence.,"{""culture_category"":""video_game_music"",""video_game"":""Spark the Electric Jester 3"",""game_rank"":1528,""game_association_kind"":""khinsider_game_soundtrack"",""khinsider_album_url"":""https://downloads.khinsider.com/game-soundtracks/album/spark-the-electric-jester-3-original-video-game-soundtrack-2022"",""khinsider_album_title"":""Spark the Electric Jester 3 (Original Video Game Soundtrack) (spark-the-electric-jester-3-original-video-game-soundtrack-2022)"",""khinsider_album_kind"":""official_or_gamerip"",""khinsider_album_match_score"":100.0,""relevance_score_100"":100.0,""popularity_score_100"":42.59784130080576,""score_100"":77.0391365203223,""popularity_basis"":""BeatHit master-list game rank plus track position proxy""}"
18,Drinyon Desert - Main Stage,Unknown credited artist,[],Spark the Electric Jester 3: Unofficial Soundtrack (spark-the-electric-jester-3-unofficial-soundtrack-windows-gamerip-2022),,,"[""video game soundtrack""]","[""und""]",,,,Spark the Electric Jester 3,,,khinsider_track_prominence_proxy,42.59784130080576,score_0_100,,,,77.0391365203223,,,,https://downloads.khinsider.com/game-soundtracks/album/spark-the-electric-jester-3-unofficial-soundtrack-windows-gamerip-2022,2026-10-05,Track title is taken from KHInsider's soundtrack/gamerip album index. Popularity is an explicitly labelled proxy based on BeatHit game rank and track prominence.,"{""culture_category"":""video_game_music"",""video_game"":""Spark the Electric Jester 3"",""game_rank"":1528,""game_association_kind"":""khinsider_game_soundtrack"",""khinsider_album_url"":""https://downloads.khinsider.com/game-soundtracks/album/spark-the-electric-jester-3-unofficial-soundtrack-windows-gamerip-2022"",""khinsider_album_title"":""Spark the Electric Jester 3: Unofficial Soundtrack (spark-the-electric-jester-3-unofficial-soundtrack-windows-gamerip-2022)"",""khinsider_album_kind"":""official_or_gamerip"",""khinsider_album_match_score"":100.0,""relevance_score_100"":100.0,""popularity_score_100"":42.59784130080576,""score_100"":77.0391365203223,""popularity_basis"":""BeatHit master-list game rank plus track position proxy""}"
19,Paul Bethers - Drynion Desert - Lost Riviera - Beatdown Tower - Splash Grotto,Unknown credited artist,[],Spark the Electric Jester 3 (Original Video Game Soundtrack) (spark-the-electric-jester-3-original-video-game-soundtrack-2022),,,"[""video game soundtrack""]","[""und""]",,,,Spark the Electric Jester 3,,,khinsider_track_prominence_proxy,42.38784130080576,score_0_100,,,,76.9551365203223,,,,https://downloads.khinsider.com/game-soundtracks/album/spark-the-electric-jester-3-original-video-game-soundtrack-2022,2026-10-05,Track title is taken from KHInsider's soundtrack/gamerip album index. Popularity is an explicitly labelled proxy based on BeatHit game rank and track prominence.,"{""culture_category"":""video_game_music"",""video_game"":""Spark the Electric Jester 3"",""game_rank"":1528,""game_association_kind"":""khinsider_game_soundtrack"",""khinsider_album_url"":""https://downloads.khinsider.com/game-soundtracks/album/spark-the-electric-jester-3-original-video-game-soundtrack-2022"",""khinsider_album_title"":""Spark the Electric Jester 3 (Original Video Game Soundtrack) (spark-the-electric-jester-3-original-video-game-soundtrack-2022)"",""khinsider_album_kind"":""official_or_gamerip"",""khinsider_album_match_score"":100.0,""relevance_score_100"":100.0,""popularity_score_100"":42.38784130080576,""score_100"":76.9551365203223,""popularity_basis"":""BeatHit master-list game rank plus track position proxy""}"
20,Vs. Guardian,Unknown credited artist,[],Spark the Electric Jester 3: Unofficial Soundtrack (spark-the-electric-jester-3-unofficial-soundtrack-windows-gamerip-2022),,,"[""video game soundtrack""]","[""und""]",,,,Spark the Electric Jester 3,,,khinsider_track_prominence_proxy,42.38784130080576,score_0_100,,,,76.9551365203223,,,,https://downloads.khinsider.com/game-soundtracks/album/spark-the-electric-jester-3-unofficial-soundtrack-windows-gamerip-2022,2026-10-05,Track title is taken from KHInsider's soundtrack/gamerip album index. Popularity is an explicitly labelled proxy based on BeatHit game rank and track prominence.,"{""culture_category"":""video_game_music"",""video_game"":""Spark the Electric Jester 3"",""game_rank"":1528,""game_association_kind"":""khinsider_game_soundtrack"",""khinsider_album_url"":""https://downloads.khinsider.com/game-soundtracks/album/spark-the-electric-jester-3-unofficial-soundtrack-windows-gamerip-2022"",""khinsider_album_title"":""Spark the Electric Jester 3: Unofficial Soundtrack (spark-the-electric-jester-3-unofficial-soundtrack-windows-gamerip-2022)"",""khinsider_album_kind"":""official_or_gamerip"",""khinsider_album_match_score"":100.0,""relevance_score_100"":100.0,""popularity_score_100"":42.38784130080576,""score_100"":76.9551365203223,""popularity_basis"":""BeatHit master-list game rank plus track position proxy""}"
21,Paul Bethers - Boss Fight - The Guardian,Unknown credited artist,[],Spark the Electric Jester 3 (Original Video Game Soundtrack) (spark-the-electric-jester-3-original-video-game-soundtrack-2022),,,"[""video game soundtrack""]","[""und""]",,,,Spark the Electric Jester 3,,,khinsider_track_prominence_proxy,42.17784130080576,score_0_100,,,,76.87113652032231,,,,https://downloads.khinsider.com/game-soundtracks/album/spark-the-electric-jester-3-original-video-game-soundtrack-2022,2026-10-05,Track title is taken from KHInsider's soundtrack/gamerip album index. Popularity is an explicitly labelled proxy based on BeatHit game rank and track prominence.,"{""culture_category"":""video_game_music"",""video_game"":""Spark the Electric Jester 3"",""game_rank"":1528,""game_association_kind"":""khinsider_game_soundtrack"",""khinsider_album_url"":""https://downloads.khinsider.com/game-soundtracks/album/spark-the-electric-jester-3-original-video-game-soundtrack-2022"",""khinsider_album_title"":""Spark the Electric Jester 3 (Original Video Game Soundtrack) (spark-the-electric-jester-3-original-video-game-soundtrack-2022)"",""khinsider_album_kind"":""official_or_gamerip"",""khinsider_album_match_score"":100.0,""relevance_score_100"":100.0,""popularity_score_100"":42.17784130080576,""score_100"":76.87113652032231,""popularity_basis"":""BeatHit master-list game rank plus track position proxy""}"
22,A Boy and a Girl,Unknown credited artist,[],Spark the Electric Jester 3: Unofficial Soundtrack (spark-the-electric-jester-3-unofficial-soundtrack-windows-gamerip-2022),,,"[""video game soundtrack""]","[""und""]",,,,Spark the Electric Jester 3,,,khinsider_track_prominence_proxy,42.17784130080576,score_0_100,,,,76.87113652032231,,,,https://downloads.khinsider.com/game-soundtracks/album/spark-the-electric-jester-3-unofficial-soundtrack-windows-gamerip-2022,2026-10-05,Track title is taken from KHInsider's soundtrack/gamerip album index. Popularity is an explicitly labelled proxy based on BeatHit game rank and track prominence.,"{""culture_category"":""video_game_music"",""video_game"":""Spark the Electric Jester 3"",""game_rank"":1528,""game_association_kind"":""khinsider_game_soundtrack"",""khinsider_album_url"":""https://downloads.khinsider.com/game-soundtracks/album/spark-the-electric-jester-3-unofficial-soundtrack-windows-gamerip-2022"",""khinsider_album_title"":""Spark the Electric Jester 3: Unofficial Soundtrack (spark-the-electric-jester-3-unofficial-soundtrack-windows-gamerip-2022)"",""khinsider_album_kind"":""official_or_gamerip"",""khinsider_album_match_score"":100.0,""relevance_score_100"":100.0,""popularity_score_100"":42.17784130080576,""score_100"":76.87113652032231,""popularity_basis"":""BeatHit master-list game rank plus track position proxy""}"
23,R3 - Backstory Cutscene,Unknown credited artist,[],Spark the Electric Jester 3 (Original Video Game Soundtrack) (spark-the-electric-jester-3-original-video-game-soundtrack-2022),,,"[""video game soundtrack""]","[""und""]",,,,Spark the Electric Jester 3,,,khinsider_track_prominence_proxy,41.96784130080576,score_0_100,,,,76.7871365203223,,,,https://downloads.khinsider.com/game-soundtracks/album/spark-the-electric-jester-3-original-video-game-soundtrack-2022,2026-10-05,Track title is taken from KHInsider's soundtrack/gamerip album index. Popularity is an explicitly labelled proxy based on BeatHit game rank and track prominence.,"{""culture_category"":""video_game_music"",""video_game"":""Spark the Electric Jester 3"",""game_rank"":1528,""game_association_kind"":""khinsider_game_soundtrack"",""khinsider_album_url"":""https://downloads.khinsider.com/game-soundtracks/album/spark-the-electric-jester-3-original-video-game-soundtrack-2022"",""khinsider_album_title"":""Spark the Electric Jester 3 (Original Video Game Soundtrack) (spark-the-electric-jester-3-original-video-game-soundtrack-2022)"",""khinsider_album_kind"":""official_or_gamerip"",""khinsider_album_match_score"":100.0,""relevance_score_100"":100.0,""popularity_score_100"":41.96784130080576,""score_100"":76.7871365203223,""popularity_basis"":""BeatHit master-list game rank plus track position proxy""}"
24,Drinyon Desert - Side Stage,Unknown credited artist,[],Spark the Electric Jester 3: Unofficial Soundtrack (spark-the-electric-jester-3-unofficial-soundtrack-windows-gamerip-2022),,,"[""video game soundtrack""]","[""und""]",,,,Spark the Electric Jester 3,,,khinsider_track_prominence_proxy,41.96784130080576,score_0_100,,,,76.7871365203223,,,,https://downloads.khinsider.com/game-soundtracks/album/spark-the-electric-jester-3-unofficial-soundtrack-windows-gamerip-2022,2026-10-05,Track title is taken from KHInsider's soundtrack/gamerip album index. Popularity is an explicitly labelled proxy based on BeatHit game rank and track prominence.,"{""culture_category"":""video_game_music"",""video_game"":""Spark the Electric Jester 3"",""game_rank"":1528,""game_association_kind"":""khinsider_game_soundtrack"",""khinsider_album_url"":""https://downloads.khinsider.com/game-soundtracks/album/spark-the-electric-jester-3-unofficial-soundtrack-windows-gamerip-2022"",""khinsider_album_title"":""Spark the Electric Jester 3: Unofficial Soundtrack (spark-the-electric-jester-3-unofficial-soundtrack-windows-gamerip-2022)"",""khinsider_album_kind"":""official_or_gamerip"",""khinsider_album_match_score"":100.0,""relevance_score_100"":100.0,""popularity_score_100"":41.96784130080576,""score_100"":76.7871365203223,""popularity_basis"":""BeatHit master-list game rank plus track position proxy""}"
25,Leilani Wilson - Drynion Desert - Lost Ravine,Unknown credited artist,[],Spark the Electric Jester 3 (Original Video Game Soundtrack) (spark-the-electric-jester-3-original-video-game-soundtrack-2022),,,"[""video game soundtrack""]","[""und""]",,,,Spark the Electric Jester 3,,,khinsider_track_prominence_proxy,41.75784130080576,score_0_100,,,,76.7031365203223,,,,https://downloads.khinsider.com/game-soundtracks/album/spark-the-electric-jester-3-original-video-game-soundtrack-2022,2026-10-05,Track title is taken from KHInsider's soundtrack/gamerip album index. Popularity is an explicitly labelled proxy based on BeatHit game rank and track prominence.,"{""culture_category"":""video_game_music"",""video_game"":""Spark the Electric Jester 3"",""game_rank"":1528,""game_association_kind"":""khinsider_game_soundtrack"",""khinsider_album_url"":""https://downloads.khinsider.com/game-soundtracks/album/spark-the-electric-jester-3-original-video-game-soundtrack-2022"",""khinsider_album_title"":""Spark the Electric Jester 3 (Original Video Game Soundtrack) (spark-the-electric-jester-3-original-video-game-soundtrack-2022)"",""khinsider_album_kind"":""official_or_gamerip"",""khinsider_album_match_score"":100.0,""relevance_score_100"":100.0,""popularity_score_100"":41.75784130080576,""score_100"":76.7031365203223,""popularity_basis"":""BeatHit master-list game rank plus track position proxy""}"
26,Drinyon Desert - Canyon Zero (Tower of Eos),Unknown credited artist,[],Spark the Electric Jester 3: Unofficial Soundtrack (spark-the-electric-jester-3-unofficial-soundtrack-windows-gamerip-2022),,,"[""video game soundtrack""]","[""und""]",,,,Spark the Electric Jester 3,,,khinsider_track_prominence_proxy,41.75784130080576,score_0_100,,,,76.7031365203223,,,,https://downloads.khinsider.com/game-soundtracks/album/spark-the-electric-jester-3-unofficial-soundtrack-windows-gamerip-2022,2026-10-05,Track title is taken from KHInsider's soundtrack/gamerip album index. Popularity is an explicitly labelled proxy based on BeatHit game rank and track prominence.,"{""culture_category"":""video_game_music"",""video_game"":""Spark the Electric Jester 3"",""game_rank"":1528,""game_association_kind"":""khinsider_game_soundtrack"",""khinsider_album_url"":""https://downloads.khinsider.com/game-soundtracks/album/spark-the-electric-jester-3-unofficial-soundtrack-windows-gamerip-2022"",""khinsider_album_title"":""Spark the Electric Jester 3: Unofficial Soundtrack (spark-the-electric-jester-3-unofficial-soundtrack-windows-gamerip-2022)"",""khinsider_album_kind"":""official_or_gamerip"",""khinsider_album_match_score"":100.0,""relevance_score_100"":100.0,""popularity_score_100"":41.75784130080576,""score_100"":76.7031365203223,""popularity_basis"":""BeatHit master-list game rank plus track position proxy""}"
27,Michael Staple - Drynion Desert - Canyon Zero,Unknown credited artist,[],Spark the Electric Jester 3 (Original Video Game Soundtrack) (spark-the-electric-jester-3-original-video-game-soundtrack-2022),,,"[""video game soundtrack""]","[""und""]",,,,Spark the Electric Jester 3,,,khinsider_track_prominence_proxy,41.54784130080576,score_0_100,,,,76.6191365203223,,,,https://downloads.khinsider.com/game-soundtracks/album/spark-the-electric-jester-3-original-video-game-soundtrack-2022,2026-10-05,Track title is taken from KHInsider's soundtrack/gamerip album index. Popularity is an explicitly labelled proxy based on BeatHit game rank and track prominence.,"{""culture_category"":""video_game_music"",""video_game"":""Spark the Electric Jester 3"",""game_rank"":1528,""game_association_kind"":""khinsider_game_soundtrack"",""khinsider_album_url"":""https://downloads.khinsider.com/game-soundtracks/album/spark-the-electric-jester-3-original-video-game-soundtrack-2022"",""khinsider_album_title"":""Spark the Electric Jester 3 (Original Video Game Soundtrack) (spark-the-electric-jester-3-original-video-game-soundtrack-2022)"",""khinsider_album_kind"":""official_or_gamerip"",""khinsider_album_match_score"":100.0,""relevance_score_100"":100.0,""popularity_score_100"":41.54784130080576,""score_100"":76.6191365203223,""popularity_basis"":""BeatHit master-list game rank plus track position proxy""}"
28,Challenge (Fark School),Unknown credited artist,[],Spark the Electric Jester 3: Unofficial Soundtrack (spark-the-electric-jester-3-unofficial-soundtrack-windows-gamerip-2022),,,"[""video game soundtrack""]","[""und""]",,,,Spark the Electric Jester 3,,,khinsider_track_prominence_proxy,41.54784130080576,score_0_100,,,,76.6191365203223,,,,https://downloads.khinsider.com/game-soundtracks/album/spark-the-electric-jester-3-unofficial-soundtrack-windows-gamerip-2022,2026-10-05,Track title is taken from KHInsider's soundtrack/gamerip album index. Popularity is an explicitly labelled proxy based on BeatHit game rank and track prominence.,"{""culture_category"":""video_game_music"",""video_game"":""Spark the Electric Jester 3"",""game_rank"":1528,""game_association_kind"":""khinsider_game_soundtrack"",""khinsider_album_url"":""https://downloads.khinsider.com/game-soundtracks/album/spark-the-electric-jester-3-unofficial-soundtrack-windows-gamerip-2022"",""khinsider_album_title"":""Spark the Electric Jester 3: Unofficial Soundtrack (spark-the-electric-jester-3-unofficial-soundtrack-windows-gamerip-2022)"",""khinsider_album_kind"":""official_or_gamerip"",""khinsider_album_match_score"":100.0,""relevance_score_100"":100.0,""popularity_score_100"":41.54784130080576,""score_100"":76.6191365203223,""popularity_basis"":""BeatHit master-list game rank plus track position proxy""}"
29,Paul Bethers - Protest Prison,Unknown credited artist,[],Spark the Electric Jester 3 (Original Video Game Soundtrack) (spark-the-electric-jester-3-original-video-game-soundtrack-2022),,,"[""video game soundtrack""]","[""und""]",,,,Spark the Electric Jester 3,,,khinsider_track_prominence_proxy,41.337841300805756,score_0_100,,,,76.53513652032231,,,,https://downloads.khinsider.com/game-soundtracks/album/spark-the-electric-jester-3-original-video-game-soundtrack-2022,2026-10-05,Track title is taken from KHInsider's soundtrack/gamerip album index. Popularity is an explicitly labelled proxy based on BeatHit game rank and track prominence.,"{""culture_category"":""video_game_music"",""video_game"":""Spark the Electric Jester 3"",""game_rank"":1528,""game_association_kind"":""khinsider_game_soundtrack"",""khinsider_album_url"":""https://downloads.khinsider.com/game-soundtracks/album/spark-the-electric-jester-3-original-video-game-soundtrack-2022"",""khinsider_album_title"":""Spark the Electric Jester 3 (Original Video Game Soundtrack) (spark-the-electric-jester-3-original-video-game-soundtrack-2022)"",""khinsider_album_kind"":""official_or_gamerip"",""khinsider_album_match_score"":100.0,""relevance_score_100"":100.0,""popularity_score_100"":41.337841300805756,""score_100"":76.53513652032231,""popularity_basis"":""BeatHit master-list game rank plus track position proxy""}"
30,Protest Prison - Main Stage,Unknown credited artist,[],Spark the Electric Jester 3: Unofficial Soundtrack (spark-the-electric-jester-3-unofficial-soundtrack-windows-gamerip-2022),,,"[""video game soundtrack""]","[""und""]",,,,Spark the Electric Jester 3,,,khinsider_track_prominence_proxy,41.337841300805756,score_0_100,,,,76.53513652032231,,,,https://downloads.khinsider.com/game-soundtracks/album/spark-the-electric-jester-3-unofficial-soundtrack-windows-gamerip-2022,2026-10-05,Track title is taken from KHInsider's soundtrack/gamerip album index. Popularity is an explicitly labelled proxy based on BeatHit game rank and track prominence.,"{""culture_category"":""video_game_music"",""video_game"":""Spark the Electric Jester 3"",""game_rank"":1528,""game_association_kind"":""khinsider_game_soundtrack"",""khinsider_album_url"":""https://downloads.khinsider.com/game-soundtracks/album/spark-the-electric-jester-3-unofficial-soundtrack-windows-gamerip-2022"",""khinsider_album_title"":""Spark the Electric Jester 3: Unofficial Soundtrack (spark-the-electric-jester-3-unofficial-soundtrack-windows-gamerip-2022)"",""khinsider_album_kind"":""official_or_gamerip"",""khinsider_album_match_score"":100.0,""relevance_score_100"":100.0,""popularity_score_100"":41.337841300805756,""score_100"":76.53513652032231,""popularity_basis"":""BeatHit master-list game rank plus track position proxy""}"
31,Paul Bethers - Protest City,Unknown credited artist,[],Spark the Electric Jester 3 (Original Video Game Soundtrack) (spark-the-electric-jester-3-original-video-game-soundtrack-2022),,,"[""video game soundtrack""]","[""und""]",,,,Spark the Electric Jester 3,,,khinsider_track_prominence_proxy,41.127841300805756,score_0_100,,,,76.45113652032231,,,,https://downloads.khinsider.com/game-soundtracks/album/spark-the-electric-jester-3-original-video-game-soundtrack-2022,2026-10-05,Track title is taken from KHInsider's soundtrack/gamerip album index. Popularity is an explicitly labelled proxy based on BeatHit game rank and track prominence.,"{""culture_category"":""video_game_music"",""video_game"":""Spark the Electric Jester 3"",""game_rank"":1528,""game_association_kind"":""khinsider_game_soundtrack"",""khinsider_album_url"":""https://downloads.khinsider.com/game-soundtracks/album/spark-the-electric-jester-3-original-video-game-soundtrack-2022"",""khinsider_album_title"":""Spark the Electric Jester 3 (Original Video Game Soundtrack) (spark-the-electric-jester-3-original-video-game-soundtrack-2022)"",""khinsider_album_kind"":""official_or_gamerip"",""khinsider_album_match_score"":100.0,""relevance_score_100"":100.0,""popularity_score_100"":41.127841300805756,""score_100"":76.45113652032231,""popularity_basis"":""BeatHit master-list game rank plus track position proxy""}"
32,Protest City - Main Stage,Unknown credited artist,[],Spark the Electric Jester 3: Unofficial Soundtrack (spark-the-electric-jester-3-unofficial-soundtrack-windows-gamerip-2022),,,"[""video game soundtrack""]","[""und""]",,,,Spark the Electric Jester 3,,,khinsider_track_prominence_proxy,41.127841300805756,score_0_100,,,,76.45113652032231,,,,https://downloads.khinsider.com/game-soundtracks/album/spark-the-electric-jester-3-unofficial-soundtrack-windows-gamerip-2022,2026-10-05,Track title is taken from KHInsider's soundtrack/gamerip album index. Popularity is an explicitly labelled proxy based on BeatHit game rank and track prominence.,"{""culture_category"":""video_game_music"",""video_game"":""Spark the Electric Jester 3"",""game_rank"":1528,""game_association_kind"":""khinsider_game_soundtrack"",""khinsider_album_url"":""https://downloads.khinsider.com/game-soundtracks/album/spark-the-electric-jester-3-unofficial-soundtrack-windows-gamerip-2022"",""khinsider_album_title"":""Spark the Electric Jester 3: Unofficial Soundtrack (spark-the-electric-jester-3-unofficial-soundtrack-windows-gamerip-2022)"",""khinsider_album_kind"":""official_or_gamerip"",""khinsider_album_match_score"":100.0,""relevance_score_100"":100.0,""popularity_score_100"":41.127841300805756,""score_100"":76.45113652032231,""popularity_basis"":""BeatHit master-list game rank plus track position proxy""}"
33,Tudd - Boss Fight - On The Run,Unknown credited artist,[],Spark the Electric Jester 3 (Original Video Game Soundtrack) (spark-the-electric-jester-3-original-video-game-soundtrack-2022),,,"[""video game soundtrack""]","[""und""]",,,,Spark the Electric Jester 3,,,khinsider_track_prominence_proxy,40.917841300805755,score_0_100,,,,76.3671365203223,,,,https://downloads.khinsider.com/game-soundtracks/album/spark-the-electric-jester-3-original-video-game-soundtrack-2022,2026-10-05,Track title is taken from KHInsider's soundtrack/gamerip album index. Popularity is an explicitly labelled proxy based on BeatHit game rank and track prominence.,"{""culture_category"":""video_game_music"",""video_game"":""Spark the Electric Jester 3"",""game_rank"":1528,""game_association_kind"":""khinsider_game_soundtrack"",""khinsider_album_url"":""https://downloads.khinsider.com/game-soundtracks/album/spark-the-electric-jester-3-original-video-game-soundtrack-2022"",""khinsider_album_title"":""Spark the Electric Jester 3 (Original Video Game Soundtrack) (spark-the-electric-jester-3-original-video-game-soundtrack-2022)"",""khinsider_album_kind"":""official_or_gamerip"",""khinsider_album_match_score"":100.0,""relevance_score_100"":100.0,""popularity_score_100"":40.917841300805755,""score_100"":76.3671365203223,""popularity_basis"":""BeatHit master-list game rank plus track position proxy""}"
34,Vs. Delta Boss,Unknown credited artist,[],Spark the Electric Jester 3: Unofficial Soundtrack (spark-the-electric-jester-3-unofficial-soundtrack-windows-gamerip-2022),,,"[""video game soundtrack""]","[""und""]",,,,Spark the Electric Jester 3,,,khinsider_track_prominence_proxy,40.917841300805755,score_0_100,,,,76.3671365203223,,,,https://downloads.khinsider.com/game-soundtracks/album/spark-the-electric-jester-3-unofficial-soundtrack-windows-gamerip-2022,2026-10-05,Track title is taken from KHInsider's soundtrack/gamerip album index. Popularity is an explicitly labelled proxy based on BeatHit game rank and track prominence.,"{""culture_category"":""video_game_music"",""video_game"":""Spark the Electric Jester 3"",""game_rank"":1528,""game_association_kind"":""khinsider_game_soundtrack"",""khinsider_album_url"":""https://downloads.khinsider.com/game-soundtracks/album/spark-the-electric-jester-3-unofficial-soundtrack-windows-gamerip-2022"",""khinsider_album_title"":""Spark the Electric Jester 3: Unofficial Soundtrack (spark-the-electric-jester-3-unofficial-soundtrack-windows-gamerip-2022)"",""khinsider_album_kind"":""official_or_gamerip"",""khinsider_album_match_score"":100.0,""relevance_score_100"":100.0,""popularity_score_100"":40.917841300805755,""score_100"":76.3671365203223,""popularity_basis"":""BeatHit master-list game rank plus track position proxy""}"
35,Tudd - Historia Hysteria,Unknown credited artist,[],Spark the Electric Jester 3 (Original Video Game Soundtrack) (spark-the-electric-jester-3-original-video-game-soundtrack-2022),,,"[""video game soundtrack""]","[""und""]",,,,Spark the Electric Jester 3,,,khinsider_track_prominence_proxy,40.707841300805754,score_0_100,,,,76.2831365203223,,,,https://downloads.khinsider.com/game-soundtracks/album/spark-the-electric-jester-3-original-video-game-soundtrack-2022,2026-10-05,Track title is taken from KHInsider's soundtrack/gamerip album index. Popularity is an explicitly labelled proxy based on BeatHit game rank and track prominence.,"{""culture_category"":""video_game_music"",""video_game"":""Spark the Electric Jester 3"",""game_rank"":1528,""game_association_kind"":""khinsider_game_soundtrack"",""khinsider_album_url"":""https://downloads.khinsider.com/game-soundtracks/album/spark-the-electric-jester-3-original-video-game-soundtrack-2022"",""khinsider_album_title"":""Spark the Electric Jester 3 (Original Video Game Soundtrack) (spark-the-electric-jester-3-original-video-game-soundtrack-2022)"",""khinsider_album_kind"":""official_or_gamerip"",""khinsider_album_match_score"":100.0,""relevance_score_100"":100.0,""popularity_score_100"":40.707841300805754,""score_100"":76.2831365203223,""popularity_basis"":""BeatHit master-list game rank plus track position proxy""}"
36,Historia Hysteria - Main Stage,Unknown credited artist,[],Spark the Electric Jester 3: Unofficial Soundtrack (spark-the-electric-jester-3-unofficial-soundtrack-windows-gamerip-2022),,,"[""video game soundtrack""]","[""und""]",,,,Spark the Electric Jester 3,,,khinsider_track_prominence_proxy,40.707841300805754,score_0_100,,,,76.2831365203223,,,,https://downloads.khinsider.com/game-soundtracks/album/spark-the-electric-jester-3-unofficial-soundtrack-windows-gamerip-2022,2026-10-05,Track title is taken from KHInsider's soundtrack/gamerip album index. Popularity is an explicitly labelled proxy based on BeatHit game rank and track prominence.,"{""culture_category"":""video_game_music"",""video_game"":""Spark the Electric Jester 3"",""game_rank"":1528,""game_association_kind"":""khinsider_game_soundtrack"",""khinsider_album_url"":""https://downloads.khinsider.com/game-soundtracks/album/spark-the-electric-jester-3-unofficial-soundtrack-windows-gamerip-2022"",""khinsider_album_title"":""Spark the Electric Jester 3: Unofficial Soundtrack (spark-the-electric-jester-3-unofficial-soundtrack-windows-gamerip-2022)"",""khinsider_album_kind"":""official_or_gamerip"",""khinsider_album_match_score"":100.0,""relevance_score_100"":100.0,""popularity_score_100"":40.707841300805754,""score_100"":76.2831365203223,""popularity_basis"":""BeatHit master-list game rank plus track position proxy""}"
37,Andy Tunstall - Boss Fight - Throwback (Spark 2 Special Boss),Unknown credited artist,[],Spark the Electric Jester 3 (Original Video Game Soundtrack) (spark-the-electric-jester-3-original-video-game-soundtrack-2022),,,"[""video game soundtrack""]","[""und""]",,,,Spark the Electric Jester 3,,,khinsider_track_prominence_proxy,40.49784130080576,score_0_100,,,,76.1991365203223,,,,https://downloads.khinsider.com/game-soundtracks/album/spark-the-electric-jester-3-original-video-game-soundtrack-2022,2026-10-05,Track title is taken from KHInsider's soundtrack/gamerip album index. Popularity is an explicitly labelled proxy based on BeatHit game rank and track prominence.,"{""culture_category"":""video_game_music"",""video_game"":""Spark the Electric Jester 3"",""game_rank"":1528,""game_association_kind"":""khinsider_game_soundtrack"",""khinsider_album_url"":""https://downloads.khinsider.com/game-soundtracks/album/spark-the-electric-jester-3-original-video-game-soundtrack-2022"",""khinsider_album_title"":""Spark the Electric Jester 3 (Original Video Game Soundtrack) (spark-the-electric-jester-3-original-video-game-soundtrack-2022)"",""khinsider_album_kind"":""official_or_gamerip"",""khinsider_album_match_score"":100.0,""relevance_score_100"":100.0,""popularity_score_100"":40.49784130080576,""score_100"":76.1991365203223,""popularity_basis"":""BeatHit master-list game rank plus track position proxy""}"
38,Vs. Throwback (Ryno Friken 16-bit),Unknown credited artist,[],Spark the Electric Jester 3: Unofficial Soundtrack (spark-the-electric-jester-3-unofficial-soundtrack-windows-gamerip-2022),,,"[""video game soundtrack""]","[""und""]",,,,Spark the Electric Jester 3,,,khinsider_track_prominence_proxy,40.49784130080576,score_0_100,,,,76.1991365203223,,,,https://downloads.khinsider.com/game-soundtracks/album/spark-the-electric-jester-3-unofficial-soundtrack-windows-gamerip-2022,2026-10-05,Track title is taken from KHInsider's soundtrack/gamerip album index. Popularity is an explicitly labelled proxy based on BeatHit game rank and track prominence.,"{""culture_category"":""video_game_music"",""video_game"":""Spark the Electric Jester 3"",""game_rank"":1528,""game_association_kind"":""khinsider_game_soundtrack"",""khinsider_album_url"":""https://downloads.khinsider.com/game-soundtracks/album/spark-the-electric-jester-3-unofficial-soundtrack-windows-gamerip-2022"",""khinsider_album_title"":""Spark the Electric Jester 3: Unofficial Soundtrack (spark-the-electric-jester-3-unofficial-soundtrack-windows-gamerip-2022)"",""khinsider_album_kind"":""official_or_gamerip"",""khinsider_album_match_score"":100.0,""relevance_score_100"":100.0,""popularity_score_100"":40.49784130080576,""score_100"":76.1991365203223,""popularity_basis"":""BeatHit master-list game rank plus track position proxy""}"
39,R3 - Boss Fight - Throwback (Spark 2 Special Boss) (16-bit Version),Unknown credited artist,[],Spark the Electric Jester 3 (Original Video Game Soundtrack) (spark-the-electric-jester-3-original-video-game-soundtrack-2022),,,"[""video game soundtrack""]","[""und""]",,,,Spark the Electric Jester 3,,,khinsider_track_prominence_proxy,40.28784130080576,score_0_100,,,,76.11513652032231,,,,https://downloads.khinsider.com/game-soundtracks/album/spark-the-electric-jester-3-original-video-game-soundtrack-2022,2026-10-05,Track title is taken from KHInsider's soundtrack/gamerip album index. Popularity is an explicitly labelled proxy based on BeatHit game rank and track prominence.,"{""culture_category"":""video_game_music"",""video_game"":""Spark the Electric Jester 3"",""game_rank"":1528,""game_association_kind"":""khinsider_game_soundtrack"",""khinsider_album_url"":""https://downloads.khinsider.com/game-soundtracks/album/spark-the-electric-jester-3-original-video-game-soundtrack-2022"",""khinsider_album_title"":""Spark the Electric Jester 3 (Original Video Game Soundtrack) (spark-the-electric-jester-3-original-video-game-soundtrack-2022)"",""khinsider_album_kind"":""official_or_gamerip"",""khinsider_album_match_score"":100.0,""relevance_score_100"":100.0,""popularity_score_100"":40.28784130080576,""score_100"":76.11513652032231,""popularity_basis"":""BeatHit master-list game rank plus track position proxy""}"
40,Vs. Shadow Double (Ryno Friken),Unknown credited artist,[],Spark the Electric Jester 3: Unofficial Soundtrack (spark-the-electric-jester-3-unofficial-soundtrack-windows-gamerip-2022),,,"[""video game soundtrack""]","[""und""]",,,,Spark the Electric Jester 3,,,khinsider_track_prominence_proxy,40.28784130080576,score_0_100,,,,76.11513652032231,,,,https://downloads.khinsider.com/game-soundtracks/album/spark-the-electric-jester-3-unofficial-soundtrack-windows-gamerip-2022,2026-10-05,Track title is taken from KHInsider's soundtrack/gamerip album index. Popularity is an explicitly labelled proxy based on BeatHit game rank and track prominence.,"{""culture_category"":""video_game_music"",""video_game"":""Spark the Electric Jester 3"",""game_rank"":1528,""game_association_kind"":""khinsider_game_soundtrack"",""khinsider_album_url"":""https://downloads.khinsider.com/game-soundtracks/album/spark-the-electric-jester-3-unofficial-soundtrack-windows-gamerip-2022"",""khinsider_album_title"":""Spark the Electric Jester 3: Unofficial Soundtrack (spark-the-electric-jester-3-unofficial-soundtrack-windows-gamerip-2022)"",""khinsider_album_kind"":""official_or_gamerip"",""khinsider_album_match_score"":100.0,""relevance_score_100"":100.0,""popularity_score_100"":40.28784130080576,""score_100"":76.11513652032231,""popularity_basis"":""BeatHit master-list game rank plus track position proxy""}"
41,Tudd - Stratoria Interstellar,Unknown credited artist,[],Spark the Electric Jester 3 (Original Video Game Soundtrack) (spark-the-electric-jester-3-original-video-game-soundtrack-2022),,,"[""video game soundtrack""]","[""und""]",,,,Spark the Electric Jester 3,,,khinsider_track_prominence_proxy,40.07784130080576,score_0_100,,,,76.0311365203223,,,,https://downloads.khinsider.com/game-soundtracks/album/spark-the-electric-jester-3-original-video-game-soundtrack-2022,2026-10-05,Track title is taken from KHInsider's soundtrack/gamerip album index. Popularity is an explicitly labelled proxy based on BeatHit game rank and track prominence.,"{""culture_category"":""video_game_music"",""video_game"":""Spark the Electric Jester 3"",""game_rank"":1528,""game_association_kind"":""khinsider_game_soundtrack"",""khinsider_album_url"":""https://downloads.khinsider.com/game-soundtracks/album/spark-the-electric-jester-3-original-video-game-soundtrack-2022"",""khinsider_album_title"":""Spark the Electric Jester 3 (Original Video Game Soundtrack) (spark-the-electric-jester-3-original-video-game-soundtrack-2022)"",""khinsider_album_kind"":""official_or_gamerip"",""khinsider_album_match_score"":100.0,""relevance_score_100"":100.0,""popularity_score_100"":40.07784130080576,""score_100"":76.0311365203223,""popularity_basis"":""BeatHit master-list game rank plus track position proxy""}"
42,Stratoria Interstellar - Main Stage,Unknown credited artist,[],Spark the Electric Jester 3: Unofficial Soundtrack (spark-the-electric-jester-3-unofficial-soundtrack-windows-gamerip-2022),,,"[""video game soundtrack""]","[""und""]",,,,Spark the Electric Jester 3,,,khinsider_track_prominence_proxy,40.07784130080576,score_0_100,,,,76.0311365203223,,,,https://downloads.khinsider.com/game-soundtracks/album/spark-the-electric-jester-3-unofficial-soundtrack-windows-gamerip-2022,2026-10-05,Track title is taken from KHInsider's soundtrack/gamerip album index. Popularity is an explicitly labelled proxy based on BeatHit game rank and track prominence.,"{""culture_category"":""video_game_music"",""video_game"":""Spark the Electric Jester 3"",""game_rank"":1528,""game_association_kind"":""khinsider_game_soundtrack"",""khinsider_album_url"":""https://downloads.khinsider.com/game-soundtracks/album/spark-the-electric-jester-3-unofficial-soundtrack-windows-gamerip-2022"",""khinsider_album_title"":""Spark the Electric Jester 3: Unofficial Soundtrack (spark-the-electric-jester-3-unofficial-soundtrack-windows-gamerip-2022)"",""khinsider_album_kind"":""official_or_gamerip"",""khinsider_album_match_score"":100.0,""relevance_score_100"":100.0,""popularity_score_100"":40.07784130080576,""score_100"":76.0311365203223,""popularity_basis"":""BeatHit master-list game rank plus track position proxy""}"
43,Paul Bethers - Boss Fight - Mecha Madness,Unknown credited artist,[],Spark the Electric Jester 3 (Original Video Game Soundtrack) (spark-the-electric-jester-3-original-video-game-soundtrack-2022),,,"[""video game soundtrack""]","[""und""]",,,,Spark the Electric Jester 3,,,khinsider_track_prominence_proxy,39.86784130080576,score_0_100,,,,75.9471365203223,,,,https://downloads.khinsider.com/game-soundtracks/album/spark-the-electric-jester-3-original-video-game-soundtrack-2022,2026-10-05,Track title is taken from KHInsider's soundtrack/gamerip album index. Popularity is an explicitly labelled proxy based on BeatHit game rank and track prominence.,"{""culture_category"":""video_game_music"",""video_game"":""Spark the Electric Jester 3"",""game_rank"":1528,""game_association_kind"":""khinsider_game_soundtrack"",""khinsider_album_url"":""https://downloads.khinsider.com/game-soundtracks/album/spark-the-electric-jester-3-original-video-game-soundtrack-2022"",""khinsider_album_title"":""Spark the Electric Jester 3 (Original Video Game Soundtrack) (spark-the-electric-jester-3-original-video-game-soundtrack-2022)"",""khinsider_album_kind"":""official_or_gamerip"",""khinsider_album_match_score"":100.0,""relevance_score_100"":100.0,""popularity_score_100"":39.86784130080576,""score_100"":75.9471365203223,""popularity_basis"":""BeatHit master-list game rank plus track position proxy""}"
44,Mecha Madness (Vs. Greater Guardian),Unknown credited artist,[],Spark the Electric Jester 3: Unofficial Soundtrack (spark-the-electric-jester-3-unofficial-soundtrack-windows-gamerip-2022),,,"[""video game soundtrack""]","[""und""]",,,,Spark the Electric Jester 3,,,khinsider_track_prominence_proxy,39.86784130080576,score_0_100,,,,75.9471365203223,,,,https://downloads.khinsider.com/game-soundtracks/album/spark-the-electric-jester-3-unofficial-soundtrack-windows-gamerip-2022,2026-10-05,Track title is taken from KHInsider's soundtrack/gamerip album index. Popularity is an explicitly labelled proxy based on BeatHit game rank and track prominence.,"{""culture_category"":""video_game_music"",""video_game"":""Spark the Electric Jester 3"",""game_rank"":1528,""game_association_kind"":""khinsider_game_soundtrack"",""khinsider_album_url"":""https://downloads.khinsider.com/game-soundtracks/album/spark-the-electric-jester-3-unofficial-soundtrack-windows-gamerip-2022"",""khinsider_album_title"":""Spark the Electric Jester 3: Unofficial Soundtrack (spark-the-electric-jester-3-unofficial-soundtrack-windows-gamerip-2022)"",""khinsider_album_kind"":""official_or_gamerip"",""khinsider_album_match_score"":100.0,""relevance_score_100"":100.0,""popularity_score_100"":39.86784130080576,""score_100"":75.9471365203223,""popularity_basis"":""BeatHit master-list game rank plus track position proxy""}"
45,Paul Bethers - Pacific Abyss,Unknown credited artist,[],Spark the Electric Jester 3 (Original Video Game Soundtrack) (spark-the-electric-jester-3-original-video-game-soundtrack-2022),,,"[""video game soundtrack""]","[""und""]",,,,Spark the Electric Jester 3,,,khinsider_track_prominence_proxy,39.65784130080576,score_0_100,,,,75.8631365203223,,,,https://downloads.khinsider.com/game-soundtracks/album/spark-the-electric-jester-3-original-video-game-soundtrack-2022,2026-10-05,Track title is taken from KHInsider's soundtrack/gamerip album index. Popularity is an explicitly labelled proxy based on BeatHit game rank and track prominence.,"{""culture_category"":""video_game_music"",""video_game"":""Spark the Electric Jester 3"",""game_rank"":1528,""game_association_kind"":""khinsider_game_soundtrack"",""khinsider_album_url"":""https://downloads.khinsider.com/game-soundtracks/album/spark-the-electric-jester-3-original-video-game-soundtrack-2022"",""khinsider_album_title"":""Spark the Electric Jester 3 (Original Video Game Soundtrack) (spark-the-electric-jester-3-original-video-game-soundtrack-2022)"",""khinsider_album_kind"":""official_or_gamerip"",""khinsider_album_match_score"":100.0,""relevance_score_100"":100.0,""popularity_score_100"":39.65784130080576,""score_100"":75.8631365203223,""popularity_basis"":""BeatHit master-list game rank plus track position proxy""}"
46,Pacific Abyss - Deep Descent,Unknown credited artist,[],Spark the Electric Jester 3: Unofficial Soundtrack (spark-the-electric-jester-3-unofficial-soundtrack-windows-gamerip-2022),,,"[""video game soundtrack""]","[""und""]",,,,Spark the Electric Jester 3,,,khinsider_track_prominence_proxy,39.65784130080576,score_0_100,,,,75.8631365203223,,,,https://downloads.khinsider.com/game-soundtracks/album/spark-the-electric-jester-3-unofficial-soundtrack-windows-gamerip-2022,2026-10-05,Track title is taken from KHInsider's soundtrack/gamerip album index. Popularity is an explicitly labelled proxy based on BeatHit game rank and track prominence.,"{""culture_category"":""video_game_music"",""video_game"":""Spark the Electric Jester 3"",""game_rank"":1528,""game_association_kind"":""khinsider_game_soundtrack"",""khinsider_album_url"":""https://downloads.khinsider.com/game-soundtracks/album/spark-the-electric-jester-3-unofficial-soundtrack-windows-gamerip-2022"",""khinsider_album_title"":""Spark the Electric Jester 3: Unofficial Soundtrack (spark-the-electric-jester-3-unofficial-soundtrack-windows-gamerip-2022)"",""khinsider_album_kind"":""official_or_gamerip"",""khinsider_album_match_score"":100.0,""relevance_score_100"":100.0,""popularity_score_100"":39.65784130080576,""score_100"":75.8631365203223,""popularity_basis"":""BeatHit master-list game rank plus track position proxy""}"
47,Tudd - Utopia Shelter - City Area,Unknown credited artist,[],Spark the Electric Jester 3 (Original Video Game Soundtrack) (spark-the-electric-jester-3-original-video-game-soundtrack-2022),,,"[""video game soundtrack""]","[""und""]",,,,Spark the Electric Jester 3,,,khinsider_track_prominence_proxy,39.44784130080576,score_0_100,,,,75.77913652032231,,,,https://downloads.khinsider.com/game-soundtracks/album/spark-the-electric-jester-3-original-video-game-soundtrack-2022,2026-10-05,Track title is taken from KHInsider's soundtrack/gamerip album index. Popularity is an explicitly labelled proxy based on BeatHit game rank and track prominence.,"{""culture_category"":""video_game_music"",""video_game"":""Spark the Electric Jester 3"",""game_rank"":1528,""game_association_kind"":""khinsider_game_soundtrack"",""khinsider_album_url"":""https://downloads.khinsider.com/game-soundtracks/album/spark-the-electric-jester-3-original-video-game-soundtrack-2022"",""khinsider_album_title"":""Spark the Electric Jester 3 (Original Video Game Soundtrack) (spark-the-electric-jester-3-original-video-game-soundtrack-2022)"",""khinsider_album_kind"":""official_or_gamerip"",""khinsider_album_match_score"":100.0,""relevance_score_100"":100.0,""popularity_score_100"":39.44784130080576,""score_100"":75.77913652032231,""popularity_basis"":""BeatHit master-list game rank plus track position proxy""}"
48,Utopia Shelter - Section 1,Unknown credited artist,[],Spark the Electric Jester 3: Unofficial Soundtrack (spark-the-electric-jester-3-unofficial-soundtrack-windows-gamerip-2022),,,"[""video game soundtrack""]","[""und""]",,,,Spark the Electric Jester 3,,,khinsider_track_prominence_proxy,39.44784130080576,score_0_100,,,,75.77913652032231,,,,https://downloads.khinsider.com/game-soundtracks/album/spark-the-electric-jester-3-unofficial-soundtrack-windows-gamerip-2022,2026-10-05,Track title is taken from KHInsider's soundtrack/gamerip album index. Popularity is an explicitly labelled proxy based on BeatHit game rank and track prominence.,"{""culture_category"":""video_game_music"",""video_game"":""Spark the Electric Jester 3"",""game_rank"":1528,""game_association_kind"":""khinsider_game_soundtrack"",""khinsider_album_url"":""https://downloads.khinsider.com/game-soundtracks/album/spark-the-electric-jester-3-unofficial-soundtrack-windows-gamerip-2022"",""khinsider_album_title"":""Spark the Electric Jester 3: Unofficial Soundtrack (spark-the-electric-jester-3-unofficial-soundtrack-windows-gamerip-2022)"",""khinsider_album_kind"":""official_or_gamerip"",""khinsider_album_match_score"":100.0,""relevance_score_100"":100.0,""popularity_score_100"":39.44784130080576,""score_100"":75.77913652032231,""popularity_basis"":""BeatHit master-list game rank plus track position proxy""}"
49,Tudd - Utopia Shelter - In The Depths,Unknown credited artist,[],Spark the Electric Jester 3 (Original Video Game Soundtrack) (spark-the-electric-jester-3-original-video-game-soundtrack-2022),,,"[""video game soundtrack""]","[""und""]",,,,Spark the Electric Jester 3,,,khinsider_track_prominence_proxy,39.23784130080576,score_0_100,,,,75.69513652032231,,,,https://downloads.khinsider.com/game-soundtracks/album/spark-the-electric-jester-3-original-video-game-soundtrack-2022,2026-10-05,Track title is taken from KHInsider's soundtrack/gamerip album index. Popularity is an explicitly labelled proxy based on BeatHit game rank and track prominence.,"{""culture_category"":""video_game_music"",""video_game"":""Spark the Electric Jester 3"",""game_rank"":1528,""game_association_kind"":""khinsider_game_soundtrack"",""khinsider_album_url"":""https://downloads.khinsider.com/game-soundtracks/album/spark-the-electric-jester-3-original-video-game-soundtrack-2022"",""khinsider_album_title"":""Spark the Electric Jester 3 (Original Video Game Soundtrack) (spark-the-electric-jester-3-original-video-game-soundtrack-2022)"",""khinsider_album_kind"":""official_or_gamerip"",""khinsider_album_match_score"":100.0,""relevance_score_100"":100.0,""popularity_score_100"":39.23784130080576,""score_100"":75.69513652032231,""popularity_basis"":""BeatHit master-list game rank plus track position proxy""}"
50,Utopia Shelter - Section 2,Unknown credited artist,[],Spark the Electric Jester 3: Unofficial Soundtrack (spark-the-electric-jester-3-unofficial-soundtrack-windows-gamerip-2022),,,"[""video game soundtrack""]","[""und""]",,,,Spark the Electric Jester 3,,,khinsider_track_prominence_proxy,39.23784130080576,score_0_100,,,,75.69513652032231,,,,https://downloads.khinsider.com/game-soundtracks/album/spark-the-electric-jester-3-unofficial-soundtrack-windows-gamerip-2022,2026-10-05,Track title is taken from KHInsider's soundtrack/gamerip album index. Popularity is an explicitly labelled proxy based on BeatHit game rank and track prominence.,"{""culture_category"":""video_game_music"",""video_game"":""Spark the Electric Jester 3"",""game_rank"":1528,""game_association_kind"":""khinsider_game_soundtrack"",""khinsider_album_url"":""https://downloads.khinsider.com/game-soundtracks/album/spark-the-electric-jester-3-unofficial-soundtrack-windows-gamerip-2022"",""khinsider_album_title"":""Spark the Electric Jester 3: Unofficial Soundtrack (spark-the-electric-jester-3-unofficial-soundtrack-windows-gamerip-2022)"",""khinsider_album_kind"":""official_or_gamerip"",""khinsider_album_match_score"":100.0,""relevance_score_100"":100.0,""popularity_score_100"":39.23784130080576,""score_100"":75.69513652032231,""popularity_basis"":""BeatHit master-list game rank plus track position proxy""}"
51,Fark School,Unknown credited artist,[],Spark the Electric Jester 2 (Original Game Soundtrack) (spark-the-electric-jester-2-original-game-soundtrack-2019),,,"[""video game soundtrack""]","[""und""]",,,,Spark the Electric Jester 3,,,khinsider_track_prominence_proxy,44.06784130080576,score_0_100,,,,75.66559805878384,,,,https://downloads.khinsider.com/game-soundtracks/album/spark-the-electric-jester-2-original-game-soundtrack-2019,2026-10-05,Track title is taken from KHInsider's soundtrack/gamerip album index. Popularity is an explicitly labelled proxy based on BeatHit game rank and track prominence.,"{""culture_category"":""video_game_music"",""video_game"":""Spark the Electric Jester 3"",""game_rank"":1528,""game_association_kind"":""khinsider_game_soundtrack"",""khinsider_album_url"":""https://downloads.khinsider.com/game-soundtracks/album/spark-the-electric-jester-2-original-game-soundtrack-2019"",""khinsider_album_title"":""Spark the Electric Jester 2 (Original Game Soundtrack) (spark-the-electric-jester-2-original-game-soundtrack-2019)"",""khinsider_album_kind"":""official_or_gamerip"",""khinsider_album_match_score"":96.15384615384616,""relevance_score_100"":96.73076923076924,""popularity_score_100"":44.06784130080576,""score_100"":75.66559805878384,""popularity_basis"":""BeatHit master-list game rank plus track position proxy""}"
52,Tudd - Utopia Shelter - In The Depths (16-bit Version),Unknown credited artist,[],Spark the Electric Jester 3 (Original Video Game Soundtrack) (spark-the-electric-jester-3-original-video-game-soundtrack-2022),,,"[""video game soundtrack""]","[""und""]",,,,Spark the Electric Jester 3,,,khinsider_track_prominence_proxy,39.02784130080576,score_0_100,,,,75.6111365203223,,,,https://downloads.khinsider.com/game-soundtracks/album/spark-the-electric-jester-3-original-video-game-soundtrack-2022,2026-10-05,Track title is taken from KHInsider's soundtrack/gamerip album index. Popularity is an explicitly labelled proxy based on BeatHit game rank and track prominence.,"{""culture_category"":""video_game_music"",""video_game"":""Spark the Electric Jester 3"",""game_rank"":1528,""game_association_kind"":""khinsider_game_soundtrack"",""khinsider_album_url"":""https://downloads.khinsider.com/game-soundtracks/album/spark-the-electric-jester-3-original-video-game-soundtrack-2022"",""khinsider_album_title"":""Spark the Electric Jester 3 (Original Video Game Soundtrack) (spark-the-electric-jester-3-original-video-game-soundtrack-2022)"",""khinsider_album_kind"":""official_or_gamerip"",""khinsider_album_match_score"":100.0,""relevance_score_100"":100.0,""popularity_score_100"":39.02784130080576,""score_100"":75.6111365203223,""popularity_basis"":""BeatHit master-list game rank plus track position proxy""}"
53,Utopia Shelter - Section 2 (16-bit),Unknown credited artist,[],Spark the Electric Jester 3: Unofficial Soundtrack (spark-the-electric-jester-3-unofficial-soundtrack-windows-gamerip-2022),,,"[""video game soundtrack""]","[""und""]",,,,Spark the Electric Jester 3,,,khinsider_track_prominence_proxy,39.02784130080576,score_0_100,,,,75.6111365203223,,,,https://downloads.khinsider.com/game-soundtracks/album/spark-the-electric-jester-3-unofficial-soundtrack-windows-gamerip-2022,2026-10-05,Track title is taken from KHInsider's soundtrack/gamerip album index. Popularity is an explicitly labelled proxy based on BeatHit game rank and track prominence.,"{""culture_category"":""video_game_music"",""video_game"":""Spark the Electric Jester 3"",""game_rank"":1528,""game_association_kind"":""khinsider_game_soundtrack"",""khinsider_album_url"":""https://downloads.khinsider.com/game-soundtracks/album/spark-the-electric-jester-3-unofficial-soundtrack-windows-gamerip-2022"",""khinsider_album_title"":""Spark the Electric Jester 3: Unofficial Soundtrack (spark-the-electric-jester-3-unofficial-soundtrack-windows-gamerip-2022)"",""khinsider_album_kind"":""official_or_gamerip"",""khinsider_album_match_score"":100.0,""relevance_score_100"":100.0,""popularity_score_100"":39.02784130080576,""score_100"":75.6111365203223,""popularity_basis"":""BeatHit master-list game rank plus track position proxy""}"
54,F.M. City,Unknown credited artist,[],Spark the Electric Jester 2 (Original Game Soundtrack) (spark-the-electric-jester-2-original-game-soundtrack-2019),,,"[""video game soundtrack""]","[""und""]",,,,Spark the Electric Jester 3,,,khinsider_track_prominence_proxy,43.85784130080576,score_0_100,,,,75.58159805878384,,,,https://downloads.khinsider.com/game-soundtracks/album/spark-the-electric-jester-2-original-game-soundtrack-2019,2026-10-05,Track title is taken from KHInsider's soundtrack/gamerip album index. Popularity is an explicitly labelled proxy based on BeatHit game rank and track prominence.,"{""culture_category"":""video_game_music"",""video_game"":""Spark the Electric Jester 3"",""game_rank"":1528,""game_association_kind"":""khinsider_game_soundtrack"",""khinsider_album_url"":""https://downloads.khinsider.com/game-soundtracks/album/spark-the-electric-jester-2-original-game-soundtrack-2019"",""khinsider_album_title"":""Spark the Electric Jester 2 (Original Game Soundtrack) (spark-the-electric-jester-2-original-game-soundtrack-2019)"",""khinsider_album_kind"":""official_or_gamerip"",""khinsider_album_match_score"":96.15384615384616,""relevance_score_100"":96.73076923076924,""popularity_score_100"":43.85784130080576,""score_100"":75.58159805878384,""popularity_basis"":""BeatHit master-list game rank plus track position proxy""}"
55,Funk Fiction - Final Loop - Clarity,Unknown credited artist,[],Spark the Electric Jester 3 (Original Video Game Soundtrack) (spark-the-electric-jester-3-original-video-game-soundtrack-2022),,,"[""video game soundtrack""]","[""und""]",,,,Spark the Electric Jester 3,,,khinsider_track_prominence_proxy,38.81784130080576,score_0_100,,,,75.5271365203223,,,,https://downloads.khinsider.com/game-soundtracks/album/spark-the-electric-jester-3-original-video-game-soundtrack-2022,2026-10-05,Track title is taken from KHInsider's soundtrack/gamerip album index. Popularity is an explicitly labelled proxy based on BeatHit game rank and track prominence.,"{""culture_category"":""video_game_music"",""video_game"":""Spark the Electric Jester 3"",""game_rank"":1528,""game_association_kind"":""khinsider_game_soundtrack"",""khinsider_album_url"":""https://downloads.khinsider.com/game-soundtracks/album/spark-the-electric-jester-3-original-video-game-soundtrack-2022"",""khinsider_album_title"":""Spark the Electric Jester 3 (Original Video Game Soundtrack) (spark-the-electric-jester-3-original-video-game-soundtrack-2022)"",""khinsider_album_kind"":""official_or_gamerip"",""khinsider_album_match_score"":100.0,""relevance_score_100"":100.0,""popularity_score_100"":38.81784130080576,""score_100"":75.5271365203223,""popularity_basis"":""BeatHit master-list game rank plus track position proxy""}"
56,Luna,Unknown credited artist,[],Spark the Electric Jester 3: Unofficial Soundtrack (spark-the-electric-jester-3-unofficial-soundtrack-windows-gamerip-2022),,,"[""video game soundtrack""]","[""und""]",,,,Spark the Electric Jester 3,,,khinsider_track_prominence_proxy,38.81784130080576,score_0_100,,,,75.5271365203223,,,,https://downloads.khinsider.com/game-soundtracks/album/spark-the-electric-jester-3-unofficial-soundtrack-windows-gamerip-2022,2026-10-05,Track title is taken from KHInsider's soundtrack/gamerip album index. Popularity is an explicitly labelled proxy based on BeatHit game rank and track prominence.,"{""culture_category"":""video_game_music"",""video_game"":""Spark the Electric Jester 3"",""game_rank"":1528,""game_association_kind"":""khinsider_game_soundtrack"",""khinsider_album_url"":""https://downloads.khinsider.com/game-soundtracks/album/spark-the-electric-jester-3-unofficial-soundtrack-windows-gamerip-2022"",""khinsider_album_title"":""Spark the Electric Jester 3: Unofficial Soundtrack (spark-the-electric-jester-3-unofficial-soundtrack-windows-gamerip-2022)"",""khinsider_album_kind"":""official_or_gamerip"",""khinsider_album_match_score"":100.0,""relevance_score_100"":100.0,""popularity_score_100"":38.81784130080576,""score_100"":75.5271365203223,""popularity_basis"":""BeatHit master-list game rank plus track position proxy""}"
57,F.M. Downtown,Unknown credited artist,[],Spark the Electric Jester 2 (Original Game Soundtrack) (spark-the-electric-jester-2-original-game-soundtrack-2019),,,"[""video game soundtrack""]","[""und""]",,,,Spark the Electric Jester 3,,,khinsider_track_prominence_proxy,43.64784130080576,score_0_100,,,,75.49759805878384,,,,https://downloads.khinsider.com/game-soundtracks/album/spark-the-electric-jester-2-original-game-soundtrack-2019,2026-10-05,Track title is taken from KHInsider's soundtrack/gamerip album index. Popularity is an explicitly labelled proxy based on BeatHit game rank and track prominence.,"{""culture_category"":""video_game_music"",""video_game"":""Spark the Electric Jester 3"",""game_rank"":1528,""game_association_kind"":""khinsider_game_soundtrack"",""khinsider_album_url"":""https://downloads.khinsider.com/game-soundtracks/album/spark-the-electric-jester-2-original-game-soundtrack-2019"",""khinsider_album_title"":""Spark the Electric Jester 2 (Original Game Soundtrack) (spark-the-electric-jester-2-original-game-soundtrack-2019)"",""khinsider_album_kind"":""official_or_gamerip"",""khinsider_album_match_score"":96.15384615384616,""relevance_score_100"":96.73076923076924,""popularity_score_100"":43.64784130080576,""score_100"":75.49759805878384,""popularity_basis"":""BeatHit master-list game rank plus track position proxy""}"
58,Paul Bethers - Final Loop - Boss Fight - Linework,Unknown credited artist,[],Spark the Electric Jester 3 (Original Video Game Soundtrack) (spark-the-electric-jester-3-original-video-game-soundtrack-2022),,,"[""video game soundtrack""]","[""und""]",,,,Spark the Electric Jester 3,,,khinsider_track_prominence_proxy,38.60784130080576,score_0_100,,,,75.4431365203223,,,,https://downloads.khinsider.com/game-soundtracks/album/spark-the-electric-jester-3-original-video-game-soundtrack-2022,2026-10-05,Track title is taken from KHInsider's soundtrack/gamerip album index. Popularity is an explicitly labelled proxy based on BeatHit game rank and track prominence.,"{""culture_category"":""video_game_music"",""video_game"":""Spark the Electric Jester 3"",""game_rank"":1528,""game_association_kind"":""khinsider_game_soundtrack"",""khinsider_album_url"":""https://downloads.khinsider.com/game-soundtracks/album/spark-the-electric-jester-3-original-video-game-soundtrack-2022"",""khinsider_album_title"":""Spark the Electric Jester 3 (Original Video Game Soundtrack) (spark-the-electric-jester-3-original-video-game-soundtrack-2022)"",""khinsider_album_kind"":""official_or_gamerip"",""khinsider_album_match_score"":100.0,""relevance_score_100"":100.0,""popularity_score_100"":38.60784130080576,""score_100"":75.4431365203223,""popularity_basis"":""BeatHit master-list game rank plus track position proxy""}"
59,Vs. Linework,Unknown credited artist,[],Spark the Electric Jester 3: Unofficial Soundtrack (spark-the-electric-jester-3-unofficial-soundtrack-windows-gamerip-2022),,,"[""video game soundtrack""]","[""und""]",,,,Spark the Electric Jester 3,,,khinsider_track_prominence_proxy,38.60784130080576,score_0_100,,,,75.4431365203223,,,,https://downloads.khinsider.com/game-soundtracks/album/spark-the-electric-jester-3-unofficial-soundtrack-windows-gamerip-2022,2026-10-05,Track title is taken from KHInsider's soundtrack/gamerip album index. Popularity is an explicitly labelled proxy based on BeatHit game rank and track prominence.,"{""culture_category"":""video_game_music"",""video_game"":""Spark the Electric Jester 3"",""game_rank"":1528,""game_association_kind"":""khinsider_game_soundtrack"",""khinsider_album_url"":""https://downloads.khinsider.com/game-soundtracks/album/spark-the-electric-jester-3-unofficial-soundtrack-windows-gamerip-2022"",""khinsider_album_title"":""Spark the Electric Jester 3: Unofficial Soundtrack (spark-the-electric-jester-3-unofficial-soundtrack-windows-gamerip-2022)"",""khinsider_album_kind"":""official_or_gamerip"",""khinsider_album_match_score"":100.0,""relevance_score_100"":100.0,""popularity_score_100"":38.60784130080576,""score_100"":75.4431365203223,""popularity_basis"":""BeatHit master-list game rank plus track position proxy""}"
60,Floria Highway,Unknown credited artist,[],Spark the Electric Jester 2 (Original Game Soundtrack) (spark-the-electric-jester-2-original-game-soundtrack-2019),,,"[""video game soundtrack""]","[""und""]",,,,Spark the Electric Jester 3,,,khinsider_track_prominence_proxy,43.43784130080576,score_0_100,,,,75.41359805878385,,,,https://downloads.khinsider.com/game-soundtracks/album/spark-the-electric-jester-2-original-game-soundtrack-2019,2026-10-05,Track title is taken from KHInsider's soundtrack/gamerip album index. Popularity is an explicitly labelled proxy based on BeatHit game rank and track prominence.,"{""culture_category"":""video_game_music"",""video_game"":""Spark the Electric Jester 3"",""game_rank"":1528,""game_association_kind"":""khinsider_game_soundtrack"",""khinsider_album_url"":""https://downloads.khinsider.com/game-soundtracks/album/spark-the-electric-jester-2-original-game-soundtrack-2019"",""khinsider_album_title"":""Spark the Electric Jester 2 (Original Game Soundtrack) (spark-the-electric-jester-2-original-game-soundtrack-2019)"",""khinsider_album_kind"":""official_or_gamerip"",""khinsider_album_match_score"":96.15384615384616,""relevance_score_100"":96.73076923076924,""popularity_score_100"":43.43784130080576,""score_100"":75.41359805878385,""popularity_basis"":""BeatHit master-list game rank plus track position proxy""}"
61,nicetone - Final Loop - Revelation,Unknown credited artist,[],Spark the Electric Jester 3 (Original Video Game Soundtrack) (spark-the-electric-jester-3-original-video-game-soundtrack-2022),,,"[""video game soundtrack""]","[""und""]",,,,Spark the Electric Jester 3,,,khinsider_track_prominence_proxy,38.39784130080576,score_0_100,,,,75.35913652032231,,,,https://downloads.khinsider.com/game-soundtracks/album/spark-the-electric-jester-3-original-video-game-soundtrack-2022,2026-10-05,Track title is taken from KHInsider's soundtrack/gamerip album index. Popularity is an explicitly labelled proxy based on BeatHit game rank and track prominence.,"{""culture_category"":""video_game_music"",""video_game"":""Spark the Electric Jester 3"",""game_rank"":1528,""game_association_kind"":""khinsider_game_soundtrack"",""khinsider_album_url"":""https://downloads.khinsider.com/game-soundtracks/album/spark-the-electric-jester-3-original-video-game-soundtrack-2022"",""khinsider_album_title"":""Spark the Electric Jester 3 (Original Video Game Soundtrack) (spark-the-electric-jester-3-original-video-game-soundtrack-2022)"",""khinsider_album_kind"":""official_or_gamerip"",""khinsider_album_match_score"":100.0,""relevance_score_100"":100.0,""popularity_score_100"":38.39784130080576,""score_100"":75.35913652032231,""popularity_basis"":""BeatHit master-list game rank plus track position proxy""}"
62,Spark's Theme (Reprise),Unknown credited artist,[],Spark the Electric Jester 3: Unofficial Soundtrack (spark-the-electric-jester-3-unofficial-soundtrack-windows-gamerip-2022),,,"[""video game soundtrack""]","[""und""]",,,,Spark the Electric Jester 3,,,khinsider_track_prominence_proxy,38.39784130080576,score_0_100,,,,75.35913652032231,,,,https://downloads.khinsider.com/game-soundtracks/album/spark-the-electric-jester-3-unofficial-soundtrack-windows-gamerip-2022,2026-10-05,Track title is taken from KHInsider's soundtrack/gamerip album index. Popularity is an explicitly labelled proxy based on BeatHit game rank and track prominence.,"{""culture_category"":""video_game_music"",""video_game"":""Spark the Electric Jester 3"",""game_rank"":1528,""game_association_kind"":""khinsider_game_soundtrack"",""khinsider_album_url"":""https://downloads.khinsider.com/game-soundtracks/album/spark-the-electric-jester-3-unofficial-soundtrack-windows-gamerip-2022"",""khinsider_album_title"":""Spark the Electric Jester 3: Unofficial Soundtrack (spark-the-electric-jester-3-unofficial-soundtrack-windows-gamerip-2022)"",""khinsider_album_kind"":""official_or_gamerip"",""khinsider_album_match_score"":100.0,""relevance_score_100"":100.0,""popularity_score_100"":38.39784130080576,""score_100"":75.35913652032231,""popularity_basis"":""BeatHit master-list game rank plus track position proxy""}"
63,Floria Plant,Unknown credited artist,[],Spark the Electric Jester 2 (Original Game Soundtrack) (spark-the-electric-jester-2-original-game-soundtrack-2019),,,"[""video game soundtrack""]","[""und""]",,,,Spark the Electric Jester 3,,,khinsider_track_prominence_proxy,43.22784130080576,score_0_100,,,,75.32959805878384,,,,https://downloads.khinsider.com/game-soundtracks/album/spark-the-electric-jester-2-original-game-soundtrack-2019,2026-10-05,Track title is taken from KHInsider's soundtrack/gamerip album index. Popularity is an explicitly labelled proxy based on BeatHit game rank and track prominence.,"{""culture_category"":""video_game_music"",""video_game"":""Spark the Electric Jester 3"",""game_rank"":1528,""game_association_kind"":""khinsider_game_soundtrack"",""khinsider_album_url"":""https://downloads.khinsider.com/game-soundtracks/album/spark-the-electric-jester-2-original-game-soundtrack-2019"",""khinsider_album_title"":""Spark the Electric Jester 2 (Original Game Soundtrack) (spark-the-electric-jester-2-original-game-soundtrack-2019)"",""khinsider_album_kind"":""official_or_gamerip"",""khinsider_album_match_score"":96.15384615384616,""relevance_score_100"":96.73076923076924,""popularity_score_100"":43.22784130080576,""score_100"":75.32959805878384,""popularity_basis"":""BeatHit master-list game rank plus track position proxy""}"
64,Michael Staple - Final Loop - Take My Hand (Spark 1 Tower Climb),Unknown credited artist,[],Spark the Electric Jester 3 (Original Video Game Soundtrack) (spark-the-electric-jester-3-original-video-game-soundtrack-2022),,,"[""video game soundtrack""]","[""und""]",,,,Spark the Electric Jester 3,,,khinsider_track_prominence_proxy,38.18784130080576,score_0_100,,,,75.2751365203223,,,,https://downloads.khinsider.com/game-soundtracks/album/spark-the-electric-jester-3-original-video-game-soundtrack-2022,2026-10-05,Track title is taken from KHInsider's soundtrack/gamerip album index. Popularity is an explicitly labelled proxy based on BeatHit game rank and track prominence.,"{""culture_category"":""video_game_music"",""video_game"":""Spark the Electric Jester 3"",""game_rank"":1528,""game_association_kind"":""khinsider_game_soundtrack"",""khinsider_album_url"":""https://downloads.khinsider.com/game-soundtracks/album/spark-the-electric-jester-3-original-video-game-soundtrack-2022"",""khinsider_album_title"":""Spark the Electric Jester 3 (Original Video Game Soundtrack) (spark-the-electric-jester-3-original-video-game-soundtrack-2022)"",""khinsider_album_kind"":""official_or_gamerip"",""khinsider_album_match_score"":100.0,""relevance_score_100"":100.0,""popularity_score_100"":38.18784130080576,""score_100"":75.2751365203223,""popularity_basis"":""BeatHit master-list game rank plus track position proxy""}"
65,Vs. Claritas Centralis,Unknown credited artist,[],Spark the Electric Jester 3: Unofficial Soundtrack (spark-the-electric-jester-3-unofficial-soundtrack-windows-gamerip-2022),,,"[""video game soundtrack""]","[""und""]",,,,Spark the Electric Jester 3,,,khinsider_track_prominence_proxy,38.18784130080576,score_0_100,,,,75.2751365203223,,,,https://downloads.khinsider.com/game-soundtracks/album/spark-the-electric-jester-3-unofficial-soundtrack-windows-gamerip-2022,2026-10-05,Track title is taken from KHInsider's soundtrack/gamerip album index. Popularity is an explicitly labelled proxy based on BeatHit game rank and track prominence.,"{""culture_category"":""video_game_music"",""video_game"":""Spark the Electric Jester 3"",""game_rank"":1528,""game_association_kind"":""khinsider_game_soundtrack"",""khinsider_album_url"":""https://downloads.khinsider.com/game-soundtracks/album/spark-the-electric-jester-3-unofficial-soundtrack-windows-gamerip-2022"",""khinsider_album_title"":""Spark the Electric Jester 3: Unofficial Soundtrack (spark-the-electric-jester-3-unofficial-soundtrack-windows-gamerip-2022)"",""khinsider_album_kind"":""official_or_gamerip"",""khinsider_album_match_score"":100.0,""relevance_score_100"":100.0,""popularity_score_100"":38.18784130080576,""score_100"":75.2751365203223,""popularity_basis"":""BeatHit master-list game rank plus track position proxy""}"
66,Floresta Blanca,Unknown credited artist,[],Spark the Electric Jester 2 (Original Game Soundtrack) (spark-the-electric-jester-2-original-game-soundtrack-2019),,,"[""video game soundtrack""]","[""und""]",,,,Spark the Electric Jester 3,,,khinsider_track_prominence_proxy,43.017841300805756,score_0_100,,,,75.24559805878384,,,,https://downloads.khinsider.com/game-soundtracks/album/spark-the-electric-jester-2-original-game-soundtrack-2019,2026-10-05,Track title is taken from KHInsider's soundtrack/gamerip album index. Popularity is an explicitly labelled proxy based on BeatHit game rank and track prominence.,"{""culture_category"":""video_game_music"",""video_game"":""Spark the Electric Jester 3"",""game_rank"":1528,""game_association_kind"":""khinsider_game_soundtrack"",""khinsider_album_url"":""https://downloads.khinsider.com/game-soundtracks/album/spark-the-electric-jester-2-original-game-soundtrack-2019"",""khinsider_album_title"":""Spark the Electric Jester 2 (Original Game Soundtrack) (spark-the-electric-jester-2-original-game-soundtrack-2019)"",""khinsider_album_kind"":""official_or_gamerip"",""khinsider_album_match_score"":96.15384615384616,""relevance_score_100"":96.73076923076924,""popularity_score_100"":43.017841300805756,""score_100"":75.24559805878384,""popularity_basis"":""BeatHit master-list game rank plus track position proxy""}"
67,Tudd - Final Loop - Boss Fight - Claritas Centralis,Unknown credited artist,[],Spark the Electric Jester 3 (Original Video Game Soundtrack) (spark-the-electric-jester-3-original-video-game-soundtrack-2022),,,"[""video game soundtrack""]","[""und""]",,,,Spark the Electric Jester 3,,,khinsider_track_prominence_proxy,37.97784130080576,score_0_100,,,,75.1911365203223,,,,https://downloads.khinsider.com/game-soundtracks/album/spark-the-electric-jester-3-original-video-game-soundtrack-2022,2026-10-05,Track title is taken from KHInsider's soundtrack/gamerip album index. Popularity is an explicitly labelled proxy based on BeatHit game rank and track prominence.,"{""culture_category"":""video_game_music"",""video_game"":""Spark the Electric Jester 3"",""game_rank"":1528,""game_association_kind"":""khinsider_game_soundtrack"",""khinsider_album_url"":""https://downloads.khinsider.com/game-soundtracks/album/spark-the-electric-jester-3-original-video-game-soundtrack-2022"",""khinsider_album_title"":""Spark the Electric Jester 3 (Original Video Game Soundtrack) (spark-the-electric-jester-3-original-video-game-soundtrack-2022)"",""khinsider_album_kind"":""official_or_gamerip"",""khinsider_album_match_score"":100.0,""relevance_score_100"":100.0,""popularity_score_100"":37.97784130080576,""score_100"":75.1911365203223,""popularity_basis"":""BeatHit master-list game rank plus track position proxy""}"
68,Ending Cutscene (w SFX),Unknown credited artist,[],Spark the Electric Jester 3: Unofficial Soundtrack (spark-the-electric-jester-3-unofficial-soundtrack-windows-gamerip-2022),,,"[""video game soundtrack""]","[""und""]",,,,Spark the Electric Jester 3,,,khinsider_track_prominence_proxy,37.97784130080576,score_0_100,,,,75.1911365203223,,,,https://downloads.khinsider.com/game-soundtracks/album/spark-the-electric-jester-3-unofficial-soundtrack-windows-gamerip-2022,2026-10-05,Track title is taken from KHInsider's soundtrack/gamerip album index. Popularity is an explicitly labelled proxy based on BeatHit game rank and track prominence.,"{""culture_category"":""video_game_music"",""video_game"":""Spark the Electric Jester 3"",""game_rank"":1528,""game_association_kind"":""khinsider_game_soundtrack"",""khinsider_album_url"":""https://downloads.khinsider.com/game-soundtracks/album/spark-the-electric-jester-3-unofficial-soundtrack-windows-gamerip-2022"",""khinsider_album_title"":""Spark the Electric Jester 3: Unofficial Soundtrack (spark-the-electric-jester-3-unofficial-soundtrack-windows-gamerip-2022)"",""khinsider_album_kind"":""official_or_gamerip"",""khinsider_album_match_score"":100.0,""relevance_score_100"":100.0,""popularity_score_100"":37.97784130080576,""score_100"":75.1911365203223,""popularity_basis"":""BeatHit master-list game rank plus track position proxy""}"
69,Castela Blanca,Unknown credited artist,[],Spark the Electric Jester 2 (Original Game Soundtrack) (spark-the-electric-jester-2-original-game-soundtrack-2019),,,"[""video game soundtrack""]","[""und""]",,,,Spark the Electric Jester 3,,,khinsider_track_prominence_proxy,42.807841300805755,score_0_100,,,,75.16159805878384,,,,https://downloads.khinsider.com/game-soundtracks/album/spark-the-electric-jester-2-original-game-soundtrack-2019,2026-10-05,Track title is taken from KHInsider's soundtrack/gamerip album index. Popularity is an explicitly labelled proxy based on BeatHit game rank and track prominence.,"{""culture_category"":""video_game_music"",""video_game"":""Spark the Electric Jester 3"",""game_rank"":1528,""game_association_kind"":""khinsider_game_soundtrack"",""khinsider_album_url"":""https://downloads.khinsider.com/game-soundtracks/album/spark-the-electric-jester-2-original-game-soundtrack-2019"",""khinsider_album_title"":""Spark the Electric Jester 2 (Original Game Soundtrack) (spark-the-electric-jester-2-original-game-soundtrack-2019)"",""khinsider_album_kind"":""official_or_gamerip"",""khinsider_album_match_score"":96.15384615384616,""relevance_score_100"":96.73076923076924,""popularity_score_100"":42.807841300805755,""score_100"":75.16159805878384,""popularity_basis"":""BeatHit master-list game rank plus track position proxy""}"
70,Sean Bialo - Final Loop - Ending Cutscene - Goodbye,Unknown credited artist,[],Spark the Electric Jester 3 (Original Video Game Soundtrack) (spark-the-electric-jester-3-original-video-game-soundtrack-2022),,,"[""video game soundtrack""]","[""und""]",,,,Spark the Electric Jester 3,,,khinsider_track_prominence_proxy,37.767841300805756,score_0_100,,,,75.1071365203223,,,,https://downloads.khinsider.com/game-soundtracks/album/spark-the-electric-jester-3-original-video-game-soundtrack-2022,2026-10-05,Track title is taken from KHInsider's soundtrack/gamerip album index. Popularity is an explicitly labelled proxy based on BeatHit game rank and track prominence.,"{""culture_category"":""video_game_music"",""video_game"":""Spark the Electric Jester 3"",""game_rank"":1528,""game_association_kind"":""khinsider_game_soundtrack"",""khinsider_album_url"":""https://downloads.khinsider.com/game-soundtracks/album/spark-the-electric-jester-3-original-video-game-soundtrack-2022"",""khinsider_album_title"":""Spark the Electric Jester 3 (Original Video Game Soundtrack) (spark-the-electric-jester-3-original-video-game-soundtrack-2022)"",""khinsider_album_kind"":""official_or_gamerip"",""khinsider_album_match_score"":100.0,""relevance_score_100"":100.0,""popularity_score_100"":37.767841300805756,""score_100"":75.1071365203223,""popularity_basis"":""BeatHit master-list game rank plus track position proxy""}"
71,Credits (Spark vs. Fark - Side B),Unknown credited artist,[],Spark the Electric Jester 3: Unofficial Soundtrack (spark-the-electric-jester-3-unofficial-soundtrack-windows-gamerip-2022),,,"[""video game soundtrack""]","[""und""]",,,,Spark the Electric Jester 3,,,khinsider_track_prominence_proxy,37.767841300805756,score_0_100,,,,75.1071365203223,,,,https://downloads.khinsider.com/game-soundtracks/album/spark-the-electric-jester-3-unofficial-soundtrack-windows-gamerip-2022,2026-10-05,Track title is taken from KHInsider's soundtrack/gamerip album index. Popularity is an explicitly labelled proxy based on BeatHit game rank and track prominence.,"{""culture_category"":""video_game_music"",""video_game"":""Spark the Electric Jester 3"",""game_rank"":1528,""game_association_kind"":""khinsider_game_soundtrack"",""khinsider_album_url"":""https://downloads.khinsider.com/game-soundtracks/album/spark-the-electric-jester-3-unofficial-soundtrack-windows-gamerip-2022"",""khinsider_album_title"":""Spark the Electric Jester 3: Unofficial Soundtrack (spark-the-electric-jester-3-unofficial-soundtrack-windows-gamerip-2022)"",""khinsider_album_kind"":""official_or_gamerip"",""khinsider_album_match_score"":100.0,""relevance_score_100"":100.0,""popularity_score_100"":37.767841300805756,""score_100"":75.1071365203223,""popularity_basis"":""BeatHit master-list game rank plus track position proxy""}"
72,Shantoria Town,Unknown credited artist,[],Spark the Electric Jester 2 (Original Game Soundtrack) (spark-the-electric-jester-2-original-game-soundtrack-2019),,,"[""video game soundtrack""]","[""und""]",,,,Spark the Electric Jester 3,,,khinsider_track_prominence_proxy,42.59784130080576,score_0_100,,,,75.07759805878385,,,,https://downloads.khinsider.com/game-soundtracks/album/spark-the-electric-jester-2-original-game-soundtrack-2019,2026-10-05,Track title is taken from KHInsider's soundtrack/gamerip album index. Popularity is an explicitly labelled proxy based on BeatHit game rank and track prominence.,"{""culture_category"":""video_game_music"",""video_game"":""Spark the Electric Jester 3"",""game_rank"":1528,""game_association_kind"":""khinsider_game_soundtrack"",""khinsider_album_url"":""https://downloads.khinsider.com/game-soundtracks/album/spark-the-electric-jester-2-original-game-soundtrack-2019"",""khinsider_album_title"":""Spark the Electric Jester 2 (Original Game Soundtrack) (spark-the-electric-jester-2-original-game-soundtrack-2019)"",""khinsider_album_kind"":""official_or_gamerip"",""khinsider_album_match_score"":96.15384615384616,""relevance_score_100"":96.73076923076924,""popularity_score_100"":42.59784130080576,""score_100"":75.07759805878385,""popularity_basis"":""BeatHit master-list game rank plus track position proxy""}"
73,Sean Bialo - Final Loop - Ending Cutscene - Fark Transforms,Unknown credited artist,[],Spark the Electric Jester 3 (Original Video Game Soundtrack) (spark-the-electric-jester-3-original-video-game-soundtrack-2022),,,"[""video game soundtrack""]","[""und""]",,,,Spark the Electric Jester 3,,,khinsider_track_prominence_proxy,37.557841300805755,score_0_100,,,,75.02313652032231,,,,https://downloads.khinsider.com/game-soundtracks/album/spark-the-electric-jester-3-original-video-game-soundtrack-2022,2026-10-05,Track title is taken from KHInsider's soundtrack/gamerip album index. Popularity is an explicitly labelled proxy based on BeatHit game rank and track prominence.,"{""culture_category"":""video_game_music"",""video_game"":""Spark the Electric Jester 3"",""game_rank"":1528,""game_association_kind"":""khinsider_game_soundtrack"",""khinsider_album_url"":""https://downloads.khinsider.com/game-soundtracks/album/spark-the-electric-jester-3-original-video-game-soundtrack-2022"",""khinsider_album_title"":""Spark the Electric Jester 3 (Original Video Game Soundtrack) (spark-the-electric-jester-3-original-video-game-soundtrack-2022)"",""khinsider_album_kind"":""official_or_gamerip"",""khinsider_album_match_score"":100.0,""relevance_score_100"":100.0,""popularity_score_100"":37.557841300805755,""score_100"":75.02313652032231,""popularity_basis"":""BeatHit master-list game rank plus track position proxy""}"
74,Spark vs. Fark - Side A (Bonus Track),Unknown credited artist,[],Spark the Electric Jester 3: Unofficial Soundtrack (spark-the-electric-jester-3-unofficial-soundtrack-windows-gamerip-2022),,,"[""video game soundtrack""]","[""und""]",,,,Spark the Electric Jester 3,,,khinsider_track_prominence_proxy,37.557841300805755,score_0_100,,,,75.02313652032231,,,,https://downloads.khinsider.com/game-soundtracks/album/spark-the-electric-jester-3-unofficial-soundtrack-windows-gamerip-2022,2026-10-05,Track title is taken from KHInsider's soundtrack/gamerip album index. Popularity is an explicitly labelled proxy based on BeatHit game rank and track prominence.,"{""culture_category"":""video_game_music"",""video_game"":""Spark the Electric Jester 3"",""game_rank"":1528,""game_association_kind"":""khinsider_game_soundtrack"",""khinsider_album_url"":""https://downloads.khinsider.com/game-soundtracks/album/spark-the-electric-jester-3-unofficial-soundtrack-windows-gamerip-2022"",""khinsider_album_title"":""Spark the Electric Jester 3: Unofficial Soundtrack (spark-the-electric-jester-3-unofficial-soundtrack-windows-gamerip-2022)"",""khinsider_album_kind"":""official_or_gamerip"",""khinsider_album_match_score"":100.0,""relevance_score_100"":100.0,""popularity_score_100"":37.557841300805755,""score_100"":75.02313652032231,""popularity_basis"":""BeatHit master-list game rank plus track position proxy""}"
75,Technoria City,Unknown credited artist,[],Spark the Electric Jester 2 (Original Game Soundtrack) (spark-the-electric-jester-2-original-game-soundtrack-2019),,,"[""video game soundtrack""]","[""und""]",,,,Spark the Electric Jester 3,,,khinsider_track_prominence_proxy,42.38784130080576,score_0_100,,,,74.99359805878385,,,,https://downloads.khinsider.com/game-soundtracks/album/spark-the-electric-jester-2-original-game-soundtrack-2019,2026-10-05,Track title is taken from KHInsider's soundtrack/gamerip album index. Popularity is an explicitly labelled proxy based on BeatHit game rank and track prominence.,"{""culture_category"":""video_game_music"",""video_game"":""Spark the Electric Jester 3"",""game_rank"":1528,""game_association_kind"":""khinsider_game_soundtrack"",""khinsider_album_url"":""https://downloads.khinsider.com/game-soundtracks/album/spark-the-electric-jester-2-original-game-soundtrack-2019"",""khinsider_album_title"":""Spark the Electric Jester 2 (Original Game Soundtrack) (spark-the-electric-jester-2-original-game-soundtrack-2019)"",""khinsider_album_kind"":""official_or_gamerip"",""khinsider_album_match_score"":96.15384615384616,""relevance_score_100"":96.73076923076924,""popularity_score_100"":42.38784130080576,""score_100"":74.99359805878385,""popularity_basis"":""BeatHit master-list game rank plus track position proxy""}"
76,Tudd - Credits,Unknown credited artist,[],Spark the Electric Jester 3 (Original Video Game Soundtrack) (spark-the-electric-jester-3-original-video-game-soundtrack-2022),,,"[""video game soundtrack""]","[""und""]",,,,Spark the Electric Jester 3,,,khinsider_track_prominence_proxy,37.34784130080576,score_0_100,,,,74.93913652032231,,,,https://downloads.khinsider.com/game-soundtracks/album/spark-the-electric-jester-3-original-video-game-soundtrack-2022,2026-10-05,Track title is taken from KHInsider's soundtrack/gamerip album index. Popularity is an explicitly labelled proxy based on BeatHit game rank and track prominence.,"{""culture_category"":""video_game_music"",""video_game"":""Spark the Electric Jester 3"",""game_rank"":1528,""game_association_kind"":""khinsider_game_soundtrack"",""khinsider_album_url"":""https://downloads.khinsider.com/game-soundtracks/album/spark-the-electric-jester-3-original-video-game-soundtrack-2022"",""khinsider_album_title"":""Spark the Electric Jester 3 (Original Video Game Soundtrack) (spark-the-electric-jester-3-original-video-game-soundtrack-2022)"",""khinsider_album_kind"":""official_or_gamerip"",""khinsider_album_match_score"":100.0,""relevance_score_100"":100.0,""popularity_score_100"":37.34784130080576,""score_100"":74.93913652032231,""popularity_basis"":""BeatHit master-list game rank plus track position proxy""}"
77,Spark vs. Fark - Side A (Instrumental),Unknown credited artist,[],Spark the Electric Jester 3: Unofficial Soundtrack (spark-the-electric-jester-3-unofficial-soundtrack-windows-gamerip-2022),,,"[""video game soundtrack""]","[""und""]",,,,Spark the Electric Jester 3,,,khinsider_track_prominence_proxy,37.34784130080576,score_0_100,,,,74.93913652032231,,,,https://downloads.khinsider.com/game-soundtracks/album/spark-the-electric-jester-3-unofficial-soundtrack-windows-gamerip-2022,2026-10-05,Track title is taken from KHInsider's soundtrack/gamerip album index. Popularity is an explicitly labelled proxy based on BeatHit game rank and track prominence.,"{""culture_category"":""video_game_music"",""video_game"":""Spark the Electric Jester 3"",""game_rank"":1528,""game_association_kind"":""khinsider_game_soundtrack"",""khinsider_album_url"":""https://downloads.khinsider.com/game-soundtracks/album/spark-the-electric-jester-3-unofficial-soundtrack-windows-gamerip-2022"",""khinsider_album_title"":""Spark the Electric Jester 3: Unofficial Soundtrack (spark-the-electric-jester-3-unofficial-soundtrack-windows-gamerip-2022)"",""khinsider_album_kind"":""official_or_gamerip"",""khinsider_album_match_score"":100.0,""relevance_score_100"":100.0,""popularity_score_100"":37.34784130080576,""score_100"":74.93913652032231,""popularity_basis"":""BeatHit master-list game rank plus track position proxy""}"
78,Terminal Dragon,Unknown credited artist,[],Spark the Electric Jester 2 (Original Game Soundtrack) (spark-the-electric-jester-2-original-game-soundtrack-2019),,,"[""video game soundtrack""]","[""und""]",,,,Spark the Electric Jester 3,,,khinsider_track_prominence_proxy,42.17784130080576,score_0_100,,,,74.90959805878384,,,,https://downloads.khinsider.com/game-soundtracks/album/spark-the-electric-jester-2-original-game-soundtrack-2019,2026-10-05,Track title is taken from KHInsider's soundtrack/gamerip album index. Popularity is an explicitly labelled proxy based on BeatHit game rank and track prominence.,"{""culture_category"":""video_game_music"",""video_game"":""Spark the Electric Jester 3"",""game_rank"":1528,""game_association_kind"":""khinsider_game_soundtrack"",""khinsider_album_url"":""https://downloads.khinsider.com/game-soundtracks/album/spark-the-electric-jester-2-original-game-soundtrack-2019"",""khinsider_album_title"":""Spark the Electric Jester 2 (Original Game Soundtrack) (spark-the-electric-jester-2-original-game-soundtrack-2019)"",""khinsider_album_kind"":""official_or_gamerip"",""khinsider_album_match_score"":96.15384615384616,""relevance_score_100"":96.73076923076924,""popularity_score_100"":42.17784130080576,""score_100"":74.90959805878384,""popularity_basis"":""BeatHit master-list game rank plus track position proxy""}"
79,Falk Au Yeong - A New World (Spark 1 Ending Roll),Unknown credited artist,[],Spark the Electric Jester 3 (Original Video Game Soundtrack) (spark-the-electric-jester-3-original-video-game-soundtrack-2022),,,"[""video game soundtrack""]","[""und""]",,,,Spark the Electric Jester 3,,,khinsider_track_prominence_proxy,37.13784130080576,score_0_100,,,,74.8551365203223,,,,https://downloads.khinsider.com/game-soundtracks/album/spark-the-electric-jester-3-original-video-game-soundtrack-2022,2026-10-05,Track title is taken from KHInsider's soundtrack/gamerip album index. Popularity is an explicitly labelled proxy based on BeatHit game rank and track prominence.,"{""culture_category"":""video_game_music"",""video_game"":""Spark the Electric Jester 3"",""game_rank"":1528,""game_association_kind"":""khinsider_game_soundtrack"",""khinsider_album_url"":""https://downloads.khinsider.com/game-soundtracks/album/spark-the-electric-jester-3-original-video-game-soundtrack-2022"",""khinsider_album_title"":""Spark the Electric Jester 3 (Original Video Game Soundtrack) (spark-the-electric-jester-3-original-video-game-soundtrack-2022)"",""khinsider_album_kind"":""official_or_gamerip"",""khinsider_album_match_score"":100.0,""relevance_score_100"":100.0,""popularity_score_100"":37.13784130080576,""score_100"":74.8551365203223,""popularity_basis"":""BeatHit master-list game rank plus track position proxy""}"
80,Spark vs. Fark - Side B (Instrumental),Unknown credited artist,[],Spark the Electric Jester 3: Unofficial Soundtrack (spark-the-electric-jester-3-unofficial-soundtrack-windows-gamerip-2022),,,"[""video game soundtrack""]","[""und""]",,,,Spark the Electric Jester 3,,,khinsider_track_prominence_proxy,37.13784130080576,score_0_100,,,,74.8551365203223,,,,https://downloads.khinsider.com/game-soundtracks/album/spark-the-electric-jester-3-unofficial-soundtrack-windows-gamerip-2022,2026-10-05,Track title is taken from KHInsider's soundtrack/gamerip album index. Popularity is an explicitly labelled proxy based on BeatHit game rank and track prominence.,"{""culture_category"":""video_game_music"",""video_game"":""Spark the Electric Jester 3"",""game_rank"":1528,""game_association_kind"":""khinsider_game_soundtrack"",""khinsider_album_url"":""https://downloads.khinsider.com/game-soundtracks/album/spark-the-electric-jester-3-unofficial-soundtrack-windows-gamerip-2022"",""khinsider_album_title"":""Spark the Electric Jester 3: Unofficial Soundtrack (spark-the-electric-jester-3-unofficial-soundtrack-windows-gamerip-2022)"",""khinsider_album_kind"":""official_or_gamerip"",""khinsider_album_match_score"":100.0,""relevance_score_100"":100.0,""popularity_score_100"":37.13784130080576,""score_100"":74.8551365203223,""popularity_basis"":""BeatHit master-list game rank plus track position proxy""}"
81,Scaria Stropolis,Unknown credited artist,[],Spark the Electric Jester 2 (Original Game Soundtrack) (spark-the-electric-jester-2-original-game-soundtrack-2019),,,"[""video game soundtrack""]","[""und""]",,,,Spark the Electric Jester 3,,,khinsider_track_prominence_proxy,41.96784130080576,score_0_100,,,,74.82559805878384,,,,https://downloads.khinsider.com/game-soundtracks/album/spark-the-electric-jester-2-original-game-soundtrack-2019,2026-10-05,Track title is taken from KHInsider's soundtrack/gamerip album index. Popularity is an explicitly labelled proxy based on BeatHit game rank and track prominence.,"{""culture_category"":""video_game_music"",""video_game"":""Spark the Electric Jester 3"",""game_rank"":1528,""game_association_kind"":""khinsider_game_soundtrack"",""khinsider_album_url"":""https://downloads.khinsider.com/game-soundtracks/album/spark-the-electric-jester-2-original-game-soundtrack-2019"",""khinsider_album_title"":""Spark the Electric Jester 2 (Original Game Soundtrack) (spark-the-electric-jester-2-original-game-soundtrack-2019)"",""khinsider_album_kind"":""official_or_gamerip"",""khinsider_album_match_score"":96.15384615384616,""relevance_score_100"":96.73076923076924,""popularity_score_100"":41.96784130080576,""score_100"":74.82559805878384,""popularity_basis"":""BeatHit master-list game rank plus track position proxy""}"
82,Titantic Tower,Unknown credited artist,[],Spark the Electric Jester 2 (Original Game Soundtrack) (spark-the-electric-jester-2-original-game-soundtrack-2019),,,"[""video game soundtrack""]","[""und""]",,,,Spark the Electric Jester 3,,,khinsider_track_prominence_proxy,41.75784130080576,score_0_100,,,,74.74159805878384,,,,https://downloads.khinsider.com/game-soundtracks/album/spark-the-electric-jester-2-original-game-soundtrack-2019,2026-10-05,Track title is taken from KHInsider's soundtrack/gamerip album index. Popularity is an explicitly labelled proxy based on BeatHit game rank and track prominence.,"{""culture_category"":""video_game_music"",""video_game"":""Spark the Electric Jester 3"",""game_rank"":1528,""game_association_kind"":""khinsider_game_soundtrack"",""khinsider_album_url"":""https://downloads.khinsider.com/game-soundtracks/album/spark-the-electric-jester-2-original-game-soundtrack-2019"",""khinsider_album_title"":""Spark the Electric Jester 2 (Original Game Soundtrack) (spark-the-electric-jester-2-original-game-soundtrack-2019)"",""khinsider_album_kind"":""official_or_gamerip"",""khinsider_album_match_score"":96.15384615384616,""relevance_score_100"":96.73076923076924,""popularity_score_100"":41.75784130080576,""score_100"":74.74159805878384,""popularity_basis"":""BeatHit master-list game rank plus track position proxy""}"
83,Planetary Stripe,Unknown credited artist,[],Spark the Electric Jester 2 (Original Game Soundtrack) (spark-the-electric-jester-2-original-game-soundtrack-2019),,,"[""video game soundtrack""]","[""und""]",,,,Spark the Electric Jester 3,,,khinsider_track_prominence_proxy,41.54784130080576,score_0_100,,,,74.65759805878385,,,,https://downloads.khinsider.com/game-soundtracks/album/spark-the-electric-jester-2-original-game-soundtrack-2019,2026-10-05,Track title is taken from KHInsider's soundtrack/gamerip album index. Popularity is an explicitly labelled proxy based on BeatHit game rank and track prominence.,"{""culture_category"":""video_game_music"",""video_game"":""Spark the Electric Jester 3"",""game_rank"":1528,""game_association_kind"":""khinsider_game_soundtrack"",""khinsider_album_url"":""https://downloads.khinsider.com/game-soundtracks/album/spark-the-electric-jester-2-original-game-soundtrack-2019"",""khinsider_album_title"":""Spark the Electric Jester 2 (Original Game Soundtrack) (spark-the-electric-jester-2-original-game-soundtrack-2019)"",""khinsider_album_kind"":""official_or_gamerip"",""khinsider_album_match_score"":96.15384615384616,""relevance_score_100"":96.73076923076924,""popularity_score_100"":41.54784130080576,""score_100"":74.65759805878385,""popularity_basis"":""BeatHit master-list game rank plus track position proxy""}"
84,Hyperath Fleet,Unknown credited artist,[],Spark the Electric Jester 2 (Original Game Soundtrack) (spark-the-electric-jester-2-original-game-soundtrack-2019),,,"[""video game soundtrack""]","[""und""]",,,,Spark the Electric Jester 3,,,khinsider_track_prominence_proxy,41.337841300805756,score_0_100,,,,74.57359805878384,,,,https://downloads.khinsider.com/game-soundtracks/album/spark-the-electric-jester-2-original-game-soundtrack-2019,2026-10-05,Track title is taken from KHInsider's soundtrack/gamerip album index. Popularity is an explicitly labelled proxy based on BeatHit game rank and track prominence.,"{""culture_category"":""video_game_music"",""video_game"":""Spark the Electric Jester 3"",""game_rank"":1528,""game_association_kind"":""khinsider_game_soundtrack"",""khinsider_album_url"":""https://downloads.khinsider.com/game-soundtracks/album/spark-the-electric-jester-2-original-game-soundtrack-2019"",""khinsider_album_title"":""Spark the Electric Jester 2 (Original Game Soundtrack) (spark-the-electric-jester-2-original-game-soundtrack-2019)"",""khinsider_album_kind"":""official_or_gamerip"",""khinsider_album_match_score"":96.15384615384616,""relevance_score_100"":96.73076923076924,""popularity_score_100"":41.337841300805756,""score_100"":74.57359805878384,""popularity_basis"":""BeatHit master-list game rank plus track position proxy""}"
85,Apocalypse Thruster,Unknown credited artist,[],Spark the Electric Jester 2 (Original Game Soundtrack) (spark-the-electric-jester-2-original-game-soundtrack-2019),,,"[""video game soundtrack""]","[""und""]",,,,Spark the Electric Jester 3,,,khinsider_track_prominence_proxy,41.127841300805756,score_0_100,,,,74.48959805878384,,,,https://downloads.khinsider.com/game-soundtracks/album/spark-the-electric-jester-2-original-game-soundtrack-2019,2026-10-05,Track title is taken from KHInsider's soundtrack/gamerip album index. Popularity is an explicitly labelled proxy based on BeatHit game rank and track prominence.,"{""culture_category"":""video_game_music"",""video_game"":""Spark the Electric Jester 3"",""game_rank"":1528,""game_association_kind"":""khinsider_game_soundtrack"",""khinsider_album_url"":""https://downloads.khinsider.com/game-soundtracks/album/spark-the-electric-jester-2-original-game-soundtrack-2019"",""khinsider_album_title"":""Spark the Electric Jester 2 (Original Game Soundtrack) (spark-the-electric-jester-2-original-game-soundtrack-2019)"",""khinsider_album_kind"":""official_or_gamerip"",""khinsider_album_match_score"":96.15384615384616,""relevance_score_100"":96.73076923076924,""popularity_score_100"":41.127841300805756,""score_100"":74.48959805878384,""popularity_basis"":""BeatHit master-list game rank plus track position proxy""}"
86,Vs Special Boss,Unknown credited artist,[],Spark the Electric Jester 2 (Original Game Soundtrack) (spark-the-electric-jester-2-original-game-soundtrack-2019),,,"[""video game soundtrack""]","[""und""]",,,,Spark the Electric Jester 3,,,khinsider_track_prominence_proxy,40.707841300805754,score_0_100,,,,74.32159805878385,,,,https://downloads.khinsider.com/game-soundtracks/album/spark-the-electric-jester-2-original-game-soundtrack-2019,2026-10-05,Track title is taken from KHInsider's soundtrack/gamerip album index. Popularity is an explicitly labelled proxy based on BeatHit game rank and track prominence.,"{""culture_category"":""video_game_music"",""video_game"":""Spark the Electric Jester 3"",""game_rank"":1528,""game_association_kind"":""khinsider_game_soundtrack"",""khinsider_album_url"":""https://downloads.khinsider.com/game-soundtracks/album/spark-the-electric-jester-2-original-game-soundtrack-2019"",""khinsider_album_title"":""Spark the Electric Jester 2 (Original Game Soundtrack) (spark-the-electric-jester-2-original-game-soundtrack-2019)"",""khinsider_album_kind"":""official_or_gamerip"",""khinsider_album_match_score"":96.15384615384616,""relevance_score_100"":96.73076923076924,""popularity_score_100"":40.707841300805754,""score_100"":74.32159805878385,""popularity_basis"":""BeatHit master-list game rank plus track position proxy""}"
87,Vs Float,Unknown credited artist,[],Spark the Electric Jester 2 (Original Game Soundtrack) (spark-the-electric-jester-2-original-game-soundtrack-2019),,,"[""video game soundtrack""]","[""und""]",,,,Spark the Electric Jester 3,,,khinsider_track_prominence_proxy,40.49784130080576,score_0_100,,,,74.23759805878385,,,,https://downloads.khinsider.com/game-soundtracks/album/spark-the-electric-jester-2-original-game-soundtrack-2019,2026-10-05,Track title is taken from KHInsider's soundtrack/gamerip album index. Popularity is an explicitly labelled proxy based on BeatHit game rank and track prominence.,"{""culture_category"":""video_game_music"",""video_game"":""Spark the Electric Jester 3"",""game_rank"":1528,""game_association_kind"":""khinsider_game_soundtrack"",""khinsider_album_url"":""https://downloads.khinsider.com/game-soundtracks/album/spark-the-electric-jester-2-original-game-soundtrack-2019"",""khinsider_album_title"":""Spark the Electric Jester 2 (Original Game Soundtrack) (spark-the-electric-jester-2-original-game-soundtrack-2019)"",""khinsider_album_kind"":""official_or_gamerip"",""khinsider_album_match_score"":96.15384615384616,""relevance_score_100"":96.73076923076924,""popularity_score_100"":40.49784130080576,""score_100"":74.23759805878385,""popularity_basis"":""BeatHit master-list game rank plus track position proxy""}"
88,Vs Freom MK. 3,Unknown credited artist,[],Spark the Electric Jester 2 (Original Game Soundtrack) (spark-the-electric-jester-2-original-game-soundtrack-2019),,,"[""video game soundtrack""]","[""und""]",,,,Spark the Electric Jester 3,,,khinsider_track_prominence_proxy,40.28784130080576,score_0_100,,,,74.15359805878384,,,,https://downloads.khinsider.com/game-soundtracks/album/spark-the-electric-jester-2-original-game-soundtrack-2019,2026-10-05,Track title is taken from KHInsider's soundtrack/gamerip album index. Popularity is an explicitly labelled proxy based on BeatHit game rank and track prominence.,"{""culture_category"":""video_game_music"",""video_game"":""Spark the Electric Jester 3"",""game_rank"":1528,""game_association_kind"":""khinsider_game_soundtrack"",""khinsider_album_url"":""https://downloads.khinsider.com/game-soundtracks/album/spark-the-electric-jester-2-original-game-soundtrack-2019"",""khinsider_album_title"":""Spark the Electric Jester 2 (Original Game Soundtrack) (spark-the-electric-jester-2-original-game-soundtrack-2019)"",""khinsider_album_kind"":""official_or_gamerip"",""khinsider_album_match_score"":96.15384615384616,""relevance_score_100"":96.73076923076924,""popularity_score_100"":40.28784130080576,""score_100"":74.15359805878384,""popularity_basis"":""BeatHit master-list game rank plus track position proxy""}"
89,Ultimate Final Boss,Unknown credited artist,[],Spark the Electric Jester 2 (Original Game Soundtrack) (spark-the-electric-jester-2-original-game-soundtrack-2019),,,"[""video game soundtrack""]","[""und""]",,,,Spark the Electric Jester 3,,,khinsider_track_prominence_proxy,40.07784130080576,score_0_100,,,,74.06959805878384,,,,https://downloads.khinsider.com/game-soundtracks/album/spark-the-electric-jester-2-original-game-soundtrack-2019,2026-10-05,Track title is taken from KHInsider's soundtrack/gamerip album index. Popularity is an explicitly labelled proxy based on BeatHit game rank and track prominence.,"{""culture_category"":""video_game_music"",""video_game"":""Spark the Electric Jester 3"",""game_rank"":1528,""game_association_kind"":""khinsider_game_soundtrack"",""khinsider_album_url"":""https://downloads.khinsider.com/game-soundtracks/album/spark-the-electric-jester-2-original-game-soundtrack-2019"",""khinsider_album_title"":""Spark the Electric Jester 2 (Original Game Soundtrack) (spark-the-electric-jester-2-original-game-soundtrack-2019)"",""khinsider_album_kind"":""official_or_gamerip"",""khinsider_album_match_score"":96.15384615384616,""relevance_score_100"":96.73076923076924,""popularity_score_100"":40.07784130080576,""score_100"":74.06959805878384,""popularity_basis"":""BeatHit master-list game rank plus track position proxy""}"
90,B Stage 15 Loop,Unknown credited artist,[],Spark the Electric Jester 2 (spark-the-electric-jester-2-2019),,,"[""video game soundtrack""]","[""und""]",,,,Spark the Electric Jester 3,,,khinsider_track_prominence_proxy,44.27784130080576,score_0_100,,,,74.02224763143343,,,,https://downloads.khinsider.com/game-soundtracks/album/spark-the-electric-jester-2-2019,2026-10-05,Track title is taken from KHInsider's soundtrack/gamerip album index. Popularity is an explicitly labelled proxy based on BeatHit game rank and track prominence.,"{""culture_category"":""video_game_music"",""video_game"":""Spark the Electric Jester 3"",""game_rank"":1528,""game_association_kind"":""khinsider_game_soundtrack"",""khinsider_album_url"":""https://downloads.khinsider.com/game-soundtracks/album/spark-the-electric-jester-2-2019"",""khinsider_album_title"":""Spark the Electric Jester 2 (spark-the-electric-jester-2-2019)"",""khinsider_album_kind"":""unclassified_game_album"",""khinsider_album_match_score"":96.2962962962963,""relevance_score_100"":93.85185185185186,""popularity_score_100"":44.27784130080576,""score_100"":74.02224763143343,""popularity_basis"":""BeatHit master-list game rank plus track position proxy""}"
91,Credits,Unknown credited artist,[],Spark the Electric Jester 2 (Original Game Soundtrack) (spark-the-electric-jester-2-original-game-soundtrack-2019),,,"[""video game soundtrack""]","[""und""]",,,,Spark the Electric Jester 3,,,khinsider_track_prominence_proxy,39.86784130080576,score_0_100,,,,73.98559805878384,,,,https://downloads.khinsider.com/game-soundtracks/album/spark-the-electric-jester-2-original-game-soundtrack-2019,2026-10-05,Track title is taken from KHInsider's soundtrack/gamerip album index. Popularity is an explicitly labelled proxy based on BeatHit game rank and track prominence.,"{""culture_category"":""video_game_music"",""video_game"":""Spark the Electric Jester 3"",""game_rank"":1528,""game_association_kind"":""khinsider_game_soundtrack"",""khinsider_album_url"":""https://downloads.khinsider.com/game-soundtracks/album/spark-the-electric-jester-2-original-game-soundtrack-2019"",""khinsider_album_title"":""Spark the Electric Jester 2 (Original Game Soundtrack) (spark-the-electric-jester-2-original-game-soundtrack-2019)"",""khinsider_album_kind"":""official_or_gamerip"",""khinsider_album_match_score"":96.15384615384616,""relevance_score_100"":96.73076923076924,""popularity_score_100"":39.86784130080576,""score_100"":73.98559805878384,""popularity_basis"":""BeatHit master-list game rank plus track position proxy""}"
92,Boss Fight,Unknown credited artist,[],Spark the Electric Jester 2 (spark-the-electric-jester-2-2019),,,"[""video game soundtrack""]","[""und""]",,,,Spark the Electric Jester 3,,,khinsider_track_prominence_proxy,44.06784130080576,score_0_100,,,,73.93824763143343,,,,https://downloads.khinsider.com/game-soundtracks/album/spark-the-electric-jester-2-2019,2026-10-05,Track title is taken from KHInsider's soundtrack/gamerip album index. Popularity is an explicitly labelled proxy based on BeatHit game rank and track prominence.,"{""culture_category"":""video_game_music"",""video_game"":""Spark the Electric Jester 3"",""game_rank"":1528,""game_association_kind"":""khinsider_game_soundtrack"",""khinsider_album_url"":""https://downloads.khinsider.com/game-soundtracks/album/spark-the-electric-jester-2-2019"",""khinsider_album_title"":""Spark the Electric Jester 2 (spark-the-electric-jester-2-2019)"",""khinsider_album_kind"":""unclassified_game_album"",""khinsider_album_match_score"":96.2962962962963,""relevance_score_100"":93.85185185185186,""popularity_score_100"":44.06784130080576,""score_100"":73.93824763143343,""popularity_basis"":""BeatHit master-list game rank plus track position proxy""}"
93,Boss Fight Novocals,Unknown credited artist,[],Spark the Electric Jester 2 (spark-the-electric-jester-2-2019),,,"[""video game soundtrack""]","[""und""]",,,,Spark the Electric Jester 3,,,khinsider_track_prominence_proxy,43.85784130080576,score_0_100,,,,73.85424763143342,,,,https://downloads.khinsider.com/game-soundtracks/album/spark-the-electric-jester-2-2019,2026-10-05,Track title is taken from KHInsider's soundtrack/gamerip album index. Popularity is an explicitly labelled proxy based on BeatHit game rank and track prominence.,"{""culture_category"":""video_game_music"",""video_game"":""Spark the Electric Jester 3"",""game_rank"":1528,""game_association_kind"":""khinsider_game_soundtrack"",""khinsider_album_url"":""https://downloads.khinsider.com/game-soundtracks/album/spark-the-electric-jester-2-2019"",""khinsider_album_title"":""Spark the Electric Jester 2 (spark-the-electric-jester-2-2019)"",""khinsider_album_kind"":""unclassified_game_album"",""khinsider_album_match_score"":96.2962962962963,""relevance_score_100"":93.85185185185186,""popularity_score_100"":43.85784130080576,""score_100"":73.85424763143342,""popularity_basis"":""BeatHit master-list game rank plus track position proxy""}"
94,Boss Fight Vocals,Unknown credited artist,[],Spark the Electric Jester 2 (spark-the-electric-jester-2-2019),,,"[""video game soundtrack""]","[""und""]",,,,Spark the Electric Jester 3,,,khinsider_track_prominence_proxy,43.64784130080576,score_0_100,,,,73.77024763143342,,,,https://downloads.khinsider.com/game-soundtracks/album/spark-the-electric-jester-2-2019,2026-10-05,Track title is taken from KHInsider's soundtrack/gamerip album index. Popularity is an explicitly labelled proxy based on BeatHit game rank and track prominence.,"{""culture_category"":""video_game_music"",""video_game"":""Spark the Electric Jester 3"",""game_rank"":1528,""game_association_kind"":""khinsider_game_soundtrack"",""khinsider_album_url"":""https://downloads.khinsider.com/game-soundtracks/album/spark-the-electric-jester-2-2019"",""khinsider_album_title"":""Spark the Electric Jester 2 (spark-the-electric-jester-2-2019)"",""khinsider_album_kind"":""unclassified_game_album"",""khinsider_album_match_score"":96.2962962962963,""relevance_score_100"":93.85185185185186,""popularity_score_100"":43.64784130080576,""score_100"":73.77024763143342,""popularity_basis"":""BeatHit master-list game rank plus track position proxy""}"
95,C Final Final Boss Full,Unknown credited artist,[],Spark the Electric Jester 2 (spark-the-electric-jester-2-2019),,,"[""video game soundtrack""]","[""und""]",,,,Spark the Electric Jester 3,,,khinsider_track_prominence_proxy,43.43784130080576,score_0_100,,,,73.68624763143342,,,,https://downloads.khinsider.com/game-soundtracks/album/spark-the-electric-jester-2-2019,2026-10-05,Track title is taken from KHInsider's soundtrack/gamerip album index. Popularity is an explicitly labelled proxy based on BeatHit game rank and track prominence.,"{""culture_category"":""video_game_music"",""video_game"":""Spark the Electric Jester 3"",""game_rank"":1528,""game_association_kind"":""khinsider_game_soundtrack"",""khinsider_album_url"":""https://downloads.khinsider.com/game-soundtracks/album/spark-the-electric-jester-2-2019"",""khinsider_album_title"":""Spark the Electric Jester 2 (spark-the-electric-jester-2-2019)"",""khinsider_album_kind"":""unclassified_game_album"",""khinsider_album_match_score"":96.2962962962963,""relevance_score_100"":93.85185185185186,""popularity_score_100"":43.43784130080576,""score_100"":73.68624763143342,""popularity_basis"":""BeatHit master-list game rank plus track position proxy""}"
96,C Special Boss 1 Loop,Unknown credited artist,[],Spark the Electric Jester 2 (spark-the-electric-jester-2-2019),,,"[""video game soundtrack""]","[""und""]",,,,Spark the Electric Jester 3,,,khinsider_track_prominence_proxy,43.22784130080576,score_0_100,,,,73.60224763143341,,,,https://downloads.khinsider.com/game-soundtracks/album/spark-the-electric-jester-2-2019,2026-10-05,Track title is taken from KHInsider's soundtrack/gamerip album index. Popularity is an explicitly labelled proxy based on BeatHit game rank and track prominence.,"{""culture_category"":""video_game_music"",""video_game"":""Spark the Electric Jester 3"",""game_rank"":1528,""game_association_kind"":""khinsider_game_soundtrack"",""khinsider_album_url"":""https://downloads.khinsider.com/game-soundtracks/album/spark-the-electric-jester-2-2019"",""khinsider_album_title"":""Spark the Electric Jester 2 (spark-the-electric-jester-2-2019)"",""khinsider_album_kind"":""unclassified_game_album"",""khinsider_album_match_score"":96.2962962962963,""relevance_score_100"":93.85185185185186,""popularity_score_100"":43.22784130080576,""score_100"":73.60224763143341,""popularity_basis"":""BeatHit master-list game rank plus track position proxy""}"
97,C Special Boss 1 Loop Vox,Unknown credited artist,[],Spark the Electric Jester 2 (spark-the-electric-jester-2-2019),,,"[""video game soundtrack""]","[""und""]",,,,Spark the Electric Jester 3,,,khinsider_track_prominence_proxy,43.017841300805756,score_0_100,,,,73.51824763143343,,,,https://downloads.khinsider.com/game-soundtracks/album/spark-the-electric-jester-2-2019,2026-10-05,Track title is taken from KHInsider's soundtrack/gamerip album index. Popularity is an explicitly labelled proxy based on BeatHit game rank and track prominence.,"{""culture_category"":""video_game_music"",""video_game"":""Spark the Electric Jester 3"",""game_rank"":1528,""game_association_kind"":""khinsider_game_soundtrack"",""khinsider_album_url"":""https://downloads.khinsider.com/game-soundtracks/album/spark-the-electric-jester-2-2019"",""khinsider_album_title"":""Spark the Electric Jester 2 (spark-the-electric-jester-2-2019)"",""khinsider_album_kind"":""unclassified_game_album"",""khinsider_album_match_score"":96.2962962962963,""relevance_score_100"":93.85185185185186,""popularity_score_100"":43.017841300805756,""score_100"":73.51824763143343,""popularity_basis"":""BeatHit master-list game rank plus track position proxy""}"
98,C Special Boss1,Unknown credited artist,[],Spark the Electric Jester 2 (spark-the-electric-jester-2-2019),,,"[""video game soundtrack""]","[""und""]",,,,Spark the Electric Jester 3,,,khinsider_track_prominence_proxy,42.807841300805755,score_0_100,,,,73.43424763143342,,,,https://downloads.khinsider.com/game-soundtracks/album/spark-the-electric-jester-2-2019,2026-10-05,Track title is taken from KHInsider's soundtrack/gamerip album index. Popularity is an explicitly labelled proxy based on BeatHit game rank and track prominence.,"{""culture_category"":""video_game_music"",""video_game"":""Spark the Electric Jester 3"",""game_rank"":1528,""game_association_kind"":""khinsider_game_soundtrack"",""khinsider_album_url"":""https://downloads.khinsider.com/game-soundtracks/album/spark-the-electric-jester-2-2019"",""khinsider_album_title"":""Spark the Electric Jester 2 (spark-the-electric-jester-2-2019)"",""khinsider_album_kind"":""unclassified_game_album"",""khinsider_album_match_score"":96.2962962962963,""relevance_score_100"":93.85185185185186,""popularity_score_100"":42.807841300805755,""score_100"":73.43424763143342,""popularity_basis"":""BeatHit master-list game rank plus track position proxy""}"
99,C Vs Fark Loop,Unknown credited artist,[],Spark the Electric Jester 2 (spark-the-electric-jester-2-2019),,,"[""video game soundtrack""]","[""und""]",,,,Spark the Electric Jester 3,,,khinsider_track_prominence_proxy,42.59784130080576,score_0_100,,,,73.35024763143342,,,,https://downloads.khinsider.com/game-soundtracks/album/spark-the-electric-jester-2-2019,2026-10-05,Track title is taken from KHInsider's soundtrack/gamerip album index. Popularity is an explicitly labelled proxy based on BeatHit game rank and track prominence.,"{""culture_category"":""video_game_music"",""video_game"":""Spark the Electric Jester 3"",""game_rank"":1528,""game_association_kind"":""khinsider_game_soundtrack"",""khinsider_album_url"":""https://downloads.khinsider.com/game-soundtracks/album/spark-the-electric-jester-2-2019"",""khinsider_album_title"":""Spark the Electric Jester 2 (spark-the-electric-jester-2-2019)"",""khinsider_album_kind"":""unclassified_game_album"",""khinsider_album_match_score"":96.2962962962963,""relevance_score_100"":93.85185185185186,""popularity_score_100"":42.59784130080576,""score_100"":73.35024763143342,""popularity_basis"":""BeatHit master-list game rank plus track position proxy""}"
100,Castela Blanca V3 (Loop),Unknown credited artist,[],Spark the Electric Jester 2 (spark-the-electric-jester-2-2019),,,"[""video game soundtrack""]","[""und""]",,,,Spark the Electric Jester 3,,,khinsider_track_prominence_proxy,42.38784130080576,score_0_100,,,,73.26624763143343,,,,https://downloads.khinsider.com/game-soundtracks/album/spark-the-electric-jester-2-2019,2026-10-05,Track title is taken from KHInsider's soundtrack/gamerip album index. Popularity is an explicitly labelled proxy based on BeatHit game rank and track prominence.,"{""culture_category"":""video_game_music"",""video_game"":""Spark the Electric Jester 3"",""game_rank"":1528,""game_association_kind"":""khinsider_game_soundtrack"",""khinsider_album_url"":""https://downloads.khinsider.com/game-soundtracks/album/spark-the-electric-jester-2-2019"",""khinsider_album_title"":""Spark the Electric Jester 2 (spark-the-electric-jester-2-2019)"",""khinsider_album_kind"":""unclassified_game_album"",""khinsider_album_match_score"":96.2962962962963,""relevance_score_100"":93.85185185185186,""popularity_score_100"":42.38784130080576,""score_100"":73.26624763143343,""popularity_basis"":""BeatHit master-list game rank plus track position proxy""}"
101,D Credits Full,Unknown credited artist,[],Spark the Electric Jester 2 (spark-the-electric-jester-2-2019),,,"[""video game soundtrack""]","[""und""]",,,,Spark the Electric Jester 3,,,khinsider_track_prominence_proxy,42.17784130080576,score_0_100,,,,73.18224763143343,,,,https://downloads.khinsider.com/game-soundtracks/album/spark-the-electric-jester-2-2019,2026-10-05,Track title is taken from KHInsider's soundtrack/gamerip album index. Popularity is an explicitly labelled proxy based on BeatHit game rank and track prominence.,"{""culture_category"":""video_game_music"",""video_game"":""Spark the Electric Jester 3"",""game_rank"":1528,""game_association_kind"":""khinsider_game_soundtrack"",""khinsider_album_url"":""https://downloads.khinsider.com/game-soundtracks/album/spark-the-electric-jester-2-2019"",""khinsider_album_title"":""Spark the Electric Jester 2 (spark-the-electric-jester-2-2019)"",""khinsider_album_kind"":""unclassified_game_album"",""khinsider_album_match_score"":96.2962962962963,""relevance_score_100"":93.85185185185186,""popularity_score_100"":42.17784130080576,""score_100"":73.18224763143343,""popularity_basis"":""BeatHit master-list game rank plus track position proxy""}"
102,Fark Boss Ogg Landino,Unknown credited artist,[],Spark the Electric Jester 2 (spark-the-electric-jester-2-2019),,,"[""video game soundtrack""]","[""und""]",,,,Spark the Electric Jester 3,,,khinsider_track_prominence_proxy,41.96784130080576,score_0_100,,,,73.09824763143342,,,,https://downloads.khinsider.com/game-soundtracks/album/spark-the-electric-jester-2-2019,2026-10-05,Track title is taken from KHInsider's soundtrack/gamerip album index. Popularity is an explicitly labelled proxy based on BeatHit game rank and track prominence.,"{""culture_category"":""video_game_music"",""video_game"":""Spark the Electric Jester 3"",""game_rank"":1528,""game_association_kind"":""khinsider_game_soundtrack"",""khinsider_album_url"":""https://downloads.khinsider.com/game-soundtracks/album/spark-the-electric-jester-2-2019"",""khinsider_album_title"":""Spark the Electric Jester 2 (spark-the-electric-jester-2-2019)"",""khinsider_album_kind"":""unclassified_game_album"",""khinsider_album_match_score"":96.2962962962963,""relevance_score_100"":93.85185185185186,""popularity_score_100"":41.96784130080576,""score_100"":73.09824763143342,""popularity_basis"":""BeatHit master-list game rank plus track position proxy""}"
103,Fark End Stage,Unknown credited artist,[],Spark the Electric Jester 2 (spark-the-electric-jester-2-2019),,,"[""video game soundtrack""]","[""und""]",,,,Spark the Electric Jester 3,,,khinsider_track_prominence_proxy,41.75784130080576,score_0_100,,,,73.01424763143342,,,,https://downloads.khinsider.com/game-soundtracks/album/spark-the-electric-jester-2-2019,2026-10-05,Track title is taken from KHInsider's soundtrack/gamerip album index. Popularity is an explicitly labelled proxy based on BeatHit game rank and track prominence.,"{""culture_category"":""video_game_music"",""video_game"":""Spark the Electric Jester 3"",""game_rank"":1528,""game_association_kind"":""khinsider_game_soundtrack"",""khinsider_album_url"":""https://downloads.khinsider.com/game-soundtracks/album/spark-the-electric-jester-2-2019"",""khinsider_album_title"":""Spark the Electric Jester 2 (spark-the-electric-jester-2-2019)"",""khinsider_album_kind"":""unclassified_game_album"",""khinsider_album_match_score"":96.2962962962963,""relevance_score_100"":93.85185185185186,""popularity_score_100"":41.75784130080576,""score_100"":73.01424763143342,""popularity_basis"":""BeatHit master-list game rank plus track position proxy""}"
104,Fark Fortresszone Loop,Unknown credited artist,[],Spark the Electric Jester 2 (spark-the-electric-jester-2-2019),,,"[""video game soundtrack""]","[""und""]",,,,Spark the Electric Jester 3,,,khinsider_track_prominence_proxy,41.54784130080576,score_0_100,,,,72.93024763143342,,,,https://downloads.khinsider.com/game-soundtracks/album/spark-the-electric-jester-2-2019,2026-10-05,Track title is taken from KHInsider's soundtrack/gamerip album index. Popularity is an explicitly labelled proxy based on BeatHit game rank and track prominence.,"{""culture_category"":""video_game_music"",""video_game"":""Spark the Electric Jester 3"",""game_rank"":1528,""game_association_kind"":""khinsider_game_soundtrack"",""khinsider_album_url"":""https://downloads.khinsider.com/game-soundtracks/album/spark-the-electric-jester-2-2019"",""khinsider_album_title"":""Spark the Electric Jester 2 (spark-the-electric-jester-2-2019)"",""khinsider_album_kind"":""unclassified_game_album"",""khinsider_album_match_score"":96.2962962962963,""relevance_score_100"":93.85185185185186,""popularity_score_100"":41.54784130080576,""score_100"":72.93024763143342,""popularity_basis"":""BeatHit master-list game rank plus track position proxy""}"
105,Fark School Mastered 4,Unknown credited artist,[],Spark the Electric Jester 2 (spark-the-electric-jester-2-2019),,,"[""video game soundtrack""]","[""und""]",,,,Spark the Electric Jester 3,,,khinsider_track_prominence_proxy,41.337841300805756,score_0_100,,,,72.84624763143341,,,,https://downloads.khinsider.com/game-soundtracks/album/spark-the-electric-jester-2-2019,2026-10-05,Track title is taken from KHInsider's soundtrack/gamerip album index. Popularity is an explicitly labelled proxy based on BeatHit game rank and track prominence.,"{""culture_category"":""video_game_music"",""video_game"":""Spark the Electric Jester 3"",""game_rank"":1528,""game_association_kind"":""khinsider_game_soundtrack"",""khinsider_album_url"":""https://downloads.khinsider.com/game-soundtracks/album/spark-the-electric-jester-2-2019"",""khinsider_album_title"":""Spark the Electric Jester 2 (spark-the-electric-jester-2-2019)"",""khinsider_album_kind"":""unclassified_game_album"",""khinsider_album_match_score"":96.2962962962963,""relevance_score_100"":93.85185185185186,""popularity_score_100"":41.337841300805756,""score_100"":72.84624763143341,""popularity_basis"":""BeatHit master-list game rank plus track position proxy""}"
106,Fark Stage Master Loop,Unknown credited artist,[],Spark the Electric Jester 2 (spark-the-electric-jester-2-2019),,,"[""video game soundtrack""]","[""und""]",,,,Spark the Electric Jester 3,,,khinsider_track_prominence_proxy,41.127841300805756,score_0_100,,,,72.76224763143342,,,,https://downloads.khinsider.com/game-soundtracks/album/spark-the-electric-jester-2-2019,2026-10-05,Track title is taken from KHInsider's soundtrack/gamerip album index. Popularity is an explicitly labelled proxy based on BeatHit game rank and track prominence.,"{""culture_category"":""video_game_music"",""video_game"":""Spark the Electric Jester 3"",""game_rank"":1528,""game_association_kind"":""khinsider_game_soundtrack"",""khinsider_album_url"":""https://downloads.khinsider.com/game-soundtracks/album/spark-the-electric-jester-2-2019"",""khinsider_album_title"":""Spark the Electric Jester 2 (spark-the-electric-jester-2-2019)"",""khinsider_album_kind"":""unclassified_game_album"",""khinsider_album_match_score"":96.2962962962963,""relevance_score_100"":93.85185185185186,""popularity_score_100"":41.127841300805756,""score_100"":72.76224763143342,""popularity_basis"":""BeatHit master-list game rank plus track position proxy""}"
107,Fark The Electric Jester Shantoria Town Amp,Unknown credited artist,[],Spark the Electric Jester 2 (spark-the-electric-jester-2-2019),,,"[""video game soundtrack""]","[""und""]",,,,Spark the Electric Jester 3,,,khinsider_track_prominence_proxy,40.917841300805755,score_0_100,,,,72.67824763143342,,,,https://downloads.khinsider.com/game-soundtracks/album/spark-the-electric-jester-2-2019,2026-10-05,Track title is taken from KHInsider's soundtrack/gamerip album index. Popularity is an explicitly labelled proxy based on BeatHit game rank and track prominence.,"{""culture_category"":""video_game_music"",""video_game"":""Spark the Electric Jester 3"",""game_rank"":1528,""game_association_kind"":""khinsider_game_soundtrack"",""khinsider_album_url"":""https://downloads.khinsider.com/game-soundtracks/album/spark-the-electric-jester-2-2019"",""khinsider_album_title"":""Spark the Electric Jester 2 (spark-the-electric-jester-2-2019)"",""khinsider_album_kind"":""unclassified_game_album"",""khinsider_album_match_score"":96.2962962962963,""relevance_score_100"":93.85185185185186,""popularity_score_100"":40.917841300805755,""score_100"":72.67824763143342,""popularity_basis"":""BeatHit master-list game rank plus track position proxy""}"
108,Floria Plant Mastered 3,Unknown credited artist,[],Spark the Electric Jester 2 (spark-the-electric-jester-2-2019),,,"[""video game soundtrack""]","[""und""]",,,,Spark the Electric Jester 3,,,khinsider_track_prominence_proxy,40.49784130080576,score_0_100,,,,72.51024763143343,,,,https://downloads.khinsider.com/game-soundtracks/album/spark-the-electric-jester-2-2019,2026-10-05,Track title is taken from KHInsider's soundtrack/gamerip album index. Popularity is an explicitly labelled proxy based on BeatHit game rank and track prominence.,"{""culture_category"":""video_game_music"",""video_game"":""Spark the Electric Jester 3"",""game_rank"":1528,""game_association_kind"":""khinsider_game_soundtrack"",""khinsider_album_url"":""https://downloads.khinsider.com/game-soundtracks/album/spark-the-electric-jester-2-2019"",""khinsider_album_title"":""Spark the Electric Jester 2 (spark-the-electric-jester-2-2019)"",""khinsider_album_kind"":""unclassified_game_album"",""khinsider_album_match_score"":96.2962962962963,""relevance_score_100"":93.85185185185186,""popularity_score_100"":40.49784130080576,""score_100"":72.51024763143343,""popularity_basis"":""BeatHit master-list game rank plus track position proxy""}"
109,Fm City Heroes V14,Unknown credited artist,[],Spark the Electric Jester 2 (spark-the-electric-jester-2-2019),,,"[""video game soundtrack""]","[""und""]",,,,Spark the Electric Jester 3,,,khinsider_track_prominence_proxy,40.28784130080576,score_0_100,,,,72.42624763143343,,,,https://downloads.khinsider.com/game-soundtracks/album/spark-the-electric-jester-2-2019,2026-10-05,Track title is taken from KHInsider's soundtrack/gamerip album index. Popularity is an explicitly labelled proxy based on BeatHit game rank and track prominence.,"{""culture_category"":""video_game_music"",""video_game"":""Spark the Electric Jester 3"",""game_rank"":1528,""game_association_kind"":""khinsider_game_soundtrack"",""khinsider_album_url"":""https://downloads.khinsider.com/game-soundtracks/album/spark-the-electric-jester-2-2019"",""khinsider_album_title"":""Spark the Electric Jester 2 (spark-the-electric-jester-2-2019)"",""khinsider_album_kind"":""unclassified_game_album"",""khinsider_album_match_score"":96.2962962962963,""relevance_score_100"":93.85185185185186,""popularity_score_100"":40.28784130080576,""score_100"":72.42624763143343,""popularity_basis"":""BeatHit master-list game rank plus track position proxy""}"
110,Scaria Stropolis Mastered 2,Unknown credited artist,[],Spark the Electric Jester 2 (spark-the-electric-jester-2-2019),,,"[""video game soundtrack""]","[""und""]",,,,Spark the Electric Jester 3,,,khinsider_track_prominence_proxy,40.07784130080576,score_0_100,,,,72.34224763143342,,,,https://downloads.khinsider.com/game-soundtracks/album/spark-the-electric-jester-2-2019,2026-10-05,Track title is taken from KHInsider's soundtrack/gamerip album index. Popularity is an explicitly labelled proxy based on BeatHit game rank and track prominence.,"{""culture_category"":""video_game_music"",""video_game"":""Spark the Electric Jester 3"",""game_rank"":1528,""game_association_kind"":""khinsider_game_soundtrack"",""khinsider_album_url"":""https://downloads.khinsider.com/game-soundtracks/album/spark-the-electric-jester-2-2019"",""khinsider_album_title"":""Spark the Electric Jester 2 (spark-the-electric-jester-2-2019)"",""khinsider_album_kind"":""unclassified_game_album"",""khinsider_album_match_score"":96.2962962962963,""relevance_score_100"":93.85185185185186,""popularity_score_100"":40.07784130080576,""score_100"":72.34224763143342,""popularity_basis"":""BeatHit master-list game rank plus track position proxy""}"
111,Spark 2 Tower,Unknown credited artist,[],Spark the Electric Jester 2 (spark-the-electric-jester-2-2019),,,"[""video game soundtrack""]","[""und""]",,,,Spark the Electric Jester 3,,,khinsider_track_prominence_proxy,39.86784130080576,score_0_100,,,,72.25824763143342,,,,https://downloads.khinsider.com/game-soundtracks/album/spark-the-electric-jester-2-2019,2026-10-05,Track title is taken from KHInsider's soundtrack/gamerip album index. Popularity is an explicitly labelled proxy based on BeatHit game rank and track prominence.,"{""culture_category"":""video_game_music"",""video_game"":""Spark the Electric Jester 3"",""game_rank"":1528,""game_association_kind"":""khinsider_game_soundtrack"",""khinsider_album_url"":""https://downloads.khinsider.com/game-soundtracks/album/spark-the-electric-jester-2-2019"",""khinsider_album_title"":""Spark the Electric Jester 2 (spark-the-electric-jester-2-2019)"",""khinsider_album_kind"":""unclassified_game_album"",""khinsider_album_match_score"":96.2962962962963,""relevance_score_100"":93.85185185185186,""popularity_score_100"":39.86784130080576,""score_100"":72.25824763143342,""popularity_basis"":""BeatHit master-list game rank plus track position proxy""}"
112,Terminal Dragon Remastered 2,Unknown credited artist,[],Spark the Electric Jester 2 (spark-the-electric-jester-2-2019),,,"[""video game soundtrack""]","[""und""]",,,,Spark the Electric Jester 3,,,khinsider_track_prominence_proxy,39.44784130080576,score_0_100,,,,72.09024763143343,,,,https://downloads.khinsider.com/game-soundtracks/album/spark-the-electric-jester-2-2019,2026-10-05,Track title is taken from KHInsider's soundtrack/gamerip album index. Popularity is an explicitly labelled proxy based on BeatHit game rank and track prominence.,"{""culture_category"":""video_game_music"",""video_game"":""Spark the Electric Jester 3"",""game_rank"":1528,""game_association_kind"":""khinsider_game_soundtrack"",""khinsider_album_url"":""https://downloads.khinsider.com/game-soundtracks/album/spark-the-electric-jester-2-2019"",""khinsider_album_title"":""Spark the Electric Jester 2 (spark-the-electric-jester-2-2019)"",""khinsider_album_kind"":""unclassified_game_album"",""khinsider_album_match_score"":96.2962962962963,""relevance_score_100"":93.85185185185186,""popularity_score_100"":39.44784130080576,""score_100"":72.09024763143343,""popularity_basis"":""BeatHit master-list game rank plus track position proxy""}"
113,World Map Intro,Unknown credited artist,[],Spark the Electric Jester 2 (spark-the-electric-jester-2-2019),,,"[""video game soundtrack""]","[""und""]",,,,Spark the Electric Jester 3,,,khinsider_track_prominence_proxy,39.02784130080576,score_0_100,,,,71.92224763143342,,,,https://downloads.khinsider.com/game-soundtracks/album/spark-the-electric-jester-2-2019,2026-10-05,Track title is taken from KHInsider's soundtrack/gamerip album index. Popularity is an explicitly labelled proxy based on BeatHit game rank and track prominence.,"{""culture_category"":""video_game_music"",""video_game"":""Spark the Electric Jester 3"",""game_rank"":1528,""game_association_kind"":""khinsider_game_soundtrack"",""khinsider_album_url"":""https://downloads.khinsider.com/game-soundtracks/album/spark-the-electric-jester-2-2019"",""khinsider_album_title"":""Spark the Electric Jester 2 (spark-the-electric-jester-2-2019)"",""khinsider_album_kind"":""unclassified_game_album"",""khinsider_album_match_score"":96.2962962962963,""relevance_score_100"":93.85185185185186,""popularity_score_100"":39.02784130080576,""score_100"":71.92224763143342,""popularity_basis"":""BeatHit master-list game rank plus track position proxy""}"
114,World Map Loop,Unknown credited artist,[],Spark the Electric Jester 2 (spark-the-electric-jester-2-2019),,,"[""video game soundtrack""]","[""und""]",,,,Spark the Electric Jester 3,,,khinsider_track_prominence_proxy,38.81784130080576,score_0_100,,,,71.83824763143342,,,,https://downloads.khinsider.com/game-soundtracks/album/spark-the-electric-jester-2-2019,2026-10-05,Track title is taken from KHInsider's soundtrack/gamerip album index. Popularity is an explicitly labelled proxy based on BeatHit game rank and track prominence.,"{""culture_category"":""video_game_music"",""video_game"":""Spark the Electric Jester 3"",""game_rank"":1528,""game_association_kind"":""khinsider_game_soundtrack"",""khinsider_album_url"":""https://downloads.khinsider.com/game-soundtracks/album/spark-the-electric-jester-2-2019"",""khinsider_album_title"":""Spark the Electric Jester 2 (spark-the-electric-jester-2-2019)"",""khinsider_album_kind"":""unclassified_game_album"",""khinsider_album_match_score"":96.2962962962963,""relevance_score_100"":93.85185185185186,""popularity_score_100"":38.81784130080576,""score_100"":71.83824763143342,""popularity_basis"":""BeatHit master-list game rank plus track position proxy""}"
115,2Fm Downtown,Unknown credited artist,[],Spark the Electric Jester 2 (spark-the-electric-jester-2-2019),,,"[""video game soundtrack""]","[""und""]",,,,Spark the Electric Jester 3,,,khinsider_track_prominence_proxy,38.60784130080576,score_0_100,,,,71.75424763143343,,,,https://downloads.khinsider.com/game-soundtracks/album/spark-the-electric-jester-2-2019,2026-10-05,Track title is taken from KHInsider's soundtrack/gamerip album index. Popularity is an explicitly labelled proxy based on BeatHit game rank and track prominence.,"{""culture_category"":""video_game_music"",""video_game"":""Spark the Electric Jester 3"",""game_rank"":1528,""game_association_kind"":""khinsider_game_soundtrack"",""khinsider_album_url"":""https://downloads.khinsider.com/game-soundtracks/album/spark-the-electric-jester-2-2019"",""khinsider_album_title"":""Spark the Electric Jester 2 (spark-the-electric-jester-2-2019)"",""khinsider_album_kind"":""unclassified_game_album"",""khinsider_album_match_score"":96.2962962962963,""relevance_score_100"":93.85185185185186,""popularity_score_100"":38.60784130080576,""score_100"":71.75424763143343,""popularity_basis"":""BeatHit master-list game rank plus track position proxy""}"
116,3Floria Highway,Unknown credited artist,[],Spark the Electric Jester 2 (spark-the-electric-jester-2-2019),,,"[""video game soundtrack""]","[""und""]",,,,Spark the Electric Jester 3,,,khinsider_track_prominence_proxy,38.39784130080576,score_0_100,,,,71.67024763143343,,,,https://downloads.khinsider.com/game-soundtracks/album/spark-the-electric-jester-2-2019,2026-10-05,Track title is taken from KHInsider's soundtrack/gamerip album index. Popularity is an explicitly labelled proxy based on BeatHit game rank and track prominence.,"{""culture_category"":""video_game_music"",""video_game"":""Spark the Electric Jester 3"",""game_rank"":1528,""game_association_kind"":""khinsider_game_soundtrack"",""khinsider_album_url"":""https://downloads.khinsider.com/game-soundtracks/album/spark-the-electric-jester-2-2019"",""khinsider_album_title"":""Spark the Electric Jester 2 (spark-the-electric-jester-2-2019)"",""khinsider_album_kind"":""unclassified_game_album"",""khinsider_album_match_score"":96.2962962962963,""relevance_score_100"":93.85185185185186,""popularity_score_100"":38.39784130080576,""score_100"":71.67024763143343,""popularity_basis"":""BeatHit master-list game rank plus track position proxy""}"
