rank,title,main_artist,featured_artists,album,release_date,release_year,genres,languages,composer,anime_title,anime_popularity,screen_work,vtuber,is_original,metric_name,metric_value,metric_unit,listen_count,listen_source,view_count,overall_popularity_score,spotify_track_id,musicbrainz_recording_mbid,isrc,source_url,retrieved_at,source_notes,extra
1,Ghostbusters Theme,Unknown credited artist,[],Ghostbusters (ghostbusters-gamerip-2016),,,"[""video game soundtrack""]","[""und""]",,,,Ghostbusters: The Video Game,,,khinsider_track_prominence_proxy,41.70002231088699,score_0_100,,,,76.6800089243548,,,,https://downloads.khinsider.com/game-soundtracks/album/ghostbusters-gamerip-2016,2026-10-05,Track title is taken from KHInsider's soundtrack/gamerip album index. Popularity is an explicitly labelled proxy based on BeatHit game rank and track prominence.,"{""culture_category"":""video_game_music"",""video_game"":""Ghostbusters: The Video Game"",""game_rank"":2145,""game_association_kind"":""khinsider_game_soundtrack"",""khinsider_album_url"":""https://downloads.khinsider.com/game-soundtracks/album/ghostbusters-gamerip-2016"",""khinsider_album_title"":""Ghostbusters (ghostbusters-gamerip-2016)"",""khinsider_album_kind"":""official_or_gamerip"",""khinsider_album_match_score"":100.0,""relevance_score_100"":100.0,""popularity_score_100"":41.70002231088699,""score_100"":76.6800089243548,""popularity_basis"":""BeatHit master-list game rank plus track position proxy""}"
2,Dungeon Shroom,Unknown credited artist,[],Ghostbusters - The Video Game (ghostbusters-the-video-game-2009-nds-gamerip),,,"[""video game soundtrack""]","[""und""]",,,,Ghostbusters: The Video Game,,,khinsider_track_prominence_proxy,41.70002231088699,score_0_100,,,,76.6800089243548,,,,https://downloads.khinsider.com/game-soundtracks/album/ghostbusters-the-video-game-2009-nds-gamerip,2026-10-05,Track title is taken from KHInsider's soundtrack/gamerip album index. Popularity is an explicitly labelled proxy based on BeatHit game rank and track prominence.,"{""culture_category"":""video_game_music"",""video_game"":""Ghostbusters: The Video Game"",""game_rank"":2145,""game_association_kind"":""khinsider_game_soundtrack"",""khinsider_album_url"":""https://downloads.khinsider.com/game-soundtracks/album/ghostbusters-the-video-game-2009-nds-gamerip"",""khinsider_album_title"":""Ghostbusters - The Video Game (ghostbusters-the-video-game-2009-nds-gamerip)"",""khinsider_album_kind"":""official_or_gamerip"",""khinsider_album_match_score"":100.0,""relevance_score_100"":100.0,""popularity_score_100"":41.70002231088699,""score_100"":76.6800089243548,""popularity_basis"":""BeatHit master-list game rank plus track position proxy""}"
3,Score Upgrade Screen Intro,Unknown credited artist,[],Ghostbusters (ghostbusters-gamerip-2016),,,"[""video game soundtrack""]","[""und""]",,,,Ghostbusters: The Video Game,,,khinsider_track_prominence_proxy,41.49002231088699,score_0_100,,,,76.5960089243548,,,,https://downloads.khinsider.com/game-soundtracks/album/ghostbusters-gamerip-2016,2026-10-05,Track title is taken from KHInsider's soundtrack/gamerip album index. Popularity is an explicitly labelled proxy based on BeatHit game rank and track prominence.,"{""culture_category"":""video_game_music"",""video_game"":""Ghostbusters: The Video Game"",""game_rank"":2145,""game_association_kind"":""khinsider_game_soundtrack"",""khinsider_album_url"":""https://downloads.khinsider.com/game-soundtracks/album/ghostbusters-gamerip-2016"",""khinsider_album_title"":""Ghostbusters (ghostbusters-gamerip-2016)"",""khinsider_album_kind"":""official_or_gamerip"",""khinsider_album_match_score"":100.0,""relevance_score_100"":100.0,""popularity_score_100"":41.49002231088699,""score_100"":76.5960089243548,""popularity_basis"":""BeatHit master-list game rank plus track position proxy""}"
4,Ent Para 01,Unknown credited artist,[],Ghostbusters - The Video Game (ghostbusters-the-video-game-2009-nds-gamerip),,,"[""video game soundtrack""]","[""und""]",,,,Ghostbusters: The Video Game,,,khinsider_track_prominence_proxy,41.49002231088699,score_0_100,,,,76.5960089243548,,,,https://downloads.khinsider.com/game-soundtracks/album/ghostbusters-the-video-game-2009-nds-gamerip,2026-10-05,Track title is taken from KHInsider's soundtrack/gamerip album index. Popularity is an explicitly labelled proxy based on BeatHit game rank and track prominence.,"{""culture_category"":""video_game_music"",""video_game"":""Ghostbusters: The Video Game"",""game_rank"":2145,""game_association_kind"":""khinsider_game_soundtrack"",""khinsider_album_url"":""https://downloads.khinsider.com/game-soundtracks/album/ghostbusters-the-video-game-2009-nds-gamerip"",""khinsider_album_title"":""Ghostbusters - The Video Game (ghostbusters-the-video-game-2009-nds-gamerip)"",""khinsider_album_kind"":""official_or_gamerip"",""khinsider_album_match_score"":100.0,""relevance_score_100"":100.0,""popularity_score_100"":41.49002231088699,""score_100"":76.5960089243548,""popularity_basis"":""BeatHit master-list game rank plus track position proxy""}"
5,Score Upgrade Screen Loop,Unknown credited artist,[],Ghostbusters (ghostbusters-gamerip-2016),,,"[""video game soundtrack""]","[""und""]",,,,Ghostbusters: The Video Game,,,khinsider_track_prominence_proxy,41.28002231088699,score_0_100,,,,76.5120089243548,,,,https://downloads.khinsider.com/game-soundtracks/album/ghostbusters-gamerip-2016,2026-10-05,Track title is taken from KHInsider's soundtrack/gamerip album index. Popularity is an explicitly labelled proxy based on BeatHit game rank and track prominence.,"{""culture_category"":""video_game_music"",""video_game"":""Ghostbusters: The Video Game"",""game_rank"":2145,""game_association_kind"":""khinsider_game_soundtrack"",""khinsider_album_url"":""https://downloads.khinsider.com/game-soundtracks/album/ghostbusters-gamerip-2016"",""khinsider_album_title"":""Ghostbusters (ghostbusters-gamerip-2016)"",""khinsider_album_kind"":""official_or_gamerip"",""khinsider_album_match_score"":100.0,""relevance_score_100"":100.0,""popularity_score_100"":41.28002231088699,""score_100"":76.5120089243548,""popularity_basis"":""BeatHit master-list game rank plus track position proxy""}"
6,Ent Para 02,Unknown credited artist,[],Ghostbusters - The Video Game (ghostbusters-the-video-game-2009-nds-gamerip),,,"[""video game soundtrack""]","[""und""]",,,,Ghostbusters: The Video Game,,,khinsider_track_prominence_proxy,41.28002231088699,score_0_100,,,,76.5120089243548,,,,https://downloads.khinsider.com/game-soundtracks/album/ghostbusters-the-video-game-2009-nds-gamerip,2026-10-05,Track title is taken from KHInsider's soundtrack/gamerip album index. Popularity is an explicitly labelled proxy based on BeatHit game rank and track prominence.,"{""culture_category"":""video_game_music"",""video_game"":""Ghostbusters: The Video Game"",""game_rank"":2145,""game_association_kind"":""khinsider_game_soundtrack"",""khinsider_album_url"":""https://downloads.khinsider.com/game-soundtracks/album/ghostbusters-the-video-game-2009-nds-gamerip"",""khinsider_album_title"":""Ghostbusters - The Video Game (ghostbusters-the-video-game-2009-nds-gamerip)"",""khinsider_album_kind"":""official_or_gamerip"",""khinsider_album_match_score"":100.0,""relevance_score_100"":100.0,""popularity_score_100"":41.28002231088699,""score_100"":76.5120089243548,""popularity_basis"":""BeatHit master-list game rank plus track position proxy""}"
7,Boss 01 Intro,Unknown credited artist,[],Ghostbusters (ghostbusters-gamerip-2016),,,"[""video game soundtrack""]","[""und""]",,,,Ghostbusters: The Video Game,,,khinsider_track_prominence_proxy,41.070022310887,score_0_100,,,,76.4280089243548,,,,https://downloads.khinsider.com/game-soundtracks/album/ghostbusters-gamerip-2016,2026-10-05,Track title is taken from KHInsider's soundtrack/gamerip album index. Popularity is an explicitly labelled proxy based on BeatHit game rank and track prominence.,"{""culture_category"":""video_game_music"",""video_game"":""Ghostbusters: The Video Game"",""game_rank"":2145,""game_association_kind"":""khinsider_game_soundtrack"",""khinsider_album_url"":""https://downloads.khinsider.com/game-soundtracks/album/ghostbusters-gamerip-2016"",""khinsider_album_title"":""Ghostbusters (ghostbusters-gamerip-2016)"",""khinsider_album_kind"":""official_or_gamerip"",""khinsider_album_match_score"":100.0,""relevance_score_100"":100.0,""popularity_score_100"":41.070022310887,""score_100"":76.4280089243548,""popularity_basis"":""BeatHit master-list game rank plus track position proxy""}"
8,Ent Para 03,Unknown credited artist,[],Ghostbusters - The Video Game (ghostbusters-the-video-game-2009-nds-gamerip),,,"[""video game soundtrack""]","[""und""]",,,,Ghostbusters: The Video Game,,,khinsider_track_prominence_proxy,41.070022310887,score_0_100,,,,76.4280089243548,,,,https://downloads.khinsider.com/game-soundtracks/album/ghostbusters-the-video-game-2009-nds-gamerip,2026-10-05,Track title is taken from KHInsider's soundtrack/gamerip album index. Popularity is an explicitly labelled proxy based on BeatHit game rank and track prominence.,"{""culture_category"":""video_game_music"",""video_game"":""Ghostbusters: The Video Game"",""game_rank"":2145,""game_association_kind"":""khinsider_game_soundtrack"",""khinsider_album_url"":""https://downloads.khinsider.com/game-soundtracks/album/ghostbusters-the-video-game-2009-nds-gamerip"",""khinsider_album_title"":""Ghostbusters - The Video Game (ghostbusters-the-video-game-2009-nds-gamerip)"",""khinsider_album_kind"":""official_or_gamerip"",""khinsider_album_match_score"":100.0,""relevance_score_100"":100.0,""popularity_score_100"":41.070022310887,""score_100"":76.4280089243548,""popularity_basis"":""BeatHit master-list game rank plus track position proxy""}"
9,Boss 01 Loop,Unknown credited artist,[],Ghostbusters (ghostbusters-gamerip-2016),,,"[""video game soundtrack""]","[""und""]",,,,Ghostbusters: The Video Game,,,khinsider_track_prominence_proxy,40.860022310887,score_0_100,,,,76.3440089243548,,,,https://downloads.khinsider.com/game-soundtracks/album/ghostbusters-gamerip-2016,2026-10-05,Track title is taken from KHInsider's soundtrack/gamerip album index. Popularity is an explicitly labelled proxy based on BeatHit game rank and track prominence.,"{""culture_category"":""video_game_music"",""video_game"":""Ghostbusters: The Video Game"",""game_rank"":2145,""game_association_kind"":""khinsider_game_soundtrack"",""khinsider_album_url"":""https://downloads.khinsider.com/game-soundtracks/album/ghostbusters-gamerip-2016"",""khinsider_album_title"":""Ghostbusters (ghostbusters-gamerip-2016)"",""khinsider_album_kind"":""official_or_gamerip"",""khinsider_album_match_score"":100.0,""relevance_score_100"":100.0,""popularity_score_100"":40.860022310887,""score_100"":76.3440089243548,""popularity_basis"":""BeatHit master-list game rank plus track position proxy""}"
10,Ent Para 04,Unknown credited artist,[],Ghostbusters - The Video Game (ghostbusters-the-video-game-2009-nds-gamerip),,,"[""video game soundtrack""]","[""und""]",,,,Ghostbusters: The Video Game,,,khinsider_track_prominence_proxy,40.860022310887,score_0_100,,,,76.3440089243548,,,,https://downloads.khinsider.com/game-soundtracks/album/ghostbusters-the-video-game-2009-nds-gamerip,2026-10-05,Track title is taken from KHInsider's soundtrack/gamerip album index. Popularity is an explicitly labelled proxy based on BeatHit game rank and track prominence.,"{""culture_category"":""video_game_music"",""video_game"":""Ghostbusters: The Video Game"",""game_rank"":2145,""game_association_kind"":""khinsider_game_soundtrack"",""khinsider_album_url"":""https://downloads.khinsider.com/game-soundtracks/album/ghostbusters-the-video-game-2009-nds-gamerip"",""khinsider_album_title"":""Ghostbusters - The Video Game (ghostbusters-the-video-game-2009-nds-gamerip)"",""khinsider_album_kind"":""official_or_gamerip"",""khinsider_album_match_score"":100.0,""relevance_score_100"":100.0,""popularity_score_100"":40.860022310887,""score_100"":76.3440089243548,""popularity_basis"":""BeatHit master-list game rank plus track position proxy""}"
11,Boss 02 Intro,Unknown credited artist,[],Ghostbusters (ghostbusters-gamerip-2016),,,"[""video game soundtrack""]","[""und""]",,,,Ghostbusters: The Video Game,,,khinsider_track_prominence_proxy,40.650022310886996,score_0_100,,,,76.26000892435479,,,,https://downloads.khinsider.com/game-soundtracks/album/ghostbusters-gamerip-2016,2026-10-05,Track title is taken from KHInsider's soundtrack/gamerip album index. Popularity is an explicitly labelled proxy based on BeatHit game rank and track prominence.,"{""culture_category"":""video_game_music"",""video_game"":""Ghostbusters: The Video Game"",""game_rank"":2145,""game_association_kind"":""khinsider_game_soundtrack"",""khinsider_album_url"":""https://downloads.khinsider.com/game-soundtracks/album/ghostbusters-gamerip-2016"",""khinsider_album_title"":""Ghostbusters (ghostbusters-gamerip-2016)"",""khinsider_album_kind"":""official_or_gamerip"",""khinsider_album_match_score"":100.0,""relevance_score_100"":100.0,""popularity_score_100"":40.650022310886996,""score_100"":76.26000892435479,""popularity_basis"":""BeatHit master-list game rank plus track position proxy""}"
12,Ent Para 05,Unknown credited artist,[],Ghostbusters - The Video Game (ghostbusters-the-video-game-2009-nds-gamerip),,,"[""video game soundtrack""]","[""und""]",,,,Ghostbusters: The Video Game,,,khinsider_track_prominence_proxy,40.650022310886996,score_0_100,,,,76.26000892435479,,,,https://downloads.khinsider.com/game-soundtracks/album/ghostbusters-the-video-game-2009-nds-gamerip,2026-10-05,Track title is taken from KHInsider's soundtrack/gamerip album index. Popularity is an explicitly labelled proxy based on BeatHit game rank and track prominence.,"{""culture_category"":""video_game_music"",""video_game"":""Ghostbusters: The Video Game"",""game_rank"":2145,""game_association_kind"":""khinsider_game_soundtrack"",""khinsider_album_url"":""https://downloads.khinsider.com/game-soundtracks/album/ghostbusters-the-video-game-2009-nds-gamerip"",""khinsider_album_title"":""Ghostbusters - The Video Game (ghostbusters-the-video-game-2009-nds-gamerip)"",""khinsider_album_kind"":""official_or_gamerip"",""khinsider_album_match_score"":100.0,""relevance_score_100"":100.0,""popularity_score_100"":40.650022310886996,""score_100"":76.26000892435479,""popularity_basis"":""BeatHit master-list game rank plus track position proxy""}"
13,Boss 02 Loop,Unknown credited artist,[],Ghostbusters (ghostbusters-gamerip-2016),,,"[""video game soundtrack""]","[""und""]",,,,Ghostbusters: The Video Game,,,khinsider_track_prominence_proxy,40.440022310886995,score_0_100,,,,76.1760089243548,,,,https://downloads.khinsider.com/game-soundtracks/album/ghostbusters-gamerip-2016,2026-10-05,Track title is taken from KHInsider's soundtrack/gamerip album index. Popularity is an explicitly labelled proxy based on BeatHit game rank and track prominence.,"{""culture_category"":""video_game_music"",""video_game"":""Ghostbusters: The Video Game"",""game_rank"":2145,""game_association_kind"":""khinsider_game_soundtrack"",""khinsider_album_url"":""https://downloads.khinsider.com/game-soundtracks/album/ghostbusters-gamerip-2016"",""khinsider_album_title"":""Ghostbusters (ghostbusters-gamerip-2016)"",""khinsider_album_kind"":""official_or_gamerip"",""khinsider_album_match_score"":100.0,""relevance_score_100"":100.0,""popularity_score_100"":40.440022310886995,""score_100"":76.1760089243548,""popularity_basis"":""BeatHit master-list game rank plus track position proxy""}"
14,Ent Para 06,Unknown credited artist,[],Ghostbusters - The Video Game (ghostbusters-the-video-game-2009-nds-gamerip),,,"[""video game soundtrack""]","[""und""]",,,,Ghostbusters: The Video Game,,,khinsider_track_prominence_proxy,40.440022310886995,score_0_100,,,,76.1760089243548,,,,https://downloads.khinsider.com/game-soundtracks/album/ghostbusters-the-video-game-2009-nds-gamerip,2026-10-05,Track title is taken from KHInsider's soundtrack/gamerip album index. Popularity is an explicitly labelled proxy based on BeatHit game rank and track prominence.,"{""culture_category"":""video_game_music"",""video_game"":""Ghostbusters: The Video Game"",""game_rank"":2145,""game_association_kind"":""khinsider_game_soundtrack"",""khinsider_album_url"":""https://downloads.khinsider.com/game-soundtracks/album/ghostbusters-the-video-game-2009-nds-gamerip"",""khinsider_album_title"":""Ghostbusters - The Video Game (ghostbusters-the-video-game-2009-nds-gamerip)"",""khinsider_album_kind"":""official_or_gamerip"",""khinsider_album_match_score"":100.0,""relevance_score_100"":100.0,""popularity_score_100"":40.440022310886995,""score_100"":76.1760089243548,""popularity_basis"":""BeatHit master-list game rank plus track position proxy""}"
15,Boss 03 Intro,Unknown credited artist,[],Ghostbusters (ghostbusters-gamerip-2016),,,"[""video game soundtrack""]","[""und""]",,,,Ghostbusters: The Video Game,,,khinsider_track_prominence_proxy,40.230022310886994,score_0_100,,,,76.0920089243548,,,,https://downloads.khinsider.com/game-soundtracks/album/ghostbusters-gamerip-2016,2026-10-05,Track title is taken from KHInsider's soundtrack/gamerip album index. Popularity is an explicitly labelled proxy based on BeatHit game rank and track prominence.,"{""culture_category"":""video_game_music"",""video_game"":""Ghostbusters: The Video Game"",""game_rank"":2145,""game_association_kind"":""khinsider_game_soundtrack"",""khinsider_album_url"":""https://downloads.khinsider.com/game-soundtracks/album/ghostbusters-gamerip-2016"",""khinsider_album_title"":""Ghostbusters (ghostbusters-gamerip-2016)"",""khinsider_album_kind"":""official_or_gamerip"",""khinsider_album_match_score"":100.0,""relevance_score_100"":100.0,""popularity_score_100"":40.230022310886994,""score_100"":76.0920089243548,""popularity_basis"":""BeatHit master-list game rank plus track position proxy""}"
16,Ent Para 07,Unknown credited artist,[],Ghostbusters - The Video Game (ghostbusters-the-video-game-2009-nds-gamerip),,,"[""video game soundtrack""]","[""und""]",,,,Ghostbusters: The Video Game,,,khinsider_track_prominence_proxy,40.230022310886994,score_0_100,,,,76.0920089243548,,,,https://downloads.khinsider.com/game-soundtracks/album/ghostbusters-the-video-game-2009-nds-gamerip,2026-10-05,Track title is taken from KHInsider's soundtrack/gamerip album index. Popularity is an explicitly labelled proxy based on BeatHit game rank and track prominence.,"{""culture_category"":""video_game_music"",""video_game"":""Ghostbusters: The Video Game"",""game_rank"":2145,""game_association_kind"":""khinsider_game_soundtrack"",""khinsider_album_url"":""https://downloads.khinsider.com/game-soundtracks/album/ghostbusters-the-video-game-2009-nds-gamerip"",""khinsider_album_title"":""Ghostbusters - The Video Game (ghostbusters-the-video-game-2009-nds-gamerip)"",""khinsider_album_kind"":""official_or_gamerip"",""khinsider_album_match_score"":100.0,""relevance_score_100"":100.0,""popularity_score_100"":40.230022310886994,""score_100"":76.0920089243548,""popularity_basis"":""BeatHit master-list game rank plus track position proxy""}"
17,Boss 03 Loop,Unknown credited artist,[],Ghostbusters (ghostbusters-gamerip-2016),,,"[""video game soundtrack""]","[""und""]",,,,Ghostbusters: The Video Game,,,khinsider_track_prominence_proxy,40.02002231088699,score_0_100,,,,76.0080089243548,,,,https://downloads.khinsider.com/game-soundtracks/album/ghostbusters-gamerip-2016,2026-10-05,Track title is taken from KHInsider's soundtrack/gamerip album index. Popularity is an explicitly labelled proxy based on BeatHit game rank and track prominence.,"{""culture_category"":""video_game_music"",""video_game"":""Ghostbusters: The Video Game"",""game_rank"":2145,""game_association_kind"":""khinsider_game_soundtrack"",""khinsider_album_url"":""https://downloads.khinsider.com/game-soundtracks/album/ghostbusters-gamerip-2016"",""khinsider_album_title"":""Ghostbusters (ghostbusters-gamerip-2016)"",""khinsider_album_kind"":""official_or_gamerip"",""khinsider_album_match_score"":100.0,""relevance_score_100"":100.0,""popularity_score_100"":40.02002231088699,""score_100"":76.0080089243548,""popularity_basis"":""BeatHit master-list game rank plus track position proxy""}"
18,Scene Gbt,Unknown credited artist,[],Ghostbusters - The Video Game (ghostbusters-the-video-game-2009-nds-gamerip),,,"[""video game soundtrack""]","[""und""]",,,,Ghostbusters: The Video Game,,,khinsider_track_prominence_proxy,40.02002231088699,score_0_100,,,,76.0080089243548,,,,https://downloads.khinsider.com/game-soundtracks/album/ghostbusters-the-video-game-2009-nds-gamerip,2026-10-05,Track title is taken from KHInsider's soundtrack/gamerip album index. Popularity is an explicitly labelled proxy based on BeatHit game rank and track prominence.,"{""culture_category"":""video_game_music"",""video_game"":""Ghostbusters: The Video Game"",""game_rank"":2145,""game_association_kind"":""khinsider_game_soundtrack"",""khinsider_album_url"":""https://downloads.khinsider.com/game-soundtracks/album/ghostbusters-the-video-game-2009-nds-gamerip"",""khinsider_album_title"":""Ghostbusters - The Video Game (ghostbusters-the-video-game-2009-nds-gamerip)"",""khinsider_album_kind"":""official_or_gamerip"",""khinsider_album_match_score"":100.0,""relevance_score_100"":100.0,""popularity_score_100"":40.02002231088699,""score_100"":76.0080089243548,""popularity_basis"":""BeatHit master-list game rank plus track position proxy""}"
19,Combat 02 Intro,Unknown credited artist,[],Ghostbusters (ghostbusters-gamerip-2016),,,"[""video game soundtrack""]","[""und""]",,,,Ghostbusters: The Video Game,,,khinsider_track_prominence_proxy,39.81002231088699,score_0_100,,,,75.9240089243548,,,,https://downloads.khinsider.com/game-soundtracks/album/ghostbusters-gamerip-2016,2026-10-05,Track title is taken from KHInsider's soundtrack/gamerip album index. Popularity is an explicitly labelled proxy based on BeatHit game rank and track prominence.,"{""culture_category"":""video_game_music"",""video_game"":""Ghostbusters: The Video Game"",""game_rank"":2145,""game_association_kind"":""khinsider_game_soundtrack"",""khinsider_album_url"":""https://downloads.khinsider.com/game-soundtracks/album/ghostbusters-gamerip-2016"",""khinsider_album_title"":""Ghostbusters (ghostbusters-gamerip-2016)"",""khinsider_album_kind"":""official_or_gamerip"",""khinsider_album_match_score"":100.0,""relevance_score_100"":100.0,""popularity_score_100"":39.81002231088699,""score_100"":75.9240089243548,""popularity_basis"":""BeatHit master-list game rank plus track position proxy""}"
20,Scene Intro End,Unknown credited artist,[],Ghostbusters - The Video Game (ghostbusters-the-video-game-2009-nds-gamerip),,,"[""video game soundtrack""]","[""und""]",,,,Ghostbusters: The Video Game,,,khinsider_track_prominence_proxy,39.81002231088699,score_0_100,,,,75.9240089243548,,,,https://downloads.khinsider.com/game-soundtracks/album/ghostbusters-the-video-game-2009-nds-gamerip,2026-10-05,Track title is taken from KHInsider's soundtrack/gamerip album index. Popularity is an explicitly labelled proxy based on BeatHit game rank and track prominence.,"{""culture_category"":""video_game_music"",""video_game"":""Ghostbusters: The Video Game"",""game_rank"":2145,""game_association_kind"":""khinsider_game_soundtrack"",""khinsider_album_url"":""https://downloads.khinsider.com/game-soundtracks/album/ghostbusters-the-video-game-2009-nds-gamerip"",""khinsider_album_title"":""Ghostbusters - The Video Game (ghostbusters-the-video-game-2009-nds-gamerip)"",""khinsider_album_kind"":""official_or_gamerip"",""khinsider_album_match_score"":100.0,""relevance_score_100"":100.0,""popularity_score_100"":39.81002231088699,""score_100"":75.9240089243548,""popularity_basis"":""BeatHit master-list game rank plus track position proxy""}"
21,Combat 02 Loop,Unknown credited artist,[],Ghostbusters (ghostbusters-gamerip-2016),,,"[""video game soundtrack""]","[""und""]",,,,Ghostbusters: The Video Game,,,khinsider_track_prominence_proxy,39.60002231088699,score_0_100,,,,75.8400089243548,,,,https://downloads.khinsider.com/game-soundtracks/album/ghostbusters-gamerip-2016,2026-10-05,Track title is taken from KHInsider's soundtrack/gamerip album index. Popularity is an explicitly labelled proxy based on BeatHit game rank and track prominence.,"{""culture_category"":""video_game_music"",""video_game"":""Ghostbusters: The Video Game"",""game_rank"":2145,""game_association_kind"":""khinsider_game_soundtrack"",""khinsider_album_url"":""https://downloads.khinsider.com/game-soundtracks/album/ghostbusters-gamerip-2016"",""khinsider_album_title"":""Ghostbusters (ghostbusters-gamerip-2016)"",""khinsider_album_kind"":""official_or_gamerip"",""khinsider_album_match_score"":100.0,""relevance_score_100"":100.0,""popularity_score_100"":39.60002231088699,""score_100"":75.8400089243548,""popularity_basis"":""BeatHit master-list game rank plus track position proxy""}"
22,Scene Intro Para,Unknown credited artist,[],Ghostbusters - The Video Game (ghostbusters-the-video-game-2009-nds-gamerip),,,"[""video game soundtrack""]","[""und""]",,,,Ghostbusters: The Video Game,,,khinsider_track_prominence_proxy,39.60002231088699,score_0_100,,,,75.8400089243548,,,,https://downloads.khinsider.com/game-soundtracks/album/ghostbusters-the-video-game-2009-nds-gamerip,2026-10-05,Track title is taken from KHInsider's soundtrack/gamerip album index. Popularity is an explicitly labelled proxy based on BeatHit game rank and track prominence.,"{""culture_category"":""video_game_music"",""video_game"":""Ghostbusters: The Video Game"",""game_rank"":2145,""game_association_kind"":""khinsider_game_soundtrack"",""khinsider_album_url"":""https://downloads.khinsider.com/game-soundtracks/album/ghostbusters-the-video-game-2009-nds-gamerip"",""khinsider_album_title"":""Ghostbusters - The Video Game (ghostbusters-the-video-game-2009-nds-gamerip)"",""khinsider_album_kind"":""official_or_gamerip"",""khinsider_album_match_score"":100.0,""relevance_score_100"":100.0,""popularity_score_100"":39.60002231088699,""score_100"":75.8400089243548,""popularity_basis"":""BeatHit master-list game rank plus track position proxy""}"
23,Combat 03 Alt Beginning Intro,Unknown credited artist,[],Ghostbusters (ghostbusters-gamerip-2016),,,"[""video game soundtrack""]","[""und""]",,,,Ghostbusters: The Video Game,,,khinsider_track_prominence_proxy,39.39002231088699,score_0_100,,,,75.7560089243548,,,,https://downloads.khinsider.com/game-soundtracks/album/ghostbusters-gamerip-2016,2026-10-05,Track title is taken from KHInsider's soundtrack/gamerip album index. Popularity is an explicitly labelled proxy based on BeatHit game rank and track prominence.,"{""culture_category"":""video_game_music"",""video_game"":""Ghostbusters: The Video Game"",""game_rank"":2145,""game_association_kind"":""khinsider_game_soundtrack"",""khinsider_album_url"":""https://downloads.khinsider.com/game-soundtracks/album/ghostbusters-gamerip-2016"",""khinsider_album_title"":""Ghostbusters (ghostbusters-gamerip-2016)"",""khinsider_album_kind"":""official_or_gamerip"",""khinsider_album_match_score"":100.0,""relevance_score_100"":100.0,""popularity_score_100"":39.39002231088699,""score_100"":75.7560089243548,""popularity_basis"":""BeatHit master-list game rank plus track position proxy""}"
24,Scene Intro Start,Unknown credited artist,[],Ghostbusters - The Video Game (ghostbusters-the-video-game-2009-nds-gamerip),,,"[""video game soundtrack""]","[""und""]",,,,Ghostbusters: The Video Game,,,khinsider_track_prominence_proxy,39.39002231088699,score_0_100,,,,75.7560089243548,,,,https://downloads.khinsider.com/game-soundtracks/album/ghostbusters-the-video-game-2009-nds-gamerip,2026-10-05,Track title is taken from KHInsider's soundtrack/gamerip album index. Popularity is an explicitly labelled proxy based on BeatHit game rank and track prominence.,"{""culture_category"":""video_game_music"",""video_game"":""Ghostbusters: The Video Game"",""game_rank"":2145,""game_association_kind"":""khinsider_game_soundtrack"",""khinsider_album_url"":""https://downloads.khinsider.com/game-soundtracks/album/ghostbusters-the-video-game-2009-nds-gamerip"",""khinsider_album_title"":""Ghostbusters - The Video Game (ghostbusters-the-video-game-2009-nds-gamerip)"",""khinsider_album_kind"":""official_or_gamerip"",""khinsider_album_match_score"":100.0,""relevance_score_100"":100.0,""popularity_score_100"":39.39002231088699,""score_100"":75.7560089243548,""popularity_basis"":""BeatHit master-list game rank plus track position proxy""}"
25,Combat 03 Alt Beginning Loop,Unknown credited artist,[],Ghostbusters (ghostbusters-gamerip-2016),,,"[""video game soundtrack""]","[""und""]",,,,Ghostbusters: The Video Game,,,khinsider_track_prominence_proxy,39.18002231088699,score_0_100,,,,75.6720089243548,,,,https://downloads.khinsider.com/game-soundtracks/album/ghostbusters-gamerip-2016,2026-10-05,Track title is taken from KHInsider's soundtrack/gamerip album index. Popularity is an explicitly labelled proxy based on BeatHit game rank and track prominence.,"{""culture_category"":""video_game_music"",""video_game"":""Ghostbusters: The Video Game"",""game_rank"":2145,""game_association_kind"":""khinsider_game_soundtrack"",""khinsider_album_url"":""https://downloads.khinsider.com/game-soundtracks/album/ghostbusters-gamerip-2016"",""khinsider_album_title"":""Ghostbusters (ghostbusters-gamerip-2016)"",""khinsider_album_kind"":""official_or_gamerip"",""khinsider_album_match_score"":100.0,""relevance_score_100"":100.0,""popularity_score_100"":39.18002231088699,""score_100"":75.6720089243548,""popularity_basis"":""BeatHit master-list game rank plus track position proxy""}"
26,Ing 01,Unknown credited artist,[],Ghostbusters - The Video Game (ghostbusters-the-video-game-2009-nds-gamerip),,,"[""video game soundtrack""]","[""und""]",,,,Ghostbusters: The Video Game,,,khinsider_track_prominence_proxy,39.18002231088699,score_0_100,,,,75.6720089243548,,,,https://downloads.khinsider.com/game-soundtracks/album/ghostbusters-the-video-game-2009-nds-gamerip,2026-10-05,Track title is taken from KHInsider's soundtrack/gamerip album index. Popularity is an explicitly labelled proxy based on BeatHit game rank and track prominence.,"{""culture_category"":""video_game_music"",""video_game"":""Ghostbusters: The Video Game"",""game_rank"":2145,""game_association_kind"":""khinsider_game_soundtrack"",""khinsider_album_url"":""https://downloads.khinsider.com/game-soundtracks/album/ghostbusters-the-video-game-2009-nds-gamerip"",""khinsider_album_title"":""Ghostbusters - The Video Game (ghostbusters-the-video-game-2009-nds-gamerip)"",""khinsider_album_kind"":""official_or_gamerip"",""khinsider_album_match_score"":100.0,""relevance_score_100"":100.0,""popularity_score_100"":39.18002231088699,""score_100"":75.6720089243548,""popularity_basis"":""BeatHit master-list game rank plus track position proxy""}"
27,Combat 01 Cemetery Intro,Unknown credited artist,[],Ghostbusters (ghostbusters-gamerip-2016),,,"[""video game soundtrack""]","[""und""]",,,,Ghostbusters: The Video Game,,,khinsider_track_prominence_proxy,38.970022310886996,score_0_100,,,,75.5880089243548,,,,https://downloads.khinsider.com/game-soundtracks/album/ghostbusters-gamerip-2016,2026-10-05,Track title is taken from KHInsider's soundtrack/gamerip album index. Popularity is an explicitly labelled proxy based on BeatHit game rank and track prominence.,"{""culture_category"":""video_game_music"",""video_game"":""Ghostbusters: The Video Game"",""game_rank"":2145,""game_association_kind"":""khinsider_game_soundtrack"",""khinsider_album_url"":""https://downloads.khinsider.com/game-soundtracks/album/ghostbusters-gamerip-2016"",""khinsider_album_title"":""Ghostbusters (ghostbusters-gamerip-2016)"",""khinsider_album_kind"":""official_or_gamerip"",""khinsider_album_match_score"":100.0,""relevance_score_100"":100.0,""popularity_score_100"":38.970022310886996,""score_100"":75.5880089243548,""popularity_basis"":""BeatHit master-list game rank plus track position proxy""}"
28,Ge 01,Unknown credited artist,[],Ghostbusters - The Video Game (ghostbusters-the-video-game-2009-nds-gamerip),,,"[""video game soundtrack""]","[""und""]",,,,Ghostbusters: The Video Game,,,khinsider_track_prominence_proxy,38.970022310886996,score_0_100,,,,75.5880089243548,,,,https://downloads.khinsider.com/game-soundtracks/album/ghostbusters-the-video-game-2009-nds-gamerip,2026-10-05,Track title is taken from KHInsider's soundtrack/gamerip album index. Popularity is an explicitly labelled proxy based on BeatHit game rank and track prominence.,"{""culture_category"":""video_game_music"",""video_game"":""Ghostbusters: The Video Game"",""game_rank"":2145,""game_association_kind"":""khinsider_game_soundtrack"",""khinsider_album_url"":""https://downloads.khinsider.com/game-soundtracks/album/ghostbusters-the-video-game-2009-nds-gamerip"",""khinsider_album_title"":""Ghostbusters - The Video Game (ghostbusters-the-video-game-2009-nds-gamerip)"",""khinsider_album_kind"":""official_or_gamerip"",""khinsider_album_match_score"":100.0,""relevance_score_100"":100.0,""popularity_score_100"":38.970022310886996,""score_100"":75.5880089243548,""popularity_basis"":""BeatHit master-list game rank plus track position proxy""}"
29,Combat 01 Cemetery Loop,Unknown credited artist,[],Ghostbusters (ghostbusters-gamerip-2016),,,"[""video game soundtrack""]","[""und""]",,,,Ghostbusters: The Video Game,,,khinsider_track_prominence_proxy,38.760022310886995,score_0_100,,,,75.50400892435479,,,,https://downloads.khinsider.com/game-soundtracks/album/ghostbusters-gamerip-2016,2026-10-05,Track title is taken from KHInsider's soundtrack/gamerip album index. Popularity is an explicitly labelled proxy based on BeatHit game rank and track prominence.,"{""culture_category"":""video_game_music"",""video_game"":""Ghostbusters: The Video Game"",""game_rank"":2145,""game_association_kind"":""khinsider_game_soundtrack"",""khinsider_album_url"":""https://downloads.khinsider.com/game-soundtracks/album/ghostbusters-gamerip-2016"",""khinsider_album_title"":""Ghostbusters (ghostbusters-gamerip-2016)"",""khinsider_album_kind"":""official_or_gamerip"",""khinsider_album_match_score"":100.0,""relevance_score_100"":100.0,""popularity_score_100"":38.760022310886995,""score_100"":75.50400892435479,""popularity_basis"":""BeatHit master-list game rank plus track position proxy""}"
30,05 Test,Unknown credited artist,[],Ghostbusters - The Video Game (ghostbusters-the-video-game-2009-nds-gamerip),,,"[""video game soundtrack""]","[""und""]",,,,Ghostbusters: The Video Game,,,khinsider_track_prominence_proxy,38.760022310886995,score_0_100,,,,75.50400892435479,,,,https://downloads.khinsider.com/game-soundtracks/album/ghostbusters-the-video-game-2009-nds-gamerip,2026-10-05,Track title is taken from KHInsider's soundtrack/gamerip album index. Popularity is an explicitly labelled proxy based on BeatHit game rank and track prominence.,"{""culture_category"":""video_game_music"",""video_game"":""Ghostbusters: The Video Game"",""game_rank"":2145,""game_association_kind"":""khinsider_game_soundtrack"",""khinsider_album_url"":""https://downloads.khinsider.com/game-soundtracks/album/ghostbusters-the-video-game-2009-nds-gamerip"",""khinsider_album_title"":""Ghostbusters - The Video Game (ghostbusters-the-video-game-2009-nds-gamerip)"",""khinsider_album_kind"":""official_or_gamerip"",""khinsider_album_match_score"":100.0,""relevance_score_100"":100.0,""popularity_score_100"":38.760022310886995,""score_100"":75.50400892435479,""popularity_basis"":""BeatHit master-list game rank plus track position proxy""}"
31,Explore 01 Intro,Unknown credited artist,[],Ghostbusters (ghostbusters-gamerip-2016),,,"[""video game soundtrack""]","[""und""]",,,,Ghostbusters: The Video Game,,,khinsider_track_prominence_proxy,38.550022310886995,score_0_100,,,,75.4200089243548,,,,https://downloads.khinsider.com/game-soundtracks/album/ghostbusters-gamerip-2016,2026-10-05,Track title is taken from KHInsider's soundtrack/gamerip album index. Popularity is an explicitly labelled proxy based on BeatHit game rank and track prominence.,"{""culture_category"":""video_game_music"",""video_game"":""Ghostbusters: The Video Game"",""game_rank"":2145,""game_association_kind"":""khinsider_game_soundtrack"",""khinsider_album_url"":""https://downloads.khinsider.com/game-soundtracks/album/ghostbusters-gamerip-2016"",""khinsider_album_title"":""Ghostbusters (ghostbusters-gamerip-2016)"",""khinsider_album_kind"":""official_or_gamerip"",""khinsider_album_match_score"":100.0,""relevance_score_100"":100.0,""popularity_score_100"":38.550022310886995,""score_100"":75.4200089243548,""popularity_basis"":""BeatHit master-list game rank plus track position proxy""}"
32,06 Test,Unknown credited artist,[],Ghostbusters - The Video Game (ghostbusters-the-video-game-2009-nds-gamerip),,,"[""video game soundtrack""]","[""und""]",,,,Ghostbusters: The Video Game,,,khinsider_track_prominence_proxy,38.550022310886995,score_0_100,,,,75.4200089243548,,,,https://downloads.khinsider.com/game-soundtracks/album/ghostbusters-the-video-game-2009-nds-gamerip,2026-10-05,Track title is taken from KHInsider's soundtrack/gamerip album index. Popularity is an explicitly labelled proxy based on BeatHit game rank and track prominence.,"{""culture_category"":""video_game_music"",""video_game"":""Ghostbusters: The Video Game"",""game_rank"":2145,""game_association_kind"":""khinsider_game_soundtrack"",""khinsider_album_url"":""https://downloads.khinsider.com/game-soundtracks/album/ghostbusters-the-video-game-2009-nds-gamerip"",""khinsider_album_title"":""Ghostbusters - The Video Game (ghostbusters-the-video-game-2009-nds-gamerip)"",""khinsider_album_kind"":""official_or_gamerip"",""khinsider_album_match_score"":100.0,""relevance_score_100"":100.0,""popularity_score_100"":38.550022310886995,""score_100"":75.4200089243548,""popularity_basis"":""BeatHit master-list game rank plus track position proxy""}"
33,Explore 01 Loop,Unknown credited artist,[],Ghostbusters (ghostbusters-gamerip-2016),,,"[""video game soundtrack""]","[""und""]",,,,Ghostbusters: The Video Game,,,khinsider_track_prominence_proxy,38.340022310886994,score_0_100,,,,75.3360089243548,,,,https://downloads.khinsider.com/game-soundtracks/album/ghostbusters-gamerip-2016,2026-10-05,Track title is taken from KHInsider's soundtrack/gamerip album index. Popularity is an explicitly labelled proxy based on BeatHit game rank and track prominence.,"{""culture_category"":""video_game_music"",""video_game"":""Ghostbusters: The Video Game"",""game_rank"":2145,""game_association_kind"":""khinsider_game_soundtrack"",""khinsider_album_url"":""https://downloads.khinsider.com/game-soundtracks/album/ghostbusters-gamerip-2016"",""khinsider_album_title"":""Ghostbusters (ghostbusters-gamerip-2016)"",""khinsider_album_kind"":""official_or_gamerip"",""khinsider_album_match_score"":100.0,""relevance_score_100"":100.0,""popularity_score_100"":38.340022310886994,""score_100"":75.3360089243548,""popularity_basis"":""BeatHit master-list game rank plus track position proxy""}"
34,07 Test,Unknown credited artist,[],Ghostbusters - The Video Game (ghostbusters-the-video-game-2009-nds-gamerip),,,"[""video game soundtrack""]","[""und""]",,,,Ghostbusters: The Video Game,,,khinsider_track_prominence_proxy,38.340022310886994,score_0_100,,,,75.3360089243548,,,,https://downloads.khinsider.com/game-soundtracks/album/ghostbusters-the-video-game-2009-nds-gamerip,2026-10-05,Track title is taken from KHInsider's soundtrack/gamerip album index. Popularity is an explicitly labelled proxy based on BeatHit game rank and track prominence.,"{""culture_category"":""video_game_music"",""video_game"":""Ghostbusters: The Video Game"",""game_rank"":2145,""game_association_kind"":""khinsider_game_soundtrack"",""khinsider_album_url"":""https://downloads.khinsider.com/game-soundtracks/album/ghostbusters-the-video-game-2009-nds-gamerip"",""khinsider_album_title"":""Ghostbusters - The Video Game (ghostbusters-the-video-game-2009-nds-gamerip)"",""khinsider_album_kind"":""official_or_gamerip"",""khinsider_album_match_score"":100.0,""relevance_score_100"":100.0,""popularity_score_100"":38.340022310886994,""score_100"":75.3360089243548,""popularity_basis"":""BeatHit master-list game rank plus track position proxy""}"
35,Explore 02 Intro,Unknown credited artist,[],Ghostbusters (ghostbusters-gamerip-2016),,,"[""video game soundtrack""]","[""und""]",,,,Ghostbusters: The Video Game,,,khinsider_track_prominence_proxy,38.13002231088699,score_0_100,,,,75.2520089243548,,,,https://downloads.khinsider.com/game-soundtracks/album/ghostbusters-gamerip-2016,2026-10-05,Track title is taken from KHInsider's soundtrack/gamerip album index. Popularity is an explicitly labelled proxy based on BeatHit game rank and track prominence.,"{""culture_category"":""video_game_music"",""video_game"":""Ghostbusters: The Video Game"",""game_rank"":2145,""game_association_kind"":""khinsider_game_soundtrack"",""khinsider_album_url"":""https://downloads.khinsider.com/game-soundtracks/album/ghostbusters-gamerip-2016"",""khinsider_album_title"":""Ghostbusters (ghostbusters-gamerip-2016)"",""khinsider_album_kind"":""official_or_gamerip"",""khinsider_album_match_score"":100.0,""relevance_score_100"":100.0,""popularity_score_100"":38.13002231088699,""score_100"":75.2520089243548,""popularity_basis"":""BeatHit master-list game rank plus track position proxy""}"
36,Ambient Mus 01,Unknown credited artist,[],Ghostbusters - The Video Game (ghostbusters-the-video-game-2009-nds-gamerip),,,"[""video game soundtrack""]","[""und""]",,,,Ghostbusters: The Video Game,,,khinsider_track_prominence_proxy,38.13002231088699,score_0_100,,,,75.2520089243548,,,,https://downloads.khinsider.com/game-soundtracks/album/ghostbusters-the-video-game-2009-nds-gamerip,2026-10-05,Track title is taken from KHInsider's soundtrack/gamerip album index. Popularity is an explicitly labelled proxy based on BeatHit game rank and track prominence.,"{""culture_category"":""video_game_music"",""video_game"":""Ghostbusters: The Video Game"",""game_rank"":2145,""game_association_kind"":""khinsider_game_soundtrack"",""khinsider_album_url"":""https://downloads.khinsider.com/game-soundtracks/album/ghostbusters-the-video-game-2009-nds-gamerip"",""khinsider_album_title"":""Ghostbusters - The Video Game (ghostbusters-the-video-game-2009-nds-gamerip)"",""khinsider_album_kind"":""official_or_gamerip"",""khinsider_album_match_score"":100.0,""relevance_score_100"":100.0,""popularity_score_100"":38.13002231088699,""score_100"":75.2520089243548,""popularity_basis"":""BeatHit master-list game rank plus track position proxy""}"
37,Explore 02 Loop,Unknown credited artist,[],Ghostbusters (ghostbusters-gamerip-2016),,,"[""video game soundtrack""]","[""und""]",,,,Ghostbusters: The Video Game,,,khinsider_track_prominence_proxy,37.920022310887,score_0_100,,,,75.16800892435481,,,,https://downloads.khinsider.com/game-soundtracks/album/ghostbusters-gamerip-2016,2026-10-05,Track title is taken from KHInsider's soundtrack/gamerip album index. Popularity is an explicitly labelled proxy based on BeatHit game rank and track prominence.,"{""culture_category"":""video_game_music"",""video_game"":""Ghostbusters: The Video Game"",""game_rank"":2145,""game_association_kind"":""khinsider_game_soundtrack"",""khinsider_album_url"":""https://downloads.khinsider.com/game-soundtracks/album/ghostbusters-gamerip-2016"",""khinsider_album_title"":""Ghostbusters (ghostbusters-gamerip-2016)"",""khinsider_album_kind"":""official_or_gamerip"",""khinsider_album_match_score"":100.0,""relevance_score_100"":100.0,""popularity_score_100"":37.920022310887,""score_100"":75.16800892435481,""popularity_basis"":""BeatHit master-list game rank plus track position proxy""}"
38,Ambient Mus 02,Unknown credited artist,[],Ghostbusters - The Video Game (ghostbusters-the-video-game-2009-nds-gamerip),,,"[""video game soundtrack""]","[""und""]",,,,Ghostbusters: The Video Game,,,khinsider_track_prominence_proxy,37.920022310887,score_0_100,,,,75.16800892435481,,,,https://downloads.khinsider.com/game-soundtracks/album/ghostbusters-the-video-game-2009-nds-gamerip,2026-10-05,Track title is taken from KHInsider's soundtrack/gamerip album index. Popularity is an explicitly labelled proxy based on BeatHit game rank and track prominence.,"{""culture_category"":""video_game_music"",""video_game"":""Ghostbusters: The Video Game"",""game_rank"":2145,""game_association_kind"":""khinsider_game_soundtrack"",""khinsider_album_url"":""https://downloads.khinsider.com/game-soundtracks/album/ghostbusters-the-video-game-2009-nds-gamerip"",""khinsider_album_title"":""Ghostbusters - The Video Game (ghostbusters-the-video-game-2009-nds-gamerip)"",""khinsider_album_kind"":""official_or_gamerip"",""khinsider_album_match_score"":100.0,""relevance_score_100"":100.0,""popularity_score_100"":37.920022310887,""score_100"":75.16800892435481,""popularity_basis"":""BeatHit master-list game rank plus track position proxy""}"
39,Explore 03 Alt Beginning Intro,Unknown credited artist,[],Ghostbusters (ghostbusters-gamerip-2016),,,"[""video game soundtrack""]","[""und""]",,,,Ghostbusters: The Video Game,,,khinsider_track_prominence_proxy,37.710022310887,score_0_100,,,,75.0840089243548,,,,https://downloads.khinsider.com/game-soundtracks/album/ghostbusters-gamerip-2016,2026-10-05,Track title is taken from KHInsider's soundtrack/gamerip album index. Popularity is an explicitly labelled proxy based on BeatHit game rank and track prominence.,"{""culture_category"":""video_game_music"",""video_game"":""Ghostbusters: The Video Game"",""game_rank"":2145,""game_association_kind"":""khinsider_game_soundtrack"",""khinsider_album_url"":""https://downloads.khinsider.com/game-soundtracks/album/ghostbusters-gamerip-2016"",""khinsider_album_title"":""Ghostbusters (ghostbusters-gamerip-2016)"",""khinsider_album_kind"":""official_or_gamerip"",""khinsider_album_match_score"":100.0,""relevance_score_100"":100.0,""popularity_score_100"":37.710022310887,""score_100"":75.0840089243548,""popularity_basis"":""BeatHit master-list game rank plus track position proxy""}"
40,Ambient Mus 03 Loop,Unknown credited artist,[],Ghostbusters - The Video Game (ghostbusters-the-video-game-2009-nds-gamerip),,,"[""video game soundtrack""]","[""und""]",,,,Ghostbusters: The Video Game,,,khinsider_track_prominence_proxy,37.710022310887,score_0_100,,,,75.0840089243548,,,,https://downloads.khinsider.com/game-soundtracks/album/ghostbusters-the-video-game-2009-nds-gamerip,2026-10-05,Track title is taken from KHInsider's soundtrack/gamerip album index. Popularity is an explicitly labelled proxy based on BeatHit game rank and track prominence.,"{""culture_category"":""video_game_music"",""video_game"":""Ghostbusters: The Video Game"",""game_rank"":2145,""game_association_kind"":""khinsider_game_soundtrack"",""khinsider_album_url"":""https://downloads.khinsider.com/game-soundtracks/album/ghostbusters-the-video-game-2009-nds-gamerip"",""khinsider_album_title"":""Ghostbusters - The Video Game (ghostbusters-the-video-game-2009-nds-gamerip)"",""khinsider_album_kind"":""official_or_gamerip"",""khinsider_album_match_score"":100.0,""relevance_score_100"":100.0,""popularity_score_100"":37.710022310887,""score_100"":75.0840089243548,""popularity_basis"":""BeatHit master-list game rank plus track position proxy""}"
41,Explore 03 Alt Beginning Loop,Unknown credited artist,[],Ghostbusters (ghostbusters-gamerip-2016),,,"[""video game soundtrack""]","[""und""]",,,,Ghostbusters: The Video Game,,,khinsider_track_prominence_proxy,37.500022310887,score_0_100,,,,75.0000089243548,,,,https://downloads.khinsider.com/game-soundtracks/album/ghostbusters-gamerip-2016,2026-10-05,Track title is taken from KHInsider's soundtrack/gamerip album index. Popularity is an explicitly labelled proxy based on BeatHit game rank and track prominence.,"{""culture_category"":""video_game_music"",""video_game"":""Ghostbusters: The Video Game"",""game_rank"":2145,""game_association_kind"":""khinsider_game_soundtrack"",""khinsider_album_url"":""https://downloads.khinsider.com/game-soundtracks/album/ghostbusters-gamerip-2016"",""khinsider_album_title"":""Ghostbusters (ghostbusters-gamerip-2016)"",""khinsider_album_kind"":""official_or_gamerip"",""khinsider_album_match_score"":100.0,""relevance_score_100"":100.0,""popularity_score_100"":37.500022310887,""score_100"":75.0000089243548,""popularity_basis"":""BeatHit master-list game rank plus track position proxy""}"
42,Ambient Mus 04,Unknown credited artist,[],Ghostbusters - The Video Game (ghostbusters-the-video-game-2009-nds-gamerip),,,"[""video game soundtrack""]","[""und""]",,,,Ghostbusters: The Video Game,,,khinsider_track_prominence_proxy,37.500022310887,score_0_100,,,,75.0000089243548,,,,https://downloads.khinsider.com/game-soundtracks/album/ghostbusters-the-video-game-2009-nds-gamerip,2026-10-05,Track title is taken from KHInsider's soundtrack/gamerip album index. Popularity is an explicitly labelled proxy based on BeatHit game rank and track prominence.,"{""culture_category"":""video_game_music"",""video_game"":""Ghostbusters: The Video Game"",""game_rank"":2145,""game_association_kind"":""khinsider_game_soundtrack"",""khinsider_album_url"":""https://downloads.khinsider.com/game-soundtracks/album/ghostbusters-the-video-game-2009-nds-gamerip"",""khinsider_album_title"":""Ghostbusters - The Video Game (ghostbusters-the-video-game-2009-nds-gamerip)"",""khinsider_album_kind"":""official_or_gamerip"",""khinsider_album_match_score"":100.0,""relevance_score_100"":100.0,""popularity_score_100"":37.500022310887,""score_100"":75.0000089243548,""popularity_basis"":""BeatHit master-list game rank plus track position proxy""}"
43,Book Formation,Unknown credited artist,[],Ghostbusters (ghostbusters-gamerip-2016),,,"[""video game soundtrack""]","[""und""]",,,,Ghostbusters: The Video Game,,,khinsider_track_prominence_proxy,37.290022310887,score_0_100,,,,74.9160089243548,,,,https://downloads.khinsider.com/game-soundtracks/album/ghostbusters-gamerip-2016,2026-10-05,Track title is taken from KHInsider's soundtrack/gamerip album index. Popularity is an explicitly labelled proxy based on BeatHit game rank and track prominence.,"{""culture_category"":""video_game_music"",""video_game"":""Ghostbusters: The Video Game"",""game_rank"":2145,""game_association_kind"":""khinsider_game_soundtrack"",""khinsider_album_url"":""https://downloads.khinsider.com/game-soundtracks/album/ghostbusters-gamerip-2016"",""khinsider_album_title"":""Ghostbusters (ghostbusters-gamerip-2016)"",""khinsider_album_kind"":""official_or_gamerip"",""khinsider_album_match_score"":100.0,""relevance_score_100"":100.0,""popularity_score_100"":37.290022310887,""score_100"":74.9160089243548,""popularity_basis"":""BeatHit master-list game rank plus track position proxy""}"
44,Ambient Mus 05,Unknown credited artist,[],Ghostbusters - The Video Game (ghostbusters-the-video-game-2009-nds-gamerip),,,"[""video game soundtrack""]","[""und""]",,,,Ghostbusters: The Video Game,,,khinsider_track_prominence_proxy,37.290022310887,score_0_100,,,,74.9160089243548,,,,https://downloads.khinsider.com/game-soundtracks/album/ghostbusters-the-video-game-2009-nds-gamerip,2026-10-05,Track title is taken from KHInsider's soundtrack/gamerip album index. Popularity is an explicitly labelled proxy based on BeatHit game rank and track prominence.,"{""culture_category"":""video_game_music"",""video_game"":""Ghostbusters: The Video Game"",""game_rank"":2145,""game_association_kind"":""khinsider_game_soundtrack"",""khinsider_album_url"":""https://downloads.khinsider.com/game-soundtracks/album/ghostbusters-the-video-game-2009-nds-gamerip"",""khinsider_album_title"":""Ghostbusters - The Video Game (ghostbusters-the-video-game-2009-nds-gamerip)"",""khinsider_album_kind"":""official_or_gamerip"",""khinsider_album_match_score"":100.0,""relevance_score_100"":100.0,""popularity_score_100"":37.290022310887,""score_100"":74.9160089243548,""popularity_basis"":""BeatHit master-list game rank plus track position proxy""}"
45,Ghostbusters - Menu,Unknown credited artist,[],Ghostbusters (ghostbusters-commodore-64),,,"[""video game soundtrack""]","[""und""]",,,,Ghostbusters: The Video Game,,,khinsider_track_prominence_proxy,41.70002231088699,score_0_100,,,,74.8800089243548,,,,https://downloads.khinsider.com/game-soundtracks/album/ghostbusters-commodore-64,2026-10-05,Track title is taken from KHInsider's soundtrack/gamerip album index. Popularity is an explicitly labelled proxy based on BeatHit game rank and track prominence.,"{""culture_category"":""video_game_music"",""video_game"":""Ghostbusters: The Video Game"",""game_rank"":2145,""game_association_kind"":""khinsider_game_soundtrack"",""khinsider_album_url"":""https://downloads.khinsider.com/game-soundtracks/album/ghostbusters-commodore-64"",""khinsider_album_title"":""Ghostbusters (ghostbusters-commodore-64)"",""khinsider_album_kind"":""unclassified_game_album"",""khinsider_album_match_score"":100.0,""relevance_score_100"":97.0,""popularity_score_100"":41.70002231088699,""score_100"":74.8800089243548,""popularity_basis"":""BeatHit master-list game rank plus track position proxy""}"
46,Main Theme,Unknown credited artist,[],Ghostbusters (ghostbusters-master-system),,,"[""video game soundtrack""]","[""und""]",,,,Ghostbusters: The Video Game,,,khinsider_track_prominence_proxy,41.70002231088699,score_0_100,,,,74.8800089243548,,,,https://downloads.khinsider.com/game-soundtracks/album/ghostbusters-master-system,2026-10-05,Track title is taken from KHInsider's soundtrack/gamerip album index. Popularity is an explicitly labelled proxy based on BeatHit game rank and track prominence.,"{""culture_category"":""video_game_music"",""video_game"":""Ghostbusters: The Video Game"",""game_rank"":2145,""game_association_kind"":""khinsider_game_soundtrack"",""khinsider_album_url"":""https://downloads.khinsider.com/game-soundtracks/album/ghostbusters-master-system"",""khinsider_album_title"":""Ghostbusters (ghostbusters-master-system)"",""khinsider_album_kind"":""unclassified_game_album"",""khinsider_album_match_score"":100.0,""relevance_score_100"":97.0,""popularity_score_100"":41.70002231088699,""score_100"":74.8800089243548,""popularity_basis"":""BeatHit master-list game rank plus track position proxy""}"
47,Ghostbusters!,Unknown credited artist,[],Ghostbusters (ghostbusters-nes),,,"[""video game soundtrack""]","[""und""]",,,,Ghostbusters: The Video Game,,,khinsider_track_prominence_proxy,41.70002231088699,score_0_100,,,,74.8800089243548,,,,https://downloads.khinsider.com/game-soundtracks/album/ghostbusters-nes,2026-10-05,Track title is taken from KHInsider's soundtrack/gamerip album index. Popularity is an explicitly labelled proxy based on BeatHit game rank and track prominence.,"{""culture_category"":""video_game_music"",""video_game"":""Ghostbusters: The Video Game"",""game_rank"":2145,""game_association_kind"":""khinsider_game_soundtrack"",""khinsider_album_url"":""https://downloads.khinsider.com/game-soundtracks/album/ghostbusters-nes"",""khinsider_album_title"":""Ghostbusters (ghostbusters-nes)"",""khinsider_album_kind"":""unclassified_game_album"",""khinsider_album_match_score"":100.0,""relevance_score_100"":97.0,""popularity_score_100"":41.70002231088699,""score_100"":74.8800089243548,""popularity_basis"":""BeatHit master-list game rank plus track position proxy""}"
48,13thfloor Mirror Reveal Mid,Unknown credited artist,[],Ghostbusters - The Video Game (ghostbusters-the-video-game),,,"[""video game soundtrack""]","[""und""]",,,,Ghostbusters: The Video Game,,,khinsider_track_prominence_proxy,41.70002231088699,score_0_100,,,,74.8800089243548,,,,https://downloads.khinsider.com/game-soundtracks/album/ghostbusters-the-video-game,2026-10-05,Track title is taken from KHInsider's soundtrack/gamerip album index. Popularity is an explicitly labelled proxy based on BeatHit game rank and track prominence.,"{""culture_category"":""video_game_music"",""video_game"":""Ghostbusters: The Video Game"",""game_rank"":2145,""game_association_kind"":""khinsider_game_soundtrack"",""khinsider_album_url"":""https://downloads.khinsider.com/game-soundtracks/album/ghostbusters-the-video-game"",""khinsider_album_title"":""Ghostbusters - The Video Game (ghostbusters-the-video-game)"",""khinsider_album_kind"":""unclassified_game_album"",""khinsider_album_match_score"":100.0,""relevance_score_100"":97.0,""popularity_score_100"":41.70002231088699,""score_100"":74.8800089243548,""popularity_basis"":""BeatHit master-list game rank plus track position proxy""}"
49,Boss Lady,Unknown credited artist,[],Ghostbusters (ghostbusters-gamerip-2016),,,"[""video game soundtrack""]","[""und""]",,,,Ghostbusters: The Video Game,,,khinsider_track_prominence_proxy,37.080022310886996,score_0_100,,,,74.8320089243548,,,,https://downloads.khinsider.com/game-soundtracks/album/ghostbusters-gamerip-2016,2026-10-05,Track title is taken from KHInsider's soundtrack/gamerip album index. Popularity is an explicitly labelled proxy based on BeatHit game rank and track prominence.,"{""culture_category"":""video_game_music"",""video_game"":""Ghostbusters: The Video Game"",""game_rank"":2145,""game_association_kind"":""khinsider_game_soundtrack"",""khinsider_album_url"":""https://downloads.khinsider.com/game-soundtracks/album/ghostbusters-gamerip-2016"",""khinsider_album_title"":""Ghostbusters (ghostbusters-gamerip-2016)"",""khinsider_album_kind"":""official_or_gamerip"",""khinsider_album_match_score"":100.0,""relevance_score_100"":100.0,""popularity_score_100"":37.080022310886996,""score_100"":74.8320089243548,""popularity_basis"":""BeatHit master-list game rank plus track position proxy""}"
50,Ambient Mus 06,Unknown credited artist,[],Ghostbusters - The Video Game (ghostbusters-the-video-game-2009-nds-gamerip),,,"[""video game soundtrack""]","[""und""]",,,,Ghostbusters: The Video Game,,,khinsider_track_prominence_proxy,37.080022310886996,score_0_100,,,,74.8320089243548,,,,https://downloads.khinsider.com/game-soundtracks/album/ghostbusters-the-video-game-2009-nds-gamerip,2026-10-05,Track title is taken from KHInsider's soundtrack/gamerip album index. Popularity is an explicitly labelled proxy based on BeatHit game rank and track prominence.,"{""culture_category"":""video_game_music"",""video_game"":""Ghostbusters: The Video Game"",""game_rank"":2145,""game_association_kind"":""khinsider_game_soundtrack"",""khinsider_album_url"":""https://downloads.khinsider.com/game-soundtracks/album/ghostbusters-the-video-game-2009-nds-gamerip"",""khinsider_album_title"":""Ghostbusters - The Video Game (ghostbusters-the-video-game-2009-nds-gamerip)"",""khinsider_album_kind"":""official_or_gamerip"",""khinsider_album_match_score"":100.0,""relevance_score_100"":100.0,""popularity_score_100"":37.080022310886996,""score_100"":74.8320089243548,""popularity_basis"":""BeatHit master-list game rank plus track position proxy""}"
51,Ending,Unknown credited artist,[],Ghostbusters (ghostbusters-master-system),,,"[""video game soundtrack""]","[""und""]",,,,Ghostbusters: The Video Game,,,khinsider_track_prominence_proxy,41.49002231088699,score_0_100,,,,74.7960089243548,,,,https://downloads.khinsider.com/game-soundtracks/album/ghostbusters-master-system,2026-10-05,Track title is taken from KHInsider's soundtrack/gamerip album index. Popularity is an explicitly labelled proxy based on BeatHit game rank and track prominence.,"{""culture_category"":""video_game_music"",""video_game"":""Ghostbusters: The Video Game"",""game_rank"":2145,""game_association_kind"":""khinsider_game_soundtrack"",""khinsider_album_url"":""https://downloads.khinsider.com/game-soundtracks/album/ghostbusters-master-system"",""khinsider_album_title"":""Ghostbusters (ghostbusters-master-system)"",""khinsider_album_kind"":""unclassified_game_album"",""khinsider_album_match_score"":100.0,""relevance_score_100"":97.0,""popularity_score_100"":41.49002231088699,""score_100"":74.7960089243548,""popularity_basis"":""BeatHit master-list game rank plus track position proxy""}"
52,Character Select,Unknown credited artist,[],Ghostbusters (ghostbusters-mega-drive),,,"[""video game soundtrack""]","[""und""]",,,,Ghostbusters: The Video Game,,,khinsider_track_prominence_proxy,41.49002231088699,score_0_100,,,,74.7960089243548,,,,https://downloads.khinsider.com/game-soundtracks/album/ghostbusters-mega-drive,2026-10-05,Track title is taken from KHInsider's soundtrack/gamerip album index. Popularity is an explicitly labelled proxy based on BeatHit game rank and track prominence.,"{""culture_category"":""video_game_music"",""video_game"":""Ghostbusters: The Video Game"",""game_rank"":2145,""game_association_kind"":""khinsider_game_soundtrack"",""khinsider_album_url"":""https://downloads.khinsider.com/game-soundtracks/album/ghostbusters-mega-drive"",""khinsider_album_title"":""Ghostbusters (ghostbusters-mega-drive)"",""khinsider_album_kind"":""unclassified_game_album"",""khinsider_album_match_score"":100.0,""relevance_score_100"":97.0,""popularity_score_100"":41.49002231088699,""score_100"":74.7960089243548,""popularity_basis"":""BeatHit master-list game rank plus track position proxy""}"
53,Main BGM,Unknown credited artist,[],Ghostbusters (ghostbusters-nes),,,"[""video game soundtrack""]","[""und""]",,,,Ghostbusters: The Video Game,,,khinsider_track_prominence_proxy,41.49002231088699,score_0_100,,,,74.7960089243548,,,,https://downloads.khinsider.com/game-soundtracks/album/ghostbusters-nes,2026-10-05,Track title is taken from KHInsider's soundtrack/gamerip album index. Popularity is an explicitly labelled proxy based on BeatHit game rank and track prominence.,"{""culture_category"":""video_game_music"",""video_game"":""Ghostbusters: The Video Game"",""game_rank"":2145,""game_association_kind"":""khinsider_game_soundtrack"",""khinsider_album_url"":""https://downloads.khinsider.com/game-soundtracks/album/ghostbusters-nes"",""khinsider_album_title"":""Ghostbusters (ghostbusters-nes)"",""khinsider_album_kind"":""unclassified_game_album"",""khinsider_album_match_score"":100.0,""relevance_score_100"":97.0,""popularity_score_100"":41.49002231088699,""score_100"":74.7960089243548,""popularity_basis"":""BeatHit master-list game rank plus track position proxy""}"
54,Amb Library Loop,Unknown credited artist,[],Ghostbusters - The Video Game (ghostbusters-the-video-game),,,"[""video game soundtrack""]","[""und""]",,,,Ghostbusters: The Video Game,,,khinsider_track_prominence_proxy,41.49002231088699,score_0_100,,,,74.7960089243548,,,,https://downloads.khinsider.com/game-soundtracks/album/ghostbusters-the-video-game,2026-10-05,Track title is taken from KHInsider's soundtrack/gamerip album index. Popularity is an explicitly labelled proxy based on BeatHit game rank and track prominence.,"{""culture_category"":""video_game_music"",""video_game"":""Ghostbusters: The Video Game"",""game_rank"":2145,""game_association_kind"":""khinsider_game_soundtrack"",""khinsider_album_url"":""https://downloads.khinsider.com/game-soundtracks/album/ghostbusters-the-video-game"",""khinsider_album_title"":""Ghostbusters - The Video Game (ghostbusters-the-video-game)"",""khinsider_album_kind"":""unclassified_game_album"",""khinsider_album_match_score"":100.0,""relevance_score_100"":97.0,""popularity_score_100"":41.49002231088699,""score_100"":74.7960089243548,""popularity_basis"":""BeatHit master-list game rank plus track position proxy""}"
55,Boss Mayahem,Unknown credited artist,[],Ghostbusters (ghostbusters-gamerip-2016),,,"[""video game soundtrack""]","[""und""]",,,,Ghostbusters: The Video Game,,,khinsider_track_prominence_proxy,36.870022310886995,score_0_100,,,,74.74800892435479,,,,https://downloads.khinsider.com/game-soundtracks/album/ghostbusters-gamerip-2016,2026-10-05,Track title is taken from KHInsider's soundtrack/gamerip album index. Popularity is an explicitly labelled proxy based on BeatHit game rank and track prominence.,"{""culture_category"":""video_game_music"",""video_game"":""Ghostbusters: The Video Game"",""game_rank"":2145,""game_association_kind"":""khinsider_game_soundtrack"",""khinsider_album_url"":""https://downloads.khinsider.com/game-soundtracks/album/ghostbusters-gamerip-2016"",""khinsider_album_title"":""Ghostbusters (ghostbusters-gamerip-2016)"",""khinsider_album_kind"":""official_or_gamerip"",""khinsider_album_match_score"":100.0,""relevance_score_100"":100.0,""popularity_score_100"":36.870022310886995,""score_100"":74.74800892435479,""popularity_basis"":""BeatHit master-list game rank plus track position proxy""}"
56,Ambient Mus 07 Loop,Unknown credited artist,[],Ghostbusters - The Video Game (ghostbusters-the-video-game-2009-nds-gamerip),,,"[""video game soundtrack""]","[""und""]",,,,Ghostbusters: The Video Game,,,khinsider_track_prominence_proxy,36.870022310886995,score_0_100,,,,74.74800892435479,,,,https://downloads.khinsider.com/game-soundtracks/album/ghostbusters-the-video-game-2009-nds-gamerip,2026-10-05,Track title is taken from KHInsider's soundtrack/gamerip album index. Popularity is an explicitly labelled proxy based on BeatHit game rank and track prominence.,"{""culture_category"":""video_game_music"",""video_game"":""Ghostbusters: The Video Game"",""game_rank"":2145,""game_association_kind"":""khinsider_game_soundtrack"",""khinsider_album_url"":""https://downloads.khinsider.com/game-soundtracks/album/ghostbusters-the-video-game-2009-nds-gamerip"",""khinsider_album_title"":""Ghostbusters - The Video Game (ghostbusters-the-video-game-2009-nds-gamerip)"",""khinsider_album_kind"":""official_or_gamerip"",""khinsider_album_match_score"":100.0,""relevance_score_100"":100.0,""popularity_score_100"":36.870022310886995,""score_100"":74.74800892435479,""popularity_basis"":""BeatHit master-list game rank plus track position proxy""}"
57,Game Over,Unknown credited artist,[],Ghostbusters (ghostbusters-master-system),,,"[""video game soundtrack""]","[""und""]",,,,Ghostbusters: The Video Game,,,khinsider_track_prominence_proxy,41.28002231088699,score_0_100,,,,74.71200892435479,,,,https://downloads.khinsider.com/game-soundtracks/album/ghostbusters-master-system,2026-10-05,Track title is taken from KHInsider's soundtrack/gamerip album index. Popularity is an explicitly labelled proxy based on BeatHit game rank and track prominence.,"{""culture_category"":""video_game_music"",""video_game"":""Ghostbusters: The Video Game"",""game_rank"":2145,""game_association_kind"":""khinsider_game_soundtrack"",""khinsider_album_url"":""https://downloads.khinsider.com/game-soundtracks/album/ghostbusters-master-system"",""khinsider_album_title"":""Ghostbusters (ghostbusters-master-system)"",""khinsider_album_kind"":""unclassified_game_album"",""khinsider_album_match_score"":100.0,""relevance_score_100"":97.0,""popularity_score_100"":41.28002231088699,""score_100"":74.71200892435479,""popularity_basis"":""BeatHit master-list game rank plus track position proxy""}"
58,Character Selected,Unknown credited artist,[],Ghostbusters (ghostbusters-mega-drive),,,"[""video game soundtrack""]","[""und""]",,,,Ghostbusters: The Video Game,,,khinsider_track_prominence_proxy,41.28002231088699,score_0_100,,,,74.71200892435479,,,,https://downloads.khinsider.com/game-soundtracks/album/ghostbusters-mega-drive,2026-10-05,Track title is taken from KHInsider's soundtrack/gamerip album index. Popularity is an explicitly labelled proxy based on BeatHit game rank and track prominence.,"{""culture_category"":""video_game_music"",""video_game"":""Ghostbusters: The Video Game"",""game_rank"":2145,""game_association_kind"":""khinsider_game_soundtrack"",""khinsider_album_url"":""https://downloads.khinsider.com/game-soundtracks/album/ghostbusters-mega-drive"",""khinsider_album_title"":""Ghostbusters (ghostbusters-mega-drive)"",""khinsider_album_kind"":""unclassified_game_album"",""khinsider_album_match_score"":100.0,""relevance_score_100"":97.0,""popularity_score_100"":41.28002231088699,""score_100"":74.71200892435479,""popularity_basis"":""BeatHit master-list game rank plus track position proxy""}"
59,Amb Tonal Cem Underground Loop,Unknown credited artist,[],Ghostbusters - The Video Game (ghostbusters-the-video-game),,,"[""video game soundtrack""]","[""und""]",,,,Ghostbusters: The Video Game,,,khinsider_track_prominence_proxy,41.28002231088699,score_0_100,,,,74.71200892435479,,,,https://downloads.khinsider.com/game-soundtracks/album/ghostbusters-the-video-game,2026-10-05,Track title is taken from KHInsider's soundtrack/gamerip album index. Popularity is an explicitly labelled proxy based on BeatHit game rank and track prominence.,"{""culture_category"":""video_game_music"",""video_game"":""Ghostbusters: The Video Game"",""game_rank"":2145,""game_association_kind"":""khinsider_game_soundtrack"",""khinsider_album_url"":""https://downloads.khinsider.com/game-soundtracks/album/ghostbusters-the-video-game"",""khinsider_album_title"":""Ghostbusters - The Video Game (ghostbusters-the-video-game)"",""khinsider_album_kind"":""unclassified_game_album"",""khinsider_album_match_score"":100.0,""relevance_score_100"":97.0,""popularity_score_100"":41.28002231088699,""score_100"":74.71200892435479,""popularity_basis"":""BeatHit master-list game rank plus track position proxy""}"
60,Boss Rowan,Unknown credited artist,[],Ghostbusters (ghostbusters-gamerip-2016),,,"[""video game soundtrack""]","[""und""]",,,,Ghostbusters: The Video Game,,,khinsider_track_prominence_proxy,36.660022310886994,score_0_100,,,,74.6640089243548,,,,https://downloads.khinsider.com/game-soundtracks/album/ghostbusters-gamerip-2016,2026-10-05,Track title is taken from KHInsider's soundtrack/gamerip album index. Popularity is an explicitly labelled proxy based on BeatHit game rank and track prominence.,"{""culture_category"":""video_game_music"",""video_game"":""Ghostbusters: The Video Game"",""game_rank"":2145,""game_association_kind"":""khinsider_game_soundtrack"",""khinsider_album_url"":""https://downloads.khinsider.com/game-soundtracks/album/ghostbusters-gamerip-2016"",""khinsider_album_title"":""Ghostbusters (ghostbusters-gamerip-2016)"",""khinsider_album_kind"":""official_or_gamerip"",""khinsider_album_match_score"":100.0,""relevance_score_100"":100.0,""popularity_score_100"":36.660022310886994,""score_100"":74.6640089243548,""popularity_basis"":""BeatHit master-list game rank plus track position proxy""}"
61,Ambient Mus 08 Loop,Unknown credited artist,[],Ghostbusters - The Video Game (ghostbusters-the-video-game-2009-nds-gamerip),,,"[""video game soundtrack""]","[""und""]",,,,Ghostbusters: The Video Game,,,khinsider_track_prominence_proxy,36.660022310886994,score_0_100,,,,74.6640089243548,,,,https://downloads.khinsider.com/game-soundtracks/album/ghostbusters-the-video-game-2009-nds-gamerip,2026-10-05,Track title is taken from KHInsider's soundtrack/gamerip album index. Popularity is an explicitly labelled proxy based on BeatHit game rank and track prominence.,"{""culture_category"":""video_game_music"",""video_game"":""Ghostbusters: The Video Game"",""game_rank"":2145,""game_association_kind"":""khinsider_game_soundtrack"",""khinsider_album_url"":""https://downloads.khinsider.com/game-soundtracks/album/ghostbusters-the-video-game-2009-nds-gamerip"",""khinsider_album_title"":""Ghostbusters - The Video Game (ghostbusters-the-video-game-2009-nds-gamerip)"",""khinsider_album_kind"":""official_or_gamerip"",""khinsider_album_match_score"":100.0,""relevance_score_100"":100.0,""popularity_score_100"":36.660022310886994,""score_100"":74.6640089243548,""popularity_basis"":""BeatHit master-list game rank plus track position proxy""}"
62,Unknown Music,Unknown credited artist,[],Ghostbusters (ghostbusters-master-system),,,"[""video game soundtrack""]","[""und""]",,,,Ghostbusters: The Video Game,,,khinsider_track_prominence_proxy,41.070022310887,score_0_100,,,,74.62800892435479,,,,https://downloads.khinsider.com/game-soundtracks/album/ghostbusters-master-system,2026-10-05,Track title is taken from KHInsider's soundtrack/gamerip album index. Popularity is an explicitly labelled proxy based on BeatHit game rank and track prominence.,"{""culture_category"":""video_game_music"",""video_game"":""Ghostbusters: The Video Game"",""game_rank"":2145,""game_association_kind"":""khinsider_game_soundtrack"",""khinsider_album_url"":""https://downloads.khinsider.com/game-soundtracks/album/ghostbusters-master-system"",""khinsider_album_title"":""Ghostbusters (ghostbusters-master-system)"",""khinsider_album_kind"":""unclassified_game_album"",""khinsider_album_match_score"":100.0,""relevance_score_100"":97.0,""popularity_score_100"":41.070022310887,""score_100"":74.62800892435479,""popularity_basis"":""BeatHit master-list game rank plus track position proxy""}"
63,Stage Select,Unknown credited artist,[],Ghostbusters (ghostbusters-mega-drive),,,"[""video game soundtrack""]","[""und""]",,,,Ghostbusters: The Video Game,,,khinsider_track_prominence_proxy,41.070022310887,score_0_100,,,,74.62800892435479,,,,https://downloads.khinsider.com/game-soundtracks/album/ghostbusters-mega-drive,2026-10-05,Track title is taken from KHInsider's soundtrack/gamerip album index. Popularity is an explicitly labelled proxy based on BeatHit game rank and track prominence.,"{""culture_category"":""video_game_music"",""video_game"":""Ghostbusters: The Video Game"",""game_rank"":2145,""game_association_kind"":""khinsider_game_soundtrack"",""khinsider_album_url"":""https://downloads.khinsider.com/game-soundtracks/album/ghostbusters-mega-drive"",""khinsider_album_title"":""Ghostbusters (ghostbusters-mega-drive)"",""khinsider_album_kind"":""unclassified_game_album"",""khinsider_album_match_score"":100.0,""relevance_score_100"":97.0,""popularity_score_100"":41.070022310887,""score_100"":74.62800892435479,""popularity_basis"":""BeatHit master-list game rank plus track position proxy""}"
64,Amb Tonal Hotel2 Loop,Unknown credited artist,[],Ghostbusters - The Video Game (ghostbusters-the-video-game),,,"[""video game soundtrack""]","[""und""]",,,,Ghostbusters: The Video Game,,,khinsider_track_prominence_proxy,41.070022310887,score_0_100,,,,74.62800892435479,,,,https://downloads.khinsider.com/game-soundtracks/album/ghostbusters-the-video-game,2026-10-05,Track title is taken from KHInsider's soundtrack/gamerip album index. Popularity is an explicitly labelled proxy based on BeatHit game rank and track prominence.,"{""culture_category"":""video_game_music"",""video_game"":""Ghostbusters: The Video Game"",""game_rank"":2145,""game_association_kind"":""khinsider_game_soundtrack"",""khinsider_album_url"":""https://downloads.khinsider.com/game-soundtracks/album/ghostbusters-the-video-game"",""khinsider_album_title"":""Ghostbusters - The Video Game (ghostbusters-the-video-game)"",""khinsider_album_kind"":""unclassified_game_album"",""khinsider_album_match_score"":100.0,""relevance_score_100"":97.0,""popularity_score_100"":41.070022310887,""score_100"":74.62800892435479,""popularity_basis"":""BeatHit master-list game rank plus track position proxy""}"
65,Boss Sparky,Unknown credited artist,[],Ghostbusters (ghostbusters-gamerip-2016),,,"[""video game soundtrack""]","[""und""]",,,,Ghostbusters: The Video Game,,,khinsider_track_prominence_proxy,36.45002231088699,score_0_100,,,,74.5800089243548,,,,https://downloads.khinsider.com/game-soundtracks/album/ghostbusters-gamerip-2016,2026-10-05,Track title is taken from KHInsider's soundtrack/gamerip album index. Popularity is an explicitly labelled proxy based on BeatHit game rank and track prominence.,"{""culture_category"":""video_game_music"",""video_game"":""Ghostbusters: The Video Game"",""game_rank"":2145,""game_association_kind"":""khinsider_game_soundtrack"",""khinsider_album_url"":""https://downloads.khinsider.com/game-soundtracks/album/ghostbusters-gamerip-2016"",""khinsider_album_title"":""Ghostbusters (ghostbusters-gamerip-2016)"",""khinsider_album_kind"":""official_or_gamerip"",""khinsider_album_match_score"":100.0,""relevance_score_100"":100.0,""popularity_score_100"":36.45002231088699,""score_100"":74.5800089243548,""popularity_basis"":""BeatHit master-list game rank plus track position proxy""}"
66,Ambient Mus K 05,Unknown credited artist,[],Ghostbusters - The Video Game (ghostbusters-the-video-game-2009-nds-gamerip),,,"[""video game soundtrack""]","[""und""]",,,,Ghostbusters: The Video Game,,,khinsider_track_prominence_proxy,36.45002231088699,score_0_100,,,,74.5800089243548,,,,https://downloads.khinsider.com/game-soundtracks/album/ghostbusters-the-video-game-2009-nds-gamerip,2026-10-05,Track title is taken from KHInsider's soundtrack/gamerip album index. Popularity is an explicitly labelled proxy based on BeatHit game rank and track prominence.,"{""culture_category"":""video_game_music"",""video_game"":""Ghostbusters: The Video Game"",""game_rank"":2145,""game_association_kind"":""khinsider_game_soundtrack"",""khinsider_album_url"":""https://downloads.khinsider.com/game-soundtracks/album/ghostbusters-the-video-game-2009-nds-gamerip"",""khinsider_album_title"":""Ghostbusters - The Video Game (ghostbusters-the-video-game-2009-nds-gamerip)"",""khinsider_album_kind"":""official_or_gamerip"",""khinsider_album_match_score"":100.0,""relevance_score_100"":100.0,""popularity_score_100"":36.45002231088699,""score_100"":74.5800089243548,""popularity_basis"":""BeatHit master-list game rank plus track position proxy""}"
67,Stage Introduction,Unknown credited artist,[],Ghostbusters (ghostbusters-mega-drive),,,"[""video game soundtrack""]","[""und""]",,,,Ghostbusters: The Video Game,,,khinsider_track_prominence_proxy,40.860022310887,score_0_100,,,,74.5440089243548,,,,https://downloads.khinsider.com/game-soundtracks/album/ghostbusters-mega-drive,2026-10-05,Track title is taken from KHInsider's soundtrack/gamerip album index. Popularity is an explicitly labelled proxy based on BeatHit game rank and track prominence.,"{""culture_category"":""video_game_music"",""video_game"":""Ghostbusters: The Video Game"",""game_rank"":2145,""game_association_kind"":""khinsider_game_soundtrack"",""khinsider_album_url"":""https://downloads.khinsider.com/game-soundtracks/album/ghostbusters-mega-drive"",""khinsider_album_title"":""Ghostbusters (ghostbusters-mega-drive)"",""khinsider_album_kind"":""unclassified_game_album"",""khinsider_album_match_score"":100.0,""relevance_score_100"":97.0,""popularity_score_100"":40.860022310887,""score_100"":74.5440089243548,""popularity_basis"":""BeatHit master-list game rank plus track position proxy""}"
68,Amb Tonal Ice Loop,Unknown credited artist,[],Ghostbusters - The Video Game (ghostbusters-the-video-game),,,"[""video game soundtrack""]","[""und""]",,,,Ghostbusters: The Video Game,,,khinsider_track_prominence_proxy,40.860022310887,score_0_100,,,,74.5440089243548,,,,https://downloads.khinsider.com/game-soundtracks/album/ghostbusters-the-video-game,2026-10-05,Track title is taken from KHInsider's soundtrack/gamerip album index. Popularity is an explicitly labelled proxy based on BeatHit game rank and track prominence.,"{""culture_category"":""video_game_music"",""video_game"":""Ghostbusters: The Video Game"",""game_rank"":2145,""game_association_kind"":""khinsider_game_soundtrack"",""khinsider_album_url"":""https://downloads.khinsider.com/game-soundtracks/album/ghostbusters-the-video-game"",""khinsider_album_title"":""Ghostbusters - The Video Game (ghostbusters-the-video-game)"",""khinsider_album_kind"":""unclassified_game_album"",""khinsider_album_match_score"":100.0,""relevance_score_100"":97.0,""popularity_score_100"":40.860022310887,""score_100"":74.5440089243548,""popularity_basis"":""BeatHit master-list game rank plus track position proxy""}"
69,Brass Hit 01,Unknown credited artist,[],Ghostbusters (ghostbusters-gamerip-2016),,,"[""video game soundtrack""]","[""und""]",,,,Ghostbusters: The Video Game,,,khinsider_track_prominence_proxy,36.24002231088699,score_0_100,,,,74.4960089243548,,,,https://downloads.khinsider.com/game-soundtracks/album/ghostbusters-gamerip-2016,2026-10-05,Track title is taken from KHInsider's soundtrack/gamerip album index. Popularity is an explicitly labelled proxy based on BeatHit game rank and track prominence.,"{""culture_category"":""video_game_music"",""video_game"":""Ghostbusters: The Video Game"",""game_rank"":2145,""game_association_kind"":""khinsider_game_soundtrack"",""khinsider_album_url"":""https://downloads.khinsider.com/game-soundtracks/album/ghostbusters-gamerip-2016"",""khinsider_album_title"":""Ghostbusters (ghostbusters-gamerip-2016)"",""khinsider_album_kind"":""official_or_gamerip"",""khinsider_album_match_score"":100.0,""relevance_score_100"":100.0,""popularity_score_100"":36.24002231088699,""score_100"":74.4960089243548,""popularity_basis"":""BeatHit master-list game rank plus track position proxy""}"
70,Mission Complete,Unknown credited artist,[],Ghostbusters - The Video Game (ghostbusters-the-video-game-2009-nds-gamerip),,,"[""video game soundtrack""]","[""und""]",,,,Ghostbusters: The Video Game,,,khinsider_track_prominence_proxy,36.24002231088699,score_0_100,,,,74.4960089243548,,,,https://downloads.khinsider.com/game-soundtracks/album/ghostbusters-the-video-game-2009-nds-gamerip,2026-10-05,Track title is taken from KHInsider's soundtrack/gamerip album index. Popularity is an explicitly labelled proxy based on BeatHit game rank and track prominence.,"{""culture_category"":""video_game_music"",""video_game"":""Ghostbusters: The Video Game"",""game_rank"":2145,""game_association_kind"":""khinsider_game_soundtrack"",""khinsider_album_url"":""https://downloads.khinsider.com/game-soundtracks/album/ghostbusters-the-video-game-2009-nds-gamerip"",""khinsider_album_title"":""Ghostbusters - The Video Game (ghostbusters-the-video-game-2009-nds-gamerip)"",""khinsider_album_kind"":""official_or_gamerip"",""khinsider_album_match_score"":100.0,""relevance_score_100"":100.0,""popularity_score_100"":36.24002231088699,""score_100"":74.4960089243548,""popularity_basis"":""BeatHit master-list game rank plus track position proxy""}"
71,1st Case - Home Sweet Home,Unknown credited artist,[],Ghostbusters (ghostbusters-mega-drive),,,"[""video game soundtrack""]","[""und""]",,,,Ghostbusters: The Video Game,,,khinsider_track_prominence_proxy,40.650022310886996,score_0_100,,,,74.4600089243548,,,,https://downloads.khinsider.com/game-soundtracks/album/ghostbusters-mega-drive,2026-10-05,Track title is taken from KHInsider's soundtrack/gamerip album index. Popularity is an explicitly labelled proxy based on BeatHit game rank and track prominence.,"{""culture_category"":""video_game_music"",""video_game"":""Ghostbusters: The Video Game"",""game_rank"":2145,""game_association_kind"":""khinsider_game_soundtrack"",""khinsider_album_url"":""https://downloads.khinsider.com/game-soundtracks/album/ghostbusters-mega-drive"",""khinsider_album_title"":""Ghostbusters (ghostbusters-mega-drive)"",""khinsider_album_kind"":""unclassified_game_album"",""khinsider_album_match_score"":100.0,""relevance_score_100"":97.0,""popularity_score_100"":40.650022310886996,""score_100"":74.4600089243548,""popularity_basis"":""BeatHit master-list game rank plus track position proxy""}"
72,Ambient Tv Behind Door Loop 1,Unknown credited artist,[],Ghostbusters - The Video Game (ghostbusters-the-video-game),,,"[""video game soundtrack""]","[""und""]",,,,Ghostbusters: The Video Game,,,khinsider_track_prominence_proxy,40.650022310886996,score_0_100,,,,74.4600089243548,,,,https://downloads.khinsider.com/game-soundtracks/album/ghostbusters-the-video-game,2026-10-05,Track title is taken from KHInsider's soundtrack/gamerip album index. Popularity is an explicitly labelled proxy based on BeatHit game rank and track prominence.,"{""culture_category"":""video_game_music"",""video_game"":""Ghostbusters: The Video Game"",""game_rank"":2145,""game_association_kind"":""khinsider_game_soundtrack"",""khinsider_album_url"":""https://downloads.khinsider.com/game-soundtracks/album/ghostbusters-the-video-game"",""khinsider_album_title"":""Ghostbusters - The Video Game (ghostbusters-the-video-game)"",""khinsider_album_kind"":""unclassified_game_album"",""khinsider_album_match_score"":100.0,""relevance_score_100"":97.0,""popularity_score_100"":40.650022310886996,""score_100"":74.4600089243548,""popularity_basis"":""BeatHit master-list game rank plus track position proxy""}"
73,Brass Hit 02,Unknown credited artist,[],Ghostbusters (ghostbusters-gamerip-2016),,,"[""video game soundtrack""]","[""und""]",,,,Ghostbusters: The Video Game,,,khinsider_track_prominence_proxy,36.03002231088699,score_0_100,,,,74.4120089243548,,,,https://downloads.khinsider.com/game-soundtracks/album/ghostbusters-gamerip-2016,2026-10-05,Track title is taken from KHInsider's soundtrack/gamerip album index. Popularity is an explicitly labelled proxy based on BeatHit game rank and track prominence.,"{""culture_category"":""video_game_music"",""video_game"":""Ghostbusters: The Video Game"",""game_rank"":2145,""game_association_kind"":""khinsider_game_soundtrack"",""khinsider_album_url"":""https://downloads.khinsider.com/game-soundtracks/album/ghostbusters-gamerip-2016"",""khinsider_album_title"":""Ghostbusters (ghostbusters-gamerip-2016)"",""khinsider_album_kind"":""official_or_gamerip"",""khinsider_album_match_score"":100.0,""relevance_score_100"":100.0,""popularity_score_100"":36.03002231088699,""score_100"":74.4120089243548,""popularity_basis"":""BeatHit master-list game rank plus track position proxy""}"
74,Pause Menu,Unknown credited artist,[],Ghostbusters (ghostbusters-mega-drive),,,"[""video game soundtrack""]","[""und""]",,,,Ghostbusters: The Video Game,,,khinsider_track_prominence_proxy,40.440022310886995,score_0_100,,,,74.37600892435479,,,,https://downloads.khinsider.com/game-soundtracks/album/ghostbusters-mega-drive,2026-10-05,Track title is taken from KHInsider's soundtrack/gamerip album index. Popularity is an explicitly labelled proxy based on BeatHit game rank and track prominence.,"{""culture_category"":""video_game_music"",""video_game"":""Ghostbusters: The Video Game"",""game_rank"":2145,""game_association_kind"":""khinsider_game_soundtrack"",""khinsider_album_url"":""https://downloads.khinsider.com/game-soundtracks/album/ghostbusters-mega-drive"",""khinsider_album_title"":""Ghostbusters (ghostbusters-mega-drive)"",""khinsider_album_kind"":""unclassified_game_album"",""khinsider_album_match_score"":100.0,""relevance_score_100"":97.0,""popularity_score_100"":40.440022310886995,""score_100"":74.37600892435479,""popularity_basis"":""BeatHit master-list game rank plus track position proxy""}"
75,Ambient Tv Behind Door Loop 2,Unknown credited artist,[],Ghostbusters - The Video Game (ghostbusters-the-video-game),,,"[""video game soundtrack""]","[""und""]",,,,Ghostbusters: The Video Game,,,khinsider_track_prominence_proxy,40.440022310886995,score_0_100,,,,74.37600892435479,,,,https://downloads.khinsider.com/game-soundtracks/album/ghostbusters-the-video-game,2026-10-05,Track title is taken from KHInsider's soundtrack/gamerip album index. Popularity is an explicitly labelled proxy based on BeatHit game rank and track prominence.,"{""culture_category"":""video_game_music"",""video_game"":""Ghostbusters: The Video Game"",""game_rank"":2145,""game_association_kind"":""khinsider_game_soundtrack"",""khinsider_album_url"":""https://downloads.khinsider.com/game-soundtracks/album/ghostbusters-the-video-game"",""khinsider_album_title"":""Ghostbusters - The Video Game (ghostbusters-the-video-game)"",""khinsider_album_kind"":""unclassified_game_album"",""khinsider_album_match_score"":100.0,""relevance_score_100"":97.0,""popularity_score_100"":40.440022310886995,""score_100"":74.37600892435479,""popularity_basis"":""BeatHit master-list game rank plus track position proxy""}"
76,Cinematic 01a Zombies,Unknown credited artist,[],Ghostbusters (ghostbusters-gamerip-2016),,,"[""video game soundtrack""]","[""und""]",,,,Ghostbusters: The Video Game,,,khinsider_track_prominence_proxy,35.820022310887,score_0_100,,,,74.3280089243548,,,,https://downloads.khinsider.com/game-soundtracks/album/ghostbusters-gamerip-2016,2026-10-05,Track title is taken from KHInsider's soundtrack/gamerip album index. Popularity is an explicitly labelled proxy based on BeatHit game rank and track prominence.,"{""culture_category"":""video_game_music"",""video_game"":""Ghostbusters: The Video Game"",""game_rank"":2145,""game_association_kind"":""khinsider_game_soundtrack"",""khinsider_album_url"":""https://downloads.khinsider.com/game-soundtracks/album/ghostbusters-gamerip-2016"",""khinsider_album_title"":""Ghostbusters (ghostbusters-gamerip-2016)"",""khinsider_album_kind"":""official_or_gamerip"",""khinsider_album_match_score"":100.0,""relevance_score_100"":100.0,""popularity_score_100"":35.820022310887,""score_100"":74.3280089243548,""popularity_basis"":""BeatHit master-list game rank plus track position proxy""}"
77,Encounter!,Unknown credited artist,[],Ghostbusters (ghostbusters-mega-drive),,,"[""video game soundtrack""]","[""und""]",,,,Ghostbusters: The Video Game,,,khinsider_track_prominence_proxy,40.230022310886994,score_0_100,,,,74.29200892435479,,,,https://downloads.khinsider.com/game-soundtracks/album/ghostbusters-mega-drive,2026-10-05,Track title is taken from KHInsider's soundtrack/gamerip album index. Popularity is an explicitly labelled proxy based on BeatHit game rank and track prominence.,"{""culture_category"":""video_game_music"",""video_game"":""Ghostbusters: The Video Game"",""game_rank"":2145,""game_association_kind"":""khinsider_game_soundtrack"",""khinsider_album_url"":""https://downloads.khinsider.com/game-soundtracks/album/ghostbusters-mega-drive"",""khinsider_album_title"":""Ghostbusters (ghostbusters-mega-drive)"",""khinsider_album_kind"":""unclassified_game_album"",""khinsider_album_match_score"":100.0,""relevance_score_100"":97.0,""popularity_score_100"":40.230022310886994,""score_100"":74.29200892435479,""popularity_basis"":""BeatHit master-list game rank plus track position proxy""}"
78,Arcade Space Fighter Loop,Unknown credited artist,[],Ghostbusters - The Video Game (ghostbusters-the-video-game),,,"[""video game soundtrack""]","[""und""]",,,,Ghostbusters: The Video Game,,,khinsider_track_prominence_proxy,40.230022310886994,score_0_100,,,,74.29200892435479,,,,https://downloads.khinsider.com/game-soundtracks/album/ghostbusters-the-video-game,2026-10-05,Track title is taken from KHInsider's soundtrack/gamerip album index. Popularity is an explicitly labelled proxy based on BeatHit game rank and track prominence.,"{""culture_category"":""video_game_music"",""video_game"":""Ghostbusters: The Video Game"",""game_rank"":2145,""game_association_kind"":""khinsider_game_soundtrack"",""khinsider_album_url"":""https://downloads.khinsider.com/game-soundtracks/album/ghostbusters-the-video-game"",""khinsider_album_title"":""Ghostbusters - The Video Game (ghostbusters-the-video-game)"",""khinsider_album_kind"":""unclassified_game_album"",""khinsider_album_match_score"":100.0,""relevance_score_100"":97.0,""popularity_score_100"":40.230022310886994,""score_100"":74.29200892435479,""popularity_basis"":""BeatHit master-list game rank plus track position proxy""}"
79,Cinematic 01b Sologhost,Unknown credited artist,[],Ghostbusters (ghostbusters-gamerip-2016),,,"[""video game soundtrack""]","[""und""]",,,,Ghostbusters: The Video Game,,,khinsider_track_prominence_proxy,35.610022310887,score_0_100,,,,74.2440089243548,,,,https://downloads.khinsider.com/game-soundtracks/album/ghostbusters-gamerip-2016,2026-10-05,Track title is taken from KHInsider's soundtrack/gamerip album index. Popularity is an explicitly labelled proxy based on BeatHit game rank and track prominence.,"{""culture_category"":""video_game_music"",""video_game"":""Ghostbusters: The Video Game"",""game_rank"":2145,""game_association_kind"":""khinsider_game_soundtrack"",""khinsider_album_url"":""https://downloads.khinsider.com/game-soundtracks/album/ghostbusters-gamerip-2016"",""khinsider_album_title"":""Ghostbusters (ghostbusters-gamerip-2016)"",""khinsider_album_kind"":""official_or_gamerip"",""khinsider_album_match_score"":100.0,""relevance_score_100"":100.0,""popularity_score_100"":35.610022310887,""score_100"":74.2440089243548,""popularity_basis"":""BeatHit master-list game rank plus track position proxy""}"
80,Mid-Ghost Captured,Unknown credited artist,[],Ghostbusters (ghostbusters-mega-drive),,,"[""video game soundtrack""]","[""und""]",,,,Ghostbusters: The Video Game,,,khinsider_track_prominence_proxy,40.02002231088699,score_0_100,,,,74.2080089243548,,,,https://downloads.khinsider.com/game-soundtracks/album/ghostbusters-mega-drive,2026-10-05,Track title is taken from KHInsider's soundtrack/gamerip album index. Popularity is an explicitly labelled proxy based on BeatHit game rank and track prominence.,"{""culture_category"":""video_game_music"",""video_game"":""Ghostbusters: The Video Game"",""game_rank"":2145,""game_association_kind"":""khinsider_game_soundtrack"",""khinsider_album_url"":""https://downloads.khinsider.com/game-soundtracks/album/ghostbusters-mega-drive"",""khinsider_album_title"":""Ghostbusters (ghostbusters-mega-drive)"",""khinsider_album_kind"":""unclassified_game_album"",""khinsider_album_match_score"":100.0,""relevance_score_100"":97.0,""popularity_score_100"":40.02002231088699,""score_100"":74.2080089243548,""popularity_basis"":""BeatHit master-list game rank plus track position proxy""}"
81,Chant Drone Loop,Unknown credited artist,[],Ghostbusters - The Video Game (ghostbusters-the-video-game),,,"[""video game soundtrack""]","[""und""]",,,,Ghostbusters: The Video Game,,,khinsider_track_prominence_proxy,40.02002231088699,score_0_100,,,,74.2080089243548,,,,https://downloads.khinsider.com/game-soundtracks/album/ghostbusters-the-video-game,2026-10-05,Track title is taken from KHInsider's soundtrack/gamerip album index. Popularity is an explicitly labelled proxy based on BeatHit game rank and track prominence.,"{""culture_category"":""video_game_music"",""video_game"":""Ghostbusters: The Video Game"",""game_rank"":2145,""game_association_kind"":""khinsider_game_soundtrack"",""khinsider_album_url"":""https://downloads.khinsider.com/game-soundtracks/album/ghostbusters-the-video-game"",""khinsider_album_title"":""Ghostbusters - The Video Game (ghostbusters-the-video-game)"",""khinsider_album_kind"":""unclassified_game_album"",""khinsider_album_match_score"":100.0,""relevance_score_100"":97.0,""popularity_score_100"":40.02002231088699,""score_100"":74.2080089243548,""popularity_basis"":""BeatHit master-list game rank plus track position proxy""}"
82,Cinematic 01b Sologhost v1,Unknown credited artist,[],Ghostbusters (ghostbusters-gamerip-2016),,,"[""video game soundtrack""]","[""und""]",,,,Ghostbusters: The Video Game,,,khinsider_track_prominence_proxy,35.400022310886996,score_0_100,,,,74.1600089243548,,,,https://downloads.khinsider.com/game-soundtracks/album/ghostbusters-gamerip-2016,2026-10-05,Track title is taken from KHInsider's soundtrack/gamerip album index. Popularity is an explicitly labelled proxy based on BeatHit game rank and track prominence.,"{""culture_category"":""video_game_music"",""video_game"":""Ghostbusters: The Video Game"",""game_rank"":2145,""game_association_kind"":""khinsider_game_soundtrack"",""khinsider_album_url"":""https://downloads.khinsider.com/game-soundtracks/album/ghostbusters-gamerip-2016"",""khinsider_album_title"":""Ghostbusters (ghostbusters-gamerip-2016)"",""khinsider_album_kind"":""official_or_gamerip"",""khinsider_album_match_score"":100.0,""relevance_score_100"":100.0,""popularity_score_100"":35.400022310886996,""score_100"":74.1600089243548,""popularity_basis"":""BeatHit master-list game rank plus track position proxy""}"
83,Boss Theme,Unknown credited artist,[],Ghostbusters (ghostbusters-mega-drive),,,"[""video game soundtrack""]","[""und""]",,,,Ghostbusters: The Video Game,,,khinsider_track_prominence_proxy,39.81002231088699,score_0_100,,,,74.1240089243548,,,,https://downloads.khinsider.com/game-soundtracks/album/ghostbusters-mega-drive,2026-10-05,Track title is taken from KHInsider's soundtrack/gamerip album index. Popularity is an explicitly labelled proxy based on BeatHit game rank and track prominence.,"{""culture_category"":""video_game_music"",""video_game"":""Ghostbusters: The Video Game"",""game_rank"":2145,""game_association_kind"":""khinsider_game_soundtrack"",""khinsider_album_url"":""https://downloads.khinsider.com/game-soundtracks/album/ghostbusters-mega-drive"",""khinsider_album_title"":""Ghostbusters (ghostbusters-mega-drive)"",""khinsider_album_kind"":""unclassified_game_album"",""khinsider_album_match_score"":100.0,""relevance_score_100"":97.0,""popularity_score_100"":39.81002231088699,""score_100"":74.1240089243548,""popularity_basis"":""BeatHit master-list game rank plus track position proxy""}"
84,Collectable Bellbottoms,Unknown credited artist,[],Ghostbusters - The Video Game (ghostbusters-the-video-game),,,"[""video game soundtrack""]","[""und""]",,,,Ghostbusters: The Video Game,,,khinsider_track_prominence_proxy,39.81002231088699,score_0_100,,,,74.1240089243548,,,,https://downloads.khinsider.com/game-soundtracks/album/ghostbusters-the-video-game,2026-10-05,Track title is taken from KHInsider's soundtrack/gamerip album index. Popularity is an explicitly labelled proxy based on BeatHit game rank and track prominence.,"{""culture_category"":""video_game_music"",""video_game"":""Ghostbusters: The Video Game"",""game_rank"":2145,""game_association_kind"":""khinsider_game_soundtrack"",""khinsider_album_url"":""https://downloads.khinsider.com/game-soundtracks/album/ghostbusters-the-video-game"",""khinsider_album_title"":""Ghostbusters - The Video Game (ghostbusters-the-video-game)"",""khinsider_album_kind"":""unclassified_game_album"",""khinsider_album_match_score"":100.0,""relevance_score_100"":97.0,""popularity_score_100"":39.81002231088699,""score_100"":74.1240089243548,""popularity_basis"":""BeatHit master-list game rank plus track position proxy""}"
85,Cinematic 01c Skulls,Unknown credited artist,[],Ghostbusters (ghostbusters-gamerip-2016),,,"[""video game soundtrack""]","[""und""]",,,,Ghostbusters: The Video Game,,,khinsider_track_prominence_proxy,35.190022310886995,score_0_100,,,,74.0760089243548,,,,https://downloads.khinsider.com/game-soundtracks/album/ghostbusters-gamerip-2016,2026-10-05,Track title is taken from KHInsider's soundtrack/gamerip album index. Popularity is an explicitly labelled proxy based on BeatHit game rank and track prominence.,"{""culture_category"":""video_game_music"",""video_game"":""Ghostbusters: The Video Game"",""game_rank"":2145,""game_association_kind"":""khinsider_game_soundtrack"",""khinsider_album_url"":""https://downloads.khinsider.com/game-soundtracks/album/ghostbusters-gamerip-2016"",""khinsider_album_title"":""Ghostbusters (ghostbusters-gamerip-2016)"",""khinsider_album_kind"":""official_or_gamerip"",""khinsider_album_match_score"":100.0,""relevance_score_100"":100.0,""popularity_score_100"":35.190022310886995,""score_100"":74.0760089243548,""popularity_basis"":""BeatHit master-list game rank plus track position proxy""}"
86,Stage Clear,Unknown credited artist,[],Ghostbusters (ghostbusters-mega-drive),,,"[""video game soundtrack""]","[""und""]",,,,Ghostbusters: The Video Game,,,khinsider_track_prominence_proxy,39.60002231088699,score_0_100,,,,74.0400089243548,,,,https://downloads.khinsider.com/game-soundtracks/album/ghostbusters-mega-drive,2026-10-05,Track title is taken from KHInsider's soundtrack/gamerip album index. Popularity is an explicitly labelled proxy based on BeatHit game rank and track prominence.,"{""culture_category"":""video_game_music"",""video_game"":""Ghostbusters: The Video Game"",""game_rank"":2145,""game_association_kind"":""khinsider_game_soundtrack"",""khinsider_album_url"":""https://downloads.khinsider.com/game-soundtracks/album/ghostbusters-mega-drive"",""khinsider_album_title"":""Ghostbusters (ghostbusters-mega-drive)"",""khinsider_album_kind"":""unclassified_game_album"",""khinsider_album_match_score"":100.0,""relevance_score_100"":97.0,""popularity_score_100"":39.60002231088699,""score_100"":74.0400089243548,""popularity_basis"":""BeatHit master-list game rank plus track position proxy""}"
87,Collectable Bellbottoms Loop,Unknown credited artist,[],Ghostbusters - The Video Game (ghostbusters-the-video-game),,,"[""video game soundtrack""]","[""und""]",,,,Ghostbusters: The Video Game,,,khinsider_track_prominence_proxy,39.60002231088699,score_0_100,,,,74.0400089243548,,,,https://downloads.khinsider.com/game-soundtracks/album/ghostbusters-the-video-game,2026-10-05,Track title is taken from KHInsider's soundtrack/gamerip album index. Popularity is an explicitly labelled proxy based on BeatHit game rank and track prominence.,"{""culture_category"":""video_game_music"",""video_game"":""Ghostbusters: The Video Game"",""game_rank"":2145,""game_association_kind"":""khinsider_game_soundtrack"",""khinsider_album_url"":""https://downloads.khinsider.com/game-soundtracks/album/ghostbusters-the-video-game"",""khinsider_album_title"":""Ghostbusters - The Video Game (ghostbusters-the-video-game)"",""khinsider_album_kind"":""unclassified_game_album"",""khinsider_album_match_score"":100.0,""relevance_score_100"":97.0,""popularity_score_100"":39.60002231088699,""score_100"":74.0400089243548,""popularity_basis"":""BeatHit master-list game rank plus track position proxy""}"
88,Cinematic 01d Doubleghost,Unknown credited artist,[],Ghostbusters (ghostbusters-gamerip-2016),,,"[""video game soundtrack""]","[""und""]",,,,Ghostbusters: The Video Game,,,khinsider_track_prominence_proxy,34.980022310886994,score_0_100,,,,73.99200892435479,,,,https://downloads.khinsider.com/game-soundtracks/album/ghostbusters-gamerip-2016,2026-10-05,Track title is taken from KHInsider's soundtrack/gamerip album index. Popularity is an explicitly labelled proxy based on BeatHit game rank and track prominence.,"{""culture_category"":""video_game_music"",""video_game"":""Ghostbusters: The Video Game"",""game_rank"":2145,""game_association_kind"":""khinsider_game_soundtrack"",""khinsider_album_url"":""https://downloads.khinsider.com/game-soundtracks/album/ghostbusters-gamerip-2016"",""khinsider_album_title"":""Ghostbusters (ghostbusters-gamerip-2016)"",""khinsider_album_kind"":""official_or_gamerip"",""khinsider_album_match_score"":100.0,""relevance_score_100"":100.0,""popularity_score_100"":34.980022310886994,""score_100"":73.99200892435479,""popularity_basis"":""BeatHit master-list game rank plus track position proxy""}"
89,Stage Epilogue,Unknown credited artist,[],Ghostbusters (ghostbusters-mega-drive),,,"[""video game soundtrack""]","[""und""]",,,,Ghostbusters: The Video Game,,,khinsider_track_prominence_proxy,39.39002231088699,score_0_100,,,,73.95600892435479,,,,https://downloads.khinsider.com/game-soundtracks/album/ghostbusters-mega-drive,2026-10-05,Track title is taken from KHInsider's soundtrack/gamerip album index. Popularity is an explicitly labelled proxy based on BeatHit game rank and track prominence.,"{""culture_category"":""video_game_music"",""video_game"":""Ghostbusters: The Video Game"",""game_rank"":2145,""game_association_kind"":""khinsider_game_soundtrack"",""khinsider_album_url"":""https://downloads.khinsider.com/game-soundtracks/album/ghostbusters-mega-drive"",""khinsider_album_title"":""Ghostbusters (ghostbusters-mega-drive)"",""khinsider_album_kind"":""unclassified_game_album"",""khinsider_album_match_score"":100.0,""relevance_score_100"":97.0,""popularity_score_100"":39.39002231088699,""score_100"":73.95600892435479,""popularity_basis"":""BeatHit master-list game rank plus track position proxy""}"
90,Collectable Broccoli Queen,Unknown credited artist,[],Ghostbusters - The Video Game (ghostbusters-the-video-game),,,"[""video game soundtrack""]","[""und""]",,,,Ghostbusters: The Video Game,,,khinsider_track_prominence_proxy,39.39002231088699,score_0_100,,,,73.95600892435479,,,,https://downloads.khinsider.com/game-soundtracks/album/ghostbusters-the-video-game,2026-10-05,Track title is taken from KHInsider's soundtrack/gamerip album index. Popularity is an explicitly labelled proxy based on BeatHit game rank and track prominence.,"{""culture_category"":""video_game_music"",""video_game"":""Ghostbusters: The Video Game"",""game_rank"":2145,""game_association_kind"":""khinsider_game_soundtrack"",""khinsider_album_url"":""https://downloads.khinsider.com/game-soundtracks/album/ghostbusters-the-video-game"",""khinsider_album_title"":""Ghostbusters - The Video Game (ghostbusters-the-video-game)"",""khinsider_album_kind"":""unclassified_game_album"",""khinsider_album_match_score"":100.0,""relevance_score_100"":97.0,""popularity_score_100"":39.39002231088699,""score_100"":73.95600892435479,""popularity_basis"":""BeatHit master-list game rank plus track position proxy""}"
91,Cinematic 01d Doubleghost TmExp,Unknown credited artist,[],Ghostbusters (ghostbusters-gamerip-2016),,,"[""video game soundtrack""]","[""und""]",,,,Ghostbusters: The Video Game,,,khinsider_track_prominence_proxy,34.77002231088699,score_0_100,,,,73.9080089243548,,,,https://downloads.khinsider.com/game-soundtracks/album/ghostbusters-gamerip-2016,2026-10-05,Track title is taken from KHInsider's soundtrack/gamerip album index. Popularity is an explicitly labelled proxy based on BeatHit game rank and track prominence.,"{""culture_category"":""video_game_music"",""video_game"":""Ghostbusters: The Video Game"",""game_rank"":2145,""game_association_kind"":""khinsider_game_soundtrack"",""khinsider_album_url"":""https://downloads.khinsider.com/game-soundtracks/album/ghostbusters-gamerip-2016"",""khinsider_album_title"":""Ghostbusters (ghostbusters-gamerip-2016)"",""khinsider_album_kind"":""official_or_gamerip"",""khinsider_album_match_score"":100.0,""relevance_score_100"":100.0,""popularity_score_100"":34.77002231088699,""score_100"":73.9080089243548,""popularity_basis"":""BeatHit master-list game rank plus track position proxy""}"
92,Shop,Unknown credited artist,[],Ghostbusters (ghostbusters-mega-drive),,,"[""video game soundtrack""]","[""und""]",,,,Ghostbusters: The Video Game,,,khinsider_track_prominence_proxy,39.18002231088699,score_0_100,,,,73.87200892435479,,,,https://downloads.khinsider.com/game-soundtracks/album/ghostbusters-mega-drive,2026-10-05,Track title is taken from KHInsider's soundtrack/gamerip album index. Popularity is an explicitly labelled proxy based on BeatHit game rank and track prominence.,"{""culture_category"":""video_game_music"",""video_game"":""Ghostbusters: The Video Game"",""game_rank"":2145,""game_association_kind"":""khinsider_game_soundtrack"",""khinsider_album_url"":""https://downloads.khinsider.com/game-soundtracks/album/ghostbusters-mega-drive"",""khinsider_album_title"":""Ghostbusters (ghostbusters-mega-drive)"",""khinsider_album_kind"":""unclassified_game_album"",""khinsider_album_match_score"":100.0,""relevance_score_100"":97.0,""popularity_score_100"":39.18002231088699,""score_100"":73.87200892435479,""popularity_basis"":""BeatHit master-list game rank plus track position proxy""}"
93,Collectable Bust Whistle 01,Unknown credited artist,[],Ghostbusters - The Video Game (ghostbusters-the-video-game),,,"[""video game soundtrack""]","[""und""]",,,,Ghostbusters: The Video Game,,,khinsider_track_prominence_proxy,39.18002231088699,score_0_100,,,,73.87200892435479,,,,https://downloads.khinsider.com/game-soundtracks/album/ghostbusters-the-video-game,2026-10-05,Track title is taken from KHInsider's soundtrack/gamerip album index. Popularity is an explicitly labelled proxy based on BeatHit game rank and track prominence.,"{""culture_category"":""video_game_music"",""video_game"":""Ghostbusters: The Video Game"",""game_rank"":2145,""game_association_kind"":""khinsider_game_soundtrack"",""khinsider_album_url"":""https://downloads.khinsider.com/game-soundtracks/album/ghostbusters-the-video-game"",""khinsider_album_title"":""Ghostbusters - The Video Game (ghostbusters-the-video-game)"",""khinsider_album_kind"":""unclassified_game_album"",""khinsider_album_match_score"":100.0,""relevance_score_100"":97.0,""popularity_score_100"":39.18002231088699,""score_100"":73.87200892435479,""popularity_basis"":""BeatHit master-list game rank plus track position proxy""}"
94,Cinematic 02a Skulls,Unknown credited artist,[],Ghostbusters (ghostbusters-gamerip-2016),,,"[""video game soundtrack""]","[""und""]",,,,Ghostbusters: The Video Game,,,khinsider_track_prominence_proxy,34.56002231088699,score_0_100,,,,73.8240089243548,,,,https://downloads.khinsider.com/game-soundtracks/album/ghostbusters-gamerip-2016,2026-10-05,Track title is taken from KHInsider's soundtrack/gamerip album index. Popularity is an explicitly labelled proxy based on BeatHit game rank and track prominence.,"{""culture_category"":""video_game_music"",""video_game"":""Ghostbusters: The Video Game"",""game_rank"":2145,""game_association_kind"":""khinsider_game_soundtrack"",""khinsider_album_url"":""https://downloads.khinsider.com/game-soundtracks/album/ghostbusters-gamerip-2016"",""khinsider_album_title"":""Ghostbusters (ghostbusters-gamerip-2016)"",""khinsider_album_kind"":""official_or_gamerip"",""khinsider_album_match_score"":100.0,""relevance_score_100"":100.0,""popularity_score_100"":34.56002231088699,""score_100"":73.8240089243548,""popularity_basis"":""BeatHit master-list game rank plus track position proxy""}"
95,2nd Case - Apartment,Unknown credited artist,[],Ghostbusters (ghostbusters-mega-drive),,,"[""video game soundtrack""]","[""und""]",,,,Ghostbusters: The Video Game,,,khinsider_track_prominence_proxy,38.970022310886996,score_0_100,,,,73.7880089243548,,,,https://downloads.khinsider.com/game-soundtracks/album/ghostbusters-mega-drive,2026-10-05,Track title is taken from KHInsider's soundtrack/gamerip album index. Popularity is an explicitly labelled proxy based on BeatHit game rank and track prominence.,"{""culture_category"":""video_game_music"",""video_game"":""Ghostbusters: The Video Game"",""game_rank"":2145,""game_association_kind"":""khinsider_game_soundtrack"",""khinsider_album_url"":""https://downloads.khinsider.com/game-soundtracks/album/ghostbusters-mega-drive"",""khinsider_album_title"":""Ghostbusters (ghostbusters-mega-drive)"",""khinsider_album_kind"":""unclassified_game_album"",""khinsider_album_match_score"":100.0,""relevance_score_100"":97.0,""popularity_score_100"":38.970022310886996,""score_100"":73.7880089243548,""popularity_basis"":""BeatHit master-list game rank plus track position proxy""}"
96,Collectable Bust Whistle 02,Unknown credited artist,[],Ghostbusters - The Video Game (ghostbusters-the-video-game),,,"[""video game soundtrack""]","[""und""]",,,,Ghostbusters: The Video Game,,,khinsider_track_prominence_proxy,38.970022310886996,score_0_100,,,,73.7880089243548,,,,https://downloads.khinsider.com/game-soundtracks/album/ghostbusters-the-video-game,2026-10-05,Track title is taken from KHInsider's soundtrack/gamerip album index. Popularity is an explicitly labelled proxy based on BeatHit game rank and track prominence.,"{""culture_category"":""video_game_music"",""video_game"":""Ghostbusters: The Video Game"",""game_rank"":2145,""game_association_kind"":""khinsider_game_soundtrack"",""khinsider_album_url"":""https://downloads.khinsider.com/game-soundtracks/album/ghostbusters-the-video-game"",""khinsider_album_title"":""Ghostbusters - The Video Game (ghostbusters-the-video-game)"",""khinsider_album_kind"":""unclassified_game_album"",""khinsider_album_match_score"":100.0,""relevance_score_100"":97.0,""popularity_score_100"":38.970022310886996,""score_100"":73.7880089243548,""popularity_basis"":""BeatHit master-list game rank plus track position proxy""}"
97,Cinematic 02b Marie Teaser,Unknown credited artist,[],Ghostbusters (ghostbusters-gamerip-2016),,,"[""video game soundtrack""]","[""und""]",,,,Ghostbusters: The Video Game,,,khinsider_track_prominence_proxy,34.35002231088699,score_0_100,,,,73.7400089243548,,,,https://downloads.khinsider.com/game-soundtracks/album/ghostbusters-gamerip-2016,2026-10-05,Track title is taken from KHInsider's soundtrack/gamerip album index. Popularity is an explicitly labelled proxy based on BeatHit game rank and track prominence.,"{""culture_category"":""video_game_music"",""video_game"":""Ghostbusters: The Video Game"",""game_rank"":2145,""game_association_kind"":""khinsider_game_soundtrack"",""khinsider_album_url"":""https://downloads.khinsider.com/game-soundtracks/album/ghostbusters-gamerip-2016"",""khinsider_album_title"":""Ghostbusters (ghostbusters-gamerip-2016)"",""khinsider_album_kind"":""official_or_gamerip"",""khinsider_album_match_score"":100.0,""relevance_score_100"":100.0,""popularity_score_100"":34.35002231088699,""score_100"":73.7400089243548,""popularity_basis"":""BeatHit master-list game rank plus track position proxy""}"
98,3rd Case - Woody House,Unknown credited artist,[],Ghostbusters (ghostbusters-mega-drive),,,"[""video game soundtrack""]","[""und""]",,,,Ghostbusters: The Video Game,,,khinsider_track_prominence_proxy,38.760022310886995,score_0_100,,,,73.7040089243548,,,,https://downloads.khinsider.com/game-soundtracks/album/ghostbusters-mega-drive,2026-10-05,Track title is taken from KHInsider's soundtrack/gamerip album index. Popularity is an explicitly labelled proxy based on BeatHit game rank and track prominence.,"{""culture_category"":""video_game_music"",""video_game"":""Ghostbusters: The Video Game"",""game_rank"":2145,""game_association_kind"":""khinsider_game_soundtrack"",""khinsider_album_url"":""https://downloads.khinsider.com/game-soundtracks/album/ghostbusters-mega-drive"",""khinsider_album_title"":""Ghostbusters (ghostbusters-mega-drive)"",""khinsider_album_kind"":""unclassified_game_album"",""khinsider_album_match_score"":100.0,""relevance_score_100"":97.0,""popularity_score_100"":38.760022310886995,""score_100"":73.7040089243548,""popularity_basis"":""BeatHit master-list game rank plus track position proxy""}"
99,Collectable Bust Whistle 03,Unknown credited artist,[],Ghostbusters - The Video Game (ghostbusters-the-video-game),,,"[""video game soundtrack""]","[""und""]",,,,Ghostbusters: The Video Game,,,khinsider_track_prominence_proxy,38.760022310886995,score_0_100,,,,73.7040089243548,,,,https://downloads.khinsider.com/game-soundtracks/album/ghostbusters-the-video-game,2026-10-05,Track title is taken from KHInsider's soundtrack/gamerip album index. Popularity is an explicitly labelled proxy based on BeatHit game rank and track prominence.,"{""culture_category"":""video_game_music"",""video_game"":""Ghostbusters: The Video Game"",""game_rank"":2145,""game_association_kind"":""khinsider_game_soundtrack"",""khinsider_album_url"":""https://downloads.khinsider.com/game-soundtracks/album/ghostbusters-the-video-game"",""khinsider_album_title"":""Ghostbusters - The Video Game (ghostbusters-the-video-game)"",""khinsider_album_kind"":""unclassified_game_album"",""khinsider_album_match_score"":100.0,""relevance_score_100"":97.0,""popularity_score_100"":38.760022310886995,""score_100"":73.7040089243548,""popularity_basis"":""BeatHit master-list game rank plus track position proxy""}"
100,Cinematic 02b Marie Teaser Short,Unknown credited artist,[],Ghostbusters (ghostbusters-gamerip-2016),,,"[""video game soundtrack""]","[""und""]",,,,Ghostbusters: The Video Game,,,khinsider_track_prominence_proxy,34.14002231088699,score_0_100,,,,73.6560089243548,,,,https://downloads.khinsider.com/game-soundtracks/album/ghostbusters-gamerip-2016,2026-10-05,Track title is taken from KHInsider's soundtrack/gamerip album index. Popularity is an explicitly labelled proxy based on BeatHit game rank and track prominence.,"{""culture_category"":""video_game_music"",""video_game"":""Ghostbusters: The Video Game"",""game_rank"":2145,""game_association_kind"":""khinsider_game_soundtrack"",""khinsider_album_url"":""https://downloads.khinsider.com/game-soundtracks/album/ghostbusters-gamerip-2016"",""khinsider_album_title"":""Ghostbusters (ghostbusters-gamerip-2016)"",""khinsider_album_kind"":""official_or_gamerip"",""khinsider_album_match_score"":100.0,""relevance_score_100"":100.0,""popularity_score_100"":34.14002231088699,""score_100"":73.6560089243548,""popularity_basis"":""BeatHit master-list game rank plus track position proxy""}"
101,4th Case - High-Rise Building,Unknown credited artist,[],Ghostbusters (ghostbusters-mega-drive),,,"[""video game soundtrack""]","[""und""]",,,,Ghostbusters: The Video Game,,,khinsider_track_prominence_proxy,38.550022310886995,score_0_100,,,,73.62000892435479,,,,https://downloads.khinsider.com/game-soundtracks/album/ghostbusters-mega-drive,2026-10-05,Track title is taken from KHInsider's soundtrack/gamerip album index. Popularity is an explicitly labelled proxy based on BeatHit game rank and track prominence.,"{""culture_category"":""video_game_music"",""video_game"":""Ghostbusters: The Video Game"",""game_rank"":2145,""game_association_kind"":""khinsider_game_soundtrack"",""khinsider_album_url"":""https://downloads.khinsider.com/game-soundtracks/album/ghostbusters-mega-drive"",""khinsider_album_title"":""Ghostbusters (ghostbusters-mega-drive)"",""khinsider_album_kind"":""unclassified_game_album"",""khinsider_album_match_score"":100.0,""relevance_score_100"":97.0,""popularity_score_100"":38.550022310886995,""score_100"":73.62000892435479,""popularity_basis"":""BeatHit master-list game rank plus track position proxy""}"
102,Collectable Gallbladder,Unknown credited artist,[],Ghostbusters - The Video Game (ghostbusters-the-video-game),,,"[""video game soundtrack""]","[""und""]",,,,Ghostbusters: The Video Game,,,khinsider_track_prominence_proxy,38.550022310886995,score_0_100,,,,73.62000892435479,,,,https://downloads.khinsider.com/game-soundtracks/album/ghostbusters-the-video-game,2026-10-05,Track title is taken from KHInsider's soundtrack/gamerip album index. Popularity is an explicitly labelled proxy based on BeatHit game rank and track prominence.,"{""culture_category"":""video_game_music"",""video_game"":""Ghostbusters: The Video Game"",""game_rank"":2145,""game_association_kind"":""khinsider_game_soundtrack"",""khinsider_album_url"":""https://downloads.khinsider.com/game-soundtracks/album/ghostbusters-the-video-game"",""khinsider_album_title"":""Ghostbusters - The Video Game (ghostbusters-the-video-game)"",""khinsider_album_kind"":""unclassified_game_album"",""khinsider_album_match_score"":100.0,""relevance_score_100"":97.0,""popularity_score_100"":38.550022310886995,""score_100"":73.62000892435479,""popularity_basis"":""BeatHit master-list game rank plus track position proxy""}"
103,Cinematic 02c Marie,Unknown credited artist,[],Ghostbusters (ghostbusters-gamerip-2016),,,"[""video game soundtrack""]","[""und""]",,,,Ghostbusters: The Video Game,,,khinsider_track_prominence_proxy,33.93002231088699,score_0_100,,,,73.5720089243548,,,,https://downloads.khinsider.com/game-soundtracks/album/ghostbusters-gamerip-2016,2026-10-05,Track title is taken from KHInsider's soundtrack/gamerip album index. Popularity is an explicitly labelled proxy based on BeatHit game rank and track prominence.,"{""culture_category"":""video_game_music"",""video_game"":""Ghostbusters: The Video Game"",""game_rank"":2145,""game_association_kind"":""khinsider_game_soundtrack"",""khinsider_album_url"":""https://downloads.khinsider.com/game-soundtracks/album/ghostbusters-gamerip-2016"",""khinsider_album_title"":""Ghostbusters (ghostbusters-gamerip-2016)"",""khinsider_album_kind"":""official_or_gamerip"",""khinsider_album_match_score"":100.0,""relevance_score_100"":100.0,""popularity_score_100"":33.93002231088699,""score_100"":73.5720089243548,""popularity_basis"":""BeatHit master-list game rank plus track position proxy""}"
104,5th Case - Castle,Unknown credited artist,[],Ghostbusters (ghostbusters-mega-drive),,,"[""video game soundtrack""]","[""und""]",,,,Ghostbusters: The Video Game,,,khinsider_track_prominence_proxy,38.340022310886994,score_0_100,,,,73.53600892435479,,,,https://downloads.khinsider.com/game-soundtracks/album/ghostbusters-mega-drive,2026-10-05,Track title is taken from KHInsider's soundtrack/gamerip album index. Popularity is an explicitly labelled proxy based on BeatHit game rank and track prominence.,"{""culture_category"":""video_game_music"",""video_game"":""Ghostbusters: The Video Game"",""game_rank"":2145,""game_association_kind"":""khinsider_game_soundtrack"",""khinsider_album_url"":""https://downloads.khinsider.com/game-soundtracks/album/ghostbusters-mega-drive"",""khinsider_album_title"":""Ghostbusters (ghostbusters-mega-drive)"",""khinsider_album_kind"":""unclassified_game_album"",""khinsider_album_match_score"":100.0,""relevance_score_100"":97.0,""popularity_score_100"":38.340022310886994,""score_100"":73.53600892435479,""popularity_basis"":""BeatHit master-list game rank plus track position proxy""}"
105,Collectable Singing Slime 01,Unknown credited artist,[],Ghostbusters - The Video Game (ghostbusters-the-video-game),,,"[""video game soundtrack""]","[""und""]",,,,Ghostbusters: The Video Game,,,khinsider_track_prominence_proxy,38.340022310886994,score_0_100,,,,73.53600892435479,,,,https://downloads.khinsider.com/game-soundtracks/album/ghostbusters-the-video-game,2026-10-05,Track title is taken from KHInsider's soundtrack/gamerip album index. Popularity is an explicitly labelled proxy based on BeatHit game rank and track prominence.,"{""culture_category"":""video_game_music"",""video_game"":""Ghostbusters: The Video Game"",""game_rank"":2145,""game_association_kind"":""khinsider_game_soundtrack"",""khinsider_album_url"":""https://downloads.khinsider.com/game-soundtracks/album/ghostbusters-the-video-game"",""khinsider_album_title"":""Ghostbusters - The Video Game (ghostbusters-the-video-game)"",""khinsider_album_kind"":""unclassified_game_album"",""khinsider_album_match_score"":100.0,""relevance_score_100"":97.0,""popularity_score_100"":38.340022310886994,""score_100"":73.53600892435479,""popularity_basis"":""BeatHit master-list game rank plus track position proxy""}"
106,Cinematic 02c Marie Extended 01,Unknown credited artist,[],Ghostbusters (ghostbusters-gamerip-2016),,,"[""video game soundtrack""]","[""und""]",,,,Ghostbusters: The Video Game,,,khinsider_track_prominence_proxy,33.720022310886996,score_0_100,,,,73.4880089243548,,,,https://downloads.khinsider.com/game-soundtracks/album/ghostbusters-gamerip-2016,2026-10-05,Track title is taken from KHInsider's soundtrack/gamerip album index. Popularity is an explicitly labelled proxy based on BeatHit game rank and track prominence.,"{""culture_category"":""video_game_music"",""video_game"":""Ghostbusters: The Video Game"",""game_rank"":2145,""game_association_kind"":""khinsider_game_soundtrack"",""khinsider_album_url"":""https://downloads.khinsider.com/game-soundtracks/album/ghostbusters-gamerip-2016"",""khinsider_album_title"":""Ghostbusters (ghostbusters-gamerip-2016)"",""khinsider_album_kind"":""official_or_gamerip"",""khinsider_album_match_score"":100.0,""relevance_score_100"":100.0,""popularity_score_100"":33.720022310886996,""score_100"":73.4880089243548,""popularity_basis"":""BeatHit master-list game rank plus track position proxy""}"
107,Final Case Start,Unknown credited artist,[],Ghostbusters (ghostbusters-mega-drive),,,"[""video game soundtrack""]","[""und""]",,,,Ghostbusters: The Video Game,,,khinsider_track_prominence_proxy,38.13002231088699,score_0_100,,,,73.4520089243548,,,,https://downloads.khinsider.com/game-soundtracks/album/ghostbusters-mega-drive,2026-10-05,Track title is taken from KHInsider's soundtrack/gamerip album index. Popularity is an explicitly labelled proxy based on BeatHit game rank and track prominence.,"{""culture_category"":""video_game_music"",""video_game"":""Ghostbusters: The Video Game"",""game_rank"":2145,""game_association_kind"":""khinsider_game_soundtrack"",""khinsider_album_url"":""https://downloads.khinsider.com/game-soundtracks/album/ghostbusters-mega-drive"",""khinsider_album_title"":""Ghostbusters (ghostbusters-mega-drive)"",""khinsider_album_kind"":""unclassified_game_album"",""khinsider_album_match_score"":100.0,""relevance_score_100"":97.0,""popularity_score_100"":38.13002231088699,""score_100"":73.4520089243548,""popularity_basis"":""BeatHit master-list game rank plus track position proxy""}"
108,Collectable Singing Slime 02,Unknown credited artist,[],Ghostbusters - The Video Game (ghostbusters-the-video-game),,,"[""video game soundtrack""]","[""und""]",,,,Ghostbusters: The Video Game,,,khinsider_track_prominence_proxy,38.13002231088699,score_0_100,,,,73.4520089243548,,,,https://downloads.khinsider.com/game-soundtracks/album/ghostbusters-the-video-game,2026-10-05,Track title is taken from KHInsider's soundtrack/gamerip album index. Popularity is an explicitly labelled proxy based on BeatHit game rank and track prominence.,"{""culture_category"":""video_game_music"",""video_game"":""Ghostbusters: The Video Game"",""game_rank"":2145,""game_association_kind"":""khinsider_game_soundtrack"",""khinsider_album_url"":""https://downloads.khinsider.com/game-soundtracks/album/ghostbusters-the-video-game"",""khinsider_album_title"":""Ghostbusters - The Video Game (ghostbusters-the-video-game)"",""khinsider_album_kind"":""unclassified_game_album"",""khinsider_album_match_score"":100.0,""relevance_score_100"":97.0,""popularity_score_100"":38.13002231088699,""score_100"":73.4520089243548,""popularity_basis"":""BeatHit master-list game rank plus track position proxy""}"
109,Cinematic 02c Marie Extended 02,Unknown credited artist,[],Ghostbusters (ghostbusters-gamerip-2016),,,"[""video game soundtrack""]","[""und""]",,,,Ghostbusters: The Video Game,,,khinsider_track_prominence_proxy,33.510022310886995,score_0_100,,,,73.4040089243548,,,,https://downloads.khinsider.com/game-soundtracks/album/ghostbusters-gamerip-2016,2026-10-05,Track title is taken from KHInsider's soundtrack/gamerip album index. Popularity is an explicitly labelled proxy based on BeatHit game rank and track prominence.,"{""culture_category"":""video_game_music"",""video_game"":""Ghostbusters: The Video Game"",""game_rank"":2145,""game_association_kind"":""khinsider_game_soundtrack"",""khinsider_album_url"":""https://downloads.khinsider.com/game-soundtracks/album/ghostbusters-gamerip-2016"",""khinsider_album_title"":""Ghostbusters (ghostbusters-gamerip-2016)"",""khinsider_album_kind"":""official_or_gamerip"",""khinsider_album_match_score"":100.0,""relevance_score_100"":100.0,""popularity_score_100"":33.510022310886995,""score_100"":73.4040089243548,""popularity_basis"":""BeatHit master-list game rank plus track position proxy""}"
110,Final Case - Deep Hole,Unknown credited artist,[],Ghostbusters (ghostbusters-mega-drive),,,"[""video game soundtrack""]","[""und""]",,,,Ghostbusters: The Video Game,,,khinsider_track_prominence_proxy,37.920022310887,score_0_100,,,,73.3680089243548,,,,https://downloads.khinsider.com/game-soundtracks/album/ghostbusters-mega-drive,2026-10-05,Track title is taken from KHInsider's soundtrack/gamerip album index. Popularity is an explicitly labelled proxy based on BeatHit game rank and track prominence.,"{""culture_category"":""video_game_music"",""video_game"":""Ghostbusters: The Video Game"",""game_rank"":2145,""game_association_kind"":""khinsider_game_soundtrack"",""khinsider_album_url"":""https://downloads.khinsider.com/game-soundtracks/album/ghostbusters-mega-drive"",""khinsider_album_title"":""Ghostbusters (ghostbusters-mega-drive)"",""khinsider_album_kind"":""unclassified_game_album"",""khinsider_album_match_score"":100.0,""relevance_score_100"":97.0,""popularity_score_100"":37.920022310887,""score_100"":73.3680089243548,""popularity_basis"":""BeatHit master-list game rank plus track position proxy""}"
111,Collectable Singing Slime 03,Unknown credited artist,[],Ghostbusters - The Video Game (ghostbusters-the-video-game),,,"[""video game soundtrack""]","[""und""]",,,,Ghostbusters: The Video Game,,,khinsider_track_prominence_proxy,37.920022310887,score_0_100,,,,73.3680089243548,,,,https://downloads.khinsider.com/game-soundtracks/album/ghostbusters-the-video-game,2026-10-05,Track title is taken from KHInsider's soundtrack/gamerip album index. Popularity is an explicitly labelled proxy based on BeatHit game rank and track prominence.,"{""culture_category"":""video_game_music"",""video_game"":""Ghostbusters: The Video Game"",""game_rank"":2145,""game_association_kind"":""khinsider_game_soundtrack"",""khinsider_album_url"":""https://downloads.khinsider.com/game-soundtracks/album/ghostbusters-the-video-game"",""khinsider_album_title"":""Ghostbusters - The Video Game (ghostbusters-the-video-game)"",""khinsider_album_kind"":""unclassified_game_album"",""khinsider_album_match_score"":100.0,""relevance_score_100"":97.0,""popularity_score_100"":37.920022310887,""score_100"":73.3680089243548,""popularity_basis"":""BeatHit master-list game rank plus track position proxy""}"
112,Final Boss,Unknown credited artist,[],Ghostbusters (ghostbusters-mega-drive),,,"[""video game soundtrack""]","[""und""]",,,,Ghostbusters: The Video Game,,,khinsider_track_prominence_proxy,37.710022310887,score_0_100,,,,73.2840089243548,,,,https://downloads.khinsider.com/game-soundtracks/album/ghostbusters-mega-drive,2026-10-05,Track title is taken from KHInsider's soundtrack/gamerip album index. Popularity is an explicitly labelled proxy based on BeatHit game rank and track prominence.,"{""culture_category"":""video_game_music"",""video_game"":""Ghostbusters: The Video Game"",""game_rank"":2145,""game_association_kind"":""khinsider_game_soundtrack"",""khinsider_album_url"":""https://downloads.khinsider.com/game-soundtracks/album/ghostbusters-mega-drive"",""khinsider_album_title"":""Ghostbusters (ghostbusters-mega-drive)"",""khinsider_album_kind"":""unclassified_game_album"",""khinsider_album_match_score"":100.0,""relevance_score_100"":97.0,""popularity_score_100"":37.710022310887,""score_100"":73.2840089243548,""popularity_basis"":""BeatHit master-list game rank plus track position proxy""}"
113,Collectable Singing Slime 04,Unknown credited artist,[],Ghostbusters - The Video Game (ghostbusters-the-video-game),,,"[""video game soundtrack""]","[""und""]",,,,Ghostbusters: The Video Game,,,khinsider_track_prominence_proxy,37.710022310887,score_0_100,,,,73.2840089243548,,,,https://downloads.khinsider.com/game-soundtracks/album/ghostbusters-the-video-game,2026-10-05,Track title is taken from KHInsider's soundtrack/gamerip album index. Popularity is an explicitly labelled proxy based on BeatHit game rank and track prominence.,"{""culture_category"":""video_game_music"",""video_game"":""Ghostbusters: The Video Game"",""game_rank"":2145,""game_association_kind"":""khinsider_game_soundtrack"",""khinsider_album_url"":""https://downloads.khinsider.com/game-soundtracks/album/ghostbusters-the-video-game"",""khinsider_album_title"":""Ghostbusters - The Video Game (ghostbusters-the-video-game)"",""khinsider_album_kind"":""unclassified_game_album"",""khinsider_album_match_score"":100.0,""relevance_score_100"":97.0,""popularity_score_100"":37.710022310887,""score_100"":73.2840089243548,""popularity_basis"":""BeatHit master-list game rank plus track position proxy""}"
114,Ending Theme,Unknown credited artist,[],Ghostbusters (ghostbusters-mega-drive),,,"[""video game soundtrack""]","[""und""]",,,,Ghostbusters: The Video Game,,,khinsider_track_prominence_proxy,37.500022310887,score_0_100,,,,73.20000892435479,,,,https://downloads.khinsider.com/game-soundtracks/album/ghostbusters-mega-drive,2026-10-05,Track title is taken from KHInsider's soundtrack/gamerip album index. Popularity is an explicitly labelled proxy based on BeatHit game rank and track prominence.,"{""culture_category"":""video_game_music"",""video_game"":""Ghostbusters: The Video Game"",""game_rank"":2145,""game_association_kind"":""khinsider_game_soundtrack"",""khinsider_album_url"":""https://downloads.khinsider.com/game-soundtracks/album/ghostbusters-mega-drive"",""khinsider_album_title"":""Ghostbusters (ghostbusters-mega-drive)"",""khinsider_album_kind"":""unclassified_game_album"",""khinsider_album_match_score"":100.0,""relevance_score_100"":97.0,""popularity_score_100"":37.500022310887,""score_100"":73.20000892435479,""popularity_basis"":""BeatHit master-list game rank plus track position proxy""}"
115,Credits,Unknown credited artist,[],Ghostbusters - The Video Game (ghostbusters-the-video-game),,,"[""video game soundtrack""]","[""und""]",,,,Ghostbusters: The Video Game,,,khinsider_track_prominence_proxy,37.500022310887,score_0_100,,,,73.20000892435479,,,,https://downloads.khinsider.com/game-soundtracks/album/ghostbusters-the-video-game,2026-10-05,Track title is taken from KHInsider's soundtrack/gamerip album index. Popularity is an explicitly labelled proxy based on BeatHit game rank and track prominence.,"{""culture_category"":""video_game_music"",""video_game"":""Ghostbusters: The Video Game"",""game_rank"":2145,""game_association_kind"":""khinsider_game_soundtrack"",""khinsider_album_url"":""https://downloads.khinsider.com/game-soundtracks/album/ghostbusters-the-video-game"",""khinsider_album_title"":""Ghostbusters - The Video Game (ghostbusters-the-video-game)"",""khinsider_album_kind"":""unclassified_game_album"",""khinsider_album_match_score"":100.0,""relevance_score_100"":97.0,""popularity_score_100"":37.500022310887,""score_100"":73.20000892435479,""popularity_basis"":""BeatHit master-list game rank plus track position proxy""}"
116,Cymbal Roll Hard 01,Unknown credited artist,[],Ghostbusters - The Video Game (ghostbusters-the-video-game),,,"[""video game soundtrack""]","[""und""]",,,,Ghostbusters: The Video Game,,,khinsider_track_prominence_proxy,37.290022310887,score_0_100,,,,73.11600892435479,,,,https://downloads.khinsider.com/game-soundtracks/album/ghostbusters-the-video-game,2026-10-05,Track title is taken from KHInsider's soundtrack/gamerip album index. Popularity is an explicitly labelled proxy based on BeatHit game rank and track prominence.,"{""culture_category"":""video_game_music"",""video_game"":""Ghostbusters: The Video Game"",""game_rank"":2145,""game_association_kind"":""khinsider_game_soundtrack"",""khinsider_album_url"":""https://downloads.khinsider.com/game-soundtracks/album/ghostbusters-the-video-game"",""khinsider_album_title"":""Ghostbusters - The Video Game (ghostbusters-the-video-game)"",""khinsider_album_kind"":""unclassified_game_album"",""khinsider_album_match_score"":100.0,""relevance_score_100"":97.0,""popularity_score_100"":37.290022310887,""score_100"":73.11600892435479,""popularity_basis"":""BeatHit master-list game rank plus track position proxy""}"
117,Cymbal Roll Hard 02,Unknown credited artist,[],Ghostbusters - The Video Game (ghostbusters-the-video-game),,,"[""video game soundtrack""]","[""und""]",,,,Ghostbusters: The Video Game,,,khinsider_track_prominence_proxy,37.080022310886996,score_0_100,,,,73.0320089243548,,,,https://downloads.khinsider.com/game-soundtracks/album/ghostbusters-the-video-game,2026-10-05,Track title is taken from KHInsider's soundtrack/gamerip album index. Popularity is an explicitly labelled proxy based on BeatHit game rank and track prominence.,"{""culture_category"":""video_game_music"",""video_game"":""Ghostbusters: The Video Game"",""game_rank"":2145,""game_association_kind"":""khinsider_game_soundtrack"",""khinsider_album_url"":""https://downloads.khinsider.com/game-soundtracks/album/ghostbusters-the-video-game"",""khinsider_album_title"":""Ghostbusters - The Video Game (ghostbusters-the-video-game)"",""khinsider_album_kind"":""unclassified_game_album"",""khinsider_album_match_score"":100.0,""relevance_score_100"":97.0,""popularity_score_100"":37.080022310886996,""score_100"":73.0320089243548,""popularity_basis"":""BeatHit master-list game rank plus track position proxy""}"
118,Cymbal Roll Hard 03,Unknown credited artist,[],Ghostbusters - The Video Game (ghostbusters-the-video-game),,,"[""video game soundtrack""]","[""und""]",,,,Ghostbusters: The Video Game,,,khinsider_track_prominence_proxy,36.870022310886995,score_0_100,,,,72.9480089243548,,,,https://downloads.khinsider.com/game-soundtracks/album/ghostbusters-the-video-game,2026-10-05,Track title is taken from KHInsider's soundtrack/gamerip album index. Popularity is an explicitly labelled proxy based on BeatHit game rank and track prominence.,"{""culture_category"":""video_game_music"",""video_game"":""Ghostbusters: The Video Game"",""game_rank"":2145,""game_association_kind"":""khinsider_game_soundtrack"",""khinsider_album_url"":""https://downloads.khinsider.com/game-soundtracks/album/ghostbusters-the-video-game"",""khinsider_album_title"":""Ghostbusters - The Video Game (ghostbusters-the-video-game)"",""khinsider_album_kind"":""unclassified_game_album"",""khinsider_album_match_score"":100.0,""relevance_score_100"":97.0,""popularity_score_100"":36.870022310886995,""score_100"":72.9480089243548,""popularity_basis"":""BeatHit master-list game rank plus track position proxy""}"
119,Cymbal Roll Hard 04,Unknown credited artist,[],Ghostbusters - The Video Game (ghostbusters-the-video-game),,,"[""video game soundtrack""]","[""und""]",,,,Ghostbusters: The Video Game,,,khinsider_track_prominence_proxy,36.660022310886994,score_0_100,,,,72.86400892435479,,,,https://downloads.khinsider.com/game-soundtracks/album/ghostbusters-the-video-game,2026-10-05,Track title is taken from KHInsider's soundtrack/gamerip album index. Popularity is an explicitly labelled proxy based on BeatHit game rank and track prominence.,"{""culture_category"":""video_game_music"",""video_game"":""Ghostbusters: The Video Game"",""game_rank"":2145,""game_association_kind"":""khinsider_game_soundtrack"",""khinsider_album_url"":""https://downloads.khinsider.com/game-soundtracks/album/ghostbusters-the-video-game"",""khinsider_album_title"":""Ghostbusters - The Video Game (ghostbusters-the-video-game)"",""khinsider_album_kind"":""unclassified_game_album"",""khinsider_album_match_score"":100.0,""relevance_score_100"":97.0,""popularity_score_100"":36.660022310886994,""score_100"":72.86400892435479,""popularity_basis"":""BeatHit master-list game rank plus track position proxy""}"
120,Ecto Goggles Idle Loop,Unknown credited artist,[],Ghostbusters - The Video Game (ghostbusters-the-video-game),,,"[""video game soundtrack""]","[""und""]",,,,Ghostbusters: The Video Game,,,khinsider_track_prominence_proxy,36.45002231088699,score_0_100,,,,72.78000892435479,,,,https://downloads.khinsider.com/game-soundtracks/album/ghostbusters-the-video-game,2026-10-05,Track title is taken from KHInsider's soundtrack/gamerip album index. Popularity is an explicitly labelled proxy based on BeatHit game rank and track prominence.,"{""culture_category"":""video_game_music"",""video_game"":""Ghostbusters: The Video Game"",""game_rank"":2145,""game_association_kind"":""khinsider_game_soundtrack"",""khinsider_album_url"":""https://downloads.khinsider.com/game-soundtracks/album/ghostbusters-the-video-game"",""khinsider_album_title"":""Ghostbusters - The Video Game (ghostbusters-the-video-game)"",""khinsider_album_kind"":""unclassified_game_album"",""khinsider_album_match_score"":100.0,""relevance_score_100"":97.0,""popularity_score_100"":36.45002231088699,""score_100"":72.78000892435479,""popularity_basis"":""BeatHit master-list game rank plus track position proxy""}"
121,Ecto Goggles Movement Loop,Unknown credited artist,[],Ghostbusters - The Video Game (ghostbusters-the-video-game),,,"[""video game soundtrack""]","[""und""]",,,,Ghostbusters: The Video Game,,,khinsider_track_prominence_proxy,36.24002231088699,score_0_100,,,,72.6960089243548,,,,https://downloads.khinsider.com/game-soundtracks/album/ghostbusters-the-video-game,2026-10-05,Track title is taken from KHInsider's soundtrack/gamerip album index. Popularity is an explicitly labelled proxy based on BeatHit game rank and track prominence.,"{""culture_category"":""video_game_music"",""video_game"":""Ghostbusters: The Video Game"",""game_rank"":2145,""game_association_kind"":""khinsider_game_soundtrack"",""khinsider_album_url"":""https://downloads.khinsider.com/game-soundtracks/album/ghostbusters-the-video-game"",""khinsider_album_title"":""Ghostbusters - The Video Game (ghostbusters-the-video-game)"",""khinsider_album_kind"":""unclassified_game_album"",""khinsider_album_match_score"":100.0,""relevance_score_100"":97.0,""popularity_score_100"":36.24002231088699,""score_100"":72.6960089243548,""popularity_basis"":""BeatHit master-list game rank plus track position proxy""}"
122,Elevator2 Loop,Unknown credited artist,[],Ghostbusters - The Video Game (ghostbusters-the-video-game),,,"[""video game soundtrack""]","[""und""]",,,,Ghostbusters: The Video Game,,,khinsider_track_prominence_proxy,36.03002231088699,score_0_100,,,,72.6120089243548,,,,https://downloads.khinsider.com/game-soundtracks/album/ghostbusters-the-video-game,2026-10-05,Track title is taken from KHInsider's soundtrack/gamerip album index. Popularity is an explicitly labelled proxy based on BeatHit game rank and track prominence.,"{""culture_category"":""video_game_music"",""video_game"":""Ghostbusters: The Video Game"",""game_rank"":2145,""game_association_kind"":""khinsider_game_soundtrack"",""khinsider_album_url"":""https://downloads.khinsider.com/game-soundtracks/album/ghostbusters-the-video-game"",""khinsider_album_title"":""Ghostbusters - The Video Game (ghostbusters-the-video-game)"",""khinsider_album_kind"":""unclassified_game_album"",""khinsider_album_match_score"":100.0,""relevance_score_100"":97.0,""popularity_score_100"":36.03002231088699,""score_100"":72.6120089243548,""popularity_basis"":""BeatHit master-list game rank plus track position proxy""}"
123,Elevator Musak Break,Unknown credited artist,[],Ghostbusters - The Video Game (ghostbusters-the-video-game),,,"[""video game soundtrack""]","[""und""]",,,,Ghostbusters: The Video Game,,,khinsider_track_prominence_proxy,35.820022310887,score_0_100,,,,72.5280089243548,,,,https://downloads.khinsider.com/game-soundtracks/album/ghostbusters-the-video-game,2026-10-05,Track title is taken from KHInsider's soundtrack/gamerip album index. Popularity is an explicitly labelled proxy based on BeatHit game rank and track prominence.,"{""culture_category"":""video_game_music"",""video_game"":""Ghostbusters: The Video Game"",""game_rank"":2145,""game_association_kind"":""khinsider_game_soundtrack"",""khinsider_album_url"":""https://downloads.khinsider.com/game-soundtracks/album/ghostbusters-the-video-game"",""khinsider_album_title"":""Ghostbusters - The Video Game (ghostbusters-the-video-game)"",""khinsider_album_kind"":""unclassified_game_album"",""khinsider_album_match_score"":100.0,""relevance_score_100"":97.0,""popularity_score_100"":35.820022310887,""score_100"":72.5280089243548,""popularity_basis"":""BeatHit master-list game rank plus track position proxy""}"
124,Elevator Musak Loop,Unknown credited artist,[],Ghostbusters - The Video Game (ghostbusters-the-video-game),,,"[""video game soundtrack""]","[""und""]",,,,Ghostbusters: The Video Game,,,khinsider_track_prominence_proxy,35.610022310887,score_0_100,,,,72.44400892435479,,,,https://downloads.khinsider.com/game-soundtracks/album/ghostbusters-the-video-game,2026-10-05,Track title is taken from KHInsider's soundtrack/gamerip album index. Popularity is an explicitly labelled proxy based on BeatHit game rank and track prominence.,"{""culture_category"":""video_game_music"",""video_game"":""Ghostbusters: The Video Game"",""game_rank"":2145,""game_association_kind"":""khinsider_game_soundtrack"",""khinsider_album_url"":""https://downloads.khinsider.com/game-soundtracks/album/ghostbusters-the-video-game"",""khinsider_album_title"":""Ghostbusters - The Video Game (ghostbusters-the-video-game)"",""khinsider_album_kind"":""unclassified_game_album"",""khinsider_album_match_score"":100.0,""relevance_score_100"":97.0,""popularity_score_100"":35.610022310887,""score_100"":72.44400892435479,""popularity_basis"":""BeatHit master-list game rank plus track position proxy""}"
125,Firehouse Aracde Activate,Unknown credited artist,[],Ghostbusters - The Video Game (ghostbusters-the-video-game),,,"[""video game soundtrack""]","[""und""]",,,,Ghostbusters: The Video Game,,,khinsider_track_prominence_proxy,35.400022310886996,score_0_100,,,,72.36000892435479,,,,https://downloads.khinsider.com/game-soundtracks/album/ghostbusters-the-video-game,2026-10-05,Track title is taken from KHInsider's soundtrack/gamerip album index. Popularity is an explicitly labelled proxy based on BeatHit game rank and track prominence.,"{""culture_category"":""video_game_music"",""video_game"":""Ghostbusters: The Video Game"",""game_rank"":2145,""game_association_kind"":""khinsider_game_soundtrack"",""khinsider_album_url"":""https://downloads.khinsider.com/game-soundtracks/album/ghostbusters-the-video-game"",""khinsider_album_title"":""Ghostbusters - The Video Game (ghostbusters-the-video-game)"",""khinsider_album_kind"":""unclassified_game_album"",""khinsider_album_match_score"":100.0,""relevance_score_100"":97.0,""popularity_score_100"":35.400022310886996,""score_100"":72.36000892435479,""popularity_basis"":""BeatHit master-list game rank plus track position proxy""}"
126,Librarians Lair Tonal Loop,Unknown credited artist,[],Ghostbusters - The Video Game (ghostbusters-the-video-game),,,"[""video game soundtrack""]","[""und""]",,,,Ghostbusters: The Video Game,,,khinsider_track_prominence_proxy,35.190022310886995,score_0_100,,,,72.2760089243548,,,,https://downloads.khinsider.com/game-soundtracks/album/ghostbusters-the-video-game,2026-10-05,Track title is taken from KHInsider's soundtrack/gamerip album index. Popularity is an explicitly labelled proxy based on BeatHit game rank and track prominence.,"{""culture_category"":""video_game_music"",""video_game"":""Ghostbusters: The Video Game"",""game_rank"":2145,""game_association_kind"":""khinsider_game_soundtrack"",""khinsider_album_url"":""https://downloads.khinsider.com/game-soundtracks/album/ghostbusters-the-video-game"",""khinsider_album_title"":""Ghostbusters - The Video Game (ghostbusters-the-video-game)"",""khinsider_album_kind"":""unclassified_game_album"",""khinsider_album_match_score"":100.0,""relevance_score_100"":97.0,""popularity_score_100"":35.190022310886995,""score_100"":72.2760089243548,""popularity_basis"":""BeatHit master-list game rank plus track position proxy""}"
127,Lost Island 2 Tonal Ambience Loop,Unknown credited artist,[],Ghostbusters - The Video Game (ghostbusters-the-video-game),,,"[""video game soundtrack""]","[""und""]",,,,Ghostbusters: The Video Game,,,khinsider_track_prominence_proxy,34.980022310886994,score_0_100,,,,72.1920089243548,,,,https://downloads.khinsider.com/game-soundtracks/album/ghostbusters-the-video-game,2026-10-05,Track title is taken from KHInsider's soundtrack/gamerip album index. Popularity is an explicitly labelled proxy based on BeatHit game rank and track prominence.,"{""culture_category"":""video_game_music"",""video_game"":""Ghostbusters: The Video Game"",""game_rank"":2145,""game_association_kind"":""khinsider_game_soundtrack"",""khinsider_album_url"":""https://downloads.khinsider.com/game-soundtracks/album/ghostbusters-the-video-game"",""khinsider_album_title"":""Ghostbusters - The Video Game (ghostbusters-the-video-game)"",""khinsider_album_kind"":""unclassified_game_album"",""khinsider_album_match_score"":100.0,""relevance_score_100"":97.0,""popularity_score_100"":34.980022310886994,""score_100"":72.1920089243548,""popularity_basis"":""BeatHit master-list game rank plus track position proxy""}"
128,Main Menu Loop,Unknown credited artist,[],Ghostbusters - The Video Game (ghostbusters-the-video-game),,,"[""video game soundtrack""]","[""und""]",,,,Ghostbusters: The Video Game,,,khinsider_track_prominence_proxy,34.77002231088699,score_0_100,,,,72.10800892435479,,,,https://downloads.khinsider.com/game-soundtracks/album/ghostbusters-the-video-game,2026-10-05,Track title is taken from KHInsider's soundtrack/gamerip album index. Popularity is an explicitly labelled proxy based on BeatHit game rank and track prominence.,"{""culture_category"":""video_game_music"",""video_game"":""Ghostbusters: The Video Game"",""game_rank"":2145,""game_association_kind"":""khinsider_game_soundtrack"",""khinsider_album_url"":""https://downloads.khinsider.com/game-soundtracks/album/ghostbusters-the-video-game"",""khinsider_album_title"":""Ghostbusters - The Video Game (ghostbusters-the-video-game)"",""khinsider_album_kind"":""unclassified_game_album"",""khinsider_album_match_score"":100.0,""relevance_score_100"":97.0,""popularity_score_100"":34.77002231088699,""score_100"":72.10800892435479,""popularity_basis"":""BeatHit master-list game rank plus track position proxy""}"
129,Mayan Pyramid Loop,Unknown credited artist,[],Ghostbusters - The Video Game (ghostbusters-the-video-game),,,"[""video game soundtrack""]","[""und""]",,,,Ghostbusters: The Video Game,,,khinsider_track_prominence_proxy,34.56002231088699,score_0_100,,,,72.02400892435479,,,,https://downloads.khinsider.com/game-soundtracks/album/ghostbusters-the-video-game,2026-10-05,Track title is taken from KHInsider's soundtrack/gamerip album index. Popularity is an explicitly labelled proxy based on BeatHit game rank and track prominence.,"{""culture_category"":""video_game_music"",""video_game"":""Ghostbusters: The Video Game"",""game_rank"":2145,""game_association_kind"":""khinsider_game_soundtrack"",""khinsider_album_url"":""https://downloads.khinsider.com/game-soundtracks/album/ghostbusters-the-video-game"",""khinsider_album_title"":""Ghostbusters - The Video Game (ghostbusters-the-video-game)"",""khinsider_album_kind"":""unclassified_game_album"",""khinsider_album_match_score"":100.0,""relevance_score_100"":97.0,""popularity_score_100"":34.56002231088699,""score_100"":72.02400892435479,""popularity_basis"":""BeatHit master-list game rank plus track position proxy""}"
130,Menu Loop,Unknown credited artist,[],Ghostbusters - The Video Game (ghostbusters-the-video-game),,,"[""video game soundtrack""]","[""und""]",,,,Ghostbusters: The Video Game,,,khinsider_track_prominence_proxy,34.35002231088699,score_0_100,,,,71.9400089243548,,,,https://downloads.khinsider.com/game-soundtracks/album/ghostbusters-the-video-game,2026-10-05,Track title is taken from KHInsider's soundtrack/gamerip album index. Popularity is an explicitly labelled proxy based on BeatHit game rank and track prominence.,"{""culture_category"":""video_game_music"",""video_game"":""Ghostbusters: The Video Game"",""game_rank"":2145,""game_association_kind"":""khinsider_game_soundtrack"",""khinsider_album_url"":""https://downloads.khinsider.com/game-soundtracks/album/ghostbusters-the-video-game"",""khinsider_album_title"":""Ghostbusters - The Video Game (ghostbusters-the-video-game)"",""khinsider_album_kind"":""unclassified_game_album"",""khinsider_album_match_score"":100.0,""relevance_score_100"":97.0,""popularity_score_100"":34.35002231088699,""score_100"":71.9400089243548,""popularity_basis"":""BeatHit master-list game rank plus track position proxy""}"
131,Mp Award Earned,Unknown credited artist,[],Ghostbusters - The Video Game (ghostbusters-the-video-game),,,"[""video game soundtrack""]","[""und""]",,,,Ghostbusters: The Video Game,,,khinsider_track_prominence_proxy,34.14002231088699,score_0_100,,,,71.8560089243548,,,,https://downloads.khinsider.com/game-soundtracks/album/ghostbusters-the-video-game,2026-10-05,Track title is taken from KHInsider's soundtrack/gamerip album index. Popularity is an explicitly labelled proxy based on BeatHit game rank and track prominence.,"{""culture_category"":""video_game_music"",""video_game"":""Ghostbusters: The Video Game"",""game_rank"":2145,""game_association_kind"":""khinsider_game_soundtrack"",""khinsider_album_url"":""https://downloads.khinsider.com/game-soundtracks/album/ghostbusters-the-video-game"",""khinsider_album_title"":""Ghostbusters - The Video Game (ghostbusters-the-video-game)"",""khinsider_album_kind"":""unclassified_game_album"",""khinsider_album_match_score"":100.0,""relevance_score_100"":97.0,""popularity_score_100"":34.14002231088699,""score_100"":71.8560089243548,""popularity_basis"":""BeatHit master-list game rank plus track position proxy""}"
132,Mp Bottom Ranked,Unknown credited artist,[],Ghostbusters - The Video Game (ghostbusters-the-video-game),,,"[""video game soundtrack""]","[""und""]",,,,Ghostbusters: The Video Game,,,khinsider_track_prominence_proxy,33.93002231088699,score_0_100,,,,71.7720089243548,,,,https://downloads.khinsider.com/game-soundtracks/album/ghostbusters-the-video-game,2026-10-05,Track title is taken from KHInsider's soundtrack/gamerip album index. Popularity is an explicitly labelled proxy based on BeatHit game rank and track prominence.,"{""culture_category"":""video_game_music"",""video_game"":""Ghostbusters: The Video Game"",""game_rank"":2145,""game_association_kind"":""khinsider_game_soundtrack"",""khinsider_album_url"":""https://downloads.khinsider.com/game-soundtracks/album/ghostbusters-the-video-game"",""khinsider_album_title"":""Ghostbusters - The Video Game (ghostbusters-the-video-game)"",""khinsider_album_kind"":""unclassified_game_album"",""khinsider_album_match_score"":100.0,""relevance_score_100"":97.0,""popularity_score_100"":33.93002231088699,""score_100"":71.7720089243548,""popularity_basis"":""BeatHit master-list game rank plus track position proxy""}"
133,Mp Lose,Unknown credited artist,[],Ghostbusters - The Video Game (ghostbusters-the-video-game),,,"[""video game soundtrack""]","[""und""]",,,,Ghostbusters: The Video Game,,,khinsider_track_prominence_proxy,33.720022310886996,score_0_100,,,,71.68800892435479,,,,https://downloads.khinsider.com/game-soundtracks/album/ghostbusters-the-video-game,2026-10-05,Track title is taken from KHInsider's soundtrack/gamerip album index. Popularity is an explicitly labelled proxy based on BeatHit game rank and track prominence.,"{""culture_category"":""video_game_music"",""video_game"":""Ghostbusters: The Video Game"",""game_rank"":2145,""game_association_kind"":""khinsider_game_soundtrack"",""khinsider_album_url"":""https://downloads.khinsider.com/game-soundtracks/album/ghostbusters-the-video-game"",""khinsider_album_title"":""Ghostbusters - The Video Game (ghostbusters-the-video-game)"",""khinsider_album_kind"":""unclassified_game_album"",""khinsider_album_match_score"":100.0,""relevance_score_100"":97.0,""popularity_score_100"":33.720022310886996,""score_100"":71.68800892435479,""popularity_basis"":""BeatHit master-list game rank plus track position proxy""}"
134,Mp Top Ranked,Unknown credited artist,[],Ghostbusters - The Video Game (ghostbusters-the-video-game),,,"[""video game soundtrack""]","[""und""]",,,,Ghostbusters: The Video Game,,,khinsider_track_prominence_proxy,33.510022310886995,score_0_100,,,,71.60400892435479,,,,https://downloads.khinsider.com/game-soundtracks/album/ghostbusters-the-video-game,2026-10-05,Track title is taken from KHInsider's soundtrack/gamerip album index. Popularity is an explicitly labelled proxy based on BeatHit game rank and track prominence.,"{""culture_category"":""video_game_music"",""video_game"":""Ghostbusters: The Video Game"",""game_rank"":2145,""game_association_kind"":""khinsider_game_soundtrack"",""khinsider_album_url"":""https://downloads.khinsider.com/game-soundtracks/album/ghostbusters-the-video-game"",""khinsider_album_title"":""Ghostbusters - The Video Game (ghostbusters-the-video-game)"",""khinsider_album_kind"":""unclassified_game_album"",""khinsider_album_match_score"":100.0,""relevance_score_100"":97.0,""popularity_score_100"":33.510022310886995,""score_100"":71.60400892435479,""popularity_basis"":""BeatHit master-list game rank plus track position proxy""}"
135,Mp Win,Unknown credited artist,[],Ghostbusters - The Video Game (ghostbusters-the-video-game),,,"[""video game soundtrack""]","[""und""]",,,,Ghostbusters: The Video Game,,,khinsider_track_prominence_proxy,33.300022310886995,score_0_100,,,,71.5200089243548,,,,https://downloads.khinsider.com/game-soundtracks/album/ghostbusters-the-video-game,2026-10-05,Track title is taken from KHInsider's soundtrack/gamerip album index. Popularity is an explicitly labelled proxy based on BeatHit game rank and track prominence.,"{""culture_category"":""video_game_music"",""video_game"":""Ghostbusters: The Video Game"",""game_rank"":2145,""game_association_kind"":""khinsider_game_soundtrack"",""khinsider_album_url"":""https://downloads.khinsider.com/game-soundtracks/album/ghostbusters-the-video-game"",""khinsider_album_title"":""Ghostbusters - The Video Game (ghostbusters-the-video-game)"",""khinsider_album_kind"":""unclassified_game_album"",""khinsider_album_match_score"":100.0,""relevance_score_100"":97.0,""popularity_score_100"":33.300022310886995,""score_100"":71.5200089243548,""popularity_basis"":""BeatHit master-list game rank plus track position proxy""}"
136,Museum2 Tonal Ambience Loop,Unknown credited artist,[],Ghostbusters - The Video Game (ghostbusters-the-video-game),,,"[""video game soundtrack""]","[""und""]",,,,Ghostbusters: The Video Game,,,khinsider_track_prominence_proxy,33.090022310886994,score_0_100,,,,71.4360089243548,,,,https://downloads.khinsider.com/game-soundtracks/album/ghostbusters-the-video-game,2026-10-05,Track title is taken from KHInsider's soundtrack/gamerip album index. Popularity is an explicitly labelled proxy based on BeatHit game rank and track prominence.,"{""culture_category"":""video_game_music"",""video_game"":""Ghostbusters: The Video Game"",""game_rank"":2145,""game_association_kind"":""khinsider_game_soundtrack"",""khinsider_album_url"":""https://downloads.khinsider.com/game-soundtracks/album/ghostbusters-the-video-game"",""khinsider_album_title"":""Ghostbusters - The Video Game (ghostbusters-the-video-game)"",""khinsider_album_kind"":""unclassified_game_album"",""khinsider_album_match_score"":100.0,""relevance_score_100"":97.0,""popularity_score_100"":33.090022310886994,""score_100"":71.4360089243548,""popularity_basis"":""BeatHit master-list game rank plus track position proxy""}"
137,Music 12th Floor Loop,Unknown credited artist,[],Ghostbusters - The Video Game (ghostbusters-the-video-game),,,"[""video game soundtrack""]","[""und""]",,,,Ghostbusters: The Video Game,,,khinsider_track_prominence_proxy,32.88002231088699,score_0_100,,,,71.35200892435479,,,,https://downloads.khinsider.com/game-soundtracks/album/ghostbusters-the-video-game,2026-10-05,Track title is taken from KHInsider's soundtrack/gamerip album index. Popularity is an explicitly labelled proxy based on BeatHit game rank and track prominence.,"{""culture_category"":""video_game_music"",""video_game"":""Ghostbusters: The Video Game"",""game_rank"":2145,""game_association_kind"":""khinsider_game_soundtrack"",""khinsider_album_url"":""https://downloads.khinsider.com/game-soundtracks/album/ghostbusters-the-video-game"",""khinsider_album_title"":""Ghostbusters - The Video Game (ghostbusters-the-video-game)"",""khinsider_album_kind"":""unclassified_game_album"",""khinsider_album_match_score"":100.0,""relevance_score_100"":97.0,""popularity_score_100"":32.88002231088699,""score_100"":71.35200892435479,""popularity_basis"":""BeatHit master-list game rank plus track position proxy""}"
138,Music 13th Floora Loop,Unknown credited artist,[],Ghostbusters - The Video Game (ghostbusters-the-video-game),,,"[""video game soundtrack""]","[""und""]",,,,Ghostbusters: The Video Game,,,khinsider_track_prominence_proxy,32.670022310887,score_0_100,,,,71.2680089243548,,,,https://downloads.khinsider.com/game-soundtracks/album/ghostbusters-the-video-game,2026-10-05,Track title is taken from KHInsider's soundtrack/gamerip album index. Popularity is an explicitly labelled proxy based on BeatHit game rank and track prominence.,"{""culture_category"":""video_game_music"",""video_game"":""Ghostbusters: The Video Game"",""game_rank"":2145,""game_association_kind"":""khinsider_game_soundtrack"",""khinsider_album_url"":""https://downloads.khinsider.com/game-soundtracks/album/ghostbusters-the-video-game"",""khinsider_album_title"":""Ghostbusters - The Video Game (ghostbusters-the-video-game)"",""khinsider_album_kind"":""unclassified_game_album"",""khinsider_album_match_score"":100.0,""relevance_score_100"":97.0,""popularity_score_100"":32.670022310887,""score_100"":71.2680089243548,""popularity_basis"":""BeatHit master-list game rank plus track position proxy""}"
139,Music Amb 01 Loop,Unknown credited artist,[],Ghostbusters - The Video Game (ghostbusters-the-video-game),,,"[""video game soundtrack""]","[""und""]",,,,Ghostbusters: The Video Game,,,khinsider_track_prominence_proxy,32.460022310887,score_0_100,,,,71.1840089243548,,,,https://downloads.khinsider.com/game-soundtracks/album/ghostbusters-the-video-game,2026-10-05,Track title is taken from KHInsider's soundtrack/gamerip album index. Popularity is an explicitly labelled proxy based on BeatHit game rank and track prominence.,"{""culture_category"":""video_game_music"",""video_game"":""Ghostbusters: The Video Game"",""game_rank"":2145,""game_association_kind"":""khinsider_game_soundtrack"",""khinsider_album_url"":""https://downloads.khinsider.com/game-soundtracks/album/ghostbusters-the-video-game"",""khinsider_album_title"":""Ghostbusters - The Video Game (ghostbusters-the-video-game)"",""khinsider_album_kind"":""unclassified_game_album"",""khinsider_album_match_score"":100.0,""relevance_score_100"":97.0,""popularity_score_100"":32.460022310887,""score_100"":71.1840089243548,""popularity_basis"":""BeatHit master-list game rank plus track position proxy""}"
140,Music Amb 02 Loop,Unknown credited artist,[],Ghostbusters - The Video Game (ghostbusters-the-video-game),,,"[""video game soundtrack""]","[""und""]",,,,Ghostbusters: The Video Game,,,khinsider_track_prominence_proxy,32.250022310887,score_0_100,,,,71.1000089243548,,,,https://downloads.khinsider.com/game-soundtracks/album/ghostbusters-the-video-game,2026-10-05,Track title is taken from KHInsider's soundtrack/gamerip album index. Popularity is an explicitly labelled proxy based on BeatHit game rank and track prominence.,"{""culture_category"":""video_game_music"",""video_game"":""Ghostbusters: The Video Game"",""game_rank"":2145,""game_association_kind"":""khinsider_game_soundtrack"",""khinsider_album_url"":""https://downloads.khinsider.com/game-soundtracks/album/ghostbusters-the-video-game"",""khinsider_album_title"":""Ghostbusters - The Video Game (ghostbusters-the-video-game)"",""khinsider_album_kind"":""unclassified_game_album"",""khinsider_album_match_score"":100.0,""relevance_score_100"":97.0,""popularity_score_100"":32.250022310887,""score_100"":71.1000089243548,""popularity_basis"":""BeatHit master-list game rank plus track position proxy""}"
141,Music Amb 03 Loop,Unknown credited artist,[],Ghostbusters - The Video Game (ghostbusters-the-video-game),,,"[""video game soundtrack""]","[""und""]",,,,Ghostbusters: The Video Game,,,khinsider_track_prominence_proxy,32.040022310887,score_0_100,,,,71.0160089243548,,,,https://downloads.khinsider.com/game-soundtracks/album/ghostbusters-the-video-game,2026-10-05,Track title is taken from KHInsider's soundtrack/gamerip album index. Popularity is an explicitly labelled proxy based on BeatHit game rank and track prominence.,"{""culture_category"":""video_game_music"",""video_game"":""Ghostbusters: The Video Game"",""game_rank"":2145,""game_association_kind"":""khinsider_game_soundtrack"",""khinsider_album_url"":""https://downloads.khinsider.com/game-soundtracks/album/ghostbusters-the-video-game"",""khinsider_album_title"":""Ghostbusters - The Video Game (ghostbusters-the-video-game)"",""khinsider_album_kind"":""unclassified_game_album"",""khinsider_album_match_score"":100.0,""relevance_score_100"":97.0,""popularity_score_100"":32.040022310887,""score_100"":71.0160089243548,""popularity_basis"":""BeatHit master-list game rank plus track position proxy""}"
142,Ghostbusters_Theme,Unknown credited artist,[],Ghostbusters 2 (ghostbusters-2-nes),,,"[""video game soundtrack""]","[""und""]",,,,Ghostbusters: The Video Game,,,khinsider_track_prominence_proxy,41.70002231088699,score_0_100,,,,70.95693200127786,,,,https://downloads.khinsider.com/game-soundtracks/album/ghostbusters-2-nes,2026-10-05,Track title is taken from KHInsider's soundtrack/gamerip album index. Popularity is an explicitly labelled proxy based on BeatHit game rank and track prominence.,"{""culture_category"":""video_game_music"",""video_game"":""Ghostbusters: The Video Game"",""game_rank"":2145,""game_association_kind"":""khinsider_game_soundtrack"",""khinsider_album_url"":""https://downloads.khinsider.com/game-soundtracks/album/ghostbusters-2-nes"",""khinsider_album_title"":""Ghostbusters 2 (ghostbusters-2-nes)"",""khinsider_album_kind"":""unclassified_game_album"",""khinsider_album_match_score"":92.3076923076923,""relevance_score_100"":90.46153846153845,""popularity_score_100"":41.70002231088699,""score_100"":70.95693200127786,""popularity_basis"":""BeatHit master-list game rank plus track position proxy""}"
143,Music Amb 04 Loop,Unknown credited artist,[],Ghostbusters - The Video Game (ghostbusters-the-video-game),,,"[""video game soundtrack""]","[""und""]",,,,Ghostbusters: The Video Game,,,khinsider_track_prominence_proxy,31.830022310886996,score_0_100,,,,70.93200892435479,,,,https://downloads.khinsider.com/game-soundtracks/album/ghostbusters-the-video-game,2026-10-05,Track title is taken from KHInsider's soundtrack/gamerip album index. Popularity is an explicitly labelled proxy based on BeatHit game rank and track prominence.,"{""culture_category"":""video_game_music"",""video_game"":""Ghostbusters: The Video Game"",""game_rank"":2145,""game_association_kind"":""khinsider_game_soundtrack"",""khinsider_album_url"":""https://downloads.khinsider.com/game-soundtracks/album/ghostbusters-the-video-game"",""khinsider_album_title"":""Ghostbusters - The Video Game (ghostbusters-the-video-game)"",""khinsider_album_kind"":""unclassified_game_album"",""khinsider_album_match_score"":100.0,""relevance_score_100"":97.0,""popularity_score_100"":31.830022310886996,""score_100"":70.93200892435479,""popularity_basis"":""BeatHit master-list game rank plus track position proxy""}"
144,Prince Vigo,Unknown credited artist,[],Ghostbusters 2 (ghostbusters-2-nes),,,"[""video game soundtrack""]","[""und""]",,,,Ghostbusters: The Video Game,,,khinsider_track_prominence_proxy,41.49002231088699,score_0_100,,,,70.87293200127786,,,,https://downloads.khinsider.com/game-soundtracks/album/ghostbusters-2-nes,2026-10-05,Track title is taken from KHInsider's soundtrack/gamerip album index. Popularity is an explicitly labelled proxy based on BeatHit game rank and track prominence.,"{""culture_category"":""video_game_music"",""video_game"":""Ghostbusters: The Video Game"",""game_rank"":2145,""game_association_kind"":""khinsider_game_soundtrack"",""khinsider_album_url"":""https://downloads.khinsider.com/game-soundtracks/album/ghostbusters-2-nes"",""khinsider_album_title"":""Ghostbusters 2 (ghostbusters-2-nes)"",""khinsider_album_kind"":""unclassified_game_album"",""khinsider_album_match_score"":92.3076923076923,""relevance_score_100"":90.46153846153845,""popularity_score_100"":41.49002231088699,""score_100"":70.87293200127786,""popularity_basis"":""BeatHit master-list game rank plus track position proxy""}"
145,Music Amb 05 Loop,Unknown credited artist,[],Ghostbusters - The Video Game (ghostbusters-the-video-game),,,"[""video game soundtrack""]","[""und""]",,,,Ghostbusters: The Video Game,,,khinsider_track_prominence_proxy,31.620022310886995,score_0_100,,,,70.84800892435479,,,,https://downloads.khinsider.com/game-soundtracks/album/ghostbusters-the-video-game,2026-10-05,Track title is taken from KHInsider's soundtrack/gamerip album index. Popularity is an explicitly labelled proxy based on BeatHit game rank and track prominence.,"{""culture_category"":""video_game_music"",""video_game"":""Ghostbusters: The Video Game"",""game_rank"":2145,""game_association_kind"":""khinsider_game_soundtrack"",""khinsider_album_url"":""https://downloads.khinsider.com/game-soundtracks/album/ghostbusters-the-video-game"",""khinsider_album_title"":""Ghostbusters - The Video Game (ghostbusters-the-video-game)"",""khinsider_album_kind"":""unclassified_game_album"",""khinsider_album_match_score"":100.0,""relevance_score_100"":97.0,""popularity_score_100"":31.620022310886995,""score_100"":70.84800892435479,""popularity_basis"":""BeatHit master-list game rank plus track position proxy""}"
146,Player Select,Unknown credited artist,[],Ghostbusters 2 (ghostbusters-2-nes),,,"[""video game soundtrack""]","[""und""]",,,,Ghostbusters: The Video Game,,,khinsider_track_prominence_proxy,41.28002231088699,score_0_100,,,,70.78893200127787,,,,https://downloads.khinsider.com/game-soundtracks/album/ghostbusters-2-nes,2026-10-05,Track title is taken from KHInsider's soundtrack/gamerip album index. Popularity is an explicitly labelled proxy based on BeatHit game rank and track prominence.,"{""culture_category"":""video_game_music"",""video_game"":""Ghostbusters: The Video Game"",""game_rank"":2145,""game_association_kind"":""khinsider_game_soundtrack"",""khinsider_album_url"":""https://downloads.khinsider.com/game-soundtracks/album/ghostbusters-2-nes"",""khinsider_album_title"":""Ghostbusters 2 (ghostbusters-2-nes)"",""khinsider_album_kind"":""unclassified_game_album"",""khinsider_album_match_score"":92.3076923076923,""relevance_score_100"":90.46153846153845,""popularity_score_100"":41.28002231088699,""score_100"":70.78893200127787,""popularity_basis"":""BeatHit master-list game rank plus track position proxy""}"
147,Music Amb 06 Loop,Unknown credited artist,[],Ghostbusters - The Video Game (ghostbusters-the-video-game),,,"[""video game soundtrack""]","[""und""]",,,,Ghostbusters: The Video Game,,,khinsider_track_prominence_proxy,31.410022310886994,score_0_100,,,,70.7640089243548,,,,https://downloads.khinsider.com/game-soundtracks/album/ghostbusters-the-video-game,2026-10-05,Track title is taken from KHInsider's soundtrack/gamerip album index. Popularity is an explicitly labelled proxy based on BeatHit game rank and track prominence.,"{""culture_category"":""video_game_music"",""video_game"":""Ghostbusters: The Video Game"",""game_rank"":2145,""game_association_kind"":""khinsider_game_soundtrack"",""khinsider_album_url"":""https://downloads.khinsider.com/game-soundtracks/album/ghostbusters-the-video-game"",""khinsider_album_title"":""Ghostbusters - The Video Game (ghostbusters-the-video-game)"",""khinsider_album_kind"":""unclassified_game_album"",""khinsider_album_match_score"":100.0,""relevance_score_100"":97.0,""popularity_score_100"":31.410022310886994,""score_100"":70.7640089243548,""popularity_basis"":""BeatHit master-list game rank plus track position proxy""}"
148,Ecto-1 Stage,Unknown credited artist,[],Ghostbusters 2 (ghostbusters-2-nes),,,"[""video game soundtrack""]","[""und""]",,,,Ghostbusters: The Video Game,,,khinsider_track_prominence_proxy,41.070022310887,score_0_100,,,,70.70493200127787,,,,https://downloads.khinsider.com/game-soundtracks/album/ghostbusters-2-nes,2026-10-05,Track title is taken from KHInsider's soundtrack/gamerip album index. Popularity is an explicitly labelled proxy based on BeatHit game rank and track prominence.,"{""culture_category"":""video_game_music"",""video_game"":""Ghostbusters: The Video Game"",""game_rank"":2145,""game_association_kind"":""khinsider_game_soundtrack"",""khinsider_album_url"":""https://downloads.khinsider.com/game-soundtracks/album/ghostbusters-2-nes"",""khinsider_album_title"":""Ghostbusters 2 (ghostbusters-2-nes)"",""khinsider_album_kind"":""unclassified_game_album"",""khinsider_album_match_score"":92.3076923076923,""relevance_score_100"":90.46153846153845,""popularity_score_100"":41.070022310887,""score_100"":70.70493200127787,""popularity_basis"":""BeatHit master-list game rank plus track position proxy""}"
149,Music Amb 07 Loop,Unknown credited artist,[],Ghostbusters - The Video Game (ghostbusters-the-video-game),,,"[""video game soundtrack""]","[""und""]",,,,Ghostbusters: The Video Game,,,khinsider_track_prominence_proxy,31.200022310886993,score_0_100,,,,70.6800089243548,,,,https://downloads.khinsider.com/game-soundtracks/album/ghostbusters-the-video-game,2026-10-05,Track title is taken from KHInsider's soundtrack/gamerip album index. Popularity is an explicitly labelled proxy based on BeatHit game rank and track prominence.,"{""culture_category"":""video_game_music"",""video_game"":""Ghostbusters: The Video Game"",""game_rank"":2145,""game_association_kind"":""khinsider_game_soundtrack"",""khinsider_album_url"":""https://downloads.khinsider.com/game-soundtracks/album/ghostbusters-the-video-game"",""khinsider_album_title"":""Ghostbusters - The Video Game (ghostbusters-the-video-game)"",""khinsider_album_kind"":""unclassified_game_album"",""khinsider_album_match_score"":100.0,""relevance_score_100"":97.0,""popularity_score_100"":31.200022310886993,""score_100"":70.6800089243548,""popularity_basis"":""BeatHit master-list game rank plus track position proxy""}"
150,Higher and Higher,Unknown credited artist,[],Ghostbusters 2 (ghostbusters-2-nes),,,"[""video game soundtrack""]","[""und""]",,,,Ghostbusters: The Video Game,,,khinsider_track_prominence_proxy,40.860022310887,score_0_100,,,,70.62093200127786,,,,https://downloads.khinsider.com/game-soundtracks/album/ghostbusters-2-nes,2026-10-05,Track title is taken from KHInsider's soundtrack/gamerip album index. Popularity is an explicitly labelled proxy based on BeatHit game rank and track prominence.,"{""culture_category"":""video_game_music"",""video_game"":""Ghostbusters: The Video Game"",""game_rank"":2145,""game_association_kind"":""khinsider_game_soundtrack"",""khinsider_album_url"":""https://downloads.khinsider.com/game-soundtracks/album/ghostbusters-2-nes"",""khinsider_album_title"":""Ghostbusters 2 (ghostbusters-2-nes)"",""khinsider_album_kind"":""unclassified_game_album"",""khinsider_album_match_score"":92.3076923076923,""relevance_score_100"":90.46153846153845,""popularity_score_100"":40.860022310887,""score_100"":70.62093200127786,""popularity_basis"":""BeatHit master-list game rank plus track position proxy""}"
151,Music Amb 08 Loop,Unknown credited artist,[],Ghostbusters - The Video Game (ghostbusters-the-video-game),,,"[""video game soundtrack""]","[""und""]",,,,Ghostbusters: The Video Game,,,khinsider_track_prominence_proxy,30.990022310887,score_0_100,,,,70.59600892435479,,,,https://downloads.khinsider.com/game-soundtracks/album/ghostbusters-the-video-game,2026-10-05,Track title is taken from KHInsider's soundtrack/gamerip album index. Popularity is an explicitly labelled proxy based on BeatHit game rank and track prominence.,"{""culture_category"":""video_game_music"",""video_game"":""Ghostbusters: The Video Game"",""game_rank"":2145,""game_association_kind"":""khinsider_game_soundtrack"",""khinsider_album_url"":""https://downloads.khinsider.com/game-soundtracks/album/ghostbusters-the-video-game"",""khinsider_album_title"":""Ghostbusters - The Video Game (ghostbusters-the-video-game)"",""khinsider_album_kind"":""unclassified_game_album"",""khinsider_album_match_score"":100.0,""relevance_score_100"":97.0,""popularity_score_100"":30.990022310887,""score_100"":70.59600892435479,""popularity_basis"":""BeatHit master-list game rank plus track position proxy""}"
152,Auld Lang Syne,Unknown credited artist,[],Ghostbusters 2 (ghostbusters-2-nes),,,"[""video game soundtrack""]","[""und""]",,,,Ghostbusters: The Video Game,,,khinsider_track_prominence_proxy,40.650022310886996,score_0_100,,,,70.53693200127788,,,,https://downloads.khinsider.com/game-soundtracks/album/ghostbusters-2-nes,2026-10-05,Track title is taken from KHInsider's soundtrack/gamerip album index. Popularity is an explicitly labelled proxy based on BeatHit game rank and track prominence.,"{""culture_category"":""video_game_music"",""video_game"":""Ghostbusters: The Video Game"",""game_rank"":2145,""game_association_kind"":""khinsider_game_soundtrack"",""khinsider_album_url"":""https://downloads.khinsider.com/game-soundtracks/album/ghostbusters-2-nes"",""khinsider_album_title"":""Ghostbusters 2 (ghostbusters-2-nes)"",""khinsider_album_kind"":""unclassified_game_album"",""khinsider_album_match_score"":92.3076923076923,""relevance_score_100"":90.46153846153845,""popularity_score_100"":40.650022310886996,""score_100"":70.53693200127788,""popularity_basis"":""BeatHit master-list game rank plus track position proxy""}"
153,Music Box,Unknown credited artist,[],Ghostbusters - The Video Game (ghostbusters-the-video-game),,,"[""video game soundtrack""]","[""und""]",,,,Ghostbusters: The Video Game,,,khinsider_track_prominence_proxy,30.78002231088699,score_0_100,,,,70.51200892435479,,,,https://downloads.khinsider.com/game-soundtracks/album/ghostbusters-the-video-game,2026-10-05,Track title is taken from KHInsider's soundtrack/gamerip album index. Popularity is an explicitly labelled proxy based on BeatHit game rank and track prominence.,"{""culture_category"":""video_game_music"",""video_game"":""Ghostbusters: The Video Game"",""game_rank"":2145,""game_association_kind"":""khinsider_game_soundtrack"",""khinsider_album_url"":""https://downloads.khinsider.com/game-soundtracks/album/ghostbusters-the-video-game"",""khinsider_album_title"":""Ghostbusters - The Video Game (ghostbusters-the-video-game)"",""khinsider_album_kind"":""unclassified_game_album"",""khinsider_album_match_score"":100.0,""relevance_score_100"":97.0,""popularity_score_100"":30.78002231088699,""score_100"":70.51200892435479,""popularity_basis"":""BeatHit master-list game rank plus track position proxy""}"
154,Music Cem Amb 05no Loop,Unknown credited artist,[],Ghostbusters - The Video Game (ghostbusters-the-video-game),,,"[""video game soundtrack""]","[""und""]",,,,Ghostbusters: The Video Game,,,khinsider_track_prominence_proxy,30.570022310886998,score_0_100,,,,70.4280089243548,,,,https://downloads.khinsider.com/game-soundtracks/album/ghostbusters-the-video-game,2026-10-05,Track title is taken from KHInsider's soundtrack/gamerip album index. Popularity is an explicitly labelled proxy based on BeatHit game rank and track prominence.,"{""culture_category"":""video_game_music"",""video_game"":""Ghostbusters: The Video Game"",""game_rank"":2145,""game_association_kind"":""khinsider_game_soundtrack"",""khinsider_album_url"":""https://downloads.khinsider.com/game-soundtracks/album/ghostbusters-the-video-game"",""khinsider_album_title"":""Ghostbusters - The Video Game (ghostbusters-the-video-game)"",""khinsider_album_kind"":""unclassified_game_album"",""khinsider_album_match_score"":100.0,""relevance_score_100"":97.0,""popularity_score_100"":30.570022310886998,""score_100"":70.4280089243548,""popularity_basis"":""BeatHit master-list game rank plus track position proxy""}"
155,Music Cem Amb Loop 01,Unknown credited artist,[],Ghostbusters - The Video Game (ghostbusters-the-video-game),,,"[""video game soundtrack""]","[""und""]",,,,Ghostbusters: The Video Game,,,khinsider_track_prominence_proxy,30.360022310886997,score_0_100,,,,70.3440089243548,,,,https://downloads.khinsider.com/game-soundtracks/album/ghostbusters-the-video-game,2026-10-05,Track title is taken from KHInsider's soundtrack/gamerip album index. Popularity is an explicitly labelled proxy based on BeatHit game rank and track prominence.,"{""culture_category"":""video_game_music"",""video_game"":""Ghostbusters: The Video Game"",""game_rank"":2145,""game_association_kind"":""khinsider_game_soundtrack"",""khinsider_album_url"":""https://downloads.khinsider.com/game-soundtracks/album/ghostbusters-the-video-game"",""khinsider_album_title"":""Ghostbusters - The Video Game (ghostbusters-the-video-game)"",""khinsider_album_kind"":""unclassified_game_album"",""khinsider_album_match_score"":100.0,""relevance_score_100"":97.0,""popularity_score_100"":30.360022310886997,""score_100"":70.3440089243548,""popularity_basis"":""BeatHit master-list game rank plus track position proxy""}"
156,Music Cem Amb Loop 02,Unknown credited artist,[],Ghostbusters - The Video Game (ghostbusters-the-video-game),,,"[""video game soundtrack""]","[""und""]",,,,Ghostbusters: The Video Game,,,khinsider_track_prominence_proxy,30.150022310886996,score_0_100,,,,70.26000892435479,,,,https://downloads.khinsider.com/game-soundtracks/album/ghostbusters-the-video-game,2026-10-05,Track title is taken from KHInsider's soundtrack/gamerip album index. Popularity is an explicitly labelled proxy based on BeatHit game rank and track prominence.,"{""culture_category"":""video_game_music"",""video_game"":""Ghostbusters: The Video Game"",""game_rank"":2145,""game_association_kind"":""khinsider_game_soundtrack"",""khinsider_album_url"":""https://downloads.khinsider.com/game-soundtracks/album/ghostbusters-the-video-game"",""khinsider_album_title"":""Ghostbusters - The Video Game (ghostbusters-the-video-game)"",""khinsider_album_kind"":""unclassified_game_album"",""khinsider_album_match_score"":100.0,""relevance_score_100"":97.0,""popularity_score_100"":30.150022310886996,""score_100"":70.26000892435479,""popularity_basis"":""BeatHit master-list game rank plus track position proxy""}"
157,Music Cem Amb Loop 03,Unknown credited artist,[],Ghostbusters - The Video Game (ghostbusters-the-video-game),,,"[""video game soundtrack""]","[""und""]",,,,Ghostbusters: The Video Game,,,khinsider_track_prominence_proxy,29.940022310886995,score_0_100,,,,70.17600892435479,,,,https://downloads.khinsider.com/game-soundtracks/album/ghostbusters-the-video-game,2026-10-05,Track title is taken from KHInsider's soundtrack/gamerip album index. Popularity is an explicitly labelled proxy based on BeatHit game rank and track prominence.,"{""culture_category"":""video_game_music"",""video_game"":""Ghostbusters: The Video Game"",""game_rank"":2145,""game_association_kind"":""khinsider_game_soundtrack"",""khinsider_album_url"":""https://downloads.khinsider.com/game-soundtracks/album/ghostbusters-the-video-game"",""khinsider_album_title"":""Ghostbusters - The Video Game (ghostbusters-the-video-game)"",""khinsider_album_kind"":""unclassified_game_album"",""khinsider_album_match_score"":100.0,""relevance_score_100"":97.0,""popularity_score_100"":29.940022310886995,""score_100"":70.17600892435479,""popularity_basis"":""BeatHit master-list game rank plus track position proxy""}"
158,Music Cem Amb Loop 04,Unknown credited artist,[],Ghostbusters - The Video Game (ghostbusters-the-video-game),,,"[""video game soundtrack""]","[""und""]",,,,Ghostbusters: The Video Game,,,khinsider_track_prominence_proxy,29.730022310886994,score_0_100,,,,70.09200892435479,,,,https://downloads.khinsider.com/game-soundtracks/album/ghostbusters-the-video-game,2026-10-05,Track title is taken from KHInsider's soundtrack/gamerip album index. Popularity is an explicitly labelled proxy based on BeatHit game rank and track prominence.,"{""culture_category"":""video_game_music"",""video_game"":""Ghostbusters: The Video Game"",""game_rank"":2145,""game_association_kind"":""khinsider_game_soundtrack"",""khinsider_album_url"":""https://downloads.khinsider.com/game-soundtracks/album/ghostbusters-the-video-game"",""khinsider_album_title"":""Ghostbusters - The Video Game (ghostbusters-the-video-game)"",""khinsider_album_kind"":""unclassified_game_album"",""khinsider_album_match_score"":100.0,""relevance_score_100"":97.0,""popularity_score_100"":29.730022310886994,""score_100"":70.09200892435479,""popularity_basis"":""BeatHit master-list game rank plus track position proxy""}"
159,Music Cem Gravemonster Loop 01,Unknown credited artist,[],Ghostbusters - The Video Game (ghostbusters-the-video-game),,,"[""video game soundtrack""]","[""und""]",,,,Ghostbusters: The Video Game,,,khinsider_track_prominence_proxy,29.520022310886993,score_0_100,,,,70.0080089243548,,,,https://downloads.khinsider.com/game-soundtracks/album/ghostbusters-the-video-game,2026-10-05,Track title is taken from KHInsider's soundtrack/gamerip album index. Popularity is an explicitly labelled proxy based on BeatHit game rank and track prominence.,"{""culture_category"":""video_game_music"",""video_game"":""Ghostbusters: The Video Game"",""game_rank"":2145,""game_association_kind"":""khinsider_game_soundtrack"",""khinsider_album_url"":""https://downloads.khinsider.com/game-soundtracks/album/ghostbusters-the-video-game"",""khinsider_album_title"":""Ghostbusters - The Video Game (ghostbusters-the-video-game)"",""khinsider_album_kind"":""unclassified_game_album"",""khinsider_album_match_score"":100.0,""relevance_score_100"":97.0,""popularity_score_100"":29.520022310886993,""score_100"":70.0080089243548,""popularity_basis"":""BeatHit master-list game rank plus track position proxy""}"
160,Music Cine Gravemonster Intro Loop,Unknown credited artist,[],Ghostbusters - The Video Game (ghostbusters-the-video-game),,,"[""video game soundtrack""]","[""und""]",,,,Ghostbusters: The Video Game,,,khinsider_track_prominence_proxy,29.310022310886993,score_0_100,,,,69.9240089243548,,,,https://downloads.khinsider.com/game-soundtracks/album/ghostbusters-the-video-game,2026-10-05,Track title is taken from KHInsider's soundtrack/gamerip album index. Popularity is an explicitly labelled proxy based on BeatHit game rank and track prominence.,"{""culture_category"":""video_game_music"",""video_game"":""Ghostbusters: The Video Game"",""game_rank"":2145,""game_association_kind"":""khinsider_game_soundtrack"",""khinsider_album_url"":""https://downloads.khinsider.com/game-soundtracks/album/ghostbusters-the-video-game"",""khinsider_album_title"":""Ghostbusters - The Video Game (ghostbusters-the-video-game)"",""khinsider_album_kind"":""unclassified_game_album"",""khinsider_album_match_score"":100.0,""relevance_score_100"":97.0,""popularity_score_100"":29.310022310886993,""score_100"":69.9240089243548,""popularity_basis"":""BeatHit master-list game rank plus track position proxy""}"
161,Music Civilwar Loop,Unknown credited artist,[],Ghostbusters - The Video Game (ghostbusters-the-video-game),,,"[""video game soundtrack""]","[""und""]",,,,Ghostbusters: The Video Game,,,khinsider_track_prominence_proxy,29.10002231088699,score_0_100,,,,69.84000892435479,,,,https://downloads.khinsider.com/game-soundtracks/album/ghostbusters-the-video-game,2026-10-05,Track title is taken from KHInsider's soundtrack/gamerip album index. Popularity is an explicitly labelled proxy based on BeatHit game rank and track prominence.,"{""culture_category"":""video_game_music"",""video_game"":""Ghostbusters: The Video Game"",""game_rank"":2145,""game_association_kind"":""khinsider_game_soundtrack"",""khinsider_album_url"":""https://downloads.khinsider.com/game-soundtracks/album/ghostbusters-the-video-game"",""khinsider_album_title"":""Ghostbusters - The Video Game (ghostbusters-the-video-game)"",""khinsider_album_kind"":""unclassified_game_album"",""khinsider_album_match_score"":100.0,""relevance_score_100"":97.0,""popularity_score_100"":29.10002231088699,""score_100"":69.84000892435479,""popularity_basis"":""BeatHit master-list game rank plus track position proxy""}"
162,Music Eerie 05,Unknown credited artist,[],Ghostbusters - The Video Game (ghostbusters-the-video-game),,,"[""video game soundtrack""]","[""und""]",,,,Ghostbusters: The Video Game,,,khinsider_track_prominence_proxy,28.890022310886998,score_0_100,,,,69.7560089243548,,,,https://downloads.khinsider.com/game-soundtracks/album/ghostbusters-the-video-game,2026-10-05,Track title is taken from KHInsider's soundtrack/gamerip album index. Popularity is an explicitly labelled proxy based on BeatHit game rank and track prominence.,"{""culture_category"":""video_game_music"",""video_game"":""Ghostbusters: The Video Game"",""game_rank"":2145,""game_association_kind"":""khinsider_game_soundtrack"",""khinsider_album_url"":""https://downloads.khinsider.com/game-soundtracks/album/ghostbusters-the-video-game"",""khinsider_album_title"":""Ghostbusters - The Video Game (ghostbusters-the-video-game)"",""khinsider_album_kind"":""unclassified_game_album"",""khinsider_album_match_score"":100.0,""relevance_score_100"":97.0,""popularity_score_100"":28.890022310886998,""score_100"":69.7560089243548,""popularity_basis"":""BeatHit master-list game rank plus track position proxy""}"
163,Music Eerie 06,Unknown credited artist,[],Ghostbusters - The Video Game (ghostbusters-the-video-game),,,"[""video game soundtrack""]","[""und""]",,,,Ghostbusters: The Video Game,,,khinsider_track_prominence_proxy,28.680022310886997,score_0_100,,,,69.6720089243548,,,,https://downloads.khinsider.com/game-soundtracks/album/ghostbusters-the-video-game,2026-10-05,Track title is taken from KHInsider's soundtrack/gamerip album index. Popularity is an explicitly labelled proxy based on BeatHit game rank and track prominence.,"{""culture_category"":""video_game_music"",""video_game"":""Ghostbusters: The Video Game"",""game_rank"":2145,""game_association_kind"":""khinsider_game_soundtrack"",""khinsider_album_url"":""https://downloads.khinsider.com/game-soundtracks/album/ghostbusters-the-video-game"",""khinsider_album_title"":""Ghostbusters - The Video Game (ghostbusters-the-video-game)"",""khinsider_album_kind"":""unclassified_game_album"",""khinsider_album_match_score"":100.0,""relevance_score_100"":97.0,""popularity_score_100"":28.680022310886997,""score_100"":69.6720089243548,""popularity_basis"":""BeatHit master-list game rank plus track position proxy""}"
164,Music Eerie 07,Unknown credited artist,[],Ghostbusters - The Video Game (ghostbusters-the-video-game),,,"[""video game soundtrack""]","[""und""]",,,,Ghostbusters: The Video Game,,,khinsider_track_prominence_proxy,28.470022310886996,score_0_100,,,,69.5880089243548,,,,https://downloads.khinsider.com/game-soundtracks/album/ghostbusters-the-video-game,2026-10-05,Track title is taken from KHInsider's soundtrack/gamerip album index. Popularity is an explicitly labelled proxy based on BeatHit game rank and track prominence.,"{""culture_category"":""video_game_music"",""video_game"":""Ghostbusters: The Video Game"",""game_rank"":2145,""game_association_kind"":""khinsider_game_soundtrack"",""khinsider_album_url"":""https://downloads.khinsider.com/game-soundtracks/album/ghostbusters-the-video-game"",""khinsider_album_title"":""Ghostbusters - The Video Game (ghostbusters-the-video-game)"",""khinsider_album_kind"":""unclassified_game_album"",""khinsider_album_match_score"":100.0,""relevance_score_100"":97.0,""popularity_score_100"":28.470022310886996,""score_100"":69.5880089243548,""popularity_basis"":""BeatHit master-list game rank plus track position proxy""}"
165,Music Elevator 03 Loop,Unknown credited artist,[],Ghostbusters - The Video Game (ghostbusters-the-video-game),,,"[""video game soundtrack""]","[""und""]",,,,Ghostbusters: The Video Game,,,khinsider_track_prominence_proxy,28.260022310886995,score_0_100,,,,69.50400892435479,,,,https://downloads.khinsider.com/game-soundtracks/album/ghostbusters-the-video-game,2026-10-05,Track title is taken from KHInsider's soundtrack/gamerip album index. Popularity is an explicitly labelled proxy based on BeatHit game rank and track prominence.,"{""culture_category"":""video_game_music"",""video_game"":""Ghostbusters: The Video Game"",""game_rank"":2145,""game_association_kind"":""khinsider_game_soundtrack"",""khinsider_album_url"":""https://downloads.khinsider.com/game-soundtracks/album/ghostbusters-the-video-game"",""khinsider_album_title"":""Ghostbusters - The Video Game (ghostbusters-the-video-game)"",""khinsider_album_kind"":""unclassified_game_album"",""khinsider_album_match_score"":100.0,""relevance_score_100"":97.0,""popularity_score_100"":28.260022310886995,""score_100"":69.50400892435479,""popularity_basis"":""BeatHit master-list game rank plus track position proxy""}"
166,Music Fight 21,Unknown credited artist,[],Ghostbusters - The Video Game (ghostbusters-the-video-game),,,"[""video game soundtrack""]","[""und""]",,,,Ghostbusters: The Video Game,,,khinsider_track_prominence_proxy,28.050022310886995,score_0_100,,,,69.42000892435479,,,,https://downloads.khinsider.com/game-soundtracks/album/ghostbusters-the-video-game,2026-10-05,Track title is taken from KHInsider's soundtrack/gamerip album index. Popularity is an explicitly labelled proxy based on BeatHit game rank and track prominence.,"{""culture_category"":""video_game_music"",""video_game"":""Ghostbusters: The Video Game"",""game_rank"":2145,""game_association_kind"":""khinsider_game_soundtrack"",""khinsider_album_url"":""https://downloads.khinsider.com/game-soundtracks/album/ghostbusters-the-video-game"",""khinsider_album_title"":""Ghostbusters - The Video Game (ghostbusters-the-video-game)"",""khinsider_album_kind"":""unclassified_game_album"",""khinsider_album_match_score"":100.0,""relevance_score_100"":97.0,""popularity_score_100"":28.050022310886995,""score_100"":69.42000892435479,""popularity_basis"":""BeatHit master-list game rank plus track position proxy""}"
167,Music Fight Hit1 07,Unknown credited artist,[],Ghostbusters - The Video Game (ghostbusters-the-video-game),,,"[""video game soundtrack""]","[""und""]",,,,Ghostbusters: The Video Game,,,khinsider_track_prominence_proxy,27.840022310886994,score_0_100,,,,69.33600892435479,,,,https://downloads.khinsider.com/game-soundtracks/album/ghostbusters-the-video-game,2026-10-05,Track title is taken from KHInsider's soundtrack/gamerip album index. Popularity is an explicitly labelled proxy based on BeatHit game rank and track prominence.,"{""culture_category"":""video_game_music"",""video_game"":""Ghostbusters: The Video Game"",""game_rank"":2145,""game_association_kind"":""khinsider_game_soundtrack"",""khinsider_album_url"":""https://downloads.khinsider.com/game-soundtracks/album/ghostbusters-the-video-game"",""khinsider_album_title"":""Ghostbusters - The Video Game (ghostbusters-the-video-game)"",""khinsider_album_kind"":""unclassified_game_album"",""khinsider_album_match_score"":100.0,""relevance_score_100"":97.0,""popularity_score_100"":27.840022310886994,""score_100"":69.33600892435479,""popularity_basis"":""BeatHit master-list game rank plus track position proxy""}"
168,Music Fight Hit2 07,Unknown credited artist,[],Ghostbusters - The Video Game (ghostbusters-the-video-game),,,"[""video game soundtrack""]","[""und""]",,,,Ghostbusters: The Video Game,,,khinsider_track_prominence_proxy,27.630022310886993,score_0_100,,,,69.2520089243548,,,,https://downloads.khinsider.com/game-soundtracks/album/ghostbusters-the-video-game,2026-10-05,Track title is taken from KHInsider's soundtrack/gamerip album index. Popularity is an explicitly labelled proxy based on BeatHit game rank and track prominence.,"{""culture_category"":""video_game_music"",""video_game"":""Ghostbusters: The Video Game"",""game_rank"":2145,""game_association_kind"":""khinsider_game_soundtrack"",""khinsider_album_url"":""https://downloads.khinsider.com/game-soundtracks/album/ghostbusters-the-video-game"",""khinsider_album_title"":""Ghostbusters - The Video Game (ghostbusters-the-video-game)"",""khinsider_album_kind"":""unclassified_game_album"",""khinsider_album_match_score"":100.0,""relevance_score_100"":97.0,""popularity_score_100"":27.630022310886993,""score_100"":69.2520089243548,""popularity_basis"":""BeatHit master-list game rank plus track position proxy""}"
169,Music Fight Intro 05,Unknown credited artist,[],Ghostbusters - The Video Game (ghostbusters-the-video-game),,,"[""video game soundtrack""]","[""und""]",,,,Ghostbusters: The Video Game,,,khinsider_track_prominence_proxy,27.420022310886996,score_0_100,,,,69.1680089243548,,,,https://downloads.khinsider.com/game-soundtracks/album/ghostbusters-the-video-game,2026-10-05,Track title is taken from KHInsider's soundtrack/gamerip album index. Popularity is an explicitly labelled proxy based on BeatHit game rank and track prominence.,"{""culture_category"":""video_game_music"",""video_game"":""Ghostbusters: The Video Game"",""game_rank"":2145,""game_association_kind"":""khinsider_game_soundtrack"",""khinsider_album_url"":""https://downloads.khinsider.com/game-soundtracks/album/ghostbusters-the-video-game"",""khinsider_album_title"":""Ghostbusters - The Video Game (ghostbusters-the-video-game)"",""khinsider_album_kind"":""unclassified_game_album"",""khinsider_album_match_score"":100.0,""relevance_score_100"":97.0,""popularity_score_100"":27.420022310886996,""score_100"":69.1680089243548,""popularity_basis"":""BeatHit master-list game rank plus track position proxy""}"
170,Music Fight Intro 10,Unknown credited artist,[],Ghostbusters - The Video Game (ghostbusters-the-video-game),,,"[""video game soundtrack""]","[""und""]",,,,Ghostbusters: The Video Game,,,khinsider_track_prominence_proxy,27.210022310886995,score_0_100,,,,69.08400892435479,,,,https://downloads.khinsider.com/game-soundtracks/album/ghostbusters-the-video-game,2026-10-05,Track title is taken from KHInsider's soundtrack/gamerip album index. Popularity is an explicitly labelled proxy based on BeatHit game rank and track prominence.,"{""culture_category"":""video_game_music"",""video_game"":""Ghostbusters: The Video Game"",""game_rank"":2145,""game_association_kind"":""khinsider_game_soundtrack"",""khinsider_album_url"":""https://downloads.khinsider.com/game-soundtracks/album/ghostbusters-the-video-game"",""khinsider_album_title"":""Ghostbusters - The Video Game (ghostbusters-the-video-game)"",""khinsider_album_kind"":""unclassified_game_album"",""khinsider_album_match_score"":100.0,""relevance_score_100"":97.0,""popularity_score_100"":27.210022310886995,""score_100"":69.08400892435479,""popularity_basis"":""BeatHit master-list game rank plus track position proxy""}"
171,Music Fight Loop 01,Unknown credited artist,[],Ghostbusters - The Video Game (ghostbusters-the-video-game),,,"[""video game soundtrack""]","[""und""]",,,,Ghostbusters: The Video Game,,,khinsider_track_prominence_proxy,27.000022310886994,score_0_100,,,,69.0000089243548,,,,https://downloads.khinsider.com/game-soundtracks/album/ghostbusters-the-video-game,2026-10-05,Track title is taken from KHInsider's soundtrack/gamerip album index. Popularity is an explicitly labelled proxy based on BeatHit game rank and track prominence.,"{""culture_category"":""video_game_music"",""video_game"":""Ghostbusters: The Video Game"",""game_rank"":2145,""game_association_kind"":""khinsider_game_soundtrack"",""khinsider_album_url"":""https://downloads.khinsider.com/game-soundtracks/album/ghostbusters-the-video-game"",""khinsider_album_title"":""Ghostbusters - The Video Game (ghostbusters-the-video-game)"",""khinsider_album_kind"":""unclassified_game_album"",""khinsider_album_match_score"":100.0,""relevance_score_100"":97.0,""popularity_score_100"":27.000022310886994,""score_100"":69.0000089243548,""popularity_basis"":""BeatHit master-list game rank plus track position proxy""}"
172,Music Fight Loop 02,Unknown credited artist,[],Ghostbusters - The Video Game (ghostbusters-the-video-game),,,"[""video game soundtrack""]","[""und""]",,,,Ghostbusters: The Video Game,,,khinsider_track_prominence_proxy,26.790022310886997,score_0_100,,,,68.9160089243548,,,,https://downloads.khinsider.com/game-soundtracks/album/ghostbusters-the-video-game,2026-10-05,Track title is taken from KHInsider's soundtrack/gamerip album index. Popularity is an explicitly labelled proxy based on BeatHit game rank and track prominence.,"{""culture_category"":""video_game_music"",""video_game"":""Ghostbusters: The Video Game"",""game_rank"":2145,""game_association_kind"":""khinsider_game_soundtrack"",""khinsider_album_url"":""https://downloads.khinsider.com/game-soundtracks/album/ghostbusters-the-video-game"",""khinsider_album_title"":""Ghostbusters - The Video Game (ghostbusters-the-video-game)"",""khinsider_album_kind"":""unclassified_game_album"",""khinsider_album_match_score"":100.0,""relevance_score_100"":97.0,""popularity_score_100"":26.790022310886997,""score_100"":68.9160089243548,""popularity_basis"":""BeatHit master-list game rank plus track position proxy""}"
173,Music Fight Loop 03,Unknown credited artist,[],Ghostbusters - The Video Game (ghostbusters-the-video-game),,,"[""video game soundtrack""]","[""und""]",,,,Ghostbusters: The Video Game,,,khinsider_track_prominence_proxy,26.580022310886996,score_0_100,,,,68.8320089243548,,,,https://downloads.khinsider.com/game-soundtracks/album/ghostbusters-the-video-game,2026-10-05,Track title is taken from KHInsider's soundtrack/gamerip album index. Popularity is an explicitly labelled proxy based on BeatHit game rank and track prominence.,"{""culture_category"":""video_game_music"",""video_game"":""Ghostbusters: The Video Game"",""game_rank"":2145,""game_association_kind"":""khinsider_game_soundtrack"",""khinsider_album_url"":""https://downloads.khinsider.com/game-soundtracks/album/ghostbusters-the-video-game"",""khinsider_album_title"":""Ghostbusters - The Video Game (ghostbusters-the-video-game)"",""khinsider_album_kind"":""unclassified_game_album"",""khinsider_album_match_score"":100.0,""relevance_score_100"":97.0,""popularity_score_100"":26.580022310886996,""score_100"":68.8320089243548,""popularity_basis"":""BeatHit master-list game rank plus track position proxy""}"
174,Music Fight Loop 04,Unknown credited artist,[],Ghostbusters - The Video Game (ghostbusters-the-video-game),,,"[""video game soundtrack""]","[""und""]",,,,Ghostbusters: The Video Game,,,khinsider_track_prominence_proxy,26.370022310886995,score_0_100,,,,68.74800892435479,,,,https://downloads.khinsider.com/game-soundtracks/album/ghostbusters-the-video-game,2026-10-05,Track title is taken from KHInsider's soundtrack/gamerip album index. Popularity is an explicitly labelled proxy based on BeatHit game rank and track prominence.,"{""culture_category"":""video_game_music"",""video_game"":""Ghostbusters: The Video Game"",""game_rank"":2145,""game_association_kind"":""khinsider_game_soundtrack"",""khinsider_album_url"":""https://downloads.khinsider.com/game-soundtracks/album/ghostbusters-the-video-game"",""khinsider_album_title"":""Ghostbusters - The Video Game (ghostbusters-the-video-game)"",""khinsider_album_kind"":""unclassified_game_album"",""khinsider_album_match_score"":100.0,""relevance_score_100"":97.0,""popularity_score_100"":26.370022310886995,""score_100"":68.74800892435479,""popularity_basis"":""BeatHit master-list game rank plus track position proxy""}"
175,Music Fight Loop 05,Unknown credited artist,[],Ghostbusters - The Video Game (ghostbusters-the-video-game),,,"[""video game soundtrack""]","[""und""]",,,,Ghostbusters: The Video Game,,,khinsider_track_prominence_proxy,26.160022310886994,score_0_100,,,,68.66400892435479,,,,https://downloads.khinsider.com/game-soundtracks/album/ghostbusters-the-video-game,2026-10-05,Track title is taken from KHInsider's soundtrack/gamerip album index. Popularity is an explicitly labelled proxy based on BeatHit game rank and track prominence.,"{""culture_category"":""video_game_music"",""video_game"":""Ghostbusters: The Video Game"",""game_rank"":2145,""game_association_kind"":""khinsider_game_soundtrack"",""khinsider_album_url"":""https://downloads.khinsider.com/game-soundtracks/album/ghostbusters-the-video-game"",""khinsider_album_title"":""Ghostbusters - The Video Game (ghostbusters-the-video-game)"",""khinsider_album_kind"":""unclassified_game_album"",""khinsider_album_match_score"":100.0,""relevance_score_100"":97.0,""popularity_score_100"":26.160022310886994,""score_100"":68.66400892435479,""popularity_basis"":""BeatHit master-list game rank plus track position proxy""}"
176,Music Fight Loop 06,Unknown credited artist,[],Ghostbusters - The Video Game (ghostbusters-the-video-game),,,"[""video game soundtrack""]","[""und""]",,,,Ghostbusters: The Video Game,,,khinsider_track_prominence_proxy,25.950022310886993,score_0_100,,,,68.58000892435479,,,,https://downloads.khinsider.com/game-soundtracks/album/ghostbusters-the-video-game,2026-10-05,Track title is taken from KHInsider's soundtrack/gamerip album index. Popularity is an explicitly labelled proxy based on BeatHit game rank and track prominence.,"{""culture_category"":""video_game_music"",""video_game"":""Ghostbusters: The Video Game"",""game_rank"":2145,""game_association_kind"":""khinsider_game_soundtrack"",""khinsider_album_url"":""https://downloads.khinsider.com/game-soundtracks/album/ghostbusters-the-video-game"",""khinsider_album_title"":""Ghostbusters - The Video Game (ghostbusters-the-video-game)"",""khinsider_album_kind"":""unclassified_game_album"",""khinsider_album_match_score"":100.0,""relevance_score_100"":97.0,""popularity_score_100"":25.950022310886993,""score_100"":68.58000892435479,""popularity_basis"":""BeatHit master-list game rank plus track position proxy""}"
177,Music Fight Loop 07,Unknown credited artist,[],Ghostbusters - The Video Game (ghostbusters-the-video-game),,,"[""video game soundtrack""]","[""und""]",,,,Ghostbusters: The Video Game,,,khinsider_track_prominence_proxy,25.740022310886996,score_0_100,,,,68.4960089243548,,,,https://downloads.khinsider.com/game-soundtracks/album/ghostbusters-the-video-game,2026-10-05,Track title is taken from KHInsider's soundtrack/gamerip album index. Popularity is an explicitly labelled proxy based on BeatHit game rank and track prominence.,"{""culture_category"":""video_game_music"",""video_game"":""Ghostbusters: The Video Game"",""game_rank"":2145,""game_association_kind"":""khinsider_game_soundtrack"",""khinsider_album_url"":""https://downloads.khinsider.com/game-soundtracks/album/ghostbusters-the-video-game"",""khinsider_album_title"":""Ghostbusters - The Video Game (ghostbusters-the-video-game)"",""khinsider_album_kind"":""unclassified_game_album"",""khinsider_album_match_score"":100.0,""relevance_score_100"":97.0,""popularity_score_100"":25.740022310886996,""score_100"":68.4960089243548,""popularity_basis"":""BeatHit master-list game rank plus track position proxy""}"
178,Music Fight Loop 08,Unknown credited artist,[],Ghostbusters - The Video Game (ghostbusters-the-video-game),,,"[""video game soundtrack""]","[""und""]",,,,Ghostbusters: The Video Game,,,khinsider_track_prominence_proxy,25.530022310886995,score_0_100,,,,68.4120089243548,,,,https://downloads.khinsider.com/game-soundtracks/album/ghostbusters-the-video-game,2026-10-05,Track title is taken from KHInsider's soundtrack/gamerip album index. Popularity is an explicitly labelled proxy based on BeatHit game rank and track prominence.,"{""culture_category"":""video_game_music"",""video_game"":""Ghostbusters: The Video Game"",""game_rank"":2145,""game_association_kind"":""khinsider_game_soundtrack"",""khinsider_album_url"":""https://downloads.khinsider.com/game-soundtracks/album/ghostbusters-the-video-game"",""khinsider_album_title"":""Ghostbusters - The Video Game (ghostbusters-the-video-game)"",""khinsider_album_kind"":""unclassified_game_album"",""khinsider_album_match_score"":100.0,""relevance_score_100"":97.0,""popularity_score_100"":25.530022310886995,""score_100"":68.4120089243548,""popularity_basis"":""BeatHit master-list game rank plus track position proxy""}"
179,Music Fight Loop 10,Unknown credited artist,[],Ghostbusters - The Video Game (ghostbusters-the-video-game),,,"[""video game soundtrack""]","[""und""]",,,,Ghostbusters: The Video Game,,,khinsider_track_prominence_proxy,25.320022310886998,score_0_100,,,,68.32800892435479,,,,https://downloads.khinsider.com/game-soundtracks/album/ghostbusters-the-video-game,2026-10-05,Track title is taken from KHInsider's soundtrack/gamerip album index. Popularity is an explicitly labelled proxy based on BeatHit game rank and track prominence.,"{""culture_category"":""video_game_music"",""video_game"":""Ghostbusters: The Video Game"",""game_rank"":2145,""game_association_kind"":""khinsider_game_soundtrack"",""khinsider_album_url"":""https://downloads.khinsider.com/game-soundtracks/album/ghostbusters-the-video-game"",""khinsider_album_title"":""Ghostbusters - The Video Game (ghostbusters-the-video-game)"",""khinsider_album_kind"":""unclassified_game_album"",""khinsider_album_match_score"":100.0,""relevance_score_100"":97.0,""popularity_score_100"":25.320022310886998,""score_100"":68.32800892435479,""popularity_basis"":""BeatHit master-list game rank plus track position proxy""}"
180,Music Fight Loop 11,Unknown credited artist,[],Ghostbusters - The Video Game (ghostbusters-the-video-game),,,"[""video game soundtrack""]","[""und""]",,,,Ghostbusters: The Video Game,,,khinsider_track_prominence_proxy,25.110022310886997,score_0_100,,,,68.2440089243548,,,,https://downloads.khinsider.com/game-soundtracks/album/ghostbusters-the-video-game,2026-10-05,Track title is taken from KHInsider's soundtrack/gamerip album index. Popularity is an explicitly labelled proxy based on BeatHit game rank and track prominence.,"{""culture_category"":""video_game_music"",""video_game"":""Ghostbusters: The Video Game"",""game_rank"":2145,""game_association_kind"":""khinsider_game_soundtrack"",""khinsider_album_url"":""https://downloads.khinsider.com/game-soundtracks/album/ghostbusters-the-video-game"",""khinsider_album_title"":""Ghostbusters - The Video Game (ghostbusters-the-video-game)"",""khinsider_album_kind"":""unclassified_game_album"",""khinsider_album_match_score"":100.0,""relevance_score_100"":97.0,""popularity_score_100"":25.110022310886997,""score_100"":68.2440089243548,""popularity_basis"":""BeatHit master-list game rank plus track position proxy""}"
181,Music Fight Loop 13,Unknown credited artist,[],Ghostbusters - The Video Game (ghostbusters-the-video-game),,,"[""video game soundtrack""]","[""und""]",,,,Ghostbusters: The Video Game,,,khinsider_track_prominence_proxy,24.900022310886996,score_0_100,,,,68.1600089243548,,,,https://downloads.khinsider.com/game-soundtracks/album/ghostbusters-the-video-game,2026-10-05,Track title is taken from KHInsider's soundtrack/gamerip album index. Popularity is an explicitly labelled proxy based on BeatHit game rank and track prominence.,"{""culture_category"":""video_game_music"",""video_game"":""Ghostbusters: The Video Game"",""game_rank"":2145,""game_association_kind"":""khinsider_game_soundtrack"",""khinsider_album_url"":""https://downloads.khinsider.com/game-soundtracks/album/ghostbusters-the-video-game"",""khinsider_album_title"":""Ghostbusters - The Video Game (ghostbusters-the-video-game)"",""khinsider_album_kind"":""unclassified_game_album"",""khinsider_album_match_score"":100.0,""relevance_score_100"":97.0,""popularity_score_100"":24.900022310886996,""score_100"":68.1600089243548,""popularity_basis"":""BeatHit master-list game rank plus track position proxy""}"
182,Music Fight Loop 15,Unknown credited artist,[],Ghostbusters - The Video Game (ghostbusters-the-video-game),,,"[""video game soundtrack""]","[""und""]",,,,Ghostbusters: The Video Game,,,khinsider_track_prominence_proxy,24.690022310886995,score_0_100,,,,68.0760089243548,,,,https://downloads.khinsider.com/game-soundtracks/album/ghostbusters-the-video-game,2026-10-05,Track title is taken from KHInsider's soundtrack/gamerip album index. Popularity is an explicitly labelled proxy based on BeatHit game rank and track prominence.,"{""culture_category"":""video_game_music"",""video_game"":""Ghostbusters: The Video Game"",""game_rank"":2145,""game_association_kind"":""khinsider_game_soundtrack"",""khinsider_album_url"":""https://downloads.khinsider.com/game-soundtracks/album/ghostbusters-the-video-game"",""khinsider_album_title"":""Ghostbusters - The Video Game (ghostbusters-the-video-game)"",""khinsider_album_kind"":""unclassified_game_album"",""khinsider_album_match_score"":100.0,""relevance_score_100"":97.0,""popularity_score_100"":24.690022310886995,""score_100"":68.0760089243548,""popularity_basis"":""BeatHit master-list game rank plus track position proxy""}"
183,Music Fight Loop 16,Unknown credited artist,[],Ghostbusters - The Video Game (ghostbusters-the-video-game),,,"[""video game soundtrack""]","[""und""]",,,,Ghostbusters: The Video Game,,,khinsider_track_prominence_proxy,24.480022310886994,score_0_100,,,,67.99200892435479,,,,https://downloads.khinsider.com/game-soundtracks/album/ghostbusters-the-video-game,2026-10-05,Track title is taken from KHInsider's soundtrack/gamerip album index. Popularity is an explicitly labelled proxy based on BeatHit game rank and track prominence.,"{""culture_category"":""video_game_music"",""video_game"":""Ghostbusters: The Video Game"",""game_rank"":2145,""game_association_kind"":""khinsider_game_soundtrack"",""khinsider_album_url"":""https://downloads.khinsider.com/game-soundtracks/album/ghostbusters-the-video-game"",""khinsider_album_title"":""Ghostbusters - The Video Game (ghostbusters-the-video-game)"",""khinsider_album_kind"":""unclassified_game_album"",""khinsider_album_match_score"":100.0,""relevance_score_100"":97.0,""popularity_score_100"":24.480022310886994,""score_100"":67.99200892435479,""popularity_basis"":""BeatHit master-list game rank plus track position proxy""}"
184,Music Fight Loop 17,Unknown credited artist,[],Ghostbusters - The Video Game (ghostbusters-the-video-game),,,"[""video game soundtrack""]","[""und""]",,,,Ghostbusters: The Video Game,,,khinsider_track_prominence_proxy,24.270022310886997,score_0_100,,,,67.90800892435479,,,,https://downloads.khinsider.com/game-soundtracks/album/ghostbusters-the-video-game,2026-10-05,Track title is taken from KHInsider's soundtrack/gamerip album index. Popularity is an explicitly labelled proxy based on BeatHit game rank and track prominence.,"{""culture_category"":""video_game_music"",""video_game"":""Ghostbusters: The Video Game"",""game_rank"":2145,""game_association_kind"":""khinsider_game_soundtrack"",""khinsider_album_url"":""https://downloads.khinsider.com/game-soundtracks/album/ghostbusters-the-video-game"",""khinsider_album_title"":""Ghostbusters - The Video Game (ghostbusters-the-video-game)"",""khinsider_album_kind"":""unclassified_game_album"",""khinsider_album_match_score"":100.0,""relevance_score_100"":97.0,""popularity_score_100"":24.270022310886997,""score_100"":67.90800892435479,""popularity_basis"":""BeatHit master-list game rank plus track position proxy""}"
185,Music Fight Loop 18,Unknown credited artist,[],Ghostbusters - The Video Game (ghostbusters-the-video-game),,,"[""video game soundtrack""]","[""und""]",,,,Ghostbusters: The Video Game,,,khinsider_track_prominence_proxy,24.060022310886996,score_0_100,,,,67.8240089243548,,,,https://downloads.khinsider.com/game-soundtracks/album/ghostbusters-the-video-game,2026-10-05,Track title is taken from KHInsider's soundtrack/gamerip album index. Popularity is an explicitly labelled proxy based on BeatHit game rank and track prominence.,"{""culture_category"":""video_game_music"",""video_game"":""Ghostbusters: The Video Game"",""game_rank"":2145,""game_association_kind"":""khinsider_game_soundtrack"",""khinsider_album_url"":""https://downloads.khinsider.com/game-soundtracks/album/ghostbusters-the-video-game"",""khinsider_album_title"":""Ghostbusters - The Video Game (ghostbusters-the-video-game)"",""khinsider_album_kind"":""unclassified_game_album"",""khinsider_album_match_score"":100.0,""relevance_score_100"":97.0,""popularity_score_100"":24.060022310886996,""score_100"":67.8240089243548,""popularity_basis"":""BeatHit master-list game rank plus track position proxy""}"
186,Music Fight Loop 20,Unknown credited artist,[],Ghostbusters - The Video Game (ghostbusters-the-video-game),,,"[""video game soundtrack""]","[""und""]",,,,Ghostbusters: The Video Game,,,khinsider_track_prominence_proxy,23.850022310887,score_0_100,,,,67.7400089243548,,,,https://downloads.khinsider.com/game-soundtracks/album/ghostbusters-the-video-game,2026-10-05,Track title is taken from KHInsider's soundtrack/gamerip album index. Popularity is an explicitly labelled proxy based on BeatHit game rank and track prominence.,"{""culture_category"":""video_game_music"",""video_game"":""Ghostbusters: The Video Game"",""game_rank"":2145,""game_association_kind"":""khinsider_game_soundtrack"",""khinsider_album_url"":""https://downloads.khinsider.com/game-soundtracks/album/ghostbusters-the-video-game"",""khinsider_album_title"":""Ghostbusters - The Video Game (ghostbusters-the-video-game)"",""khinsider_album_kind"":""unclassified_game_album"",""khinsider_album_match_score"":100.0,""relevance_score_100"":97.0,""popularity_score_100"":23.850022310887,""score_100"":67.7400089243548,""popularity_basis"":""BeatHit master-list game rank plus track position proxy""}"
187,Music Firehouse Loop 01,Unknown credited artist,[],Ghostbusters - The Video Game (ghostbusters-the-video-game),,,"[""video game soundtrack""]","[""und""]",,,,Ghostbusters: The Video Game,,,khinsider_track_prominence_proxy,23.640022310886998,score_0_100,,,,67.6560089243548,,,,https://downloads.khinsider.com/game-soundtracks/album/ghostbusters-the-video-game,2026-10-05,Track title is taken from KHInsider's soundtrack/gamerip album index. Popularity is an explicitly labelled proxy based on BeatHit game rank and track prominence.,"{""culture_category"":""video_game_music"",""video_game"":""Ghostbusters: The Video Game"",""game_rank"":2145,""game_association_kind"":""khinsider_game_soundtrack"",""khinsider_album_url"":""https://downloads.khinsider.com/game-soundtracks/album/ghostbusters-the-video-game"",""khinsider_album_title"":""Ghostbusters - The Video Game (ghostbusters-the-video-game)"",""khinsider_album_kind"":""unclassified_game_album"",""khinsider_album_match_score"":100.0,""relevance_score_100"":97.0,""popularity_score_100"":23.640022310886998,""score_100"":67.6560089243548,""popularity_basis"":""BeatHit master-list game rank plus track position proxy""}"
188,Music Gen Accomp 01,Unknown credited artist,[],Ghostbusters - The Video Game (ghostbusters-the-video-game),,,"[""video game soundtrack""]","[""und""]",,,,Ghostbusters: The Video Game,,,khinsider_track_prominence_proxy,23.430022310886997,score_0_100,,,,67.57200892435479,,,,https://downloads.khinsider.com/game-soundtracks/album/ghostbusters-the-video-game,2026-10-05,Track title is taken from KHInsider's soundtrack/gamerip album index. Popularity is an explicitly labelled proxy based on BeatHit game rank and track prominence.,"{""culture_category"":""video_game_music"",""video_game"":""Ghostbusters: The Video Game"",""game_rank"":2145,""game_association_kind"":""khinsider_game_soundtrack"",""khinsider_album_url"":""https://downloads.khinsider.com/game-soundtracks/album/ghostbusters-the-video-game"",""khinsider_album_title"":""Ghostbusters - The Video Game (ghostbusters-the-video-game)"",""khinsider_album_kind"":""unclassified_game_album"",""khinsider_album_match_score"":100.0,""relevance_score_100"":97.0,""popularity_score_100"":23.430022310886997,""score_100"":67.57200892435479,""popularity_basis"":""BeatHit master-list game rank plus track position proxy""}"
189,Music Gen Accomp 02,Unknown credited artist,[],Ghostbusters - The Video Game (ghostbusters-the-video-game),,,"[""video game soundtrack""]","[""und""]",,,,Ghostbusters: The Video Game,,,khinsider_track_prominence_proxy,23.220022310886996,score_0_100,,,,67.4880089243548,,,,https://downloads.khinsider.com/game-soundtracks/album/ghostbusters-the-video-game,2026-10-05,Track title is taken from KHInsider's soundtrack/gamerip album index. Popularity is an explicitly labelled proxy based on BeatHit game rank and track prominence.,"{""culture_category"":""video_game_music"",""video_game"":""Ghostbusters: The Video Game"",""game_rank"":2145,""game_association_kind"":""khinsider_game_soundtrack"",""khinsider_album_url"":""https://downloads.khinsider.com/game-soundtracks/album/ghostbusters-the-video-game"",""khinsider_album_title"":""Ghostbusters - The Video Game (ghostbusters-the-video-game)"",""khinsider_album_kind"":""unclassified_game_album"",""khinsider_album_match_score"":100.0,""relevance_score_100"":97.0,""popularity_score_100"":23.220022310886996,""score_100"":67.4880089243548,""popularity_basis"":""BeatHit master-list game rank plus track position proxy""}"
190,Music Gen Accomp 03,Unknown credited artist,[],Ghostbusters - The Video Game (ghostbusters-the-video-game),,,"[""video game soundtrack""]","[""und""]",,,,Ghostbusters: The Video Game,,,khinsider_track_prominence_proxy,23.010022310886995,score_0_100,,,,67.4040089243548,,,,https://downloads.khinsider.com/game-soundtracks/album/ghostbusters-the-video-game,2026-10-05,Track title is taken from KHInsider's soundtrack/gamerip album index. Popularity is an explicitly labelled proxy based on BeatHit game rank and track prominence.,"{""culture_category"":""video_game_music"",""video_game"":""Ghostbusters: The Video Game"",""game_rank"":2145,""game_association_kind"":""khinsider_game_soundtrack"",""khinsider_album_url"":""https://downloads.khinsider.com/game-soundtracks/album/ghostbusters-the-video-game"",""khinsider_album_title"":""Ghostbusters - The Video Game (ghostbusters-the-video-game)"",""khinsider_album_kind"":""unclassified_game_album"",""khinsider_album_match_score"":100.0,""relevance_score_100"":97.0,""popularity_score_100"":23.010022310886995,""score_100"":67.4040089243548,""popularity_basis"":""BeatHit master-list game rank plus track position proxy""}"
191,Music Gen Accomp 04,Unknown credited artist,[],Ghostbusters - The Video Game (ghostbusters-the-video-game),,,"[""video game soundtrack""]","[""und""]",,,,Ghostbusters: The Video Game,,,khinsider_track_prominence_proxy,22.800022310886995,score_0_100,,,,67.3200089243548,,,,https://downloads.khinsider.com/game-soundtracks/album/ghostbusters-the-video-game,2026-10-05,Track title is taken from KHInsider's soundtrack/gamerip album index. Popularity is an explicitly labelled proxy based on BeatHit game rank and track prominence.,"{""culture_category"":""video_game_music"",""video_game"":""Ghostbusters: The Video Game"",""game_rank"":2145,""game_association_kind"":""khinsider_game_soundtrack"",""khinsider_album_url"":""https://downloads.khinsider.com/game-soundtracks/album/ghostbusters-the-video-game"",""khinsider_album_title"":""Ghostbusters - The Video Game (ghostbusters-the-video-game)"",""khinsider_album_kind"":""unclassified_game_album"",""khinsider_album_match_score"":100.0,""relevance_score_100"":97.0,""popularity_score_100"":22.800022310886995,""score_100"":67.3200089243548,""popularity_basis"":""BeatHit master-list game rank plus track position proxy""}"
192,Music Gen Accomp 05,Unknown credited artist,[],Ghostbusters - The Video Game (ghostbusters-the-video-game),,,"[""video game soundtrack""]","[""und""]",,,,Ghostbusters: The Video Game,,,khinsider_track_prominence_proxy,22.590022310886994,score_0_100,,,,67.23600892435479,,,,https://downloads.khinsider.com/game-soundtracks/album/ghostbusters-the-video-game,2026-10-05,Track title is taken from KHInsider's soundtrack/gamerip album index. Popularity is an explicitly labelled proxy based on BeatHit game rank and track prominence.,"{""culture_category"":""video_game_music"",""video_game"":""Ghostbusters: The Video Game"",""game_rank"":2145,""game_association_kind"":""khinsider_game_soundtrack"",""khinsider_album_url"":""https://downloads.khinsider.com/game-soundtracks/album/ghostbusters-the-video-game"",""khinsider_album_title"":""Ghostbusters - The Video Game (ghostbusters-the-video-game)"",""khinsider_album_kind"":""unclassified_game_album"",""khinsider_album_match_score"":100.0,""relevance_score_100"":97.0,""popularity_score_100"":22.590022310886994,""score_100"":67.23600892435479,""popularity_basis"":""BeatHit master-list game rank plus track position proxy""}"
193,Music Gen Accomp 06,Unknown credited artist,[],Ghostbusters - The Video Game (ghostbusters-the-video-game),,,"[""video game soundtrack""]","[""und""]",,,,Ghostbusters: The Video Game,,,khinsider_track_prominence_proxy,22.380022310886996,score_0_100,,,,67.15200892435479,,,,https://downloads.khinsider.com/game-soundtracks/album/ghostbusters-the-video-game,2026-10-05,Track title is taken from KHInsider's soundtrack/gamerip album index. Popularity is an explicitly labelled proxy based on BeatHit game rank and track prominence.,"{""culture_category"":""video_game_music"",""video_game"":""Ghostbusters: The Video Game"",""game_rank"":2145,""game_association_kind"":""khinsider_game_soundtrack"",""khinsider_album_url"":""https://downloads.khinsider.com/game-soundtracks/album/ghostbusters-the-video-game"",""khinsider_album_title"":""Ghostbusters - The Video Game (ghostbusters-the-video-game)"",""khinsider_album_kind"":""unclassified_game_album"",""khinsider_album_match_score"":100.0,""relevance_score_100"":97.0,""popularity_score_100"":22.380022310886996,""score_100"":67.15200892435479,""popularity_basis"":""BeatHit master-list game rank plus track position proxy""}"
194,Music Gen Accomp 07,Unknown credited artist,[],Ghostbusters - The Video Game (ghostbusters-the-video-game),,,"[""video game soundtrack""]","[""und""]",,,,Ghostbusters: The Video Game,,,khinsider_track_prominence_proxy,22.170022310886996,score_0_100,,,,67.0680089243548,,,,https://downloads.khinsider.com/game-soundtracks/album/ghostbusters-the-video-game,2026-10-05,Track title is taken from KHInsider's soundtrack/gamerip album index. Popularity is an explicitly labelled proxy based on BeatHit game rank and track prominence.,"{""culture_category"":""video_game_music"",""video_game"":""Ghostbusters: The Video Game"",""game_rank"":2145,""game_association_kind"":""khinsider_game_soundtrack"",""khinsider_album_url"":""https://downloads.khinsider.com/game-soundtracks/album/ghostbusters-the-video-game"",""khinsider_album_title"":""Ghostbusters - The Video Game (ghostbusters-the-video-game)"",""khinsider_album_kind"":""unclassified_game_album"",""khinsider_album_match_score"":100.0,""relevance_score_100"":97.0,""popularity_score_100"":22.170022310886996,""score_100"":67.0680089243548,""popularity_basis"":""BeatHit master-list game rank plus track position proxy""}"
195,Music Gen Accomp 08,Unknown credited artist,[],Ghostbusters - The Video Game (ghostbusters-the-video-game),,,"[""video game soundtrack""]","[""und""]",,,,Ghostbusters: The Video Game,,,khinsider_track_prominence_proxy,21.960022310886995,score_0_100,,,,66.9840089243548,,,,https://downloads.khinsider.com/game-soundtracks/album/ghostbusters-the-video-game,2026-10-05,Track title is taken from KHInsider's soundtrack/gamerip album index. Popularity is an explicitly labelled proxy based on BeatHit game rank and track prominence.,"{""culture_category"":""video_game_music"",""video_game"":""Ghostbusters: The Video Game"",""game_rank"":2145,""game_association_kind"":""khinsider_game_soundtrack"",""khinsider_album_url"":""https://downloads.khinsider.com/game-soundtracks/album/ghostbusters-the-video-game"",""khinsider_album_title"":""Ghostbusters - The Video Game (ghostbusters-the-video-game)"",""khinsider_album_kind"":""unclassified_game_album"",""khinsider_album_match_score"":100.0,""relevance_score_100"":97.0,""popularity_score_100"":21.960022310886995,""score_100"":66.9840089243548,""popularity_basis"":""BeatHit master-list game rank plus track position proxy""}"
196,Music Gen Accomp 09,Unknown credited artist,[],Ghostbusters - The Video Game (ghostbusters-the-video-game),,,"[""video game soundtrack""]","[""und""]",,,,Ghostbusters: The Video Game,,,khinsider_track_prominence_proxy,21.750022310886994,score_0_100,,,,66.9000089243548,,,,https://downloads.khinsider.com/game-soundtracks/album/ghostbusters-the-video-game,2026-10-05,Track title is taken from KHInsider's soundtrack/gamerip album index. Popularity is an explicitly labelled proxy based on BeatHit game rank and track prominence.,"{""culture_category"":""video_game_music"",""video_game"":""Ghostbusters: The Video Game"",""game_rank"":2145,""game_association_kind"":""khinsider_game_soundtrack"",""khinsider_album_url"":""https://downloads.khinsider.com/game-soundtracks/album/ghostbusters-the-video-game"",""khinsider_album_title"":""Ghostbusters - The Video Game (ghostbusters-the-video-game)"",""khinsider_album_kind"":""unclassified_game_album"",""khinsider_album_match_score"":100.0,""relevance_score_100"":97.0,""popularity_score_100"":21.750022310886994,""score_100"":66.9000089243548,""popularity_basis"":""BeatHit master-list game rank plus track position proxy""}"
197,Music Gen Accomp 10,Unknown credited artist,[],Ghostbusters - The Video Game (ghostbusters-the-video-game),,,"[""video game soundtrack""]","[""und""]",,,,Ghostbusters: The Video Game,,,khinsider_track_prominence_proxy,21.540022310886997,score_0_100,,,,66.81600892435479,,,,https://downloads.khinsider.com/game-soundtracks/album/ghostbusters-the-video-game,2026-10-05,Track title is taken from KHInsider's soundtrack/gamerip album index. Popularity is an explicitly labelled proxy based on BeatHit game rank and track prominence.,"{""culture_category"":""video_game_music"",""video_game"":""Ghostbusters: The Video Game"",""game_rank"":2145,""game_association_kind"":""khinsider_game_soundtrack"",""khinsider_album_url"":""https://downloads.khinsider.com/game-soundtracks/album/ghostbusters-the-video-game"",""khinsider_album_title"":""Ghostbusters - The Video Game (ghostbusters-the-video-game)"",""khinsider_album_kind"":""unclassified_game_album"",""khinsider_album_match_score"":100.0,""relevance_score_100"":97.0,""popularity_score_100"":21.540022310886997,""score_100"":66.81600892435479,""popularity_basis"":""BeatHit master-list game rank plus track position proxy""}"
198,Music Gen Accomp 11,Unknown credited artist,[],Ghostbusters - The Video Game (ghostbusters-the-video-game),,,"[""video game soundtrack""]","[""und""]",,,,Ghostbusters: The Video Game,,,khinsider_track_prominence_proxy,21.330022310886996,score_0_100,,,,66.7320089243548,,,,https://downloads.khinsider.com/game-soundtracks/album/ghostbusters-the-video-game,2026-10-05,Track title is taken from KHInsider's soundtrack/gamerip album index. Popularity is an explicitly labelled proxy based on BeatHit game rank and track prominence.,"{""culture_category"":""video_game_music"",""video_game"":""Ghostbusters: The Video Game"",""game_rank"":2145,""game_association_kind"":""khinsider_game_soundtrack"",""khinsider_album_url"":""https://downloads.khinsider.com/game-soundtracks/album/ghostbusters-the-video-game"",""khinsider_album_title"":""Ghostbusters - The Video Game (ghostbusters-the-video-game)"",""khinsider_album_kind"":""unclassified_game_album"",""khinsider_album_match_score"":100.0,""relevance_score_100"":97.0,""popularity_score_100"":21.330022310886996,""score_100"":66.7320089243548,""popularity_basis"":""BeatHit master-list game rank plus track position proxy""}"
199,Music Gen Accomp 12,Unknown credited artist,[],Ghostbusters - The Video Game (ghostbusters-the-video-game),,,"[""video game soundtrack""]","[""und""]",,,,Ghostbusters: The Video Game,,,khinsider_track_prominence_proxy,21.120022310886995,score_0_100,,,,66.6480089243548,,,,https://downloads.khinsider.com/game-soundtracks/album/ghostbusters-the-video-game,2026-10-05,Track title is taken from KHInsider's soundtrack/gamerip album index. Popularity is an explicitly labelled proxy based on BeatHit game rank and track prominence.,"{""culture_category"":""video_game_music"",""video_game"":""Ghostbusters: The Video Game"",""game_rank"":2145,""game_association_kind"":""khinsider_game_soundtrack"",""khinsider_album_url"":""https://downloads.khinsider.com/game-soundtracks/album/ghostbusters-the-video-game"",""khinsider_album_title"":""Ghostbusters - The Video Game (ghostbusters-the-video-game)"",""khinsider_album_kind"":""unclassified_game_album"",""khinsider_album_match_score"":100.0,""relevance_score_100"":97.0,""popularity_score_100"":21.120022310886995,""score_100"":66.6480089243548,""popularity_basis"":""BeatHit master-list game rank plus track position proxy""}"
200,Music Gen Accomp 13,Unknown credited artist,[],Ghostbusters - The Video Game (ghostbusters-the-video-game),,,"[""video game soundtrack""]","[""und""]",,,,Ghostbusters: The Video Game,,,khinsider_track_prominence_proxy,20.910022310886994,score_0_100,,,,66.5640089243548,,,,https://downloads.khinsider.com/game-soundtracks/album/ghostbusters-the-video-game,2026-10-05,Track title is taken from KHInsider's soundtrack/gamerip album index. Popularity is an explicitly labelled proxy based on BeatHit game rank and track prominence.,"{""culture_category"":""video_game_music"",""video_game"":""Ghostbusters: The Video Game"",""game_rank"":2145,""game_association_kind"":""khinsider_game_soundtrack"",""khinsider_album_url"":""https://downloads.khinsider.com/game-soundtracks/album/ghostbusters-the-video-game"",""khinsider_album_title"":""Ghostbusters - The Video Game (ghostbusters-the-video-game)"",""khinsider_album_kind"":""unclassified_game_album"",""khinsider_album_match_score"":100.0,""relevance_score_100"":97.0,""popularity_score_100"":20.910022310886994,""score_100"":66.5640089243548,""popularity_basis"":""BeatHit master-list game rank plus track position proxy""}"
201,Music Gen Accomp 14,Unknown credited artist,[],Ghostbusters - The Video Game (ghostbusters-the-video-game),,,"[""video game soundtrack""]","[""und""]",,,,Ghostbusters: The Video Game,,,khinsider_track_prominence_proxy,20.910022310886994,score_0_100,,,,66.5640089243548,,,,https://downloads.khinsider.com/game-soundtracks/album/ghostbusters-the-video-game,2026-10-05,Track title is taken from KHInsider's soundtrack/gamerip album index. Popularity is an explicitly labelled proxy based on BeatHit game rank and track prominence.,"{""culture_category"":""video_game_music"",""video_game"":""Ghostbusters: The Video Game"",""game_rank"":2145,""game_association_kind"":""khinsider_game_soundtrack"",""khinsider_album_url"":""https://downloads.khinsider.com/game-soundtracks/album/ghostbusters-the-video-game"",""khinsider_album_title"":""Ghostbusters - The Video Game (ghostbusters-the-video-game)"",""khinsider_album_kind"":""unclassified_game_album"",""khinsider_album_match_score"":100.0,""relevance_score_100"":97.0,""popularity_score_100"":20.910022310886994,""score_100"":66.5640089243548,""popularity_basis"":""BeatHit master-list game rank plus track position proxy""}"
202,Music Gen Accomp 15,Unknown credited artist,[],Ghostbusters - The Video Game (ghostbusters-the-video-game),,,"[""video game soundtrack""]","[""und""]",,,,Ghostbusters: The Video Game,,,khinsider_track_prominence_proxy,20.910022310886994,score_0_100,,,,66.5640089243548,,,,https://downloads.khinsider.com/game-soundtracks/album/ghostbusters-the-video-game,2026-10-05,Track title is taken from KHInsider's soundtrack/gamerip album index. Popularity is an explicitly labelled proxy based on BeatHit game rank and track prominence.,"{""culture_category"":""video_game_music"",""video_game"":""Ghostbusters: The Video Game"",""game_rank"":2145,""game_association_kind"":""khinsider_game_soundtrack"",""khinsider_album_url"":""https://downloads.khinsider.com/game-soundtracks/album/ghostbusters-the-video-game"",""khinsider_album_title"":""Ghostbusters - The Video Game (ghostbusters-the-video-game)"",""khinsider_album_kind"":""unclassified_game_album"",""khinsider_album_match_score"":100.0,""relevance_score_100"":97.0,""popularity_score_100"":20.910022310886994,""score_100"":66.5640089243548,""popularity_basis"":""BeatHit master-list game rank plus track position proxy""}"
203,Music Gen Accomp 16,Unknown credited artist,[],Ghostbusters - The Video Game (ghostbusters-the-video-game),,,"[""video game soundtrack""]","[""und""]",,,,Ghostbusters: The Video Game,,,khinsider_track_prominence_proxy,20.910022310886994,score_0_100,,,,66.5640089243548,,,,https://downloads.khinsider.com/game-soundtracks/album/ghostbusters-the-video-game,2026-10-05,Track title is taken from KHInsider's soundtrack/gamerip album index. Popularity is an explicitly labelled proxy based on BeatHit game rank and track prominence.,"{""culture_category"":""video_game_music"",""video_game"":""Ghostbusters: The Video Game"",""game_rank"":2145,""game_association_kind"":""khinsider_game_soundtrack"",""khinsider_album_url"":""https://downloads.khinsider.com/game-soundtracks/album/ghostbusters-the-video-game"",""khinsider_album_title"":""Ghostbusters - The Video Game (ghostbusters-the-video-game)"",""khinsider_album_kind"":""unclassified_game_album"",""khinsider_album_match_score"":100.0,""relevance_score_100"":97.0,""popularity_score_100"":20.910022310886994,""score_100"":66.5640089243548,""popularity_basis"":""BeatHit master-list game rank plus track position proxy""}"
204,Music Gen Accomp 17,Unknown credited artist,[],Ghostbusters - The Video Game (ghostbusters-the-video-game),,,"[""video game soundtrack""]","[""und""]",,,,Ghostbusters: The Video Game,,,khinsider_track_prominence_proxy,20.910022310886994,score_0_100,,,,66.5640089243548,,,,https://downloads.khinsider.com/game-soundtracks/album/ghostbusters-the-video-game,2026-10-05,Track title is taken from KHInsider's soundtrack/gamerip album index. Popularity is an explicitly labelled proxy based on BeatHit game rank and track prominence.,"{""culture_category"":""video_game_music"",""video_game"":""Ghostbusters: The Video Game"",""game_rank"":2145,""game_association_kind"":""khinsider_game_soundtrack"",""khinsider_album_url"":""https://downloads.khinsider.com/game-soundtracks/album/ghostbusters-the-video-game"",""khinsider_album_title"":""Ghostbusters - The Video Game (ghostbusters-the-video-game)"",""khinsider_album_kind"":""unclassified_game_album"",""khinsider_album_match_score"":100.0,""relevance_score_100"":97.0,""popularity_score_100"":20.910022310886994,""score_100"":66.5640089243548,""popularity_basis"":""BeatHit master-list game rank plus track position proxy""}"
205,Music Gen Accomp 18,Unknown credited artist,[],Ghostbusters - The Video Game (ghostbusters-the-video-game),,,"[""video game soundtrack""]","[""und""]",,,,Ghostbusters: The Video Game,,,khinsider_track_prominence_proxy,20.910022310886994,score_0_100,,,,66.5640089243548,,,,https://downloads.khinsider.com/game-soundtracks/album/ghostbusters-the-video-game,2026-10-05,Track title is taken from KHInsider's soundtrack/gamerip album index. Popularity is an explicitly labelled proxy based on BeatHit game rank and track prominence.,"{""culture_category"":""video_game_music"",""video_game"":""Ghostbusters: The Video Game"",""game_rank"":2145,""game_association_kind"":""khinsider_game_soundtrack"",""khinsider_album_url"":""https://downloads.khinsider.com/game-soundtracks/album/ghostbusters-the-video-game"",""khinsider_album_title"":""Ghostbusters - The Video Game (ghostbusters-the-video-game)"",""khinsider_album_kind"":""unclassified_game_album"",""khinsider_album_match_score"":100.0,""relevance_score_100"":97.0,""popularity_score_100"":20.910022310886994,""score_100"":66.5640089243548,""popularity_basis"":""BeatHit master-list game rank plus track position proxy""}"
206,Music Gen Accomp 19,Unknown credited artist,[],Ghostbusters - The Video Game (ghostbusters-the-video-game),,,"[""video game soundtrack""]","[""und""]",,,,Ghostbusters: The Video Game,,,khinsider_track_prominence_proxy,20.910022310886994,score_0_100,,,,66.5640089243548,,,,https://downloads.khinsider.com/game-soundtracks/album/ghostbusters-the-video-game,2026-10-05,Track title is taken from KHInsider's soundtrack/gamerip album index. Popularity is an explicitly labelled proxy based on BeatHit game rank and track prominence.,"{""culture_category"":""video_game_music"",""video_game"":""Ghostbusters: The Video Game"",""game_rank"":2145,""game_association_kind"":""khinsider_game_soundtrack"",""khinsider_album_url"":""https://downloads.khinsider.com/game-soundtracks/album/ghostbusters-the-video-game"",""khinsider_album_title"":""Ghostbusters - The Video Game (ghostbusters-the-video-game)"",""khinsider_album_kind"":""unclassified_game_album"",""khinsider_album_match_score"":100.0,""relevance_score_100"":97.0,""popularity_score_100"":20.910022310886994,""score_100"":66.5640089243548,""popularity_basis"":""BeatHit master-list game rank plus track position proxy""}"
207,Music Gen Accomp 20,Unknown credited artist,[],Ghostbusters - The Video Game (ghostbusters-the-video-game),,,"[""video game soundtrack""]","[""und""]",,,,Ghostbusters: The Video Game,,,khinsider_track_prominence_proxy,20.910022310886994,score_0_100,,,,66.5640089243548,,,,https://downloads.khinsider.com/game-soundtracks/album/ghostbusters-the-video-game,2026-10-05,Track title is taken from KHInsider's soundtrack/gamerip album index. Popularity is an explicitly labelled proxy based on BeatHit game rank and track prominence.,"{""culture_category"":""video_game_music"",""video_game"":""Ghostbusters: The Video Game"",""game_rank"":2145,""game_association_kind"":""khinsider_game_soundtrack"",""khinsider_album_url"":""https://downloads.khinsider.com/game-soundtracks/album/ghostbusters-the-video-game"",""khinsider_album_title"":""Ghostbusters - The Video Game (ghostbusters-the-video-game)"",""khinsider_album_kind"":""unclassified_game_album"",""khinsider_album_match_score"":100.0,""relevance_score_100"":97.0,""popularity_score_100"":20.910022310886994,""score_100"":66.5640089243548,""popularity_basis"":""BeatHit master-list game rank plus track position proxy""}"
208,Music Gen Accomp 21,Unknown credited artist,[],Ghostbusters - The Video Game (ghostbusters-the-video-game),,,"[""video game soundtrack""]","[""und""]",,,,Ghostbusters: The Video Game,,,khinsider_track_prominence_proxy,20.910022310886994,score_0_100,,,,66.5640089243548,,,,https://downloads.khinsider.com/game-soundtracks/album/ghostbusters-the-video-game,2026-10-05,Track title is taken from KHInsider's soundtrack/gamerip album index. Popularity is an explicitly labelled proxy based on BeatHit game rank and track prominence.,"{""culture_category"":""video_game_music"",""video_game"":""Ghostbusters: The Video Game"",""game_rank"":2145,""game_association_kind"":""khinsider_game_soundtrack"",""khinsider_album_url"":""https://downloads.khinsider.com/game-soundtracks/album/ghostbusters-the-video-game"",""khinsider_album_title"":""Ghostbusters - The Video Game (ghostbusters-the-video-game)"",""khinsider_album_kind"":""unclassified_game_album"",""khinsider_album_match_score"":100.0,""relevance_score_100"":97.0,""popularity_score_100"":20.910022310886994,""score_100"":66.5640089243548,""popularity_basis"":""BeatHit master-list game rank plus track position proxy""}"
209,Music Gen Accomp 22,Unknown credited artist,[],Ghostbusters - The Video Game (ghostbusters-the-video-game),,,"[""video game soundtrack""]","[""und""]",,,,Ghostbusters: The Video Game,,,khinsider_track_prominence_proxy,20.910022310886994,score_0_100,,,,66.5640089243548,,,,https://downloads.khinsider.com/game-soundtracks/album/ghostbusters-the-video-game,2026-10-05,Track title is taken from KHInsider's soundtrack/gamerip album index. Popularity is an explicitly labelled proxy based on BeatHit game rank and track prominence.,"{""culture_category"":""video_game_music"",""video_game"":""Ghostbusters: The Video Game"",""game_rank"":2145,""game_association_kind"":""khinsider_game_soundtrack"",""khinsider_album_url"":""https://downloads.khinsider.com/game-soundtracks/album/ghostbusters-the-video-game"",""khinsider_album_title"":""Ghostbusters - The Video Game (ghostbusters-the-video-game)"",""khinsider_album_kind"":""unclassified_game_album"",""khinsider_album_match_score"":100.0,""relevance_score_100"":97.0,""popularity_score_100"":20.910022310886994,""score_100"":66.5640089243548,""popularity_basis"":""BeatHit master-list game rank plus track position proxy""}"
210,Music Gen Accomp 23,Unknown credited artist,[],Ghostbusters - The Video Game (ghostbusters-the-video-game),,,"[""video game soundtrack""]","[""und""]",,,,Ghostbusters: The Video Game,,,khinsider_track_prominence_proxy,20.910022310886994,score_0_100,,,,66.5640089243548,,,,https://downloads.khinsider.com/game-soundtracks/album/ghostbusters-the-video-game,2026-10-05,Track title is taken from KHInsider's soundtrack/gamerip album index. Popularity is an explicitly labelled proxy based on BeatHit game rank and track prominence.,"{""culture_category"":""video_game_music"",""video_game"":""Ghostbusters: The Video Game"",""game_rank"":2145,""game_association_kind"":""khinsider_game_soundtrack"",""khinsider_album_url"":""https://downloads.khinsider.com/game-soundtracks/album/ghostbusters-the-video-game"",""khinsider_album_title"":""Ghostbusters - The Video Game (ghostbusters-the-video-game)"",""khinsider_album_kind"":""unclassified_game_album"",""khinsider_album_match_score"":100.0,""relevance_score_100"":97.0,""popularity_score_100"":20.910022310886994,""score_100"":66.5640089243548,""popularity_basis"":""BeatHit master-list game rank plus track position proxy""}"
211,Music Gen Accomp 24,Unknown credited artist,[],Ghostbusters - The Video Game (ghostbusters-the-video-game),,,"[""video game soundtrack""]","[""und""]",,,,Ghostbusters: The Video Game,,,khinsider_track_prominence_proxy,20.910022310886994,score_0_100,,,,66.5640089243548,,,,https://downloads.khinsider.com/game-soundtracks/album/ghostbusters-the-video-game,2026-10-05,Track title is taken from KHInsider's soundtrack/gamerip album index. Popularity is an explicitly labelled proxy based on BeatHit game rank and track prominence.,"{""culture_category"":""video_game_music"",""video_game"":""Ghostbusters: The Video Game"",""game_rank"":2145,""game_association_kind"":""khinsider_game_soundtrack"",""khinsider_album_url"":""https://downloads.khinsider.com/game-soundtracks/album/ghostbusters-the-video-game"",""khinsider_album_title"":""Ghostbusters - The Video Game (ghostbusters-the-video-game)"",""khinsider_album_kind"":""unclassified_game_album"",""khinsider_album_match_score"":100.0,""relevance_score_100"":97.0,""popularity_score_100"":20.910022310886994,""score_100"":66.5640089243548,""popularity_basis"":""BeatHit master-list game rank plus track position proxy""}"
212,Music Gen Accomp 25,Unknown credited artist,[],Ghostbusters - The Video Game (ghostbusters-the-video-game),,,"[""video game soundtrack""]","[""und""]",,,,Ghostbusters: The Video Game,,,khinsider_track_prominence_proxy,20.910022310886994,score_0_100,,,,66.5640089243548,,,,https://downloads.khinsider.com/game-soundtracks/album/ghostbusters-the-video-game,2026-10-05,Track title is taken from KHInsider's soundtrack/gamerip album index. Popularity is an explicitly labelled proxy based on BeatHit game rank and track prominence.,"{""culture_category"":""video_game_music"",""video_game"":""Ghostbusters: The Video Game"",""game_rank"":2145,""game_association_kind"":""khinsider_game_soundtrack"",""khinsider_album_url"":""https://downloads.khinsider.com/game-soundtracks/album/ghostbusters-the-video-game"",""khinsider_album_title"":""Ghostbusters - The Video Game (ghostbusters-the-video-game)"",""khinsider_album_kind"":""unclassified_game_album"",""khinsider_album_match_score"":100.0,""relevance_score_100"":97.0,""popularity_score_100"":20.910022310886994,""score_100"":66.5640089243548,""popularity_basis"":""BeatHit master-list game rank plus track position proxy""}"
213,Music Gen Accomp 26,Unknown credited artist,[],Ghostbusters - The Video Game (ghostbusters-the-video-game),,,"[""video game soundtrack""]","[""und""]",,,,Ghostbusters: The Video Game,,,khinsider_track_prominence_proxy,20.910022310886994,score_0_100,,,,66.5640089243548,,,,https://downloads.khinsider.com/game-soundtracks/album/ghostbusters-the-video-game,2026-10-05,Track title is taken from KHInsider's soundtrack/gamerip album index. Popularity is an explicitly labelled proxy based on BeatHit game rank and track prominence.,"{""culture_category"":""video_game_music"",""video_game"":""Ghostbusters: The Video Game"",""game_rank"":2145,""game_association_kind"":""khinsider_game_soundtrack"",""khinsider_album_url"":""https://downloads.khinsider.com/game-soundtracks/album/ghostbusters-the-video-game"",""khinsider_album_title"":""Ghostbusters - The Video Game (ghostbusters-the-video-game)"",""khinsider_album_kind"":""unclassified_game_album"",""khinsider_album_match_score"":100.0,""relevance_score_100"":97.0,""popularity_score_100"":20.910022310886994,""score_100"":66.5640089243548,""popularity_basis"":""BeatHit master-list game rank plus track position proxy""}"
214,Music Gen Accomp 27,Unknown credited artist,[],Ghostbusters - The Video Game (ghostbusters-the-video-game),,,"[""video game soundtrack""]","[""und""]",,,,Ghostbusters: The Video Game,,,khinsider_track_prominence_proxy,20.910022310886994,score_0_100,,,,66.5640089243548,,,,https://downloads.khinsider.com/game-soundtracks/album/ghostbusters-the-video-game,2026-10-05,Track title is taken from KHInsider's soundtrack/gamerip album index. Popularity is an explicitly labelled proxy based on BeatHit game rank and track prominence.,"{""culture_category"":""video_game_music"",""video_game"":""Ghostbusters: The Video Game"",""game_rank"":2145,""game_association_kind"":""khinsider_game_soundtrack"",""khinsider_album_url"":""https://downloads.khinsider.com/game-soundtracks/album/ghostbusters-the-video-game"",""khinsider_album_title"":""Ghostbusters - The Video Game (ghostbusters-the-video-game)"",""khinsider_album_kind"":""unclassified_game_album"",""khinsider_album_match_score"":100.0,""relevance_score_100"":97.0,""popularity_score_100"":20.910022310886994,""score_100"":66.5640089243548,""popularity_basis"":""BeatHit master-list game rank plus track position proxy""}"
215,Music Gen Accomp 28,Unknown credited artist,[],Ghostbusters - The Video Game (ghostbusters-the-video-game),,,"[""video game soundtrack""]","[""und""]",,,,Ghostbusters: The Video Game,,,khinsider_track_prominence_proxy,20.910022310886994,score_0_100,,,,66.5640089243548,,,,https://downloads.khinsider.com/game-soundtracks/album/ghostbusters-the-video-game,2026-10-05,Track title is taken from KHInsider's soundtrack/gamerip album index. Popularity is an explicitly labelled proxy based on BeatHit game rank and track prominence.,"{""culture_category"":""video_game_music"",""video_game"":""Ghostbusters: The Video Game"",""game_rank"":2145,""game_association_kind"":""khinsider_game_soundtrack"",""khinsider_album_url"":""https://downloads.khinsider.com/game-soundtracks/album/ghostbusters-the-video-game"",""khinsider_album_title"":""Ghostbusters - The Video Game (ghostbusters-the-video-game)"",""khinsider_album_kind"":""unclassified_game_album"",""khinsider_album_match_score"":100.0,""relevance_score_100"":97.0,""popularity_score_100"":20.910022310886994,""score_100"":66.5640089243548,""popularity_basis"":""BeatHit master-list game rank plus track position proxy""}"
216,Music Gen Accomp 29,Unknown credited artist,[],Ghostbusters - The Video Game (ghostbusters-the-video-game),,,"[""video game soundtrack""]","[""und""]",,,,Ghostbusters: The Video Game,,,khinsider_track_prominence_proxy,20.910022310886994,score_0_100,,,,66.5640089243548,,,,https://downloads.khinsider.com/game-soundtracks/album/ghostbusters-the-video-game,2026-10-05,Track title is taken from KHInsider's soundtrack/gamerip album index. Popularity is an explicitly labelled proxy based on BeatHit game rank and track prominence.,"{""culture_category"":""video_game_music"",""video_game"":""Ghostbusters: The Video Game"",""game_rank"":2145,""game_association_kind"":""khinsider_game_soundtrack"",""khinsider_album_url"":""https://downloads.khinsider.com/game-soundtracks/album/ghostbusters-the-video-game"",""khinsider_album_title"":""Ghostbusters - The Video Game (ghostbusters-the-video-game)"",""khinsider_album_kind"":""unclassified_game_album"",""khinsider_album_match_score"":100.0,""relevance_score_100"":97.0,""popularity_score_100"":20.910022310886994,""score_100"":66.5640089243548,""popularity_basis"":""BeatHit master-list game rank plus track position proxy""}"
217,Music Gen Accomp 30,Unknown credited artist,[],Ghostbusters - The Video Game (ghostbusters-the-video-game),,,"[""video game soundtrack""]","[""und""]",,,,Ghostbusters: The Video Game,,,khinsider_track_prominence_proxy,20.910022310886994,score_0_100,,,,66.5640089243548,,,,https://downloads.khinsider.com/game-soundtracks/album/ghostbusters-the-video-game,2026-10-05,Track title is taken from KHInsider's soundtrack/gamerip album index. Popularity is an explicitly labelled proxy based on BeatHit game rank and track prominence.,"{""culture_category"":""video_game_music"",""video_game"":""Ghostbusters: The Video Game"",""game_rank"":2145,""game_association_kind"":""khinsider_game_soundtrack"",""khinsider_album_url"":""https://downloads.khinsider.com/game-soundtracks/album/ghostbusters-the-video-game"",""khinsider_album_title"":""Ghostbusters - The Video Game (ghostbusters-the-video-game)"",""khinsider_album_kind"":""unclassified_game_album"",""khinsider_album_match_score"":100.0,""relevance_score_100"":97.0,""popularity_score_100"":20.910022310886994,""score_100"":66.5640089243548,""popularity_basis"":""BeatHit master-list game rank plus track position proxy""}"
218,Music Gen Accomp 31,Unknown credited artist,[],Ghostbusters - The Video Game (ghostbusters-the-video-game),,,"[""video game soundtrack""]","[""und""]",,,,Ghostbusters: The Video Game,,,khinsider_track_prominence_proxy,20.910022310886994,score_0_100,,,,66.5640089243548,,,,https://downloads.khinsider.com/game-soundtracks/album/ghostbusters-the-video-game,2026-10-05,Track title is taken from KHInsider's soundtrack/gamerip album index. Popularity is an explicitly labelled proxy based on BeatHit game rank and track prominence.,"{""culture_category"":""video_game_music"",""video_game"":""Ghostbusters: The Video Game"",""game_rank"":2145,""game_association_kind"":""khinsider_game_soundtrack"",""khinsider_album_url"":""https://downloads.khinsider.com/game-soundtracks/album/ghostbusters-the-video-game"",""khinsider_album_title"":""Ghostbusters - The Video Game (ghostbusters-the-video-game)"",""khinsider_album_kind"":""unclassified_game_album"",""khinsider_album_match_score"":100.0,""relevance_score_100"":97.0,""popularity_score_100"":20.910022310886994,""score_100"":66.5640089243548,""popularity_basis"":""BeatHit master-list game rank plus track position proxy""}"
219,Music Gen Accomp 32,Unknown credited artist,[],Ghostbusters - The Video Game (ghostbusters-the-video-game),,,"[""video game soundtrack""]","[""und""]",,,,Ghostbusters: The Video Game,,,khinsider_track_prominence_proxy,20.910022310886994,score_0_100,,,,66.5640089243548,,,,https://downloads.khinsider.com/game-soundtracks/album/ghostbusters-the-video-game,2026-10-05,Track title is taken from KHInsider's soundtrack/gamerip album index. Popularity is an explicitly labelled proxy based on BeatHit game rank and track prominence.,"{""culture_category"":""video_game_music"",""video_game"":""Ghostbusters: The Video Game"",""game_rank"":2145,""game_association_kind"":""khinsider_game_soundtrack"",""khinsider_album_url"":""https://downloads.khinsider.com/game-soundtracks/album/ghostbusters-the-video-game"",""khinsider_album_title"":""Ghostbusters - The Video Game (ghostbusters-the-video-game)"",""khinsider_album_kind"":""unclassified_game_album"",""khinsider_album_match_score"":100.0,""relevance_score_100"":97.0,""popularity_score_100"":20.910022310886994,""score_100"":66.5640089243548,""popularity_basis"":""BeatHit master-list game rank plus track position proxy""}"
220,Music Gen Amb 01,Unknown credited artist,[],Ghostbusters - The Video Game (ghostbusters-the-video-game),,,"[""video game soundtrack""]","[""und""]",,,,Ghostbusters: The Video Game,,,khinsider_track_prominence_proxy,20.910022310886994,score_0_100,,,,66.5640089243548,,,,https://downloads.khinsider.com/game-soundtracks/album/ghostbusters-the-video-game,2026-10-05,Track title is taken from KHInsider's soundtrack/gamerip album index. Popularity is an explicitly labelled proxy based on BeatHit game rank and track prominence.,"{""culture_category"":""video_game_music"",""video_game"":""Ghostbusters: The Video Game"",""game_rank"":2145,""game_association_kind"":""khinsider_game_soundtrack"",""khinsider_album_url"":""https://downloads.khinsider.com/game-soundtracks/album/ghostbusters-the-video-game"",""khinsider_album_title"":""Ghostbusters - The Video Game (ghostbusters-the-video-game)"",""khinsider_album_kind"":""unclassified_game_album"",""khinsider_album_match_score"":100.0,""relevance_score_100"":97.0,""popularity_score_100"":20.910022310886994,""score_100"":66.5640089243548,""popularity_basis"":""BeatHit master-list game rank plus track position proxy""}"
221,Music Gen Est 01,Unknown credited artist,[],Ghostbusters - The Video Game (ghostbusters-the-video-game),,,"[""video game soundtrack""]","[""und""]",,,,Ghostbusters: The Video Game,,,khinsider_track_prominence_proxy,20.910022310886994,score_0_100,,,,66.5640089243548,,,,https://downloads.khinsider.com/game-soundtracks/album/ghostbusters-the-video-game,2026-10-05,Track title is taken from KHInsider's soundtrack/gamerip album index. Popularity is an explicitly labelled proxy based on BeatHit game rank and track prominence.,"{""culture_category"":""video_game_music"",""video_game"":""Ghostbusters: The Video Game"",""game_rank"":2145,""game_association_kind"":""khinsider_game_soundtrack"",""khinsider_album_url"":""https://downloads.khinsider.com/game-soundtracks/album/ghostbusters-the-video-game"",""khinsider_album_title"":""Ghostbusters - The Video Game (ghostbusters-the-video-game)"",""khinsider_album_kind"":""unclassified_game_album"",""khinsider_album_match_score"":100.0,""relevance_score_100"":97.0,""popularity_score_100"":20.910022310886994,""score_100"":66.5640089243548,""popularity_basis"":""BeatHit master-list game rank plus track position proxy""}"
222,Music Gen Est 02,Unknown credited artist,[],Ghostbusters - The Video Game (ghostbusters-the-video-game),,,"[""video game soundtrack""]","[""und""]",,,,Ghostbusters: The Video Game,,,khinsider_track_prominence_proxy,20.910022310886994,score_0_100,,,,66.5640089243548,,,,https://downloads.khinsider.com/game-soundtracks/album/ghostbusters-the-video-game,2026-10-05,Track title is taken from KHInsider's soundtrack/gamerip album index. Popularity is an explicitly labelled proxy based on BeatHit game rank and track prominence.,"{""culture_category"":""video_game_music"",""video_game"":""Ghostbusters: The Video Game"",""game_rank"":2145,""game_association_kind"":""khinsider_game_soundtrack"",""khinsider_album_url"":""https://downloads.khinsider.com/game-soundtracks/album/ghostbusters-the-video-game"",""khinsider_album_title"":""Ghostbusters - The Video Game (ghostbusters-the-video-game)"",""khinsider_album_kind"":""unclassified_game_album"",""khinsider_album_match_score"":100.0,""relevance_score_100"":97.0,""popularity_score_100"":20.910022310886994,""score_100"":66.5640089243548,""popularity_basis"":""BeatHit master-list game rank plus track position proxy""}"
223,Music Gen Est 03,Unknown credited artist,[],Ghostbusters - The Video Game (ghostbusters-the-video-game),,,"[""video game soundtrack""]","[""und""]",,,,Ghostbusters: The Video Game,,,khinsider_track_prominence_proxy,20.910022310886994,score_0_100,,,,66.5640089243548,,,,https://downloads.khinsider.com/game-soundtracks/album/ghostbusters-the-video-game,2026-10-05,Track title is taken from KHInsider's soundtrack/gamerip album index. Popularity is an explicitly labelled proxy based on BeatHit game rank and track prominence.,"{""culture_category"":""video_game_music"",""video_game"":""Ghostbusters: The Video Game"",""game_rank"":2145,""game_association_kind"":""khinsider_game_soundtrack"",""khinsider_album_url"":""https://downloads.khinsider.com/game-soundtracks/album/ghostbusters-the-video-game"",""khinsider_album_title"":""Ghostbusters - The Video Game (ghostbusters-the-video-game)"",""khinsider_album_kind"":""unclassified_game_album"",""khinsider_album_match_score"":100.0,""relevance_score_100"":97.0,""popularity_score_100"":20.910022310886994,""score_100"":66.5640089243548,""popularity_basis"":""BeatHit master-list game rank plus track position proxy""}"
224,Music Gen Est 04,Unknown credited artist,[],Ghostbusters - The Video Game (ghostbusters-the-video-game),,,"[""video game soundtrack""]","[""und""]",,,,Ghostbusters: The Video Game,,,khinsider_track_prominence_proxy,20.910022310886994,score_0_100,,,,66.5640089243548,,,,https://downloads.khinsider.com/game-soundtracks/album/ghostbusters-the-video-game,2026-10-05,Track title is taken from KHInsider's soundtrack/gamerip album index. Popularity is an explicitly labelled proxy based on BeatHit game rank and track prominence.,"{""culture_category"":""video_game_music"",""video_game"":""Ghostbusters: The Video Game"",""game_rank"":2145,""game_association_kind"":""khinsider_game_soundtrack"",""khinsider_album_url"":""https://downloads.khinsider.com/game-soundtracks/album/ghostbusters-the-video-game"",""khinsider_album_title"":""Ghostbusters - The Video Game (ghostbusters-the-video-game)"",""khinsider_album_kind"":""unclassified_game_album"",""khinsider_album_match_score"":100.0,""relevance_score_100"":97.0,""popularity_score_100"":20.910022310886994,""score_100"":66.5640089243548,""popularity_basis"":""BeatHit master-list game rank plus track position proxy""}"
225,Music Gen Est 05,Unknown credited artist,[],Ghostbusters - The Video Game (ghostbusters-the-video-game),,,"[""video game soundtrack""]","[""und""]",,,,Ghostbusters: The Video Game,,,khinsider_track_prominence_proxy,20.910022310886994,score_0_100,,,,66.5640089243548,,,,https://downloads.khinsider.com/game-soundtracks/album/ghostbusters-the-video-game,2026-10-05,Track title is taken from KHInsider's soundtrack/gamerip album index. Popularity is an explicitly labelled proxy based on BeatHit game rank and track prominence.,"{""culture_category"":""video_game_music"",""video_game"":""Ghostbusters: The Video Game"",""game_rank"":2145,""game_association_kind"":""khinsider_game_soundtrack"",""khinsider_album_url"":""https://downloads.khinsider.com/game-soundtracks/album/ghostbusters-the-video-game"",""khinsider_album_title"":""Ghostbusters - The Video Game (ghostbusters-the-video-game)"",""khinsider_album_kind"":""unclassified_game_album"",""khinsider_album_match_score"":100.0,""relevance_score_100"":97.0,""popularity_score_100"":20.910022310886994,""score_100"":66.5640089243548,""popularity_basis"":""BeatHit master-list game rank plus track position proxy""}"
226,Music Gen Est 06,Unknown credited artist,[],Ghostbusters - The Video Game (ghostbusters-the-video-game),,,"[""video game soundtrack""]","[""und""]",,,,Ghostbusters: The Video Game,,,khinsider_track_prominence_proxy,20.910022310886994,score_0_100,,,,66.5640089243548,,,,https://downloads.khinsider.com/game-soundtracks/album/ghostbusters-the-video-game,2026-10-05,Track title is taken from KHInsider's soundtrack/gamerip album index. Popularity is an explicitly labelled proxy based on BeatHit game rank and track prominence.,"{""culture_category"":""video_game_music"",""video_game"":""Ghostbusters: The Video Game"",""game_rank"":2145,""game_association_kind"":""khinsider_game_soundtrack"",""khinsider_album_url"":""https://downloads.khinsider.com/game-soundtracks/album/ghostbusters-the-video-game"",""khinsider_album_title"":""Ghostbusters - The Video Game (ghostbusters-the-video-game)"",""khinsider_album_kind"":""unclassified_game_album"",""khinsider_album_match_score"":100.0,""relevance_score_100"":97.0,""popularity_score_100"":20.910022310886994,""score_100"":66.5640089243548,""popularity_basis"":""BeatHit master-list game rank plus track position proxy""}"
227,Music Gen Est 07,Unknown credited artist,[],Ghostbusters - The Video Game (ghostbusters-the-video-game),,,"[""video game soundtrack""]","[""und""]",,,,Ghostbusters: The Video Game,,,khinsider_track_prominence_proxy,20.910022310886994,score_0_100,,,,66.5640089243548,,,,https://downloads.khinsider.com/game-soundtracks/album/ghostbusters-the-video-game,2026-10-05,Track title is taken from KHInsider's soundtrack/gamerip album index. Popularity is an explicitly labelled proxy based on BeatHit game rank and track prominence.,"{""culture_category"":""video_game_music"",""video_game"":""Ghostbusters: The Video Game"",""game_rank"":2145,""game_association_kind"":""khinsider_game_soundtrack"",""khinsider_album_url"":""https://downloads.khinsider.com/game-soundtracks/album/ghostbusters-the-video-game"",""khinsider_album_title"":""Ghostbusters - The Video Game (ghostbusters-the-video-game)"",""khinsider_album_kind"":""unclassified_game_album"",""khinsider_album_match_score"":100.0,""relevance_score_100"":97.0,""popularity_score_100"":20.910022310886994,""score_100"":66.5640089243548,""popularity_basis"":""BeatHit master-list game rank plus track position proxy""}"
228,Music Gen Est 08,Unknown credited artist,[],Ghostbusters - The Video Game (ghostbusters-the-video-game),,,"[""video game soundtrack""]","[""und""]",,,,Ghostbusters: The Video Game,,,khinsider_track_prominence_proxy,20.910022310886994,score_0_100,,,,66.5640089243548,,,,https://downloads.khinsider.com/game-soundtracks/album/ghostbusters-the-video-game,2026-10-05,Track title is taken from KHInsider's soundtrack/gamerip album index. Popularity is an explicitly labelled proxy based on BeatHit game rank and track prominence.,"{""culture_category"":""video_game_music"",""video_game"":""Ghostbusters: The Video Game"",""game_rank"":2145,""game_association_kind"":""khinsider_game_soundtrack"",""khinsider_album_url"":""https://downloads.khinsider.com/game-soundtracks/album/ghostbusters-the-video-game"",""khinsider_album_title"":""Ghostbusters - The Video Game (ghostbusters-the-video-game)"",""khinsider_album_kind"":""unclassified_game_album"",""khinsider_album_match_score"":100.0,""relevance_score_100"":97.0,""popularity_score_100"":20.910022310886994,""score_100"":66.5640089243548,""popularity_basis"":""BeatHit master-list game rank plus track position proxy""}"
229,Music Gen Est 09,Unknown credited artist,[],Ghostbusters - The Video Game (ghostbusters-the-video-game),,,"[""video game soundtrack""]","[""und""]",,,,Ghostbusters: The Video Game,,,khinsider_track_prominence_proxy,20.910022310886994,score_0_100,,,,66.5640089243548,,,,https://downloads.khinsider.com/game-soundtracks/album/ghostbusters-the-video-game,2026-10-05,Track title is taken from KHInsider's soundtrack/gamerip album index. Popularity is an explicitly labelled proxy based on BeatHit game rank and track prominence.,"{""culture_category"":""video_game_music"",""video_game"":""Ghostbusters: The Video Game"",""game_rank"":2145,""game_association_kind"":""khinsider_game_soundtrack"",""khinsider_album_url"":""https://downloads.khinsider.com/game-soundtracks/album/ghostbusters-the-video-game"",""khinsider_album_title"":""Ghostbusters - The Video Game (ghostbusters-the-video-game)"",""khinsider_album_kind"":""unclassified_game_album"",""khinsider_album_match_score"":100.0,""relevance_score_100"":97.0,""popularity_score_100"":20.910022310886994,""score_100"":66.5640089243548,""popularity_basis"":""BeatHit master-list game rank plus track position proxy""}"
230,Music Gen Est 10,Unknown credited artist,[],Ghostbusters - The Video Game (ghostbusters-the-video-game),,,"[""video game soundtrack""]","[""und""]",,,,Ghostbusters: The Video Game,,,khinsider_track_prominence_proxy,20.910022310886994,score_0_100,,,,66.5640089243548,,,,https://downloads.khinsider.com/game-soundtracks/album/ghostbusters-the-video-game,2026-10-05,Track title is taken from KHInsider's soundtrack/gamerip album index. Popularity is an explicitly labelled proxy based on BeatHit game rank and track prominence.,"{""culture_category"":""video_game_music"",""video_game"":""Ghostbusters: The Video Game"",""game_rank"":2145,""game_association_kind"":""khinsider_game_soundtrack"",""khinsider_album_url"":""https://downloads.khinsider.com/game-soundtracks/album/ghostbusters-the-video-game"",""khinsider_album_title"":""Ghostbusters - The Video Game (ghostbusters-the-video-game)"",""khinsider_album_kind"":""unclassified_game_album"",""khinsider_album_match_score"":100.0,""relevance_score_100"":97.0,""popularity_score_100"":20.910022310886994,""score_100"":66.5640089243548,""popularity_basis"":""BeatHit master-list game rank plus track position proxy""}"
231,Music Gen Est 11,Unknown credited artist,[],Ghostbusters - The Video Game (ghostbusters-the-video-game),,,"[""video game soundtrack""]","[""und""]",,,,Ghostbusters: The Video Game,,,khinsider_track_prominence_proxy,20.910022310886994,score_0_100,,,,66.5640089243548,,,,https://downloads.khinsider.com/game-soundtracks/album/ghostbusters-the-video-game,2026-10-05,Track title is taken from KHInsider's soundtrack/gamerip album index. Popularity is an explicitly labelled proxy based on BeatHit game rank and track prominence.,"{""culture_category"":""video_game_music"",""video_game"":""Ghostbusters: The Video Game"",""game_rank"":2145,""game_association_kind"":""khinsider_game_soundtrack"",""khinsider_album_url"":""https://downloads.khinsider.com/game-soundtracks/album/ghostbusters-the-video-game"",""khinsider_album_title"":""Ghostbusters - The Video Game (ghostbusters-the-video-game)"",""khinsider_album_kind"":""unclassified_game_album"",""khinsider_album_match_score"":100.0,""relevance_score_100"":97.0,""popularity_score_100"":20.910022310886994,""score_100"":66.5640089243548,""popularity_basis"":""BeatHit master-list game rank plus track position proxy""}"
232,Music Gen Est 13,Unknown credited artist,[],Ghostbusters - The Video Game (ghostbusters-the-video-game),,,"[""video game soundtrack""]","[""und""]",,,,Ghostbusters: The Video Game,,,khinsider_track_prominence_proxy,20.910022310886994,score_0_100,,,,66.5640089243548,,,,https://downloads.khinsider.com/game-soundtracks/album/ghostbusters-the-video-game,2026-10-05,Track title is taken from KHInsider's soundtrack/gamerip album index. Popularity is an explicitly labelled proxy based on BeatHit game rank and track prominence.,"{""culture_category"":""video_game_music"",""video_game"":""Ghostbusters: The Video Game"",""game_rank"":2145,""game_association_kind"":""khinsider_game_soundtrack"",""khinsider_album_url"":""https://downloads.khinsider.com/game-soundtracks/album/ghostbusters-the-video-game"",""khinsider_album_title"":""Ghostbusters - The Video Game (ghostbusters-the-video-game)"",""khinsider_album_kind"":""unclassified_game_album"",""khinsider_album_match_score"":100.0,""relevance_score_100"":97.0,""popularity_score_100"":20.910022310886994,""score_100"":66.5640089243548,""popularity_basis"":""BeatHit master-list game rank plus track position proxy""}"
233,Music Gen Est 14,Unknown credited artist,[],Ghostbusters - The Video Game (ghostbusters-the-video-game),,,"[""video game soundtrack""]","[""und""]",,,,Ghostbusters: The Video Game,,,khinsider_track_prominence_proxy,20.910022310886994,score_0_100,,,,66.5640089243548,,,,https://downloads.khinsider.com/game-soundtracks/album/ghostbusters-the-video-game,2026-10-05,Track title is taken from KHInsider's soundtrack/gamerip album index. Popularity is an explicitly labelled proxy based on BeatHit game rank and track prominence.,"{""culture_category"":""video_game_music"",""video_game"":""Ghostbusters: The Video Game"",""game_rank"":2145,""game_association_kind"":""khinsider_game_soundtrack"",""khinsider_album_url"":""https://downloads.khinsider.com/game-soundtracks/album/ghostbusters-the-video-game"",""khinsider_album_title"":""Ghostbusters - The Video Game (ghostbusters-the-video-game)"",""khinsider_album_kind"":""unclassified_game_album"",""khinsider_album_match_score"":100.0,""relevance_score_100"":97.0,""popularity_score_100"":20.910022310886994,""score_100"":66.5640089243548,""popularity_basis"":""BeatHit master-list game rank plus track position proxy""}"
234,Music Gen Est 15,Unknown credited artist,[],Ghostbusters - The Video Game (ghostbusters-the-video-game),,,"[""video game soundtrack""]","[""und""]",,,,Ghostbusters: The Video Game,,,khinsider_track_prominence_proxy,20.910022310886994,score_0_100,,,,66.5640089243548,,,,https://downloads.khinsider.com/game-soundtracks/album/ghostbusters-the-video-game,2026-10-05,Track title is taken from KHInsider's soundtrack/gamerip album index. Popularity is an explicitly labelled proxy based on BeatHit game rank and track prominence.,"{""culture_category"":""video_game_music"",""video_game"":""Ghostbusters: The Video Game"",""game_rank"":2145,""game_association_kind"":""khinsider_game_soundtrack"",""khinsider_album_url"":""https://downloads.khinsider.com/game-soundtracks/album/ghostbusters-the-video-game"",""khinsider_album_title"":""Ghostbusters - The Video Game (ghostbusters-the-video-game)"",""khinsider_album_kind"":""unclassified_game_album"",""khinsider_album_match_score"":100.0,""relevance_score_100"":97.0,""popularity_score_100"":20.910022310886994,""score_100"":66.5640089243548,""popularity_basis"":""BeatHit master-list game rank plus track position proxy""}"
235,Music Gen Est 16,Unknown credited artist,[],Ghostbusters - The Video Game (ghostbusters-the-video-game),,,"[""video game soundtrack""]","[""und""]",,,,Ghostbusters: The Video Game,,,khinsider_track_prominence_proxy,20.910022310886994,score_0_100,,,,66.5640089243548,,,,https://downloads.khinsider.com/game-soundtracks/album/ghostbusters-the-video-game,2026-10-05,Track title is taken from KHInsider's soundtrack/gamerip album index. Popularity is an explicitly labelled proxy based on BeatHit game rank and track prominence.,"{""culture_category"":""video_game_music"",""video_game"":""Ghostbusters: The Video Game"",""game_rank"":2145,""game_association_kind"":""khinsider_game_soundtrack"",""khinsider_album_url"":""https://downloads.khinsider.com/game-soundtracks/album/ghostbusters-the-video-game"",""khinsider_album_title"":""Ghostbusters - The Video Game (ghostbusters-the-video-game)"",""khinsider_album_kind"":""unclassified_game_album"",""khinsider_album_match_score"":100.0,""relevance_score_100"":97.0,""popularity_score_100"":20.910022310886994,""score_100"":66.5640089243548,""popularity_basis"":""BeatHit master-list game rank plus track position proxy""}"
236,Music Gen Est 19,Unknown credited artist,[],Ghostbusters - The Video Game (ghostbusters-the-video-game),,,"[""video game soundtrack""]","[""und""]",,,,Ghostbusters: The Video Game,,,khinsider_track_prominence_proxy,20.910022310886994,score_0_100,,,,66.5640089243548,,,,https://downloads.khinsider.com/game-soundtracks/album/ghostbusters-the-video-game,2026-10-05,Track title is taken from KHInsider's soundtrack/gamerip album index. Popularity is an explicitly labelled proxy based on BeatHit game rank and track prominence.,"{""culture_category"":""video_game_music"",""video_game"":""Ghostbusters: The Video Game"",""game_rank"":2145,""game_association_kind"":""khinsider_game_soundtrack"",""khinsider_album_url"":""https://downloads.khinsider.com/game-soundtracks/album/ghostbusters-the-video-game"",""khinsider_album_title"":""Ghostbusters - The Video Game (ghostbusters-the-video-game)"",""khinsider_album_kind"":""unclassified_game_album"",""khinsider_album_match_score"":100.0,""relevance_score_100"":97.0,""popularity_score_100"":20.910022310886994,""score_100"":66.5640089243548,""popularity_basis"":""BeatHit master-list game rank plus track position proxy""}"
237,Music Gen Est 20,Unknown credited artist,[],Ghostbusters - The Video Game (ghostbusters-the-video-game),,,"[""video game soundtrack""]","[""und""]",,,,Ghostbusters: The Video Game,,,khinsider_track_prominence_proxy,20.910022310886994,score_0_100,,,,66.5640089243548,,,,https://downloads.khinsider.com/game-soundtracks/album/ghostbusters-the-video-game,2026-10-05,Track title is taken from KHInsider's soundtrack/gamerip album index. Popularity is an explicitly labelled proxy based on BeatHit game rank and track prominence.,"{""culture_category"":""video_game_music"",""video_game"":""Ghostbusters: The Video Game"",""game_rank"":2145,""game_association_kind"":""khinsider_game_soundtrack"",""khinsider_album_url"":""https://downloads.khinsider.com/game-soundtracks/album/ghostbusters-the-video-game"",""khinsider_album_title"":""Ghostbusters - The Video Game (ghostbusters-the-video-game)"",""khinsider_album_kind"":""unclassified_game_album"",""khinsider_album_match_score"":100.0,""relevance_score_100"":97.0,""popularity_score_100"":20.910022310886994,""score_100"":66.5640089243548,""popularity_basis"":""BeatHit master-list game rank plus track position proxy""}"
238,Music Gen Est 21,Unknown credited artist,[],Ghostbusters - The Video Game (ghostbusters-the-video-game),,,"[""video game soundtrack""]","[""und""]",,,,Ghostbusters: The Video Game,,,khinsider_track_prominence_proxy,20.910022310886994,score_0_100,,,,66.5640089243548,,,,https://downloads.khinsider.com/game-soundtracks/album/ghostbusters-the-video-game,2026-10-05,Track title is taken from KHInsider's soundtrack/gamerip album index. Popularity is an explicitly labelled proxy based on BeatHit game rank and track prominence.,"{""culture_category"":""video_game_music"",""video_game"":""Ghostbusters: The Video Game"",""game_rank"":2145,""game_association_kind"":""khinsider_game_soundtrack"",""khinsider_album_url"":""https://downloads.khinsider.com/game-soundtracks/album/ghostbusters-the-video-game"",""khinsider_album_title"":""Ghostbusters - The Video Game (ghostbusters-the-video-game)"",""khinsider_album_kind"":""unclassified_game_album"",""khinsider_album_match_score"":100.0,""relevance_score_100"":97.0,""popularity_score_100"":20.910022310886994,""score_100"":66.5640089243548,""popularity_basis"":""BeatHit master-list game rank plus track position proxy""}"
239,Music Gen Est 23,Unknown credited artist,[],Ghostbusters - The Video Game (ghostbusters-the-video-game),,,"[""video game soundtrack""]","[""und""]",,,,Ghostbusters: The Video Game,,,khinsider_track_prominence_proxy,20.910022310886994,score_0_100,,,,66.5640089243548,,,,https://downloads.khinsider.com/game-soundtracks/album/ghostbusters-the-video-game,2026-10-05,Track title is taken from KHInsider's soundtrack/gamerip album index. Popularity is an explicitly labelled proxy based on BeatHit game rank and track prominence.,"{""culture_category"":""video_game_music"",""video_game"":""Ghostbusters: The Video Game"",""game_rank"":2145,""game_association_kind"":""khinsider_game_soundtrack"",""khinsider_album_url"":""https://downloads.khinsider.com/game-soundtracks/album/ghostbusters-the-video-game"",""khinsider_album_title"":""Ghostbusters - The Video Game (ghostbusters-the-video-game)"",""khinsider_album_kind"":""unclassified_game_album"",""khinsider_album_match_score"":100.0,""relevance_score_100"":97.0,""popularity_score_100"":20.910022310886994,""score_100"":66.5640089243548,""popularity_basis"":""BeatHit master-list game rank plus track position proxy""}"
240,Music Gen Est 24,Unknown credited artist,[],Ghostbusters - The Video Game (ghostbusters-the-video-game),,,"[""video game soundtrack""]","[""und""]",,,,Ghostbusters: The Video Game,,,khinsider_track_prominence_proxy,20.910022310886994,score_0_100,,,,66.5640089243548,,,,https://downloads.khinsider.com/game-soundtracks/album/ghostbusters-the-video-game,2026-10-05,Track title is taken from KHInsider's soundtrack/gamerip album index. Popularity is an explicitly labelled proxy based on BeatHit game rank and track prominence.,"{""culture_category"":""video_game_music"",""video_game"":""Ghostbusters: The Video Game"",""game_rank"":2145,""game_association_kind"":""khinsider_game_soundtrack"",""khinsider_album_url"":""https://downloads.khinsider.com/game-soundtracks/album/ghostbusters-the-video-game"",""khinsider_album_title"":""Ghostbusters - The Video Game (ghostbusters-the-video-game)"",""khinsider_album_kind"":""unclassified_game_album"",""khinsider_album_match_score"":100.0,""relevance_score_100"":97.0,""popularity_score_100"":20.910022310886994,""score_100"":66.5640089243548,""popularity_basis"":""BeatHit master-list game rank plus track position proxy""}"
241,Music Gen Est 25,Unknown credited artist,[],Ghostbusters - The Video Game (ghostbusters-the-video-game),,,"[""video game soundtrack""]","[""und""]",,,,Ghostbusters: The Video Game,,,khinsider_track_prominence_proxy,20.910022310886994,score_0_100,,,,66.5640089243548,,,,https://downloads.khinsider.com/game-soundtracks/album/ghostbusters-the-video-game,2026-10-05,Track title is taken from KHInsider's soundtrack/gamerip album index. Popularity is an explicitly labelled proxy based on BeatHit game rank and track prominence.,"{""culture_category"":""video_game_music"",""video_game"":""Ghostbusters: The Video Game"",""game_rank"":2145,""game_association_kind"":""khinsider_game_soundtrack"",""khinsider_album_url"":""https://downloads.khinsider.com/game-soundtracks/album/ghostbusters-the-video-game"",""khinsider_album_title"":""Ghostbusters - The Video Game (ghostbusters-the-video-game)"",""khinsider_album_kind"":""unclassified_game_album"",""khinsider_album_match_score"":100.0,""relevance_score_100"":97.0,""popularity_score_100"":20.910022310886994,""score_100"":66.5640089243548,""popularity_basis"":""BeatHit master-list game rank plus track position proxy""}"
242,Music Gen Est 26,Unknown credited artist,[],Ghostbusters - The Video Game (ghostbusters-the-video-game),,,"[""video game soundtrack""]","[""und""]",,,,Ghostbusters: The Video Game,,,khinsider_track_prominence_proxy,20.910022310886994,score_0_100,,,,66.5640089243548,,,,https://downloads.khinsider.com/game-soundtracks/album/ghostbusters-the-video-game,2026-10-05,Track title is taken from KHInsider's soundtrack/gamerip album index. Popularity is an explicitly labelled proxy based on BeatHit game rank and track prominence.,"{""culture_category"":""video_game_music"",""video_game"":""Ghostbusters: The Video Game"",""game_rank"":2145,""game_association_kind"":""khinsider_game_soundtrack"",""khinsider_album_url"":""https://downloads.khinsider.com/game-soundtracks/album/ghostbusters-the-video-game"",""khinsider_album_title"":""Ghostbusters - The Video Game (ghostbusters-the-video-game)"",""khinsider_album_kind"":""unclassified_game_album"",""khinsider_album_match_score"":100.0,""relevance_score_100"":97.0,""popularity_score_100"":20.910022310886994,""score_100"":66.5640089243548,""popularity_basis"":""BeatHit master-list game rank plus track position proxy""}"
243,Music Hotel1 Intro,Unknown credited artist,[],Ghostbusters - The Video Game (ghostbusters-the-video-game),,,"[""video game soundtrack""]","[""und""]",,,,Ghostbusters: The Video Game,,,khinsider_track_prominence_proxy,20.910022310886994,score_0_100,,,,66.5640089243548,,,,https://downloads.khinsider.com/game-soundtracks/album/ghostbusters-the-video-game,2026-10-05,Track title is taken from KHInsider's soundtrack/gamerip album index. Popularity is an explicitly labelled proxy based on BeatHit game rank and track prominence.,"{""culture_category"":""video_game_music"",""video_game"":""Ghostbusters: The Video Game"",""game_rank"":2145,""game_association_kind"":""khinsider_game_soundtrack"",""khinsider_album_url"":""https://downloads.khinsider.com/game-soundtracks/album/ghostbusters-the-video-game"",""khinsider_album_title"":""Ghostbusters - The Video Game (ghostbusters-the-video-game)"",""khinsider_album_kind"":""unclassified_game_album"",""khinsider_album_match_score"":100.0,""relevance_score_100"":97.0,""popularity_score_100"":20.910022310886994,""score_100"":66.5640089243548,""popularity_basis"":""BeatHit master-list game rank plus track position proxy""}"
244,Music Hotel1 Lobby Loop,Unknown credited artist,[],Ghostbusters - The Video Game (ghostbusters-the-video-game),,,"[""video game soundtrack""]","[""und""]",,,,Ghostbusters: The Video Game,,,khinsider_track_prominence_proxy,20.910022310886994,score_0_100,,,,66.5640089243548,,,,https://downloads.khinsider.com/game-soundtracks/album/ghostbusters-the-video-game,2026-10-05,Track title is taken from KHInsider's soundtrack/gamerip album index. Popularity is an explicitly labelled proxy based on BeatHit game rank and track prominence.,"{""culture_category"":""video_game_music"",""video_game"":""Ghostbusters: The Video Game"",""game_rank"":2145,""game_association_kind"":""khinsider_game_soundtrack"",""khinsider_album_url"":""https://downloads.khinsider.com/game-soundtracks/album/ghostbusters-the-video-game"",""khinsider_album_title"":""Ghostbusters - The Video Game (ghostbusters-the-video-game)"",""khinsider_album_kind"":""unclassified_game_album"",""khinsider_album_match_score"":100.0,""relevance_score_100"":97.0,""popularity_score_100"":20.910022310886994,""score_100"":66.5640089243548,""popularity_basis"":""BeatHit master-list game rank plus track position proxy""}"
245,Music Hotel Venkman Down,Unknown credited artist,[],Ghostbusters - The Video Game (ghostbusters-the-video-game),,,"[""video game soundtrack""]","[""und""]",,,,Ghostbusters: The Video Game,,,khinsider_track_prominence_proxy,20.910022310886994,score_0_100,,,,66.5640089243548,,,,https://downloads.khinsider.com/game-soundtracks/album/ghostbusters-the-video-game,2026-10-05,Track title is taken from KHInsider's soundtrack/gamerip album index. Popularity is an explicitly labelled proxy based on BeatHit game rank and track prominence.,"{""culture_category"":""video_game_music"",""video_game"":""Ghostbusters: The Video Game"",""game_rank"":2145,""game_association_kind"":""khinsider_game_soundtrack"",""khinsider_album_url"":""https://downloads.khinsider.com/game-soundtracks/album/ghostbusters-the-video-game"",""khinsider_album_title"":""Ghostbusters - The Video Game (ghostbusters-the-video-game)"",""khinsider_album_kind"":""unclassified_game_album"",""khinsider_album_match_score"":100.0,""relevance_score_100"":97.0,""popularity_score_100"":20.910022310886994,""score_100"":66.5640089243548,""popularity_basis"":""BeatHit master-list game rank plus track position proxy""}"
246,Music Idle Loop 01,Unknown credited artist,[],Ghostbusters - The Video Game (ghostbusters-the-video-game),,,"[""video game soundtrack""]","[""und""]",,,,Ghostbusters: The Video Game,,,khinsider_track_prominence_proxy,20.910022310886994,score_0_100,,,,66.5640089243548,,,,https://downloads.khinsider.com/game-soundtracks/album/ghostbusters-the-video-game,2026-10-05,Track title is taken from KHInsider's soundtrack/gamerip album index. Popularity is an explicitly labelled proxy based on BeatHit game rank and track prominence.,"{""culture_category"":""video_game_music"",""video_game"":""Ghostbusters: The Video Game"",""game_rank"":2145,""game_association_kind"":""khinsider_game_soundtrack"",""khinsider_album_url"":""https://downloads.khinsider.com/game-soundtracks/album/ghostbusters-the-video-game"",""khinsider_album_title"":""Ghostbusters - The Video Game (ghostbusters-the-video-game)"",""khinsider_album_kind"":""unclassified_game_album"",""khinsider_album_match_score"":100.0,""relevance_score_100"":97.0,""popularity_score_100"":20.910022310886994,""score_100"":66.5640089243548,""popularity_basis"":""BeatHit master-list game rank plus track position proxy""}"
247,Music Idle Loop 02,Unknown credited artist,[],Ghostbusters - The Video Game (ghostbusters-the-video-game),,,"[""video game soundtrack""]","[""und""]",,,,Ghostbusters: The Video Game,,,khinsider_track_prominence_proxy,20.910022310886994,score_0_100,,,,66.5640089243548,,,,https://downloads.khinsider.com/game-soundtracks/album/ghostbusters-the-video-game,2026-10-05,Track title is taken from KHInsider's soundtrack/gamerip album index. Popularity is an explicitly labelled proxy based on BeatHit game rank and track prominence.,"{""culture_category"":""video_game_music"",""video_game"":""Ghostbusters: The Video Game"",""game_rank"":2145,""game_association_kind"":""khinsider_game_soundtrack"",""khinsider_album_url"":""https://downloads.khinsider.com/game-soundtracks/album/ghostbusters-the-video-game"",""khinsider_album_title"":""Ghostbusters - The Video Game (ghostbusters-the-video-game)"",""khinsider_album_kind"":""unclassified_game_album"",""khinsider_album_match_score"":100.0,""relevance_score_100"":97.0,""popularity_score_100"":20.910022310886994,""score_100"":66.5640089243548,""popularity_basis"":""BeatHit master-list game rank plus track position proxy""}"
248,Music Levitate 01,Unknown credited artist,[],Ghostbusters - The Video Game (ghostbusters-the-video-game),,,"[""video game soundtrack""]","[""und""]",,,,Ghostbusters: The Video Game,,,khinsider_track_prominence_proxy,20.910022310886994,score_0_100,,,,66.5640089243548,,,,https://downloads.khinsider.com/game-soundtracks/album/ghostbusters-the-video-game,2026-10-05,Track title is taken from KHInsider's soundtrack/gamerip album index. Popularity is an explicitly labelled proxy based on BeatHit game rank and track prominence.,"{""culture_category"":""video_game_music"",""video_game"":""Ghostbusters: The Video Game"",""game_rank"":2145,""game_association_kind"":""khinsider_game_soundtrack"",""khinsider_album_url"":""https://downloads.khinsider.com/game-soundtracks/album/ghostbusters-the-video-game"",""khinsider_album_title"":""Ghostbusters - The Video Game (ghostbusters-the-video-game)"",""khinsider_album_kind"":""unclassified_game_album"",""khinsider_album_match_score"":100.0,""relevance_score_100"":97.0,""popularity_score_100"":20.910022310886994,""score_100"":66.5640089243548,""popularity_basis"":""BeatHit master-list game rank plus track position proxy""}"
249,Music Lib Boss Loop 01,Unknown credited artist,[],Ghostbusters - The Video Game (ghostbusters-the-video-game),,,"[""video game soundtrack""]","[""und""]",,,,Ghostbusters: The Video Game,,,khinsider_track_prominence_proxy,20.910022310886994,score_0_100,,,,66.5640089243548,,,,https://downloads.khinsider.com/game-soundtracks/album/ghostbusters-the-video-game,2026-10-05,Track title is taken from KHInsider's soundtrack/gamerip album index. Popularity is an explicitly labelled proxy based on BeatHit game rank and track prominence.,"{""culture_category"":""video_game_music"",""video_game"":""Ghostbusters: The Video Game"",""game_rank"":2145,""game_association_kind"":""khinsider_game_soundtrack"",""khinsider_album_url"":""https://downloads.khinsider.com/game-soundtracks/album/ghostbusters-the-video-game"",""khinsider_album_title"":""Ghostbusters - The Video Game (ghostbusters-the-video-game)"",""khinsider_album_kind"":""unclassified_game_album"",""khinsider_album_match_score"":100.0,""relevance_score_100"":97.0,""popularity_score_100"":20.910022310886994,""score_100"":66.5640089243548,""popularity_basis"":""BeatHit master-list game rank plus track position proxy""}"
250,Music Lib Cent Fight Loop,Unknown credited artist,[],Ghostbusters - The Video Game (ghostbusters-the-video-game),,,"[""video game soundtrack""]","[""und""]",,,,Ghostbusters: The Video Game,,,khinsider_track_prominence_proxy,20.910022310886994,score_0_100,,,,66.5640089243548,,,,https://downloads.khinsider.com/game-soundtracks/album/ghostbusters-the-video-game,2026-10-05,Track title is taken from KHInsider's soundtrack/gamerip album index. Popularity is an explicitly labelled proxy based on BeatHit game rank and track prominence.,"{""culture_category"":""video_game_music"",""video_game"":""Ghostbusters: The Video Game"",""game_rank"":2145,""game_association_kind"":""khinsider_game_soundtrack"",""khinsider_album_url"":""https://downloads.khinsider.com/game-soundtracks/album/ghostbusters-the-video-game"",""khinsider_album_title"":""Ghostbusters - The Video Game (ghostbusters-the-video-game)"",""khinsider_album_kind"":""unclassified_game_album"",""khinsider_album_match_score"":100.0,""relevance_score_100"":97.0,""popularity_score_100"":20.910022310886994,""score_100"":66.5640089243548,""popularity_basis"":""BeatHit master-list game rank plus track position proxy""}"
251,Music Lib Entrance Loop,Unknown credited artist,[],Ghostbusters - The Video Game (ghostbusters-the-video-game),,,"[""video game soundtrack""]","[""und""]",,,,Ghostbusters: The Video Game,,,khinsider_track_prominence_proxy,20.910022310886994,score_0_100,,,,66.5640089243548,,,,https://downloads.khinsider.com/game-soundtracks/album/ghostbusters-the-video-game,2026-10-05,Track title is taken from KHInsider's soundtrack/gamerip album index. Popularity is an explicitly labelled proxy based on BeatHit game rank and track prominence.,"{""culture_category"":""video_game_music"",""video_game"":""Ghostbusters: The Video Game"",""game_rank"":2145,""game_association_kind"":""khinsider_game_soundtrack"",""khinsider_album_url"":""https://downloads.khinsider.com/game-soundtracks/album/ghostbusters-the-video-game"",""khinsider_album_title"":""Ghostbusters - The Video Game (ghostbusters-the-video-game)"",""khinsider_album_kind"":""unclassified_game_album"",""khinsider_album_match_score"":100.0,""relevance_score_100"":97.0,""popularity_score_100"":20.910022310886994,""score_100"":66.5640089243548,""popularity_basis"":""BeatHit master-list game rank plus track position proxy""}"
252,Music Lib Golem Boss Loop,Unknown credited artist,[],Ghostbusters - The Video Game (ghostbusters-the-video-game),,,"[""video game soundtrack""]","[""und""]",,,,Ghostbusters: The Video Game,,,khinsider_track_prominence_proxy,20.910022310886994,score_0_100,,,,66.5640089243548,,,,https://downloads.khinsider.com/game-soundtracks/album/ghostbusters-the-video-game,2026-10-05,Track title is taken from KHInsider's soundtrack/gamerip album index. Popularity is an explicitly labelled proxy based on BeatHit game rank and track prominence.,"{""culture_category"":""video_game_music"",""video_game"":""Ghostbusters: The Video Game"",""game_rank"":2145,""game_association_kind"":""khinsider_game_soundtrack"",""khinsider_album_url"":""https://downloads.khinsider.com/game-soundtracks/album/ghostbusters-the-video-game"",""khinsider_album_title"":""Ghostbusters - The Video Game (ghostbusters-the-video-game)"",""khinsider_album_kind"":""unclassified_game_album"",""khinsider_album_match_score"":100.0,""relevance_score_100"":97.0,""popularity_score_100"":20.910022310886994,""score_100"":66.5640089243548,""popularity_basis"":""BeatHit master-list game rank plus track position proxy""}"
253,Music Lib Librarian Room Loop 01,Unknown credited artist,[],Ghostbusters - The Video Game (ghostbusters-the-video-game),,,"[""video game soundtrack""]","[""und""]",,,,Ghostbusters: The Video Game,,,khinsider_track_prominence_proxy,20.910022310886994,score_0_100,,,,66.5640089243548,,,,https://downloads.khinsider.com/game-soundtracks/album/ghostbusters-the-video-game,2026-10-05,Track title is taken from KHInsider's soundtrack/gamerip album index. Popularity is an explicitly labelled proxy based on BeatHit game rank and track prominence.,"{""culture_category"":""video_game_music"",""video_game"":""Ghostbusters: The Video Game"",""game_rank"":2145,""game_association_kind"":""khinsider_game_soundtrack"",""khinsider_album_url"":""https://downloads.khinsider.com/game-soundtracks/album/ghostbusters-the-video-game"",""khinsider_album_title"":""Ghostbusters - The Video Game (ghostbusters-the-video-game)"",""khinsider_album_kind"":""unclassified_game_album"",""khinsider_album_match_score"":100.0,""relevance_score_100"":97.0,""popularity_score_100"":20.910022310886994,""score_100"":66.5640089243548,""popularity_basis"":""BeatHit master-list game rank plus track position proxy""}"
254,Music Lib Librarian Sting 01,Unknown credited artist,[],Ghostbusters - The Video Game (ghostbusters-the-video-game),,,"[""video game soundtrack""]","[""und""]",,,,Ghostbusters: The Video Game,,,khinsider_track_prominence_proxy,20.910022310886994,score_0_100,,,,66.5640089243548,,,,https://downloads.khinsider.com/game-soundtracks/album/ghostbusters-the-video-game,2026-10-05,Track title is taken from KHInsider's soundtrack/gamerip album index. Popularity is an explicitly labelled proxy based on BeatHit game rank and track prominence.,"{""culture_category"":""video_game_music"",""video_game"":""Ghostbusters: The Video Game"",""game_rank"":2145,""game_association_kind"":""khinsider_game_soundtrack"",""khinsider_album_url"":""https://downloads.khinsider.com/game-soundtracks/album/ghostbusters-the-video-game"",""khinsider_album_title"":""Ghostbusters - The Video Game (ghostbusters-the-video-game)"",""khinsider_album_kind"":""unclassified_game_album"",""khinsider_album_match_score"":100.0,""relevance_score_100"":97.0,""popularity_score_100"":20.910022310886994,""score_100"":66.5640089243548,""popularity_basis"":""BeatHit master-list game rank plus track position proxy""}"
255,Music Lib Loop Bookbat Lib Fight,Unknown credited artist,[],Ghostbusters - The Video Game (ghostbusters-the-video-game),,,"[""video game soundtrack""]","[""und""]",,,,Ghostbusters: The Video Game,,,khinsider_track_prominence_proxy,20.910022310886994,score_0_100,,,,66.5640089243548,,,,https://downloads.khinsider.com/game-soundtracks/album/ghostbusters-the-video-game,2026-10-05,Track title is taken from KHInsider's soundtrack/gamerip album index. Popularity is an explicitly labelled proxy based on BeatHit game rank and track prominence.,"{""culture_category"":""video_game_music"",""video_game"":""Ghostbusters: The Video Game"",""game_rank"":2145,""game_association_kind"":""khinsider_game_soundtrack"",""khinsider_album_url"":""https://downloads.khinsider.com/game-soundtracks/album/ghostbusters-the-video-game"",""khinsider_album_title"":""Ghostbusters - The Video Game (ghostbusters-the-video-game)"",""khinsider_album_kind"":""unclassified_game_album"",""khinsider_album_match_score"":100.0,""relevance_score_100"":97.0,""popularity_score_100"":20.910022310886994,""score_100"":66.5640089243548,""popularity_basis"":""BeatHit master-list game rank plus track position proxy""}"
256,Music Lib Mainloop 02,Unknown credited artist,[],Ghostbusters - The Video Game (ghostbusters-the-video-game),,,"[""video game soundtrack""]","[""und""]",,,,Ghostbusters: The Video Game,,,khinsider_track_prominence_proxy,20.910022310886994,score_0_100,,,,66.5640089243548,,,,https://downloads.khinsider.com/game-soundtracks/album/ghostbusters-the-video-game,2026-10-05,Track title is taken from KHInsider's soundtrack/gamerip album index. Popularity is an explicitly labelled proxy based on BeatHit game rank and track prominence.,"{""culture_category"":""video_game_music"",""video_game"":""Ghostbusters: The Video Game"",""game_rank"":2145,""game_association_kind"":""khinsider_game_soundtrack"",""khinsider_album_url"":""https://downloads.khinsider.com/game-soundtracks/album/ghostbusters-the-video-game"",""khinsider_album_title"":""Ghostbusters - The Video Game (ghostbusters-the-video-game)"",""khinsider_album_kind"":""unclassified_game_album"",""khinsider_album_match_score"":100.0,""relevance_score_100"":97.0,""popularity_score_100"":20.910022310886994,""score_100"":66.5640089243548,""popularity_basis"":""BeatHit master-list game rank plus track position proxy""}"
257,Music Lib Mainloop 03,Unknown credited artist,[],Ghostbusters - The Video Game (ghostbusters-the-video-game),,,"[""video game soundtrack""]","[""und""]",,,,Ghostbusters: The Video Game,,,khinsider_track_prominence_proxy,20.910022310886994,score_0_100,,,,66.5640089243548,,,,https://downloads.khinsider.com/game-soundtracks/album/ghostbusters-the-video-game,2026-10-05,Track title is taken from KHInsider's soundtrack/gamerip album index. Popularity is an explicitly labelled proxy based on BeatHit game rank and track prominence.,"{""culture_category"":""video_game_music"",""video_game"":""Ghostbusters: The Video Game"",""game_rank"":2145,""game_association_kind"":""khinsider_game_soundtrack"",""khinsider_album_url"":""https://downloads.khinsider.com/game-soundtracks/album/ghostbusters-the-video-game"",""khinsider_album_title"":""Ghostbusters - The Video Game (ghostbusters-the-video-game)"",""khinsider_album_kind"":""unclassified_game_album"",""khinsider_album_match_score"":100.0,""relevance_score_100"":97.0,""popularity_score_100"":20.910022310886994,""score_100"":66.5640089243548,""popularity_basis"":""BeatHit master-list game rank plus track position proxy""}"
258,Music Lib Outside,Unknown credited artist,[],Ghostbusters - The Video Game (ghostbusters-the-video-game),,,"[""video game soundtrack""]","[""und""]",,,,Ghostbusters: The Video Game,,,khinsider_track_prominence_proxy,20.910022310886994,score_0_100,,,,66.5640089243548,,,,https://downloads.khinsider.com/game-soundtracks/album/ghostbusters-the-video-game,2026-10-05,Track title is taken from KHInsider's soundtrack/gamerip album index. Popularity is an explicitly labelled proxy based on BeatHit game rank and track prominence.,"{""culture_category"":""video_game_music"",""video_game"":""Ghostbusters: The Video Game"",""game_rank"":2145,""game_association_kind"":""khinsider_game_soundtrack"",""khinsider_album_url"":""https://downloads.khinsider.com/game-soundtracks/album/ghostbusters-the-video-game"",""khinsider_album_title"":""Ghostbusters - The Video Game (ghostbusters-the-video-game)"",""khinsider_album_kind"":""unclassified_game_album"",""khinsider_album_match_score"":100.0,""relevance_score_100"":97.0,""popularity_score_100"":20.910022310886994,""score_100"":66.5640089243548,""popularity_basis"":""BeatHit master-list game rank plus track position proxy""}"
259,Music Lib Phantom Boss Loop,Unknown credited artist,[],Ghostbusters - The Video Game (ghostbusters-the-video-game),,,"[""video game soundtrack""]","[""und""]",,,,Ghostbusters: The Video Game,,,khinsider_track_prominence_proxy,20.910022310886994,score_0_100,,,,66.5640089243548,,,,https://downloads.khinsider.com/game-soundtracks/album/ghostbusters-the-video-game,2026-10-05,Track title is taken from KHInsider's soundtrack/gamerip album index. Popularity is an explicitly labelled proxy based on BeatHit game rank and track prominence.,"{""culture_category"":""video_game_music"",""video_game"":""Ghostbusters: The Video Game"",""game_rank"":2145,""game_association_kind"":""khinsider_game_soundtrack"",""khinsider_album_url"":""https://downloads.khinsider.com/game-soundtracks/album/ghostbusters-the-video-game"",""khinsider_album_title"":""Ghostbusters - The Video Game (ghostbusters-the-video-game)"",""khinsider_album_kind"":""unclassified_game_album"",""khinsider_album_match_score"":100.0,""relevance_score_100"":97.0,""popularity_score_100"":20.910022310886994,""score_100"":66.5640089243548,""popularity_basis"":""BeatHit master-list game rank plus track position proxy""}"
260,Music Lib Phantom Sting 01,Unknown credited artist,[],Ghostbusters - The Video Game (ghostbusters-the-video-game),,,"[""video game soundtrack""]","[""und""]",,,,Ghostbusters: The Video Game,,,khinsider_track_prominence_proxy,20.910022310886994,score_0_100,,,,66.5640089243548,,,,https://downloads.khinsider.com/game-soundtracks/album/ghostbusters-the-video-game,2026-10-05,Track title is taken from KHInsider's soundtrack/gamerip album index. Popularity is an explicitly labelled proxy based on BeatHit game rank and track prominence.,"{""culture_category"":""video_game_music"",""video_game"":""Ghostbusters: The Video Game"",""game_rank"":2145,""game_association_kind"":""khinsider_game_soundtrack"",""khinsider_album_url"":""https://downloads.khinsider.com/game-soundtracks/album/ghostbusters-the-video-game"",""khinsider_album_title"":""Ghostbusters - The Video Game (ghostbusters-the-video-game)"",""khinsider_album_kind"":""unclassified_game_album"",""khinsider_album_match_score"":100.0,""relevance_score_100"":97.0,""popularity_score_100"":20.910022310886994,""score_100"":66.5640089243548,""popularity_basis"":""BeatHit master-list game rank plus track position proxy""}"
261,Music Lib Phantom Sting 02,Unknown credited artist,[],Ghostbusters - The Video Game (ghostbusters-the-video-game),,,"[""video game soundtrack""]","[""und""]",,,,Ghostbusters: The Video Game,,,khinsider_track_prominence_proxy,20.910022310886994,score_0_100,,,,66.5640089243548,,,,https://downloads.khinsider.com/game-soundtracks/album/ghostbusters-the-video-game,2026-10-05,Track title is taken from KHInsider's soundtrack/gamerip album index. Popularity is an explicitly labelled proxy based on BeatHit game rank and track prominence.,"{""culture_category"":""video_game_music"",""video_game"":""Ghostbusters: The Video Game"",""game_rank"":2145,""game_association_kind"":""khinsider_game_soundtrack"",""khinsider_album_url"":""https://downloads.khinsider.com/game-soundtracks/album/ghostbusters-the-video-game"",""khinsider_album_title"":""Ghostbusters - The Video Game (ghostbusters-the-video-game)"",""khinsider_album_kind"":""unclassified_game_album"",""khinsider_album_match_score"":100.0,""relevance_score_100"":97.0,""popularity_score_100"":20.910022310886994,""score_100"":66.5640089243548,""popularity_basis"":""BeatHit master-list game rank plus track position proxy""}"
262,Music Lib Stairwell Sting,Unknown credited artist,[],Ghostbusters - The Video Game (ghostbusters-the-video-game),,,"[""video game soundtrack""]","[""und""]",,,,Ghostbusters: The Video Game,,,khinsider_track_prominence_proxy,20.910022310886994,score_0_100,,,,66.5640089243548,,,,https://downloads.khinsider.com/game-soundtracks/album/ghostbusters-the-video-game,2026-10-05,Track title is taken from KHInsider's soundtrack/gamerip album index. Popularity is an explicitly labelled proxy based on BeatHit game rank and track prominence.,"{""culture_category"":""video_game_music"",""video_game"":""Ghostbusters: The Video Game"",""game_rank"":2145,""game_association_kind"":""khinsider_game_soundtrack"",""khinsider_album_url"":""https://downloads.khinsider.com/game-soundtracks/album/ghostbusters-the-video-game"",""khinsider_album_title"":""Ghostbusters - The Video Game (ghostbusters-the-video-game)"",""khinsider_album_kind"":""unclassified_game_album"",""khinsider_album_match_score"":100.0,""relevance_score_100"":97.0,""popularity_score_100"":20.910022310886994,""score_100"":66.5640089243548,""popularity_basis"":""BeatHit master-list game rank plus track position proxy""}"
263,Music Lib Waterroom Fight Zombie Loop,Unknown credited artist,[],Ghostbusters - The Video Game (ghostbusters-the-video-game),,,"[""video game soundtrack""]","[""und""]",,,,Ghostbusters: The Video Game,,,khinsider_track_prominence_proxy,20.910022310886994,score_0_100,,,,66.5640089243548,,,,https://downloads.khinsider.com/game-soundtracks/album/ghostbusters-the-video-game,2026-10-05,Track title is taken from KHInsider's soundtrack/gamerip album index. Popularity is an explicitly labelled proxy based on BeatHit game rank and track prominence.,"{""culture_category"":""video_game_music"",""video_game"":""Ghostbusters: The Video Game"",""game_rank"":2145,""game_association_kind"":""khinsider_game_soundtrack"",""khinsider_album_url"":""https://downloads.khinsider.com/game-soundtracks/album/ghostbusters-the-video-game"",""khinsider_album_title"":""Ghostbusters - The Video Game (ghostbusters-the-video-game)"",""khinsider_album_kind"":""unclassified_game_album"",""khinsider_album_match_score"":100.0,""relevance_score_100"":97.0,""popularity_score_100"":20.910022310886994,""score_100"":66.5640089243548,""popularity_basis"":""BeatHit master-list game rank plus track position proxy""}"
264,Music Lib Zombie Fight 01,Unknown credited artist,[],Ghostbusters - The Video Game (ghostbusters-the-video-game),,,"[""video game soundtrack""]","[""und""]",,,,Ghostbusters: The Video Game,,,khinsider_track_prominence_proxy,20.910022310886994,score_0_100,,,,66.5640089243548,,,,https://downloads.khinsider.com/game-soundtracks/album/ghostbusters-the-video-game,2026-10-05,Track title is taken from KHInsider's soundtrack/gamerip album index. Popularity is an explicitly labelled proxy based on BeatHit game rank and track prominence.,"{""culture_category"":""video_game_music"",""video_game"":""Ghostbusters: The Video Game"",""game_rank"":2145,""game_association_kind"":""khinsider_game_soundtrack"",""khinsider_album_url"":""https://downloads.khinsider.com/game-soundtracks/album/ghostbusters-the-video-game"",""khinsider_album_title"":""Ghostbusters - The Video Game (ghostbusters-the-video-game)"",""khinsider_album_kind"":""unclassified_game_album"",""khinsider_album_match_score"":100.0,""relevance_score_100"":97.0,""popularity_score_100"":20.910022310886994,""score_100"":66.5640089243548,""popularity_basis"":""BeatHit master-list game rank plus track position proxy""}"
265,Music Lib Zombie Sting 01,Unknown credited artist,[],Ghostbusters - The Video Game (ghostbusters-the-video-game),,,"[""video game soundtrack""]","[""und""]",,,,Ghostbusters: The Video Game,,,khinsider_track_prominence_proxy,20.910022310886994,score_0_100,,,,66.5640089243548,,,,https://downloads.khinsider.com/game-soundtracks/album/ghostbusters-the-video-game,2026-10-05,Track title is taken from KHInsider's soundtrack/gamerip album index. Popularity is an explicitly labelled proxy based on BeatHit game rank and track prominence.,"{""culture_category"":""video_game_music"",""video_game"":""Ghostbusters: The Video Game"",""game_rank"":2145,""game_association_kind"":""khinsider_game_soundtrack"",""khinsider_album_url"":""https://downloads.khinsider.com/game-soundtracks/album/ghostbusters-the-video-game"",""khinsider_album_title"":""Ghostbusters - The Video Game (ghostbusters-the-video-game)"",""khinsider_album_kind"":""unclassified_game_album"",""khinsider_album_match_score"":100.0,""relevance_score_100"":97.0,""popularity_score_100"":20.910022310886994,""score_100"":66.5640089243548,""popularity_basis"":""BeatHit master-list game rank plus track position proxy""}"
266,Music Lib Zombie Sting 02,Unknown credited artist,[],Ghostbusters - The Video Game (ghostbusters-the-video-game),,,"[""video game soundtrack""]","[""und""]",,,,Ghostbusters: The Video Game,,,khinsider_track_prominence_proxy,20.910022310886994,score_0_100,,,,66.5640089243548,,,,https://downloads.khinsider.com/game-soundtracks/album/ghostbusters-the-video-game,2026-10-05,Track title is taken from KHInsider's soundtrack/gamerip album index. Popularity is an explicitly labelled proxy based on BeatHit game rank and track prominence.,"{""culture_category"":""video_game_music"",""video_game"":""Ghostbusters: The Video Game"",""game_rank"":2145,""game_association_kind"":""khinsider_game_soundtrack"",""khinsider_album_url"":""https://downloads.khinsider.com/game-soundtracks/album/ghostbusters-the-video-game"",""khinsider_album_title"":""Ghostbusters - The Video Game (ghostbusters-the-video-game)"",""khinsider_album_kind"":""unclassified_game_album"",""khinsider_album_match_score"":100.0,""relevance_score_100"":97.0,""popularity_score_100"":20.910022310886994,""score_100"":66.5640089243548,""popularity_basis"":""BeatHit master-list game rank plus track position proxy""}"
267,Music Lost Island Loop,Unknown credited artist,[],Ghostbusters - The Video Game (ghostbusters-the-video-game),,,"[""video game soundtrack""]","[""und""]",,,,Ghostbusters: The Video Game,,,khinsider_track_prominence_proxy,20.910022310886994,score_0_100,,,,66.5640089243548,,,,https://downloads.khinsider.com/game-soundtracks/album/ghostbusters-the-video-game,2026-10-05,Track title is taken from KHInsider's soundtrack/gamerip album index. Popularity is an explicitly labelled proxy based on BeatHit game rank and track prominence.,"{""culture_category"":""video_game_music"",""video_game"":""Ghostbusters: The Video Game"",""game_rank"":2145,""game_association_kind"":""khinsider_game_soundtrack"",""khinsider_album_url"":""https://downloads.khinsider.com/game-soundtracks/album/ghostbusters-the-video-game"",""khinsider_album_title"":""Ghostbusters - The Video Game (ghostbusters-the-video-game)"",""khinsider_album_kind"":""unclassified_game_album"",""khinsider_album_match_score"":100.0,""relevance_score_100"":97.0,""popularity_score_100"":20.910022310886994,""score_100"":66.5640089243548,""popularity_basis"":""BeatHit master-list game rank plus track position proxy""}"
268,Music Mus Cue Loop 01,Unknown credited artist,[],Ghostbusters - The Video Game (ghostbusters-the-video-game),,,"[""video game soundtrack""]","[""und""]",,,,Ghostbusters: The Video Game,,,khinsider_track_prominence_proxy,20.910022310886994,score_0_100,,,,66.5640089243548,,,,https://downloads.khinsider.com/game-soundtracks/album/ghostbusters-the-video-game,2026-10-05,Track title is taken from KHInsider's soundtrack/gamerip album index. Popularity is an explicitly labelled proxy based on BeatHit game rank and track prominence.,"{""culture_category"":""video_game_music"",""video_game"":""Ghostbusters: The Video Game"",""game_rank"":2145,""game_association_kind"":""khinsider_game_soundtrack"",""khinsider_album_url"":""https://downloads.khinsider.com/game-soundtracks/album/ghostbusters-the-video-game"",""khinsider_album_title"":""Ghostbusters - The Video Game (ghostbusters-the-video-game)"",""khinsider_album_kind"":""unclassified_game_album"",""khinsider_album_match_score"":100.0,""relevance_score_100"":97.0,""popularity_score_100"":20.910022310886994,""score_100"":66.5640089243548,""popularity_basis"":""BeatHit master-list game rank plus track position proxy""}"
269,Music Mus Cue Loop 03,Unknown credited artist,[],Ghostbusters - The Video Game (ghostbusters-the-video-game),,,"[""video game soundtrack""]","[""und""]",,,,Ghostbusters: The Video Game,,,khinsider_track_prominence_proxy,20.910022310886994,score_0_100,,,,66.5640089243548,,,,https://downloads.khinsider.com/game-soundtracks/album/ghostbusters-the-video-game,2026-10-05,Track title is taken from KHInsider's soundtrack/gamerip album index. Popularity is an explicitly labelled proxy based on BeatHit game rank and track prominence.,"{""culture_category"":""video_game_music"",""video_game"":""Ghostbusters: The Video Game"",""game_rank"":2145,""game_association_kind"":""khinsider_game_soundtrack"",""khinsider_album_url"":""https://downloads.khinsider.com/game-soundtracks/album/ghostbusters-the-video-game"",""khinsider_album_title"":""Ghostbusters - The Video Game (ghostbusters-the-video-game)"",""khinsider_album_kind"":""unclassified_game_album"",""khinsider_album_match_score"":100.0,""relevance_score_100"":97.0,""popularity_score_100"":20.910022310886994,""score_100"":66.5640089243548,""popularity_basis"":""BeatHit master-list game rank plus track position proxy""}"
270,Music Museum Party Loop A,Unknown credited artist,[],Ghostbusters - The Video Game (ghostbusters-the-video-game),,,"[""video game soundtrack""]","[""und""]",,,,Ghostbusters: The Video Game,,,khinsider_track_prominence_proxy,20.910022310886994,score_0_100,,,,66.5640089243548,,,,https://downloads.khinsider.com/game-soundtracks/album/ghostbusters-the-video-game,2026-10-05,Track title is taken from KHInsider's soundtrack/gamerip album index. Popularity is an explicitly labelled proxy based on BeatHit game rank and track prominence.,"{""culture_category"":""video_game_music"",""video_game"":""Ghostbusters: The Video Game"",""game_rank"":2145,""game_association_kind"":""khinsider_game_soundtrack"",""khinsider_album_url"":""https://downloads.khinsider.com/game-soundtracks/album/ghostbusters-the-video-game"",""khinsider_album_title"":""Ghostbusters - The Video Game (ghostbusters-the-video-game)"",""khinsider_album_kind"":""unclassified_game_album"",""khinsider_album_match_score"":100.0,""relevance_score_100"":97.0,""popularity_score_100"":20.910022310886994,""score_100"":66.5640089243548,""popularity_basis"":""BeatHit master-list game rank plus track position proxy""}"
271,Music Museum Party Loop B,Unknown credited artist,[],Ghostbusters - The Video Game (ghostbusters-the-video-game),,,"[""video game soundtrack""]","[""und""]",,,,Ghostbusters: The Video Game,,,khinsider_track_prominence_proxy,20.910022310886994,score_0_100,,,,66.5640089243548,,,,https://downloads.khinsider.com/game-soundtracks/album/ghostbusters-the-video-game,2026-10-05,Track title is taken from KHInsider's soundtrack/gamerip album index. Popularity is an explicitly labelled proxy based on BeatHit game rank and track prominence.,"{""culture_category"":""video_game_music"",""video_game"":""Ghostbusters: The Video Game"",""game_rank"":2145,""game_association_kind"":""khinsider_game_soundtrack"",""khinsider_album_url"":""https://downloads.khinsider.com/game-soundtracks/album/ghostbusters-the-video-game"",""khinsider_album_title"":""Ghostbusters - The Video Game (ghostbusters-the-video-game)"",""khinsider_album_kind"":""unclassified_game_album"",""khinsider_album_match_score"":100.0,""relevance_score_100"":97.0,""popularity_score_100"":20.910022310886994,""score_100"":66.5640089243548,""popularity_basis"":""BeatHit master-list game rank plus track position proxy""}"
272,Music Puzzlebegins Loop,Unknown credited artist,[],Ghostbusters - The Video Game (ghostbusters-the-video-game),,,"[""video game soundtrack""]","[""und""]",,,,Ghostbusters: The Video Game,,,khinsider_track_prominence_proxy,20.910022310886994,score_0_100,,,,66.5640089243548,,,,https://downloads.khinsider.com/game-soundtracks/album/ghostbusters-the-video-game,2026-10-05,Track title is taken from KHInsider's soundtrack/gamerip album index. Popularity is an explicitly labelled proxy based on BeatHit game rank and track prominence.,"{""culture_category"":""video_game_music"",""video_game"":""Ghostbusters: The Video Game"",""game_rank"":2145,""game_association_kind"":""khinsider_game_soundtrack"",""khinsider_album_url"":""https://downloads.khinsider.com/game-soundtracks/album/ghostbusters-the-video-game"",""khinsider_album_title"":""Ghostbusters - The Video Game (ghostbusters-the-video-game)"",""khinsider_album_kind"":""unclassified_game_album"",""khinsider_album_match_score"":100.0,""relevance_score_100"":97.0,""popularity_score_100"":20.910022310886994,""score_100"":66.5640089243548,""popularity_basis"":""BeatHit master-list game rank plus track position proxy""}"
273,Music Puzzleforms,Unknown credited artist,[],Ghostbusters - The Video Game (ghostbusters-the-video-game),,,"[""video game soundtrack""]","[""und""]",,,,Ghostbusters: The Video Game,,,khinsider_track_prominence_proxy,20.910022310886994,score_0_100,,,,66.5640089243548,,,,https://downloads.khinsider.com/game-soundtracks/album/ghostbusters-the-video-game,2026-10-05,Track title is taken from KHInsider's soundtrack/gamerip album index. Popularity is an explicitly labelled proxy based on BeatHit game rank and track prominence.,"{""culture_category"":""video_game_music"",""video_game"":""Ghostbusters: The Video Game"",""game_rank"":2145,""game_association_kind"":""khinsider_game_soundtrack"",""khinsider_album_url"":""https://downloads.khinsider.com/game-soundtracks/album/ghostbusters-the-video-game"",""khinsider_album_title"":""Ghostbusters - The Video Game (ghostbusters-the-video-game)"",""khinsider_album_kind"":""unclassified_game_album"",""khinsider_album_match_score"":100.0,""relevance_score_100"":97.0,""popularity_score_100"":20.910022310886994,""score_100"":66.5640089243548,""popularity_basis"":""BeatHit master-list game rank plus track position proxy""}"
274,Music Scuttlers Loop 01,Unknown credited artist,[],Ghostbusters - The Video Game (ghostbusters-the-video-game),,,"[""video game soundtrack""]","[""und""]",,,,Ghostbusters: The Video Game,,,khinsider_track_prominence_proxy,20.910022310886994,score_0_100,,,,66.5640089243548,,,,https://downloads.khinsider.com/game-soundtracks/album/ghostbusters-the-video-game,2026-10-05,Track title is taken from KHInsider's soundtrack/gamerip album index. Popularity is an explicitly labelled proxy based on BeatHit game rank and track prominence.,"{""culture_category"":""video_game_music"",""video_game"":""Ghostbusters: The Video Game"",""game_rank"":2145,""game_association_kind"":""khinsider_game_soundtrack"",""khinsider_album_url"":""https://downloads.khinsider.com/game-soundtracks/album/ghostbusters-the-video-game"",""khinsider_album_title"":""Ghostbusters - The Video Game (ghostbusters-the-video-game)"",""khinsider_album_kind"":""unclassified_game_album"",""khinsider_album_match_score"":100.0,""relevance_score_100"":97.0,""popularity_score_100"":20.910022310886994,""score_100"":66.5640089243548,""popularity_basis"":""BeatHit master-list game rank plus track position proxy""}"
275,Music Staypuff Loop 01,Unknown credited artist,[],Ghostbusters - The Video Game (ghostbusters-the-video-game),,,"[""video game soundtrack""]","[""und""]",,,,Ghostbusters: The Video Game,,,khinsider_track_prominence_proxy,20.910022310886994,score_0_100,,,,66.5640089243548,,,,https://downloads.khinsider.com/game-soundtracks/album/ghostbusters-the-video-game,2026-10-05,Track title is taken from KHInsider's soundtrack/gamerip album index. Popularity is an explicitly labelled proxy based on BeatHit game rank and track prominence.,"{""culture_category"":""video_game_music"",""video_game"":""Ghostbusters: The Video Game"",""game_rank"":2145,""game_association_kind"":""khinsider_game_soundtrack"",""khinsider_album_url"":""https://downloads.khinsider.com/game-soundtracks/album/ghostbusters-the-video-game"",""khinsider_album_title"":""Ghostbusters - The Video Game (ghostbusters-the-video-game)"",""khinsider_album_kind"":""unclassified_game_album"",""khinsider_album_match_score"":100.0,""relevance_score_100"":97.0,""popularity_score_100"":20.910022310886994,""score_100"":66.5640089243548,""popularity_basis"":""BeatHit master-list game rank plus track position proxy""}"
276,Music Stinger Eerie 01,Unknown credited artist,[],Ghostbusters - The Video Game (ghostbusters-the-video-game),,,"[""video game soundtrack""]","[""und""]",,,,Ghostbusters: The Video Game,,,khinsider_track_prominence_proxy,20.910022310886994,score_0_100,,,,66.5640089243548,,,,https://downloads.khinsider.com/game-soundtracks/album/ghostbusters-the-video-game,2026-10-05,Track title is taken from KHInsider's soundtrack/gamerip album index. Popularity is an explicitly labelled proxy based on BeatHit game rank and track prominence.,"{""culture_category"":""video_game_music"",""video_game"":""Ghostbusters: The Video Game"",""game_rank"":2145,""game_association_kind"":""khinsider_game_soundtrack"",""khinsider_album_url"":""https://downloads.khinsider.com/game-soundtracks/album/ghostbusters-the-video-game"",""khinsider_album_title"":""Ghostbusters - The Video Game (ghostbusters-the-video-game)"",""khinsider_album_kind"":""unclassified_game_album"",""khinsider_album_match_score"":100.0,""relevance_score_100"":97.0,""popularity_score_100"":20.910022310886994,""score_100"":66.5640089243548,""popularity_basis"":""BeatHit master-list game rank plus track position proxy""}"
277,Music Stinger Eerie 02,Unknown credited artist,[],Ghostbusters - The Video Game (ghostbusters-the-video-game),,,"[""video game soundtrack""]","[""und""]",,,,Ghostbusters: The Video Game,,,khinsider_track_prominence_proxy,20.910022310886994,score_0_100,,,,66.5640089243548,,,,https://downloads.khinsider.com/game-soundtracks/album/ghostbusters-the-video-game,2026-10-05,Track title is taken from KHInsider's soundtrack/gamerip album index. Popularity is an explicitly labelled proxy based on BeatHit game rank and track prominence.,"{""culture_category"":""video_game_music"",""video_game"":""Ghostbusters: The Video Game"",""game_rank"":2145,""game_association_kind"":""khinsider_game_soundtrack"",""khinsider_album_url"":""https://downloads.khinsider.com/game-soundtracks/album/ghostbusters-the-video-game"",""khinsider_album_title"":""Ghostbusters - The Video Game (ghostbusters-the-video-game)"",""khinsider_album_kind"":""unclassified_game_album"",""khinsider_album_match_score"":100.0,""relevance_score_100"":97.0,""popularity_score_100"":20.910022310886994,""score_100"":66.5640089243548,""popularity_basis"":""BeatHit master-list game rank plus track position proxy""}"
278,Music Stinger Eerie 03,Unknown credited artist,[],Ghostbusters - The Video Game (ghostbusters-the-video-game),,,"[""video game soundtrack""]","[""und""]",,,,Ghostbusters: The Video Game,,,khinsider_track_prominence_proxy,20.910022310886994,score_0_100,,,,66.5640089243548,,,,https://downloads.khinsider.com/game-soundtracks/album/ghostbusters-the-video-game,2026-10-05,Track title is taken from KHInsider's soundtrack/gamerip album index. Popularity is an explicitly labelled proxy based on BeatHit game rank and track prominence.,"{""culture_category"":""video_game_music"",""video_game"":""Ghostbusters: The Video Game"",""game_rank"":2145,""game_association_kind"":""khinsider_game_soundtrack"",""khinsider_album_url"":""https://downloads.khinsider.com/game-soundtracks/album/ghostbusters-the-video-game"",""khinsider_album_title"":""Ghostbusters - The Video Game (ghostbusters-the-video-game)"",""khinsider_album_kind"":""unclassified_game_album"",""khinsider_album_match_score"":100.0,""relevance_score_100"":97.0,""popularity_score_100"":20.910022310886994,""score_100"":66.5640089243548,""popularity_basis"":""BeatHit master-list game rank plus track position proxy""}"
279,Music Stinger Eerie 04,Unknown credited artist,[],Ghostbusters - The Video Game (ghostbusters-the-video-game),,,"[""video game soundtrack""]","[""und""]",,,,Ghostbusters: The Video Game,,,khinsider_track_prominence_proxy,20.910022310886994,score_0_100,,,,66.5640089243548,,,,https://downloads.khinsider.com/game-soundtracks/album/ghostbusters-the-video-game,2026-10-05,Track title is taken from KHInsider's soundtrack/gamerip album index. Popularity is an explicitly labelled proxy based on BeatHit game rank and track prominence.,"{""culture_category"":""video_game_music"",""video_game"":""Ghostbusters: The Video Game"",""game_rank"":2145,""game_association_kind"":""khinsider_game_soundtrack"",""khinsider_album_url"":""https://downloads.khinsider.com/game-soundtracks/album/ghostbusters-the-video-game"",""khinsider_album_title"":""Ghostbusters - The Video Game (ghostbusters-the-video-game)"",""khinsider_album_kind"":""unclassified_game_album"",""khinsider_album_match_score"":100.0,""relevance_score_100"":97.0,""popularity_score_100"":20.910022310886994,""score_100"":66.5640089243548,""popularity_basis"":""BeatHit master-list game rank plus track position proxy""}"
280,Music Tense Loop 01,Unknown credited artist,[],Ghostbusters - The Video Game (ghostbusters-the-video-game),,,"[""video game soundtrack""]","[""und""]",,,,Ghostbusters: The Video Game,,,khinsider_track_prominence_proxy,20.910022310886994,score_0_100,,,,66.5640089243548,,,,https://downloads.khinsider.com/game-soundtracks/album/ghostbusters-the-video-game,2026-10-05,Track title is taken from KHInsider's soundtrack/gamerip album index. Popularity is an explicitly labelled proxy based on BeatHit game rank and track prominence.,"{""culture_category"":""video_game_music"",""video_game"":""Ghostbusters: The Video Game"",""game_rank"":2145,""game_association_kind"":""khinsider_game_soundtrack"",""khinsider_album_url"":""https://downloads.khinsider.com/game-soundtracks/album/ghostbusters-the-video-game"",""khinsider_album_title"":""Ghostbusters - The Video Game (ghostbusters-the-video-game)"",""khinsider_album_kind"":""unclassified_game_album"",""khinsider_album_match_score"":100.0,""relevance_score_100"":97.0,""popularity_score_100"":20.910022310886994,""score_100"":66.5640089243548,""popularity_basis"":""BeatHit master-list game rank plus track position proxy""}"
281,Music Times 01,Unknown credited artist,[],Ghostbusters - The Video Game (ghostbusters-the-video-game),,,"[""video game soundtrack""]","[""und""]",,,,Ghostbusters: The Video Game,,,khinsider_track_prominence_proxy,20.910022310886994,score_0_100,,,,66.5640089243548,,,,https://downloads.khinsider.com/game-soundtracks/album/ghostbusters-the-video-game,2026-10-05,Track title is taken from KHInsider's soundtrack/gamerip album index. Popularity is an explicitly labelled proxy based on BeatHit game rank and track prominence.,"{""culture_category"":""video_game_music"",""video_game"":""Ghostbusters: The Video Game"",""game_rank"":2145,""game_association_kind"":""khinsider_game_soundtrack"",""khinsider_album_url"":""https://downloads.khinsider.com/game-soundtracks/album/ghostbusters-the-video-game"",""khinsider_album_title"":""Ghostbusters - The Video Game (ghostbusters-the-video-game)"",""khinsider_album_kind"":""unclassified_game_album"",""khinsider_album_match_score"":100.0,""relevance_score_100"":97.0,""popularity_score_100"":20.910022310886994,""score_100"":66.5640089243548,""popularity_basis"":""BeatHit master-list game rank plus track position proxy""}"
282,Music Times Cue Soft Loop,Unknown credited artist,[],Ghostbusters - The Video Game (ghostbusters-the-video-game),,,"[""video game soundtrack""]","[""und""]",,,,Ghostbusters: The Video Game,,,khinsider_track_prominence_proxy,20.910022310886994,score_0_100,,,,66.5640089243548,,,,https://downloads.khinsider.com/game-soundtracks/album/ghostbusters-the-video-game,2026-10-05,Track title is taken from KHInsider's soundtrack/gamerip album index. Popularity is an explicitly labelled proxy based on BeatHit game rank and track prominence.,"{""culture_category"":""video_game_music"",""video_game"":""Ghostbusters: The Video Game"",""game_rank"":2145,""game_association_kind"":""khinsider_game_soundtrack"",""khinsider_album_url"":""https://downloads.khinsider.com/game-soundtracks/album/ghostbusters-the-video-game"",""khinsider_album_title"":""Ghostbusters - The Video Game (ghostbusters-the-video-game)"",""khinsider_album_kind"":""unclassified_game_album"",""khinsider_album_match_score"":100.0,""relevance_score_100"":97.0,""popularity_score_100"":20.910022310886994,""score_100"":66.5640089243548,""popularity_basis"":""BeatHit master-list game rank plus track position proxy""}"
283,Music Ts Bar Music Loop,Unknown credited artist,[],Ghostbusters - The Video Game (ghostbusters-the-video-game),,,"[""video game soundtrack""]","[""und""]",,,,Ghostbusters: The Video Game,,,khinsider_track_prominence_proxy,20.910022310886994,score_0_100,,,,66.5640089243548,,,,https://downloads.khinsider.com/game-soundtracks/album/ghostbusters-the-video-game,2026-10-05,Track title is taken from KHInsider's soundtrack/gamerip album index. Popularity is an explicitly labelled proxy based on BeatHit game rank and track prominence.,"{""culture_category"":""video_game_music"",""video_game"":""Ghostbusters: The Video Game"",""game_rank"":2145,""game_association_kind"":""khinsider_game_soundtrack"",""khinsider_album_url"":""https://downloads.khinsider.com/game-soundtracks/album/ghostbusters-the-video-game"",""khinsider_album_title"":""Ghostbusters - The Video Game (ghostbusters-the-video-game)"",""khinsider_album_kind"":""unclassified_game_album"",""khinsider_album_match_score"":100.0,""relevance_score_100"":97.0,""popularity_score_100"":20.910022310886994,""score_100"":66.5640089243548,""popularity_basis"":""BeatHit master-list game rank plus track position proxy""}"
284,Music Twisted Stacks Amb,Unknown credited artist,[],Ghostbusters - The Video Game (ghostbusters-the-video-game),,,"[""video game soundtrack""]","[""und""]",,,,Ghostbusters: The Video Game,,,khinsider_track_prominence_proxy,20.910022310886994,score_0_100,,,,66.5640089243548,,,,https://downloads.khinsider.com/game-soundtracks/album/ghostbusters-the-video-game,2026-10-05,Track title is taken from KHInsider's soundtrack/gamerip album index. Popularity is an explicitly labelled proxy based on BeatHit game rank and track prominence.,"{""culture_category"":""video_game_music"",""video_game"":""Ghostbusters: The Video Game"",""game_rank"":2145,""game_association_kind"":""khinsider_game_soundtrack"",""khinsider_album_url"":""https://downloads.khinsider.com/game-soundtracks/album/ghostbusters-the-video-game"",""khinsider_album_title"":""Ghostbusters - The Video Game (ghostbusters-the-video-game)"",""khinsider_album_kind"":""unclassified_game_album"",""khinsider_album_match_score"":100.0,""relevance_score_100"":97.0,""popularity_score_100"":20.910022310886994,""score_100"":66.5640089243548,""popularity_basis"":""BeatHit master-list game rank plus track position proxy""}"
285,Music Ubi 13boss Loop,Unknown credited artist,[],Ghostbusters - The Video Game (ghostbusters-the-video-game),,,"[""video game soundtrack""]","[""und""]",,,,Ghostbusters: The Video Game,,,khinsider_track_prominence_proxy,20.910022310886994,score_0_100,,,,66.5640089243548,,,,https://downloads.khinsider.com/game-soundtracks/album/ghostbusters-the-video-game,2026-10-05,Track title is taken from KHInsider's soundtrack/gamerip album index. Popularity is an explicitly labelled proxy based on BeatHit game rank and track prominence.,"{""culture_category"":""video_game_music"",""video_game"":""Ghostbusters: The Video Game"",""game_rank"":2145,""game_association_kind"":""khinsider_game_soundtrack"",""khinsider_album_url"":""https://downloads.khinsider.com/game-soundtracks/album/ghostbusters-the-video-game"",""khinsider_album_title"":""Ghostbusters - The Video Game (ghostbusters-the-video-game)"",""khinsider_album_kind"":""unclassified_game_album"",""khinsider_album_match_score"":100.0,""relevance_score_100"":97.0,""popularity_score_100"":20.910022310886994,""score_100"":66.5640089243548,""popularity_basis"":""BeatHit master-list game rank plus track position proxy""}"
286,Music Valkyries Loop,Unknown credited artist,[],Ghostbusters - The Video Game (ghostbusters-the-video-game),,,"[""video game soundtrack""]","[""und""]",,,,Ghostbusters: The Video Game,,,khinsider_track_prominence_proxy,20.910022310886994,score_0_100,,,,66.5640089243548,,,,https://downloads.khinsider.com/game-soundtracks/album/ghostbusters-the-video-game,2026-10-05,Track title is taken from KHInsider's soundtrack/gamerip album index. Popularity is an explicitly labelled proxy based on BeatHit game rank and track prominence.,"{""culture_category"":""video_game_music"",""video_game"":""Ghostbusters: The Video Game"",""game_rank"":2145,""game_association_kind"":""khinsider_game_soundtrack"",""khinsider_album_url"":""https://downloads.khinsider.com/game-soundtracks/album/ghostbusters-the-video-game"",""khinsider_album_title"":""Ghostbusters - The Video Game (ghostbusters-the-video-game)"",""khinsider_album_kind"":""unclassified_game_album"",""khinsider_album_match_score"":100.0,""relevance_score_100"":97.0,""popularity_score_100"":20.910022310886994,""score_100"":66.5640089243548,""popularity_basis"":""BeatHit master-list game rank plus track position proxy""}"
287,Stinger 01a,Unknown credited artist,[],Ghostbusters - The Video Game (ghostbusters-the-video-game),,,"[""video game soundtrack""]","[""und""]",,,,Ghostbusters: The Video Game,,,khinsider_track_prominence_proxy,20.910022310886994,score_0_100,,,,66.5640089243548,,,,https://downloads.khinsider.com/game-soundtracks/album/ghostbusters-the-video-game,2026-10-05,Track title is taken from KHInsider's soundtrack/gamerip album index. Popularity is an explicitly labelled proxy based on BeatHit game rank and track prominence.,"{""culture_category"":""video_game_music"",""video_game"":""Ghostbusters: The Video Game"",""game_rank"":2145,""game_association_kind"":""khinsider_game_soundtrack"",""khinsider_album_url"":""https://downloads.khinsider.com/game-soundtracks/album/ghostbusters-the-video-game"",""khinsider_album_title"":""Ghostbusters - The Video Game (ghostbusters-the-video-game)"",""khinsider_album_kind"":""unclassified_game_album"",""khinsider_album_match_score"":100.0,""relevance_score_100"":97.0,""popularity_score_100"":20.910022310886994,""score_100"":66.5640089243548,""popularity_basis"":""BeatHit master-list game rank plus track position proxy""}"
288,Stinger 01b,Unknown credited artist,[],Ghostbusters - The Video Game (ghostbusters-the-video-game),,,"[""video game soundtrack""]","[""und""]",,,,Ghostbusters: The Video Game,,,khinsider_track_prominence_proxy,20.910022310886994,score_0_100,,,,66.5640089243548,,,,https://downloads.khinsider.com/game-soundtracks/album/ghostbusters-the-video-game,2026-10-05,Track title is taken from KHInsider's soundtrack/gamerip album index. Popularity is an explicitly labelled proxy based on BeatHit game rank and track prominence.,"{""culture_category"":""video_game_music"",""video_game"":""Ghostbusters: The Video Game"",""game_rank"":2145,""game_association_kind"":""khinsider_game_soundtrack"",""khinsider_album_url"":""https://downloads.khinsider.com/game-soundtracks/album/ghostbusters-the-video-game"",""khinsider_album_title"":""Ghostbusters - The Video Game (ghostbusters-the-video-game)"",""khinsider_album_kind"":""unclassified_game_album"",""khinsider_album_match_score"":100.0,""relevance_score_100"":97.0,""popularity_score_100"":20.910022310886994,""score_100"":66.5640089243548,""popularity_basis"":""BeatHit master-list game rank plus track position proxy""}"
289,Stinger 02,Unknown credited artist,[],Ghostbusters - The Video Game (ghostbusters-the-video-game),,,"[""video game soundtrack""]","[""und""]",,,,Ghostbusters: The Video Game,,,khinsider_track_prominence_proxy,20.910022310886994,score_0_100,,,,66.5640089243548,,,,https://downloads.khinsider.com/game-soundtracks/album/ghostbusters-the-video-game,2026-10-05,Track title is taken from KHInsider's soundtrack/gamerip album index. Popularity is an explicitly labelled proxy based on BeatHit game rank and track prominence.,"{""culture_category"":""video_game_music"",""video_game"":""Ghostbusters: The Video Game"",""game_rank"":2145,""game_association_kind"":""khinsider_game_soundtrack"",""khinsider_album_url"":""https://downloads.khinsider.com/game-soundtracks/album/ghostbusters-the-video-game"",""khinsider_album_title"":""Ghostbusters - The Video Game (ghostbusters-the-video-game)"",""khinsider_album_kind"":""unclassified_game_album"",""khinsider_album_match_score"":100.0,""relevance_score_100"":97.0,""popularity_score_100"":20.910022310886994,""score_100"":66.5640089243548,""popularity_basis"":""BeatHit master-list game rank plus track position proxy""}"
290,Stinger 03,Unknown credited artist,[],Ghostbusters - The Video Game (ghostbusters-the-video-game),,,"[""video game soundtrack""]","[""und""]",,,,Ghostbusters: The Video Game,,,khinsider_track_prominence_proxy,20.910022310886994,score_0_100,,,,66.5640089243548,,,,https://downloads.khinsider.com/game-soundtracks/album/ghostbusters-the-video-game,2026-10-05,Track title is taken from KHInsider's soundtrack/gamerip album index. Popularity is an explicitly labelled proxy based on BeatHit game rank and track prominence.,"{""culture_category"":""video_game_music"",""video_game"":""Ghostbusters: The Video Game"",""game_rank"":2145,""game_association_kind"":""khinsider_game_soundtrack"",""khinsider_album_url"":""https://downloads.khinsider.com/game-soundtracks/album/ghostbusters-the-video-game"",""khinsider_album_title"":""Ghostbusters - The Video Game (ghostbusters-the-video-game)"",""khinsider_album_kind"":""unclassified_game_album"",""khinsider_album_match_score"":100.0,""relevance_score_100"":97.0,""popularity_score_100"":20.910022310886994,""score_100"":66.5640089243548,""popularity_basis"":""BeatHit master-list game rank plus track position proxy""}"
291,Stinger 04,Unknown credited artist,[],Ghostbusters - The Video Game (ghostbusters-the-video-game),,,"[""video game soundtrack""]","[""und""]",,,,Ghostbusters: The Video Game,,,khinsider_track_prominence_proxy,20.910022310886994,score_0_100,,,,66.5640089243548,,,,https://downloads.khinsider.com/game-soundtracks/album/ghostbusters-the-video-game,2026-10-05,Track title is taken from KHInsider's soundtrack/gamerip album index. Popularity is an explicitly labelled proxy based on BeatHit game rank and track prominence.,"{""culture_category"":""video_game_music"",""video_game"":""Ghostbusters: The Video Game"",""game_rank"":2145,""game_association_kind"":""khinsider_game_soundtrack"",""khinsider_album_url"":""https://downloads.khinsider.com/game-soundtracks/album/ghostbusters-the-video-game"",""khinsider_album_title"":""Ghostbusters - The Video Game (ghostbusters-the-video-game)"",""khinsider_album_kind"":""unclassified_game_album"",""khinsider_album_match_score"":100.0,""relevance_score_100"":97.0,""popularity_score_100"":20.910022310886994,""score_100"":66.5640089243548,""popularity_basis"":""BeatHit master-list game rank plus track position proxy""}"
292,Stinger 07,Unknown credited artist,[],Ghostbusters - The Video Game (ghostbusters-the-video-game),,,"[""video game soundtrack""]","[""und""]",,,,Ghostbusters: The Video Game,,,khinsider_track_prominence_proxy,20.910022310886994,score_0_100,,,,66.5640089243548,,,,https://downloads.khinsider.com/game-soundtracks/album/ghostbusters-the-video-game,2026-10-05,Track title is taken from KHInsider's soundtrack/gamerip album index. Popularity is an explicitly labelled proxy based on BeatHit game rank and track prominence.,"{""culture_category"":""video_game_music"",""video_game"":""Ghostbusters: The Video Game"",""game_rank"":2145,""game_association_kind"":""khinsider_game_soundtrack"",""khinsider_album_url"":""https://downloads.khinsider.com/game-soundtracks/album/ghostbusters-the-video-game"",""khinsider_album_title"":""Ghostbusters - The Video Game (ghostbusters-the-video-game)"",""khinsider_album_kind"":""unclassified_game_album"",""khinsider_album_match_score"":100.0,""relevance_score_100"":97.0,""popularity_score_100"":20.910022310886994,""score_100"":66.5640089243548,""popularity_basis"":""BeatHit master-list game rank plus track position proxy""}"
293,Stinger 08,Unknown credited artist,[],Ghostbusters - The Video Game (ghostbusters-the-video-game),,,"[""video game soundtrack""]","[""und""]",,,,Ghostbusters: The Video Game,,,khinsider_track_prominence_proxy,20.910022310886994,score_0_100,,,,66.5640089243548,,,,https://downloads.khinsider.com/game-soundtracks/album/ghostbusters-the-video-game,2026-10-05,Track title is taken from KHInsider's soundtrack/gamerip album index. Popularity is an explicitly labelled proxy based on BeatHit game rank and track prominence.,"{""culture_category"":""video_game_music"",""video_game"":""Ghostbusters: The Video Game"",""game_rank"":2145,""game_association_kind"":""khinsider_game_soundtrack"",""khinsider_album_url"":""https://downloads.khinsider.com/game-soundtracks/album/ghostbusters-the-video-game"",""khinsider_album_title"":""Ghostbusters - The Video Game (ghostbusters-the-video-game)"",""khinsider_album_kind"":""unclassified_game_album"",""khinsider_album_match_score"":100.0,""relevance_score_100"":97.0,""popularity_score_100"":20.910022310886994,""score_100"":66.5640089243548,""popularity_basis"":""BeatHit master-list game rank plus track position proxy""}"
294,Stinger 10,Unknown credited artist,[],Ghostbusters - The Video Game (ghostbusters-the-video-game),,,"[""video game soundtrack""]","[""und""]",,,,Ghostbusters: The Video Game,,,khinsider_track_prominence_proxy,20.910022310886994,score_0_100,,,,66.5640089243548,,,,https://downloads.khinsider.com/game-soundtracks/album/ghostbusters-the-video-game,2026-10-05,Track title is taken from KHInsider's soundtrack/gamerip album index. Popularity is an explicitly labelled proxy based on BeatHit game rank and track prominence.,"{""culture_category"":""video_game_music"",""video_game"":""Ghostbusters: The Video Game"",""game_rank"":2145,""game_association_kind"":""khinsider_game_soundtrack"",""khinsider_album_url"":""https://downloads.khinsider.com/game-soundtracks/album/ghostbusters-the-video-game"",""khinsider_album_title"":""Ghostbusters - The Video Game (ghostbusters-the-video-game)"",""khinsider_album_kind"":""unclassified_game_album"",""khinsider_album_match_score"":100.0,""relevance_score_100"":97.0,""popularity_score_100"":20.910022310886994,""score_100"":66.5640089243548,""popularity_basis"":""BeatHit master-list game rank plus track position proxy""}"
295,Stinger 11,Unknown credited artist,[],Ghostbusters - The Video Game (ghostbusters-the-video-game),,,"[""video game soundtrack""]","[""und""]",,,,Ghostbusters: The Video Game,,,khinsider_track_prominence_proxy,20.910022310886994,score_0_100,,,,66.5640089243548,,,,https://downloads.khinsider.com/game-soundtracks/album/ghostbusters-the-video-game,2026-10-05,Track title is taken from KHInsider's soundtrack/gamerip album index. Popularity is an explicitly labelled proxy based on BeatHit game rank and track prominence.,"{""culture_category"":""video_game_music"",""video_game"":""Ghostbusters: The Video Game"",""game_rank"":2145,""game_association_kind"":""khinsider_game_soundtrack"",""khinsider_album_url"":""https://downloads.khinsider.com/game-soundtracks/album/ghostbusters-the-video-game"",""khinsider_album_title"":""Ghostbusters - The Video Game (ghostbusters-the-video-game)"",""khinsider_album_kind"":""unclassified_game_album"",""khinsider_album_match_score"":100.0,""relevance_score_100"":97.0,""popularity_score_100"":20.910022310886994,""score_100"":66.5640089243548,""popularity_basis"":""BeatHit master-list game rank plus track position proxy""}"
296,Stinger 12,Unknown credited artist,[],Ghostbusters - The Video Game (ghostbusters-the-video-game),,,"[""video game soundtrack""]","[""und""]",,,,Ghostbusters: The Video Game,,,khinsider_track_prominence_proxy,20.910022310886994,score_0_100,,,,66.5640089243548,,,,https://downloads.khinsider.com/game-soundtracks/album/ghostbusters-the-video-game,2026-10-05,Track title is taken from KHInsider's soundtrack/gamerip album index. Popularity is an explicitly labelled proxy based on BeatHit game rank and track prominence.,"{""culture_category"":""video_game_music"",""video_game"":""Ghostbusters: The Video Game"",""game_rank"":2145,""game_association_kind"":""khinsider_game_soundtrack"",""khinsider_album_url"":""https://downloads.khinsider.com/game-soundtracks/album/ghostbusters-the-video-game"",""khinsider_album_title"":""Ghostbusters - The Video Game (ghostbusters-the-video-game)"",""khinsider_album_kind"":""unclassified_game_album"",""khinsider_album_match_score"":100.0,""relevance_score_100"":97.0,""popularity_score_100"":20.910022310886994,""score_100"":66.5640089243548,""popularity_basis"":""BeatHit master-list game rank plus track position proxy""}"
297,Stinger 13,Unknown credited artist,[],Ghostbusters - The Video Game (ghostbusters-the-video-game),,,"[""video game soundtrack""]","[""und""]",,,,Ghostbusters: The Video Game,,,khinsider_track_prominence_proxy,20.910022310886994,score_0_100,,,,66.5640089243548,,,,https://downloads.khinsider.com/game-soundtracks/album/ghostbusters-the-video-game,2026-10-05,Track title is taken from KHInsider's soundtrack/gamerip album index. Popularity is an explicitly labelled proxy based on BeatHit game rank and track prominence.,"{""culture_category"":""video_game_music"",""video_game"":""Ghostbusters: The Video Game"",""game_rank"":2145,""game_association_kind"":""khinsider_game_soundtrack"",""khinsider_album_url"":""https://downloads.khinsider.com/game-soundtracks/album/ghostbusters-the-video-game"",""khinsider_album_title"":""Ghostbusters - The Video Game (ghostbusters-the-video-game)"",""khinsider_album_kind"":""unclassified_game_album"",""khinsider_album_match_score"":100.0,""relevance_score_100"":97.0,""popularity_score_100"":20.910022310886994,""score_100"":66.5640089243548,""popularity_basis"":""BeatHit master-list game rank plus track position proxy""}"
298,Stinger 14,Unknown credited artist,[],Ghostbusters - The Video Game (ghostbusters-the-video-game),,,"[""video game soundtrack""]","[""und""]",,,,Ghostbusters: The Video Game,,,khinsider_track_prominence_proxy,20.910022310886994,score_0_100,,,,66.5640089243548,,,,https://downloads.khinsider.com/game-soundtracks/album/ghostbusters-the-video-game,2026-10-05,Track title is taken from KHInsider's soundtrack/gamerip album index. Popularity is an explicitly labelled proxy based on BeatHit game rank and track prominence.,"{""culture_category"":""video_game_music"",""video_game"":""Ghostbusters: The Video Game"",""game_rank"":2145,""game_association_kind"":""khinsider_game_soundtrack"",""khinsider_album_url"":""https://downloads.khinsider.com/game-soundtracks/album/ghostbusters-the-video-game"",""khinsider_album_title"":""Ghostbusters - The Video Game (ghostbusters-the-video-game)"",""khinsider_album_kind"":""unclassified_game_album"",""khinsider_album_match_score"":100.0,""relevance_score_100"":97.0,""popularity_score_100"":20.910022310886994,""score_100"":66.5640089243548,""popularity_basis"":""BeatHit master-list game rank plus track position proxy""}"
299,Stinger 15,Unknown credited artist,[],Ghostbusters - The Video Game (ghostbusters-the-video-game),,,"[""video game soundtrack""]","[""und""]",,,,Ghostbusters: The Video Game,,,khinsider_track_prominence_proxy,20.910022310886994,score_0_100,,,,66.5640089243548,,,,https://downloads.khinsider.com/game-soundtracks/album/ghostbusters-the-video-game,2026-10-05,Track title is taken from KHInsider's soundtrack/gamerip album index. Popularity is an explicitly labelled proxy based on BeatHit game rank and track prominence.,"{""culture_category"":""video_game_music"",""video_game"":""Ghostbusters: The Video Game"",""game_rank"":2145,""game_association_kind"":""khinsider_game_soundtrack"",""khinsider_album_url"":""https://downloads.khinsider.com/game-soundtracks/album/ghostbusters-the-video-game"",""khinsider_album_title"":""Ghostbusters - The Video Game (ghostbusters-the-video-game)"",""khinsider_album_kind"":""unclassified_game_album"",""khinsider_album_match_score"":100.0,""relevance_score_100"":97.0,""popularity_score_100"":20.910022310886994,""score_100"":66.5640089243548,""popularity_basis"":""BeatHit master-list game rank plus track position proxy""}"
300,Stinger 16,Unknown credited artist,[],Ghostbusters - The Video Game (ghostbusters-the-video-game),,,"[""video game soundtrack""]","[""und""]",,,,Ghostbusters: The Video Game,,,khinsider_track_prominence_proxy,20.910022310886994,score_0_100,,,,66.5640089243548,,,,https://downloads.khinsider.com/game-soundtracks/album/ghostbusters-the-video-game,2026-10-05,Track title is taken from KHInsider's soundtrack/gamerip album index. Popularity is an explicitly labelled proxy based on BeatHit game rank and track prominence.,"{""culture_category"":""video_game_music"",""video_game"":""Ghostbusters: The Video Game"",""game_rank"":2145,""game_association_kind"":""khinsider_game_soundtrack"",""khinsider_album_url"":""https://downloads.khinsider.com/game-soundtracks/album/ghostbusters-the-video-game"",""khinsider_album_title"":""Ghostbusters - The Video Game (ghostbusters-the-video-game)"",""khinsider_album_kind"":""unclassified_game_album"",""khinsider_album_match_score"":100.0,""relevance_score_100"":97.0,""popularity_score_100"":20.910022310886994,""score_100"":66.5640089243548,""popularity_basis"":""BeatHit master-list game rank plus track position proxy""}"
301,Stinger 17,Unknown credited artist,[],Ghostbusters - The Video Game (ghostbusters-the-video-game),,,"[""video game soundtrack""]","[""und""]",,,,Ghostbusters: The Video Game,,,khinsider_track_prominence_proxy,20.910022310886994,score_0_100,,,,66.5640089243548,,,,https://downloads.khinsider.com/game-soundtracks/album/ghostbusters-the-video-game,2026-10-05,Track title is taken from KHInsider's soundtrack/gamerip album index. Popularity is an explicitly labelled proxy based on BeatHit game rank and track prominence.,"{""culture_category"":""video_game_music"",""video_game"":""Ghostbusters: The Video Game"",""game_rank"":2145,""game_association_kind"":""khinsider_game_soundtrack"",""khinsider_album_url"":""https://downloads.khinsider.com/game-soundtracks/album/ghostbusters-the-video-game"",""khinsider_album_title"":""Ghostbusters - The Video Game (ghostbusters-the-video-game)"",""khinsider_album_kind"":""unclassified_game_album"",""khinsider_album_match_score"":100.0,""relevance_score_100"":97.0,""popularity_score_100"":20.910022310886994,""score_100"":66.5640089243548,""popularity_basis"":""BeatHit master-list game rank plus track position proxy""}"
302,Stinger 18,Unknown credited artist,[],Ghostbusters - The Video Game (ghostbusters-the-video-game),,,"[""video game soundtrack""]","[""und""]",,,,Ghostbusters: The Video Game,,,khinsider_track_prominence_proxy,20.910022310886994,score_0_100,,,,66.5640089243548,,,,https://downloads.khinsider.com/game-soundtracks/album/ghostbusters-the-video-game,2026-10-05,Track title is taken from KHInsider's soundtrack/gamerip album index. Popularity is an explicitly labelled proxy based on BeatHit game rank and track prominence.,"{""culture_category"":""video_game_music"",""video_game"":""Ghostbusters: The Video Game"",""game_rank"":2145,""game_association_kind"":""khinsider_game_soundtrack"",""khinsider_album_url"":""https://downloads.khinsider.com/game-soundtracks/album/ghostbusters-the-video-game"",""khinsider_album_title"":""Ghostbusters - The Video Game (ghostbusters-the-video-game)"",""khinsider_album_kind"":""unclassified_game_album"",""khinsider_album_match_score"":100.0,""relevance_score_100"":97.0,""popularity_score_100"":20.910022310886994,""score_100"":66.5640089243548,""popularity_basis"":""BeatHit master-list game rank plus track position proxy""}"
303,Stinger 19,Unknown credited artist,[],Ghostbusters - The Video Game (ghostbusters-the-video-game),,,"[""video game soundtrack""]","[""und""]",,,,Ghostbusters: The Video Game,,,khinsider_track_prominence_proxy,20.910022310886994,score_0_100,,,,66.5640089243548,,,,https://downloads.khinsider.com/game-soundtracks/album/ghostbusters-the-video-game,2026-10-05,Track title is taken from KHInsider's soundtrack/gamerip album index. Popularity is an explicitly labelled proxy based on BeatHit game rank and track prominence.,"{""culture_category"":""video_game_music"",""video_game"":""Ghostbusters: The Video Game"",""game_rank"":2145,""game_association_kind"":""khinsider_game_soundtrack"",""khinsider_album_url"":""https://downloads.khinsider.com/game-soundtracks/album/ghostbusters-the-video-game"",""khinsider_album_title"":""Ghostbusters - The Video Game (ghostbusters-the-video-game)"",""khinsider_album_kind"":""unclassified_game_album"",""khinsider_album_match_score"":100.0,""relevance_score_100"":97.0,""popularity_score_100"":20.910022310886994,""score_100"":66.5640089243548,""popularity_basis"":""BeatHit master-list game rank plus track position proxy""}"
304,Stinger 20,Unknown credited artist,[],Ghostbusters - The Video Game (ghostbusters-the-video-game),,,"[""video game soundtrack""]","[""und""]",,,,Ghostbusters: The Video Game,,,khinsider_track_prominence_proxy,20.910022310886994,score_0_100,,,,66.5640089243548,,,,https://downloads.khinsider.com/game-soundtracks/album/ghostbusters-the-video-game,2026-10-05,Track title is taken from KHInsider's soundtrack/gamerip album index. Popularity is an explicitly labelled proxy based on BeatHit game rank and track prominence.,"{""culture_category"":""video_game_music"",""video_game"":""Ghostbusters: The Video Game"",""game_rank"":2145,""game_association_kind"":""khinsider_game_soundtrack"",""khinsider_album_url"":""https://downloads.khinsider.com/game-soundtracks/album/ghostbusters-the-video-game"",""khinsider_album_title"":""Ghostbusters - The Video Game (ghostbusters-the-video-game)"",""khinsider_album_kind"":""unclassified_game_album"",""khinsider_album_match_score"":100.0,""relevance_score_100"":97.0,""popularity_score_100"":20.910022310886994,""score_100"":66.5640089243548,""popularity_basis"":""BeatHit master-list game rank plus track position proxy""}"
305,Stinger 21,Unknown credited artist,[],Ghostbusters - The Video Game (ghostbusters-the-video-game),,,"[""video game soundtrack""]","[""und""]",,,,Ghostbusters: The Video Game,,,khinsider_track_prominence_proxy,20.910022310886994,score_0_100,,,,66.5640089243548,,,,https://downloads.khinsider.com/game-soundtracks/album/ghostbusters-the-video-game,2026-10-05,Track title is taken from KHInsider's soundtrack/gamerip album index. Popularity is an explicitly labelled proxy based on BeatHit game rank and track prominence.,"{""culture_category"":""video_game_music"",""video_game"":""Ghostbusters: The Video Game"",""game_rank"":2145,""game_association_kind"":""khinsider_game_soundtrack"",""khinsider_album_url"":""https://downloads.khinsider.com/game-soundtracks/album/ghostbusters-the-video-game"",""khinsider_album_title"":""Ghostbusters - The Video Game (ghostbusters-the-video-game)"",""khinsider_album_kind"":""unclassified_game_album"",""khinsider_album_match_score"":100.0,""relevance_score_100"":97.0,""popularity_score_100"":20.910022310886994,""score_100"":66.5640089243548,""popularity_basis"":""BeatHit master-list game rank plus track position proxy""}"
306,Stinger 22,Unknown credited artist,[],Ghostbusters - The Video Game (ghostbusters-the-video-game),,,"[""video game soundtrack""]","[""und""]",,,,Ghostbusters: The Video Game,,,khinsider_track_prominence_proxy,20.910022310886994,score_0_100,,,,66.5640089243548,,,,https://downloads.khinsider.com/game-soundtracks/album/ghostbusters-the-video-game,2026-10-05,Track title is taken from KHInsider's soundtrack/gamerip album index. Popularity is an explicitly labelled proxy based on BeatHit game rank and track prominence.,"{""culture_category"":""video_game_music"",""video_game"":""Ghostbusters: The Video Game"",""game_rank"":2145,""game_association_kind"":""khinsider_game_soundtrack"",""khinsider_album_url"":""https://downloads.khinsider.com/game-soundtracks/album/ghostbusters-the-video-game"",""khinsider_album_title"":""Ghostbusters - The Video Game (ghostbusters-the-video-game)"",""khinsider_album_kind"":""unclassified_game_album"",""khinsider_album_match_score"":100.0,""relevance_score_100"":97.0,""popularity_score_100"":20.910022310886994,""score_100"":66.5640089243548,""popularity_basis"":""BeatHit master-list game rank plus track position proxy""}"
307,Stinger 23,Unknown credited artist,[],Ghostbusters - The Video Game (ghostbusters-the-video-game),,,"[""video game soundtrack""]","[""und""]",,,,Ghostbusters: The Video Game,,,khinsider_track_prominence_proxy,20.910022310886994,score_0_100,,,,66.5640089243548,,,,https://downloads.khinsider.com/game-soundtracks/album/ghostbusters-the-video-game,2026-10-05,Track title is taken from KHInsider's soundtrack/gamerip album index. Popularity is an explicitly labelled proxy based on BeatHit game rank and track prominence.,"{""culture_category"":""video_game_music"",""video_game"":""Ghostbusters: The Video Game"",""game_rank"":2145,""game_association_kind"":""khinsider_game_soundtrack"",""khinsider_album_url"":""https://downloads.khinsider.com/game-soundtracks/album/ghostbusters-the-video-game"",""khinsider_album_title"":""Ghostbusters - The Video Game (ghostbusters-the-video-game)"",""khinsider_album_kind"":""unclassified_game_album"",""khinsider_album_match_score"":100.0,""relevance_score_100"":97.0,""popularity_score_100"":20.910022310886994,""score_100"":66.5640089243548,""popularity_basis"":""BeatHit master-list game rank plus track position proxy""}"
308,Stinger 24,Unknown credited artist,[],Ghostbusters - The Video Game (ghostbusters-the-video-game),,,"[""video game soundtrack""]","[""und""]",,,,Ghostbusters: The Video Game,,,khinsider_track_prominence_proxy,20.910022310886994,score_0_100,,,,66.5640089243548,,,,https://downloads.khinsider.com/game-soundtracks/album/ghostbusters-the-video-game,2026-10-05,Track title is taken from KHInsider's soundtrack/gamerip album index. Popularity is an explicitly labelled proxy based on BeatHit game rank and track prominence.,"{""culture_category"":""video_game_music"",""video_game"":""Ghostbusters: The Video Game"",""game_rank"":2145,""game_association_kind"":""khinsider_game_soundtrack"",""khinsider_album_url"":""https://downloads.khinsider.com/game-soundtracks/album/ghostbusters-the-video-game"",""khinsider_album_title"":""Ghostbusters - The Video Game (ghostbusters-the-video-game)"",""khinsider_album_kind"":""unclassified_game_album"",""khinsider_album_match_score"":100.0,""relevance_score_100"":97.0,""popularity_score_100"":20.910022310886994,""score_100"":66.5640089243548,""popularity_basis"":""BeatHit master-list game rank plus track position proxy""}"
309,Stinger 25,Unknown credited artist,[],Ghostbusters - The Video Game (ghostbusters-the-video-game),,,"[""video game soundtrack""]","[""und""]",,,,Ghostbusters: The Video Game,,,khinsider_track_prominence_proxy,20.910022310886994,score_0_100,,,,66.5640089243548,,,,https://downloads.khinsider.com/game-soundtracks/album/ghostbusters-the-video-game,2026-10-05,Track title is taken from KHInsider's soundtrack/gamerip album index. Popularity is an explicitly labelled proxy based on BeatHit game rank and track prominence.,"{""culture_category"":""video_game_music"",""video_game"":""Ghostbusters: The Video Game"",""game_rank"":2145,""game_association_kind"":""khinsider_game_soundtrack"",""khinsider_album_url"":""https://downloads.khinsider.com/game-soundtracks/album/ghostbusters-the-video-game"",""khinsider_album_title"":""Ghostbusters - The Video Game (ghostbusters-the-video-game)"",""khinsider_album_kind"":""unclassified_game_album"",""khinsider_album_match_score"":100.0,""relevance_score_100"":97.0,""popularity_score_100"":20.910022310886994,""score_100"":66.5640089243548,""popularity_basis"":""BeatHit master-list game rank plus track position proxy""}"
310,Stinger 26,Unknown credited artist,[],Ghostbusters - The Video Game (ghostbusters-the-video-game),,,"[""video game soundtrack""]","[""und""]",,,,Ghostbusters: The Video Game,,,khinsider_track_prominence_proxy,20.910022310886994,score_0_100,,,,66.5640089243548,,,,https://downloads.khinsider.com/game-soundtracks/album/ghostbusters-the-video-game,2026-10-05,Track title is taken from KHInsider's soundtrack/gamerip album index. Popularity is an explicitly labelled proxy based on BeatHit game rank and track prominence.,"{""culture_category"":""video_game_music"",""video_game"":""Ghostbusters: The Video Game"",""game_rank"":2145,""game_association_kind"":""khinsider_game_soundtrack"",""khinsider_album_url"":""https://downloads.khinsider.com/game-soundtracks/album/ghostbusters-the-video-game"",""khinsider_album_title"":""Ghostbusters - The Video Game (ghostbusters-the-video-game)"",""khinsider_album_kind"":""unclassified_game_album"",""khinsider_album_match_score"":100.0,""relevance_score_100"":97.0,""popularity_score_100"":20.910022310886994,""score_100"":66.5640089243548,""popularity_basis"":""BeatHit master-list game rank plus track position proxy""}"
311,Stinger 27,Unknown credited artist,[],Ghostbusters - The Video Game (ghostbusters-the-video-game),,,"[""video game soundtrack""]","[""und""]",,,,Ghostbusters: The Video Game,,,khinsider_track_prominence_proxy,20.910022310886994,score_0_100,,,,66.5640089243548,,,,https://downloads.khinsider.com/game-soundtracks/album/ghostbusters-the-video-game,2026-10-05,Track title is taken from KHInsider's soundtrack/gamerip album index. Popularity is an explicitly labelled proxy based on BeatHit game rank and track prominence.,"{""culture_category"":""video_game_music"",""video_game"":""Ghostbusters: The Video Game"",""game_rank"":2145,""game_association_kind"":""khinsider_game_soundtrack"",""khinsider_album_url"":""https://downloads.khinsider.com/game-soundtracks/album/ghostbusters-the-video-game"",""khinsider_album_title"":""Ghostbusters - The Video Game (ghostbusters-the-video-game)"",""khinsider_album_kind"":""unclassified_game_album"",""khinsider_album_match_score"":100.0,""relevance_score_100"":97.0,""popularity_score_100"":20.910022310886994,""score_100"":66.5640089243548,""popularity_basis"":""BeatHit master-list game rank plus track position proxy""}"
312,Stinger 28,Unknown credited artist,[],Ghostbusters - The Video Game (ghostbusters-the-video-game),,,"[""video game soundtrack""]","[""und""]",,,,Ghostbusters: The Video Game,,,khinsider_track_prominence_proxy,20.910022310886994,score_0_100,,,,66.5640089243548,,,,https://downloads.khinsider.com/game-soundtracks/album/ghostbusters-the-video-game,2026-10-05,Track title is taken from KHInsider's soundtrack/gamerip album index. Popularity is an explicitly labelled proxy based on BeatHit game rank and track prominence.,"{""culture_category"":""video_game_music"",""video_game"":""Ghostbusters: The Video Game"",""game_rank"":2145,""game_association_kind"":""khinsider_game_soundtrack"",""khinsider_album_url"":""https://downloads.khinsider.com/game-soundtracks/album/ghostbusters-the-video-game"",""khinsider_album_title"":""Ghostbusters - The Video Game (ghostbusters-the-video-game)"",""khinsider_album_kind"":""unclassified_game_album"",""khinsider_album_match_score"":100.0,""relevance_score_100"":97.0,""popularity_score_100"":20.910022310886994,""score_100"":66.5640089243548,""popularity_basis"":""BeatHit master-list game rank plus track position proxy""}"
313,Stinger 29,Unknown credited artist,[],Ghostbusters - The Video Game (ghostbusters-the-video-game),,,"[""video game soundtrack""]","[""und""]",,,,Ghostbusters: The Video Game,,,khinsider_track_prominence_proxy,20.910022310886994,score_0_100,,,,66.5640089243548,,,,https://downloads.khinsider.com/game-soundtracks/album/ghostbusters-the-video-game,2026-10-05,Track title is taken from KHInsider's soundtrack/gamerip album index. Popularity is an explicitly labelled proxy based on BeatHit game rank and track prominence.,"{""culture_category"":""video_game_music"",""video_game"":""Ghostbusters: The Video Game"",""game_rank"":2145,""game_association_kind"":""khinsider_game_soundtrack"",""khinsider_album_url"":""https://downloads.khinsider.com/game-soundtracks/album/ghostbusters-the-video-game"",""khinsider_album_title"":""Ghostbusters - The Video Game (ghostbusters-the-video-game)"",""khinsider_album_kind"":""unclassified_game_album"",""khinsider_album_match_score"":100.0,""relevance_score_100"":97.0,""popularity_score_100"":20.910022310886994,""score_100"":66.5640089243548,""popularity_basis"":""BeatHit master-list game rank plus track position proxy""}"
314,Stinger 30,Unknown credited artist,[],Ghostbusters - The Video Game (ghostbusters-the-video-game),,,"[""video game soundtrack""]","[""und""]",,,,Ghostbusters: The Video Game,,,khinsider_track_prominence_proxy,20.910022310886994,score_0_100,,,,66.5640089243548,,,,https://downloads.khinsider.com/game-soundtracks/album/ghostbusters-the-video-game,2026-10-05,Track title is taken from KHInsider's soundtrack/gamerip album index. Popularity is an explicitly labelled proxy based on BeatHit game rank and track prominence.,"{""culture_category"":""video_game_music"",""video_game"":""Ghostbusters: The Video Game"",""game_rank"":2145,""game_association_kind"":""khinsider_game_soundtrack"",""khinsider_album_url"":""https://downloads.khinsider.com/game-soundtracks/album/ghostbusters-the-video-game"",""khinsider_album_title"":""Ghostbusters - The Video Game (ghostbusters-the-video-game)"",""khinsider_album_kind"":""unclassified_game_album"",""khinsider_album_match_score"":100.0,""relevance_score_100"":97.0,""popularity_score_100"":20.910022310886994,""score_100"":66.5640089243548,""popularity_basis"":""BeatHit master-list game rank plus track position proxy""}"
315,Stinger 31,Unknown credited artist,[],Ghostbusters - The Video Game (ghostbusters-the-video-game),,,"[""video game soundtrack""]","[""und""]",,,,Ghostbusters: The Video Game,,,khinsider_track_prominence_proxy,20.910022310886994,score_0_100,,,,66.5640089243548,,,,https://downloads.khinsider.com/game-soundtracks/album/ghostbusters-the-video-game,2026-10-05,Track title is taken from KHInsider's soundtrack/gamerip album index. Popularity is an explicitly labelled proxy based on BeatHit game rank and track prominence.,"{""culture_category"":""video_game_music"",""video_game"":""Ghostbusters: The Video Game"",""game_rank"":2145,""game_association_kind"":""khinsider_game_soundtrack"",""khinsider_album_url"":""https://downloads.khinsider.com/game-soundtracks/album/ghostbusters-the-video-game"",""khinsider_album_title"":""Ghostbusters - The Video Game (ghostbusters-the-video-game)"",""khinsider_album_kind"":""unclassified_game_album"",""khinsider_album_match_score"":100.0,""relevance_score_100"":97.0,""popularity_score_100"":20.910022310886994,""score_100"":66.5640089243548,""popularity_basis"":""BeatHit master-list game rank plus track position proxy""}"
316,Stinger 32,Unknown credited artist,[],Ghostbusters - The Video Game (ghostbusters-the-video-game),,,"[""video game soundtrack""]","[""und""]",,,,Ghostbusters: The Video Game,,,khinsider_track_prominence_proxy,20.910022310886994,score_0_100,,,,66.5640089243548,,,,https://downloads.khinsider.com/game-soundtracks/album/ghostbusters-the-video-game,2026-10-05,Track title is taken from KHInsider's soundtrack/gamerip album index. Popularity is an explicitly labelled proxy based on BeatHit game rank and track prominence.,"{""culture_category"":""video_game_music"",""video_game"":""Ghostbusters: The Video Game"",""game_rank"":2145,""game_association_kind"":""khinsider_game_soundtrack"",""khinsider_album_url"":""https://downloads.khinsider.com/game-soundtracks/album/ghostbusters-the-video-game"",""khinsider_album_title"":""Ghostbusters - The Video Game (ghostbusters-the-video-game)"",""khinsider_album_kind"":""unclassified_game_album"",""khinsider_album_match_score"":100.0,""relevance_score_100"":97.0,""popularity_score_100"":20.910022310886994,""score_100"":66.5640089243548,""popularity_basis"":""BeatHit master-list game rank plus track position proxy""}"
317,Stinger 33,Unknown credited artist,[],Ghostbusters - The Video Game (ghostbusters-the-video-game),,,"[""video game soundtrack""]","[""und""]",,,,Ghostbusters: The Video Game,,,khinsider_track_prominence_proxy,20.910022310886994,score_0_100,,,,66.5640089243548,,,,https://downloads.khinsider.com/game-soundtracks/album/ghostbusters-the-video-game,2026-10-05,Track title is taken from KHInsider's soundtrack/gamerip album index. Popularity is an explicitly labelled proxy based on BeatHit game rank and track prominence.,"{""culture_category"":""video_game_music"",""video_game"":""Ghostbusters: The Video Game"",""game_rank"":2145,""game_association_kind"":""khinsider_game_soundtrack"",""khinsider_album_url"":""https://downloads.khinsider.com/game-soundtracks/album/ghostbusters-the-video-game"",""khinsider_album_title"":""Ghostbusters - The Video Game (ghostbusters-the-video-game)"",""khinsider_album_kind"":""unclassified_game_album"",""khinsider_album_match_score"":100.0,""relevance_score_100"":97.0,""popularity_score_100"":20.910022310886994,""score_100"":66.5640089243548,""popularity_basis"":""BeatHit master-list game rank plus track position proxy""}"
318,Stinger 34,Unknown credited artist,[],Ghostbusters - The Video Game (ghostbusters-the-video-game),,,"[""video game soundtrack""]","[""und""]",,,,Ghostbusters: The Video Game,,,khinsider_track_prominence_proxy,20.910022310886994,score_0_100,,,,66.5640089243548,,,,https://downloads.khinsider.com/game-soundtracks/album/ghostbusters-the-video-game,2026-10-05,Track title is taken from KHInsider's soundtrack/gamerip album index. Popularity is an explicitly labelled proxy based on BeatHit game rank and track prominence.,"{""culture_category"":""video_game_music"",""video_game"":""Ghostbusters: The Video Game"",""game_rank"":2145,""game_association_kind"":""khinsider_game_soundtrack"",""khinsider_album_url"":""https://downloads.khinsider.com/game-soundtracks/album/ghostbusters-the-video-game"",""khinsider_album_title"":""Ghostbusters - The Video Game (ghostbusters-the-video-game)"",""khinsider_album_kind"":""unclassified_game_album"",""khinsider_album_match_score"":100.0,""relevance_score_100"":97.0,""popularity_score_100"":20.910022310886994,""score_100"":66.5640089243548,""popularity_basis"":""BeatHit master-list game rank plus track position proxy""}"
319,Stinger 35,Unknown credited artist,[],Ghostbusters - The Video Game (ghostbusters-the-video-game),,,"[""video game soundtrack""]","[""und""]",,,,Ghostbusters: The Video Game,,,khinsider_track_prominence_proxy,20.910022310886994,score_0_100,,,,66.5640089243548,,,,https://downloads.khinsider.com/game-soundtracks/album/ghostbusters-the-video-game,2026-10-05,Track title is taken from KHInsider's soundtrack/gamerip album index. Popularity is an explicitly labelled proxy based on BeatHit game rank and track prominence.,"{""culture_category"":""video_game_music"",""video_game"":""Ghostbusters: The Video Game"",""game_rank"":2145,""game_association_kind"":""khinsider_game_soundtrack"",""khinsider_album_url"":""https://downloads.khinsider.com/game-soundtracks/album/ghostbusters-the-video-game"",""khinsider_album_title"":""Ghostbusters - The Video Game (ghostbusters-the-video-game)"",""khinsider_album_kind"":""unclassified_game_album"",""khinsider_album_match_score"":100.0,""relevance_score_100"":97.0,""popularity_score_100"":20.910022310886994,""score_100"":66.5640089243548,""popularity_basis"":""BeatHit master-list game rank plus track position proxy""}"
320,Stinger 36,Unknown credited artist,[],Ghostbusters - The Video Game (ghostbusters-the-video-game),,,"[""video game soundtrack""]","[""und""]",,,,Ghostbusters: The Video Game,,,khinsider_track_prominence_proxy,20.910022310886994,score_0_100,,,,66.5640089243548,,,,https://downloads.khinsider.com/game-soundtracks/album/ghostbusters-the-video-game,2026-10-05,Track title is taken from KHInsider's soundtrack/gamerip album index. Popularity is an explicitly labelled proxy based on BeatHit game rank and track prominence.,"{""culture_category"":""video_game_music"",""video_game"":""Ghostbusters: The Video Game"",""game_rank"":2145,""game_association_kind"":""khinsider_game_soundtrack"",""khinsider_album_url"":""https://downloads.khinsider.com/game-soundtracks/album/ghostbusters-the-video-game"",""khinsider_album_title"":""Ghostbusters - The Video Game (ghostbusters-the-video-game)"",""khinsider_album_kind"":""unclassified_game_album"",""khinsider_album_match_score"":100.0,""relevance_score_100"":97.0,""popularity_score_100"":20.910022310886994,""score_100"":66.5640089243548,""popularity_basis"":""BeatHit master-list game rank plus track position proxy""}"
321,Stinger 37,Unknown credited artist,[],Ghostbusters - The Video Game (ghostbusters-the-video-game),,,"[""video game soundtrack""]","[""und""]",,,,Ghostbusters: The Video Game,,,khinsider_track_prominence_proxy,20.910022310886994,score_0_100,,,,66.5640089243548,,,,https://downloads.khinsider.com/game-soundtracks/album/ghostbusters-the-video-game,2026-10-05,Track title is taken from KHInsider's soundtrack/gamerip album index. Popularity is an explicitly labelled proxy based on BeatHit game rank and track prominence.,"{""culture_category"":""video_game_music"",""video_game"":""Ghostbusters: The Video Game"",""game_rank"":2145,""game_association_kind"":""khinsider_game_soundtrack"",""khinsider_album_url"":""https://downloads.khinsider.com/game-soundtracks/album/ghostbusters-the-video-game"",""khinsider_album_title"":""Ghostbusters - The Video Game (ghostbusters-the-video-game)"",""khinsider_album_kind"":""unclassified_game_album"",""khinsider_album_match_score"":100.0,""relevance_score_100"":97.0,""popularity_score_100"":20.910022310886994,""score_100"":66.5640089243548,""popularity_basis"":""BeatHit master-list game rank plus track position proxy""}"
322,Stinger 38,Unknown credited artist,[],Ghostbusters - The Video Game (ghostbusters-the-video-game),,,"[""video game soundtrack""]","[""und""]",,,,Ghostbusters: The Video Game,,,khinsider_track_prominence_proxy,20.910022310886994,score_0_100,,,,66.5640089243548,,,,https://downloads.khinsider.com/game-soundtracks/album/ghostbusters-the-video-game,2026-10-05,Track title is taken from KHInsider's soundtrack/gamerip album index. Popularity is an explicitly labelled proxy based on BeatHit game rank and track prominence.,"{""culture_category"":""video_game_music"",""video_game"":""Ghostbusters: The Video Game"",""game_rank"":2145,""game_association_kind"":""khinsider_game_soundtrack"",""khinsider_album_url"":""https://downloads.khinsider.com/game-soundtracks/album/ghostbusters-the-video-game"",""khinsider_album_title"":""Ghostbusters - The Video Game (ghostbusters-the-video-game)"",""khinsider_album_kind"":""unclassified_game_album"",""khinsider_album_match_score"":100.0,""relevance_score_100"":97.0,""popularity_score_100"":20.910022310886994,""score_100"":66.5640089243548,""popularity_basis"":""BeatHit master-list game rank plus track position proxy""}"
323,Stinger 39,Unknown credited artist,[],Ghostbusters - The Video Game (ghostbusters-the-video-game),,,"[""video game soundtrack""]","[""und""]",,,,Ghostbusters: The Video Game,,,khinsider_track_prominence_proxy,20.910022310886994,score_0_100,,,,66.5640089243548,,,,https://downloads.khinsider.com/game-soundtracks/album/ghostbusters-the-video-game,2026-10-05,Track title is taken from KHInsider's soundtrack/gamerip album index. Popularity is an explicitly labelled proxy based on BeatHit game rank and track prominence.,"{""culture_category"":""video_game_music"",""video_game"":""Ghostbusters: The Video Game"",""game_rank"":2145,""game_association_kind"":""khinsider_game_soundtrack"",""khinsider_album_url"":""https://downloads.khinsider.com/game-soundtracks/album/ghostbusters-the-video-game"",""khinsider_album_title"":""Ghostbusters - The Video Game (ghostbusters-the-video-game)"",""khinsider_album_kind"":""unclassified_game_album"",""khinsider_album_match_score"":100.0,""relevance_score_100"":97.0,""popularity_score_100"":20.910022310886994,""score_100"":66.5640089243548,""popularity_basis"":""BeatHit master-list game rank plus track position proxy""}"
324,Stinger 40,Unknown credited artist,[],Ghostbusters - The Video Game (ghostbusters-the-video-game),,,"[""video game soundtrack""]","[""und""]",,,,Ghostbusters: The Video Game,,,khinsider_track_prominence_proxy,20.910022310886994,score_0_100,,,,66.5640089243548,,,,https://downloads.khinsider.com/game-soundtracks/album/ghostbusters-the-video-game,2026-10-05,Track title is taken from KHInsider's soundtrack/gamerip album index. Popularity is an explicitly labelled proxy based on BeatHit game rank and track prominence.,"{""culture_category"":""video_game_music"",""video_game"":""Ghostbusters: The Video Game"",""game_rank"":2145,""game_association_kind"":""khinsider_game_soundtrack"",""khinsider_album_url"":""https://downloads.khinsider.com/game-soundtracks/album/ghostbusters-the-video-game"",""khinsider_album_title"":""Ghostbusters - The Video Game (ghostbusters-the-video-game)"",""khinsider_album_kind"":""unclassified_game_album"",""khinsider_album_match_score"":100.0,""relevance_score_100"":97.0,""popularity_score_100"":20.910022310886994,""score_100"":66.5640089243548,""popularity_basis"":""BeatHit master-list game rank plus track position proxy""}"
325,Stinger 42,Unknown credited artist,[],Ghostbusters - The Video Game (ghostbusters-the-video-game),,,"[""video game soundtrack""]","[""und""]",,,,Ghostbusters: The Video Game,,,khinsider_track_prominence_proxy,20.910022310886994,score_0_100,,,,66.5640089243548,,,,https://downloads.khinsider.com/game-soundtracks/album/ghostbusters-the-video-game,2026-10-05,Track title is taken from KHInsider's soundtrack/gamerip album index. Popularity is an explicitly labelled proxy based on BeatHit game rank and track prominence.,"{""culture_category"":""video_game_music"",""video_game"":""Ghostbusters: The Video Game"",""game_rank"":2145,""game_association_kind"":""khinsider_game_soundtrack"",""khinsider_album_url"":""https://downloads.khinsider.com/game-soundtracks/album/ghostbusters-the-video-game"",""khinsider_album_title"":""Ghostbusters - The Video Game (ghostbusters-the-video-game)"",""khinsider_album_kind"":""unclassified_game_album"",""khinsider_album_match_score"":100.0,""relevance_score_100"":97.0,""popularity_score_100"":20.910022310886994,""score_100"":66.5640089243548,""popularity_basis"":""BeatHit master-list game rank plus track position proxy""}"
326,Stinger 43,Unknown credited artist,[],Ghostbusters - The Video Game (ghostbusters-the-video-game),,,"[""video game soundtrack""]","[""und""]",,,,Ghostbusters: The Video Game,,,khinsider_track_prominence_proxy,20.910022310886994,score_0_100,,,,66.5640089243548,,,,https://downloads.khinsider.com/game-soundtracks/album/ghostbusters-the-video-game,2026-10-05,Track title is taken from KHInsider's soundtrack/gamerip album index. Popularity is an explicitly labelled proxy based on BeatHit game rank and track prominence.,"{""culture_category"":""video_game_music"",""video_game"":""Ghostbusters: The Video Game"",""game_rank"":2145,""game_association_kind"":""khinsider_game_soundtrack"",""khinsider_album_url"":""https://downloads.khinsider.com/game-soundtracks/album/ghostbusters-the-video-game"",""khinsider_album_title"":""Ghostbusters - The Video Game (ghostbusters-the-video-game)"",""khinsider_album_kind"":""unclassified_game_album"",""khinsider_album_match_score"":100.0,""relevance_score_100"":97.0,""popularity_score_100"":20.910022310886994,""score_100"":66.5640089243548,""popularity_basis"":""BeatHit master-list game rank plus track position proxy""}"
327,Stinger 44,Unknown credited artist,[],Ghostbusters - The Video Game (ghostbusters-the-video-game),,,"[""video game soundtrack""]","[""und""]",,,,Ghostbusters: The Video Game,,,khinsider_track_prominence_proxy,20.910022310886994,score_0_100,,,,66.5640089243548,,,,https://downloads.khinsider.com/game-soundtracks/album/ghostbusters-the-video-game,2026-10-05,Track title is taken from KHInsider's soundtrack/gamerip album index. Popularity is an explicitly labelled proxy based on BeatHit game rank and track prominence.,"{""culture_category"":""video_game_music"",""video_game"":""Ghostbusters: The Video Game"",""game_rank"":2145,""game_association_kind"":""khinsider_game_soundtrack"",""khinsider_album_url"":""https://downloads.khinsider.com/game-soundtracks/album/ghostbusters-the-video-game"",""khinsider_album_title"":""Ghostbusters - The Video Game (ghostbusters-the-video-game)"",""khinsider_album_kind"":""unclassified_game_album"",""khinsider_album_match_score"":100.0,""relevance_score_100"":97.0,""popularity_score_100"":20.910022310886994,""score_100"":66.5640089243548,""popularity_basis"":""BeatHit master-list game rank plus track position proxy""}"
328,Stinger 45,Unknown credited artist,[],Ghostbusters - The Video Game (ghostbusters-the-video-game),,,"[""video game soundtrack""]","[""und""]",,,,Ghostbusters: The Video Game,,,khinsider_track_prominence_proxy,20.910022310886994,score_0_100,,,,66.5640089243548,,,,https://downloads.khinsider.com/game-soundtracks/album/ghostbusters-the-video-game,2026-10-05,Track title is taken from KHInsider's soundtrack/gamerip album index. Popularity is an explicitly labelled proxy based on BeatHit game rank and track prominence.,"{""culture_category"":""video_game_music"",""video_game"":""Ghostbusters: The Video Game"",""game_rank"":2145,""game_association_kind"":""khinsider_game_soundtrack"",""khinsider_album_url"":""https://downloads.khinsider.com/game-soundtracks/album/ghostbusters-the-video-game"",""khinsider_album_title"":""Ghostbusters - The Video Game (ghostbusters-the-video-game)"",""khinsider_album_kind"":""unclassified_game_album"",""khinsider_album_match_score"":100.0,""relevance_score_100"":97.0,""popularity_score_100"":20.910022310886994,""score_100"":66.5640089243548,""popularity_basis"":""BeatHit master-list game rank plus track position proxy""}"
329,Stinger 46,Unknown credited artist,[],Ghostbusters - The Video Game (ghostbusters-the-video-game),,,"[""video game soundtrack""]","[""und""]",,,,Ghostbusters: The Video Game,,,khinsider_track_prominence_proxy,20.910022310886994,score_0_100,,,,66.5640089243548,,,,https://downloads.khinsider.com/game-soundtracks/album/ghostbusters-the-video-game,2026-10-05,Track title is taken from KHInsider's soundtrack/gamerip album index. Popularity is an explicitly labelled proxy based on BeatHit game rank and track prominence.,"{""culture_category"":""video_game_music"",""video_game"":""Ghostbusters: The Video Game"",""game_rank"":2145,""game_association_kind"":""khinsider_game_soundtrack"",""khinsider_album_url"":""https://downloads.khinsider.com/game-soundtracks/album/ghostbusters-the-video-game"",""khinsider_album_title"":""Ghostbusters - The Video Game (ghostbusters-the-video-game)"",""khinsider_album_kind"":""unclassified_game_album"",""khinsider_album_match_score"":100.0,""relevance_score_100"":97.0,""popularity_score_100"":20.910022310886994,""score_100"":66.5640089243548,""popularity_basis"":""BeatHit master-list game rank plus track position proxy""}"
330,Stinger 47,Unknown credited artist,[],Ghostbusters - The Video Game (ghostbusters-the-video-game),,,"[""video game soundtrack""]","[""und""]",,,,Ghostbusters: The Video Game,,,khinsider_track_prominence_proxy,20.910022310886994,score_0_100,,,,66.5640089243548,,,,https://downloads.khinsider.com/game-soundtracks/album/ghostbusters-the-video-game,2026-10-05,Track title is taken from KHInsider's soundtrack/gamerip album index. Popularity is an explicitly labelled proxy based on BeatHit game rank and track prominence.,"{""culture_category"":""video_game_music"",""video_game"":""Ghostbusters: The Video Game"",""game_rank"":2145,""game_association_kind"":""khinsider_game_soundtrack"",""khinsider_album_url"":""https://downloads.khinsider.com/game-soundtracks/album/ghostbusters-the-video-game"",""khinsider_album_title"":""Ghostbusters - The Video Game (ghostbusters-the-video-game)"",""khinsider_album_kind"":""unclassified_game_album"",""khinsider_album_match_score"":100.0,""relevance_score_100"":97.0,""popularity_score_100"":20.910022310886994,""score_100"":66.5640089243548,""popularity_basis"":""BeatHit master-list game rank plus track position proxy""}"
331,Stinger 48,Unknown credited artist,[],Ghostbusters - The Video Game (ghostbusters-the-video-game),,,"[""video game soundtrack""]","[""und""]",,,,Ghostbusters: The Video Game,,,khinsider_track_prominence_proxy,20.910022310886994,score_0_100,,,,66.5640089243548,,,,https://downloads.khinsider.com/game-soundtracks/album/ghostbusters-the-video-game,2026-10-05,Track title is taken from KHInsider's soundtrack/gamerip album index. Popularity is an explicitly labelled proxy based on BeatHit game rank and track prominence.,"{""culture_category"":""video_game_music"",""video_game"":""Ghostbusters: The Video Game"",""game_rank"":2145,""game_association_kind"":""khinsider_game_soundtrack"",""khinsider_album_url"":""https://downloads.khinsider.com/game-soundtracks/album/ghostbusters-the-video-game"",""khinsider_album_title"":""Ghostbusters - The Video Game (ghostbusters-the-video-game)"",""khinsider_album_kind"":""unclassified_game_album"",""khinsider_album_match_score"":100.0,""relevance_score_100"":97.0,""popularity_score_100"":20.910022310886994,""score_100"":66.5640089243548,""popularity_basis"":""BeatHit master-list game rank plus track position proxy""}"
332,Stinger 49,Unknown credited artist,[],Ghostbusters - The Video Game (ghostbusters-the-video-game),,,"[""video game soundtrack""]","[""und""]",,,,Ghostbusters: The Video Game,,,khinsider_track_prominence_proxy,20.910022310886994,score_0_100,,,,66.5640089243548,,,,https://downloads.khinsider.com/game-soundtracks/album/ghostbusters-the-video-game,2026-10-05,Track title is taken from KHInsider's soundtrack/gamerip album index. Popularity is an explicitly labelled proxy based on BeatHit game rank and track prominence.,"{""culture_category"":""video_game_music"",""video_game"":""Ghostbusters: The Video Game"",""game_rank"":2145,""game_association_kind"":""khinsider_game_soundtrack"",""khinsider_album_url"":""https://downloads.khinsider.com/game-soundtracks/album/ghostbusters-the-video-game"",""khinsider_album_title"":""Ghostbusters - The Video Game (ghostbusters-the-video-game)"",""khinsider_album_kind"":""unclassified_game_album"",""khinsider_album_match_score"":100.0,""relevance_score_100"":97.0,""popularity_score_100"":20.910022310886994,""score_100"":66.5640089243548,""popularity_basis"":""BeatHit master-list game rank plus track position proxy""}"
333,Stinger 50,Unknown credited artist,[],Ghostbusters - The Video Game (ghostbusters-the-video-game),,,"[""video game soundtrack""]","[""und""]",,,,Ghostbusters: The Video Game,,,khinsider_track_prominence_proxy,20.910022310886994,score_0_100,,,,66.5640089243548,,,,https://downloads.khinsider.com/game-soundtracks/album/ghostbusters-the-video-game,2026-10-05,Track title is taken from KHInsider's soundtrack/gamerip album index. Popularity is an explicitly labelled proxy based on BeatHit game rank and track prominence.,"{""culture_category"":""video_game_music"",""video_game"":""Ghostbusters: The Video Game"",""game_rank"":2145,""game_association_kind"":""khinsider_game_soundtrack"",""khinsider_album_url"":""https://downloads.khinsider.com/game-soundtracks/album/ghostbusters-the-video-game"",""khinsider_album_title"":""Ghostbusters - The Video Game (ghostbusters-the-video-game)"",""khinsider_album_kind"":""unclassified_game_album"",""khinsider_album_match_score"":100.0,""relevance_score_100"":97.0,""popularity_score_100"":20.910022310886994,""score_100"":66.5640089243548,""popularity_basis"":""BeatHit master-list game rank plus track position proxy""}"
334,Stinger 51,Unknown credited artist,[],Ghostbusters - The Video Game (ghostbusters-the-video-game),,,"[""video game soundtrack""]","[""und""]",,,,Ghostbusters: The Video Game,,,khinsider_track_prominence_proxy,20.910022310886994,score_0_100,,,,66.5640089243548,,,,https://downloads.khinsider.com/game-soundtracks/album/ghostbusters-the-video-game,2026-10-05,Track title is taken from KHInsider's soundtrack/gamerip album index. Popularity is an explicitly labelled proxy based on BeatHit game rank and track prominence.,"{""culture_category"":""video_game_music"",""video_game"":""Ghostbusters: The Video Game"",""game_rank"":2145,""game_association_kind"":""khinsider_game_soundtrack"",""khinsider_album_url"":""https://downloads.khinsider.com/game-soundtracks/album/ghostbusters-the-video-game"",""khinsider_album_title"":""Ghostbusters - The Video Game (ghostbusters-the-video-game)"",""khinsider_album_kind"":""unclassified_game_album"",""khinsider_album_match_score"":100.0,""relevance_score_100"":97.0,""popularity_score_100"":20.910022310886994,""score_100"":66.5640089243548,""popularity_basis"":""BeatHit master-list game rank plus track position proxy""}"
335,Stinger 52,Unknown credited artist,[],Ghostbusters - The Video Game (ghostbusters-the-video-game),,,"[""video game soundtrack""]","[""und""]",,,,Ghostbusters: The Video Game,,,khinsider_track_prominence_proxy,20.910022310886994,score_0_100,,,,66.5640089243548,,,,https://downloads.khinsider.com/game-soundtracks/album/ghostbusters-the-video-game,2026-10-05,Track title is taken from KHInsider's soundtrack/gamerip album index. Popularity is an explicitly labelled proxy based on BeatHit game rank and track prominence.,"{""culture_category"":""video_game_music"",""video_game"":""Ghostbusters: The Video Game"",""game_rank"":2145,""game_association_kind"":""khinsider_game_soundtrack"",""khinsider_album_url"":""https://downloads.khinsider.com/game-soundtracks/album/ghostbusters-the-video-game"",""khinsider_album_title"":""Ghostbusters - The Video Game (ghostbusters-the-video-game)"",""khinsider_album_kind"":""unclassified_game_album"",""khinsider_album_match_score"":100.0,""relevance_score_100"":97.0,""popularity_score_100"":20.910022310886994,""score_100"":66.5640089243548,""popularity_basis"":""BeatHit master-list game rank plus track position proxy""}"
336,Stinger 53,Unknown credited artist,[],Ghostbusters - The Video Game (ghostbusters-the-video-game),,,"[""video game soundtrack""]","[""und""]",,,,Ghostbusters: The Video Game,,,khinsider_track_prominence_proxy,20.910022310886994,score_0_100,,,,66.5640089243548,,,,https://downloads.khinsider.com/game-soundtracks/album/ghostbusters-the-video-game,2026-10-05,Track title is taken from KHInsider's soundtrack/gamerip album index. Popularity is an explicitly labelled proxy based on BeatHit game rank and track prominence.,"{""culture_category"":""video_game_music"",""video_game"":""Ghostbusters: The Video Game"",""game_rank"":2145,""game_association_kind"":""khinsider_game_soundtrack"",""khinsider_album_url"":""https://downloads.khinsider.com/game-soundtracks/album/ghostbusters-the-video-game"",""khinsider_album_title"":""Ghostbusters - The Video Game (ghostbusters-the-video-game)"",""khinsider_album_kind"":""unclassified_game_album"",""khinsider_album_match_score"":100.0,""relevance_score_100"":97.0,""popularity_score_100"":20.910022310886994,""score_100"":66.5640089243548,""popularity_basis"":""BeatHit master-list game rank plus track position proxy""}"
337,Stinger 54,Unknown credited artist,[],Ghostbusters - The Video Game (ghostbusters-the-video-game),,,"[""video game soundtrack""]","[""und""]",,,,Ghostbusters: The Video Game,,,khinsider_track_prominence_proxy,20.910022310886994,score_0_100,,,,66.5640089243548,,,,https://downloads.khinsider.com/game-soundtracks/album/ghostbusters-the-video-game,2026-10-05,Track title is taken from KHInsider's soundtrack/gamerip album index. Popularity is an explicitly labelled proxy based on BeatHit game rank and track prominence.,"{""culture_category"":""video_game_music"",""video_game"":""Ghostbusters: The Video Game"",""game_rank"":2145,""game_association_kind"":""khinsider_game_soundtrack"",""khinsider_album_url"":""https://downloads.khinsider.com/game-soundtracks/album/ghostbusters-the-video-game"",""khinsider_album_title"":""Ghostbusters - The Video Game (ghostbusters-the-video-game)"",""khinsider_album_kind"":""unclassified_game_album"",""khinsider_album_match_score"":100.0,""relevance_score_100"":97.0,""popularity_score_100"":20.910022310886994,""score_100"":66.5640089243548,""popularity_basis"":""BeatHit master-list game rank plus track position proxy""}"
338,Stinger 56,Unknown credited artist,[],Ghostbusters - The Video Game (ghostbusters-the-video-game),,,"[""video game soundtrack""]","[""und""]",,,,Ghostbusters: The Video Game,,,khinsider_track_prominence_proxy,20.910022310886994,score_0_100,,,,66.5640089243548,,,,https://downloads.khinsider.com/game-soundtracks/album/ghostbusters-the-video-game,2026-10-05,Track title is taken from KHInsider's soundtrack/gamerip album index. Popularity is an explicitly labelled proxy based on BeatHit game rank and track prominence.,"{""culture_category"":""video_game_music"",""video_game"":""Ghostbusters: The Video Game"",""game_rank"":2145,""game_association_kind"":""khinsider_game_soundtrack"",""khinsider_album_url"":""https://downloads.khinsider.com/game-soundtracks/album/ghostbusters-the-video-game"",""khinsider_album_title"":""Ghostbusters - The Video Game (ghostbusters-the-video-game)"",""khinsider_album_kind"":""unclassified_game_album"",""khinsider_album_match_score"":100.0,""relevance_score_100"":97.0,""popularity_score_100"":20.910022310886994,""score_100"":66.5640089243548,""popularity_basis"":""BeatHit master-list game rank plus track position proxy""}"
339,Stinger 57,Unknown credited artist,[],Ghostbusters - The Video Game (ghostbusters-the-video-game),,,"[""video game soundtrack""]","[""und""]",,,,Ghostbusters: The Video Game,,,khinsider_track_prominence_proxy,20.910022310886994,score_0_100,,,,66.5640089243548,,,,https://downloads.khinsider.com/game-soundtracks/album/ghostbusters-the-video-game,2026-10-05,Track title is taken from KHInsider's soundtrack/gamerip album index. Popularity is an explicitly labelled proxy based on BeatHit game rank and track prominence.,"{""culture_category"":""video_game_music"",""video_game"":""Ghostbusters: The Video Game"",""game_rank"":2145,""game_association_kind"":""khinsider_game_soundtrack"",""khinsider_album_url"":""https://downloads.khinsider.com/game-soundtracks/album/ghostbusters-the-video-game"",""khinsider_album_title"":""Ghostbusters - The Video Game (ghostbusters-the-video-game)"",""khinsider_album_kind"":""unclassified_game_album"",""khinsider_album_match_score"":100.0,""relevance_score_100"":97.0,""popularity_score_100"":20.910022310886994,""score_100"":66.5640089243548,""popularity_basis"":""BeatHit master-list game rank plus track position proxy""}"
