rank,title,main_artist,featured_artists,album,release_date,release_year,genres,languages,composer,anime_title,anime_popularity,screen_work,vtuber,is_original,metric_name,metric_value,metric_unit,listen_count,listen_source,view_count,overall_popularity_score,spotify_track_id,musicbrainz_recording_mbid,isrc,source_url,retrieved_at,source_notes,extra
1,Main Menu,Unknown credited artist,[],Tekken 8 - Closed Network Test Soundtrack (tekken-8-cnt-online-ps5-windows-xbox-series-xs-gamerip-2023),,,"[""video game soundtrack""]","[""und""]",,,,TEKKEN 8,,,khinsider_track_prominence_proxy,39.20121537866553,score_0_100,,,,75.68048615146621,,,,https://downloads.khinsider.com/game-soundtracks/album/tekken-8-cnt-online-ps5-windows-xbox-series-xs-gamerip-2023,2026-10-05,Track title is taken from KHInsider's soundtrack/gamerip album index. Popularity is an explicitly labelled proxy based on BeatHit game rank and track prominence.,"{""culture_category"":""video_game_music"",""video_game"":""TEKKEN 8"",""game_rank"":2980,""game_association_kind"":""khinsider_game_soundtrack"",""khinsider_album_url"":""https://downloads.khinsider.com/game-soundtracks/album/tekken-8-cnt-online-ps5-windows-xbox-series-xs-gamerip-2023"",""khinsider_album_title"":""Tekken 8 - Closed Network Test Soundtrack (tekken-8-cnt-online-ps5-windows-xbox-series-xs-gamerip-2023)"",""khinsider_album_kind"":""official_or_gamerip"",""khinsider_album_match_score"":100.0,""relevance_score_100"":100.0,""popularity_score_100"":39.20121537866553,""score_100"":75.68048615146621,""popularity_basis"":""BeatHit master-list game rank plus track position proxy""}"
2,Character Select,Unknown credited artist,[],Tekken 8 - Closed Network Test Soundtrack (tekken-8-cnt-online-ps5-windows-xbox-series-xs-gamerip-2023),,,"[""video game soundtrack""]","[""und""]",,,,TEKKEN 8,,,khinsider_track_prominence_proxy,38.99121537866553,score_0_100,,,,75.59648615146621,,,,https://downloads.khinsider.com/game-soundtracks/album/tekken-8-cnt-online-ps5-windows-xbox-series-xs-gamerip-2023,2026-10-05,Track title is taken from KHInsider's soundtrack/gamerip album index. Popularity is an explicitly labelled proxy based on BeatHit game rank and track prominence.,"{""culture_category"":""video_game_music"",""video_game"":""TEKKEN 8"",""game_rank"":2980,""game_association_kind"":""khinsider_game_soundtrack"",""khinsider_album_url"":""https://downloads.khinsider.com/game-soundtracks/album/tekken-8-cnt-online-ps5-windows-xbox-series-xs-gamerip-2023"",""khinsider_album_title"":""Tekken 8 - Closed Network Test Soundtrack (tekken-8-cnt-online-ps5-windows-xbox-series-xs-gamerip-2023)"",""khinsider_album_kind"":""official_or_gamerip"",""khinsider_album_match_score"":100.0,""relevance_score_100"":100.0,""popularity_score_100"":38.99121537866553,""score_100"":75.59648615146621,""popularity_basis"":""BeatHit master-list game rank plus track position proxy""}"
3,Network,Unknown credited artist,[],Tekken 8 - Closed Network Test Soundtrack (tekken-8-cnt-online-ps5-windows-xbox-series-xs-gamerip-2023),,,"[""video game soundtrack""]","[""und""]",,,,TEKKEN 8,,,khinsider_track_prominence_proxy,38.78121537866553,score_0_100,,,,75.51248615146622,,,,https://downloads.khinsider.com/game-soundtracks/album/tekken-8-cnt-online-ps5-windows-xbox-series-xs-gamerip-2023,2026-10-05,Track title is taken from KHInsider's soundtrack/gamerip album index. Popularity is an explicitly labelled proxy based on BeatHit game rank and track prominence.,"{""culture_category"":""video_game_music"",""video_game"":""TEKKEN 8"",""game_rank"":2980,""game_association_kind"":""khinsider_game_soundtrack"",""khinsider_album_url"":""https://downloads.khinsider.com/game-soundtracks/album/tekken-8-cnt-online-ps5-windows-xbox-series-xs-gamerip-2023"",""khinsider_album_title"":""Tekken 8 - Closed Network Test Soundtrack (tekken-8-cnt-online-ps5-windows-xbox-series-xs-gamerip-2023)"",""khinsider_album_kind"":""official_or_gamerip"",""khinsider_album_match_score"":100.0,""relevance_score_100"":100.0,""popularity_score_100"":38.78121537866553,""score_100"":75.51248615146622,""popularity_basis"":""BeatHit master-list game rank plus track position proxy""}"
4,Arena 1st,Unknown credited artist,[],Tekken 8 - Closed Network Test Soundtrack (tekken-8-cnt-online-ps5-windows-xbox-series-xs-gamerip-2023),,,"[""video game soundtrack""]","[""und""]",,,,TEKKEN 8,,,khinsider_track_prominence_proxy,38.571215378665535,score_0_100,,,,75.42848615146622,,,,https://downloads.khinsider.com/game-soundtracks/album/tekken-8-cnt-online-ps5-windows-xbox-series-xs-gamerip-2023,2026-10-05,Track title is taken from KHInsider's soundtrack/gamerip album index. Popularity is an explicitly labelled proxy based on BeatHit game rank and track prominence.,"{""culture_category"":""video_game_music"",""video_game"":""TEKKEN 8"",""game_rank"":2980,""game_association_kind"":""khinsider_game_soundtrack"",""khinsider_album_url"":""https://downloads.khinsider.com/game-soundtracks/album/tekken-8-cnt-online-ps5-windows-xbox-series-xs-gamerip-2023"",""khinsider_album_title"":""Tekken 8 - Closed Network Test Soundtrack (tekken-8-cnt-online-ps5-windows-xbox-series-xs-gamerip-2023)"",""khinsider_album_kind"":""official_or_gamerip"",""khinsider_album_match_score"":100.0,""relevance_score_100"":100.0,""popularity_score_100"":38.571215378665535,""score_100"":75.42848615146622,""popularity_basis"":""BeatHit master-list game rank plus track position proxy""}"
5,Arena 2nd,Unknown credited artist,[],Tekken 8 - Closed Network Test Soundtrack (tekken-8-cnt-online-ps5-windows-xbox-series-xs-gamerip-2023),,,"[""video game soundtrack""]","[""und""]",,,,TEKKEN 8,,,khinsider_track_prominence_proxy,38.361215378665534,score_0_100,,,,75.34448615146621,,,,https://downloads.khinsider.com/game-soundtracks/album/tekken-8-cnt-online-ps5-windows-xbox-series-xs-gamerip-2023,2026-10-05,Track title is taken from KHInsider's soundtrack/gamerip album index. Popularity is an explicitly labelled proxy based on BeatHit game rank and track prominence.,"{""culture_category"":""video_game_music"",""video_game"":""TEKKEN 8"",""game_rank"":2980,""game_association_kind"":""khinsider_game_soundtrack"",""khinsider_album_url"":""https://downloads.khinsider.com/game-soundtracks/album/tekken-8-cnt-online-ps5-windows-xbox-series-xs-gamerip-2023"",""khinsider_album_title"":""Tekken 8 - Closed Network Test Soundtrack (tekken-8-cnt-online-ps5-windows-xbox-series-xs-gamerip-2023)"",""khinsider_album_kind"":""official_or_gamerip"",""khinsider_album_match_score"":100.0,""relevance_score_100"":100.0,""popularity_score_100"":38.361215378665534,""score_100"":75.34448615146621,""popularity_basis"":""BeatHit master-list game rank plus track position proxy""}"
6,Rebel Hangar 1st,Unknown credited artist,[],Tekken 8 - Closed Network Test Soundtrack (tekken-8-cnt-online-ps5-windows-xbox-series-xs-gamerip-2023),,,"[""video game soundtrack""]","[""und""]",,,,TEKKEN 8,,,khinsider_track_prominence_proxy,38.15121537866553,score_0_100,,,,75.26048615146621,,,,https://downloads.khinsider.com/game-soundtracks/album/tekken-8-cnt-online-ps5-windows-xbox-series-xs-gamerip-2023,2026-10-05,Track title is taken from KHInsider's soundtrack/gamerip album index. Popularity is an explicitly labelled proxy based on BeatHit game rank and track prominence.,"{""culture_category"":""video_game_music"",""video_game"":""TEKKEN 8"",""game_rank"":2980,""game_association_kind"":""khinsider_game_soundtrack"",""khinsider_album_url"":""https://downloads.khinsider.com/game-soundtracks/album/tekken-8-cnt-online-ps5-windows-xbox-series-xs-gamerip-2023"",""khinsider_album_title"":""Tekken 8 - Closed Network Test Soundtrack (tekken-8-cnt-online-ps5-windows-xbox-series-xs-gamerip-2023)"",""khinsider_album_kind"":""official_or_gamerip"",""khinsider_album_match_score"":100.0,""relevance_score_100"":100.0,""popularity_score_100"":38.15121537866553,""score_100"":75.26048615146621,""popularity_basis"":""BeatHit master-list game rank plus track position proxy""}"
7,Rebel Hangar 2nd,Unknown credited artist,[],Tekken 8 - Closed Network Test Soundtrack (tekken-8-cnt-online-ps5-windows-xbox-series-xs-gamerip-2023),,,"[""video game soundtrack""]","[""und""]",,,,TEKKEN 8,,,khinsider_track_prominence_proxy,37.94121537866553,score_0_100,,,,75.17648615146621,,,,https://downloads.khinsider.com/game-soundtracks/album/tekken-8-cnt-online-ps5-windows-xbox-series-xs-gamerip-2023,2026-10-05,Track title is taken from KHInsider's soundtrack/gamerip album index. Popularity is an explicitly labelled proxy based on BeatHit game rank and track prominence.,"{""culture_category"":""video_game_music"",""video_game"":""TEKKEN 8"",""game_rank"":2980,""game_association_kind"":""khinsider_game_soundtrack"",""khinsider_album_url"":""https://downloads.khinsider.com/game-soundtracks/album/tekken-8-cnt-online-ps5-windows-xbox-series-xs-gamerip-2023"",""khinsider_album_title"":""Tekken 8 - Closed Network Test Soundtrack (tekken-8-cnt-online-ps5-windows-xbox-series-xs-gamerip-2023)"",""khinsider_album_kind"":""official_or_gamerip"",""khinsider_album_match_score"":100.0,""relevance_score_100"":100.0,""popularity_score_100"":37.94121537866553,""score_100"":75.17648615146621,""popularity_basis"":""BeatHit master-list game rank plus track position proxy""}"
8,Sanctum 1st,Unknown credited artist,[],Tekken 8 - Closed Network Test Soundtrack (tekken-8-cnt-online-ps5-windows-xbox-series-xs-gamerip-2023),,,"[""video game soundtrack""]","[""und""]",,,,TEKKEN 8,,,khinsider_track_prominence_proxy,37.73121537866553,score_0_100,,,,75.09248615146622,,,,https://downloads.khinsider.com/game-soundtracks/album/tekken-8-cnt-online-ps5-windows-xbox-series-xs-gamerip-2023,2026-10-05,Track title is taken from KHInsider's soundtrack/gamerip album index. Popularity is an explicitly labelled proxy based on BeatHit game rank and track prominence.,"{""culture_category"":""video_game_music"",""video_game"":""TEKKEN 8"",""game_rank"":2980,""game_association_kind"":""khinsider_game_soundtrack"",""khinsider_album_url"":""https://downloads.khinsider.com/game-soundtracks/album/tekken-8-cnt-online-ps5-windows-xbox-series-xs-gamerip-2023"",""khinsider_album_title"":""Tekken 8 - Closed Network Test Soundtrack (tekken-8-cnt-online-ps5-windows-xbox-series-xs-gamerip-2023)"",""khinsider_album_kind"":""official_or_gamerip"",""khinsider_album_match_score"":100.0,""relevance_score_100"":100.0,""popularity_score_100"":37.73121537866553,""score_100"":75.09248615146622,""popularity_basis"":""BeatHit master-list game rank plus track position proxy""}"
9,Sanctum 2nd,Unknown credited artist,[],Tekken 8 - Closed Network Test Soundtrack (tekken-8-cnt-online-ps5-windows-xbox-series-xs-gamerip-2023),,,"[""video game soundtrack""]","[""und""]",,,,TEKKEN 8,,,khinsider_track_prominence_proxy,37.52121537866553,score_0_100,,,,75.00848615146622,,,,https://downloads.khinsider.com/game-soundtracks/album/tekken-8-cnt-online-ps5-windows-xbox-series-xs-gamerip-2023,2026-10-05,Track title is taken from KHInsider's soundtrack/gamerip album index. Popularity is an explicitly labelled proxy based on BeatHit game rank and track prominence.,"{""culture_category"":""video_game_music"",""video_game"":""TEKKEN 8"",""game_rank"":2980,""game_association_kind"":""khinsider_game_soundtrack"",""khinsider_album_url"":""https://downloads.khinsider.com/game-soundtracks/album/tekken-8-cnt-online-ps5-windows-xbox-series-xs-gamerip-2023"",""khinsider_album_title"":""Tekken 8 - Closed Network Test Soundtrack (tekken-8-cnt-online-ps5-windows-xbox-series-xs-gamerip-2023)"",""khinsider_album_kind"":""official_or_gamerip"",""khinsider_album_match_score"":100.0,""relevance_score_100"":100.0,""popularity_score_100"":37.52121537866553,""score_100"":75.00848615146622,""popularity_basis"":""BeatHit master-list game rank plus track position proxy""}"
10,Urban Square 1st,Unknown credited artist,[],Tekken 8 - Closed Network Test Soundtrack (tekken-8-cnt-online-ps5-windows-xbox-series-xs-gamerip-2023),,,"[""video game soundtrack""]","[""und""]",,,,TEKKEN 8,,,khinsider_track_prominence_proxy,37.31121537866553,score_0_100,,,,74.92448615146621,,,,https://downloads.khinsider.com/game-soundtracks/album/tekken-8-cnt-online-ps5-windows-xbox-series-xs-gamerip-2023,2026-10-05,Track title is taken from KHInsider's soundtrack/gamerip album index. Popularity is an explicitly labelled proxy based on BeatHit game rank and track prominence.,"{""culture_category"":""video_game_music"",""video_game"":""TEKKEN 8"",""game_rank"":2980,""game_association_kind"":""khinsider_game_soundtrack"",""khinsider_album_url"":""https://downloads.khinsider.com/game-soundtracks/album/tekken-8-cnt-online-ps5-windows-xbox-series-xs-gamerip-2023"",""khinsider_album_title"":""Tekken 8 - Closed Network Test Soundtrack (tekken-8-cnt-online-ps5-windows-xbox-series-xs-gamerip-2023)"",""khinsider_album_kind"":""official_or_gamerip"",""khinsider_album_match_score"":100.0,""relevance_score_100"":100.0,""popularity_score_100"":37.31121537866553,""score_100"":74.92448615146621,""popularity_basis"":""BeatHit master-list game rank plus track position proxy""}"
11,Urban Square 2nd,Unknown credited artist,[],Tekken 8 - Closed Network Test Soundtrack (tekken-8-cnt-online-ps5-windows-xbox-series-xs-gamerip-2023),,,"[""video game soundtrack""]","[""und""]",,,,TEKKEN 8,,,khinsider_track_prominence_proxy,37.10121537866553,score_0_100,,,,74.84048615146621,,,,https://downloads.khinsider.com/game-soundtracks/album/tekken-8-cnt-online-ps5-windows-xbox-series-xs-gamerip-2023,2026-10-05,Track title is taken from KHInsider's soundtrack/gamerip album index. Popularity is an explicitly labelled proxy based on BeatHit game rank and track prominence.,"{""culture_category"":""video_game_music"",""video_game"":""TEKKEN 8"",""game_rank"":2980,""game_association_kind"":""khinsider_game_soundtrack"",""khinsider_album_url"":""https://downloads.khinsider.com/game-soundtracks/album/tekken-8-cnt-online-ps5-windows-xbox-series-xs-gamerip-2023"",""khinsider_album_title"":""Tekken 8 - Closed Network Test Soundtrack (tekken-8-cnt-online-ps5-windows-xbox-series-xs-gamerip-2023)"",""khinsider_album_kind"":""official_or_gamerip"",""khinsider_album_match_score"":100.0,""relevance_score_100"":100.0,""popularity_score_100"":37.10121537866553,""score_100"":74.84048615146621,""popularity_basis"":""BeatHit master-list game rank plus track position proxy""}"
12,Yakushima 1st,Unknown credited artist,[],Tekken 8 - Closed Network Test Soundtrack (tekken-8-cnt-online-ps5-windows-xbox-series-xs-gamerip-2023),,,"[""video game soundtrack""]","[""und""]",,,,TEKKEN 8,,,khinsider_track_prominence_proxy,36.89121537866553,score_0_100,,,,74.75648615146622,,,,https://downloads.khinsider.com/game-soundtracks/album/tekken-8-cnt-online-ps5-windows-xbox-series-xs-gamerip-2023,2026-10-05,Track title is taken from KHInsider's soundtrack/gamerip album index. Popularity is an explicitly labelled proxy based on BeatHit game rank and track prominence.,"{""culture_category"":""video_game_music"",""video_game"":""TEKKEN 8"",""game_rank"":2980,""game_association_kind"":""khinsider_game_soundtrack"",""khinsider_album_url"":""https://downloads.khinsider.com/game-soundtracks/album/tekken-8-cnt-online-ps5-windows-xbox-series-xs-gamerip-2023"",""khinsider_album_title"":""Tekken 8 - Closed Network Test Soundtrack (tekken-8-cnt-online-ps5-windows-xbox-series-xs-gamerip-2023)"",""khinsider_album_kind"":""official_or_gamerip"",""khinsider_album_match_score"":100.0,""relevance_score_100"":100.0,""popularity_score_100"":36.89121537866553,""score_100"":74.75648615146622,""popularity_basis"":""BeatHit master-list game rank plus track position proxy""}"
13,Yakushima 2nd,Unknown credited artist,[],Tekken 8 - Closed Network Test Soundtrack (tekken-8-cnt-online-ps5-windows-xbox-series-xs-gamerip-2023),,,"[""video game soundtrack""]","[""und""]",,,,TEKKEN 8,,,khinsider_track_prominence_proxy,36.68121537866553,score_0_100,,,,74.67248615146622,,,,https://downloads.khinsider.com/game-soundtracks/album/tekken-8-cnt-online-ps5-windows-xbox-series-xs-gamerip-2023,2026-10-05,Track title is taken from KHInsider's soundtrack/gamerip album index. Popularity is an explicitly labelled proxy based on BeatHit game rank and track prominence.,"{""culture_category"":""video_game_music"",""video_game"":""TEKKEN 8"",""game_rank"":2980,""game_association_kind"":""khinsider_game_soundtrack"",""khinsider_album_url"":""https://downloads.khinsider.com/game-soundtracks/album/tekken-8-cnt-online-ps5-windows-xbox-series-xs-gamerip-2023"",""khinsider_album_title"":""Tekken 8 - Closed Network Test Soundtrack (tekken-8-cnt-online-ps5-windows-xbox-series-xs-gamerip-2023)"",""khinsider_album_kind"":""official_or_gamerip"",""khinsider_album_match_score"":100.0,""relevance_score_100"":100.0,""popularity_score_100"":36.68121537866553,""score_100"":74.67248615146622,""popularity_basis"":""BeatHit master-list game rank plus track position proxy""}"
14,Practice Combo Challenge - Clear,Unknown credited artist,[],Tekken 8 - Closed Network Test Soundtrack (tekken-8-cnt-online-ps5-windows-xbox-series-xs-gamerip-2023),,,"[""video game soundtrack""]","[""und""]",,,,TEKKEN 8,,,khinsider_track_prominence_proxy,36.47121537866553,score_0_100,,,,74.58848615146621,,,,https://downloads.khinsider.com/game-soundtracks/album/tekken-8-cnt-online-ps5-windows-xbox-series-xs-gamerip-2023,2026-10-05,Track title is taken from KHInsider's soundtrack/gamerip album index. Popularity is an explicitly labelled proxy based on BeatHit game rank and track prominence.,"{""culture_category"":""video_game_music"",""video_game"":""TEKKEN 8"",""game_rank"":2980,""game_association_kind"":""khinsider_game_soundtrack"",""khinsider_album_url"":""https://downloads.khinsider.com/game-soundtracks/album/tekken-8-cnt-online-ps5-windows-xbox-series-xs-gamerip-2023"",""khinsider_album_title"":""Tekken 8 - Closed Network Test Soundtrack (tekken-8-cnt-online-ps5-windows-xbox-series-xs-gamerip-2023)"",""khinsider_album_kind"":""official_or_gamerip"",""khinsider_album_match_score"":100.0,""relevance_score_100"":100.0,""popularity_score_100"":36.47121537866553,""score_100"":74.58848615146621,""popularity_basis"":""BeatHit master-list game rank plus track position proxy""}"
15,Practice Combo Challenge - Complete,Unknown credited artist,[],Tekken 8 - Closed Network Test Soundtrack (tekken-8-cnt-online-ps5-windows-xbox-series-xs-gamerip-2023),,,"[""video game soundtrack""]","[""und""]",,,,TEKKEN 8,,,khinsider_track_prominence_proxy,36.26121537866553,score_0_100,,,,74.50448615146621,,,,https://downloads.khinsider.com/game-soundtracks/album/tekken-8-cnt-online-ps5-windows-xbox-series-xs-gamerip-2023,2026-10-05,Track title is taken from KHInsider's soundtrack/gamerip album index. Popularity is an explicitly labelled proxy based on BeatHit game rank and track prominence.,"{""culture_category"":""video_game_music"",""video_game"":""TEKKEN 8"",""game_rank"":2980,""game_association_kind"":""khinsider_game_soundtrack"",""khinsider_album_url"":""https://downloads.khinsider.com/game-soundtracks/album/tekken-8-cnt-online-ps5-windows-xbox-series-xs-gamerip-2023"",""khinsider_album_title"":""Tekken 8 - Closed Network Test Soundtrack (tekken-8-cnt-online-ps5-windows-xbox-series-xs-gamerip-2023)"",""khinsider_album_kind"":""official_or_gamerip"",""khinsider_album_match_score"":100.0,""relevance_score_100"":100.0,""popularity_score_100"":36.26121537866553,""score_100"":74.50448615146621,""popularity_basis"":""BeatHit master-list game rank plus track position proxy""}"
16,DEMO BGM,Unknown credited artist,[],TEKKEN (tekken),,,"[""video game soundtrack""]","[""und""]",,,,TEKKEN 8,,,khinsider_track_prominence_proxy,39.20121537866553,score_0_100,,,,73.88048615146622,,,,https://downloads.khinsider.com/game-soundtracks/album/tekken,2026-10-05,Track title is taken from KHInsider's soundtrack/gamerip album index. Popularity is an explicitly labelled proxy based on BeatHit game rank and track prominence.,"{""culture_category"":""video_game_music"",""video_game"":""TEKKEN 8"",""game_rank"":2980,""game_association_kind"":""khinsider_game_soundtrack"",""khinsider_album_url"":""https://downloads.khinsider.com/game-soundtracks/album/tekken"",""khinsider_album_title"":""TEKKEN (tekken)"",""khinsider_album_kind"":""unclassified_game_album"",""khinsider_album_match_score"":100.0,""relevance_score_100"":97.0,""popularity_score_100"":39.20121537866553,""score_100"":73.88048615146622,""popularity_basis"":""BeatHit master-list game rank plus track position proxy""}"
17,Select (remixed),Unknown credited artist,[],Tekken (tekken-1995-ps1),,,"[""video game soundtrack""]","[""und""]",,,,TEKKEN 8,,,khinsider_track_prominence_proxy,39.20121537866553,score_0_100,,,,73.88048615146622,,,,https://downloads.khinsider.com/game-soundtracks/album/tekken-1995-ps1,2026-10-05,Track title is taken from KHInsider's soundtrack/gamerip album index. Popularity is an explicitly labelled proxy based on BeatHit game rank and track prominence.,"{""culture_category"":""video_game_music"",""video_game"":""TEKKEN 8"",""game_rank"":2980,""game_association_kind"":""khinsider_game_soundtrack"",""khinsider_album_url"":""https://downloads.khinsider.com/game-soundtracks/album/tekken-1995-ps1"",""khinsider_album_title"":""Tekken (tekken-1995-ps1)"",""khinsider_album_kind"":""unclassified_game_album"",""khinsider_album_match_score"":100.0,""relevance_score_100"":97.0,""popularity_score_100"":39.20121537866553,""score_100"":73.88048615146622,""popularity_basis"":""BeatHit master-list game rank plus track position proxy""}"
18,Opening,Unknown credited artist,[],Tekken (tekken-2009),,,"[""video game soundtrack""]","[""und""]",,,,TEKKEN 8,,,khinsider_track_prominence_proxy,39.20121537866553,score_0_100,,,,73.88048615146622,,,,https://downloads.khinsider.com/game-soundtracks/album/tekken-2009,2026-10-05,Track title is taken from KHInsider's soundtrack/gamerip album index. Popularity is an explicitly labelled proxy based on BeatHit game rank and track prominence.,"{""culture_category"":""video_game_music"",""video_game"":""TEKKEN 8"",""game_rank"":2980,""game_association_kind"":""khinsider_game_soundtrack"",""khinsider_album_url"":""https://downloads.khinsider.com/game-soundtracks/album/tekken-2009"",""khinsider_album_title"":""Tekken (tekken-2009)"",""khinsider_album_kind"":""unclassified_game_album"",""khinsider_album_match_score"":100.0,""relevance_score_100"":97.0,""popularity_score_100"":39.20121537866553,""score_100"":73.88048615146622,""popularity_basis"":""BeatHit master-list game rank plus track position proxy""}"
19,(WINDERMERE DUB MIX) BY T-POWER,Unknown credited artist,[],TEKKEN (tekken),,,"[""video game soundtrack""]","[""und""]",,,,TEKKEN 8,,,khinsider_track_prominence_proxy,38.99121537866553,score_0_100,,,,73.79648615146621,,,,https://downloads.khinsider.com/game-soundtracks/album/tekken,2026-10-05,Track title is taken from KHInsider's soundtrack/gamerip album index. Popularity is an explicitly labelled proxy based on BeatHit game rank and track prominence.,"{""culture_category"":""video_game_music"",""video_game"":""TEKKEN 8"",""game_rank"":2980,""game_association_kind"":""khinsider_game_soundtrack"",""khinsider_album_url"":""https://downloads.khinsider.com/game-soundtracks/album/tekken"",""khinsider_album_title"":""TEKKEN (tekken)"",""khinsider_album_kind"":""unclassified_game_album"",""khinsider_album_match_score"":100.0,""relevance_score_100"":97.0,""popularity_score_100"":38.99121537866553,""score_100"":73.79648615146621,""popularity_basis"":""BeatHit master-list game rank plus track position proxy""}"
20,Stadium (remixed),Unknown credited artist,[],Tekken (tekken-1995-ps1),,,"[""video game soundtrack""]","[""und""]",,,,TEKKEN 8,,,khinsider_track_prominence_proxy,38.99121537866553,score_0_100,,,,73.79648615146621,,,,https://downloads.khinsider.com/game-soundtracks/album/tekken-1995-ps1,2026-10-05,Track title is taken from KHInsider's soundtrack/gamerip album index. Popularity is an explicitly labelled proxy based on BeatHit game rank and track prominence.,"{""culture_category"":""video_game_music"",""video_game"":""TEKKEN 8"",""game_rank"":2980,""game_association_kind"":""khinsider_game_soundtrack"",""khinsider_album_url"":""https://downloads.khinsider.com/game-soundtracks/album/tekken-1995-ps1"",""khinsider_album_title"":""Tekken (tekken-1995-ps1)"",""khinsider_album_kind"":""unclassified_game_album"",""khinsider_album_match_score"":100.0,""relevance_score_100"":97.0,""popularity_score_100"":38.99121537866553,""score_100"":73.79648615146621,""popularity_basis"":""BeatHit master-list game rank plus track position proxy""}"
21,(TWISTED WINDERMERE MIX) BY LEMON D,Unknown credited artist,[],TEKKEN (tekken),,,"[""video game soundtrack""]","[""und""]",,,,TEKKEN 8,,,khinsider_track_prominence_proxy,38.78121537866553,score_0_100,,,,73.71248615146621,,,,https://downloads.khinsider.com/game-soundtracks/album/tekken,2026-10-05,Track title is taken from KHInsider's soundtrack/gamerip album index. Popularity is an explicitly labelled proxy based on BeatHit game rank and track prominence.,"{""culture_category"":""video_game_music"",""video_game"":""TEKKEN 8"",""game_rank"":2980,""game_association_kind"":""khinsider_game_soundtrack"",""khinsider_album_url"":""https://downloads.khinsider.com/game-soundtracks/album/tekken"",""khinsider_album_title"":""TEKKEN (tekken)"",""khinsider_album_kind"":""unclassified_game_album"",""khinsider_album_match_score"":100.0,""relevance_score_100"":97.0,""popularity_score_100"":38.78121537866553,""score_100"":73.71248615146621,""popularity_basis"":""BeatHit master-list game rank plus track position proxy""}"
22,Kyoto (remixed),Unknown credited artist,[],Tekken (tekken-1995-ps1),,,"[""video game soundtrack""]","[""und""]",,,,TEKKEN 8,,,khinsider_track_prominence_proxy,38.78121537866553,score_0_100,,,,73.71248615146621,,,,https://downloads.khinsider.com/game-soundtracks/album/tekken-1995-ps1,2026-10-05,Track title is taken from KHInsider's soundtrack/gamerip album index. Popularity is an explicitly labelled proxy based on BeatHit game rank and track prominence.,"{""culture_category"":""video_game_music"",""video_game"":""TEKKEN 8"",""game_rank"":2980,""game_association_kind"":""khinsider_game_soundtrack"",""khinsider_album_url"":""https://downloads.khinsider.com/game-soundtracks/album/tekken-1995-ps1"",""khinsider_album_title"":""Tekken (tekken-1995-ps1)"",""khinsider_album_kind"":""unclassified_game_album"",""khinsider_album_match_score"":100.0,""relevance_score_100"":97.0,""popularity_score_100"":38.78121537866553,""score_100"":73.71248615146621,""popularity_basis"":""BeatHit master-list game rank plus track position proxy""}"
23,"WINDERMERE, U.K.",Unknown credited artist,[],TEKKEN (tekken),,,"[""video game soundtrack""]","[""und""]",,,,TEKKEN 8,,,khinsider_track_prominence_proxy,38.571215378665535,score_0_100,,,,73.6284861514662,,,,https://downloads.khinsider.com/game-soundtracks/album/tekken,2026-10-05,Track title is taken from KHInsider's soundtrack/gamerip album index. Popularity is an explicitly labelled proxy based on BeatHit game rank and track prominence.,"{""culture_category"":""video_game_music"",""video_game"":""TEKKEN 8"",""game_rank"":2980,""game_association_kind"":""khinsider_game_soundtrack"",""khinsider_album_url"":""https://downloads.khinsider.com/game-soundtracks/album/tekken"",""khinsider_album_title"":""TEKKEN (tekken)"",""khinsider_album_kind"":""unclassified_game_album"",""khinsider_album_match_score"":100.0,""relevance_score_100"":97.0,""popularity_score_100"":38.571215378665535,""score_100"":73.6284861514662,""popularity_basis"":""BeatHit master-list game rank plus track position proxy""}"
24,Angkor Vat (remixed),Unknown credited artist,[],Tekken (tekken-1995-ps1),,,"[""video game soundtrack""]","[""und""]",,,,TEKKEN 8,,,khinsider_track_prominence_proxy,38.571215378665535,score_0_100,,,,73.6284861514662,,,,https://downloads.khinsider.com/game-soundtracks/album/tekken-1995-ps1,2026-10-05,Track title is taken from KHInsider's soundtrack/gamerip album index. Popularity is an explicitly labelled proxy based on BeatHit game rank and track prominence.,"{""culture_category"":""video_game_music"",""video_game"":""TEKKEN 8"",""game_rank"":2980,""game_association_kind"":""khinsider_game_soundtrack"",""khinsider_album_url"":""https://downloads.khinsider.com/game-soundtracks/album/tekken-1995-ps1"",""khinsider_album_title"":""Tekken (tekken-1995-ps1)"",""khinsider_album_kind"":""unclassified_game_album"",""khinsider_album_match_score"":100.0,""relevance_score_100"":97.0,""popularity_score_100"":38.571215378665535,""score_100"":73.6284861514662,""popularity_basis"":""BeatHit master-list game rank plus track position proxy""}"
25,CHARACTER SELECT BGM,Unknown credited artist,[],TEKKEN (tekken),,,"[""video game soundtrack""]","[""und""]",,,,TEKKEN 8,,,khinsider_track_prominence_proxy,38.361215378665534,score_0_100,,,,73.5444861514662,,,,https://downloads.khinsider.com/game-soundtracks/album/tekken,2026-10-05,Track title is taken from KHInsider's soundtrack/gamerip album index. Popularity is an explicitly labelled proxy based on BeatHit game rank and track prominence.,"{""culture_category"":""video_game_music"",""video_game"":""TEKKEN 8"",""game_rank"":2980,""game_association_kind"":""khinsider_game_soundtrack"",""khinsider_album_url"":""https://downloads.khinsider.com/game-soundtracks/album/tekken"",""khinsider_album_title"":""TEKKEN (tekken)"",""khinsider_album_kind"":""unclassified_game_album"",""khinsider_album_match_score"":100.0,""relevance_score_100"":97.0,""popularity_score_100"":38.361215378665534,""score_100"":73.5444861514662,""popularity_basis"":""BeatHit master-list game rank plus track position proxy""}"
26,Szechwan (remixed),Unknown credited artist,[],Tekken (tekken-1995-ps1),,,"[""video game soundtrack""]","[""und""]",,,,TEKKEN 8,,,khinsider_track_prominence_proxy,38.361215378665534,score_0_100,,,,73.5444861514662,,,,https://downloads.khinsider.com/game-soundtracks/album/tekken-1995-ps1,2026-10-05,Track title is taken from KHInsider's soundtrack/gamerip album index. Popularity is an explicitly labelled proxy based on BeatHit game rank and track prominence.,"{""culture_category"":""video_game_music"",""video_game"":""TEKKEN 8"",""game_rank"":2980,""game_association_kind"":""khinsider_game_soundtrack"",""khinsider_album_url"":""https://downloads.khinsider.com/game-soundtracks/album/tekken-1995-ps1"",""khinsider_album_title"":""Tekken (tekken-1995-ps1)"",""khinsider_album_kind"":""unclassified_game_album"",""khinsider_album_match_score"":100.0,""relevance_score_100"":97.0,""popularity_score_100"":38.361215378665534,""score_100"":73.5444861514662,""popularity_basis"":""BeatHit master-list game rank plus track position proxy""}"
27,"Sichuan, China",Unknown credited artist,[],Tekken (tekken-2009),,,"[""video game soundtrack""]","[""und""]",,,,TEKKEN 8,,,khinsider_track_prominence_proxy,38.361215378665534,score_0_100,,,,73.5444861514662,,,,https://downloads.khinsider.com/game-soundtracks/album/tekken-2009,2026-10-05,Track title is taken from KHInsider's soundtrack/gamerip album index. Popularity is an explicitly labelled proxy based on BeatHit game rank and track prominence.,"{""culture_category"":""video_game_music"",""video_game"":""TEKKEN 8"",""game_rank"":2980,""game_association_kind"":""khinsider_game_soundtrack"",""khinsider_album_url"":""https://downloads.khinsider.com/game-soundtracks/album/tekken-2009"",""khinsider_album_title"":""Tekken (tekken-2009)"",""khinsider_album_kind"":""unclassified_game_album"",""khinsider_album_match_score"":100.0,""relevance_score_100"":97.0,""popularity_score_100"":38.361215378665534,""score_100"":73.5444861514662,""popularity_basis"":""BeatHit master-list game rank plus track position proxy""}"
28,"MARINE STADIUM, JAPAN",Unknown credited artist,[],TEKKEN (tekken),,,"[""video game soundtrack""]","[""und""]",,,,TEKKEN 8,,,khinsider_track_prominence_proxy,38.15121537866553,score_0_100,,,,73.46048615146621,,,,https://downloads.khinsider.com/game-soundtracks/album/tekken,2026-10-05,Track title is taken from KHInsider's soundtrack/gamerip album index. Popularity is an explicitly labelled proxy based on BeatHit game rank and track prominence.,"{""culture_category"":""video_game_music"",""video_game"":""TEKKEN 8"",""game_rank"":2980,""game_association_kind"":""khinsider_game_soundtrack"",""khinsider_album_url"":""https://downloads.khinsider.com/game-soundtracks/album/tekken"",""khinsider_album_title"":""TEKKEN (tekken)"",""khinsider_album_kind"":""unclassified_game_album"",""khinsider_album_match_score"":100.0,""relevance_score_100"":97.0,""popularity_score_100"":38.15121537866553,""score_100"":73.46048615146621,""popularity_basis"":""BeatHit master-list game rank plus track position proxy""}"
29,Akropolis (remixed),Unknown credited artist,[],Tekken (tekken-1995-ps1),,,"[""video game soundtrack""]","[""und""]",,,,TEKKEN 8,,,khinsider_track_prominence_proxy,38.15121537866553,score_0_100,,,,73.46048615146621,,,,https://downloads.khinsider.com/game-soundtracks/album/tekken-1995-ps1,2026-10-05,Track title is taken from KHInsider's soundtrack/gamerip album index. Popularity is an explicitly labelled proxy based on BeatHit game rank and track prominence.,"{""culture_category"":""video_game_music"",""video_game"":""TEKKEN 8"",""game_rank"":2980,""game_association_kind"":""khinsider_game_soundtrack"",""khinsider_album_url"":""https://downloads.khinsider.com/game-soundtracks/album/tekken-1995-ps1"",""khinsider_album_title"":""Tekken (tekken-1995-ps1)"",""khinsider_album_kind"":""unclassified_game_album"",""khinsider_album_match_score"":100.0,""relevance_score_100"":97.0,""popularity_score_100"":38.15121537866553,""score_100"":73.46048615146621,""popularity_basis"":""BeatHit master-list game rank plus track position proxy""}"
30,MARIN STADIUM JAPAN,Unknown credited artist,[],Tekken (tekken-1996),,,"[""video game soundtrack""]","[""und""]",,,,TEKKEN 8,,,khinsider_track_prominence_proxy,38.15121537866553,score_0_100,,,,73.46048615146621,,,,https://downloads.khinsider.com/game-soundtracks/album/tekken-1996,2026-10-05,Track title is taken from KHInsider's soundtrack/gamerip album index. Popularity is an explicitly labelled proxy based on BeatHit game rank and track prominence.,"{""culture_category"":""video_game_music"",""video_game"":""TEKKEN 8"",""game_rank"":2980,""game_association_kind"":""khinsider_game_soundtrack"",""khinsider_album_url"":""https://downloads.khinsider.com/game-soundtracks/album/tekken-1996"",""khinsider_album_title"":""Tekken (tekken-1996)"",""khinsider_album_kind"":""unclassified_game_album"",""khinsider_album_match_score"":100.0,""relevance_score_100"":97.0,""popularity_score_100"":38.15121537866553,""score_100"":73.46048615146621,""popularity_basis"":""BeatHit master-list game rank plus track position proxy""}"
31,"Angkor Wat, Cambodia",Unknown credited artist,[],Tekken (tekken-2009),,,"[""video game soundtrack""]","[""und""]",,,,TEKKEN 8,,,khinsider_track_prominence_proxy,38.15121537866553,score_0_100,,,,73.46048615146621,,,,https://downloads.khinsider.com/game-soundtracks/album/tekken-2009,2026-10-05,Track title is taken from KHInsider's soundtrack/gamerip album index. Popularity is an explicitly labelled proxy based on BeatHit game rank and track prominence.,"{""culture_category"":""video_game_music"",""video_game"":""TEKKEN 8"",""game_rank"":2980,""game_association_kind"":""khinsider_game_soundtrack"",""khinsider_album_url"":""https://downloads.khinsider.com/game-soundtracks/album/tekken-2009"",""khinsider_album_title"":""Tekken (tekken-2009)"",""khinsider_album_kind"":""unclassified_game_album"",""khinsider_album_match_score"":100.0,""relevance_score_100"":97.0,""popularity_score_100"":38.15121537866553,""score_100"":73.46048615146621,""popularity_basis"":""BeatHit master-list game rank plus track position proxy""}"
32,"KING GEORGE ISLAND, ANTARCTICA",Unknown credited artist,[],TEKKEN (tekken),,,"[""video game soundtrack""]","[""und""]",,,,TEKKEN 8,,,khinsider_track_prominence_proxy,37.94121537866553,score_0_100,,,,73.37648615146621,,,,https://downloads.khinsider.com/game-soundtracks/album/tekken,2026-10-05,Track title is taken from KHInsider's soundtrack/gamerip album index. Popularity is an explicitly labelled proxy based on BeatHit game rank and track prominence.,"{""culture_category"":""video_game_music"",""video_game"":""TEKKEN 8"",""game_rank"":2980,""game_association_kind"":""khinsider_game_soundtrack"",""khinsider_album_url"":""https://downloads.khinsider.com/game-soundtracks/album/tekken"",""khinsider_album_title"":""TEKKEN (tekken)"",""khinsider_album_kind"":""unclassified_game_album"",""khinsider_album_match_score"":100.0,""relevance_score_100"":97.0,""popularity_score_100"":37.94121537866553,""score_100"":73.37648615146621,""popularity_basis"":""BeatHit master-list game rank plus track position proxy""}"
33,Venezia (remixed),Unknown credited artist,[],Tekken (tekken-1995-ps1),,,"[""video game soundtrack""]","[""und""]",,,,TEKKEN 8,,,khinsider_track_prominence_proxy,37.94121537866553,score_0_100,,,,73.37648615146621,,,,https://downloads.khinsider.com/game-soundtracks/album/tekken-1995-ps1,2026-10-05,Track title is taken from KHInsider's soundtrack/gamerip album index. Popularity is an explicitly labelled proxy based on BeatHit game rank and track prominence.,"{""culture_category"":""video_game_music"",""video_game"":""TEKKEN 8"",""game_rank"":2980,""game_association_kind"":""khinsider_game_soundtrack"",""khinsider_album_url"":""https://downloads.khinsider.com/game-soundtracks/album/tekken-1995-ps1"",""khinsider_album_title"":""Tekken (tekken-1995-ps1)"",""khinsider_album_kind"":""unclassified_game_album"",""khinsider_album_match_score"":100.0,""relevance_score_100"":97.0,""popularity_score_100"":37.94121537866553,""score_100"":73.37648615146621,""popularity_basis"":""BeatHit master-list game rank plus track position proxy""}"
34,Fiji,Unknown credited artist,[],Tekken (tekken-2009),,,"[""video game soundtrack""]","[""und""]",,,,TEKKEN 8,,,khinsider_track_prominence_proxy,37.94121537866553,score_0_100,,,,73.37648615146621,,,,https://downloads.khinsider.com/game-soundtracks/album/tekken-2009,2026-10-05,Track title is taken from KHInsider's soundtrack/gamerip album index. Popularity is an explicitly labelled proxy based on BeatHit game rank and track prominence.,"{""culture_category"":""video_game_music"",""video_game"":""TEKKEN 8"",""game_rank"":2980,""game_association_kind"":""khinsider_game_soundtrack"",""khinsider_album_url"":""https://downloads.khinsider.com/game-soundtracks/album/tekken-2009"",""khinsider_album_title"":""Tekken (tekken-2009)"",""khinsider_album_kind"":""unclassified_game_album"",""khinsider_album_match_score"":100.0,""relevance_score_100"":97.0,""popularity_score_100"":37.94121537866553,""score_100"":73.37648615146621,""popularity_basis"":""BeatHit master-list game rank plus track position proxy""}"
35,"ACROPOLIS, GREECE",Unknown credited artist,[],TEKKEN (tekken),,,"[""video game soundtrack""]","[""und""]",,,,TEKKEN 8,,,khinsider_track_prominence_proxy,37.73121537866553,score_0_100,,,,73.2924861514662,,,,https://downloads.khinsider.com/game-soundtracks/album/tekken,2026-10-05,Track title is taken from KHInsider's soundtrack/gamerip album index. Popularity is an explicitly labelled proxy based on BeatHit game rank and track prominence.,"{""culture_category"":""video_game_music"",""video_game"":""TEKKEN 8"",""game_rank"":2980,""game_association_kind"":""khinsider_game_soundtrack"",""khinsider_album_url"":""https://downloads.khinsider.com/game-soundtracks/album/tekken"",""khinsider_album_title"":""TEKKEN (tekken)"",""khinsider_album_kind"":""unclassified_game_album"",""khinsider_album_match_score"":100.0,""relevance_score_100"":97.0,""popularity_score_100"":37.73121537866553,""score_100"":73.2924861514662,""popularity_basis"":""BeatHit master-list game rank plus track position proxy""}"
36,Windermere (remixed),Unknown credited artist,[],Tekken (tekken-1995-ps1),,,"[""video game soundtrack""]","[""und""]",,,,TEKKEN 8,,,khinsider_track_prominence_proxy,37.73121537866553,score_0_100,,,,73.2924861514662,,,,https://downloads.khinsider.com/game-soundtracks/album/tekken-1995-ps1,2026-10-05,Track title is taken from KHInsider's soundtrack/gamerip album index. Popularity is an explicitly labelled proxy based on BeatHit game rank and track prominence.,"{""culture_category"":""video_game_music"",""video_game"":""TEKKEN 8"",""game_rank"":2980,""game_association_kind"":""khinsider_game_soundtrack"",""khinsider_album_url"":""https://downloads.khinsider.com/game-soundtracks/album/tekken-1995-ps1"",""khinsider_album_title"":""Tekken (tekken-1995-ps1)"",""khinsider_album_kind"":""unclassified_game_album"",""khinsider_album_match_score"":100.0,""relevance_score_100"":97.0,""popularity_score_100"":37.73121537866553,""score_100"":73.2924861514662,""popularity_basis"":""BeatHit master-list game rank plus track position proxy""}"
37,(WINDERMERE ROLL OUT MIX) BY DILLINJA,Unknown credited artist,[],TEKKEN (tekken),,,"[""video game soundtrack""]","[""und""]",,,,TEKKEN 8,,,khinsider_track_prominence_proxy,37.52121537866553,score_0_100,,,,73.2084861514662,,,,https://downloads.khinsider.com/game-soundtracks/album/tekken,2026-10-05,Track title is taken from KHInsider's soundtrack/gamerip album index. Popularity is an explicitly labelled proxy based on BeatHit game rank and track prominence.,"{""culture_category"":""video_game_music"",""video_game"":""TEKKEN 8"",""game_rank"":2980,""game_association_kind"":""khinsider_game_soundtrack"",""khinsider_album_url"":""https://downloads.khinsider.com/game-soundtracks/album/tekken"",""khinsider_album_title"":""TEKKEN (tekken)"",""khinsider_album_kind"":""unclassified_game_album"",""khinsider_album_match_score"":100.0,""relevance_score_100"":97.0,""popularity_score_100"":37.52121537866553,""score_100"":73.2084861514662,""popularity_basis"":""BeatHit master-list game rank plus track position proxy""}"
38,King George Island (remixed),Unknown credited artist,[],Tekken (tekken-1995-ps1),,,"[""video game soundtrack""]","[""und""]",,,,TEKKEN 8,,,khinsider_track_prominence_proxy,37.52121537866553,score_0_100,,,,73.2084861514662,,,,https://downloads.khinsider.com/game-soundtracks/album/tekken-1995-ps1,2026-10-05,Track title is taken from KHInsider's soundtrack/gamerip album index. Popularity is an explicitly labelled proxy based on BeatHit game rank and track prominence.,"{""culture_category"":""video_game_music"",""video_game"":""TEKKEN 8"",""game_rank"":2980,""game_association_kind"":""khinsider_game_soundtrack"",""khinsider_album_url"":""https://downloads.khinsider.com/game-soundtracks/album/tekken-1995-ps1"",""khinsider_album_title"":""Tekken (tekken-1995-ps1)"",""khinsider_album_kind"":""unclassified_game_album"",""khinsider_album_match_score"":100.0,""relevance_score_100"":97.0,""popularity_score_100"":37.52121537866553,""score_100"":73.2084861514662,""popularity_basis"":""BeatHit master-list game rank plus track position proxy""}"
39,"KYOTO, JAPAN",Unknown credited artist,[],TEKKEN (tekken),,,"[""video game soundtrack""]","[""und""]",,,,TEKKEN 8,,,khinsider_track_prominence_proxy,37.31121537866553,score_0_100,,,,73.12448615146621,,,,https://downloads.khinsider.com/game-soundtracks/album/tekken,2026-10-05,Track title is taken from KHInsider's soundtrack/gamerip album index. Popularity is an explicitly labelled proxy based on BeatHit game rank and track prominence.,"{""culture_category"":""video_game_music"",""video_game"":""TEKKEN 8"",""game_rank"":2980,""game_association_kind"":""khinsider_game_soundtrack"",""khinsider_album_url"":""https://downloads.khinsider.com/game-soundtracks/album/tekken"",""khinsider_album_title"":""TEKKEN (tekken)"",""khinsider_album_kind"":""unclassified_game_album"",""khinsider_album_match_score"":100.0,""relevance_score_100"":97.0,""popularity_score_100"":37.31121537866553,""score_100"":73.12448615146621,""popularity_basis"":""BeatHit master-list game rank plus track position proxy""}"
40,Chicago (remixed),Unknown credited artist,[],Tekken (tekken-1995-ps1),,,"[""video game soundtrack""]","[""und""]",,,,TEKKEN 8,,,khinsider_track_prominence_proxy,37.31121537866553,score_0_100,,,,73.12448615146621,,,,https://downloads.khinsider.com/game-soundtracks/album/tekken-1995-ps1,2026-10-05,Track title is taken from KHInsider's soundtrack/gamerip album index. Popularity is an explicitly labelled proxy based on BeatHit game rank and track prominence.,"{""culture_category"":""video_game_music"",""video_game"":""TEKKEN 8"",""game_rank"":2980,""game_association_kind"":""khinsider_game_soundtrack"",""khinsider_album_url"":""https://downloads.khinsider.com/game-soundtracks/album/tekken-1995-ps1"",""khinsider_album_title"":""Tekken (tekken-1995-ps1)"",""khinsider_album_kind"":""unclassified_game_album"",""khinsider_album_match_score"":100.0,""relevance_score_100"":97.0,""popularity_score_100"":37.31121537866553,""score_100"":73.12448615146621,""popularity_basis"":""BeatHit master-list game rank plus track position proxy""}"
41,"King George Island, Antartica",Unknown credited artist,[],Tekken (tekken-2009),,,"[""video game soundtrack""]","[""und""]",,,,TEKKEN 8,,,khinsider_track_prominence_proxy,37.31121537866553,score_0_100,,,,73.12448615146621,,,,https://downloads.khinsider.com/game-soundtracks/album/tekken-2009,2026-10-05,Track title is taken from KHInsider's soundtrack/gamerip album index. Popularity is an explicitly labelled proxy based on BeatHit game rank and track prominence.,"{""culture_category"":""video_game_music"",""video_game"":""TEKKEN 8"",""game_rank"":2980,""game_association_kind"":""khinsider_game_soundtrack"",""khinsider_album_url"":""https://downloads.khinsider.com/game-soundtracks/album/tekken-2009"",""khinsider_album_title"":""Tekken (tekken-2009)"",""khinsider_album_kind"":""unclassified_game_album"",""khinsider_album_match_score"":100.0,""relevance_score_100"":97.0,""popularity_score_100"":37.31121537866553,""score_100"":73.12448615146621,""popularity_basis"":""BeatHit master-list game rank plus track position proxy""}"
42,"MONUMENT VALLEY, U.S.A.",Unknown credited artist,[],TEKKEN (tekken),,,"[""video game soundtrack""]","[""und""]",,,,TEKKEN 8,,,khinsider_track_prominence_proxy,37.10121537866553,score_0_100,,,,73.04048615146621,,,,https://downloads.khinsider.com/game-soundtracks/album/tekken,2026-10-05,Track title is taken from KHInsider's soundtrack/gamerip album index. Popularity is an explicitly labelled proxy based on BeatHit game rank and track prominence.,"{""culture_category"":""video_game_music"",""video_game"":""TEKKEN 8"",""game_rank"":2980,""game_association_kind"":""khinsider_game_soundtrack"",""khinsider_album_url"":""https://downloads.khinsider.com/game-soundtracks/album/tekken"",""khinsider_album_title"":""TEKKEN (tekken)"",""khinsider_album_kind"":""unclassified_game_album"",""khinsider_album_match_score"":100.0,""relevance_score_100"":97.0,""popularity_score_100"":37.10121537866553,""score_100"":73.04048615146621,""popularity_basis"":""BeatHit master-list game rank plus track position proxy""}"
43,Monument Valley (remixed),Unknown credited artist,[],Tekken (tekken-1995-ps1),,,"[""video game soundtrack""]","[""und""]",,,,TEKKEN 8,,,khinsider_track_prominence_proxy,37.10121537866553,score_0_100,,,,73.04048615146621,,,,https://downloads.khinsider.com/game-soundtracks/album/tekken-1995-ps1,2026-10-05,Track title is taken from KHInsider's soundtrack/gamerip album index. Popularity is an explicitly labelled proxy based on BeatHit game rank and track prominence.,"{""culture_category"":""video_game_music"",""video_game"":""TEKKEN 8"",""game_rank"":2980,""game_association_kind"":""khinsider_game_soundtrack"",""khinsider_album_url"":""https://downloads.khinsider.com/game-soundtracks/album/tekken-1995-ps1"",""khinsider_album_title"":""Tekken (tekken-1995-ps1)"",""khinsider_album_kind"":""unclassified_game_album"",""khinsider_album_match_score"":100.0,""relevance_score_100"":97.0,""popularity_score_100"":37.10121537866553,""score_100"":73.04048615146621,""popularity_basis"":""BeatHit master-list game rank plus track position proxy""}"
44,"SZECHWAN, CHINA",Unknown credited artist,[],TEKKEN (tekken),,,"[""video game soundtrack""]","[""und""]",,,,TEKKEN 8,,,khinsider_track_prominence_proxy,36.89121537866553,score_0_100,,,,72.95648615146621,,,,https://downloads.khinsider.com/game-soundtracks/album/tekken,2026-10-05,Track title is taken from KHInsider's soundtrack/gamerip album index. Popularity is an explicitly labelled proxy based on BeatHit game rank and track prominence.,"{""culture_category"":""video_game_music"",""video_game"":""TEKKEN 8"",""game_rank"":2980,""game_association_kind"":""khinsider_game_soundtrack"",""khinsider_album_url"":""https://downloads.khinsider.com/game-soundtracks/album/tekken"",""khinsider_album_title"":""TEKKEN (tekken)"",""khinsider_album_kind"":""unclassified_game_album"",""khinsider_album_match_score"":100.0,""relevance_score_100"":97.0,""popularity_score_100"":36.89121537866553,""score_100"":72.95648615146621,""popularity_basis"":""BeatHit master-list game rank plus track position proxy""}"
45,Fiji (remixed),Unknown credited artist,[],Tekken (tekken-1995-ps1),,,"[""video game soundtrack""]","[""und""]",,,,TEKKEN 8,,,khinsider_track_prominence_proxy,36.89121537866553,score_0_100,,,,72.95648615146621,,,,https://downloads.khinsider.com/game-soundtracks/album/tekken-1995-ps1,2026-10-05,Track title is taken from KHInsider's soundtrack/gamerip album index. Popularity is an explicitly labelled proxy based on BeatHit game rank and track prominence.,"{""culture_category"":""video_game_music"",""video_game"":""TEKKEN 8"",""game_rank"":2980,""game_association_kind"":""khinsider_game_soundtrack"",""khinsider_album_url"":""https://downloads.khinsider.com/game-soundtracks/album/tekken-1995-ps1"",""khinsider_album_title"":""Tekken (tekken-1995-ps1)"",""khinsider_album_kind"":""unclassified_game_album"",""khinsider_album_match_score"":100.0,""relevance_score_100"":97.0,""popularity_score_100"":36.89121537866553,""score_100"":72.95648615146621,""popularity_basis"":""BeatHit master-list game rank plus track position proxy""}"
46,"VENEZIA, ITALY",Unknown credited artist,[],TEKKEN (tekken),,,"[""video game soundtrack""]","[""und""]",,,,TEKKEN 8,,,khinsider_track_prominence_proxy,36.68121537866553,score_0_100,,,,72.8724861514662,,,,https://downloads.khinsider.com/game-soundtracks/album/tekken,2026-10-05,Track title is taken from KHInsider's soundtrack/gamerip album index. Popularity is an explicitly labelled proxy based on BeatHit game rank and track prominence.,"{""culture_category"":""video_game_music"",""video_game"":""TEKKEN 8"",""game_rank"":2980,""game_association_kind"":""khinsider_game_soundtrack"",""khinsider_album_url"":""https://downloads.khinsider.com/game-soundtracks/album/tekken"",""khinsider_album_title"":""TEKKEN (tekken)"",""khinsider_album_kind"":""unclassified_game_album"",""khinsider_album_match_score"":100.0,""relevance_score_100"":97.0,""popularity_score_100"":36.68121537866553,""score_100"":72.8724861514662,""popularity_basis"":""BeatHit master-list game rank plus track position proxy""}"
47,"FIJI, PHILIPPINES",Unknown credited artist,[],TEKKEN (tekken),,,"[""video game soundtrack""]","[""und""]",,,,TEKKEN 8,,,khinsider_track_prominence_proxy,36.47121537866553,score_0_100,,,,72.7884861514662,,,,https://downloads.khinsider.com/game-soundtracks/album/tekken,2026-10-05,Track title is taken from KHInsider's soundtrack/gamerip album index. Popularity is an explicitly labelled proxy based on BeatHit game rank and track prominence.,"{""culture_category"":""video_game_music"",""video_game"":""TEKKEN 8"",""game_rank"":2980,""game_association_kind"":""khinsider_game_soundtrack"",""khinsider_album_url"":""https://downloads.khinsider.com/game-soundtracks/album/tekken"",""khinsider_album_title"":""TEKKEN (tekken)"",""khinsider_album_kind"":""unclassified_game_album"",""khinsider_album_match_score"":100.0,""relevance_score_100"":97.0,""popularity_score_100"":36.47121537866553,""score_100"":72.7884861514662,""popularity_basis"":""BeatHit master-list game rank plus track position proxy""}"
48,Staff Role & Name Entry,Unknown credited artist,[],Tekken (tekken-2009),,,"[""video game soundtrack""]","[""und""]",,,,TEKKEN 8,,,khinsider_track_prominence_proxy,36.47121537866553,score_0_100,,,,72.7884861514662,,,,https://downloads.khinsider.com/game-soundtracks/album/tekken-2009,2026-10-05,Track title is taken from KHInsider's soundtrack/gamerip album index. Popularity is an explicitly labelled proxy based on BeatHit game rank and track prominence.,"{""culture_category"":""video_game_music"",""video_game"":""TEKKEN 8"",""game_rank"":2980,""game_association_kind"":""khinsider_game_soundtrack"",""khinsider_album_url"":""https://downloads.khinsider.com/game-soundtracks/album/tekken-2009"",""khinsider_album_title"":""Tekken (tekken-2009)"",""khinsider_album_kind"":""unclassified_game_album"",""khinsider_album_match_score"":100.0,""relevance_score_100"":97.0,""popularity_score_100"":36.47121537866553,""score_100"":72.7884861514662,""popularity_basis"":""BeatHit master-list game rank plus track position proxy""}"
49,"ANGKOR VAT, CAMBODIA",Unknown credited artist,[],TEKKEN (tekken),,,"[""video game soundtrack""]","[""und""]",,,,TEKKEN 8,,,khinsider_track_prominence_proxy,36.26121537866553,score_0_100,,,,72.70448615146621,,,,https://downloads.khinsider.com/game-soundtracks/album/tekken,2026-10-05,Track title is taken from KHInsider's soundtrack/gamerip album index. Popularity is an explicitly labelled proxy based on BeatHit game rank and track prominence.,"{""culture_category"":""video_game_music"",""video_game"":""TEKKEN 8"",""game_rank"":2980,""game_association_kind"":""khinsider_game_soundtrack"",""khinsider_album_url"":""https://downloads.khinsider.com/game-soundtracks/album/tekken"",""khinsider_album_title"":""TEKKEN (tekken)"",""khinsider_album_kind"":""unclassified_game_album"",""khinsider_album_match_score"":100.0,""relevance_score_100"":97.0,""popularity_score_100"":36.26121537866553,""score_100"":72.70448615146621,""popularity_basis"":""BeatHit master-list game rank plus track position proxy""}"
50,Select (Arcade),Unknown credited artist,[],Tekken (tekken-1995-ps1),,,"[""video game soundtrack""]","[""und""]",,,,TEKKEN 8,,,khinsider_track_prominence_proxy,36.26121537866553,score_0_100,,,,72.70448615146621,,,,https://downloads.khinsider.com/game-soundtracks/album/tekken-1995-ps1,2026-10-05,Track title is taken from KHInsider's soundtrack/gamerip album index. Popularity is an explicitly labelled proxy based on BeatHit game rank and track prominence.,"{""culture_category"":""video_game_music"",""video_game"":""TEKKEN 8"",""game_rank"":2980,""game_association_kind"":""khinsider_game_soundtrack"",""khinsider_album_url"":""https://downloads.khinsider.com/game-soundtracks/album/tekken-1995-ps1"",""khinsider_album_title"":""Tekken (tekken-1995-ps1)"",""khinsider_album_kind"":""unclassified_game_album"",""khinsider_album_match_score"":100.0,""relevance_score_100"":97.0,""popularity_score_100"":36.26121537866553,""score_100"":72.70448615146621,""popularity_basis"":""BeatHit master-list game rank plus track position proxy""}"
51,Opening (PS Version),Unknown credited artist,[],Tekken (tekken-2009),,,"[""video game soundtrack""]","[""und""]",,,,TEKKEN 8,,,khinsider_track_prominence_proxy,36.26121537866553,score_0_100,,,,72.70448615146621,,,,https://downloads.khinsider.com/game-soundtracks/album/tekken-2009,2026-10-05,Track title is taken from KHInsider's soundtrack/gamerip album index. Popularity is an explicitly labelled proxy based on BeatHit game rank and track prominence.,"{""culture_category"":""video_game_music"",""video_game"":""TEKKEN 8"",""game_rank"":2980,""game_association_kind"":""khinsider_game_soundtrack"",""khinsider_album_url"":""https://downloads.khinsider.com/game-soundtracks/album/tekken-2009"",""khinsider_album_title"":""Tekken (tekken-2009)"",""khinsider_album_kind"":""unclassified_game_album"",""khinsider_album_match_score"":100.0,""relevance_score_100"":97.0,""popularity_score_100"":36.26121537866553,""score_100"":72.70448615146621,""popularity_basis"":""BeatHit master-list game rank plus track position proxy""}"
52,"CHICAGO, U.S.A",Unknown credited artist,[],TEKKEN (tekken),,,"[""video game soundtrack""]","[""und""]",,,,TEKKEN 8,,,khinsider_track_prominence_proxy,36.05121537866553,score_0_100,,,,72.62048615146621,,,,https://downloads.khinsider.com/game-soundtracks/album/tekken,2026-10-05,Track title is taken from KHInsider's soundtrack/gamerip album index. Popularity is an explicitly labelled proxy based on BeatHit game rank and track prominence.,"{""culture_category"":""video_game_music"",""video_game"":""TEKKEN 8"",""game_rank"":2980,""game_association_kind"":""khinsider_game_soundtrack"",""khinsider_album_url"":""https://downloads.khinsider.com/game-soundtracks/album/tekken"",""khinsider_album_title"":""TEKKEN (tekken)"",""khinsider_album_kind"":""unclassified_game_album"",""khinsider_album_match_score"":100.0,""relevance_score_100"":97.0,""popularity_score_100"":36.05121537866553,""score_100"":72.62048615146621,""popularity_basis"":""BeatHit master-list game rank plus track position proxy""}"
53,Stadium (Arcade),Unknown credited artist,[],Tekken (tekken-1995-ps1),,,"[""video game soundtrack""]","[""und""]",,,,TEKKEN 8,,,khinsider_track_prominence_proxy,36.05121537866553,score_0_100,,,,72.62048615146621,,,,https://downloads.khinsider.com/game-soundtracks/album/tekken-1995-ps1,2026-10-05,Track title is taken from KHInsider's soundtrack/gamerip album index. Popularity is an explicitly labelled proxy based on BeatHit game rank and track prominence.,"{""culture_category"":""video_game_music"",""video_game"":""TEKKEN 8"",""game_rank"":2980,""game_association_kind"":""khinsider_game_soundtrack"",""khinsider_album_url"":""https://downloads.khinsider.com/game-soundtracks/album/tekken-1995-ps1"",""khinsider_album_title"":""Tekken (tekken-1995-ps1)"",""khinsider_album_kind"":""unclassified_game_album"",""khinsider_album_match_score"":100.0,""relevance_score_100"":97.0,""popularity_score_100"":36.05121537866553,""score_100"":72.62048615146621,""popularity_basis"":""BeatHit master-list game rank plus track position proxy""}"
54,Character Select (PS Version),Unknown credited artist,[],Tekken (tekken-2009),,,"[""video game soundtrack""]","[""und""]",,,,TEKKEN 8,,,khinsider_track_prominence_proxy,36.05121537866553,score_0_100,,,,72.62048615146621,,,,https://downloads.khinsider.com/game-soundtracks/album/tekken-2009,2026-10-05,Track title is taken from KHInsider's soundtrack/gamerip album index. Popularity is an explicitly labelled proxy based on BeatHit game rank and track prominence.,"{""culture_category"":""video_game_music"",""video_game"":""TEKKEN 8"",""game_rank"":2980,""game_association_kind"":""khinsider_game_soundtrack"",""khinsider_album_url"":""https://downloads.khinsider.com/game-soundtracks/album/tekken-2009"",""khinsider_album_title"":""Tekken (tekken-2009)"",""khinsider_album_kind"":""unclassified_game_album"",""khinsider_album_match_score"":100.0,""relevance_score_100"":97.0,""popularity_score_100"":36.05121537866553,""score_100"":72.62048615146621,""popularity_basis"":""BeatHit master-list game rank plus track position proxy""}"
55,STAFF ROLL,Unknown credited artist,[],TEKKEN (tekken),,,"[""video game soundtrack""]","[""und""]",,,,TEKKEN 8,,,khinsider_track_prominence_proxy,35.84121537866553,score_0_100,,,,72.5364861514662,,,,https://downloads.khinsider.com/game-soundtracks/album/tekken,2026-10-05,Track title is taken from KHInsider's soundtrack/gamerip album index. Popularity is an explicitly labelled proxy based on BeatHit game rank and track prominence.,"{""culture_category"":""video_game_music"",""video_game"":""TEKKEN 8"",""game_rank"":2980,""game_association_kind"":""khinsider_game_soundtrack"",""khinsider_album_url"":""https://downloads.khinsider.com/game-soundtracks/album/tekken"",""khinsider_album_title"":""TEKKEN (tekken)"",""khinsider_album_kind"":""unclassified_game_album"",""khinsider_album_match_score"":100.0,""relevance_score_100"":97.0,""popularity_score_100"":35.84121537866553,""score_100"":72.5364861514662,""popularity_basis"":""BeatHit master-list game rank plus track position proxy""}"
56,Kyoto (Arcade),Unknown credited artist,[],Tekken (tekken-1995-ps1),,,"[""video game soundtrack""]","[""und""]",,,,TEKKEN 8,,,khinsider_track_prominence_proxy,35.84121537866553,score_0_100,,,,72.5364861514662,,,,https://downloads.khinsider.com/game-soundtracks/album/tekken-1995-ps1,2026-10-05,Track title is taken from KHInsider's soundtrack/gamerip album index. Popularity is an explicitly labelled proxy based on BeatHit game rank and track prominence.,"{""culture_category"":""video_game_music"",""video_game"":""TEKKEN 8"",""game_rank"":2980,""game_association_kind"":""khinsider_game_soundtrack"",""khinsider_album_url"":""https://downloads.khinsider.com/game-soundtracks/album/tekken-1995-ps1"",""khinsider_album_title"":""Tekken (tekken-1995-ps1)"",""khinsider_album_kind"":""unclassified_game_album"",""khinsider_album_match_score"":100.0,""relevance_score_100"":97.0,""popularity_score_100"":35.84121537866553,""score_100"":72.5364861514662,""popularity_basis"":""BeatHit master-list game rank plus track position proxy""}"
57,STAFF ROLE,Unknown credited artist,[],Tekken (tekken-1996),,,"[""video game soundtrack""]","[""und""]",,,,TEKKEN 8,,,khinsider_track_prominence_proxy,35.84121537866553,score_0_100,,,,72.5364861514662,,,,https://downloads.khinsider.com/game-soundtracks/album/tekken-1996,2026-10-05,Track title is taken from KHInsider's soundtrack/gamerip album index. Popularity is an explicitly labelled proxy based on BeatHit game rank and track prominence.,"{""culture_category"":""video_game_music"",""video_game"":""TEKKEN 8"",""game_rank"":2980,""game_association_kind"":""khinsider_game_soundtrack"",""khinsider_album_url"":""https://downloads.khinsider.com/game-soundtracks/album/tekken-1996"",""khinsider_album_title"":""Tekken (tekken-1996)"",""khinsider_album_kind"":""unclassified_game_album"",""khinsider_album_match_score"":100.0,""relevance_score_100"":97.0,""popularity_score_100"":35.84121537866553,""score_100"":72.5364861514662,""popularity_basis"":""BeatHit master-list game rank plus track position proxy""}"
58,"Marine Stadium, Japan (PS Version)",Unknown credited artist,[],Tekken (tekken-2009),,,"[""video game soundtrack""]","[""und""]",,,,TEKKEN 8,,,khinsider_track_prominence_proxy,35.84121537866553,score_0_100,,,,72.5364861514662,,,,https://downloads.khinsider.com/game-soundtracks/album/tekken-2009,2026-10-05,Track title is taken from KHInsider's soundtrack/gamerip album index. Popularity is an explicitly labelled proxy based on BeatHit game rank and track prominence.,"{""culture_category"":""video_game_music"",""video_game"":""TEKKEN 8"",""game_rank"":2980,""game_association_kind"":""khinsider_game_soundtrack"",""khinsider_album_url"":""https://downloads.khinsider.com/game-soundtracks/album/tekken-2009"",""khinsider_album_title"":""Tekken (tekken-2009)"",""khinsider_album_kind"":""unclassified_game_album"",""khinsider_album_match_score"":100.0,""relevance_score_100"":97.0,""popularity_score_100"":35.84121537866553,""score_100"":72.5364861514662,""popularity_basis"":""BeatHit master-list game rank plus track position proxy""}"
59,NAME ENTRY,Unknown credited artist,[],TEKKEN (tekken),,,"[""video game soundtrack""]","[""und""]",,,,TEKKEN 8,,,khinsider_track_prominence_proxy,35.63121537866553,score_0_100,,,,72.4524861514662,,,,https://downloads.khinsider.com/game-soundtracks/album/tekken,2026-10-05,Track title is taken from KHInsider's soundtrack/gamerip album index. Popularity is an explicitly labelled proxy based on BeatHit game rank and track prominence.,"{""culture_category"":""video_game_music"",""video_game"":""TEKKEN 8"",""game_rank"":2980,""game_association_kind"":""khinsider_game_soundtrack"",""khinsider_album_url"":""https://downloads.khinsider.com/game-soundtracks/album/tekken"",""khinsider_album_title"":""TEKKEN (tekken)"",""khinsider_album_kind"":""unclassified_game_album"",""khinsider_album_match_score"":100.0,""relevance_score_100"":97.0,""popularity_score_100"":35.63121537866553,""score_100"":72.4524861514662,""popularity_basis"":""BeatHit master-list game rank plus track position proxy""}"
60,Angkor Vat (Arcade),Unknown credited artist,[],Tekken (tekken-1995-ps1),,,"[""video game soundtrack""]","[""und""]",,,,TEKKEN 8,,,khinsider_track_prominence_proxy,35.63121537866553,score_0_100,,,,72.4524861514662,,,,https://downloads.khinsider.com/game-soundtracks/album/tekken-1995-ps1,2026-10-05,Track title is taken from KHInsider's soundtrack/gamerip album index. Popularity is an explicitly labelled proxy based on BeatHit game rank and track prominence.,"{""culture_category"":""video_game_music"",""video_game"":""TEKKEN 8"",""game_rank"":2980,""game_association_kind"":""khinsider_game_soundtrack"",""khinsider_album_url"":""https://downloads.khinsider.com/game-soundtracks/album/tekken-1995-ps1"",""khinsider_album_title"":""Tekken (tekken-1995-ps1)"",""khinsider_album_kind"":""unclassified_game_album"",""khinsider_album_match_score"":100.0,""relevance_score_100"":97.0,""popularity_score_100"":35.63121537866553,""score_100"":72.4524861514662,""popularity_basis"":""BeatHit master-list game rank plus track position proxy""}"
61,"Chicago, U.S.A. (PS Version)",Unknown credited artist,[],Tekken (tekken-2009),,,"[""video game soundtrack""]","[""und""]",,,,TEKKEN 8,,,khinsider_track_prominence_proxy,35.63121537866553,score_0_100,,,,72.4524861514662,,,,https://downloads.khinsider.com/game-soundtracks/album/tekken-2009,2026-10-05,Track title is taken from KHInsider's soundtrack/gamerip album index. Popularity is an explicitly labelled proxy based on BeatHit game rank and track prominence.,"{""culture_category"":""video_game_music"",""video_game"":""TEKKEN 8"",""game_rank"":2980,""game_association_kind"":""khinsider_game_soundtrack"",""khinsider_album_url"":""https://downloads.khinsider.com/game-soundtracks/album/tekken-2009"",""khinsider_album_title"":""Tekken (tekken-2009)"",""khinsider_album_kind"":""unclassified_game_album"",""khinsider_album_match_score"":100.0,""relevance_score_100"":97.0,""popularity_score_100"":35.63121537866553,""score_100"":72.4524861514662,""popularity_basis"":""BeatHit master-list game rank plus track position proxy""}"
62,NIGHT IN CHICAGO,Unknown credited artist,[],TEKKEN (tekken),,,"[""video game soundtrack""]","[""und""]",,,,TEKKEN 8,,,khinsider_track_prominence_proxy,35.421215378665536,score_0_100,,,,72.36848615146621,,,,https://downloads.khinsider.com/game-soundtracks/album/tekken,2026-10-05,Track title is taken from KHInsider's soundtrack/gamerip album index. Popularity is an explicitly labelled proxy based on BeatHit game rank and track prominence.,"{""culture_category"":""video_game_music"",""video_game"":""TEKKEN 8"",""game_rank"":2980,""game_association_kind"":""khinsider_game_soundtrack"",""khinsider_album_url"":""https://downloads.khinsider.com/game-soundtracks/album/tekken"",""khinsider_album_title"":""TEKKEN (tekken)"",""khinsider_album_kind"":""unclassified_game_album"",""khinsider_album_match_score"":100.0,""relevance_score_100"":97.0,""popularity_score_100"":35.421215378665536,""score_100"":72.36848615146621,""popularity_basis"":""BeatHit master-list game rank plus track position proxy""}"
63,Szechwan (Arcade),Unknown credited artist,[],Tekken (tekken-1995-ps1),,,"[""video game soundtrack""]","[""und""]",,,,TEKKEN 8,,,khinsider_track_prominence_proxy,35.421215378665536,score_0_100,,,,72.36848615146621,,,,https://downloads.khinsider.com/game-soundtracks/album/tekken-1995-ps1,2026-10-05,Track title is taken from KHInsider's soundtrack/gamerip album index. Popularity is an explicitly labelled proxy based on BeatHit game rank and track prominence.,"{""culture_category"":""video_game_music"",""video_game"":""TEKKEN 8"",""game_rank"":2980,""game_association_kind"":""khinsider_game_soundtrack"",""khinsider_album_url"":""https://downloads.khinsider.com/game-soundtracks/album/tekken-1995-ps1"",""khinsider_album_title"":""Tekken (tekken-1995-ps1)"",""khinsider_album_kind"":""unclassified_game_album"",""khinsider_album_match_score"":100.0,""relevance_score_100"":97.0,""popularity_score_100"":35.421215378665536,""score_100"":72.36848615146621,""popularity_basis"":""BeatHit master-list game rank plus track position proxy""}"
64,"Sichuan, China (PS Version)",Unknown credited artist,[],Tekken (tekken-2009),,,"[""video game soundtrack""]","[""und""]",,,,TEKKEN 8,,,khinsider_track_prominence_proxy,35.421215378665536,score_0_100,,,,72.36848615146621,,,,https://downloads.khinsider.com/game-soundtracks/album/tekken-2009,2026-10-05,Track title is taken from KHInsider's soundtrack/gamerip album index. Popularity is an explicitly labelled proxy based on BeatHit game rank and track prominence.,"{""culture_category"":""video_game_music"",""video_game"":""TEKKEN 8"",""game_rank"":2980,""game_association_kind"":""khinsider_game_soundtrack"",""khinsider_album_url"":""https://downloads.khinsider.com/game-soundtracks/album/tekken-2009"",""khinsider_album_title"":""Tekken (tekken-2009)"",""khinsider_album_kind"":""unclassified_game_album"",""khinsider_album_match_score"":100.0,""relevance_score_100"":97.0,""popularity_score_100"":35.421215378665536,""score_100"":72.36848615146621,""popularity_basis"":""BeatHit master-list game rank plus track position proxy""}"
65,(WINDERMERE DEEP DUB EXPLOSION) BY DUBTRONIX,Unknown credited artist,[],TEKKEN (tekken),,,"[""video game soundtrack""]","[""und""]",,,,TEKKEN 8,,,khinsider_track_prominence_proxy,35.211215378665536,score_0_100,,,,72.28448615146621,,,,https://downloads.khinsider.com/game-soundtracks/album/tekken,2026-10-05,Track title is taken from KHInsider's soundtrack/gamerip album index. Popularity is an explicitly labelled proxy based on BeatHit game rank and track prominence.,"{""culture_category"":""video_game_music"",""video_game"":""TEKKEN 8"",""game_rank"":2980,""game_association_kind"":""khinsider_game_soundtrack"",""khinsider_album_url"":""https://downloads.khinsider.com/game-soundtracks/album/tekken"",""khinsider_album_title"":""TEKKEN (tekken)"",""khinsider_album_kind"":""unclassified_game_album"",""khinsider_album_match_score"":100.0,""relevance_score_100"":97.0,""popularity_score_100"":35.211215378665536,""score_100"":72.28448615146621,""popularity_basis"":""BeatHit master-list game rank plus track position proxy""}"
66,Akropolis (Arcade),Unknown credited artist,[],Tekken (tekken-1995-ps1),,,"[""video game soundtrack""]","[""und""]",,,,TEKKEN 8,,,khinsider_track_prominence_proxy,35.211215378665536,score_0_100,,,,72.28448615146621,,,,https://downloads.khinsider.com/game-soundtracks/album/tekken-1995-ps1,2026-10-05,Track title is taken from KHInsider's soundtrack/gamerip album index. Popularity is an explicitly labelled proxy based on BeatHit game rank and track prominence.,"{""culture_category"":""video_game_music"",""video_game"":""TEKKEN 8"",""game_rank"":2980,""game_association_kind"":""khinsider_game_soundtrack"",""khinsider_album_url"":""https://downloads.khinsider.com/game-soundtracks/album/tekken-1995-ps1"",""khinsider_album_title"":""Tekken (tekken-1995-ps1)"",""khinsider_album_kind"":""unclassified_game_album"",""khinsider_album_match_score"":100.0,""relevance_score_100"":97.0,""popularity_score_100"":35.211215378665536,""score_100"":72.28448615146621,""popularity_basis"":""BeatHit master-list game rank plus track position proxy""}"
67,POWER STADIUM - 80'S MIX,Unknown credited artist,[],Tekken (tekken-1996),,,"[""video game soundtrack""]","[""und""]",,,,TEKKEN 8,,,khinsider_track_prominence_proxy,35.211215378665536,score_0_100,,,,72.28448615146621,,,,https://downloads.khinsider.com/game-soundtracks/album/tekken-1996,2026-10-05,Track title is taken from KHInsider's soundtrack/gamerip album index. Popularity is an explicitly labelled proxy based on BeatHit game rank and track prominence.,"{""culture_category"":""video_game_music"",""video_game"":""TEKKEN 8"",""game_rank"":2980,""game_association_kind"":""khinsider_game_soundtrack"",""khinsider_album_url"":""https://downloads.khinsider.com/game-soundtracks/album/tekken-1996"",""khinsider_album_title"":""Tekken (tekken-1996)"",""khinsider_album_kind"":""unclassified_game_album"",""khinsider_album_match_score"":100.0,""relevance_score_100"":97.0,""popularity_score_100"":35.211215378665536,""score_100"":72.28448615146621,""popularity_basis"":""BeatHit master-list game rank plus track position proxy""}"
68,"Angkor Wat, Cambodia (PS Version)",Unknown credited artist,[],Tekken (tekken-2009),,,"[""video game soundtrack""]","[""und""]",,,,TEKKEN 8,,,khinsider_track_prominence_proxy,35.211215378665536,score_0_100,,,,72.28448615146621,,,,https://downloads.khinsider.com/game-soundtracks/album/tekken-2009,2026-10-05,Track title is taken from KHInsider's soundtrack/gamerip album index. Popularity is an explicitly labelled proxy based on BeatHit game rank and track prominence.,"{""culture_category"":""video_game_music"",""video_game"":""TEKKEN 8"",""game_rank"":2980,""game_association_kind"":""khinsider_game_soundtrack"",""khinsider_album_url"":""https://downloads.khinsider.com/game-soundtracks/album/tekken-2009"",""khinsider_album_title"":""Tekken (tekken-2009)"",""khinsider_album_kind"":""unclassified_game_album"",""khinsider_album_match_score"":100.0,""relevance_score_100"":97.0,""popularity_score_100"":35.211215378665536,""score_100"":72.28448615146621,""popularity_basis"":""BeatHit master-list game rank plus track position proxy""}"
69,(WINDERMERE ULTROPHONIC MIX) BY DUBTRONIX,Unknown credited artist,[],TEKKEN (tekken),,,"[""video game soundtrack""]","[""und""]",,,,TEKKEN 8,,,khinsider_track_prominence_proxy,35.001215378665535,score_0_100,,,,72.20048615146621,,,,https://downloads.khinsider.com/game-soundtracks/album/tekken,2026-10-05,Track title is taken from KHInsider's soundtrack/gamerip album index. Popularity is an explicitly labelled proxy based on BeatHit game rank and track prominence.,"{""culture_category"":""video_game_music"",""video_game"":""TEKKEN 8"",""game_rank"":2980,""game_association_kind"":""khinsider_game_soundtrack"",""khinsider_album_url"":""https://downloads.khinsider.com/game-soundtracks/album/tekken"",""khinsider_album_title"":""TEKKEN (tekken)"",""khinsider_album_kind"":""unclassified_game_album"",""khinsider_album_match_score"":100.0,""relevance_score_100"":97.0,""popularity_score_100"":35.001215378665535,""score_100"":72.20048615146621,""popularity_basis"":""BeatHit master-list game rank plus track position proxy""}"
70,Venezia (Arcade),Unknown credited artist,[],Tekken (tekken-1995-ps1),,,"[""video game soundtrack""]","[""und""]",,,,TEKKEN 8,,,khinsider_track_prominence_proxy,35.001215378665535,score_0_100,,,,72.20048615146621,,,,https://downloads.khinsider.com/game-soundtracks/album/tekken-1995-ps1,2026-10-05,Track title is taken from KHInsider's soundtrack/gamerip album index. Popularity is an explicitly labelled proxy based on BeatHit game rank and track prominence.,"{""culture_category"":""video_game_music"",""video_game"":""TEKKEN 8"",""game_rank"":2980,""game_association_kind"":""khinsider_game_soundtrack"",""khinsider_album_url"":""https://downloads.khinsider.com/game-soundtracks/album/tekken-1995-ps1"",""khinsider_album_title"":""Tekken (tekken-1995-ps1)"",""khinsider_album_kind"":""unclassified_game_album"",""khinsider_album_match_score"":100.0,""relevance_score_100"":97.0,""popularity_score_100"":35.001215378665535,""score_100"":72.20048615146621,""popularity_basis"":""BeatHit master-list game rank plus track position proxy""}"
71,MARTIAL MASTER - BILLY'S MIX,Unknown credited artist,[],Tekken (tekken-1996),,,"[""video game soundtrack""]","[""und""]",,,,TEKKEN 8,,,khinsider_track_prominence_proxy,35.001215378665535,score_0_100,,,,72.20048615146621,,,,https://downloads.khinsider.com/game-soundtracks/album/tekken-1996,2026-10-05,Track title is taken from KHInsider's soundtrack/gamerip album index. Popularity is an explicitly labelled proxy based on BeatHit game rank and track prominence.,"{""culture_category"":""video_game_music"",""video_game"":""TEKKEN 8"",""game_rank"":2980,""game_association_kind"":""khinsider_game_soundtrack"",""khinsider_album_url"":""https://downloads.khinsider.com/game-soundtracks/album/tekken-1996"",""khinsider_album_title"":""Tekken (tekken-1996)"",""khinsider_album_kind"":""unclassified_game_album"",""khinsider_album_match_score"":100.0,""relevance_score_100"":97.0,""popularity_score_100"":35.001215378665535,""score_100"":72.20048615146621,""popularity_basis"":""BeatHit master-list game rank plus track position proxy""}"
72,Fiji (PS Version),Unknown credited artist,[],Tekken (tekken-2009),,,"[""video game soundtrack""]","[""und""]",,,,TEKKEN 8,,,khinsider_track_prominence_proxy,35.001215378665535,score_0_100,,,,72.20048615146621,,,,https://downloads.khinsider.com/game-soundtracks/album/tekken-2009,2026-10-05,Track title is taken from KHInsider's soundtrack/gamerip album index. Popularity is an explicitly labelled proxy based on BeatHit game rank and track prominence.,"{""culture_category"":""video_game_music"",""video_game"":""TEKKEN 8"",""game_rank"":2980,""game_association_kind"":""khinsider_game_soundtrack"",""khinsider_album_url"":""https://downloads.khinsider.com/game-soundtracks/album/tekken-2009"",""khinsider_album_title"":""Tekken (tekken-2009)"",""khinsider_album_kind"":""unclassified_game_album"",""khinsider_album_match_score"":100.0,""relevance_score_100"":97.0,""popularity_score_100"":35.001215378665535,""score_100"":72.20048615146621,""popularity_basis"":""BeatHit master-list game rank plus track position proxy""}"
73,(ACROPOLIS TRINITORON MIX) BY SAMPLING MASTERS A,Unknown credited artist,[],TEKKEN (tekken),,,"[""video game soundtrack""]","[""und""]",,,,TEKKEN 8,,,khinsider_track_prominence_proxy,34.791215378665534,score_0_100,,,,72.1164861514662,,,,https://downloads.khinsider.com/game-soundtracks/album/tekken,2026-10-05,Track title is taken from KHInsider's soundtrack/gamerip album index. Popularity is an explicitly labelled proxy based on BeatHit game rank and track prominence.,"{""culture_category"":""video_game_music"",""video_game"":""TEKKEN 8"",""game_rank"":2980,""game_association_kind"":""khinsider_game_soundtrack"",""khinsider_album_url"":""https://downloads.khinsider.com/game-soundtracks/album/tekken"",""khinsider_album_title"":""TEKKEN (tekken)"",""khinsider_album_kind"":""unclassified_game_album"",""khinsider_album_match_score"":100.0,""relevance_score_100"":97.0,""popularity_score_100"":34.791215378665534,""score_100"":72.1164861514662,""popularity_basis"":""BeatHit master-list game rank plus track position proxy""}"
74,Windermere (Arcade),Unknown credited artist,[],Tekken (tekken-1995-ps1),,,"[""video game soundtrack""]","[""und""]",,,,TEKKEN 8,,,khinsider_track_prominence_proxy,34.791215378665534,score_0_100,,,,72.1164861514662,,,,https://downloads.khinsider.com/game-soundtracks/album/tekken-1995-ps1,2026-10-05,Track title is taken from KHInsider's soundtrack/gamerip album index. Popularity is an explicitly labelled proxy based on BeatHit game rank and track prominence.,"{""culture_category"":""video_game_music"",""video_game"":""TEKKEN 8"",""game_rank"":2980,""game_association_kind"":""khinsider_game_soundtrack"",""khinsider_album_url"":""https://downloads.khinsider.com/game-soundtracks/album/tekken-1995-ps1"",""khinsider_album_title"":""Tekken (tekken-1995-ps1)"",""khinsider_album_kind"":""unclassified_game_album"",""khinsider_album_match_score"":100.0,""relevance_score_100"":97.0,""popularity_score_100"":34.791215378665534,""score_100"":72.1164861514662,""popularity_basis"":""BeatHit master-list game rank plus track position proxy""}"
75,"Acropolis, Greece (PS Version)",Unknown credited artist,[],Tekken (tekken-2009),,,"[""video game soundtrack""]","[""und""]",,,,TEKKEN 8,,,khinsider_track_prominence_proxy,34.791215378665534,score_0_100,,,,72.1164861514662,,,,https://downloads.khinsider.com/game-soundtracks/album/tekken-2009,2026-10-05,Track title is taken from KHInsider's soundtrack/gamerip album index. Popularity is an explicitly labelled proxy based on BeatHit game rank and track prominence.,"{""culture_category"":""video_game_music"",""video_game"":""TEKKEN 8"",""game_rank"":2980,""game_association_kind"":""khinsider_game_soundtrack"",""khinsider_album_url"":""https://downloads.khinsider.com/game-soundtracks/album/tekken-2009"",""khinsider_album_title"":""Tekken (tekken-2009)"",""khinsider_album_kind"":""unclassified_game_album"",""khinsider_album_match_score"":100.0,""relevance_score_100"":97.0,""popularity_score_100"":34.791215378665534,""score_100"":72.1164861514662,""popularity_basis"":""BeatHit master-list game rank plus track position proxy""}"
76,(WINDERMERE RECYCLE MIX) BY SAMPLING MASTERS B,Unknown credited artist,[],TEKKEN (tekken),,,"[""video game soundtrack""]","[""und""]",,,,TEKKEN 8,,,khinsider_track_prominence_proxy,34.58121537866553,score_0_100,,,,72.0324861514662,,,,https://downloads.khinsider.com/game-soundtracks/album/tekken,2026-10-05,Track title is taken from KHInsider's soundtrack/gamerip album index. Popularity is an explicitly labelled proxy based on BeatHit game rank and track prominence.,"{""culture_category"":""video_game_music"",""video_game"":""TEKKEN 8"",""game_rank"":2980,""game_association_kind"":""khinsider_game_soundtrack"",""khinsider_album_url"":""https://downloads.khinsider.com/game-soundtracks/album/tekken"",""khinsider_album_title"":""TEKKEN (tekken)"",""khinsider_album_kind"":""unclassified_game_album"",""khinsider_album_match_score"":100.0,""relevance_score_100"":97.0,""popularity_score_100"":34.58121537866553,""score_100"":72.0324861514662,""popularity_basis"":""BeatHit master-list game rank plus track position proxy""}"
77,King George Island (Arcade),Unknown credited artist,[],Tekken (tekken-1995-ps1),,,"[""video game soundtrack""]","[""und""]",,,,TEKKEN 8,,,khinsider_track_prominence_proxy,34.58121537866553,score_0_100,,,,72.0324861514662,,,,https://downloads.khinsider.com/game-soundtracks/album/tekken-1995-ps1,2026-10-05,Track title is taken from KHInsider's soundtrack/gamerip album index. Popularity is an explicitly labelled proxy based on BeatHit game rank and track prominence.,"{""culture_category"":""video_game_music"",""video_game"":""TEKKEN 8"",""game_rank"":2980,""game_association_kind"":""khinsider_game_soundtrack"",""khinsider_album_url"":""https://downloads.khinsider.com/game-soundtracks/album/tekken-1995-ps1"",""khinsider_album_title"":""Tekken (tekken-1995-ps1)"",""khinsider_album_kind"":""unclassified_game_album"",""khinsider_album_match_score"":100.0,""relevance_score_100"":97.0,""popularity_score_100"":34.58121537866553,""score_100"":72.0324861514662,""popularity_basis"":""BeatHit master-list game rank plus track position proxy""}"
78,"Kyoto, Japan (PS Version)",Unknown credited artist,[],Tekken (tekken-2009),,,"[""video game soundtrack""]","[""und""]",,,,TEKKEN 8,,,khinsider_track_prominence_proxy,34.58121537866553,score_0_100,,,,72.0324861514662,,,,https://downloads.khinsider.com/game-soundtracks/album/tekken-2009,2026-10-05,Track title is taken from KHInsider's soundtrack/gamerip album index. Popularity is an explicitly labelled proxy based on BeatHit game rank and track prominence.,"{""culture_category"":""video_game_music"",""video_game"":""TEKKEN 8"",""game_rank"":2980,""game_association_kind"":""khinsider_game_soundtrack"",""khinsider_album_url"":""https://downloads.khinsider.com/game-soundtracks/album/tekken-2009"",""khinsider_album_title"":""Tekken (tekken-2009)"",""khinsider_album_kind"":""unclassified_game_album"",""khinsider_album_match_score"":100.0,""relevance_score_100"":97.0,""popularity_score_100"":34.58121537866553,""score_100"":72.0324861514662,""popularity_basis"":""BeatHit master-list game rank plus track position proxy""}"
79,Chicago (Arcade),Unknown credited artist,[],Tekken (tekken-1995-ps1),,,"[""video game soundtrack""]","[""und""]",,,,TEKKEN 8,,,khinsider_track_prominence_proxy,34.37121537866553,score_0_100,,,,71.94848615146621,,,,https://downloads.khinsider.com/game-soundtracks/album/tekken-1995-ps1,2026-10-05,Track title is taken from KHInsider's soundtrack/gamerip album index. Popularity is an explicitly labelled proxy based on BeatHit game rank and track prominence.,"{""culture_category"":""video_game_music"",""video_game"":""TEKKEN 8"",""game_rank"":2980,""game_association_kind"":""khinsider_game_soundtrack"",""khinsider_album_url"":""https://downloads.khinsider.com/game-soundtracks/album/tekken-1995-ps1"",""khinsider_album_title"":""Tekken (tekken-1995-ps1)"",""khinsider_album_kind"":""unclassified_game_album"",""khinsider_album_match_score"":100.0,""relevance_score_100"":97.0,""popularity_score_100"":34.37121537866553,""score_100"":71.94848615146621,""popularity_basis"":""BeatHit master-list game rank plus track position proxy""}"
80,"King George Island, Antartica (PS Version)",Unknown credited artist,[],Tekken (tekken-2009),,,"[""video game soundtrack""]","[""und""]",,,,TEKKEN 8,,,khinsider_track_prominence_proxy,34.37121537866553,score_0_100,,,,71.94848615146621,,,,https://downloads.khinsider.com/game-soundtracks/album/tekken-2009,2026-10-05,Track title is taken from KHInsider's soundtrack/gamerip album index. Popularity is an explicitly labelled proxy based on BeatHit game rank and track prominence.,"{""culture_category"":""video_game_music"",""video_game"":""TEKKEN 8"",""game_rank"":2980,""game_association_kind"":""khinsider_game_soundtrack"",""khinsider_album_url"":""https://downloads.khinsider.com/game-soundtracks/album/tekken-2009"",""khinsider_album_title"":""Tekken (tekken-2009)"",""khinsider_album_kind"":""unclassified_game_album"",""khinsider_album_match_score"":100.0,""relevance_score_100"":97.0,""popularity_score_100"":34.37121537866553,""score_100"":71.94848615146621,""popularity_basis"":""BeatHit master-list game rank plus track position proxy""}"
81,Monument Valley (Arcade),Unknown credited artist,[],Tekken (tekken-1995-ps1),,,"[""video game soundtrack""]","[""und""]",,,,TEKKEN 8,,,khinsider_track_prominence_proxy,34.16121537866553,score_0_100,,,,71.86448615146621,,,,https://downloads.khinsider.com/game-soundtracks/album/tekken-1995-ps1,2026-10-05,Track title is taken from KHInsider's soundtrack/gamerip album index. Popularity is an explicitly labelled proxy based on BeatHit game rank and track prominence.,"{""culture_category"":""video_game_music"",""video_game"":""TEKKEN 8"",""game_rank"":2980,""game_association_kind"":""khinsider_game_soundtrack"",""khinsider_album_url"":""https://downloads.khinsider.com/game-soundtracks/album/tekken-1995-ps1"",""khinsider_album_title"":""Tekken (tekken-1995-ps1)"",""khinsider_album_kind"":""unclassified_game_album"",""khinsider_album_match_score"":100.0,""relevance_score_100"":97.0,""popularity_score_100"":34.16121537866553,""score_100"":71.86448615146621,""popularity_basis"":""BeatHit master-list game rank plus track position proxy""}"
82,"Venezia, Italy (PS Version)",Unknown credited artist,[],Tekken (tekken-2009),,,"[""video game soundtrack""]","[""und""]",,,,TEKKEN 8,,,khinsider_track_prominence_proxy,34.16121537866553,score_0_100,,,,71.86448615146621,,,,https://downloads.khinsider.com/game-soundtracks/album/tekken-2009,2026-10-05,Track title is taken from KHInsider's soundtrack/gamerip album index. Popularity is an explicitly labelled proxy based on BeatHit game rank and track prominence.,"{""culture_category"":""video_game_music"",""video_game"":""TEKKEN 8"",""game_rank"":2980,""game_association_kind"":""khinsider_game_soundtrack"",""khinsider_album_url"":""https://downloads.khinsider.com/game-soundtracks/album/tekken-2009"",""khinsider_album_title"":""Tekken (tekken-2009)"",""khinsider_album_kind"":""unclassified_game_album"",""khinsider_album_match_score"":100.0,""relevance_score_100"":97.0,""popularity_score_100"":34.16121537866553,""score_100"":71.86448615146621,""popularity_basis"":""BeatHit master-list game rank plus track position proxy""}"
83,Fiji (Arcade),Unknown credited artist,[],Tekken (tekken-1995-ps1),,,"[""video game soundtrack""]","[""und""]",,,,TEKKEN 8,,,khinsider_track_prominence_proxy,33.95121537866553,score_0_100,,,,71.7804861514662,,,,https://downloads.khinsider.com/game-soundtracks/album/tekken-1995-ps1,2026-10-05,Track title is taken from KHInsider's soundtrack/gamerip album index. Popularity is an explicitly labelled proxy based on BeatHit game rank and track prominence.,"{""culture_category"":""video_game_music"",""video_game"":""TEKKEN 8"",""game_rank"":2980,""game_association_kind"":""khinsider_game_soundtrack"",""khinsider_album_url"":""https://downloads.khinsider.com/game-soundtracks/album/tekken-1995-ps1"",""khinsider_album_title"":""Tekken (tekken-1995-ps1)"",""khinsider_album_kind"":""unclassified_game_album"",""khinsider_album_match_score"":100.0,""relevance_score_100"":97.0,""popularity_score_100"":33.95121537866553,""score_100"":71.7804861514662,""popularity_basis"":""BeatHit master-list game rank plus track position proxy""}"
84,"Windermere, U.K. (PS Version)",Unknown credited artist,[],Tekken (tekken-2009),,,"[""video game soundtrack""]","[""und""]",,,,TEKKEN 8,,,khinsider_track_prominence_proxy,33.95121537866553,score_0_100,,,,71.7804861514662,,,,https://downloads.khinsider.com/game-soundtracks/album/tekken-2009,2026-10-05,Track title is taken from KHInsider's soundtrack/gamerip album index. Popularity is an explicitly labelled proxy based on BeatHit game rank and track prominence.,"{""culture_category"":""video_game_music"",""video_game"":""TEKKEN 8"",""game_rank"":2980,""game_association_kind"":""khinsider_game_soundtrack"",""khinsider_album_url"":""https://downloads.khinsider.com/game-soundtracks/album/tekken-2009"",""khinsider_album_title"":""Tekken (tekken-2009)"",""khinsider_album_kind"":""unclassified_game_album"",""khinsider_album_match_score"":100.0,""relevance_score_100"":97.0,""popularity_score_100"":33.95121537866553,""score_100"":71.7804861514662,""popularity_basis"":""BeatHit master-list game rank plus track position proxy""}"
85,Opening (Movie),Unknown credited artist,[],Tekken (tekken-1995-ps1),,,"[""video game soundtrack""]","[""und""]",,,,TEKKEN 8,,,khinsider_track_prominence_proxy,33.74121537866553,score_0_100,,,,71.6964861514662,,,,https://downloads.khinsider.com/game-soundtracks/album/tekken-1995-ps1,2026-10-05,Track title is taken from KHInsider's soundtrack/gamerip album index. Popularity is an explicitly labelled proxy based on BeatHit game rank and track prominence.,"{""culture_category"":""video_game_music"",""video_game"":""TEKKEN 8"",""game_rank"":2980,""game_association_kind"":""khinsider_game_soundtrack"",""khinsider_album_url"":""https://downloads.khinsider.com/game-soundtracks/album/tekken-1995-ps1"",""khinsider_album_title"":""Tekken (tekken-1995-ps1)"",""khinsider_album_kind"":""unclassified_game_album"",""khinsider_album_match_score"":100.0,""relevance_score_100"":97.0,""popularity_score_100"":33.74121537866553,""score_100"":71.6964861514662,""popularity_basis"":""BeatHit master-list game rank plus track position proxy""}"
86,"Monument Valley, U.S.A. (PS Version)",Unknown credited artist,[],Tekken (tekken-2009),,,"[""video game soundtrack""]","[""und""]",,,,TEKKEN 8,,,khinsider_track_prominence_proxy,33.74121537866553,score_0_100,,,,71.6964861514662,,,,https://downloads.khinsider.com/game-soundtracks/album/tekken-2009,2026-10-05,Track title is taken from KHInsider's soundtrack/gamerip album index. Popularity is an explicitly labelled proxy based on BeatHit game rank and track prominence.,"{""culture_category"":""video_game_music"",""video_game"":""TEKKEN 8"",""game_rank"":2980,""game_association_kind"":""khinsider_game_soundtrack"",""khinsider_album_url"":""https://downloads.khinsider.com/game-soundtracks/album/tekken-2009"",""khinsider_album_title"":""Tekken (tekken-2009)"",""khinsider_album_kind"":""unclassified_game_album"",""khinsider_album_match_score"":100.0,""relevance_score_100"":97.0,""popularity_score_100"":33.74121537866553,""score_100"":71.6964861514662,""popularity_basis"":""BeatHit master-list game rank plus track position proxy""}"
87,Opening Kazuya Version (Movie),Unknown credited artist,[],Tekken (tekken-1995-ps1),,,"[""video game soundtrack""]","[""und""]",,,,TEKKEN 8,,,khinsider_track_prominence_proxy,33.53121537866553,score_0_100,,,,71.61248615146621,,,,https://downloads.khinsider.com/game-soundtracks/album/tekken-1995-ps1,2026-10-05,Track title is taken from KHInsider's soundtrack/gamerip album index. Popularity is an explicitly labelled proxy based on BeatHit game rank and track prominence.,"{""culture_category"":""video_game_music"",""video_game"":""TEKKEN 8"",""game_rank"":2980,""game_association_kind"":""khinsider_game_soundtrack"",""khinsider_album_url"":""https://downloads.khinsider.com/game-soundtracks/album/tekken-1995-ps1"",""khinsider_album_title"":""Tekken (tekken-1995-ps1)"",""khinsider_album_kind"":""unclassified_game_album"",""khinsider_album_match_score"":100.0,""relevance_score_100"":97.0,""popularity_score_100"":33.53121537866553,""score_100"":71.61248615146621,""popularity_basis"":""BeatHit master-list game rank plus track position proxy""}"
88,Ending (PS Version),Unknown credited artist,[],Tekken (tekken-2009),,,"[""video game soundtrack""]","[""und""]",,,,TEKKEN 8,,,khinsider_track_prominence_proxy,33.53121537866553,score_0_100,,,,71.61248615146621,,,,https://downloads.khinsider.com/game-soundtracks/album/tekken-2009,2026-10-05,Track title is taken from KHInsider's soundtrack/gamerip album index. Popularity is an explicitly labelled proxy based on BeatHit game rank and track prominence.,"{""culture_category"":""video_game_music"",""video_game"":""TEKKEN 8"",""game_rank"":2980,""game_association_kind"":""khinsider_game_soundtrack"",""khinsider_album_url"":""https://downloads.khinsider.com/game-soundtracks/album/tekken-2009"",""khinsider_album_title"":""Tekken (tekken-2009)"",""khinsider_album_kind"":""unclassified_game_album"",""khinsider_album_match_score"":100.0,""relevance_score_100"":97.0,""popularity_score_100"":33.53121537866553,""score_100"":71.61248615146621,""popularity_basis"":""BeatHit master-list game rank plus track position proxy""}"
89,Jack (Movie),Unknown credited artist,[],Tekken (tekken-1995-ps1),,,"[""video game soundtrack""]","[""und""]",,,,TEKKEN 8,,,khinsider_track_prominence_proxy,33.321215378665535,score_0_100,,,,71.52848615146621,,,,https://downloads.khinsider.com/game-soundtracks/album/tekken-1995-ps1,2026-10-05,Track title is taken from KHInsider's soundtrack/gamerip album index. Popularity is an explicitly labelled proxy based on BeatHit game rank and track prominence.,"{""culture_category"":""video_game_music"",""video_game"":""TEKKEN 8"",""game_rank"":2980,""game_association_kind"":""khinsider_game_soundtrack"",""khinsider_album_url"":""https://downloads.khinsider.com/game-soundtracks/album/tekken-1995-ps1"",""khinsider_album_title"":""Tekken (tekken-1995-ps1)"",""khinsider_album_kind"":""unclassified_game_album"",""khinsider_album_match_score"":100.0,""relevance_score_100"":97.0,""popularity_score_100"":33.321215378665535,""score_100"":71.52848615146621,""popularity_basis"":""BeatHit master-list game rank plus track position proxy""}"
90,Staff Role (PS Version),Unknown credited artist,[],Tekken (tekken-2009),,,"[""video game soundtrack""]","[""und""]",,,,TEKKEN 8,,,khinsider_track_prominence_proxy,33.321215378665535,score_0_100,,,,71.52848615146621,,,,https://downloads.khinsider.com/game-soundtracks/album/tekken-2009,2026-10-05,Track title is taken from KHInsider's soundtrack/gamerip album index. Popularity is an explicitly labelled proxy based on BeatHit game rank and track prominence.,"{""culture_category"":""video_game_music"",""video_game"":""TEKKEN 8"",""game_rank"":2980,""game_association_kind"":""khinsider_game_soundtrack"",""khinsider_album_url"":""https://downloads.khinsider.com/game-soundtracks/album/tekken-2009"",""khinsider_album_title"":""Tekken (tekken-2009)"",""khinsider_album_kind"":""unclassified_game_album"",""khinsider_album_match_score"":100.0,""relevance_score_100"":97.0,""popularity_score_100"":33.321215378665535,""score_100"":71.52848615146621,""popularity_basis"":""BeatHit master-list game rank plus track position proxy""}"
91,Kazuya (Movie),Unknown credited artist,[],Tekken (tekken-1995-ps1),,,"[""video game soundtrack""]","[""und""]",,,,TEKKEN 8,,,khinsider_track_prominence_proxy,33.111215378665534,score_0_100,,,,71.44448615146621,,,,https://downloads.khinsider.com/game-soundtracks/album/tekken-1995-ps1,2026-10-05,Track title is taken from KHInsider's soundtrack/gamerip album index. Popularity is an explicitly labelled proxy based on BeatHit game rank and track prominence.,"{""culture_category"":""video_game_music"",""video_game"":""TEKKEN 8"",""game_rank"":2980,""game_association_kind"":""khinsider_game_soundtrack"",""khinsider_album_url"":""https://downloads.khinsider.com/game-soundtracks/album/tekken-1995-ps1"",""khinsider_album_title"":""Tekken (tekken-1995-ps1)"",""khinsider_album_kind"":""unclassified_game_album"",""khinsider_album_match_score"":100.0,""relevance_score_100"":97.0,""popularity_score_100"":33.111215378665534,""score_100"":71.44448615146621,""popularity_basis"":""BeatHit master-list game rank plus track position proxy""}"
92,Name Entry (PS Version),Unknown credited artist,[],Tekken (tekken-2009),,,"[""video game soundtrack""]","[""und""]",,,,TEKKEN 8,,,khinsider_track_prominence_proxy,33.111215378665534,score_0_100,,,,71.44448615146621,,,,https://downloads.khinsider.com/game-soundtracks/album/tekken-2009,2026-10-05,Track title is taken from KHInsider's soundtrack/gamerip album index. Popularity is an explicitly labelled proxy based on BeatHit game rank and track prominence.,"{""culture_category"":""video_game_music"",""video_game"":""TEKKEN 8"",""game_rank"":2980,""game_association_kind"":""khinsider_game_soundtrack"",""khinsider_album_url"":""https://downloads.khinsider.com/game-soundtracks/album/tekken-2009"",""khinsider_album_title"":""Tekken (tekken-2009)"",""khinsider_album_kind"":""unclassified_game_album"",""khinsider_album_match_score"":100.0,""relevance_score_100"":97.0,""popularity_score_100"":33.111215378665534,""score_100"":71.44448615146621,""popularity_basis"":""BeatHit master-list game rank plus track position proxy""}"
93,King (Movie),Unknown credited artist,[],Tekken (tekken-1995-ps1),,,"[""video game soundtrack""]","[""und""]",,,,TEKKEN 8,,,khinsider_track_prominence_proxy,32.90121537866553,score_0_100,,,,71.3604861514662,,,,https://downloads.khinsider.com/game-soundtracks/album/tekken-1995-ps1,2026-10-05,Track title is taken from KHInsider's soundtrack/gamerip album index. Popularity is an explicitly labelled proxy based on BeatHit game rank and track prominence.,"{""culture_category"":""video_game_music"",""video_game"":""TEKKEN 8"",""game_rank"":2980,""game_association_kind"":""khinsider_game_soundtrack"",""khinsider_album_url"":""https://downloads.khinsider.com/game-soundtracks/album/tekken-1995-ps1"",""khinsider_album_title"":""Tekken (tekken-1995-ps1)"",""khinsider_album_kind"":""unclassified_game_album"",""khinsider_album_match_score"":100.0,""relevance_score_100"":97.0,""popularity_score_100"":32.90121537866553,""score_100"":71.3604861514662,""popularity_basis"":""BeatHit master-list game rank plus track position proxy""}"
94,Law (Movie),Unknown credited artist,[],Tekken (tekken-1995-ps1),,,"[""video game soundtrack""]","[""und""]",,,,TEKKEN 8,,,khinsider_track_prominence_proxy,32.69121537866553,score_0_100,,,,71.2764861514662,,,,https://downloads.khinsider.com/game-soundtracks/album/tekken-1995-ps1,2026-10-05,Track title is taken from KHInsider's soundtrack/gamerip album index. Popularity is an explicitly labelled proxy based on BeatHit game rank and track prominence.,"{""culture_category"":""video_game_music"",""video_game"":""TEKKEN 8"",""game_rank"":2980,""game_association_kind"":""khinsider_game_soundtrack"",""khinsider_album_url"":""https://downloads.khinsider.com/game-soundtracks/album/tekken-1995-ps1"",""khinsider_album_title"":""Tekken (tekken-1995-ps1)"",""khinsider_album_kind"":""unclassified_game_album"",""khinsider_album_match_score"":100.0,""relevance_score_100"":97.0,""popularity_score_100"":32.69121537866553,""score_100"":71.2764861514662,""popularity_basis"":""BeatHit master-list game rank plus track position proxy""}"
95,Michelle (Movie),Unknown credited artist,[],Tekken (tekken-1995-ps1),,,"[""video game soundtrack""]","[""und""]",,,,TEKKEN 8,,,khinsider_track_prominence_proxy,32.48121537866553,score_0_100,,,,71.19248615146621,,,,https://downloads.khinsider.com/game-soundtracks/album/tekken-1995-ps1,2026-10-05,Track title is taken from KHInsider's soundtrack/gamerip album index. Popularity is an explicitly labelled proxy based on BeatHit game rank and track prominence.,"{""culture_category"":""video_game_music"",""video_game"":""TEKKEN 8"",""game_rank"":2980,""game_association_kind"":""khinsider_game_soundtrack"",""khinsider_album_url"":""https://downloads.khinsider.com/game-soundtracks/album/tekken-1995-ps1"",""khinsider_album_title"":""Tekken (tekken-1995-ps1)"",""khinsider_album_kind"":""unclassified_game_album"",""khinsider_album_match_score"":100.0,""relevance_score_100"":97.0,""popularity_score_100"":32.48121537866553,""score_100"":71.19248615146621,""popularity_basis"":""BeatHit master-list game rank plus track position proxy""}"
96,Nina (Movie),Unknown credited artist,[],Tekken (tekken-1995-ps1),,,"[""video game soundtrack""]","[""und""]",,,,TEKKEN 8,,,khinsider_track_prominence_proxy,32.27121537866553,score_0_100,,,,71.10848615146621,,,,https://downloads.khinsider.com/game-soundtracks/album/tekken-1995-ps1,2026-10-05,Track title is taken from KHInsider's soundtrack/gamerip album index. Popularity is an explicitly labelled proxy based on BeatHit game rank and track prominence.,"{""culture_category"":""video_game_music"",""video_game"":""TEKKEN 8"",""game_rank"":2980,""game_association_kind"":""khinsider_game_soundtrack"",""khinsider_album_url"":""https://downloads.khinsider.com/game-soundtracks/album/tekken-1995-ps1"",""khinsider_album_title"":""Tekken (tekken-1995-ps1)"",""khinsider_album_kind"":""unclassified_game_album"",""khinsider_album_match_score"":100.0,""relevance_score_100"":97.0,""popularity_score_100"":32.27121537866553,""score_100"":71.10848615146621,""popularity_basis"":""BeatHit master-list game rank plus track position proxy""}"
97,Ninja (Movie),Unknown credited artist,[],Tekken (tekken-1995-ps1),,,"[""video game soundtrack""]","[""und""]",,,,TEKKEN 8,,,khinsider_track_prominence_proxy,32.06121537866553,score_0_100,,,,71.0244861514662,,,,https://downloads.khinsider.com/game-soundtracks/album/tekken-1995-ps1,2026-10-05,Track title is taken from KHInsider's soundtrack/gamerip album index. Popularity is an explicitly labelled proxy based on BeatHit game rank and track prominence.,"{""culture_category"":""video_game_music"",""video_game"":""TEKKEN 8"",""game_rank"":2980,""game_association_kind"":""khinsider_game_soundtrack"",""khinsider_album_url"":""https://downloads.khinsider.com/game-soundtracks/album/tekken-1995-ps1"",""khinsider_album_title"":""Tekken (tekken-1995-ps1)"",""khinsider_album_kind"":""unclassified_game_album"",""khinsider_album_match_score"":100.0,""relevance_score_100"":97.0,""popularity_score_100"":32.06121537866553,""score_100"":71.0244861514662,""popularity_basis"":""BeatHit master-list game rank plus track position proxy""}"
98,Paul (Movie),Unknown credited artist,[],Tekken (tekken-1995-ps1),,,"[""video game soundtrack""]","[""und""]",,,,TEKKEN 8,,,khinsider_track_prominence_proxy,31.85121537866553,score_0_100,,,,70.9404861514662,,,,https://downloads.khinsider.com/game-soundtracks/album/tekken-1995-ps1,2026-10-05,Track title is taken from KHInsider's soundtrack/gamerip album index. Popularity is an explicitly labelled proxy based on BeatHit game rank and track prominence.,"{""culture_category"":""video_game_music"",""video_game"":""TEKKEN 8"",""game_rank"":2980,""game_association_kind"":""khinsider_game_soundtrack"",""khinsider_album_url"":""https://downloads.khinsider.com/game-soundtracks/album/tekken-1995-ps1"",""khinsider_album_title"":""Tekken (tekken-1995-ps1)"",""khinsider_album_kind"":""unclassified_game_album"",""khinsider_album_match_score"":100.0,""relevance_score_100"":97.0,""popularity_score_100"":31.85121537866553,""score_100"":70.9404861514662,""popularity_basis"":""BeatHit master-list game rank plus track position proxy""}"
